Aug 28 14:33:44.045021 mediaserverd(CoreMotion)[36] <Debug>: Ping timer fired, resetting watchdog
Aug 28 14:33:44.078075 nearbyd(CoreMotion)[157] <Debug>: Ping timer fired, resetting watchdog
Aug 28 14:33:44.137886 locationd[69] <Debug>: Ping timer fired, resetting watchdog
Aug 28 14:33:46.026850 SpringBoard(CoreMotion)[47602] <Debug>: Ping timer fired, resetting watchdog
Aug 28 14:33:46.471219 backboardd(CoreMotion)[65] <Debug>: Ping timer fired, resetting watchdog
Aug 28 14:33:46.735073 watchdogd[57] <Debug>: 1311674497397333: <private>
Aug 28 14:33:46.735589 watchdogd[57] <Info>: 1311674497979333: <private>
Aug 28 14:33:46.736426 watchdogd[57] <Debug>: 1311674498130666: <private>
Aug 28 14:33:46.737123 watchdogd[57] <Info>: 1311674498142125: <private>
Aug 28 14:33:46.738260 watchdogd[57] <Debug>: 1311674498265208: <private>
Aug 28 14:33:46.738650 watchdogd[57] <Debug>: 1311674499113000: <private>
Aug 28 14:33:46.739048 watchdogd[57] <Debug>: 1311674499503208: <private>
Aug 28 14:33:46.739485 watchdogd[57] <Debug>: 1311674499827208: <private>
Aug 28 14:33:46.740896 watchdogd[57] <Debug>: 1311674500125416: <private>
Aug 28 14:33:46.741278 watchdogd[57] <Debug>: 1311674500890875: <private>
Aug 28 14:33:46.741791 watchdogd[57] <Info>: 1311674500950291: <private>
Aug 28 14:33:46.742418 watchdogd[57] <Info>: 1311674500965208: <private>
Aug 28 14:33:46.742806 watchdogd[57] <Info>: 1311674500971291: <private>
Aug 28 14:33:46.743413 watchdogd[57] <Info>: 1311674500976250: <private>
Aug 28 14:33:46.743552 watchdogd[57] <Info>: 1311674500980625: <private>
Aug 28 14:33:46.743821 watchdogd[57] <Info>: 1311674500984666: <private>
Aug 28 14:33:46.743991 watchdogd[57] <Info>: 1311674500989000: <private>
Aug 28 14:33:46.744114 watchdogd[57] <Info>: 1311674500993041: <private>
Aug 28 14:33:46.870488 biometrickitd(CoreMotion)[109] <Debug>: Ping timer fired, resetting watchdog
Aug 28 14:33:49.043993 mediaserverd(CoreMotion)[36] <Debug>: Ping timer fired, resetting watchdog
Aug 28 14:33:49.081013 nearbyd(CoreMotion)[157] <Debug>: Ping timer fired, resetting watchdog
Aug 28 14:33:49.137726 locationd[69] <Debug>: Ping timer fired, resetting watchdog
Aug 28 14:33:51.026256 SpringBoard(CoreMotion)[47602] <Debug>: Ping timer fired, resetting watchdog
Aug 28 14:33:51.471319 backboardd(CoreMotion)[65] <Debug>: Ping timer fired, resetting watchdog
Aug 28 14:33:51.867726 biometrickitd(CoreMotion)[109] <Debug>: Ping timer fired, resetting watchdog
Aug 28 14:33:54.042933 mediaserverd(CoreMotion)[36] <Debug>: Ping timer fired, resetting watchdog
Aug 28 14:33:54.076395 nearbyd(CoreMotion)[157] <Debug>: Ping timer fired, resetting watchdog
Aug 28 14:33:54.137526 locationd[69] <Debug>: Ping timer fired, resetting watchdog
    <UITouch: 0x109d894c0> phase: Began tap count: 1 force: 0.000 window: <SBHomeScreenWindow: 0x1051b4220; HomeScreen-0x1051b4220-4; baseClass = UIWindow; frame = (0 0; 375 667); clipsToBounds = YES; opaque = NO; gestureRecognizers = <NSArray: 0x281278180>; layer = <UIWindowLayer: 0x281273180>> view: <SBIconView: 0x104917000; frame: {{114, 382}, {60, 74}}; icon: <SBApplicationIcon: 0x28337b880; nodeID: dev.selfhost.firstActivationProbe; bundleID: dev.selfhost.firstActivationProbe>; location: SBIconLocationRoot; isTouchDownInIcon: YES> location in window: {173.5, 432.5} previous location in window: {173.5, 432.5} location in view: {59.5, 50.5} previous location in view: {59.5, 50.5}
Aug 28 14:33:55.298153 SpringBoard(SplashBoard)[47602] <Info>: Loading image for <XBApplicationSnapshot: 0x109d3cb20; …A909693DA7E7> [dev.selfhost.firstActivationProbe]
Aug 28 14:33:55.299073 SpringBoard(SplashBoard)[47602] <Info>: <XBApplicationSnapshot: 0x109d3cb20; …A909693DA7E7> [dev.selfhost.firstActivationProbe] not purging the cached image; force: 0; _imageAccessCount: 0; _keepImageAccessUntilExpiration: 0; _hasProtectedContent: 0; _keepImageAccessForPreheat: 1
Aug 28 14:33:55.326332 SpringBoard(Security)[47602] <Debug>: open(/private/var/containers/Bundle/Application/1EC21BA9-82AA-4B85-B2FC-10B206BC5C35/Runner.app/Runner,0x0,0x1b6) = 35
Aug 28 14:33:55.326422 SpringBoard(Security)[47602] <Debug>: open(/private/var/containers/Bundle/Application/1EC21BA9-82AA-4B85-B2FC-10B206BC5C35/Runner.app/Runner,0x0,0x1b6) = 36
Aug 28 14:33:55.327133 SpringBoard(Security)[47602] <Debug>: 6151 signing bytes in 5 blob(s) from /private/var/containers/Bundle/Application/1EC21BA9-82AA-4B85-B2FC-10B206BC5C35/Runner.app/Runner(arm64)
Aug 28 14:33:55.336131 SpringBoard(Security)[47602] <Debug>: open(/private/var/containers/Bundle/Application/1EC21BA9-82AA-4B85-B2FC-10B206BC5C35/Runner.app/Info.plist,0x0,0x1b6) = 35
Aug 28 14:33:55.337722 SpringBoard(Security)[47602] <Debug>: 0x10a1f05a8 done serializing <?xml version="1.0" encoding="UTF-8"?><!DOCTYPE plist PUBLIC "-//Apple//DTD PLIST 1.0//EN" "https://www.apple.com/DTDs/PropertyList-1.0.dtd"><plist version="1.0"><dict><key>application-identifier</key><string>SK85S6YZP9.dev.selfhost.firstActivationProbe</string><key>com.apple.developer.team-identifier</key><string>SK85S6YZP9</string><key>get-task-allow</key><true/></dict></plist>
        <SBLayoutElement: 0x2808feec0; uniqueIdentifier: sceneID:dev.selfhost.firstActivationProbe-default; layoutRole: primary> {
            SBLayoutRolePrimary = <SBDeviceApplicationSceneEntity: 0x283e43ac0; ID: sceneID:dev.selfhost.firstActivationProbe-default; layoutRole: primary> {
                        fromIconWithLeafIdentifier = dev.selfhost.firstActivationProbe;
Aug 28 14:33:55.403024 SpringBoard(FrontBoard)[47602] <Notice>: Asked to bootstrap a new process with identity: application<dev.selfhost.firstActivationProbe>
Aug 28 14:33:55.403156 SpringBoard(FrontBoard)[47602] <Notice>: Creating process (sync=true) with identity: application<dev.selfhost.firstActivationProbe>
Aug 28 14:33:55.403529 SpringBoard(FrontBoard)[47602] <Notice>: Created <FBWorkspace: 0x282a73d30; application<dev.selfhost.firstActivationProbe>>
Aug 28 14:33:55.403686 SpringBoard(FrontBoard)[47602] <Notice>: Bootstrapping application<dev.selfhost.firstActivationProbe> with intent foreground-interactive
Aug 28 14:33:55.421830 SpringBoard(RunningBoardServices)[47602] <Info>: Sending launch request: <RBSLaunchRequest| application<dev.selfhost.firstActivationProbe>; "FBApplicationProcess">
Aug 28 14:33:55.449518 runningboardd(RunningBoard)[33] <Notice>: Acquiring assertion targeting application<dev.selfhost.firstActivationProbe> from originator [daemon<com.apple.SpringBoard>:47602] with description <RBSAssertionDescriptor| "FBApplicationProcess" ID:33-47602-7869 target:application<dev.selfhost.firstActivationProbe> attributes:[
	<RBSDomainAttribute| domain:"com.apple.frontboard" name:"Bootstrap-Foreground" sourceEnvironment:"(null)">,
Aug 28 14:33:55.449594 runningboardd(RunningBoard)[33] <Notice>: Assertion 33-47602-7869 (target:application<dev.selfhost.firstActivationProbe>) will be created as active
Aug 28 14:33:55.449734 runningboardd(RunningBoard)[33] <Notice>: Executing launch request for application<dev.selfhost.firstActivationProbe> (FBApplicationProcess)
Aug 28 14:33:55.450617 runningboardd(RunningBoard)[33] <Notice>: Creating and launching job for: application<dev.selfhost.firstActivationProbe>
Aug 28 14:33:55.450669 runningboardd(RunningBoard)[33] <Notice>: _mutateContextIfNeeded called for dev.selfhost.firstActivationProbe
        <SBLayoutElement: 0x2808feec0; uniqueIdentifier: sceneID:dev.selfhost.firstActivationProbe-default; layoutRole: primary> {
Aug 28 14:33:55.462123 SpringBoard(SplashBoard)[47602] <Info>: Loading image for <XBApplicationSnapshot: 0x109ddf7d0; …2F3B89D0D3F1> [dev.selfhost.firstActivationProbe]
Aug 28 14:33:55.462260 SpringBoard(SplashBoard)[47602] <Info>: <XBApplicationSnapshot: 0x109ddf7d0; …2F3B89D0D3F1> [dev.selfhost.firstActivationProbe] not purging the cached image; force: 0; _imageAccessCount: 2; _keepImageAccessUntilExpiration: 0; _hasProtectedContent: 0; _keepImageAccessForPreheat: 0
Aug 28 14:33:55.462877 runningboardd(RunningBoard)[33] <Info>: No personas found for bundle identifier: dev.selfhost.firstActivationProbe
Aug 28 14:33:55.462998 runningboardd(RunningBoard)[33] <Debug>: BEGIN suppressing state updates for application<dev.selfhost.firstActivationProbe>
Aug 28 14:33:55.463053 runningboardd(RunningBoard)[33] <Debug>: Incrementing suppression state to 1 for application<dev.selfhost.firstActivationProbe>
Aug 28 14:33:55.463157 SpringBoard[47602] <Info>: attempted to activate overlay for dev.selfhost.firstActivationProbe, exiting early because app is not blocked
<SBTransitionSwitcherModifierEvent: 0x282169000; type: MainTransition; transitionID: BE77132A-3FB0-408D-A05F-DBC17E0887F9; phase: Prepare; animated: YES; fromAppLayout: 0x0; toAppLayout: <SBAppLayout: 0x2808ffe80; primary: dev.selfhost.firstActivationProbe:default; environment: main>; fromEnvironmentMode: home-screen; toEnvironmentMode: application; pendingTermination: {(
)}; activating: <SBAppLayout: 0x2808ffe80; primary: dev.selfhost.firstActivationProbe:default; environment: main>; dosidoTransitionDirection: 0>
	    <SBIconOverlayVisibilitySwitcherEventResponse: 0x28089a940; visible: YES; appLayout: <SBAppLayout: 0x2808ffe80; primary: dev.selfhost.firstActivationProbe:default; environment: main>>;
	    <SBIconViewVisibilitySwitcherEventResponse: 0x283e82bc0; visible: NO; animationSettings: 0x0; appLayout: <SBAppLayout: 0x2808ffe80; primary: dev.selfhost.firstActivationProbe:default; environment: main>>;
    bundleIdentifier = dev.selfhost.firstActivationProbe;
    uniqueIdentifier = sceneID:dev.selfhost.firstActivationProbe-default;
Aug 28 14:33:55.467265 runningboardd(RunningBoard)[33] <Info>: _requestedJetsamPriority = 3, _executablePath = /var/containers/Bundle/Application/1EC21BA9-82AA-4B85-B2FC-10B206BC5C35/Runner.app/Runner
Aug 28 14:33:55.467378 runningboardd(RunningBoard)[33] <Info>: _doesOverrideManagement = 1, _overrideManageFlags = 255, _underlyingAssertion = (null), _variableEUID = 0, _specifiedIdenity = application<dev.selfhost.firstActivationProbe> _beforeTranslocationBundlePath = (null), _disableFreezing = 0
Aug 28 14:33:55.469082 cfprefsd(CoreFoundation)[91] <Debug>: Process 58089 (Runner) sent a request related to { com.apple.UIKit, user: mobile, kCFPreferencesCurrentHost, /Library/Managed Preferences/mobile/com.apple.UIKit.plist, managed: 1 } (0x10183db90)
Aug 28 14:33:55.470690 cfprefsd(CoreFoundation)[91] <Debug>: Process 58089 (Runner) sent a request related to { com.apple.UIKit, user: kCFPreferencesAnyUser, kCFPreferencesCurrentHost, /Library/Managed Preferences/com.apple.UIKit.plist, managed: 1 } (0x101857bd0)
Aug 28 14:33:55.470798 cfprefsd(CoreFoundation)[91] <Debug>: Process 58089 (Runner) sent a request related to { com.apple.UIKit, user: mobile, kCFPreferencesAnyHost, /var/mobile/Library/Preferences/com.apple.UIKit.plist, managed: 0 } (0x100317d00)
Aug 28 14:33:55.470858 cfprefsd(CoreFoundation)[91] <Debug>: Process 58089 (Runner) read data for { com.apple.UIKit, mobile, kCFPreferencesAnyHost, /var/mobile/Library/Preferences/com.apple.UIKit.plist, managed: 0 }, backed by /private/var/mobile/Library/Preferences/com.apple.UIKit.plist
Aug 28 14:33:55.471888 cfprefsd(CoreFoundation)[91] <Debug>: Process 58089 (Runner) sent a request related to { kCFPreferencesAnyApplication, user: mobile, kCFPreferencesCurrentHost, /Library/Managed Preferences/mobile/.GlobalPreferences.plist, managed: 1 } (0x10030c020)
Aug 28 14:33:55.471958 cfprefsd(CoreFoundation)[91] <Debug>: Process 58089 (Runner) read data for { kCFPreferencesAnyApplication, mobile, kCFPreferencesCurrentHost, /Library/Managed Preferences/mobile/.GlobalPreferences.plist, managed: 1 }, backed by /private/var/Managed Preferences/mobile/.GlobalPreferences.plist
Aug 28 14:33:55.472060 cfprefsd(CoreFoundation)[91] <Debug>: Process 58089 (Runner) sent a request related to { kCFPreferencesAnyApplication, user: mobile, kCFPreferencesAnyHost, /var/mobile/Library/Preferences/.GlobalPreferences.plist, managed: 0 } (0x10030c3f0)
Aug 28 14:33:55.472863 cfprefsd(CoreFoundation)[91] <Debug>: Process 58089 (Runner) read data for { kCFPreferencesAnyApplication, mobile, kCFPreferencesAnyHost, /var/mobile/Library/Preferences/.GlobalPreferences.plist, managed: 0 }, backed by /private/var/mobile/Library/Preferences/.GlobalPreferences.plist
Aug 28 14:33:55.473256 cfprefsd(CoreFoundation)[91] <Debug>: Process 58089 (Runner) sent a request related to { com.apple.UIKit, user: kCFPreferencesAnyUser, kCFPreferencesCurrentHost, /var/preferences/com.apple.UIKit.plist, managed: 0 } (0x1003679d0)
Aug 28 14:33:55.474514 runningboardd(RunningBoard)[33] <Notice>: [application<dev.selfhost.firstActivationProbe>:58089] This process will be managed.
Aug 28 14:33:55.477753 runningboardd(RunningBoard)[33] <Notice>: Now tracking process: [application<dev.selfhost.firstActivationProbe>:58089]
Aug 28 14:33:55.478062 runningboardd(RunningBoard)[33] <Notice>: Using default underlying assertion for app: [application<dev.selfhost.firstActivationProbe>:58089]
Aug 28 14:33:55.478664 runningboardd(RunningBoard)[33] <Notice>: Acquiring assertion targeting [application<dev.selfhost.firstActivationProbe>:58089] from originator [application<dev.selfhost.firstActivationProbe>:58089] with description <RBSAssertionDescriptor| "RB Underlying Assertion" ID:33-33-7870 target:58089 attributes:[
Aug 28 14:33:55.479415 runningboardd(RunningBoard)[33] <Notice>: Assertion 33-33-7870 (target:[application<dev.selfhost.firstActivationProbe>:58089]) will be created as active
Aug 28 14:33:55.479468 runningboardd(RunningBoard)[33] <Debug>: Adding assertion 33-47602-7869 (target:application<dev.selfhost.firstActivationProbe>)
Aug 28 14:33:55.479649 Runner(CoreFoundation)[58089] <Debug>: Using ~iphone resources
Aug 28 14:33:55.479727 Runner(CoreFoundation)[58089] <Debug>: CFPrefsManagedSource<0x281467100> (Domain: com.apple.UIKit, User: kCFPreferencesCurrentUser, ByHost: Yes, Container: (null), Contents Need Refresh: No) loaded: an empty base plist and no additional changes from the base plist
Aug 28 14:33:55.481454 runningboardd(RunningBoard)[33] <Info>: application<dev.selfhost.firstActivationProbe> is now targeted by 1 assertions
Aug 28 14:33:55.481666 runningboardd(RunningBoard)[33] <Debug>: Adding assertion 33-33-7870 (target:[application<dev.selfhost.firstActivationProbe>:58089])
Aug 28 14:33:55.481718 Runner(CoreFoundation)[58089] <Debug>: CFPrefsManagedSource<0x281467200> (Domain: com.apple.UIKit, User: kCFPreferencesAnyUser, ByHost: Yes, Container: (null), Contents Need Refresh: No) loaded: an empty base plist and no additional changes from the base plist
Aug 28 14:33:55.481756 Runner(CoreFoundation)[58089] <Debug>: CFPrefsPlistSource<0x281466f80> (Domain: com.apple.UIKit, User: kCFPreferencesCurrentUser, ByHost: No, Container: (null), Contents Need Refresh: No) loaded: a new base plist and no additional changes from the base plist
Aug 28 14:33:55.482109 cfprefsd(CoreFoundation)[91] <Debug>: Process 58089 (Runner) sent a request related to { kCFPreferencesAnyApplication, user: kCFPreferencesAnyUser, kCFPreferencesCurrentHost, /var/preferences/.GlobalPreferences.plist, managed: 0 } (0x100316b90)
Aug 28 14:33:55.482147 cfprefsd(CoreFoundation)[91] <Debug>: Process 58089 (Runner) sent a request related to { dev.selfhost.firstActivationProbe, user: mobile, kCFPreferencesCurrentHost, /Library/Managed Preferences/mobile/dev.selfhost.firstActivationProbe.plist, managed: 1 } (0x101812d60)
Aug 28 14:33:55.482185 cfprefsd(CoreFoundation)[91] <Debug>: Process 58089 (Runner) sent a request related to { dev.selfhost.firstActivationProbe, user: kCFPreferencesAnyUser, kCFPreferencesCurrentHost, /Library/Managed Preferences/dev.selfhost.firstActivationProbe.plist, managed: 1 } (0x101812d60)
Aug 28 14:33:55.482277 Runner(CoreFoundation)[58089] <Debug>: CFPrefsManagedSource<0x281464680> (Domain: kCFPreferencesAnyApplication, User: kCFPreferencesCurrentUser, ByHost: Yes, Container: (null), Contents Need Refresh: No) loaded: a new base plist and no additional changes from the base plist
Aug 28 14:33:55.482306 Runner(CoreFoundation)[58089] <Debug>: CFPrefsPlistSource<0x281467380> (Domain: kCFPreferencesAnyApplication, User: kCFPreferencesCurrentUser, ByHost: No, Container: (null), Contents Need Refresh: No) loaded: a new base plist and no additional changes from the base plist
Aug 28 14:33:55.482333 Runner(CoreFoundation)[58089] <Debug>: CFPrefsPlistSource<0x281464980> (Domain: com.apple.UIKit, User: kCFPreferencesAnyUser, ByHost: Yes, Container: (null), Contents Need Refresh: No) loaded: an empty base plist and no additional changes from the base plist
Aug 28 14:33:55.482379 Runner(CoreFoundation)[58089] <Debug>: CFPrefsPlistSource<0x281464e00> (Domain: kCFPreferencesAnyApplication, User: kCFPreferencesAnyUser, ByHost: Yes, Container: (null), Contents Need Refresh: No) loaded: an empty base plist and no additional changes from the base plist
Aug 28 14:33:55.482410 Runner(CoreFoundation)[58089] <Debug>: found no value for key LogHIDEventFiltered in CFPrefsSearchListSource<0x281466c80> (Domain: com.apple.UIKit, Container: (null))
Aug 28 14:33:55.482436 Runner(CoreFoundation)[58089] <Debug>: found no value for key LogHIDEventIncoming in CFPrefsSearchListSource<0x281466c80> (Domain: com.apple.UIKit, Container: (null))
Aug 28 14:33:55.482595 Runner(libMobileGestalt.dylib)[58089] <Notice>: Cache loaded with 4896 pre-cached in CacheData and 49 items in CacheExtra.
Aug 28 14:33:55.482638 Runner(CoreFoundation)[58089] <Debug>: found no value for key LogApplication in CFPrefsSearchListSource<0x281466c80> (Domain: com.apple.UIKit, Container: (null))
Aug 28 14:33:55.482678 Runner(UIKitCore)[58089] <Notice>: Deactivation reason added: 10; deactivation reasons: 0 -> 1024; animating application lifecycle event: 0
Aug 28 14:33:55.482712 Runner(RunningBoardServices)[58089] <Notice>: Initializing connection
Aug 28 14:33:55.482739 Runner(RunningBoardServices)[58089] <Notice>: Removing all cached process handles
Aug 28 14:33:55.482757 Runner(BoardServices)[58089] <Notice>: activating monitor for service com.apple.frontboard.open
Aug 28 14:33:55.482828 runningboardd(RunningBoard)[33] <Info>: application<dev.selfhost.firstActivationProbe> is now targeted by 2 assertions
Aug 28 14:33:55.482871 runningboardd(RunningBoard)[33] <Info>: [application<dev.selfhost.firstActivationProbe>:58089] Applying updated state
Aug 28 14:33:55.482891 runningboardd(RunningBoard)[33] <Notice>: [application<dev.selfhost.firstActivationProbe>:58089] Set jetsam priority to 10 [0] flag[1]
Aug 28 14:33:55.483052 Runner(CoreFoundation)[58089] <Debug>: CFPrefsManagedSource<0x281461300> (Domain: dev.selfhost.firstActivationProbe, User: kCFPreferencesCurrentUser, ByHost: Yes, Container: (null), Contents Need Refresh: No) loaded: an empty base plist and no additional changes from the base plist
Aug 28 14:33:55.483070 Runner(CoreFoundation)[58089] <Debug>: CFPrefsManagedSource<0x281461380> (Domain: dev.selfhost.firstActivationProbe, User: kCFPreferencesAnyUser, ByHost: Yes, Container: (null), Contents Need Refresh: No) loaded: an empty base plist and no additional changes from the base plist
Aug 28 14:33:55.483088 Runner(BoardServices)[58089] <Notice>: activating monitor for service com.apple.frontboard.workspace-service
Aug 28 14:33:55.483106 Runner(CoreFoundation)[58089] <Debug>: CFPrefsPlistSource<0x281461280> (Domain: dev.selfhost.firstActivationProbe, User: kCFPreferencesCurrentUser, ByHost: No, Container: (null), Contents Need Refresh: No) loaded: an empty base plist and no additional changes from the base plist
Aug 28 14:33:55.483147 Runner(CoreFoundation)[58089] <Debug>: CFPrefsPlistSource<0x281467300> (Domain: dev.selfhost.firstActivationProbe, User: kCFPreferencesAnyUser, ByHost: Yes, Container: (null), Contents Need Refresh: No) loaded: an empty base plist and no additional changes from the base plist
Aug 28 14:33:55.483180 Runner(FrontBoardServices)[58089] <Notice>: FBSWorkspace connecting to endpoint : <private>
Aug 28 14:33:55.483276 SpringBoard(FrontBoard)[47602] <Notice>: [application<dev.selfhost.firstActivationProbe>:-1] Bootstrap success!
Aug 28 14:33:55.483317 SpringBoard(BaseBoard)[47602] <Debug>:  *|machport|* <BSMachPortTaskNameRight: 0x28089de00; usable: YES; (47602:57bb:send task_name_for_pid:Runner.58089)> -> (<NSThread: 0x2808e2040>{number = 1279, name = (null)}) (
Aug 28 14:33:55.483411 Runner(FrontBoardServices)[58089] <Notice>: FBSWorkspace registering source: <private>
Aug 28 14:33:55.483465 Runner(CoreFoundation)[58089] <Debug>: looked up value <private> for key AppleLanguages in CFPrefsPlistSource<0x281467380> (Domain: kCFPreferencesAnyApplication, User: kCFPreferencesCurrentUser, ByHost: No, Container: (null), Contents Need Refresh: No) via CFPrefsSearchListSource<0x281461200> (Domain: dev.selfhost.firstActivationProbe, Container: (null))
Aug 28 14:33:55.483527 Runner(CoreFoundation)[58089] <Debug>: setting new value <private> for key <private> in CFPrefsSource<0x282f65840> (Domain: Volatile, User: , ByHost: No, Container: , Contents Need Refresh: No)
Aug 28 14:33:55.484402 Runner(CoreFoundation)[58089] <Debug>: setting new value <private> for key <private> in CFPrefsSource<0x282f65840> (Domain: Volatile, User: , ByHost: No, Container: , Contents Need Refresh: No)
Aug 28 14:33:55.484477 Runner(CoreFoundation)[58089] <Debug>: setting new value <private> for key <private> in CFPrefsSource<0x282f65840> (Domain: Volatile, User: , ByHost: No, Container: , Contents Need Refresh: No)
Aug 28 14:33:55.484551 Runner(FrontBoardServices)[58089] <Notice>: FBSWorkspace connected to endpoint : <private>
Aug 28 14:33:55.485413 SpringBoard(BaseBoard)[47602] <Debug>:  *|machport|* <BSMachPortTaskNameRight: 0x280881a40; usable: YES; (47602:57bb:send task_name_for_pid:Runner.58089)> -> (<NSThread: 0x2808e1a00>{number = 1280, name = (null)}) (
Aug 28 14:33:55.485730 backboardd(IOKit)[65] <Notice>: Connection added: IOHIDEventSystemConnection uuid:8FB88D5F-EA5C-48C0-AA30-103327E805D9 pid:58089 process:Runner type:Passive entitlements:0x0 caller:BackBoardServices: <redacted> + 336 attributes:{
    bundleID = "dev.selfhost.firstActivationProbe";
Aug 28 14:33:55.487241 backboardd(BackBoardHIDEventFoundation)[65] <Debug>: Got a client addition callback: IOHIDEventSystemConnection uuid:8FB88D5F-EA5C-48C0-AA30-103327E805D9 pid:58089 process:Runner type:Passive entitlements:0x0 caller:BackBoardServices: <redacted> + 336 attributes:{
    bundleID = "dev.selfhost.firstActivationProbe";
Aug 28 14:33:55.487382 backboardd(BackBoardHIDEventFoundation)[65] <Info>: HID connection vpid:58089(v7346B) bundleID:dev.selfhost.firstActivationProbe successfully initialized: IOHIDEventSystemConnection uuid:8FB88D5F-EA5C-48C0-AA30-103327E805D9 pid:58089 process:Runner type:Passive entitlements:0x0 caller:BackBoardServices: <redacted> + 336 attributes:{
    bundleID = "dev.selfhost.firstActivationProbe";
Aug 28 14:33:55.487446 backboardd(BackBoardHIDEventFoundation)[65] <Notice>: Adding client connection: <BKHIDClientConnection: 0x1026e1460; IOHIDEventSystemConnectionRef: 0x108ee7b70; vpid: 58089(v7346B); taskPort: 0x49237; bundleID: dev.selfhost.firstActivationProbe> for client: IOHIDEventSystemConnection uuid:8FB88D5F-EA5C-48C0-AA30-103327E805D9 pid:58089 process:Runner type:Passive entitlements:0x0 caller:BackBoardServices: <redacted> + 336 attributes:{
    bundleID = "dev.selfhost.firstActivationProbe";
<SBTransitionSwitcherModifierEvent: 0x28216b200; type: MainTransition; transitionID: BE77132A-3FB0-408D-A05F-DBC17E0887F9; phase: Animate; animated: YES; fromAppLayout: 0x0; toAppLayout: <SBAppLayout: 0x2808ffe80; primary: dev.selfhost.firstActivationProbe:default; environment: main>; fromEnvironmentMode: home-screen; toEnvironmentMode: application; pendingTermination: {(
)}; activating: <SBAppLayout: 0x2808ffe80; primary: dev.selfhost.firstActivationProbe:default; environment: main>; dosidoTransitionDirection: 0>
Aug 28 14:33:55.497026 runningboardd(RunningBoard)[33] <Debug>: SUPPRESSING state update for application<dev.selfhost.firstActivationProbe>: <RBSProcessState| task:none debug:none terminationResistance:None endowments:[
	<RBSProcessAssertionInfo| type:2 reason:10000 name:"Domain" domain:"com.apple.frontboard:Bootstrap-Foreground,com.apple.frontboard:Visibility" expl:"FBApplicationProcess">
Aug 28 14:33:55.497093 runningboardd(RunningBoard)[33] <Debug>: Incrementing suppression state to 2 for application<dev.selfhost.firstActivationProbe>
Aug 28 14:33:55.497149 runningboardd(RunningBoard)[33] <Notice>: Calculated state for application<dev.selfhost.firstActivationProbe>: running-active (role: UserInteractiveFocal)
Aug 28 14:33:55.497210 runningboardd(RunningBoard)[33] <Debug>: Sending state update for application<dev.selfhost.firstActivationProbe>: <RBSProcessState| task:running-active debug:none terminationResistance:Interactive endowments:[
	<RBSProcessAssertionInfo| type:2 reason:10000 name:"Domain" domain:"com.apple.frontboard:Bootstrap-Foreground,com.apple.frontboard:Visibility" expl:"FBApplicationProcess">
Aug 28 14:33:55.497265 runningboardd(RunningBoard)[33] <Debug>: [daemon<com.apple.SpringBoard>:47602] query resolved to [application<dev.selfhost.firstActivationProbe>:58089]
Aug 28 14:33:55.500384 SpringBoard(FrontBoard)[47602] <Notice>: Asked to bootstrap a new process for handle: [application<dev.selfhost.firstActivationProbe>:58089]
Aug 28 14:33:55.500615 runningboardd(RunningBoard)[33] <Debug>: Incrementing suppression state to 3 for application<dev.selfhost.firstActivationProbe>
Aug 28 14:33:55.500671 runningboardd(RunningBoard)[33] <Info>: Ignoring insignificant state update for application<dev.selfhost.firstActivationProbe>
Aug 28 14:33:55.500725 runningboardd(RunningBoard)[33] <Notice>: Calculated state for application<dev.selfhost.firstActivationProbe>: running-active (role: UserInteractiveFocal)
Aug 28 14:33:55.500784 runningboardd(RunningBoard)[33] <Debug>: SUPPRESSING state update for application<dev.selfhost.firstActivationProbe>: <RBSProcessState| task:running-active debug:none terminationResistance:Interactive endowments:[
	<RBSProcessAssertionInfo| type:2 reason:10000 name:"Domain" domain:"com.apple.frontboard:Bootstrap-Foreground,com.apple.frontboard:Visibility" expl:"FBApplicationProcess">,
Aug 28 14:33:55.500837 SpringBoard(FrontBoard)[47602] <Notice>: A pending process already exists for this handle: <FBApplicationProcess: 0x11492cf70; application<dev.selfhost.firstActivationProbe>:58089(v7346B)>
Aug 28 14:33:55.501134 SpringBoard(FrontBoard)[47602] <Notice>: [application<dev.selfhost.firstActivationProbe>:58089] Setting process task state to: Running
Aug 28 14:33:55.501243 SpringBoard(FrontBoard)[47602] <Notice>: [application<dev.selfhost.firstActivationProbe>:58089] Setting process visibility to: Foreground
Aug 28 14:33:55.504161 kernel(Sandbox)[0] <Notice>: /private/var/containers/Bundle/Application/1EC21BA9-82AA-4B85-B2FC-10B206BC5C35/Runner.app/Runner[58089] ==> container
Aug 28 14:33:55.504211 kernel(Sandbox)[0] <Error>: Sandbox: Runner(58089) deny(2) file-test-existence /private/etc/.mdns_debug
Aug 28 14:33:55.514385 runningboardd(RunningBoard)[33] <Debug>: Decrementing suppression state to 2 for application<dev.selfhost.firstActivationProbe>
Aug 28 14:33:55.514607 runningboardd(RunningBoard)[33] <Debug>: Sending state 0x1010d0d80 for application<dev.selfhost.firstActivationProbe> to [daemon<com.apple.SpringBoard>:47602]
Aug 28 14:33:55.514702 runningboardd(RunningBoard)[33] <Info>: Finished acquiring assertion 33-47602-7869 (target:application<dev.selfhost.firstActivationProbe>)
Aug 28 14:33:55.514763 runningboardd(RunningBoard)[33] <Info>: Finished acquiring assertion 33-33-7870 (target:[application<dev.selfhost.firstActivationProbe>:58089])
Aug 28 14:33:55.514834 runningboardd(RunningBoard)[33] <Notice>: [application<dev.selfhost.firstActivationProbe>:58089] Resuming task.
Aug 28 14:33:55.514954 runningboardd(RunningBoard)[33] <Notice>: Successfully acquired underlying assertion for [application<dev.selfhost.firstActivationProbe>:58089]
Aug 28 14:33:55.516022 runningboardd(RunningBoard)[33] <Debug>: Decrementing suppression state to 1 for application<dev.selfhost.firstActivationProbe>
Aug 28 14:33:55.516097 runningboardd(RunningBoard)[33] <Notice>: [application<dev.selfhost.firstActivationProbe>:58089] Set darwin role to: UserInteractiveFocal
Aug 28 14:33:55.516157 runningboardd(RunningBoard)[33] <Debug>: Updating events for assertion: 33-47602-7869 (target:application<dev.selfhost.firstActivationProbe>)
Aug 28 14:33:55.516654 runningboardd(RunningBoard)[33] <Debug>: Sending state 0x1010d0d80 for application<dev.selfhost.firstActivationProbe> to [daemon<com.apple.mediaserverd>:36]
Aug 28 14:33:55.516913 runningboardd(RunningBoard)[33] <Debug>: Removing events for context: 33-47602-7869 (target:application<dev.selfhost.firstActivationProbe>)
Aug 28 14:33:55.517127 runningboardd(RunningBoard)[33] <Debug>: Sending state 0x1010d0d80 for application<dev.selfhost.firstActivationProbe> to [daemon<com.apple.symptomsd>:170]
Aug 28 14:33:55.517219 runningboardd(RunningBoard)[33] <Info>: Received message from [application<dev.selfhost.firstActivationProbe>:58089] (euid 501, auid 501): handshakeWithRequest:
Aug 28 14:33:55.517322 runningboardd(RunningBoard)[33] <Info>: [application<dev.selfhost.firstActivationProbe>:58089] Disabled CPU monitoring
Aug 28 14:33:55.517477 runningboardd(RunningBoard)[33] <Debug>: Enqueueing events for assertion: 33-47602-7869 (target:application<dev.selfhost.firstActivationProbe>)
Aug 28 14:33:55.517818 SpringBoard(FrontBoard)[47602] <Notice>: [application<dev.selfhost.firstActivationProbe>:58089] Registering event dispatcher at connect
Aug 28 14:33:55.517862 SpringBoard(FrontBoardServices)[47602] <Info>: [application<dev.selfhost.firstActivationProbe>:58089] [realTime] Now monitoring resource allowance of 20.00s (at refreshInterval -1.00s)
Aug 28 14:33:55.517959 SpringBoard(FrontBoard)[47602] <Info>: Registering workspace for processHandle: [application<dev.selfhost.firstActivationProbe>:58089]
Aug 28 14:33:55.518040 runningboardd(RunningBoard)[33] <Notice>: Setting client for [application<dev.selfhost.firstActivationProbe>:58089] as ready
Aug 28 14:33:55.518075 runningboardd(RunningBoard)[33] <Info>: [application<dev.selfhost.firstActivationProbe>:58089] Reset CPU monitoring limits to defaults
Aug 28 14:33:55.518104 runningboardd(RunningBoard)[33] <Debug>: Updating events for assertion: 33-33-7870 (target:[application<dev.selfhost.firstActivationProbe>:58089])
Aug 28 14:33:55.518123 runningboardd(RunningBoard)[33] <Info>: [application<dev.selfhost.firstActivationProbe>:58089] Resumed CPU monitoring
Aug 28 14:33:55.518142 runningboardd(RunningBoard)[33] <Debug>: Removing events for context: 33-33-7870 (target:[application<dev.selfhost.firstActivationProbe>:58089])
Aug 28 14:33:55.518178 runningboardd(RunningBoard)[33] <Info>: [application<dev.selfhost.firstActivationProbe>:58089] Applying updated state
Aug 28 14:33:55.518247 SpringBoard(FrontBoard)[47602] <Notice>: [application<dev.selfhost.firstActivationProbe>:58089] Initial launch assertion state: ForegroundFocal.
Aug 28 14:33:55.518840 SpringBoard(FrontBoard)[47602] <Notice>: Adding: <FBApplicationProcess: 0x11492cf70; application<dev.selfhost.firstActivationProbe>:58089(v7346B)>
Aug 28 14:33:55.519027 SpringBoard(FrontBoard)[47602] <Info>: FBWorkspaceDomain: Assigning new workspace connection to workspace (0x282a73d30) owned by process: <FBApplicationProcess: 0x11492cf70; application<dev.selfhost.firstActivationProbe>:58089(v7346B)>
Aug 28 14:33:55.519085 SpringBoard(FrontBoard)[47602] <Notice>: [application<dev.selfhost.firstActivationProbe>:58089] Connection established.
Aug 28 14:33:55.565249 SpringBoard(FrontBoard)[47602] <Notice>: change foreground process from list:<FBApplicationProcess: 0x11492cf70; application<dev.selfhost.firstActivationProbe>:58089(v7346B)>
Aug 28 14:33:55.565316 SpringBoard(FrontBoard)[47602] <Info>: Setting BKSEventFocusManager's foreground app to: <FBApplicationProcess: 0x11492cf70; application<dev.selfhost.firstActivationProbe>:58089(v7346B)>
Aug 28 14:33:55.565409 SpringBoard(FrontBoard)[47602] <Notice>: [application<dev.selfhost.firstActivationProbe>:58089] Connection to remote process established!
Aug 28 14:33:55.566748 SpringBoard(FrontBoardServices)[47602] <Info>: [application<dev.selfhost.firstActivationProbe>:58089] [realTime] Stopped monitoring.
Aug 28 14:33:55.567189 SpringBoard(FrontBoardServices)[47602] <Debug>: [application<dev.selfhost.firstActivationProbe>:58089] [realTime] Updated resource consumption: 0.006s (0.03%)
Aug 28 14:33:55.567308 SpringBoard(FrontBoard)[47602] <Info>: [application<dev.selfhost.firstActivationProbe>:58089] Provision <FBSProcessResourceProvision: 0x282f20630; allowance: <; FBSProcessResourceAllowance; type: realTime; timeValue: 20.0s>> has remainder <FBSProcessResourceProvision: 0x282f3fd50; allowance: <; FBSProcessResourceAllowance; type: realTime; timeValue: 19.99s>>
Aug 28 14:33:55.567350 SpringBoard(FrontBoard)[47602] <Info>: [application<dev.selfhost.firstActivationProbe>:58089] Made scene-create policy: <FBSProcessWatchdogPolicy: 0x281c372a0; name: "scene create after launch"> {
Aug 28 14:33:55.567400 SpringBoard(FrontBoardServices)[47602] <Debug>: [application<dev.selfhost.firstActivationProbe>:58089] Invalidating <FBProcessWatchdog: 0x283e97750; name: process-launch; time: 20.0s>
Aug 28 14:33:55.567676 SpringBoard(FrontBoardServices)[47602] <Debug>: [application<dev.selfhost.firstActivationProbe>:58089] [realTime] Invalidated
Aug 28 14:33:55.581581 Runner(RunningBoardServices)[58089] <Notice>: Added observer for process assertions expiration warning: <_RBSExpirationWarningClient: 0x283a62100>
Aug 28 14:33:55.583081 Runner(RunningBoardServices)[58089] <Notice>: Sending handshake request attempt #1 to server
Aug 28 14:33:55.583190 Runner(RunningBoardServices)[58089] <Notice>: Creating connection to com.apple.runningboard
Aug 28 14:33:55.583255 Runner(CoreFoundation)[58089] <Debug>: found no value for key UIScreenIsCapturedValue in CFPrefsSearchListSource<0x281466c80> (Domain: com.apple.UIKit, Container: (null))
Aug 28 14:33:55.583318 Runner(CoreFoundation)[58089] <Debug>: looked up value <private> for key AppleLanguages in CFPrefsPlistSource<0x281467380> (Domain: kCFPreferencesAnyApplication, User: kCFPreferencesCurrentUser, ByHost: No, Container: (null), Contents Need Refresh: No) via CFPrefsSearchListSource<0x281461200> (Domain: dev.selfhost.firstActivationProbe, Container: (null))
Aug 28 14:33:55.583383 Runner(CoreFoundation)[58089] <Debug>: Language lookup at <private>
Aug 28 14:33:55.583903 Runner(CoreFoundation)[58089] <Debug>: Resource lookup at <private>
Aug 28 14:33:55.583986 Runner(CoreFoundation)[58089] <Debug>: found no value for key _UIEnableLegacyRTL in CFPrefsSearchListSource<0x281466c80> (Domain: com.apple.UIKit, Container: (null))
Aug 28 14:33:55.584047 Runner(CoreFoundation)[58089] <Debug>: found no value for key NSTighteningFactorForTruncation in CFPrefsSearchListSource<0x281461200> (Domain: dev.selfhost.firstActivationProbe, Container: (null))
Aug 28 14:33:55.584118 Runner(CoreFoundation)[58089] <Debug>: found no value for key NSTighteningFactorForTruncation in CFPrefsSearchListSource<0x281461200> (Domain: dev.selfhost.firstActivationProbe, Container: (null))
Aug 28 14:33:55.584655 Runner(CoreFoundation)[58089] <Debug>: found no value for key NSAllowsDefaultTighteningForTruncation in CFPrefsSearchListSource<0x281461200> (Domain: dev.selfhost.firstActivationProbe, Container: (null))
Aug 28 14:33:55.588973 cfprefsd(CoreFoundation)[91] <Debug>: Process 58089 (Runner) sent a request related to { dev.selfhost.firstActivationProbe, user: mobile, kCFPreferencesAnyHost, /var/mobile/Containers/Data/Application/18E6667F-E66B-4E74-92D9-B14869861554/Library/Preferences/dev.selfhost.firstActivationProbe.plist, managed: 0 } (0x10183db90)
Aug 28 14:33:55.589148 cfprefsd(CoreFoundation)[91] <Debug>: Process 58089 (Runner) sent a request related to { dev.selfhost.firstActivationProbe, user: kCFPreferencesAnyUser, kCFPreferencesCurrentHost, /var/preferences/dev.selfhost.firstActivationProbe.plist, managed: 0 } (0x101812d60)
Aug 28 14:33:55.589366 cfprefsd(CoreFoundation)[91] <Debug>: Process 58089 (Runner) sent a request related to { com.apple.Accessibility, user: mobile, kCFPreferencesCurrentHost, /Library/Managed Preferences/mobile/com.apple.Accessibility.plist, managed: 1 } (0x101814050)
Aug 28 14:33:55.589963 SpringBoard(FrontBoard)[47602] <Notice>: [application<dev.selfhost.firstActivationProbe>:58089] Registered new scene: <FBUIApplicationWorkspaceScene: 0x2826445b0; sceneID:dev.selfhost.firstActivationProbe-default> (fromRemnant = 0)
Aug 28 14:33:55.590021 SpringBoard(FrontBoard)[47602] <Notice>: [sceneID:dev.selfhost.firstActivationProbe-default][1] Scene activated.
Aug 28 14:33:55.590096 SpringBoard(FrontBoard)[47602] <Debug>: [FBSceneManager] PENDING:   <BSEventQueueEvent: 0x281c21d20; didAdd-sceneID:dev.selfhost.firstActivationProbe-default(0)> @ back
Aug 28 14:33:55.590156 SpringBoard(FrontBoard)[47602] <Debug>: [FBSceneManager] EXECUTING: <BSEventQueueEvent: 0x281c21d20; didAdd-sceneID:dev.selfhost.firstActivationProbe-default(0)>
Aug 28 14:33:55.590210 SpringBoard(FrontBoard)[47602] <Debug>: [FBSceneManager] PENDING:   <BSEventQueueEvent: 0x281c23b00; didAdd-sceneID:dev.selfhost.firstActivationProbe-default(0)> @ front
Aug 28 14:33:55.590453 SpringBoard(FrontBoard)[47602] <Notice>: [application<dev.selfhost.firstActivationProbe>:58089] Workspace interruption policy did change: reconnect
Aug 28 14:33:55.590856 cfprefsd(CoreFoundation)[91] <Debug>: Process 58089 (Runner) sent a request related to { com.apple.Accessibility, user: kCFPreferencesAnyUser, kCFPreferencesCurrentHost, /Library/Managed Preferences/com.apple.Accessibility.plist, managed: 1 } (0x101814300)
Aug 28 14:33:55.590991 cfprefsd(CoreFoundation)[91] <Debug>: Process 58089 (Runner) sent a request related to { com.apple.Accessibility, user: mobile, kCFPreferencesAnyHost, /var/mobile/Library/Preferences/com.apple.Accessibility.plist, managed: 0 } (0x100311170)
Aug 28 14:33:55.591248 cfprefsd(CoreFoundation)[91] <Debug>: Process 58089 (Runner) read data for { com.apple.Accessibility, mobile, kCFPreferencesAnyHost, /var/mobile/Library/Preferences/com.apple.Accessibility.plist, managed: 0 }, backed by /private/var/mobile/Library/Preferences/com.apple.Accessibility.plist
Aug 28 14:33:55.591318 cfprefsd(CoreFoundation)[91] <Debug>: Process 58089 (Runner) sent a request related to { com.apple.Accessibility, user: kCFPreferencesAnyUser, kCFPreferencesCurrentHost, /var/preferences/com.apple.Accessibility.plist, managed: 0 } (0x1018145a0)
Aug 28 14:33:55.591376 SpringBoard(FrontBoard)[47602] <Debug>: [FBSceneManager] EXECUTING: <BSEventQueueEvent: 0x281c23b00; didAdd-sceneID:dev.selfhost.firstActivationProbe-default(0)>
Aug 28 14:33:55.592384 SpringBoard(FrontBoard)[47602] <Info>: Client intercepting scene update for scene: sceneID:dev.selfhost.firstActivationProbe-default
Aug 28 14:33:55.593222 SpringBoard(UIKitCore)[47602] <Notice>: Now tracking: <FBScene: 0x28286cf00; sceneID:dev.selfhost.firstActivationProbe-default>
Aug 28 14:33:55.593678 SpringBoard(UIKitCore)[47602] <Notice>: [sceneID:dev.selfhost.firstActivationProbe-default] Setting deactivation reasons to: 'systemAnimation' for reason: scene settings update - settings are eligible for deactivation reasons.
Aug 28 14:33:55.593764 SpringBoard(FrontBoard)[47602] <Debug>: START SCENE MUTATION ------- sceneID:dev.selfhost.firstActivationProbe-default
Aug 28 14:33:55.593822 SpringBoard(FrontBoard)[47602] <Debug>: [FBSceneManager] PENDING:   <BSEventQueueEvent: 0x281c36c20; sceneDidActivate-sceneID:dev.selfhost.firstActivationProbe-default(1)> @ back
Aug 28 14:33:55.593878 SpringBoard(FrontBoard)[47602] <Debug>: [FBSceneManager] PENDING:   <BSEventQueueEvent: 0x281c373a0; sceneUpdatePrepared-sceneID:dev.selfhost.firstActivationProbe-default(1)> @ back
Aug 28 14:33:55.593944 SpringBoard(FrontBoard)[47602] <Debug>: [FBSceneManager] PENDING:   <BSEventQueueEvent: 0x281c37f20; applySettings-sceneID:dev.selfhost.firstActivationProbe-default(1)> @ back
Aug 28 14:33:55.594089 SpringBoard(FrontBoard)[47602] <Debug>: Flushing all events for sceneID:dev.selfhost.firstActivationProbe-default
Aug 28 14:33:55.595687 SpringBoard(FrontBoard)[47602] <Debug>: [FBSceneManager] EXECUTING: <BSEventQueueEvent: 0x281c36c20; sceneDidActivate-sceneID:dev.selfhost.firstActivationProbe-default(1)>
Aug 28 14:33:55.596123 runningboardd(RunningBoard)[33] <Notice>: Acquiring assertion targeting [application<dev.selfhost.firstActivationProbe>:58089] from originator [daemon<com.apple.SpringBoard>:47602] with description <RBSAssertionDescriptor| "com.apple.frontboard.after-life.interrupted" ID:33-47602-7871 target:58089 attributes:[
Aug 28 14:33:55.596863 Runner(CoreFoundation)[58089] <Debug>: found no value for key NSUsesDefaultHyphenation in CFPrefsSearchListSource<0x281461200> (Domain: dev.selfhost.firstActivationProbe, Container: (null))
Aug 28 14:33:55.596961 Runner(CoreFoundation)[58089] <Debug>: found no value for key NSDefaultHyphenationFactor in CFPrefsSearchListSource<0x281461200> (Domain: dev.selfhost.firstActivationProbe, Container: (null))
Aug 28 14:33:55.597171 Runner(CoreFoundation)[58089] <Debug>: found no value for key NSForceRightToLeftWritingDirection in CFPrefsSearchListSource<0x281461200> (Domain: dev.selfhost.firstActivationProbe, Container: (null))
Aug 28 14:33:55.597244 Runner(CoreFoundation)[58089] <Debug>: CFPrefsManagedSource<0x281462f80> (Domain: com.apple.Accessibility, User: kCFPreferencesCurrentUser, ByHost: Yes, Container: (null), Contents Need Refresh: No) loaded: an empty base plist and no additional changes from the base plist
Aug 28 14:33:55.597290 Runner(CoreFoundation)[58089] <Debug>: CFPrefsManagedSource<0x281463000> (Domain: com.apple.Accessibility, User: kCFPreferencesAnyUser, ByHost: Yes, Container: (null), Contents Need Refresh: No) loaded: an empty base plist and no additional changes from the base plist
Aug 28 14:33:55.597359 Runner(CoreFoundation)[58089] <Debug>: CFPrefsPlistSource<0x281462f00> (Domain: com.apple.Accessibility, User: kCFPreferencesCurrentUser, ByHost: No, Container: (null), Contents Need Refresh: No) loaded: a new base plist and no additional changes from the base plist
Aug 28 14:33:55.597414 Runner(CoreFoundation)[58089] <Debug>: CFPrefsPlistSource<0x281463180> (Domain: com.apple.Accessibility, User: kCFPreferencesAnyUser, ByHost: Yes, Container: (null), Contents Need Refresh: No) loaded: an empty base plist and no additional changes from the base plist
Aug 28 14:33:55.597469 SpringBoard(FrontBoard)[47602] <Debug>: [FBSceneManager] PENDING:   <BSEventQueueEvent: 0x281c36720; sceneDidActivate-sceneID:dev.selfhost.firstActivationProbe-default(1)> @ front
Aug 28 14:33:55.597529 SpringBoard(FrontBoard)[47602] <Debug>: [FBSceneManager] EXECUTING: <BSEventQueueEvent: 0x281c36720; sceneDidActivate-sceneID:dev.selfhost.firstActivationProbe-default(1)>
Aug 28 14:33:55.597691 Runner(CoreFoundation)[58089] <Debug>: found no value for key ForceTouchEnabled in CFPrefsSearchListSource<0x281462e80> (Domain: com.apple.Accessibility, Container: (null))
Aug 28 14:33:55.597744 Runner(libAccessibility.dylib)[58089] <Debug>: CF Read: domain = com.apple.Accessibility, preference = ForceTouchEnabled, appID = (null) result = (null) (-1 - empty, 0 - false, 1 - true)
Aug 28 14:33:55.597815 Runner(CoreFoundation)[58089] <Debug>: found no value for key ForceTouchEnabled in CFPrefsPlistSource<0x281462f00> (Domain: com.apple.Accessibility, User: kCFPreferencesCurrentUser, ByHost: No, Container: (null), Contents Need Refresh: No)
Aug 28 14:33:55.597883 Runner(CoreFoundation)[58089] <Debug>: found no value for key UIPreferredContentSizeCategoryName in CFPrefsSearchListSource<0x281461200> (Domain: dev.selfhost.firstActivationProbe, Container: (null))
Aug 28 14:33:55.597943 Runner(libAccessibility.dylib)[58089] <Debug>: CF Read Category Name: domain = dev.selfhost.firstActivationProbe, appID = dev.selfhost.firstActivationProbe value = (null)
Aug 28 14:33:55.598007 Runner(libAccessibility.dylib)[58089] <Notice>: Read CategoryName: per-app = 1, category name = (null)
Aug 28 14:33:55.598355 Runner(CoreFoundation)[58089] <Debug>: found no value for key UIPreferredContentSizeCategoryName in CFPrefsSearchListSource<0x281466c80> (Domain: com.apple.UIKit, Container: (null))
Aug 28 14:33:55.598414 Runner(libAccessibility.dylib)[58089] <Debug>: CF Read Category Name: domain = /var/mobile/Library/Preferences/com.apple.UIKit, appID = (null) value = (null)
Aug 28 14:33:55.598549 Runner(libAccessibility.dylib)[58089] <Notice>: Read CategoryName: per-app = 0, category name = (null)
Aug 28 14:33:55.598610 Runner(CoreFoundation)[58089] <Debug>: found no value for key UICarPlayPreferredContentSizeCategoryName in CFPrefsSearchListSource<0x281466c80> (Domain: com.apple.UIKit, Container: (null))
Aug 28 14:33:55.598678 Runner(CoreFoundation)[58089] <Debug>: found no value for key EnhancedTextLegibilityEnabled in CFPrefsSearchListSource<0x281462e80> (Domain: com.apple.Accessibility, Container: (null))
Aug 28 14:33:55.598735 Runner(libAccessibility.dylib)[58089] <Debug>: CF Read: domain = com.apple.Accessibility, preference = EnhancedTextLegibilityEnabled, appID = (null) result = (null) (-1 - empty, 0 - false, 1 - true)
Aug 28 14:33:55.598872 SpringBoard[47602] <Notice>: didAddExternalForegroundApplicationSceneHandle pid:58089 scene:com.apple.frontboard.systemappservices::sceneID%3Adev.selfhost.firstActivationProbe-default now:<recentPIDs: [58089]; recentSceneIdentityTokensByPID: {58089: [com.apple.frontboard.systemappservices::sceneID%3Adev.selfhost.firstActivationProbe-default]}>
Aug 28 14:33:55.598929 SpringBoard[47602] <Notice>: policy: MRU target:<pid=58089 token=com.apple.frontboard.systemappservices::sceneID%3Adev.selfhost.firstActivationProbe-default>
Aug 28 14:33:55.598974 SpringBoard[47602] <Notice>: policy: now generation: 445; keyboardFocusTarget: <token: com.apple.frontboard.systemappservices::sceneID%3Adev.selfhost.firstActivationProbe-default; pid: 58089>; recentlyUsedScenes: <recentPIDs: [58089]; recentSceneIdentityTokensByPID: {58089: [com.apple.frontboard.systemappservices::sceneID%3Adev.selfhost.firstActivationProbe-default]}>; selectionPolicy: KeyboardArbiter; shouldSuppressRemoteDeferring: 0
Aug 28 14:33:55.599140 Runner(CoreFoundation)[58089] <Debug>: found no value for key EnhancedTextLegibilityEnabled in CFPrefsPlistSource<0x281462f00> (Domain: com.apple.Accessibility, User: kCFPreferencesCurrentUser, ByHost: No, Container: (null), Contents Need Refresh: No)
Aug 28 14:33:55.599197 Runner(CoreFoundation)[58089] <Debug>: found no value for key DarkenSystemColors in CFPrefsSearchListSource<0x281462e80> (Domain: com.apple.Accessibility, Container: (null))
Aug 28 14:33:55.599247 Runner(libAccessibility.dylib)[58089] <Debug>: CF Read: domain = com.apple.Accessibility, preference = DarkenSystemColors, appID = (null) result = (null) (-1 - empty, 0 - false, 1 - true)
Aug 28 14:33:55.599691 SpringBoard(FrontBoard)[47602] <Debug>: [FBSceneManager] EXECUTING: <BSEventQueueEvent: 0x281c373a0; sceneUpdatePrepared-sceneID:dev.selfhost.firstActivationProbe-default(1)>
Aug 28 14:33:55.599725 SpringBoard(FrontBoard)[47602] <Debug>: [FBSceneManager] PENDING:   <BSEventQueueEvent: 0x281c36720; sceneUpdatePrepared-sceneID:dev.selfhost.firstActivationProbe-default(1)> @ front
Aug 28 14:33:55.599766 Runner(CoreFoundation)[58089] <Debug>: found no value for key DarkenSystemColors in CFPrefsPlistSource<0x281462f00> (Domain: com.apple.Accessibility, User: kCFPreferencesCurrentUser, ByHost: No, Container: (null), Contents Need Refresh: No)
Aug 28 14:33:55.599820 Runner(CoreFoundation)[58089] <Debug>: found no value for key UITraitCollectionChangeLoggingEnabled in CFPrefsSearchListSource<0x281461200> (Domain: dev.selfhost.firstActivationProbe, Container: (null))
Aug 28 14:33:55.599869 Runner(CoreFoundation)[58089] <Debug>: found no value for key UIStateRestorationDebugLogging in CFPrefsSearchListSource<0x281461200> (Domain: dev.selfhost.firstActivationProbe, Container: (null))
Aug 28 14:33:55.600067 SpringBoard(FrontBoard)[47602] <Debug>: [FBSceneManager] EXECUTING: <BSEventQueueEvent: 0x281c36720; sceneUpdatePrepared-sceneID:dev.selfhost.firstActivationProbe-default(1)>
Aug 28 14:33:55.600247 Runner(CoreFoundation)[58089] <Debug>: Resource lookup at <private>
Aug 28 14:33:55.600371 Runner(CoreFoundation)[58089] <Debug>: looked up value <private> for key AccessibilityEnabled in CFPrefsPlistSource<0x281462f00> (Domain: com.apple.Accessibility, User: kCFPreferencesCurrentUser, ByHost: No, Container: (null), Contents Need Refresh: No) via CFPrefsSearchListSource<0x281462e80> (Domain: com.apple.Accessibility, Container: (null))
Aug 28 14:33:55.600491 Runner(libAccessibility.dylib)[58089] <Debug>: CF Read: domain = com.apple.Accessibility, preference = AccessibilityEnabled, appID = (null) result = 0 (-1 - empty, 0 - false, 1 - true)
Aug 28 14:33:55.600538 SpringBoard(FrontBoard)[47602] <Debug>: [FBSceneManager] EXECUTING: <BSEventQueueEvent: 0x281c37f20; applySettings-sceneID:dev.selfhost.firstActivationProbe-default(1)>
Aug 28 14:33:55.600612 Runner(CoreFoundation)[58089] <Debug>: looked up value <private> for key InvertColorsEnabled in CFPrefsPlistSource<0x281462f00> (Domain: com.apple.Accessibility, User: kCFPreferencesCurrentUser, ByHost: No, Container: (null), Contents Need Refresh: No) via CFPrefsSearchListSource<0x281462e80> (Domain: com.apple.Accessibility, Container: (null))
Aug 28 14:33:55.600655 SpringBoard(FrontBoard)[47602] <Notice>: [sceneID:dev.selfhost.firstActivationProbe-default] scene content state changed: preparing
Aug 28 14:33:55.600694 Runner(libAccessibility.dylib)[58089] <Debug>: CF Read: domain = com.apple.Accessibility, preference = InvertColorsEnabled, appID = (null) result = 0 (-1 - empty, 0 - false, 1 - true)
Aug 28 14:33:55.600746 SpringBoard(FrontBoard)[47602] <Debug>: [FBSceneManager] PENDING:   <BSEventQueueEvent: 0x281c3d080; contentStateDidChange-sceneID:dev.selfhost.firstActivationProbe-default(1)> @ back
Aug 28 14:33:55.600774 Runner(libAccessibility.dylib)[58089] <Debug>: Read Global: preference = InvertColorsEnabled, result = 0 (-1 - empty, 0 - false, 1 - true)
Aug 28 14:33:55.600792 Runner(libAccessibility.dylib)[58089] <Debug>: Updated cache: preference = InvertColorsEnabled, result = 0 (-1 - empty, 0 - false, 1 - true)
Aug 28 14:33:55.600888 SpringBoard(FrontBoard)[47602] <Debug>: [FBSceneManager] PENDING:   <BSEventQueueEvent: 0x281c36720; sceneUpdateApplied-sceneID:dev.selfhost.firstActivationProbe-default(1)> @ back
Aug 28 14:33:55.600918 SpringBoard(FrontBoard)[47602] <Debug>: [FBSceneManager] PENDING:   <BSEventQueueEvent: 0x281c36fc0; sceneMutationCompletion-sceneID:dev.selfhost.firstActivationProbe-default(1)> @ back
Aug 28 14:33:55.600942 SpringBoard(FrontBoard)[47602] <Debug>: [FBSceneManager] EXECUTING: <BSEventQueueEvent: 0x281c3d080; contentStateDidChange-sceneID:dev.selfhost.firstActivationProbe-default(1)>
Aug 28 14:33:55.601026 SpringBoard(FrontBoard)[47602] <Debug>: [FBSceneManager] PENDING:   <BSEventQueueEvent: 0x281c368c0; contentStateDidChange-sceneID:dev.selfhost.firstActivationProbe-default(1)> @ front
Aug 28 14:33:55.601050 SpringBoard(FrontBoard)[47602] <Debug>: [FBSceneManager] EXECUTING: <BSEventQueueEvent: 0x281c368c0; contentStateDidChange-sceneID:dev.selfhost.firstActivationProbe-default(1)>
Aug 28 14:33:55.601069 SpringBoard(FrontBoard)[47602] <Notice>: [sceneID:dev.selfhost.firstActivationProbe-default] Scene lifecycle state did change: Foreground
Aug 28 14:33:55.601162 SpringBoard(FrontBoard)[47602] <Notice>: [sceneID:dev.selfhost.firstActivationProbe-default] Scene assertion state did change: ForegroundFocal.
Aug 28 14:33:55.601261 SpringBoard(FrontBoard)[47602] <Debug>: [FBSceneManager] EXECUTING: <BSEventQueueEvent: 0x281c36720; sceneUpdateApplied-sceneID:dev.selfhost.firstActivationProbe-default(1)>
Aug 28 14:33:55.601280 SpringBoard(FrontBoard)[47602] <Notice>: [application<dev.selfhost.firstActivationProbe>:58089] Launch assertion supersedes update of workspace assertion to ForegroundFocal.
Aug 28 14:33:55.601346 SpringBoard(FrontBoard)[47602] <Debug>: [FBSceneManager] PENDING:   <BSEventQueueEvent: 0x281c3d1a0; sceneUpdateApplied-sceneID:dev.selfhost.firstActivationProbe-default(1)> @ front
Aug 28 14:33:55.601394 SpringBoard(FrontBoard)[47602] <Notice>: [application<dev.selfhost.firstActivationProbe>:58089] Workspace assertion state did change: ForegroundFocal (acquireAssertion = NO).
Aug 28 14:33:55.601442 SpringBoard(FrontBoard)[47602] <Debug>: [FBSceneManager] EXECUTING: <BSEventQueueEvent: 0x281c3d1a0; sceneUpdateApplied-sceneID:dev.selfhost.firstActivationProbe-default(1)>
Aug 28 14:33:55.601498 SpringBoard(FrontBoard)[47602] <Notice>: [sceneID:dev.selfhost.firstActivationProbe-default] Sending scene action [Logical Activate][0x84f5] to process 0x11492cf70 (watchdog: 19.99s)
Aug 28 14:33:55.601587 Runner(CoreFoundation)[58089] <Debug>: looked up value <private> for key ApplicationAccessibilityEnabled in CFPrefsPlistSource<0x281462f00> (Domain: com.apple.Accessibility, User: kCFPreferencesCurrentUser, ByHost: No, Container: (null), Contents Need Refresh: No) via CFPrefsSearchListSource<0x281462e80> (Domain: com.apple.Accessibility, Container: (null))
Aug 28 14:33:55.601649 Runner(libAccessibility.dylib)[58089] <Debug>: CF Read: domain = com.apple.Accessibility, preference = ApplicationAccessibilityEnabled, appID = (null) result = 0 (-1 - empty, 0 - false, 1 - true)
Aug 28 14:33:55.601679 Runner(XCTTargetBootstrap)[58089] <Notice>: Registering for test daemon availability notify post.
Aug 28 14:33:55.601696 Runner(XCTTargetBootstrap)[58089] <Notice>: notify_get_state check indicated test daemon not ready.
Aug 28 14:33:55.601757 Runner(XCTTargetBootstrap)[58089] <Notice>: notify_get_state check indicated test daemon not ready.
Aug 28 14:33:55.601840 Runner(XCTTargetBootstrap)[58089] <Notice>: notify_get_state check indicated test daemon not ready.
Aug 28 14:33:55.601901 SpringBoard(FrontBoard)[47602] <Debug>: [FBSceneManager] EXECUTING: <BSEventQueueEvent: 0x281c36fc0; sceneMutationCompletion-sceneID:dev.selfhost.firstActivationProbe-default(1)>
Aug 28 14:33:55.601977 SpringBoard(FrontBoard)[47602] <Debug>: ---------- END SCENE MUTATION: sceneID:dev.selfhost.firstActivationProbe-default
Aug 28 14:33:55.602113 SpringBoard(FrontBoardServices)[47602] <Info>: [application<dev.selfhost.firstActivationProbe>:58089] [realTime] Now monitoring resource allowance of 19.99s (at refreshInterval -1.00s)
Aug 28 14:33:55.612649 backboardd(IOKit)[65] <Debug>: SetProperty called IOHIDEventSystemClientIsUnresponsive=0 caller=IOHIDEventSystemConnection uuid:8FB88D5F-EA5C-48C0-AA30-103327E805D9 pid:58089 process:Runner type:Passive entitlements:0x0 caller:BackBoardServices: <redacted> + 336 attributes:{
    bundleID = "dev.selfhost.firstActivationProbe";
Aug 28 14:33:55.612879 Runner(CoreFoundation)[58089] <Debug>: found no value for key UIRequireCrimsonLifecycle in CFPrefsSearchListSource<0x281466c80> (Domain: com.apple.UIKit, Container: (null))
Aug 28 14:33:55.612923 Runner(UIKitCore)[58089] <Notice>: Deactivation reason added: 11; deactivation reasons: 1024 -> 3072; animating application lifecycle event: 0
Aug 28 14:33:55.612964 Runner(RunningBoardServices)[58089] <Notice>: Handshake succeeded
Aug 28 14:33:55.613080 powerd[43] <Notice>: Process runningboardd.33 Created SystemIsActive "application<dev.selfhost.firstActivationProbe>;(null):(null);33-47602-7869:FBApplicationProcess" age:00:00:00  id:51539650473 [System: SysAct]
Aug 28 14:33:55.613177 runningboardd(RunningBoard)[33] <Notice>: Assertion 33-47602-7871 (target:[application<dev.selfhost.firstActivationProbe>:58089]) will be created as inactive as originator process has not exited
        <SBDeviceApplicationSceneEntity: 0x283e43ac0; ID: sceneID:dev.selfhost.firstActivationProbe-default; layoutRole: primary>
        <SBDeviceApplicationSceneEntity: 0x283e43ac0; ID: sceneID:dev.selfhost.firstActivationProbe-default; layoutRole: primary>
Aug 28 14:33:55.613881 runningboardd(RunningBoard)[33] <Notice>: [application<dev.selfhost.firstActivationProbe>:58089] reported to RB as running
Aug 28 14:33:55.613918 runningboardd(RunningBoard)[33] <Debug>: Enqueueing events for assertion: 33-33-7870 (target:[application<dev.selfhost.firstActivationProbe>:58089])
Aug 28 14:33:55.613936 runningboardd(RunningBoard)[33] <Debug>: Adding assertion 33-47602-7871 (target:[application<dev.selfhost.firstActivationProbe>:58089])
Aug 28 14:33:55.614222 Runner(RunningBoardServices)[58089] <Notice>: Identity resolved as application<dev.selfhost.firstActivationProbe>
Aug 28 14:33:55.614262 Runner(FrontBoardServices)[58089] <Info>: [FBSScene] [sceneID:dev.selfhost.firstActivationProbe-default] Created client agent: <UIApplicationSceneClientAgent: 0x28386c1e0>
Aug 28 14:33:55.614306 Runner(CoreFoundation)[58089] <Debug>: Resource lookup at <private>
Aug 28 14:33:55.614334 Runner(RunningBoardServices)[58089] <Debug>: Received message from server: async_didChangeInheritances:completion:
Aug 28 14:33:55.614349 Runner(RunningBoardServices)[58089] <Info>: didChangeInheritances
Aug 28 14:33:55.614368 Runner(RunningBoardServices)[58089] <Info>: didChangeInheritances: <RBSInheritanceChangeSet| gained:{(
Aug 28 14:33:55.614386 Runner(CoreFoundation)[58089] <Debug>: found no value for key UIStateRestorationDeveloperMode in CFPrefsSearchListSource<0x281461200> (Domain: dev.selfhost.firstActivationProbe, Container: (null))
Aug 28 14:33:55.614405 SpringBoard(RunningBoardServices)[47602] <Info>: Update delivered for [application<dev.selfhost.firstActivationProbe>:58089] with taskState 4
Aug 28 14:33:55.614441 SpringBoard(RunningBoardServices)[47602] <Info>: Update delivered for [application<dev.selfhost.firstActivationProbe>:58089] with taskState 4
Aug 28 14:33:55.614603 SpringBoard(SplashBoard)[47602] <Info>: <XBApplicationSnapshot: 0x109ddf7d0; …2F3B89D0D3F1> [dev.selfhost.firstActivationProbe] not purging the cached image; force: 0; _imageAccessCount: 1; _keepImageAccessUntilExpiration: 0; _hasProtectedContent: 0; _keepImageAccessForPreheat: 0
Aug 28 14:33:55.614781 Runner(UIKitCore)[58089] <Notice>: Deactivation reason removed: 10; deactivation reasons: 3072 -> 2048; animating application lifecycle event: 0
Aug 28 14:33:55.614825 Runner(CoreFoundation)[58089] <Debug>: Resource lookup at <private>
	Result        : file:///private/var/containers/Bundle/Application/1EC21BA9-82AA-4B85-B2FC-10B206BC5C35/Runner.app/Base.lproj/Main.storyboardc/
Aug 28 14:33:55.614928 Runner(CoreFoundation)[58089] <Debug>: Resource lookup at <private>
	Result        : file:///private/var/containers/Bundle/Application/1EC21BA9-82AA-4B85-B2FC-10B206BC5C35/Runner.app/Base.lproj/Main.storyboardc/
Aug 28 14:33:55.614975 Runner(CoreFoundation)[58089] <Debug>: Resource lookup at <private>
	Result        : file:///private/var/containers/Bundle/Application/1EC21BA9-82AA-4B85-B2FC-10B206BC5C35/Runner.app/Base.lproj/Main.storyboardc/
Aug 28 14:33:55.615067 Runner(CoreFoundation)[58089] <Debug>: Resource lookup at <private>
	Result        : file:///private/var/containers/Bundle/Application/1EC21BA9-82AA-4B85-B2FC-10B206BC5C35/Runner.app/Base.lproj/Main.storyboardc/
Aug 28 14:33:55.615158 Runner(CoreFoundation)[58089] <Debug>: Resource lookup at <private>
	Result        : file:///private/var/containers/Bundle/Application/1EC21BA9-82AA-4B85-B2FC-10B206BC5C35/Runner.app/Base.lproj/Main.storyboardc/
Aug 28 14:33:55.615632 SpringBoard(FrontBoard)[47602] <Info>: Client intercepting scene update for scene: sceneID:dev.selfhost.firstActivationProbe-default
Aug 28 14:33:55.615666 SpringBoard(FrontBoard)[47602] <Debug>: START SCENE MUTATION ------- sceneID:dev.selfhost.firstActivationProbe-default
Aug 28 14:33:55.615701 SpringBoard(FrontBoard)[47602] <Debug>: [FBSceneManager] PENDING:   <BSEventQueueEvent: 0x281d2d720; sceneUpdatePrepared-sceneID:dev.selfhost.firstActivationProbe-default(2)> @ back
Aug 28 14:33:55.615729 SpringBoard(FrontBoard)[47602] <Debug>: [FBSceneManager] PENDING:   <BSEventQueueEvent: 0x281d2a820; applySettings-sceneID:dev.selfhost.firstActivationProbe-default(2)> @ back
Aug 28 14:33:55.615747 SpringBoard(FrontBoard)[47602] <Debug>: Flushing all events for sceneID:dev.selfhost.firstActivationProbe-default
Aug 28 14:33:55.615779 SpringBoard(FrontBoard)[47602] <Debug>: [FBSceneManager] EXECUTING: <BSEventQueueEvent: 0x281d2d720; sceneUpdatePrepared-sceneID:dev.selfhost.firstActivationProbe-default(2)>
Aug 28 14:33:55.615819 Runner(CoreFoundation)[58089] <Debug>: Resource lookup at <private>
	Result        : file:///private/var/containers/Bundle/Application/1EC21BA9-82AA-4B85-B2FC-10B206BC5C35/Runner.app/Base.lproj/Main.storyboardc/
Aug 28 14:33:55.615846 Runner(CoreFoundation)[58089] <Debug>: Resource lookup at <private>
	Result        : file:///private/var/containers/Bundle/Application/1EC21BA9-82AA-4B85-B2FC-10B206BC5C35/Runner.app/Base.lproj/Main.storyboardc/
Aug 28 14:33:55.615865 Runner(CoreFoundation)[58089] <Debug>: Resource lookup at <private>
	Result        : file:///private/var/containers/Bundle/Application/1EC21BA9-82AA-4B85-B2FC-10B206BC5C35/Runner.app/Base.lproj/Main.storyboardc/
Aug 28 14:33:55.615892 Runner(CoreFoundation)[58089] <Debug>: Resource lookup at <private>
	Result        : file:///private/var/containers/Bundle/Application/1EC21BA9-82AA-4B85-B2FC-10B206BC5C35/Runner.app/Base.lproj/Main.storyboardc/
Aug 28 14:33:55.615920 Runner(CoreFoundation)[58089] <Debug>: found no value for key _UICanvasShouldDeliverCanvasActionsToCanvasDelegateOnlyKey in CFPrefsSearchListSource<0x281461200> (Domain: dev.selfhost.firstActivationProbe, Container: (null))
Aug 28 14:33:55.615939 Runner(CoreFoundation)[58089] <Debug>: found no value for key LogBackgroundTask in CFPrefsSearchListSource<0x281466c80> (Domain: com.apple.UIKit, Container: (null))
Aug 28 14:33:55.615957 SpringBoard(FrontBoard)[47602] <Debug>: [FBSceneManager] PENDING:   <BSEventQueueEvent: 0x281d2b540; sceneUpdatePrepared-sceneID:dev.selfhost.firstActivationProbe-default(2)> @ front
Aug 28 14:33:55.615983 SpringBoard(FrontBoard)[47602] <Debug>: [FBSceneManager] EXECUTING: <BSEventQueueEvent: 0x281d2b540; sceneUpdatePrepared-sceneID:dev.selfhost.firstActivationProbe-default(2)>
Aug 28 14:33:55.616040 SpringBoard(FrontBoard)[47602] <Debug>: [FBSceneManager] EXECUTING: <BSEventQueueEvent: 0x281d2a820; applySettings-sceneID:dev.selfhost.firstActivationProbe-default(2)>
Aug 28 14:33:55.616071 SpringBoard(FrontBoard)[47602] <Debug>: [FBSceneManager] PENDING:   <BSEventQueueEvent: 0x281d28520; sceneUpdateApplied-sceneID:dev.selfhost.firstActivationProbe-default(2)> @ back
Aug 28 14:33:55.616094 SpringBoard(FrontBoard)[47602] <Debug>: [FBSceneManager] PENDING:   <BSEventQueueEvent: 0x281d29aa0; sceneMutationCompletion-sceneID:dev.selfhost.firstActivationProbe-default(2)> @ back
Aug 28 14:33:55.616112 SpringBoard(FrontBoard)[47602] <Debug>: [FBSceneManager] EXECUTING: <BSEventQueueEvent: 0x281d28520; sceneUpdateApplied-sceneID:dev.selfhost.firstActivationProbe-default(2)>
Aug 28 14:33:55.616129 SpringBoard(FrontBoard)[47602] <Debug>: [FBSceneManager] PENDING:   <BSEventQueueEvent: 0x281c1a160; sceneUpdateApplied-sceneID:dev.selfhost.firstActivationProbe-default(2)> @ front
Aug 28 14:33:55.616160 SpringBoard(FrontBoard)[47602] <Debug>: [FBSceneManager] EXECUTING: <BSEventQueueEvent: 0x281c1a160; sceneUpdateApplied-sceneID:dev.selfhost.firstActivationProbe-default(2)>
Aug 28 14:33:55.616211 SpringBoard(FrontBoard)[47602] <Info>: [sceneID:dev.selfhost.firstActivationProbe-default] Sending scene action [Forward Event][0x4f67] to process 0x11492cf70 (watchdog: none)
Aug 28 14:33:55.616279 SpringBoard(FrontBoard)[47602] <Debug>: [FBSceneManager] EXECUTING: <BSEventQueueEvent: 0x281d29aa0; sceneMutationCompletion-sceneID:dev.selfhost.firstActivationProbe-default(2)>
Aug 28 14:33:55.616304 SpringBoard(FrontBoard)[47602] <Debug>: ---------- END SCENE MUTATION: sceneID:dev.selfhost.firstActivationProbe-default
Aug 28 14:33:55.616422 runningboardd(RunningBoard)[33] <Debug>: Incrementing suppression state to 2 for application<dev.selfhost.firstActivationProbe>
Aug 28 14:33:55.616468 runningboardd(RunningBoard)[33] <Debug>: Sending state 0x1010d0d80 for application<dev.selfhost.firstActivationProbe> to [daemon<com.apple.UserEventAgent-System>:30]
Aug 28 14:33:55.616507 runningboardd(RunningBoard)[33] <Info>: Received message from [application<dev.selfhost.firstActivationProbe>:58089] (euid 501, auid 501): acquireAssertionWithDescriptor:error:
Aug 28 14:33:55.616686 runningboardd(RunningBoard)[33] <Info>: application<dev.selfhost.firstActivationProbe> is now targeted by 3 assertions
Aug 28 14:33:55.616727 runningboardd(RunningBoard)[33] <Notice>: Acquiring assertion targeting [application<dev.selfhost.firstActivationProbe>:58089] from originator [application<dev.selfhost.firstActivationProbe>:58089] with description <RBSAssertionDescriptor| "Shared Background Assertion 0 for dev.selfhost.firstActivationProbe" ID:33-58089-7872 target:58089 attributes:[
Aug 28 14:33:55.616747 runningboardd(RunningBoard)[33] <Notice>: Assertion 33-58089-7872 (target:[application<dev.selfhost.firstActivationProbe>:58089]) will be created as inactive as start-time-defining assertions exist
            SceneID: sceneID:dev.selfhost.firstActivationProbe-default
Aug 28 14:33:55.616864 SpringBoard[47602] <Notice>: Application process state changed for dev.selfhost.firstActivationProbe: <SBApplicationProcessState: 0x281c6dd00; pid: 58089; taskState: Running; visibility: Foreground>
Aug 28 14:33:55.616913 Runner(UIKitCore)[58089] <Notice>: <private>: Will add backgroundTask with taskName: <private>, expirationHandler: <__NSGlobalBlock__: 0x1ec737410>
Aug 28 14:33:55.616931 Runner(UIKitCore)[58089] <Notice>: <private>: Created background task <private>. Assertion will be assigned soon
Aug 28 14:33:55.616949 Runner(UIKitCore)[58089] <Notice>: <private>: Creating new assertion since assertion is nil
Aug 28 14:33:55.616967 Runner(RunningBoardServices)[58089] <Info>: Acquiring assertion: <RBSAssertionDescriptor| "Shared Background Assertion 0 for dev.selfhost.firstActivationProbe" ID:(null) target:58089>
Aug 28 14:33:55.616985 Runner(RunningBoardServices)[58089] <Debug>: Adding assertion 33-58089-7872 to dictionary
Aug 28 14:33:55.617003 Runner(UIKitCore)[58089] <Notice>: <private>: Created new assertion <BKSProcessAssertion: 0x2819668f0>
Aug 28 14:33:55.617041 Runner(UIKitCore)[58089] <Notice>: Deactivation reason added: 5; deactivation reasons: 2048 -> 2080; animating application lifecycle event: 1
Aug 28 14:33:55.617079 Runner(CoreFoundation)[58089] <Debug>: found no value for key LogEventDeferring in CFPrefsSearchListSource<0x281466c80> (Domain: com.apple.UIKit, Container: (null))
Aug 28 14:33:55.617135 Runner(UIKitCore)[58089] <Notice>: [0x281161c00] Initialized with scene: <UIWindowScene: 0x100a0dee0>; behavior: <_UIEventDeferringBehavior_Default: 0x283a74a00>
Aug 28 14:33:55.617154 Runner(CoreFoundation)[58089] <Debug>: found no value for key LogKeyWindow in CFPrefsSearchListSource<0x281466c80> (Domain: com.apple.UIKit, Container: (null))
Aug 28 14:33:55.617172 Runner(CoreFoundation)[58089] <Debug>: found no value for key FullKeyboardAccessEnabled in CFPrefsSearchListSource<0x281462e80> (Domain: com.apple.Accessibility, Container: (null))
Aug 28 14:33:55.617194 Runner(libAccessibility.dylib)[58089] <Debug>: CF Read: domain = com.apple.Accessibility, preference = FullKeyboardAccessEnabled, appID = (null) result = (null) (-1 - empty, 0 - false, 1 - true)
Aug 28 14:33:55.617212 Runner(CoreFoundation)[58089] <Debug>: found no value for key FullKeyboardAccessEnabled in CFPrefsPlistSource<0x281462f00> (Domain: com.apple.Accessibility, User: kCFPreferencesCurrentUser, ByHost: No, Container: (null), Contents Need Refresh: No)
Aug 28 14:33:55.617231 Runner(CoreFoundation)[58089] <Debug>: Resource lookup at <private>
Aug 28 14:33:55.617249 SpringBoard(FrontBoard)[47602] <Info>: [sceneID:dev.selfhost.firstActivationProbe-default] Client settings updated with diff: <private>
Aug 28 14:33:55.617287 SpringBoard(FrontBoard)[47602] <Info>: [sceneID:dev.selfhost.firstActivationProbe-default] Client settings updated with diff: <private>
Aug 28 14:33:55.617345 SpringBoard[47602] <Info>: -[SBApplication _processWillLaunch:] dev.selfhost.firstActivationProbe
Aug 28 14:33:55.617365 SpringBoard[47602] <Notice>: Application process state changed for dev.selfhost.firstActivationProbe: <SBApplicationProcessState: 0x281d283c0; pid: 58089; taskState: Running; visibility: Foreground>
Aug 28 14:33:55.617384 SpringBoard[47602] <Info>: -[SBApplication _processDidLaunch:] dev.selfhost.firstActivationProbe
Aug 28 14:33:55.617402 SpringBoard[47602] <Notice>: Application process state changed for dev.selfhost.firstActivationProbe: <SBApplicationProcessState: 0x281c62d00; pid: 58089; taskState: Running; visibility: Foreground>
Aug 28 14:33:55.617896 Runner(CoreFoundation)[58089] <Debug>: Resource lookup at <private>
	Result        : file:///private/var/containers/Bundle/Application/1EC21BA9-82AA-4B85-B2FC-10B206BC5C35/Runner.app/Base.lproj/Main.storyboardc/
Aug 28 14:33:55.617915 Runner(CoreFoundation)[58089] <Debug>: Resource lookup at <private>
	Result        : file:///private/var/containers/Bundle/Application/1EC21BA9-82AA-4B85-B2FC-10B206BC5C35/Runner.app/Base.lproj/Main.storyboardc/UIViewController-BYZ-38-t0r.nib
Aug 28 14:33:55.617933 Runner(CoreFoundation)[58089] <Debug>: found no value for key UITraitCollectionInvalidationDebuggingModeEnabled in CFPrefsSearchListSource<0x281461200> (Domain: dev.selfhost.firstActivationProbe, Container: (null))
Aug 28 14:33:55.617954 Runner(CoreFoundation)[58089] <Debug>: Resource lookup at <private>
Aug 28 14:33:55.618085 SpringBoard(FrontBoard)[47602] <Info>: [sceneID:dev.selfhost.firstActivationProbe-default] didUpdateClientSettingsWithDiff: <private>
Aug 28 14:33:55.618105 SpringBoard(FrontBoard)[47602] <Debug>: [FBSceneManager] PENDING:   <BSEventQueueEvent: 0x281d27b00; handleDidUpdateClientSettings-sceneID:dev.selfhost.firstActivationProbe-default(2)> @ back
Aug 28 14:33:55.618123 SpringBoard(FrontBoard)[47602] <Debug>: [FBSceneManager] EXECUTING: <BSEventQueueEvent: 0x281d27b00; handleDidUpdateClientSettings-sceneID:dev.selfhost.firstActivationProbe-default(2)>
Aug 28 14:33:55.618177 SpringBoard(FrontBoard)[47602] <Debug>: [FBSceneManager] PENDING:   <BSEventQueueEvent: 0x281d26fc0; didUpdateClientSettings-sceneID:dev.selfhost.firstActivationProbe-default(2)> @ back
Aug 28 14:33:55.618195 SpringBoard(FrontBoard)[47602] <Debug>: [FBSceneManager] PENDING:   <BSEventQueueEvent: 0x281d24e60; didUpdateClientSettingsCompletion-sceneID:dev.selfhost.firstActivationProbe-default(2)> @ back
Aug 28 14:33:55.618268 Runner(CoreFoundation)[58089] <Debug>: Language lookup at <private>
Aug 28 14:33:55.618299 Runner(CoreFoundation)[58089] <Debug>: Resource lookup at <private>
	Result        : file:///var/containers/Bundle/Application/1EC21BA9-82AA-4B85-B2FC-10B206BC5C35/Runner.app/Frameworks/Flutter.framework/icudtl.dat
Aug 28 14:33:55.618318 Runner(Flutter)[58089] <Notice>: SANITY CHECK: Running precompiled code.
Aug 28 14:33:55.618341 Runner(CoreFoundation)[58089] <Debug>: Resource lookup at <private>
Aug 28 14:33:55.618360 Runner(CoreFoundation)[58089] <Debug>: Resource lookup at <private>
	Result        : file:///private/var/containers/Bundle/Application/1EC21BA9-82AA-4B85-B2FC-10B206BC5C35/Runner.app/Frameworks/App.framework/
Aug 28 14:33:55.618378 Runner(Flutter)[58089] <Notice>: Using App.framework from /private/var/containers/Bundle/Application/1EC21BA9-82AA-4B85-B2FC-10B206BC5C35/Runner.app/Frameworks/App.framework
Aug 28 14:33:55.618397 Runner(CoreFoundation)[58089] <Debug>: Language lookup at <private>
Aug 28 14:33:55.618416 SpringBoard(FrontBoard)[47602] <Debug>: [FBSceneManager] EXECUTING: <BSEventQueueEvent: 0x281d26fc0; didUpdateClientSettings-sceneID:dev.selfhost.firstActivationProbe-default(2)>
Aug 28 14:33:55.618437 SpringBoard(FrontBoard)[47602] <Debug>: [FBSceneManager] PENDING:   <BSEventQueueEvent: 0x281d26f00; didUpdateClientSettings-sceneID:dev.selfhost.firstActivationProbe-default(2)> @ front
Aug 28 14:33:55.618455 SpringBoard(FrontBoard)[47602] <Debug>: [FBSceneManager] EXECUTING: <BSEventQueueEvent: 0x281d26f00; didUpdateClientSettings-sceneID:dev.selfhost.firstActivationProbe-default(2)>
Aug 28 14:33:55.618699 SpringBoard(FrontBoard)[47602] <Debug>: [FBSceneManager] EXECUTING: <BSEventQueueEvent: 0x281d24e60; didUpdateClientSettingsCompletion-sceneID:dev.selfhost.firstActivationProbe-default(2)>
Aug 28 14:33:55.618854 SpringBoard(FrontBoard)[47602] <Info>: [sceneID:dev.selfhost.firstActivationProbe-default] didUpdateClientSettingsWithDiff: <private>
Aug 28 14:33:55.618872 SpringBoard(FrontBoard)[47602] <Debug>: [FBSceneManager] PENDING:   <BSEventQueueEvent: 0x281dc8040; handleDidUpdateClientSettings-sceneID:dev.selfhost.firstActivationProbe-default(2)> @ back
Aug 28 14:33:55.618890 SpringBoard(FrontBoard)[47602] <Debug>: [FBSceneManager] EXECUTING: <BSEventQueueEvent: 0x281dc8040; handleDidUpdateClientSettings-sceneID:dev.selfhost.firstActivationProbe-default(2)>
Aug 28 14:33:55.618944 SpringBoard(FrontBoard)[47602] <Debug>: [FBSceneManager] PENDING:   <BSEventQueueEvent: 0x281dd7b40; didUpdateClientSettings-sceneID:dev.selfhost.firstActivationProbe-default(2)> @ back
Aug 28 14:33:55.618961 SpringBoard(FrontBoard)[47602] <Debug>: [FBSceneManager] PENDING:   <BSEventQueueEvent: 0x281dd1d60; didUpdateClientSettingsCompletion-sceneID:dev.selfhost.firstActivationProbe-default(2)> @ back
Aug 28 14:33:55.619033 SpringBoard(FrontBoard)[47602] <Debug>: [FBSceneManager] EXECUTING: <BSEventQueueEvent: 0x281dd7b40; didUpdateClientSettings-sceneID:dev.selfhost.firstActivationProbe-default(2)>
Aug 28 14:33:55.619051 SpringBoard(FrontBoard)[47602] <Debug>: [FBSceneManager] PENDING:   <BSEventQueueEvent: 0x281d284e0; didUpdateClientSettings-sceneID:dev.selfhost.firstActivationProbe-default(2)> @ front
Aug 28 14:33:55.619069 SpringBoard(FrontBoard)[47602] <Debug>: [FBSceneManager] EXECUTING: <BSEventQueueEvent: 0x281d284e0; didUpdateClientSettings-sceneID:dev.selfhost.firstActivationProbe-default(2)>
Aug 28 14:33:55.619119 SpringBoard(FrontBoard)[47602] <Debug>: [FBSceneManager] EXECUTING: <BSEventQueueEvent: 0x281dd1d60; didUpdateClientSettingsCompletion-sceneID:dev.selfhost.firstActivationProbe-default(2)>
Aug 28 14:33:55.620192 Runner(CoreFoundation)[58089] <Debug>: Resource lookup at <private>
Aug 28 14:33:55.620625 Runner(CoreFoundation)[58089] <Debug>: Resource lookup at <private>
Aug 28 14:33:55.620964 runningboardd(RunningBoard)[33] <Debug>: Sending state 0x1010d0d80 for application<dev.selfhost.firstActivationProbe> to [daemon<com.apple.TextInput.kbd>:303]
Aug 28 14:33:55.621015 runningboardd(RunningBoard)[33] <Info>: Finished acquiring assertion 33-47602-7871 (target:[application<dev.selfhost.firstActivationProbe>:58089])
Aug 28 14:33:55.621068 runningboardd(RunningBoard)[33] <Debug>: Adding assertion 33-58089-7872 (target:[application<dev.selfhost.firstActivationProbe>:58089])
Aug 28 14:33:55.621176 runningboardd(RunningBoard)[33] <Info>: application<dev.selfhost.firstActivationProbe> is now targeted by 4 assertions
Aug 28 14:33:55.621226 Runner(CoreFoundation)[58089] <Debug>: Resource lookup at <private>
	Result        : file:///var/containers/Bundle/Application/1EC21BA9-82AA-4B85-B2FC-10B206BC5C35/Runner.app/Frameworks/App.framework/flutter_assets/
Aug 28 14:33:55.621276 Runner(Flutter)[58089] <Notice>: ASSET PATH /var/containers/Bundle/Application/1EC21BA9-82AA-4B85-B2FC-10B206BC5C35/Runner.app/Frameworks/App.framework/flutter_assets
Aug 28 14:33:55.621330 Runner(CoreFoundation)[58089] <Debug>: Resource lookup at <private>
Aug 28 14:33:55.621403 Runner(CoreFoundation)[58089] <Debug>: Resource lookup at <private>
Aug 28 14:33:55.621515 Runner(Flutter)[58089] <Notice>: [INFO:flutter/shell/common/shorebird/shorebird.cc(112)] [shorebird] SetBaseSnapshot mappings: vm_data_size=5178 iso_data_size=556021 vm_insns_size=43584 iso_insns_size=1818768 total=2423551
Aug 28 14:33:55.621578 Runner(Flutter)[58089] <Notice>: [shorebird] Preparing next boot.
Aug 28 14:33:55.621642 Runner(Flutter)[58089] <Notice>: [shorebird] No public key configured; skipping signature verification
Aug 28 14:33:55.621738 runningboardd(RunningBoard)[33] <Info>: Finished acquiring assertion 33-58089-7872 (target:[application<dev.selfhost.firstActivationProbe>:58089])
Aug 28 14:33:55.621780 runningboardd(RunningBoard)[33] <Debug>: Decrementing suppression state to 1 for application<dev.selfhost.firstActivationProbe>
Aug 28 14:33:55.621828 runningboardd(RunningBoard)[33] <Debug>: Updating events for assertion: 33-47602-7871 (target:[application<dev.selfhost.firstActivationProbe>:58089])
Aug 28 14:33:55.621895 runningboardd(RunningBoard)[33] <Debug>: Removing events for context: 33-47602-7871 (target:[application<dev.selfhost.firstActivationProbe>:58089])
Aug 28 14:33:55.622154 cfprefsd(CoreFoundation)[91] <Debug>: Process 58089 (Runner) sent a request related to { com.apple.Metal, user: mobile, kCFPreferencesCurrentHost, /Library/Managed Preferences/mobile/com.apple.Metal.plist, managed: 1 } (0x10183db90)
Aug 28 14:33:55.622319 Runner(Flutter)[58089] <Notice>: [shorebird] Prepared boot of patch 9.
Aug 28 14:33:55.622350 Runner(Flutter)[58089] <Notice>: [INFO:flutter/shell/common/shorebird/shorebird.cc(663)] Shorebird updater: active path: /private/var/mobile/Containers/Data/Application/18E6667F-E66B-4E74-92D9-B14869861554/Library/Application Support/shorebird/shorebird_updater/patches/9/dlc.vmcode
Aug 28 14:33:55.622378 Runner(Flutter)[58089] <Notice>: [INFO:flutter/shell/common/shorebird/shorebird.cc(686)] Shorebird updater: active patch is a Route B container
Aug 28 14:33:55.622427 Runner(Flutter)[58089] <Notice>: [INFO:flutter/shell/common/shorebird/shorebird.cc(762)] Starting Shorebird update
Aug 28 14:33:55.622453 Runner(CoreFoundation)[58089] <Debug>: Resource lookup at <private>
Aug 28 14:33:55.622487 Runner(CoreFoundation)[58089] <Debug>: setting new value <private> for key <private> in CFPrefsSource<0x282f65840> (Domain: Volatile, User: , ByHost: No, Container: , Contents Need Refresh: No)
Aug 28 14:33:55.622508 Runner(CoreFoundation)[58089] <Debug>: looked up value <private> for key METAL_DEVICE_WRAPPER_TYPE in CFPrefsSource<0x282f65840> (Domain: Volatile, User: , ByHost: No, Container: , Contents Need Refresh: No) via CFPrefsSearchListSource<0x281461200> (Domain: dev.selfhost.firstActivationProbe, Container: (null))
Aug 28 14:33:55.622528 Runner(CoreFoundation)[58089] <Debug>: CFPrefsManagedSource<0x281463b00> (Domain: com.apple.Metal, User: kCFPreferencesCurrentUser, ByHost: Yes, Container: (null), Contents Need Refresh: No) loaded: an empty base plist and no additional changes from the base plist
Aug 28 14:33:55.622906 Runner(CoreFoundation)[58089] <Debug>: CFPrefsManagedSource<0x281463780> (Domain: com.apple.Metal, User: kCFPreferencesAnyUser, ByHost: Yes, Container: (null), Contents Need Refresh: No) loaded: an empty base plist and no additional changes from the base plist
Aug 28 14:33:55.622942 Runner(CoreFoundation)[58089] <Debug>: CFPrefsPlistSource<0x281463900> (Domain: com.apple.Metal, User: kCFPreferencesCurrentUser, ByHost: No, Container: (null), Contents Need Refresh: No) loaded: an empty base plist and no additional changes from the base plist
Aug 28 14:33:55.622983 Runner(CoreFoundation)[58089] <Debug>: CFPrefsPlistSource<0x281463800> (Domain: com.apple.Metal, User: kCFPreferencesAnyUser, ByHost: Yes, Container: (null), Contents Need Refresh: No) loaded: an empty base plist and no additional changes from the base plist
Aug 28 14:33:55.623002 Runner(CoreFoundation)[58089] <Debug>: found no value for key UseMetalTelemetry in CFPrefsSearchListSource<0x281463b80> (Domain: com.apple.Metal, Container: (null))
Aug 28 14:33:55.623031 Runner(CoreFoundation)[58089] <Debug>: Resource lookup at <private>
Aug 28 14:33:55.623050 Runner(CoreFoundation)[58089] <Debug>: found no value for key MetalForceCaptureEnabled in CFPrefsSearchListSource<0x281461200> (Domain: dev.selfhost.firstActivationProbe, Container: (null))
Aug 28 14:33:55.623074 Runner(CoreFoundation)[58089] <Debug>: found no value for key VertexInstanceBoundsCheckMode in CFPrefsSearchListSource<0x281463b80> (Domain: com.apple.Metal, Container: (null))
Aug 28 14:33:55.623093 Runner(CoreFoundation)[58089] <Debug>: found no value for key DisableDriverSuballocation in CFPrefsSearchListSource<0x281463b80> (Domain: com.apple.Metal, Container: (null))
Aug 28 14:33:55.623111 Runner(CoreFoundation)[58089] <Debug>: found no value for key CPUMappingForPrivateTexturesMode in CFPrefsSearchListSource<0x281463b80> (Domain: com.apple.Metal, Container: (null))
Aug 28 14:33:55.623130 Runner(CoreFoundation)[58089] <Debug>: found no value for key IOSurfaceCompressedWriteValidation in CFPrefsSearchListSource<0x281463b80> (Domain: com.apple.Metal, Container: (null))
Aug 28 14:33:55.623183 Runner(CoreFoundation)[58089] <Debug>: Language lookup at <private>
Aug 28 14:33:55.623220 Runner(CoreFoundation)[58089] <Debug>: Resource lookup at <private>
Aug 28 14:33:55.623246 Runner(CoreFoundation)[58089] <Debug>: Resource lookup at <private>
Aug 28 14:33:55.623265 Runner(CoreFoundation)[58089] <Debug>: Resource lookup at <private>
Aug 28 14:33:55.623291 Runner(CoreFoundation)[58089] <Debug>: Resource lookup at <private>
Aug 28 14:33:55.623310 Runner(CoreFoundation)[58089] <Debug>: Resource lookup at <private>
Aug 28 14:33:55.623369 Runner(CoreFoundation)[58089] <Debug>: Resource lookup at <private>
Aug 28 14:33:55.623394 Runner(CoreFoundation)[58089] <Debug>: Resource lookup at <private>
Aug 28 14:33:55.623438 Runner(CoreFoundation)[58089] <Debug>: Resource lookup at <private>
Aug 28 14:33:55.623475 Runner(CoreFoundation)[58089] <Debug>: Resource lookup at <private>
Aug 28 14:33:55.623498 Runner(CoreFoundation)[58089] <Debug>: Resource lookup at <private>
Aug 28 14:33:55.623533 kernel(Sandbox)[0] <Error>: Sandbox: Runner(58089) deny(1) sysctl-read kern.iossupportversion
Aug 28 14:33:55.623569 Runner(CoreFoundation)[58089] <Debug>: Resource lookup at <private>
Aug 28 14:33:55.623588 Runner(CoreFoundation)[58089] <Debug>: Resource lookup at <private>
Aug 28 14:33:55.623615 Runner(CoreFoundation)[58089] <Debug>: Resource lookup at <private>
Aug 28 14:33:55.623633 Runner(Flutter)[58089] <Notice>: [shorebird] Sending patch check request: PatchCheckRequest { app_id: "235a9d93-ef97-6372-d78a-ce88f798a726", channel: "stable", release_version: "1.3.0+1", platform: "ios", arch: "aarch64", client_id: "eb65ad4b-0c7a-4c80-8d71-7e98c91af47a", current_patch_number: Some(9) }
Aug 28 14:33:55.623657 Runner(CoreFoundation)[58089] <Debug>: Resource lookup at <private>
Aug 28 14:33:55.623685 kernel(Sandbox)[0] <Error>: Sandbox: Runner(58089) deny(1) sysctl-read machdep.cpu.brand_string
Aug 28 14:33:55.623723 Runner(CoreFoundation)[58089] <Debug>: Resource lookup at <private>
Aug 28 14:33:55.623742 Runner(CoreFoundation)[58089] <Debug>: Resource lookup at <private>
Aug 28 14:33:55.623761 Runner(CoreFoundation)[58089] <Debug>: found no value for key UIViewLayoutFeedbackLoopDebuggingThreshold in CFPrefsSearchListSource<0x281461200> (Domain: dev.selfhost.firstActivationProbe, Container: (null))
Aug 28 14:33:55.623780 Runner(CoreFoundation)[58089] <Debug>: found no value for key UIViewUseStaleDelegateContentInsets in CFPrefsSearchListSource<0x281461200> (Domain: dev.selfhost.firstActivationProbe, Container: (null))
Aug 28 14:33:55.623798 Runner(CoreFoundation)[58089] <Debug>: found no value for key _UIConstraintBasedLayoutEngageNonLazily in CFPrefsSearchListSource<0x281461200> (Domain: dev.selfhost.firstActivationProbe, Container: (null))
Aug 28 14:33:55.623816 Runner(CoreFoundation)[58089] <Debug>: Resource lookup at <private>
Aug 28 14:33:55.623880 Runner(CoreFoundation)[58089] <Debug>: Resource lookup at <private>
Aug 28 14:33:55.623902 Runner(CoreFoundation)[58089] <Debug>: setting new value <private> for key <private> in CFPrefsSource<0x282f65840> (Domain: Volatile, User: , ByHost: No, Container: , Contents Need Refresh: No)
Aug 28 14:33:55.623921 Runner(CoreFoundation)[58089] <Debug>: looked up value <private> for key METAL_ERROR_MODE in CFPrefsSource<0x282f65840> (Domain: Volatile, User: , ByHost: No, Container: , Contents Need Refresh: No) via CFPrefsSearchListSource<0x281461200> (Domain: dev.selfhost.firstActivationProbe, Container: (null))
Aug 28 14:33:55.623940 Runner(CoreFoundation)[58089] <Debug>: setting new value <private> for key <private> in CFPrefsSource<0x282f65840> (Domain: Volatile, User: , ByHost: No, Container: , Contents Need Refresh: No)
Aug 28 14:33:55.623961 Runner(CoreFoundation)[58089] <Debug>: looked up value <private> for key METAL_DEBUG_ERROR_MODE in CFPrefsSource<0x282f65840> (Domain: Volatile, User: , ByHost: No, Container: , Contents Need Refresh: No) via CFPrefsSearchListSource<0x281461200> (Domain: dev.selfhost.firstActivationProbe, Container: (null))
Aug 28 14:33:55.623979 Runner(CoreFoundation)[58089] <Debug>: setting new value <private> for key <private> in CFPrefsSource<0x282f65840> (Domain: Volatile, User: , ByHost: No, Container: , Contents Need Refresh: No)
Aug 28 14:33:55.623998 Runner(CoreFoundation)[58089] <Debug>: looked up value <private> for key METAL_WARNING_MODE in CFPrefsSource<0x282f65840> (Domain: Volatile, User: , ByHost: No, Container: , Contents Need Refresh: No) via CFPrefsSearchListSource<0x281461200> (Domain: dev.selfhost.firstActivationProbe, Container: (null))
Aug 28 14:33:55.624016 Runner(CoreFoundation)[58089] <Debug>: setting new value <private> for key <private> in CFPrefsSource<0x282f65840> (Domain: Volatile, User: , ByHost: No, Container: , Contents Need Refresh: No)
Aug 28 14:33:55.624035 Runner(CoreFoundation)[58089] <Debug>: looked up value <private> for key METAL_ERROR_CHECK_EXTENDED_MODE in CFPrefsSource<0x282f65840> (Domain: Volatile, User: , ByHost: No, Container: , Contents Need Refresh: No) via CFPrefsSearchListSource<0x281461200> (Domain: dev.selfhost.firstActivationProbe, Container: (null))
Aug 28 14:33:55.624083 Runner(CoreFoundation)[58089] <Debug>: found no value for key dataBufferCachingOverride in CFPrefsSearchListSource<0x281463b80> (Domain: com.apple.Metal, Container: (null))
Aug 28 14:33:55.624107 Runner(CoreFoundation)[58089] <Debug>: found no value for key disableBlitEncoderCoalescing in CFPrefsPlistSource<0x281463900> (Domain: com.apple.Metal, User: kCFPreferencesCurrentUser, ByHost: No, Container: (null), Contents Need Refresh: No)
Aug 28 14:33:55.624131 Runner(CoreFoundation)[58089] <Debug>: found no value for key disableEncoderCoalescing in CFPrefsPlistSource<0x281463900> (Domain: com.apple.Metal, User: kCFPreferencesCurrentUser, ByHost: No, Container: (null), Contents Need Refresh: No)
Aug 28 14:33:55.624150 Runner(CoreFoundation)[58089] <Debug>: Resource lookup at <private>
Aug 28 14:33:55.624167 Runner(CoreFoundation)[58089] <Debug>: Resource lookup at <private>
Aug 28 14:33:55.624186 Runner(CoreFoundation)[58089] <Debug>: looked up value <private> for key AppleLanguages in CFPrefsPlistSource<0x281467380> (Domain: kCFPreferencesAnyApplication, User: kCFPreferencesCurrentUser, ByHost: No, Container: (null), Contents Need Refresh: No) via CFPrefsSearchListSource<0x281461200> (Domain: dev.selfhost.firstActivationProbe, Container: (null))
Aug 28 14:33:55.624204 Runner(CoreFoundation)[58089] <Debug>: Resource lookup at <private>
Aug 28 14:33:55.624223 Runner(CoreFoundation)[58089] <Debug>: Resource lookup at <private>
Aug 28 14:33:55.624241 Runner(CoreFoundation)[58089] <Debug>: Resource lookup at <private>
Aug 28 14:33:55.624258 Runner(CoreFoundation)[58089] <Debug>: Resource lookup at <private>
Aug 28 14:33:55.624276 Runner(CoreFoundation)[58089] <Debug>: Resource lookup at <private>
Aug 28 14:33:55.624294 Runner(CoreFoundation)[58089] <Debug>: Resource lookup at <private>
Aug 28 14:33:55.624313 Runner(CoreFoundation)[58089] <Debug>: Resource lookup at <private>
	Result        : file:///private/var/containers/Bundle/Application/1EC21BA9-82AA-4B85-B2FC-10B206BC5C35/Runner.app/Base.lproj/LaunchScreen.storyboardc/
Aug 28 14:33:55.624331 Runner(CoreFoundation)[58089] <Debug>: Resource lookup at <private>
	Result        : file:///private/var/containers/Bundle/Application/1EC21BA9-82AA-4B85-B2FC-10B206BC5C35/Runner.app/Base.lproj/LaunchScreen.storyboardc/
Aug 28 14:33:55.624445 SpringBoard(RunningBoardServices)[47602] <Info>: Update delivered for [application<dev.selfhost.firstActivationProbe>:58089] with taskState 4
Aug 28 14:33:55.624464 Runner(CoreFoundation)[58089] <Debug>: Resource lookup at <private>
	Result        : file:///private/var/containers/Bundle/Application/1EC21BA9-82AA-4B85-B2FC-10B206BC5C35/Runner.app/Base.lproj/LaunchScreen.storyboardc/UIViewController-01J-lp-oVM.nib
Aug 28 14:33:55.624483 Runner(CoreFoundation)[58089] <Debug>: Resource lookup at <private>
	Result        : file:///private/var/containers/Bundle/Application/1EC21BA9-82AA-4B85-B2FC-10B206BC5C35/Runner.app/Base.lproj/LaunchScreen.storyboardc/01J-lp-oVM-view-Ze5-6b-2t3.nib
Aug 28 14:33:55.624502 Runner(CoreFoundation)[58089] <Debug>: Resource lookup at <private>
	Result        : file:///private/var/containers/Bundle/Application/1EC21BA9-82AA-4B85-B2FC-10B206BC5C35/Runner.app/Base.lproj/LaunchScreen.storyboardc/
Aug 28 14:33:55.624520 Runner(CoreFoundation)[58089] <Debug>: Resource lookup at <private>
	Result        : file:///private/var/containers/Bundle/Application/1EC21BA9-82AA-4B85-B2FC-10B206BC5C35/Runner.app/Base.lproj/LaunchScreen.storyboardc/01J-lp-oVM-view-Ze5-6b-2t3.nib
Aug 28 14:33:55.624559 Runner(CoreFoundation)[58089] <Debug>: found no value for key _UIConstraintBasedLayout in CFPrefsSearchListSource<0x281461200> (Domain: dev.selfhost.firstActivationProbe, Container: (null))
Aug 28 14:33:55.624579 Runner(CoreFoundation)[58089] <Debug>: Resource lookup at <private>
	Result        : file:///private/var/containers/Bundle/Application/1EC21BA9-82AA-4B85-B2FC-10B206BC5C35/Runner.app/Assets.car
Aug 28 14:33:55.624597 Runner(CoreFoundation)[58089] <Debug>: found no value for key CUIShowDebugLogs in CFPrefsSearchListSource<0x281461200> (Domain: dev.selfhost.firstActivationProbe, Container: (null))
Aug 28 14:33:55.624617 Runner(CoreFoundation)[58089] <Debug>: found no value for key CGAllowDebuggingDefaults in CFPrefsPlistSource<0x281467380> (Domain: kCFPreferencesAnyApplication, User: kCFPreferencesCurrentUser, ByHost: No, Container: (null), Contents Need Refresh: No)
Aug 28 14:33:55.624634 Runner(CoreFoundation)[58089] <Debug>: found no value for key NSConstraintBasedLayoutTrackAllocation in CFPrefsSearchListSource<0x281461200> (Domain: dev.selfhost.firstActivationProbe, Container: (null))
Aug 28 14:33:55.624652 Runner(CoreFoundation)[58089] <Debug>: found no value for key UIViewShowAlignmentRects in CFPrefsSearchListSource<0x281461200> (Domain: dev.selfhost.firstActivationProbe, Container: (null))
Aug 28 14:33:55.624695 Runner(CoreFoundation)[58089] <Debug>: found no value for key NSConstraintBasedLayoutAriadneTracepoints in CFPrefsSearchListSource<0x281461200> (Domain: dev.selfhost.firstActivationProbe, Container: (null))
Aug 28 14:33:55.624725 Runner(CoreFoundation)[58089] <Debug>: Resource lookup at <private>
Aug 28 14:33:55.624744 Runner(CoreFoundation)[58089] <Debug>: found no value for key ReduceMotionEnabled in CFPrefsSearchListSource<0x281462e80> (Domain: com.apple.Accessibility, Container: (null))
Aug 28 14:33:55.624768 Runner(libAccessibility.dylib)[58089] <Debug>: CF Read: domain = com.apple.Accessibility, preference = ReduceMotionEnabled, appID = (null) result = (null) (-1 - empty, 0 - false, 1 - true)
Aug 28 14:33:55.624787 Runner(CoreFoundation)[58089] <Debug>: found no value for key ReduceMotionEnabled in CFPrefsPlistSource<0x281462f00> (Domain: com.apple.Accessibility, User: kCFPreferencesCurrentUser, ByHost: No, Container: (null), Contents Need Refresh: No)
Aug 28 14:33:55.624825 SpringBoard(FrontBoard)[47602] <Info>: [sceneID:dev.selfhost.firstActivationProbe-default] Client settings updated with diff: <private>
Aug 28 14:33:55.624843 SpringBoard(FrontBoard)[47602] <Info>: [sceneID:dev.selfhost.firstActivationProbe-default] didUpdateClientSettingsWithDiff: <private>
Aug 28 14:33:55.624862 SpringBoard(FrontBoard)[47602] <Debug>: [FBSceneManager] PENDING:   <BSEventQueueEvent: 0x281d395a0; handleDidUpdateClientSettings-sceneID:dev.selfhost.firstActivationProbe-default(2)> @ back
Aug 28 14:33:55.624880 SpringBoard(FrontBoard)[47602] <Debug>: [FBSceneManager] EXECUTING: <BSEventQueueEvent: 0x281d395a0; handleDidUpdateClientSettings-sceneID:dev.selfhost.firstActivationProbe-default(2)>
Aug 28 14:33:55.624943 SpringBoard(FrontBoard)[47602] <Debug>: [FBSceneManager] PENDING:   <BSEventQueueEvent: 0x281d368c0; didUpdateClientSettings-sceneID:dev.selfhost.firstActivationProbe-default(2)> @ back
Aug 28 14:33:55.624974 SpringBoard(FrontBoard)[47602] <Debug>: [FBSceneManager] PENDING:   <BSEventQueueEvent: 0x281d6e140; didUpdateClientSettingsCompletion-sceneID:dev.selfhost.firstActivationProbe-default(2)> @ back
Aug 28 14:33:55.625095 SpringBoard(FrontBoard)[47602] <Debug>: [FBSceneManager] EXECUTING: <BSEventQueueEvent: 0x281d368c0; didUpdateClientSettings-sceneID:dev.selfhost.firstActivationProbe-default(2)>
Aug 28 14:33:55.625118 SpringBoard(FrontBoard)[47602] <Debug>: [FBSceneManager] PENDING:   <BSEventQueueEvent: 0x281d5c5c0; didUpdateClientSettings-sceneID:dev.selfhost.firstActivationProbe-default(2)> @ front
Aug 28 14:33:55.625136 SpringBoard(FrontBoard)[47602] <Debug>: [FBSceneManager] EXECUTING: <BSEventQueueEvent: 0x281d5c5c0; didUpdateClientSettings-sceneID:dev.selfhost.firstActivationProbe-default(2)>
Aug 28 14:33:55.625211 SpringBoard(FrontBoard)[47602] <Debug>: [FBSceneManager] EXECUTING: <BSEventQueueEvent: 0x281d6e140; didUpdateClientSettingsCompletion-sceneID:dev.selfhost.firstActivationProbe-default(2)>
Aug 28 14:33:55.625532 SpringBoard(FrontBoard)[47602] <Info>: [sceneID:dev.selfhost.firstActivationProbe-default] Client settings updated with diff: <private>
Aug 28 14:33:55.625566 SpringBoard(FrontBoard)[47602] <Info>: [sceneID:dev.selfhost.firstActivationProbe-default] didUpdateClientSettingsWithDiff: <private>
Aug 28 14:33:55.625611 SpringBoard(FrontBoard)[47602] <Debug>: [FBSceneManager] PENDING:   <BSEventQueueEvent: 0x281d53c40; handleDidUpdateClientSettings-sceneID:dev.selfhost.firstActivationProbe-default(2)> @ back
Aug 28 14:33:55.625648 SpringBoard(FrontBoard)[47602] <Debug>: [FBSceneManager] EXECUTING: <BSEventQueueEvent: 0x281d53c40; handleDidUpdateClientSettings-sceneID:dev.selfhost.firstActivationProbe-default(2)>
Aug 28 14:33:55.625737 SpringBoard(FrontBoard)[47602] <Debug>: [FBSceneManager] PENDING:   <BSEventQueueEvent: 0x281d5cfe0; didUpdateClientSettings-sceneID:dev.selfhost.firstActivationProbe-default(2)> @ back
Aug 28 14:33:55.625786 SpringBoard(FrontBoard)[47602] <Debug>: [FBSceneManager] PENDING:   <BSEventQueueEvent: 0x281d43a20; didUpdateClientSettingsCompletion-sceneID:dev.selfhost.firstActivationProbe-default(2)> @ back
Aug 28 14:33:55.625884 SpringBoard(FrontBoard)[47602] <Debug>: [FBSceneManager] EXECUTING: <BSEventQueueEvent: 0x281d5cfe0; didUpdateClientSettings-sceneID:dev.selfhost.firstActivationProbe-default(2)>
Aug 28 14:33:55.625905 Runner(CoreFoundation)[58089] <Debug>: Resource lookup at <private>
Aug 28 14:33:55.625923 Runner(CoreFoundation)[58089] <Debug>: Resource lookup at <private>
Aug 28 14:33:55.625941 Runner(CoreFoundation)[58089] <Debug>: Resource lookup at <private>
Aug 28 14:33:55.625958 Runner(CoreFoundation)[58089] <Debug>: Resource lookup at <private>
Aug 28 14:33:55.625976 Runner(CoreFoundation)[58089] <Debug>: found no value for key UIScrollViewForceConvertSafeAreaToContentInsetPreference in CFPrefsSearchListSource<0x281461200> (Domain: dev.selfhost.firstActivationProbe, Container: (null))
Aug 28 14:33:55.625995 Runner(CoreFoundation)[58089] <Debug>: found no value for key UIBarsApplyChromelessEverywhere in CFPrefsSearchListSource<0x281461200> (Domain: dev.selfhost.firstActivationProbe, Container: (null))
Aug 28 14:33:55.626013 SpringBoard(FrontBoard)[47602] <Debug>: [FBSceneManager] PENDING:   <BSEventQueueEvent: 0x281d46780; didUpdateClientSettings-sceneID:dev.selfhost.firstActivationProbe-default(2)> @ front
Aug 28 14:33:55.626030 SpringBoard(FrontBoard)[47602] <Debug>: [FBSceneManager] EXECUTING: <BSEventQueueEvent: 0x281d46780; didUpdateClientSettings-sceneID:dev.selfhost.firstActivationProbe-default(2)>
Aug 28 14:33:55.626082 SpringBoard(FrontBoard)[47602] <Debug>: [FBSceneManager] EXECUTING: <BSEventQueueEvent: 0x281d43a20; didUpdateClientSettingsCompletion-sceneID:dev.selfhost.firstActivationProbe-default(2)>
Aug 28 14:33:55.626236 runningboardd(RunningBoard)[33] <Debug>: Sending state 0x1010d0d80 for application<dev.selfhost.firstActivationProbe> to [daemon<com.apple.contextstored>:61]
Aug 28 14:33:55.626269 runningboardd(RunningBoard)[33] <Debug>: Updating events for assertion: 33-58089-7872 (target:[application<dev.selfhost.firstActivationProbe>:58089])
Aug 28 14:33:55.626297 runningboardd(RunningBoard)[33] <Debug>: Removing events for context: 33-58089-7872 (target:[application<dev.selfhost.firstActivationProbe>:58089])
Aug 28 14:33:55.626344 runningboardd(RunningBoard)[33] <Debug>: Sending state 0x1010d0d80 for application<dev.selfhost.firstActivationProbe> to [daemon<com.apple.telephonyutilities.callservicesd>:131]
Aug 28 14:33:55.626366 runningboardd(RunningBoard)[33] <Debug>: Sending state 0x1010d0d80 for application<dev.selfhost.firstActivationProbe> to [daemon<com.apple.backboardd>:65]
Aug 28 14:33:55.626452 runningboardd(RunningBoard)[33] <Debug>: Sending state 0x1010d0d80 for application<dev.selfhost.firstActivationProbe> to [daemon<com.apple.watchdogd>:57]
Aug 28 14:33:55.630953 mediaserverd(RunningBoardServices)[36] <Notice>: Hit the server for a process handle 11d14b4e0000e2e9 that resolved to: [application<dev.selfhost.firstActivationProbe>:58089]
Aug 28 14:33:55.631692 mediaserverd(RunningBoardServices)[36] <Info>: Update delivered for [application<dev.selfhost.firstActivationProbe>:58089] with taskState 4
Aug 28 14:33:55.631759 mediaserverd(MediaExperience)[36] <Notice>: -CMSessionMgr- CMSessionMgrHandleApplicationStateChange: Client dev.selfhost.firstActivationProbe with pid '58089' is now Foreground Running. Background entitlement: NO ActiveLongFormVideoSession: NO WhitelistedLongFormVideoApp NO
Aug 28 14:33:55.632924 mediaserverd(MediaExperience)[36] <Notice>: -CMSessionMgr- CMSessionMgrHandleApplicationStateChange: Sending EndInterruption to dev.selfhost.firstActivationProbe with pid '58089' because client moved to ForegroundRunning and is not allowed to play in the background
Aug 28 14:33:55.633149 Runner(CoreFoundation)[58089] <Debug>: looked up value <private> for key AppleLanguages in CFPrefsPlistSource<0x281467380> (Domain: kCFPreferencesAnyApplication, User: kCFPreferencesCurrentUser, ByHost: No, Container: (null), Contents Need Refresh: No) via CFPrefsSearchListSource<0x281461200> (Domain: dev.selfhost.firstActivationProbe, Container: (null))
Aug 28 14:33:55.633169 Runner(Flutter)[58089] <Notice>: [ERROR:flutter/shell/common/shorebird/shorebird.cc(210)] ROUTEB: hook entered
Aug 28 14:33:55.634459 SpringBoard(SpringBoardServices)[47602] <Debug>: [SBMig] Runner:58089 calling _SBXXDeactivateReachability (msgID 100052) --> implemented by SpringBoard.
Aug 28 14:33:55.634860 Runner(Flutter)[58089] <Notice>: [ERROR:flutter/shell/common/shorebird/shorebird.cc(210)] ROUTEB: parsed, targets=1, built-for=1db897c72e9c358db599a2d62fbb2a68
Aug 28 14:33:55.634896 Runner(Flutter)[58089] <Notice>: [ERROR:flutter/shell/common/shorebird/shorebird.cc(210)] ROUTEB: running=1db897c72e9c358db599a2d62fbb2a68
Aug 28 14:33:55.634928 Runner(Flutter)[58089] <Notice>: [ERROR:flutter/shell/common/shorebird/shorebird.cc(210)] ROUTEB: assert-pool-offset supplied=0xd4a8
Aug 28 14:33:55.634951 Runner(Flutter)[58089] <Notice>: [shorebird] Patch check response: PatchCheckResponse { patch_available: false, patch: None, rolled_back_patch_numbers: Some([]) }
Aug 28 14:33:55.634979 Runner(Flutter)[58089] <Notice>: ROUTEB: activated activationState in package:first_activation_probe/main.dart before main
Aug 28 14:33:55.634996 Runner(Flutter)[58089] <Notice>: [ERROR:flutter/shell/common/shorebird/shorebird.cc(210)] ROUTEB: applied 1/1 targets, entering main
Aug 28 14:33:55.635707 Runner(CoreFoundation)[58089] <Debug>: found no value for key UseSingleSystemColor in CFPrefsSearchListSource<0x281462e80> (Domain: com.apple.Accessibility, Container: (null))
Aug 28 14:33:55.635736 Runner(libAccessibility.dylib)[58089] <Debug>: CF Read: domain = com.apple.Accessibility, preference = UseSingleSystemColor, appID = (null) result = (null) (-1 - empty, 0 - false, 1 - true)
Aug 28 14:33:55.635754 Runner(CoreFoundation)[58089] <Debug>: found no value for key UseSingleSystemColor in CFPrefsPlistSource<0x281462f00> (Domain: com.apple.Accessibility, User: kCFPreferencesCurrentUser, ByHost: No, Container: (null), Contents Need Refresh: No)
Aug 28 14:33:55.635782 Runner(CoreFoundation)[58089] <Debug>: found no value for key UIViewLocalizeOverrideLayoutEngine in CFPrefsSearchListSource<0x281461200> (Domain: dev.selfhost.firstActivationProbe, Container: (null))
Aug 28 14:33:55.636347 Runner(CoreFoundation)[58089] <Debug>: found no value for key NSPreTigerAttributedStringHash in CFPrefsSearchListSource<0x281461200> (Domain: dev.selfhost.firstActivationProbe, Container: (null))
Aug 28 14:33:55.636470 Runner(CoreFoundation)[58089] <Debug>: looked up value <private> for key AppleLanguages in CFPrefsPlistSource<0x281467380> (Domain: kCFPreferencesAnyApplication, User: kCFPreferencesCurrentUser, ByHost: No, Container: (null), Contents Need Refresh: No) via CFPrefsSearchListSource<0x281461200> (Domain: dev.selfhost.firstActivationProbe, Container: (null))
Aug 28 14:33:55.639509 Runner(CoreFoundation)[58089] <Debug>: looked up value <private> for key AppleLanguages in CFPrefsPlistSource<0x281467380> (Domain: kCFPreferencesAnyApplication, User: kCFPreferencesCurrentUser, ByHost: No, Container: (null), Contents Need Refresh: No) via CFPrefsSearchListSource<0x281461200> (Domain: dev.selfhost.firstActivationProbe, Container: (null))
Aug 28 14:33:55.639535 Runner(CoreFoundation)[58089] <Debug>: Resource lookup at <private>
Aug 28 14:33:55.639558 Runner(CoreFoundation)[58089] <Debug>: found no value for key NSConstraintBasedLayoutDebug in CFPrefsSearchListSource<0x281461200> (Domain: dev.selfhost.firstActivationProbe, Container: (null))
Aug 28 14:33:55.639576 Runner(CoreFoundation)[58089] <Debug>: found no value for key NSConstraintBasedLayoutAllowUnoptimizedReads in CFPrefsSearchListSource<0x281461200> (Domain: dev.selfhost.firstActivationProbe, Container: (null))
Aug 28 14:33:55.639594 Runner(CoreFoundation)[58089] <Debug>: found no value for key NSConstraintBasedLayoutDebugEngineConsistency in CFPrefsSearchListSource<0x281461200> (Domain: dev.selfhost.firstActivationProbe, Container: (null))
Aug 28 14:33:55.639613 Runner(CoreFoundation)[58089] <Debug>: found no value for key NSConstraintBasedLayoutVariableChangeTransactions in CFPrefsSearchListSource<0x281461200> (Domain: dev.selfhost.firstActivationProbe, Container: (null))
Aug 28 14:33:55.640558 Runner(CoreFoundation)[58089] <Debug>: found no value for key NSConstraintBasedLayoutDeferOptimization in CFPrefsSearchListSource<0x281461200> (Domain: dev.selfhost.firstActivationProbe, Container: (null))
Aug 28 14:33:55.640603 Runner(CoreFoundation)[58089] <Debug>: found no value for key UIViewControllerDetachedInheritsContentOverlayInsetsFromSuperview in CFPrefsSearchListSource<0x281461200> (Domain: dev.selfhost.firstActivationProbe, Container: (null))
Aug 28 14:33:55.640622 Runner(CoreFoundation)[58089] <Debug>: found no value for key ModernContentOverlayInsetsPropagation in CFPrefsSearchListSource<0x281461200> (Domain: dev.selfhost.firstActivationProbe, Container: (null))
Aug 28 14:33:55.640690 Runner(CoreFoundation)[58089] <Debug>: found no value for key LogStatusBar in CFPrefsSearchListSource<0x281466c80> (Domain: com.apple.UIKit, Container: (null))
Aug 28 14:33:55.640734 Runner(UIKitCore)[58089] <Notice>: Key window API is scene-level: YES
Aug 28 14:33:55.640871 SpringBoard(FrontBoard)[47602] <Info>: [sceneID:dev.selfhost.firstActivationProbe-default] Client settings updated with diff: <private>
Aug 28 14:33:55.641060 SpringBoard(FrontBoard)[47602] <Info>: [sceneID:dev.selfhost.firstActivationProbe-default] didUpdateClientSettingsWithDiff: <private>
Aug 28 14:33:55.641107 SpringBoard(FrontBoard)[47602] <Debug>: [FBSceneManager] PENDING:   <BSEventQueueEvent: 0x281c4e3e0; handleDidUpdateClientSettings-sceneID:dev.selfhost.firstActivationProbe-default(2)> @ back
Aug 28 14:33:55.641149 SpringBoard(FrontBoard)[47602] <Debug>: [FBSceneManager] EXECUTING: <BSEventQueueEvent: 0x281c4e3e0; handleDidUpdateClientSettings-sceneID:dev.selfhost.firstActivationProbe-default(2)>
Aug 28 14:33:55.641221 SpringBoard(FrontBoard)[47602] <Info>: [sceneID:dev.selfhost.firstActivationProbe-default] Client settings updated with diff: <private>
Aug 28 14:33:55.641338 SpringBoard(FrontBoard)[47602] <Debug>: [FBSceneManager] PENDING:   <BSEventQueueEvent: 0x281c4c640; didUpdateClientSettings-sceneID:dev.selfhost.firstActivationProbe-default(2)> @ back
Aug 28 14:33:55.641375 SpringBoard(FrontBoard)[47602] <Debug>: [FBSceneManager] PENDING:   <BSEventQueueEvent: 0x281c402c0; didUpdateClientSettingsCompletion-sceneID:dev.selfhost.firstActivationProbe-default(2)> @ back
Aug 28 14:33:55.641396 SpringBoard(FrontBoard)[47602] <Info>: [sceneID:dev.selfhost.firstActivationProbe-default] Client settings updated with diff: <private>
Aug 28 14:33:55.641432 SpringBoard(FrontBoard)[47602] <Info>: [sceneID:dev.selfhost.firstActivationProbe-default] Client settings updated with diff: <private>
Aug 28 14:33:55.641521 SpringBoard(FrontBoard)[47602] <Debug>: [FBSceneManager] EXECUTING: <BSEventQueueEvent: 0x281c4c640; didUpdateClientSettings-sceneID:dev.selfhost.firstActivationProbe-default(2)>
Aug 28 14:33:55.641539 SpringBoard(FrontBoard)[47602] <Debug>: [FBSceneManager] PENDING:   <BSEventQueueEvent: 0x281c77c80; didUpdateClientSettings-sceneID:dev.selfhost.firstActivationProbe-default(2)> @ front
Aug 28 14:33:55.641575 SpringBoard(FrontBoard)[47602] <Debug>: [FBSceneManager] EXECUTING: <BSEventQueueEvent: 0x281c77c80; didUpdateClientSettings-sceneID:dev.selfhost.firstActivationProbe-default(2)>
Aug 28 14:33:55.641949 SpringBoard(FrontBoard)[47602] <Debug>: [FBSceneManager] EXECUTING: <BSEventQueueEvent: 0x281c402c0; didUpdateClientSettingsCompletion-sceneID:dev.selfhost.firstActivationProbe-default(2)>
Aug 28 14:33:55.642208 backboardd(BackBoardHIDEventFoundation)[65] <Notice>: new deferring rules for pid:58089: [<environment: keyboardFocus; display: builtin; token: com.apple.frontboard.systemappservices::sceneID%3Adev.selfhost.firstActivationProbe-default> -> <pid: 58089; token: 0x577B5B29> reason: "1-deferDiscrete: UIWindowScene: 0x100a0dee0: Begin event deferring in keyboardFocus for window: 0x10282c8f0"]
Aug 28 14:33:55.642251 SpringBoard(FrontBoard)[47602] <Info>: [sceneID:dev.selfhost.firstActivationProbe-default] didUpdateClientSettingsWithDiff: (null)
Aug 28 14:33:55.642321 SpringBoard(FrontBoard)[47602] <Debug>: [FBSceneManager] PENDING:   <BSEventQueueEvent: 0x281c4c760; handleDidUpdateClientSettings-sceneID:dev.selfhost.firstActivationProbe-default(2)> @ back
Aug 28 14:33:55.642358 SpringBoard(FrontBoard)[47602] <Debug>: [FBSceneManager] EXECUTING: <BSEventQueueEvent: 0x281c4c760; handleDidUpdateClientSettings-sceneID:dev.selfhost.firstActivationProbe-default(2)>
Aug 28 14:33:55.642788 SpringBoard(FrontBoard)[47602] <Debug>: [FBSceneManager] PENDING:   <BSEventQueueEvent: 0x281c7c2a0; didUpdateClientSettings-sceneID:dev.selfhost.firstActivationProbe-default(2)> @ back
Aug 28 14:33:55.642897 SpringBoard(FrontBoard)[47602] <Debug>: [FBSceneManager] PENDING:   <BSEventQueueEvent: 0x281d5f7a0; didUpdateClientSettingsCompletion-sceneID:dev.selfhost.firstActivationProbe-default(2)> @ back
Aug 28 14:33:55.643034 SpringBoard(FrontBoard)[47602] <Debug>: [FBSceneManager] EXECUTING: <BSEventQueueEvent: 0x281c7c2a0; didUpdateClientSettings-sceneID:dev.selfhost.firstActivationProbe-default(2)>
Aug 28 14:33:55.643229 SpringBoard(FrontBoard)[47602] <Debug>: [FBSceneManager] PENDING:   <BSEventQueueEvent: 0x281c7f3c0; didUpdateClientSettings-sceneID:dev.selfhost.firstActivationProbe-default(2)> @ front
Aug 28 14:33:55.643324 SpringBoard(FrontBoard)[47602] <Debug>: [FBSceneManager] EXECUTING: <BSEventQueueEvent: 0x281c7f3c0; didUpdateClientSettings-sceneID:dev.selfhost.firstActivationProbe-default(2)>
Aug 28 14:33:55.643788 SpringBoard(FrontBoard)[47602] <Debug>: [FBSceneManager] EXECUTING: <BSEventQueueEvent: 0x281d5f7a0; didUpdateClientSettingsCompletion-sceneID:dev.selfhost.firstActivationProbe-default(2)>
Aug 28 14:33:55.644551 SpringBoard(FrontBoard)[47602] <Info>: [sceneID:dev.selfhost.firstActivationProbe-default] didUpdateClientSettingsWithDiff: <private>
Aug 28 14:33:55.644661 SpringBoard(FrontBoard)[47602] <Debug>: [FBSceneManager] PENDING:   <BSEventQueueEvent: 0x281c6ed80; handleDidUpdateClientSettings-sceneID:dev.selfhost.firstActivationProbe-default(2)> @ back
Aug 28 14:33:55.644717 SpringBoard(FrontBoard)[47602] <Debug>: [FBSceneManager] EXECUTING: <BSEventQueueEvent: 0x281c6ed80; handleDidUpdateClientSettings-sceneID:dev.selfhost.firstActivationProbe-default(2)>
Aug 28 14:33:55.644902 SpringBoard(FrontBoard)[47602] <Debug>: [FBSceneManager] PENDING:   <BSEventQueueEvent: 0x281c79ee0; didUpdateClientSettings-sceneID:dev.selfhost.firstActivationProbe-default(2)> @ back
Aug 28 14:33:55.645088 SpringBoard(FrontBoard)[47602] <Debug>: [FBSceneManager] PENDING:   <BSEventQueueEvent: 0x281c6cf20; didUpdateClientSettingsCompletion-sceneID:dev.selfhost.firstActivationProbe-default(2)> @ back
Aug 28 14:33:55.645783 SpringBoard(FrontBoard)[47602] <Debug>: [FBSceneManager] EXECUTING: <BSEventQueueEvent: 0x281c79ee0; didUpdateClientSettings-sceneID:dev.selfhost.firstActivationProbe-default(2)>
Aug 28 14:33:55.645819 SpringBoard(FrontBoard)[47602] <Debug>: [FBSceneManager] PENDING:   <BSEventQueueEvent: 0x281c6d080; didUpdateClientSettings-sceneID:dev.selfhost.firstActivationProbe-default(2)> @ front
Aug 28 14:33:55.645892 SpringBoard(FrontBoard)[47602] <Debug>: [FBSceneManager] EXECUTING: <BSEventQueueEvent: 0x281c6d080; didUpdateClientSettings-sceneID:dev.selfhost.firstActivationProbe-default(2)>
Aug 28 14:33:55.646156 SpringBoard(FrontBoard)[47602] <Debug>: [FBSceneManager] EXECUTING: <BSEventQueueEvent: 0x281c6cf20; didUpdateClientSettingsCompletion-sceneID:dev.selfhost.firstActivationProbe-default(2)>
Aug 28 14:33:55.647210 SpringBoard(FrontBoard)[47602] <Info>: [sceneID:dev.selfhost.firstActivationProbe-default] didUpdateClientSettingsWithDiff: <private>
Aug 28 14:33:55.647264 SpringBoard(FrontBoard)[47602] <Debug>: [FBSceneManager] PENDING:   <BSEventQueueEvent: 0x281c6d440; handleDidUpdateClientSettings-sceneID:dev.selfhost.firstActivationProbe-default(2)> @ back
Aug 28 14:33:55.647354 SpringBoard(FrontBoard)[47602] <Debug>: [FBSceneManager] EXECUTING: <BSEventQueueEvent: 0x281c6d440; handleDidUpdateClientSettings-sceneID:dev.selfhost.firstActivationProbe-default(2)>
Aug 28 14:33:55.647434 SpringBoard(FrontBoard)[47602] <Debug>: [FBSceneManager] PENDING:   <BSEventQueueEvent: 0x281d0fde0; didUpdateClientSettings-sceneID:dev.selfhost.firstActivationProbe-default(2)> @ back
Aug 28 14:33:55.647470 SpringBoard(FrontBoard)[47602] <Debug>: [FBSceneManager] PENDING:   <BSEventQueueEvent: 0x281c6f020; didUpdateClientSettingsCompletion-sceneID:dev.selfhost.firstActivationProbe-default(2)> @ back
Aug 28 14:33:55.647560 SpringBoard(FrontBoard)[47602] <Debug>: [FBSceneManager] EXECUTING: <BSEventQueueEvent: 0x281d0fde0; didUpdateClientSettings-sceneID:dev.selfhost.firstActivationProbe-default(2)>
Aug 28 14:33:55.647594 SpringBoard(FrontBoard)[47602] <Debug>: [FBSceneManager] PENDING:   <BSEventQueueEvent: 0x281c6d080; didUpdateClientSettings-sceneID:dev.selfhost.firstActivationProbe-default(2)> @ front
Aug 28 14:33:55.647612 SpringBoard(FrontBoard)[47602] <Debug>: [FBSceneManager] EXECUTING: <BSEventQueueEvent: 0x281c6d080; didUpdateClientSettings-sceneID:dev.selfhost.firstActivationProbe-default(2)>
Aug 28 14:33:55.647805 SpringBoard(FrontBoard)[47602] <Debug>: [FBSceneManager] EXECUTING: <BSEventQueueEvent: 0x281c6f020; didUpdateClientSettingsCompletion-sceneID:dev.selfhost.firstActivationProbe-default(2)>
Aug 28 14:33:55.648124 SpringBoard(FrontBoard)[47602] <Info>: [sceneID:dev.selfhost.firstActivationProbe-default] didUpdateClientSettingsWithDiff: <private>
Aug 28 14:33:55.648161 SpringBoard(FrontBoard)[47602] <Debug>: [FBSceneManager] PENDING:   <BSEventQueueEvent: 0x281d0db80; handleDidUpdateClientSettings-sceneID:dev.selfhost.firstActivationProbe-default(2)> @ back
Aug 28 14:33:55.648179 SpringBoard(FrontBoard)[47602] <Debug>: [FBSceneManager] EXECUTING: <BSEventQueueEvent: 0x281d0db80; handleDidUpdateClientSettings-sceneID:dev.selfhost.firstActivationProbe-default(2)>
Aug 28 14:33:55.648232 SpringBoard(FrontBoard)[47602] <Debug>: [FBSceneManager] PENDING:   <BSEventQueueEvent: 0x281d5f640; didUpdateClientSettings-sceneID:dev.selfhost.firstActivationProbe-default(2)> @ back
Aug 28 14:33:55.648291 Runner(UIKitCore)[58089] <Notice>: UIWindowScene: 0x100a0dee0: Window became key in scene: UIWindow: 0x10282c8f0; contextId: 0x577B5B29: reason: UIWindowScene: 0x100a0dee0: Window requested to become key in scene: 0x10282c8f0
Aug 28 14:33:55.648312 Runner(UIKitCore)[58089] <Notice>: Key window needs update: 1; currentKeyWindowScene: 0x0; evaluatedKeyWindowScene: 0x100a0dee0; currentApplicationKeyWindow: 0x0; evaluatedApplicationKeyWindow: 0x10282c8f0; reason: UIWindowScene: 0x100a0dee0: Window requested to become key in scene: 0x10282c8f0
Aug 28 14:33:55.648331 SpringBoard(FrontBoard)[47602] <Debug>: [FBSceneManager] PENDING:   <BSEventQueueEvent: 0x281d09a20; didUpdateClientSettingsCompletion-sceneID:dev.selfhost.firstActivationProbe-default(2)> @ back
Aug 28 14:33:55.648350 Runner(UIKitCore)[58089] <Notice>: Window did become application key: UIWindow: 0x10282c8f0; contextId: 0x577B5B29; scene identity: com.apple.frontboard.systemappservices::sceneID%3Adev.selfhost.firstActivationProbe-default
Aug 28 14:33:55.648410 Runner(UIKitCore)[58089] <Notice>: [0x281161c00] Begin local event deferring requested for token: 0x2819704b0; environments: 1; reason: UIWindowScene: 0x100a0dee0: Begin event deferring in keyboardFocus for window: 0x10282c8f0
Aug 28 14:33:55.648457 Runner(CoreFoundation)[58089] <Debug>: found no value for key LogKeyboardFocus in CFPrefsSearchListSource<0x281466c80> (Domain: com.apple.UIKit, Container: (null))
Aug 28 14:33:55.648495 Runner(CoreFoundation)[58089] <Debug>: Resource lookup at <private>
Aug 28 14:33:55.648607 SpringBoard(FrontBoard)[47602] <Debug>: [FBSceneManager] EXECUTING: <BSEventQueueEvent: 0x281d5f640; didUpdateClientSettings-sceneID:dev.selfhost.firstActivationProbe-default(2)>
Aug 28 14:33:55.648644 SpringBoard(FrontBoard)[47602] <Debug>: [FBSceneManager] PENDING:   <BSEventQueueEvent: 0x281d1dfa0; didUpdateClientSettings-sceneID:dev.selfhost.firstActivationProbe-default(2)> @ front
Aug 28 14:33:55.648719 SpringBoard(FrontBoard)[47602] <Debug>: [FBSceneManager] EXECUTING: <BSEventQueueEvent: 0x281d1dfa0; didUpdateClientSettings-sceneID:dev.selfhost.firstActivationProbe-default(2)>
Aug 28 14:33:55.648845 SpringBoard(FrontBoard)[47602] <Debug>: [FBSceneManager] EXECUTING: <BSEventQueueEvent: 0x281d09a20; didUpdateClientSettingsCompletion-sceneID:dev.selfhost.firstActivationProbe-default(2)>
Aug 28 14:33:55.649401 Runner(CoreFoundation)[58089] <Debug>: Resource lookup at <private>
Aug 28 14:33:55.649420 Runner(CoreFoundation)[58089] <Debug>: Resource lookup at <private>
Aug 28 14:33:55.649438 Runner(CoreFoundation)[58089] <Debug>: found no value for key NSConstraintBasedLayoutLogPivotCounts in CFPrefsSearchListSource<0x281461200> (Domain: dev.selfhost.firstActivationProbe, Container: (null))
Aug 28 14:33:55.649456 Runner(CoreFoundation)[58089] <Debug>: Resource lookup at <private>
Aug 28 14:33:55.649475 Runner(CoreFoundation)[58089] <Debug>: found no value for key NSConstraintBasedLayoutTrackDirtyObservables in CFPrefsSearchListSource<0x281461200> (Domain: dev.selfhost.firstActivationProbe, Container: (null))
Aug 28 14:33:55.649493 Runner(CoreFoundation)[58089] <Debug>: found no value for key LogAppLifecycle in CFPrefsSearchListSource<0x281466c80> (Domain: com.apple.UIKit, Container: (null))
Aug 28 14:33:55.650270 Runner(UIKitCore)[58089] <Notice>: sceneOfRecord: sceneID: sceneID:dev.selfhost.firstActivationProbe-default  persistentID: 78158392-FFA7-4A5B-8941-316037380434
Aug 28 14:33:55.650293 Runner(UIKitCore)[58089] <Notice>: Ignoring already applied deactivation reason: 5; deactivation reasons: 2080
Aug 28 14:33:55.650337 Runner(UIKitCore)[58089] <Debug>: Setting device orientation to 1 and sending notification.
Aug 28 14:33:55.650386 Runner(UIKitCore)[58089] <Notice>: Deactivation reason added: 12; deactivation reasons: 2080 -> 6176; animating application lifecycle event: 1
Aug 28 14:33:55.650434 Runner(CoreFoundation)[58089] <Debug>: Resource lookup at <private>
Aug 28 14:33:55.650492 Runner(UIKitCore)[58089] <Notice>: Deactivation reason removed: 11; deactivation reasons: 6176 -> 4128; animating application lifecycle event: 1
Aug 28 14:33:55.651306 SpringBoard(FrontBoard)[47602] <Info>: [sceneID:dev.selfhost.firstActivationProbe-default] Client settings updated with diff: <private>
Aug 28 14:33:55.651385 SpringBoard(FrontBoard)[47602] <Info>: [sceneID:dev.selfhost.firstActivationProbe-default] didUpdateClientSettingsWithDiff: <private>
Aug 28 14:33:55.651403 SpringBoard(FrontBoard)[47602] <Debug>: [FBSceneManager] PENDING:   <BSEventQueueEvent: 0x281dd13a0; handleDidUpdateClientSettings-sceneID:dev.selfhost.firstActivationProbe-default(2)> @ back
Aug 28 14:33:55.651576 SpringBoard(FrontBoard)[47602] <Debug>: [FBSceneManager] EXECUTING: <BSEventQueueEvent: 0x281dd13a0; handleDidUpdateClientSettings-sceneID:dev.selfhost.firstActivationProbe-default(2)>
Aug 28 14:33:55.651822 SpringBoard(FrontBoard)[47602] <Debug>: [FBSceneManager] PENDING:   <BSEventQueueEvent: 0x281dd7b40; didUpdateClientSettings-sceneID:dev.selfhost.firstActivationProbe-default(2)> @ back
Aug 28 14:33:55.651856 SpringBoard(FrontBoard)[47602] <Debug>: [FBSceneManager] PENDING:   <BSEventQueueEvent: 0x281d1f660; didUpdateClientSettingsCompletion-sceneID:dev.selfhost.firstActivationProbe-default(2)> @ back
Aug 28 14:33:55.652132 SpringBoard(FrontBoard)[47602] <Debug>: [FBSceneManager] EXECUTING: <BSEventQueueEvent: 0x281dd7b40; didUpdateClientSettings-sceneID:dev.selfhost.firstActivationProbe-default(2)>
Aug 28 14:33:55.652206 SpringBoard(FrontBoard)[47602] <Debug>: [FBSceneManager] PENDING:   <BSEventQueueEvent: 0x281dd30e0; didUpdateClientSettings-sceneID:dev.selfhost.firstActivationProbe-default(2)> @ front
Aug 28 14:33:55.652267 SpringBoard(FrontBoard)[47602] <Debug>: [FBSceneManager] EXECUTING: <BSEventQueueEvent: 0x281dd30e0; didUpdateClientSettings-sceneID:dev.selfhost.firstActivationProbe-default(2)>
Aug 28 14:33:55.653315 SpringBoard(FrontBoard)[47602] <Debug>: [FBSceneManager] EXECUTING: <BSEventQueueEvent: 0x281d1f660; didUpdateClientSettingsCompletion-sceneID:dev.selfhost.firstActivationProbe-default(2)>
Aug 28 14:33:55.654272 SpringBoard(FrontBoard)[47602] <Notice>: [sceneID:dev.selfhost.firstActivationProbe-default] Scene action [Logical Activate][0x84f5] completed with success: 1
Aug 28 14:33:55.654359 SpringBoard(FrontBoardServices)[47602] <Info>: [application<dev.selfhost.firstActivationProbe>:58089] [realTime] Stopped monitoring.
Aug 28 14:33:55.654510 SpringBoard(FrontBoardServices)[47602] <Debug>: [application<dev.selfhost.firstActivationProbe>:58089] [realTime] Updated resource consumption: 0.130s (0.65%)
Aug 28 14:33:55.654592 SpringBoard(FrontBoardServices)[47602] <Debug>: [application<dev.selfhost.firstActivationProbe>:58089] Invalidating <FBProcessWatchdog: 0x283ecf160; name: scene-create; time: 19.99s>
Aug 28 14:33:55.654651 SpringBoard(FrontBoardServices)[47602] <Debug>: [application<dev.selfhost.firstActivationProbe>:58089] [realTime] Invalidated
Aug 28 14:33:55.654734 SpringBoard(FrontBoard)[47602] <Notice>: [sceneID:dev.selfhost.firstActivationProbe-default] scene content state changed: ready
Aug 28 14:33:55.654780 SpringBoard(FrontBoard)[47602] <Debug>: [FBSceneManager] PENDING:   <BSEventQueueEvent: 0x281dd1cc0; contentStateDidChange-sceneID:dev.selfhost.firstActivationProbe-default(2)> @ back
Aug 28 14:33:55.654837 SpringBoard(FrontBoard)[47602] <Debug>: [FBSceneManager] EXECUTING: <BSEventQueueEvent: 0x281dd1cc0; contentStateDidChange-sceneID:dev.selfhost.firstActivationProbe-default(2)>
Aug 28 14:33:55.654873 SpringBoard(FrontBoard)[47602] <Debug>: [FBSceneManager] PENDING:   <BSEventQueueEvent: 0x281dd0ca0; contentStateDidChange-sceneID:dev.selfhost.firstActivationProbe-default(2)> @ front
Aug 28 14:33:55.654891 SpringBoard(FrontBoard)[47602] <Debug>: [FBSceneManager] EXECUTING: <BSEventQueueEvent: 0x281dd0ca0; contentStateDidChange-sceneID:dev.selfhost.firstActivationProbe-default(2)>
Aug 28 14:33:55.654946 Runner(CoreFoundation)[58089] <Debug>: found no value for key CAEnableDeepFramebuffer in CFPrefsSearchListSource<0x281461200> (Domain: dev.selfhost.firstActivationProbe, Container: (null))
Aug 28 14:33:55.654979 Runner(UIKitCore)[58089] <Debug>: Setting device orientation to 0 and sending notification.
Aug 28 14:33:55.655020 Runner(AggregateDictionary)[58089] <Notice>: AggregateDictionary is deprecated and will be removed in this release. Please migrate to Core Analytics.
Aug 28 14:33:55.655091 SpringBoard(UserNotificationsServer)[47602] <Notice>: [dev.selfhost.firstActivationProbe] Foreground app will not request ephemeral notifications isAppClip: NO wantsEphemeral notifications: NO
Aug 28 14:33:55.655124 SpringBoard(RunningBoardServices)[47602] <Info>: Update delivered for [application<dev.selfhost.firstActivationProbe>:58089] with taskState 4
Aug 28 14:33:55.655160 SpringBoard(RunningBoardServices)[47602] <Info>: Update skipped for [application<dev.selfhost.firstActivationProbe>:58089] with state: <RBSProcessState| task:running-active debug:none endowments:[
Aug 28 14:33:55.655241 SpringBoard(FrontBoard)[47602] <Info>: Client intercepting scene update for scene: sceneID:dev.selfhost.firstActivationProbe-default
Aug 28 14:33:55.655259 SpringBoard(FrontBoard)[47602] <Debug>: START SCENE MUTATION ------- sceneID:dev.selfhost.firstActivationProbe-default
Aug 28 14:33:55.655280 SpringBoard(FrontBoard)[47602] <Debug>: [FBSceneManager] PENDING:   <BSEventQueueEvent: 0x281d53c40; sceneUpdatePrepared-sceneID:dev.selfhost.firstActivationProbe-default(3)> @ back
Aug 28 14:33:55.655299 SpringBoard(FrontBoard)[47602] <Debug>: Executing pended events before sceneID:dev.selfhost.firstActivationProbe-default: (
Aug 28 14:33:55.655362 SpringBoard(FrontBoard)[47602] <Debug>: [FBSceneManager] PENDING:   <BSEventQueueEvent: 0x281d0e700; applySettings-sceneID:dev.selfhost.firstActivationProbe-default(3)> @ back
Aug 28 14:33:55.655420 SpringBoard(FrontBoard)[47602] <Debug>: Flushing all events for sceneID:dev.selfhost.firstActivationProbe-default
Aug 28 14:33:55.655481 SpringBoard(FrontBoard)[47602] <Debug>: [FBSceneManager] EXECUTING: <BSEventQueueEvent: 0x281d53c40; sceneUpdatePrepared-sceneID:dev.selfhost.firstActivationProbe-default(3)>
Aug 28 14:33:55.655499 SpringBoard(FrontBoard)[47602] <Debug>: [FBSceneManager] PENDING:   <BSEventQueueEvent: 0x281d09a20; sceneUpdatePrepared-sceneID:dev.selfhost.firstActivationProbe-default(3)> @ front
Aug 28 14:33:55.655517 SpringBoard(FrontBoard)[47602] <Debug>: [FBSceneManager] EXECUTING: <BSEventQueueEvent: 0x281d09a20; sceneUpdatePrepared-sceneID:dev.selfhost.firstActivationProbe-default(3)>
Aug 28 14:33:55.655720 SpringBoard(FrontBoard)[47602] <Debug>: [FBSceneManager] EXECUTING: <BSEventQueueEvent: 0x281d0e700; applySettings-sceneID:dev.selfhost.firstActivationProbe-default(3)>
Aug 28 14:33:55.655739 SpringBoard(FrontBoard)[47602] <Debug>: [FBSceneManager] PENDING:   <BSEventQueueEvent: 0x281d37980; sceneUpdateApplied-sceneID:dev.selfhost.firstActivationProbe-default(3)> @ back
Aug 28 14:33:55.655757 SpringBoard(FrontBoard)[47602] <Debug>: [FBSceneManager] PENDING:   <BSEventQueueEvent: 0x281d0fde0; sceneMutationCompletion-sceneID:dev.selfhost.firstActivationProbe-default(3)> @ back
Aug 28 14:33:55.655801 SpringBoard(FrontBoard)[47602] <Debug>: [FBSceneManager] EXECUTING: <BSEventQueueEvent: 0x281d37980; sceneUpdateApplied-sceneID:dev.selfhost.firstActivationProbe-default(3)>
Aug 28 14:33:55.655834 SpringBoard(FrontBoard)[47602] <Debug>: [FBSceneManager] PENDING:   <BSEventQueueEvent: 0x281d0e700; sceneUpdateApplied-sceneID:dev.selfhost.firstActivationProbe-default(3)> @ front
Aug 28 14:33:55.655883 SpringBoard(FrontBoard)[47602] <Debug>: [FBSceneManager] EXECUTING: <BSEventQueueEvent: 0x281d0e700; sceneUpdateApplied-sceneID:dev.selfhost.firstActivationProbe-default(3)>
Aug 28 14:33:55.656004 SpringBoard(FrontBoard)[47602] <Info>: [sceneID:dev.selfhost.firstActivationProbe-default] Sending scene action [Forward Event][0x14de] to process 0x11492cf70 (watchdog: none)
Aug 28 14:33:55.656086 SpringBoard(FrontBoard)[47602] <Debug>: [FBSceneManager] EXECUTING: <BSEventQueueEvent: 0x281d0fde0; sceneMutationCompletion-sceneID:dev.selfhost.firstActivationProbe-default(3)>
Aug 28 14:33:55.656122 SpringBoard(FrontBoard)[47602] <Debug>: ---------- END SCENE MUTATION: sceneID:dev.selfhost.firstActivationProbe-default
Aug 28 14:33:55.656255 SpringBoard(KeyboardArbiter)[47602] <Debug>: [_UIKeyboardArbiter] Received new connection [<_UIKeyboardArbiterHandle: 0x282a6b5a0; PID 58089: dev.selfhost.firstActivationProbe <(null)>; hosting PIDs {(
Aug 28 14:33:55.656293 SpringBoard(RunningBoardServices)[47602] <Notice>: Updating configuration of monitor <RBSProcessMonitorConfiguration| id:M47602-8 qos:25 predicates:[<RBSProcessPredicate <RBSCompoundAllPredicate [<RBSCompoundAllPredicate [<RBSProcessEUIDPredicate 501>, <RBSProcessBKSLegacyPredicate>]>, <RBSProcessBundleIdentifierPredicate "com.apple.springboard">]>>, <RBSProcessPredicate <RBSCompoundAllPredicate [<RBSCompoundAllPredicate [<RBSProcessEUIDPredicate 501>, <RBSProcessBKSLegacyPredicate>]>, <RBSProcessBundleIdentifierPredicate "dev.selfhost.firstActivationProbe">]>>] descriptor:<RBSProcessStateDescriptor| values:9 namespaces:[com.apple.frontboard.visibility]> events:0x0>
Aug 28 14:33:55.656459 SpringBoard(FrontBoard)[47602] <Debug>: [FBSceneManager] PENDING:   <BSEventQueueEvent: 0x281d26fc0; updateComplete-sceneID:dev.selfhost.firstActivationProbe-default(3)> @ back
Aug 28 14:33:55.656478 SpringBoard(FrontBoard)[47602] <Debug>: [FBSceneManager] EXECUTING: <BSEventQueueEvent: 0x281d26fc0; updateComplete-sceneID:dev.selfhost.firstActivationProbe-default(3)>
Aug 28 14:33:55.656692 SpringBoard(KeyboardArbiter)[47602] <Debug>: [<_UIKeyboardArbiterHandle: 0x282a6b5a0; PID 58089: dev.selfhost.firstActivationProbe <(null)>; hosting PIDs {(
)}; level 0.000000; active NO [wants NO]; suppression 0; iav 0.000000; on screen NO>] startArbitrationWithExpectedState:sceneIdentity:hostingPIDs:usingFence:withSuppression:onConnected:: currentKeyboard: (null); sceneIdentity: com.apple.frontboard.systemappservices::sceneID%3Adev.selfhost.firstActivationProbe-default; pids: (
Aug 28 14:33:55.656843 SpringBoard(KeyboardArbiter)[47602] <Debug>: [_UIKeyboardArbiter] Handler requested focus: <_UIKeyboardArbiterHandle: 0x282a6b5a0; PID 58089: dev.selfhost.firstActivationProbe <com.apple.frontboard.systemappservices::sceneID%3Adev.selfhost.firstActivationProbe-default>; hosting PIDs {(
Aug 28 14:33:55.656888 SpringBoard(KeyboardArbiter)[47602] <Debug>: [_UIKeyboardArbiter] _focusRequestedHandle is now <_UIKeyboardArbiterHandle: 0x282a6b5a0; PID 58089: dev.selfhost.firstActivationProbe <com.apple.frontboard.systemappservices::sceneID%3Adev.selfhost.firstActivationProbe-default>; hosting PIDs {(
Aug 28 14:33:55.656916 SpringBoard(KeyboardArbiter)[47602] <Debug>: Advisor: Triggering reevaluation. Active PID: 58089, activeHandleID: com.apple.frontboard.systemappservices::sceneID%3Adev.selfhost.firstActivationProbe-default
<SBSceneReadySwitcherModifierEvent: 0x281d0dda0; type: SceneReady; appLayout: <SBAppLayout: 0x2808ffe80; primary: dev.selfhost.firstActivationProbe:default; environment: main> {
            bundleIdentifier = dev.selfhost.firstActivationProbe;
            uniqueIdentifier = sceneID:dev.selfhost.firstActivationProbe-default;
Aug 28 14:33:55.656955 SpringBoard(KeyboardArbiter)[47602] <Debug>: Advisor: KeyboardFocus from _activeHandleForFocusEvaluation [<_UIKeyboardArbiterHandle: 0x282a6b5a0; PID 58089: dev.selfhost.firstActivationProbe <com.apple.frontboard.systemappservices::sceneID%3Adev.selfhost.firstActivationProbe-default>; hosting PIDs {(
Aug 28 14:33:55.656974 SpringBoard[47602] <Notice>: advisor: gen:445 arbiter spec pid 58089 / com.apple.frontboard.systemappservices::sceneID%3Adev.selfhost.firstActivationProbe-default
Aug 28 14:33:55.657012 SpringBoard(KeyboardArbiter)[47602] <Debug>: Advisor: Deliberation result: com.apple.frontboard.systemappservices::sceneID%3Adev.selfhost.firstActivationProbe-default
Aug 28 14:33:55.657132 SpringBoard(FrontBoard)[47602] <Debug>: [FBSceneManager] PENDING:   <BSEventQueueEvent: 0x281dd7b40; sceneUpdateCompleted-sceneID:dev.selfhost.firstActivationProbe-default(3)> @ back
Aug 28 14:33:55.657161 SpringBoard(FrontBoard)[47602] <Debug>: [FBSceneManager] EXECUTING: <BSEventQueueEvent: 0x281dd7b40; sceneUpdateCompleted-sceneID:dev.selfhost.firstActivationProbe-default(3)>
Aug 28 14:33:55.657181 SpringBoard(FrontBoard)[47602] <Debug>: [FBSceneManager] PENDING:   <BSEventQueueEvent: 0x281d0dda0; sceneUpdateCompleted-sceneID:dev.selfhost.firstActivationProbe-default(3)> @ front
Aug 28 14:33:55.657198 SpringBoard(FrontBoard)[47602] <Debug>: [FBSceneManager] EXECUTING: <BSEventQueueEvent: 0x281d0dda0; sceneUpdateCompleted-sceneID:dev.selfhost.firstActivationProbe-default(3)>
Aug 28 14:33:55.657239 SpringBoard[47602] <Notice>: advisor: target (from arbiter advice): <pid=58089 token=com.apple.frontboard.systemappservices::sceneID%3Adev.selfhost.firstActivationProbe-default>
Aug 28 14:33:55.657261 SpringBoard[47602] <Notice>: policy: input target:<pid=58089 token=com.apple.frontboard.systemappservices::sceneID%3Adev.selfhost.firstActivationProbe-default>
Aug 28 14:33:55.657280 SpringBoard[47602] <Notice>: rules: target changed from:(null) to <pid=58089 token=com.apple.frontboard.systemappservices::sceneID%3Adev.selfhost.firstActivationProbe-default>
Aug 28 14:33:55.657298 SpringBoard[47602] <Notice>: rules: defer (b4a8982e) -> <pid=58089 token=com.apple.frontboard.systemappservices::sceneID%3Adev.selfhost.firstActivationProbe-default>
    <environment: keyboardFocus; token: 0xB4A8982E> -> <pid: 58089; token: com.apple.frontboard.systemappservices::sceneID%3Adev.selfhost.firstActivationProbe-default> reason: "199-deferDiscrete: SpringBoard: outbound"
Aug 28 14:33:55.657792 backboardd(BackBoardHIDEventFoundation)[65] <Debug>:   SELECT: reject (doesn't match environment:keyboardFocus display:(null)) deferringRule:{<environment: keyboardFocus; token: 0xB4A8982E> -> <pid=58089 token=com.apple.frontboard.systemappservices::sceneID%3Adev.selfhost.firstActivationProbe-default> : 199-deferDiscrete: SpringBoard: outbound} (main)
Aug 28 14:33:55.658114 backboardd(BackBoardHIDEventFoundation)[65] <Debug>:   SELECT: reject (doesn't match environment:keyboardFocus display:builtin) deferringRule:{<environment: keyboardFocus; token: 0xB4A8982E> -> <pid=58089 token=com.apple.frontboard.systemappservices::sceneID%3Adev.selfhost.firstActivationProbe-default> : 199-deferDiscrete: SpringBoard: outbound} (main)
        jetsamMode = default;
    "<_UIKeyboardArbiterHandle: 0x282a6b5a0; PID 58089: dev.selfhost.firstActivationProbe <com.apple.frontboard.systemappservices::sceneID%3Adev.selfhost.firstActivationProbe-default>; hosting PIDs {(\n)}; level 0.000000; active NO [wants NO]; suppression 0; iav 0.000000; on screen NO>"
Aug 28 14:33:55.658688 backboardd(BackBoardHIDEventFoundation)[65] <Debug>:   SELECT: complete deferringRule:{<environment: keyboardFocus; token: 0xB4A8982E> -> <pid=58089 token=com.apple.frontboard.systemappservices::sceneID%3Adev.selfhost.firstActivationProbe-default> : 199-deferDiscrete: SpringBoard: outbound}
Aug 28 14:33:55.658793 backboardd(BackBoardHIDEventFoundation)[65] <Debug>:    RDC selected: {<environment: keyboardFocus; token: 0xB4A8982E> -> <pid=58089 token=com.apple.frontboard.systemappservices::sceneID%3Adev.selfhost.firstActivationProbe-default> : 199-deferDiscrete: SpringBoard: outbound}
Aug 28 14:33:55.658961 backboardd(BackBoardHIDEventFoundation)[65] <Debug>:   SELECT: complete deferringRule:{<environment: keyboardFocus; display: builtin; token: com.apple.frontboard.systemappservices::sceneID%3Adev.selfhost.firstActivationProbe-default> -> <pid=58089 token=577b5b29> : 1-deferDiscrete: UIWindowScene: 0x100a0dee0: Begin event deferring in keyboardFocus for window: 0x10282c8f0}
Aug 28 14:33:55.658985 backboardd(BackBoardHIDEventFoundation)[65] <Debug>:    RDC selected: {<environment: keyboardFocus; display: builtin; token: com.apple.frontboard.systemappservices::sceneID%3Adev.selfhost.firstActivationProbe-default> -> <pid=58089 token=577b5b29> : 1-deferDiscrete: UIWindowScene: 0x100a0dee0: Begin event deferring in keyboardFocus for window: 0x10282c8f0}
Aug 28 14:33:55.659389 backboardd(BackBoardHIDEventFoundation)[65] <Debug>:   SELECT: reject (doesn't match environment:system display:(null)) deferringRule:{<environment: keyboardFocus; token: 0xB4A8982E> -> <pid=58089 token=com.apple.frontboard.systemappservices::sceneID%3Adev.selfhost.firstActivationProbe-default> : 199-deferDiscrete: SpringBoard: outbound} (main)
Aug 28 14:33:55.659842 backboardd(BackBoardHIDEventFoundation)[65] <Debug>:   SELECT: reject (doesn't match environment:system display:(null)) deferringRule:{<environment: keyboardFocus; token: 0xB4A8982E> -> <pid=58089 token=com.apple.frontboard.systemappservices::sceneID%3Adev.selfhost.firstActivationProbe-default> : 199-deferDiscrete: SpringBoard: outbound} (main)
Aug 28 14:33:55.660240 backboardd(BackBoardHIDEventFoundation)[65] <Debug>:   SELECT: reject (doesn't match environment:system display:(null)) deferringRule:{<environment: keyboardFocus; token: 0xB4A8982E> -> <pid=58089 token=com.apple.frontboard.systemappservices::sceneID%3Adev.selfhost.firstActivationProbe-default> : 199-deferDiscrete: SpringBoard: outbound} (main)
Aug 28 14:33:55.660533 backboardd(BackBoardHIDEventFoundation)[65] <Debug>:   SELECT: reject (doesn't match environment:keyboardFocus display:(null)) deferringRule:{<environment: keyboardFocus; token: 0xB4A8982E> -> <pid=58089 token=com.apple.frontboard.systemappservices::sceneID%3Adev.selfhost.firstActivationProbe-default> : 199-deferDiscrete: SpringBoard: outbound} (main)
Aug 28 14:33:55.660654 SpringBoard[47602] <Notice>: keyboardFocus environment target added to scene: sceneID:dev.selfhost.firstActivationProbe-default
Aug 28 14:33:55.660934 backboardd(BackBoardHIDEventFoundation)[65] <Debug>:   SELECT: reject (doesn't match environment:keyboardFocus display:builtin) deferringRule:{<environment: keyboardFocus; token: 0xB4A8982E> -> <pid=58089 token=com.apple.frontboard.systemappservices::sceneID%3Adev.selfhost.firstActivationProbe-default> : 199-deferDiscrete: SpringBoard: outbound} (main)
Aug 28 14:33:55.661112 SpringBoard(FrontBoard)[47602] <Info>: Client intercepting scene update for scene: sceneID:dev.selfhost.firstActivationProbe-default
Aug 28 14:33:55.661148 SpringBoard(FrontBoard)[47602] <Debug>: START SCENE MUTATION ------- sceneID:dev.selfhost.firstActivationProbe-default
Aug 28 14:33:55.661166 SpringBoard(FrontBoard)[47602] <Debug>: [FBSceneManager] PENDING:   <BSEventQueueEvent: 0x281d43a20; sceneUpdatePrepared-sceneID:dev.selfhost.firstActivationProbe-default(4)> @ back
Aug 28 14:33:55.661184 SpringBoard(FrontBoard)[47602] <Debug>: [FBSceneManager] PENDING:   <BSEventQueueEvent: 0x281d5f740; applySettings-sceneID:dev.selfhost.firstActivationProbe-default(4)> @ back
Aug 28 14:33:55.661269 backboardd(BackBoardHIDEventFoundation)[65] <Debug>:   SELECT: complete deferringRule:{<environment: keyboardFocus; token: 0xB4A8982E> -> <pid=58089 token=com.apple.frontboard.systemappservices::sceneID%3Adev.selfhost.firstActivationProbe-default> : 199-deferDiscrete: SpringBoard: outbound}
Aug 28 14:33:55.661305 backboardd(BackBoardHIDEventFoundation)[65] <Debug>:    RDC selected: {<environment: keyboardFocus; token: 0xB4A8982E> -> <pid=58089 token=com.apple.frontboard.systemappservices::sceneID%3Adev.selfhost.firstActivationProbe-default> : 199-deferDiscrete: SpringBoard: outbound}
Aug 28 14:33:55.661385 backboardd(BackBoardHIDEventFoundation)[65] <Debug>:   SELECT: complete deferringRule:{<environment: keyboardFocus; display: builtin; token: com.apple.frontboard.systemappservices::sceneID%3Adev.selfhost.firstActivationProbe-default> -> <pid=58089 token=577b5b29> : 1-deferDiscrete: UIWindowScene: 0x100a0dee0: Begin event deferring in keyboardFocus for window: 0x10282c8f0}
Aug 28 14:33:55.661402 backboardd(BackBoardHIDEventFoundation)[65] <Debug>:    RDC selected: {<environment: keyboardFocus; display: builtin; token: com.apple.frontboard.systemappservices::sceneID%3Adev.selfhost.firstActivationProbe-default> -> <pid=58089 token=577b5b29> : 1-deferDiscrete: UIWindowScene: 0x100a0dee0: Begin event deferring in keyboardFocus for window: 0x10282c8f0}
Aug 28 14:33:55.661493 SpringBoard(FrontBoard)[47602] <Debug>: Flushing all events for sceneID:dev.selfhost.firstActivationProbe-default
Aug 28 14:33:55.661511 SpringBoard(FrontBoard)[47602] <Debug>: [FBSceneManager] EXECUTING: <BSEventQueueEvent: 0x281d43a20; sceneUpdatePrepared-sceneID:dev.selfhost.firstActivationProbe-default(4)>
Aug 28 14:33:55.661529 SpringBoard(FrontBoard)[47602] <Debug>: [FBSceneManager] PENDING:   <BSEventQueueEvent: 0x281d5e520; sceneUpdatePrepared-sceneID:dev.selfhost.firstActivationProbe-default(4)> @ front
Aug 28 14:33:55.661565 SpringBoard(FrontBoard)[47602] <Debug>: [FBSceneManager] EXECUTING: <BSEventQueueEvent: 0x281d5e520; sceneUpdatePrepared-sceneID:dev.selfhost.firstActivationProbe-default(4)>
Aug 28 14:33:55.661728 backboardd(BackBoardHIDEventFoundation)[65] <Debug>:   SELECT: reject (doesn't match environment:system display:(null)) deferringRule:{<environment: keyboardFocus; token: 0xB4A8982E> -> <pid=58089 token=com.apple.frontboard.systemappservices::sceneID%3Adev.selfhost.firstActivationProbe-default> : 199-deferDiscrete: SpringBoard: outbound} (main)
Aug 28 14:33:55.661925 SpringBoard(FrontBoard)[47602] <Debug>: [FBSceneManager] EXECUTING: <BSEventQueueEvent: 0x281d5f740; applySettings-sceneID:dev.selfhost.firstActivationProbe-default(4)>
Aug 28 14:33:55.661943 backboardd(BackBoardHIDEventFoundation)[65] <Debug>:   SELECT: reject (doesn't match environment:system display:(null)) deferringRule:{<environment: keyboardFocus; token: 0xB4A8982E> -> <pid=58089 token=com.apple.frontboard.systemappservices::sceneID%3Adev.selfhost.firstActivationProbe-default> : 199-deferDiscrete: SpringBoard: outbound} (main)
Aug 28 14:33:55.661980 SpringBoard(FrontBoard)[47602] <Debug>: [FBSceneManager] PENDING:   <BSEventQueueEvent: 0x281d5e520; sceneUpdateApplied-sceneID:dev.selfhost.firstActivationProbe-default(4)> @ back
Aug 28 14:33:55.662012 SpringBoard(FrontBoard)[47602] <Debug>: [FBSceneManager] PENDING:   <BSEventQueueEvent: 0x281d5dc40; sceneMutationCompletion-sceneID:dev.selfhost.firstActivationProbe-default(4)> @ back
Aug 28 14:33:55.662094 SpringBoard(FrontBoard)[47602] <Debug>: [FBSceneManager] EXECUTING: <BSEventQueueEvent: 0x281d5e520; sceneUpdateApplied-sceneID:dev.selfhost.firstActivationProbe-default(4)>
Aug 28 14:33:55.662155 SpringBoard(FrontBoard)[47602] <Debug>: [FBSceneManager] PENDING:   <BSEventQueueEvent: 0x281d43a20; sceneUpdateApplied-sceneID:dev.selfhost.firstActivationProbe-default(4)> @ front
Aug 28 14:33:55.662234 SpringBoard(FrontBoard)[47602] <Info>: [sceneID:dev.selfhost.firstActivationProbe-default] Sending scene action [Forward Event][0xfe1f] to process 0x11492cf70 (watchdog: none)
Aug 28 14:33:55.662272 SpringBoard(FrontBoard)[47602] <Debug>: [FBSceneManager] EXECUTING: <BSEventQueueEvent: 0x281d43a20; sceneUpdateApplied-sceneID:dev.selfhost.firstActivationProbe-default(4)>
Aug 28 14:33:55.662358 SpringBoard(FrontBoard)[47602] <Debug>: [FBSceneManager] EXECUTING: <BSEventQueueEvent: 0x281d5dc40; sceneMutationCompletion-sceneID:dev.selfhost.firstActivationProbe-default(4)>
Aug 28 14:33:55.662377 backboardd(BackBoardHIDEventFoundation)[65] <Debug>:   SELECT: reject (doesn't match environment:keyboardFocus display:builtin) deferringRule:{<environment: keyboardFocus; token: 0xB4A8982E> -> <pid=58089 token=com.apple.frontboard.systemappservices::sceneID%3Adev.selfhost.firstActivationProbe-default> : 199-deferDiscrete: SpringBoard: outbound} (main)
Aug 28 14:33:55.662394 SpringBoard(FrontBoard)[47602] <Debug>: ---------- END SCENE MUTATION: sceneID:dev.selfhost.firstActivationProbe-default
Aug 28 14:33:55.662739 backboardd(BackBoardHIDEventFoundation)[65] <Debug>:   SELECT: reject (doesn't match environment:keyboardFocus display:builtin) deferringRule:{<environment: keyboardFocus; token: 0xB4A8982E> -> <pid=58089 token=com.apple.frontboard.systemappservices::sceneID%3Adev.selfhost.firstActivationProbe-default> : 199-deferDiscrete: SpringBoard: outbound} (main)
Aug 28 14:33:55.663030 runningboardd(RunningBoard)[33] <Info>: application<dev.selfhost.firstActivationProbe> is now targeted by 5 assertions
Aug 28 14:33:55.663089 runningboardd(RunningBoard)[33] <Debug>: Updating events for assertion: 33-47602-7873 (target:[application<dev.selfhost.firstActivationProbe>:58089](UIScene:com.apple.frontboard.systemappservices::sceneID%3Adev.selfhost.firstActivationProbe-default))
Aug 28 14:33:55.663136 runningboardd(RunningBoard)[33] <Debug>: Removing events for context: 33-47602-7873 (target:[application<dev.selfhost.firstActivationProbe>:58089](UIScene:com.apple.frontboard.systemappservices::sceneID%3Adev.selfhost.firstActivationProbe-default))
Aug 28 14:33:55.663199 runningboardd(RunningBoard)[33] <Debug>: Enqueueing events for assertion: 33-47602-7873 (target:[application<dev.selfhost.firstActivationProbe>:58089](UIScene:com.apple.frontboard.systemappservices::sceneID%3Adev.selfhost.firstActivationProbe-default))
Aug 28 14:33:55.663221 runningboardd(RunningBoard)[33] <Info>: [application<dev.selfhost.firstActivationProbe>:58089] Applying updated state
Aug 28 14:33:55.663242 runningboardd(RunningBoard)[33] <Notice>: Calculated state for application<dev.selfhost.firstActivationProbe>: running-active (role: UserInteractiveFocal)
Aug 28 14:33:55.663263 runningboardd(RunningBoard)[33] <Debug>: SUPPRESSING state update for application<dev.selfhost.firstActivationProbe>: <RBSProcessState| task:running-active debug:none terminationResistance:Interactive endowments:[
	<RBSProcessAssertionInfo| type:2 reason:10000 name:"Domain" domain:"com.apple.frontboard:Bootstrap-Foreground,com.apple.frontboard:Visibility" expl:"FBApplicationProcess">,
	<RBSProcessAssertionInfo| type:1 reason:0 name:"Custom" domain:"(null)" expl:"injecting inherited from "UIScene:com.apple.frontboard.systemappservices::com.apple.springboard" to 58089<UIScene:com.apple.frontboard.systemappservices::sceneID%3Adev.selfhost.firstActivationProbe-default>">
    <RBSInheritance| environment:UIScene:com.apple.frontboard.systemappservices::sceneID%3Adev.selfhost.firstActivationProbe-default name:com.apple.frontboard.visibility origID:33-47602-7873 payload>
Aug 28 14:33:55.663331 runningboardd(RunningBoard)[33] <Info>: Finished acquiring assertion 33-47602-7873 (target:[application<dev.selfhost.firstActivationProbe>:58089](UIScene:com.apple.frontboard.systemappservices::sceneID%3Adev.selfhost.firstActivationProbe-default))
Aug 28 14:33:55.663510 SpringBoard(RunningBoardServices)[47602] <Info>: Update skipped for [application<dev.selfhost.firstActivationProbe>:58089] with state: <RBSProcessState| task:running-active debug:none endowments:[
Aug 28 14:33:55.663529 SpringBoard(RunningBoardServices)[47602] <Info>: Update skipped for [application<dev.selfhost.firstActivationProbe>:58089] with state: <RBSProcessState| task:running-active debug:none endowments:[
Aug 28 14:33:55.663547 SpringBoard(RunningBoardServices)[47602] <Info>: Update skipped for [application<dev.selfhost.firstActivationProbe>:58089] with state: <RBSProcessState| task:running-active debug:none endowments:[
Aug 28 14:33:55.663584 mediaserverd(RunningBoardServices)[36] <Info>: Update delivered for [application<dev.selfhost.firstActivationProbe>:58089] with taskState 4
Aug 28 14:33:55.663736 mediaserverd(RunningBoardServices)[36] <Info>: Update skipped for [application<dev.selfhost.firstActivationProbe>:58089] with state: <RBSProcessState| task:running-active debug:none endowments:[
Aug 28 14:33:55.663814 mediaserverd(RunningBoardServices)[36] <Info>: Update skipped for [application<dev.selfhost.firstActivationProbe>:58089] with state: <RBSProcessState| task:running-active debug:none endowments:[
Aug 28 14:33:55.664275 Runner(CoreFoundation)[58089] <Debug>: Resource lookup at <private>
Aug 28 14:33:55.664329 Runner(CoreFoundation)[58089] <Debug>: looked up value <private> for key AppleLanguages in CFPrefsPlistSource<0x281467380> (Domain: kCFPreferencesAnyApplication, User: kCFPreferencesCurrentUser, ByHost: No, Container: (null), Contents Need Refresh: No) via CFPrefsSearchListSource<0x281461200> (Domain: dev.selfhost.firstActivationProbe, Container: (null))
Aug 28 14:33:55.664383 runningboardd(RunningBoard)[33] <Debug>: Decrementing suppression state to 0 for application<dev.selfhost.firstActivationProbe>
Aug 28 14:33:55.664434 runningboardd(RunningBoard)[33] <Debug>: END suppressing state updates for application<dev.selfhost.firstActivationProbe>
Aug 28 14:33:55.664480 runningboardd(RunningBoard)[33] <Debug>: Sending state update for application<dev.selfhost.firstActivationProbe>: <RBSProcessState| task:running-active debug:none terminationResistance:Interactive endowments:[
	<RBSProcessAssertionInfo| type:2 reason:10000 name:"Domain" domain:"com.apple.frontboard:Bootstrap-Foreground,com.apple.frontboard:Visibility" expl:"FBApplicationProcess">,
	<RBSProcessAssertionInfo| type:1 reason:0 name:"Custom" domain:"(null)" expl:"injecting inherited from "UIScene:com.apple.frontboard.systemappservices::com.apple.springboard" to 58089<UIScene:com.apple.frontboard.systemappservices::sceneID%3Adev.selfhost.firstActivationProbe-default>">
Aug 28 14:33:55.664521 Runner(CoreFoundation)[58089] <Debug>: looked up value <private> for key AppleLanguages in CFPrefsPlistSource<0x281467380> (Domain: kCFPreferencesAnyApplication, User: kCFPreferencesCurrentUser, ByHost: No, Container: (null), Contents Need Refresh: No) via CFPrefsSearchListSource<0x281461200> (Domain: dev.selfhost.firstActivationProbe, Container: (null))
Aug 28 14:33:55.664563 Runner(RunningBoardServices)[58089] <Debug>: Received message from server: async_didChangeInheritances:completion:
Aug 28 14:33:55.664616 runningboardd(RunningBoard)[33] <Debug>: Sending state 0x1011eb640 for application<dev.selfhost.firstActivationProbe> to [daemon<com.apple.SpringBoard>:47602]
Aug 28 14:33:55.664663 runningboardd(RunningBoard)[33] <Debug>: Sending state 0x1010d0d80 for application<dev.selfhost.firstActivationProbe> to [daemon<com.apple.wifid>:52]
Aug 28 14:33:55.664709 runningboardd(RunningBoard)[33] <Debug>: Sending state 0x1010d0d80 for application<dev.selfhost.firstActivationProbe> to [daemon<com.apple.CommCenter>:90]
Aug 28 14:33:55.664760 runningboardd(RunningBoard)[33] <Info>: Received message from [application<dev.selfhost.firstActivationProbe>:58089] (euid 501, auid 501): statesForPredicate:descriptor:error:
Aug 28 14:33:55.664827 runningboardd(RunningBoard)[33] <Info>: _predicatesMatchOnlyAllowedProcess allowing predicate matching self <RBSProcessPredicate <RBSProcessHandlePredicateImpl| application<dev.selfhost.firstActivationProbe>:58089>> for process [application<dev.selfhost.firstActivationProbe>:58089]
Aug 28 14:33:55.664956 Runner(RunningBoardServices)[58089] <Info>: didChangeInheritances
Aug 28 14:33:55.664987 Runner(RunningBoardServices)[58089] <Info>: didChangeInheritances: <RBSInheritanceChangeSet| gained:{(
    <RBSInheritance| environment:UIScene:com.apple.frontboard.systemappservices::sceneID%3Adev.selfhost.firstActivationProbe-default name:com.apple.frontboard.visibility origID:33-47602-7873 payload>
Aug 28 14:33:55.665061 Runner(RunningBoardServices)[58089] <Debug>: Decoded RBSProcessHandle with IPC ID 11d14b4e0000e2e9
Aug 28 14:33:55.665083 Runner(RunningBoardServices)[58089] <Notice>: Creating side-channel connection to com.apple.runningboard
Aug 28 14:33:55.665182 SpringBoard(RunningBoardServices)[47602] <Info>: Update skipped for [application<dev.selfhost.firstActivationProbe>:58089] with state: <RBSProcessState| task:running-active debug:none endowments:[
Aug 28 14:33:55.665206 SpringBoard(RunningBoardServices)[47602] <Info>: Update skipped for [application<dev.selfhost.firstActivationProbe>:58089] with state: <RBSProcessState| task:running-active debug:none endowments:[
Aug 28 14:33:55.665282 SpringBoard(FrontBoard)[47602] <Info>: [sceneID:dev.selfhost.firstActivationProbe-default] Client settings updated with diff: <private>
Aug 28 14:33:55.665309 SpringBoard(FrontBoard)[47602] <Info>: [sceneID:dev.selfhost.firstActivationProbe-default] didUpdateClientSettingsWithDiff: <private>
Aug 28 14:33:55.665328 SpringBoard(FrontBoard)[47602] <Debug>: [FBSceneManager] PENDING:   <BSEventQueueEvent: 0x281d1f700; handleDidUpdateClientSettings-sceneID:dev.selfhost.firstActivationProbe-default(4)> @ back
Aug 28 14:33:55.665347 SpringBoard(FrontBoard)[47602] <Debug>: [FBSceneManager] EXECUTING: <BSEventQueueEvent: 0x281d1f700; handleDidUpdateClientSettings-sceneID:dev.selfhost.firstActivationProbe-default(4)>
Aug 28 14:33:55.665428 SpringBoard(FrontBoard)[47602] <Debug>: [FBSceneManager] PENDING:   <BSEventQueueEvent: 0x281d1f200; didUpdateClientSettings-sceneID:dev.selfhost.firstActivationProbe-default(4)> @ back
Aug 28 14:33:55.665454 SpringBoard(FrontBoard)[47602] <Debug>: [FBSceneManager] PENDING:   <BSEventQueueEvent: 0x281d389e0; didUpdateClientSettingsCompletion-sceneID:dev.selfhost.firstActivationProbe-default(4)> @ back
Aug 28 14:33:55.665495 runningboardd(RunningBoard)[33] <Info>: Received message from [application<dev.selfhost.firstActivationProbe>:58089] (euid 501, auid 501): lookupHandleForKey:error:
Aug 28 14:33:55.665527 runningboardd(RunningBoard)[33] <Info>: _predicatesMatchOnlyAllowedProcess allowing predicate matching self <RBSProcessPredicate <RBSProcessHandlePredicateImpl| application<dev.selfhost.firstActivationProbe>:58089>> for process [application<dev.selfhost.firstActivationProbe>:58089]
Aug 28 14:33:55.665548 runningboardd(RunningBoard)[33] <Info>: Received message from [application<dev.selfhost.firstActivationProbe>:58089] (euid 501, auid 501): acquireAssertionWithDescriptor:error:
Aug 28 14:33:55.665580 runningboardd(RunningBoard)[33] <Notice>: Acquiring assertion targeting [application<dev.selfhost.firstActivationProbe>:58089] from originator [application<dev.selfhost.firstActivationProbe>:58089] with description <RBSAssertionDescriptor| "systemAnimationFence" ID:33-58089-7874 target:58089 attributes:[
Aug 28 14:33:55.665674 SpringBoard(FrontBoard)[47602] <Debug>: [FBSceneManager] EXECUTING: <BSEventQueueEvent: 0x281d1f200; didUpdateClientSettings-sceneID:dev.selfhost.firstActivationProbe-default(4)>
Aug 28 14:33:55.665707 SpringBoard(FrontBoard)[47602] <Debug>: [FBSceneManager] PENDING:   <BSEventQueueEvent: 0x281d38a20; didUpdateClientSettings-sceneID:dev.selfhost.firstActivationProbe-default(4)> @ front
Aug 28 14:33:55.665725 SpringBoard(FrontBoard)[47602] <Debug>: [FBSceneManager] EXECUTING: <BSEventQueueEvent: 0x281d38a20; didUpdateClientSettings-sceneID:dev.selfhost.firstActivationProbe-default(4)>
Aug 28 14:33:55.665761 runningboardd(RunningBoard)[33] <Notice>: Assertion 33-58089-7874 (target:[application<dev.selfhost.firstActivationProbe>:58089]) will be created as inactive as start-time-defining assertions exist
Aug 28 14:33:55.665790 runningboardd(RunningBoard)[33] <Debug>: Adding assertion 33-58089-7874 (target:[application<dev.selfhost.firstActivationProbe>:58089])
Aug 28 14:33:55.665856 runningboardd(RunningBoard)[33] <Info>: application<dev.selfhost.firstActivationProbe> is now targeted by 6 assertions
Aug 28 14:33:55.665957 runningboardd(RunningBoard)[33] <Debug>: BEGIN suppressing state updates for application<dev.selfhost.firstActivationProbe>
Aug 28 14:33:55.666020 runningboardd(RunningBoard)[33] <Debug>: Incrementing suppression state to 1 for application<dev.selfhost.firstActivationProbe>
Aug 28 14:33:55.666080 runningboardd(RunningBoard)[33] <Debug>: Updating events for assertion: 33-58089-7874 (target:[application<dev.selfhost.firstActivationProbe>:58089])
Aug 28 14:33:55.666159 SpringBoard(FrontBoard)[47602] <Debug>: [FBSceneManager] EXECUTING: <BSEventQueueEvent: 0x281d389e0; didUpdateClientSettingsCompletion-sceneID:dev.selfhost.firstActivationProbe-default(4)>
Aug 28 14:33:55.666431 runningboardd(RunningBoard)[33] <Debug>: Removing events for context: 33-58089-7874 (target:[application<dev.selfhost.firstActivationProbe>:58089])
Aug 28 14:33:55.666471 runningboardd(RunningBoard)[33] <Info>: Received message from [application<dev.selfhost.firstActivationProbe>:58089] (euid 501, auid 501): async_invalidateAssertionWithIdentifier:
Aug 28 14:33:55.666533 runningboardd(RunningBoard)[33] <Notice>: Invalidating assertion 33-58089-7874 (target:[application<dev.selfhost.firstActivationProbe>:58089]) from originator [application<dev.selfhost.firstActivationProbe>:58089]
Aug 28 14:33:55.666586 runningboardd(RunningBoard)[33] <Debug>: Sending state 0x1010d0d80 for application<dev.selfhost.firstActivationProbe> to [daemon<com.apple.coreservices.useractivityd>:184]
Aug 28 14:33:55.666648 Runner(RunningBoardServices)[58089] <Notice>: Hit the server for a process handle 11d14b4e0000e2e9 that resolved to: [application<dev.selfhost.firstActivationProbe>:58089]
Aug 28 14:33:55.667231 mediaserverd(RunningBoardServices)[36] <Info>: Update skipped for [application<dev.selfhost.firstActivationProbe>:58089] with state: <RBSProcessState| task:running-active debug:none endowments:[
Aug 28 14:33:55.667282 mediaserverd(RunningBoardServices)[36] <Info>: Update skipped for [application<dev.selfhost.firstActivationProbe>:58089] with state: <RBSProcessState| task:running-active debug:none endowments:[
Aug 28 14:33:55.667349 Runner(RunningBoardServices)[58089] <Info>: Acquiring assertion: <RBSAssertionDescriptor| "systemAnimationFence" ID:(null) target:58089>
Aug 28 14:33:55.667407 Runner(RunningBoardServices)[58089] <Debug>: Adding assertion 33-58089-7874 to dictionary
Aug 28 14:33:55.667541 cfprefsd(CoreFoundation)[91] <Debug>: Process 58089 (Runner) sent a request related to { com.apple.Metal, user: kCFPreferencesAnyUser, kCFPreferencesCurrentHost, /Library/Managed Preferences/com.apple.Metal.plist, managed: 1 } (0x10183db90)
Aug 28 14:33:55.667638 cfprefsd(CoreFoundation)[91] <Debug>: Process 58089 (Runner) sent a request related to { com.apple.Metal, user: mobile, kCFPreferencesAnyHost, /var/mobile/Library/Preferences/com.apple.Metal.plist, managed: 0 } (0x10034f970)
Aug 28 14:33:55.667735 cfprefsd(CoreFoundation)[91] <Debug>: Process 58089 (Runner) sent a request related to { com.apple.Metal, user: kCFPreferencesAnyUser, kCFPreferencesCurrentHost, /var/preferences/com.apple.Metal.plist, managed: 0 } (0x10034f970)
Aug 28 14:33:55.667937 runningboardd(RunningBoard)[33] <Debug>: Decrementing suppression state to 0 for application<dev.selfhost.firstActivationProbe>
Aug 28 14:33:55.667983 runningboardd(RunningBoard)[33] <Debug>: END suppressing state updates for application<dev.selfhost.firstActivationProbe>
Aug 28 14:33:55.668033 runningboardd(RunningBoard)[33] <Info>: Finished acquiring assertion 33-58089-7874 (target:[application<dev.selfhost.firstActivationProbe>:58089])
Aug 28 14:33:55.668418 watchdogd(RunningBoardServices)[57] <Debug>: Received message from server: async_observedProcessStatesDidChange:completion:
Aug 28 14:33:55.668464 symptomsd(RunningBoardServices)[170] <Notice>: Hit the server for a process handle 11d14b4e0000e2e9 that resolved to: [application<dev.selfhost.firstActivationProbe>:58089]
Aug 28 14:33:55.673316 runningboardd(RunningBoard)[33] <Debug>: Sending state 0x1010d0d80 for application<dev.selfhost.firstActivationProbe> to [daemon<com.apple.locationd>:69]
Aug 28 14:33:55.673741 CommCenter(RunningBoardServices)[90] <Info>: Update delivered for [application<dev.selfhost.firstActivationProbe>:58089] with taskState 4
Aug 28 14:33:55.676844 watchdogd(RunningBoardServices)[57] <Info>: observedProcessStatesDidChange
Aug 28 14:33:55.676920 watchdogd(RunningBoardServices)[57] <Debug>: Decoded RBSProcessHandle with IPC ID 11d14b4e0000e2e9
Aug 28 14:33:55.677099 kbd(RunningBoardServices)[303] <Notice>: Hit the server for a process handle 11d14b4e0000e2e9 that resolved to: [application<dev.selfhost.firstActivationProbe>:58089]
Aug 28 14:33:55.677266 kbd(RunningBoardServices)[303] <Info>: Update delivered for [application<dev.selfhost.firstActivationProbe>:58089] with taskState 4
Aug 28 14:33:55.677556 symptomsd(SymptomNetworkUsage)[170] <Debug>: 58089 dev.selfhost.firstActivationProbe: ForegroundRunning (most elevated: ForegroundRunning)
Aug 28 14:33:55.677850 runningboardd(RunningBoard)[33] <Info>: Received message from [daemon<com.apple.watchdogd>:57] (euid 0, auid 0): lookupHandleForKey:error:
Aug 28 14:33:55.678020 runningboardd(RunningBoard)[33] <Debug>: Sending state 0x1010d0d80 for application<dev.selfhost.firstActivationProbe> to [daemon<com.apple.dasd>:94]
Aug 28 14:33:55.678058 runningboardd(RunningBoard)[33] <Debug>: Sending state 0x1010d0d80 for application<dev.selfhost.firstActivationProbe> to [daemon<com.apple.aggregated>:50213]
Aug 28 14:33:55.678265 kbd(RunningBoardServices)[303] <Info>: Update skipped for [application<dev.selfhost.firstActivationProbe>:58089] with state: <RBSProcessState| task:running-active debug:none endowments:[
Aug 28 14:33:55.678400 SpringBoard(UserNotificationsServer)[47602] <Notice>: [dev.selfhost.firstActivationProbe] dev.selfhost.firstActivationProbe application state changed to ForegroundRunning
Aug 28 14:33:55.678448 SpringBoard(UserNotificationsServer)[47602] <Notice>: [dev.selfhost.firstActivationProbe] Ignore becoming foreground for application without push registration
Aug 28 14:33:55.678499 bluetoothd(CoreUtils)[86] <Notice>: SystemUI unknown identifier: 'sceneID:dev.selfhost.firstActivationProbe-default' / 'dev.selfhost.firstActivationProbe'
Aug 28 14:33:55.683323 symptomsd(RunningBoardServices)[170] <Info>: Update delivered for [application<dev.selfhost.firstActivationProbe>:58089] with taskState 4
Aug 28 14:33:55.683888 CommCenter(RunningBoardServices)[90] <Info>: Update skipped for [application<dev.selfhost.firstActivationProbe>:58089] with state: <RBSProcessState| task:running-active debug:none endowments:[
Aug 28 14:33:55.684086 symptomsd(RunningBoardServices)[170] <Info>: Update skipped for [application<dev.selfhost.firstActivationProbe>:58089] with state: <RBSProcessState| task:running-active debug:none endowments:[
Aug 28 14:33:55.684605 backboardd(RunningBoardServices)[65] <Notice>: Hit the server for a process handle 11d14b4e0000e2e9 that resolved to: [application<dev.selfhost.firstActivationProbe>:58089]
Aug 28 14:33:55.684676 UserEventAgent(RunningBoardServices)[30] <Notice>: Hit the server for a process handle 11d14b4e0000e2e9 that resolved to: [application<dev.selfhost.firstActivationProbe>:58089]
Aug 28 14:33:55.685554 UserEventAgent(RunningBoardServices)[30] <Info>: Update delivered for [application<dev.selfhost.firstActivationProbe>:58089] with taskState 4
Aug 28 14:33:55.685757 backboardd(RunningBoardServices)[65] <Info>: Update delivered for [application<dev.selfhost.firstActivationProbe>:58089] with taskState 4
Aug 28 14:33:55.693928 SpringBoard(UIKitCore)[47602] <Notice>: [sceneID:dev.selfhost.firstActivationProbe-default] Setting deactivation reasons to: '(none)' for reason: updateAllScenesForBand - Assertion removed.
Aug 28 14:33:55.694651 SpringBoard(FrontBoard)[47602] <Info>: Client intercepting scene update for scene: sceneID:dev.selfhost.firstActivationProbe-default
Aug 28 14:33:55.694731 SpringBoard(FrontBoard)[47602] <Debug>: START SCENE MUTATION ------- sceneID:dev.selfhost.firstActivationProbe-default
Aug 28 14:33:55.694767 SpringBoard(FrontBoard)[47602] <Debug>: [FBSceneManager] PENDING:   <BSEventQueueEvent: 0x281d08420; sceneUpdatePrepared-sceneID:dev.selfhost.firstActivationProbe-default(5)> @ back
Aug 28 14:33:55.694819 SpringBoard(FrontBoard)[47602] <Debug>: [FBSceneManager] PENDING:   <BSEventQueueEvent: 0x281d04ca0; applySettings-sceneID:dev.selfhost.firstActivationProbe-default(5)> @ back
Aug 28 14:33:55.694870 SpringBoard(FrontBoard)[47602] <Debug>: Flushing all events for sceneID:dev.selfhost.firstActivationProbe-default
Aug 28 14:33:55.694914 SpringBoard(FrontBoard)[47602] <Debug>: [FBSceneManager] EXECUTING: <BSEventQueueEvent: 0x281d08420; sceneUpdatePrepared-sceneID:dev.selfhost.firstActivationProbe-default(5)>
Aug 28 14:33:55.694968 SpringBoard(FrontBoard)[47602] <Debug>: [FBSceneManager] PENDING:   <BSEventQueueEvent: 0x281d010e0; sceneUpdatePrepared-sceneID:dev.selfhost.firstActivationProbe-default(5)> @ front
Aug 28 14:33:55.695026 SpringBoard(FrontBoard)[47602] <Debug>: [FBSceneManager] EXECUTING: <BSEventQueueEvent: 0x281d010e0; sceneUpdatePrepared-sceneID:dev.selfhost.firstActivationProbe-default(5)>
Aug 28 14:33:55.695947 SpringBoard(FrontBoard)[47602] <Debug>: [FBSceneManager] EXECUTING: <BSEventQueueEvent: 0x281d04ca0; applySettings-sceneID:dev.selfhost.firstActivationProbe-default(5)>
Aug 28 14:33:55.696082 SpringBoard(FrontBoard)[47602] <Debug>: [FBSceneManager] PENDING:   <BSEventQueueEvent: 0x281d35760; sceneUpdateApplied-sceneID:dev.selfhost.firstActivationProbe-default(5)> @ back
Aug 28 14:33:55.696218 SpringBoard(FrontBoard)[47602] <Debug>: [FBSceneManager] PENDING:   <BSEventQueueEvent: 0x281d36820; sceneMutationCompletion-sceneID:dev.selfhost.firstActivationProbe-default(5)> @ back
Aug 28 14:33:55.696375 SpringBoard(FrontBoard)[47602] <Debug>: [FBSceneManager] EXECUTING: <BSEventQueueEvent: 0x281d35760; sceneUpdateApplied-sceneID:dev.selfhost.firstActivationProbe-default(5)>
Aug 28 14:33:55.696470 SpringBoard(FrontBoard)[47602] <Debug>: [FBSceneManager] PENDING:   <BSEventQueueEvent: 0x281d34400; sceneUpdateApplied-sceneID:dev.selfhost.firstActivationProbe-default(5)> @ front
Aug 28 14:33:55.696555 SpringBoard(FrontBoard)[47602] <Debug>: [FBSceneManager] EXECUTING: <BSEventQueueEvent: 0x281d34400; sceneUpdateApplied-sceneID:dev.selfhost.firstActivationProbe-default(5)>
Aug 28 14:33:55.696645 SpringBoard(FrontBoard)[47602] <Info>: [sceneID:dev.selfhost.firstActivationProbe-default] Sending scene action [Forward Event][0x6ab8] to process 0x11492cf70 (watchdog: none)
Aug 28 14:33:55.696947 SpringBoard(FrontBoard)[47602] <Debug>: [FBSceneManager] EXECUTING: <BSEventQueueEvent: 0x281d36820; sceneMutationCompletion-sceneID:dev.selfhost.firstActivationProbe-default(5)>
Aug 28 14:33:55.697230 SpringBoard(FrontBoard)[47602] <Debug>: ---------- END SCENE MUTATION: sceneID:dev.selfhost.firstActivationProbe-default
Aug 28 14:33:55.697462 Runner(CoreFoundation)[58089] <Debug>: Resource lookup at <private>
Aug 28 14:33:55.697509 Runner(CoreFoundation)[58089] <Debug>: Resource lookup at <private>
Aug 28 14:33:55.697563 Runner(UIKitCore)[58089] <Notice>: sceneOfRecord: sceneID: sceneID:dev.selfhost.firstActivationProbe-default  persistentID: 78158392-FFA7-4A5B-8941-316037380434
Aug 28 14:33:55.697687 Runner(UIKitCore)[58089] <Notice>: Deactivation reason removed: 12; deactivation reasons: 4128 -> 32; animating application lifecycle event: 1
Aug 28 14:33:55.697729 Runner(UIKitCore)[58089] <Notice>: Deactivation reason removed: 5; deactivation reasons: 32 -> 0; animating application lifecycle event: 0
Aug 28 14:33:55.697785 Runner(CoreAnalytics)[58089] <Info>: Daemon status changed from 0 to 1
Aug 28 14:33:55.697833 Runner(CoreFoundation)[58089] <Debug>: Resource lookup at <private>
Aug 28 14:33:55.697872 Runner(HangTracer)[58089] <Info>: HTPrefs initialization
Aug 28 14:33:55.697939 Runner(CoreFoundation)[58089] <Debug>: Resource lookup at <private>
Aug 28 14:33:55.697975 Runner(CoreFoundation)[58089] <Info>: Loading Preferences From System CFPrefsD
Aug 28 14:33:55.698017 Runner(CoreFoundation)[58089] <Debug>: CFPrefsPlistSource<0x281472880> (Domain: com.apple.da, User: kCFPreferencesCurrentUser, ByHost: No, Container: (null), Contents Need Refresh: No) loaded: a new base plist and no additional changes from the base plist
Aug 28 14:33:55.698045 Runner(CoreFoundation)[58089] <Debug>: found no value for key HTEPL.HangTracerEnableCustomerMode in CFPrefsPlistSource<0x281472880> (Domain: com.apple.da, User: kCFPreferencesCurrentUser, ByHost: No, Container: (null), Contents Need Refresh: No)
Aug 28 14:33:55.698096 Runner(CoreFoundation)[58089] <Debug>: found no value for key PLTasking.HangTracerEnableCustomerMode in CFPrefsPlistSource<0x281472880> (Domain: com.apple.da, User: kCFPreferencesCurrentUser, ByHost: No, Container: (null), Contents Need Refresh: No)
Aug 28 14:33:55.698136 Runner(CoreFoundation)[58089] <Debug>: found no value for key HangTracerEnableCustomerMode in CFPrefsPlistSource<0x281472880> (Domain: com.apple.da, User: kCFPreferencesCurrentUser, ByHost: No, Container: (null), Contents Need Refresh: No)
Aug 28 14:33:55.698168 Runner(CoreFoundation)[58089] <Debug>: found no value for key PDSEHangTracer.HangTracerEnableCustomerMode in CFPrefsPlistSource<0x281472880> (Domain: com.apple.da, User: kCFPreferencesCurrentUser, ByHost: No, Container: (null), Contents Need Refresh: No)
Aug 28 14:33:55.698205 Runner(CoreFoundation)[58089] <Debug>: found no value for key PDSEHTThirdParty.HangTracerEnableCustomerMode in CFPrefsPlistSource<0x281472880> (Domain: com.apple.da, User: kCFPreferencesCurrentUser, ByHost: No, Container: (null), Contents Need Refresh: No)
Aug 28 14:33:55.698258 Runner(CoreFoundation)[58089] <Debug>: found no value for key PDSEHTRateOnly.HangTracerEnableCustomerMode in CFPrefsPlistSource<0x281472880> (Domain: com.apple.da, User: kCFPreferencesCurrentUser, ByHost: No, Container: (null), Contents Need Refresh: No)
Aug 28 14:33:55.698305 Runner(CoreFoundation)[58089] <Debug>: found no value for key PDSESentry.HangTracerEnableCustomerMode in CFPrefsPlistSource<0x281472880> (Domain: com.apple.da, User: kCFPreferencesCurrentUser, ByHost: No, Container: (null), Contents Need Refresh: No)
Aug 28 14:33:55.698349 Runner(HangTracer)[58089] <Debug>: HTPrefs: HangTracerEnableCustomerMode was not found in the com.apple.da domain, a profile, by EPL, by PowerLog Tasking domain, by HT Self Enablement or by HT Sentry Enablement
Aug 28 14:33:55.698392 cfprefsd(CoreFoundation)[91] <Debug>: Process 58089 (Runner) sent a request related to { com.apple.da, user: mobile, kCFPreferencesAnyHost, /var/mobile/Library/Preferences/com.apple.da.plist, managed: 0 } (0x100307ae0)
Aug 28 14:33:55.698442 cfprefsd(CoreFoundation)[91] <Debug>: Process 58089 (Runner) read data for { com.apple.da, mobile, kCFPreferencesAnyHost, /var/mobile/Library/Preferences/com.apple.da.plist, managed: 0 }, backed by /private/var/mobile/Library/Preferences/com.apple.da.plist
Aug 28 14:33:55.698499 Runner(HangTracer)[58089] <Info>: HTPrefs: Refreshing preferences
Aug 28 14:33:55.698546 Runner(CoreFoundation)[58089] <Debug>: found no value for key HTEPL.HangTracerEnableCustomerMode in CFPrefsPlistSource<0x281472880> (Domain: com.apple.da, User: kCFPreferencesCurrentUser, ByHost: No, Container: (null), Contents Need Refresh: No)
Aug 28 14:33:55.698594 Runner(CoreFoundation)[58089] <Debug>: found no value for key PLTasking.HangTracerEnableCustomerMode in CFPrefsPlistSource<0x281472880> (Domain: com.apple.da, User: kCFPreferencesCurrentUser, ByHost: No, Container: (null), Contents Need Refresh: No)
Aug 28 14:33:55.698634 Runner(CoreFoundation)[58089] <Debug>: found no value for key HangTracerEnableCustomerMode in CFPrefsPlistSource<0x281472880> (Domain: com.apple.da, User: kCFPreferencesCurrentUser, ByHost: No, Container: (null), Contents Need Refresh: No)
Aug 28 14:33:55.698705 Runner(CoreFoundation)[58089] <Debug>: found no value for key PDSEHangTracer.HangTracerEnableCustomerMode in CFPrefsPlistSource<0x281472880> (Domain: com.apple.da, User: kCFPreferencesCurrentUser, ByHost: No, Container: (null), Contents Need Refresh: No)
Aug 28 14:33:55.698747 Runner(CoreFoundation)[58089] <Debug>: found no value for key PDSEHTThirdParty.HangTracerEnableCustomerMode in CFPrefsPlistSource<0x281472880> (Domain: com.apple.da, User: kCFPreferencesCurrentUser, ByHost: No, Container: (null), Contents Need Refresh: No)
Aug 28 14:33:55.698778 Runner(CoreFoundation)[58089] <Debug>: found no value for key PDSEHTRateOnly.HangTracerEnableCustomerMode in CFPrefsPlistSource<0x281472880> (Domain: com.apple.da, User: kCFPreferencesCurrentUser, ByHost: No, Container: (null), Contents Need Refresh: No)
Aug 28 14:33:55.698835 Runner(CoreFoundation)[58089] <Debug>: found no value for key PDSESentry.HangTracerEnableCustomerMode in CFPrefsPlistSource<0x281472880> (Domain: com.apple.da, User: kCFPreferencesCurrentUser, ByHost: No, Container: (null), Contents Need Refresh: No)
Aug 28 14:33:55.698875 Runner(HangTracer)[58089] <Debug>: HTPrefs: HangTracerEnableCustomerMode was not found in the com.apple.da domain, a profile, by EPL, by PowerLog Tasking domain, by HT Self Enablement or by HT Sentry Enablement
Aug 28 14:33:55.698905 Runner(HangTracer)[58089] <Debug>: Preparing prefInitList
Aug 28 14:33:55.698947 Runner(CoreFoundation)[58089] <Debug>: found no value for key HTEPL.HangTracerEnabled in CFPrefsPlistSource<0x281472880> (Domain: com.apple.da, User: kCFPreferencesCurrentUser, ByHost: No, Container: (null), Contents Need Refresh: No)
Aug 28 14:33:55.698986 Runner(CoreFoundation)[58089] <Debug>: found no value for key PLTasking.HangTracerEnabled in CFPrefsPlistSource<0x281472880> (Domain: com.apple.da, User: kCFPreferencesCurrentUser, ByHost: No, Container: (null), Contents Need Refresh: No)
Aug 28 14:33:55.699017 Runner(CoreFoundation)[58089] <Debug>: found no value for key HangTracerEnabled in CFPrefsPlistSource<0x281472880> (Domain: com.apple.da, User: kCFPreferencesCurrentUser, ByHost: No, Container: (null), Contents Need Refresh: No)
Aug 28 14:33:55.699053 Runner(CoreFoundation)[58089] <Debug>: found no value for key PDSEHangTracer.HangTracerEnabled in CFPrefsPlistSource<0x281472880> (Domain: com.apple.da, User: kCFPreferencesCurrentUser, ByHost: No, Container: (null), Contents Need Refresh: No)
Aug 28 14:33:55.699080 Runner(CoreFoundation)[58089] <Debug>: found no value for key PDSEHTThirdParty.HangTracerEnabled in CFPrefsPlistSource<0x281472880> (Domain: com.apple.da, User: kCFPreferencesCurrentUser, ByHost: No, Container: (null), Contents Need Refresh: No)
Aug 28 14:33:55.699116 Runner(CoreFoundation)[58089] <Debug>: found no value for key PDSEHTRateOnly.HangTracerEnabled in CFPrefsPlistSource<0x281472880> (Domain: com.apple.da, User: kCFPreferencesCurrentUser, ByHost: No, Container: (null), Contents Need Refresh: No)
Aug 28 14:33:55.699158 Runner(CoreFoundation)[58089] <Debug>: found no value for key PDSESentry.HangTracerEnabled in CFPrefsPlistSource<0x281472880> (Domain: com.apple.da, User: kCFPreferencesCurrentUser, ByHost: No, Container: (null), Contents Need Refresh: No)
Aug 28 14:33:55.699190 Runner(HangTracer)[58089] <Debug>: HTPrefs: HangTracerEnabled was not found in the com.apple.da domain, a profile, by EPL, by PowerLog Tasking domain, by HT Self Enablement or by HT Sentry Enablement
Aug 28 14:33:55.699220 Runner(HangTracer)[58089] <Info>: Posting notification com.apple.hangtracer.htprefs.refreshed
Aug 28 14:33:55.699737 SpringBoard(FrontBoard)[47602] <Info>: [sceneID:dev.selfhost.firstActivationProbe-default] Scene action [Forward Event][0x6ab8] completed with success: 1
Aug 28 14:33:55.699774 SpringBoard(FrontBoard)[47602] <Debug>: [FBSceneManager] PENDING:   <BSEventQueueEvent: 0x281d1e440; updateComplete-sceneID:dev.selfhost.firstActivationProbe-default(5)> @ back
Aug 28 14:33:55.699812 SpringBoard(FrontBoard)[47602] <Info>: [sceneID:dev.selfhost.firstActivationProbe-default] Client settings updated with diff: <private>
Aug 28 14:33:55.699843 SpringBoard(FrontBoard)[47602] <Debug>: [FBSceneManager] EXECUTING: <BSEventQueueEvent: 0x281d1e440; updateComplete-sceneID:dev.selfhost.firstActivationProbe-default(5)>
Aug 28 14:33:55.699881 SpringBoard(FrontBoard)[47602] <Debug>: [FBSceneManager] PENDING:   <BSEventQueueEvent: 0x281d1f700; sceneUpdateCompleted-sceneID:dev.selfhost.firstActivationProbe-default(5)> @ back
Aug 28 14:33:55.699938 SpringBoard(FrontBoard)[47602] <Debug>: [FBSceneManager] EXECUTING: <BSEventQueueEvent: 0x281d1f700; sceneUpdateCompleted-sceneID:dev.selfhost.firstActivationProbe-default(5)>
Aug 28 14:33:55.699992 SpringBoard(FrontBoard)[47602] <Debug>: [FBSceneManager] PENDING:   <BSEventQueueEvent: 0x281d1fc80; sceneUpdateCompleted-sceneID:dev.selfhost.firstActivationProbe-default(5)> @ front
Aug 28 14:33:55.700037 SpringBoard(FrontBoard)[47602] <Debug>: [FBSceneManager] EXECUTING: <BSEventQueueEvent: 0x281d1fc80; sceneUpdateCompleted-sceneID:dev.selfhost.firstActivationProbe-default(5)>
Aug 28 14:33:55.700148 SpringBoard(FrontBoard)[47602] <Info>: [sceneID:dev.selfhost.firstActivationProbe-default] didUpdateClientSettingsWithDiff: <private>
Aug 28 14:33:55.700187 SpringBoard(FrontBoard)[47602] <Debug>: [FBSceneManager] PENDING:   <BSEventQueueEvent: 0x281d1df80; handleDidUpdateClientSettings-sceneID:dev.selfhost.firstActivationProbe-default(5)> @ back
Aug 28 14:33:55.700245 SpringBoard(FrontBoard)[47602] <Debug>: [FBSceneManager] EXECUTING: <BSEventQueueEvent: 0x281d1df80; handleDidUpdateClientSettings-sceneID:dev.selfhost.firstActivationProbe-default(5)>
Aug 28 14:33:55.700370 SpringBoard(FrontBoard)[47602] <Debug>: [FBSceneManager] PENDING:   <BSEventQueueEvent: 0x281d1f700; didUpdateClientSettings-sceneID:dev.selfhost.firstActivationProbe-default(5)> @ back
Aug 28 14:33:55.700426 SpringBoard(FrontBoard)[47602] <Debug>: [FBSceneManager] PENDING:   <BSEventQueueEvent: 0x281d04ca0; didUpdateClientSettingsCompletion-sceneID:dev.selfhost.firstActivationProbe-default(5)> @ back
Aug 28 14:33:55.700586 SpringBoard(FrontBoard)[47602] <Debug>: [FBSceneManager] EXECUTING: <BSEventQueueEvent: 0x281d1f700; didUpdateClientSettings-sceneID:dev.selfhost.firstActivationProbe-default(5)>
Aug 28 14:33:55.700640 SpringBoard(FrontBoard)[47602] <Debug>: [FBSceneManager] PENDING:   <BSEventQueueEvent: 0x281d1e440; didUpdateClientSettings-sceneID:dev.selfhost.firstActivationProbe-default(5)> @ front
Aug 28 14:33:55.700679 SpringBoard(FrontBoard)[47602] <Debug>: [FBSceneManager] EXECUTING: <BSEventQueueEvent: 0x281d1e440; didUpdateClientSettings-sceneID:dev.selfhost.firstActivationProbe-default(5)>
Aug 28 14:33:55.700794 SpringBoard(FrontBoard)[47602] <Debug>: [FBSceneManager] EXECUTING: <BSEventQueueEvent: 0x281d04ca0; didUpdateClientSettingsCompletion-sceneID:dev.selfhost.firstActivationProbe-default(5)>
Aug 28 14:33:55.701261 backboardd(RunningBoardServices)[65] <Info>: Update skipped for [application<dev.selfhost.firstActivationProbe>:58089] with state: <RBSProcessState| task:running-active debug:none endowments:[
Aug 28 14:33:55.701325 callservicesd(RunningBoardServices)[131] <Notice>: Hit the server for a process handle 11d14b4e0000e2e9 that resolved to: [application<dev.selfhost.firstActivationProbe>:58089]
Aug 28 14:33:55.701424 callservicesd(RunningBoardServices)[131] <Info>: Update delivered for [application<dev.selfhost.firstActivationProbe>:58089] with taskState 4
Aug 28 14:33:55.701542 watchdogd(RunningBoardServices)[57] <Notice>: Hit the server for a process handle 11d14b4e0000e2e9 that resolved to: [application<dev.selfhost.firstActivationProbe>:58089]
Aug 28 14:33:55.701626 watchdogd(RunningBoardServices)[57] <Notice>: Received state update for 58089
Aug 28 14:33:55.702334 locationd(RunningBoardServices)[69] <Notice>: Hit the server for a process handle 11d14b4e0000e2e9 that resolved to: [application<dev.selfhost.firstActivationProbe>:58089]
Aug 28 14:33:55.705105 locationd(RunningBoardServices)[69] <Info>: Update delivered for [application<dev.selfhost.firstActivationProbe>:58089] with taskState 4
Aug 28 14:33:55.717162 locationd[69] <Notice>: {"msg":"#CLIUA Marking change", "clientKey":"dev.selfhost.firstActivationProbe", "reason":"Process state from RunningBoard", "assertionLevel":5, "coming":1}
Aug 28 14:33:55.718914 locationd[69] <Info>: getClientEffectiveRegistrationResult, , dev.selfhost.firstActivationProbe, , CLClientRegistrationResult, kCLClientRegistrationResultFailedUnavailable, CLCommonLocationServicesEnabled, 1
Aug 28 14:33:55.718953 locationd[69] <Info>: getClientEffectiveRegistrationResult, , dev.selfhost.firstActivationProbe, , CLClientRegistrationResult, kCLClientRegistrationResultFailedUnavailable, CLCommonLocationServicesEnabled, 1
Aug 28 14:33:55.719025 locationd[69] <Debug>: {"msg":"Skip UpdateClientServiceTypeMasks #pla for zones. No InterestZones", "ClientKey":"dev.selfhost.firstActivationProbe"}
Aug 28 14:33:55.728178 runningboardd(RunningBoard)[33] <Debug>: Removing assertion 33-58089-7874 on [application<dev.selfhost.firstActivationProbe>:58089]
Aug 28 14:33:55.728225 runningboardd(RunningBoard)[33] <Debug>: > application<dev.selfhost.firstActivationProbe> ['Shared Background Assertion 0 for dev.selfhost.firstActivationProbe'] [33-58089-7872]
Aug 28 14:33:55.728271 runningboardd(RunningBoard)[33] <Debug>: Updating events for assertion: 33-58089-7874 (target:[application<dev.selfhost.firstActivationProbe>:58089])
Aug 28 14:33:55.728320 runningboardd(RunningBoard)[33] <Debug>: Removing events for context: 33-58089-7874 (target:[application<dev.selfhost.firstActivationProbe>:58089])
Aug 28 14:33:55.728366 runningboardd(RunningBoard)[33] <Debug>: > application<dev.selfhost.firstActivationProbe> ['RB Underlying Assertion'] [33-33-7870]
Aug 28 14:33:55.728408 runningboardd(RunningBoard)[33] <Info>: application<dev.selfhost.firstActivationProbe> is now targeted by 5 assertions
Aug 28 14:33:55.728574 runningboardd(RunningBoard)[33] <Debug>: > 58089 ['Shared Background Assertion 0 for dev.selfhost.firstActivationProbe'] [33-58089-7872]
Aug 28 14:33:55.728619 runningboardd(RunningBoard)[33] <Debug>: > 58089 ['injecting inherited from "UIScene:com.apple.frontboard.systemappservices::com.apple.springboard" to 58089<UIScene:com.apple.frontboard.systemappservices::sceneID%3Adev.selfhost.firstActivationProbe-default>'] [33-47602-7873]
Aug 28 14:33:55.729199 sharingd[66] <Debug>: SystemUI unknown identifier: 'sceneID:dev.selfhost.firstActivationProbe-default'/ 'dev.selfhost.firstActivationProbe'
Aug 28 14:33:55.730463 contextstored(RunningBoardServices)[61] <Notice>: Hit the server for a process handle 11d14b4e0000e2e9 that resolved to: [application<dev.selfhost.firstActivationProbe>:58089]
Aug 28 14:33:55.730752 contextstored(RunningBoardServices)[61] <Info>: Update delivered for [application<dev.selfhost.firstActivationProbe>:58089] with taskState 4
Aug 28 14:33:55.730809 useractivityd(RunningBoardServices)[184] <Notice>: Hit the server for a process handle 11d14b4e0000e2e9 that resolved to: [application<dev.selfhost.firstActivationProbe>:58089]
Aug 28 14:33:55.731145 useractivityd(RunningBoardServices)[184] <Info>: Update delivered for [application<dev.selfhost.firstActivationProbe>:58089] with taskState 4
Aug 28 14:33:55.731851 chronod(ChronoCore)[102] <Notice>: noting foreground launch for dev.selfhost.firstActivationProbe with widget extension; trigger metadata query
Aug 28 14:33:55.732500 wifid(RunningBoardServices)[52] <Notice>: Hit the server for a process handle 11d14b4e0000e2e9 that resolved to: [application<dev.selfhost.firstActivationProbe>:58089]
        <SBSDisplayLayoutElement: 0x2836c5dc0; sceneID:dev.selfhost.firstActivationProbe-default; bundleID: dev.selfhost.firstActivationProbe; frame: {{0, 0}, {375, 667}}; level: 1; role: primary>;
Aug 28 14:33:55.734942 UserEventAgent(ADEventListenerPlugin)[30] <Debug>: AppStateChange: <private> (58089) terminated => foregroundRunning
Aug 28 14:33:55.744780 useractivityd(RunningBoardServices)[184] <Info>: Update skipped for [application<dev.selfhost.firstActivationProbe>:58089] with state: <RBSProcessState| task:running-active debug:none endowments:[
Aug 28 14:33:55.745313 watchdogd(RunningBoardServices)[57] <Info>: Update delivered for [application<dev.selfhost.firstActivationProbe>:58089] with taskState 4
Aug 28 14:33:55.745339 dasd(RunningBoardServices)[94] <Notice>: Hit the server for a process handle 11d14b4e0000e2e9 that resolved to: [application<dev.selfhost.firstActivationProbe>:58089]
Aug 28 14:33:55.746326 aggregated(RunningBoardServices)[50213] <Notice>: Hit the server for a process handle 11d14b4e0000e2e9 that resolved to: [application<dev.selfhost.firstActivationProbe>:58089]
Aug 28 14:33:55.746548 aggregated(RunningBoardServices)[50213] <Info>: Update delivered for [application<dev.selfhost.firstActivationProbe>:58089] with taskState 4
Aug 28 14:33:55.747028 watchdogd[57] <Info>: 1311683513694708: <private>
Aug 28 14:33:55.747078 callservicesd(RunningBoardServices)[131] <Info>: Update skipped for [application<dev.selfhost.firstActivationProbe>:58089] with state: <RBSProcessState| task:running-active debug:none endowments:[
Aug 28 14:33:55.748022 locationd(RunningBoardServices)[69] <Info>: Update skipped for [application<dev.selfhost.firstActivationProbe>:58089] with state: <RBSProcessState| task:running-active debug:none endowments:[
Aug 28 14:33:55.748165 watchdogd(RunningBoardServices)[57] <Debug>: Received message from server: async_observedProcessStatesDidChange:completion:
Aug 28 14:33:55.748318 watchdogd(RunningBoardServices)[57] <Info>: observedProcessStatesDidChange
Aug 28 14:33:55.748486 watchdogd(RunningBoardServices)[57] <Debug>: Decoded RBSProcessHandle with IPC ID 11d14b4e0000e2e9
Aug 28 14:33:55.748682 watchdogd(RunningBoardServices)[57] <Notice>: Received state update for 58089
Aug 28 14:33:55.748869 watchdogd(RunningBoardServices)[57] <Info>: Update skipped for [application<dev.selfhost.firstActivationProbe>:58089] with state: <RBSProcessState| task:running-active debug:none endowments:[
Aug 28 14:33:55.749715 contextstored(RunningBoardServices)[61] <Info>: Update skipped for [application<dev.selfhost.firstActivationProbe>:58089] with state: <RBSProcessState| task:running-active debug:none endowments:[
Aug 28 14:33:55.750416 dasd(RunningBoardServices)[94] <Info>: Update delivered for [application<dev.selfhost.firstActivationProbe>:58089] with taskState 4
Aug 28 14:33:55.750591 dasd(RunningBoardServices)[94] <Info>: Update skipped for [application<dev.selfhost.firstActivationProbe>:58089] with state: <RBSProcessState| task:running-active debug:none endowments:[
Aug 28 14:33:55.752406 aggregated(RunningBoardServices)[50213] <Info>: Update skipped for [application<dev.selfhost.firstActivationProbe>:58089] with state: <RBSProcessState| task:running-active debug:none endowments:[
Aug 28 14:33:55.764319 dasd(RunningBoardServices)[94] <Info>: Update delivered for [application<dev.selfhost.firstActivationProbe>:58089] with taskState 4
Aug 28 14:33:55.764611 dasd(RunningBoardServices)[94] <Info>: Update skipped for [application<dev.selfhost.firstActivationProbe>:58089] with state: <RBSProcessState| task:running-active debug:none endowments:[
Aug 28 14:33:55.764752 dasd(RunningBoardServices)[94] <Info>: Update delivered for [application<dev.selfhost.firstActivationProbe>:58089] with taskState 4
Aug 28 14:33:55.765683 wifid(WiFiPolicy)[52] <Notice>: WifiDeviceManagerCatsWhitelistedApp: CATS en0:  deviceManager:0x10582dc00 FgApp:dev.selfhost.firstActivationProbe stateChange:1 whitelisted=1
Aug 28 14:33:55.766451 wifid(WiFiPolicy)[52] <Notice>: WiFiDeviceManagerCatsSetLowLatencyApp: CATSUpdate en0: fgApp:dev.selfhost.firstActivationProbe b=0x0 rc=0
Aug 28 14:33:55.766507 wifid(WiFiPolicy)[52] <Notice>: WiFiDeviceManagerCatsSetForegroundApp: CATSUpdate en0: fgApp:dev.selfhost.firstActivationProbe hs=0 t=1 wl=1 rc=1
Aug 28 14:33:55.768954 wifid(RunningBoardServices)[52] <Info>: Update delivered for [application<dev.selfhost.firstActivationProbe>:58089] with taskState 4
Aug 28 14:33:55.769743 wifid(RunningBoardServices)[52] <Info>: Update skipped for [application<dev.selfhost.firstActivationProbe>:58089] with state: <RBSProcessState| task:running-active debug:none endowments:[
Aug 28 14:33:55.773139 UserEventAgent(RunningBoardServices)[30] <Info>: Update delivered for [application<dev.selfhost.firstActivationProbe>:58089] with taskState 4
Aug 28 14:33:55.776330 dasd(RunningBoardServices)[94] <Info>: Update skipped for [application<dev.selfhost.firstActivationProbe>:58089] with state: <RBSProcessState| task:running-active debug:none endowments:[
Aug 28 14:33:55.777186 UserEventAgent(RunningBoardServices)[30] <Info>: Update delivered for [application<dev.selfhost.firstActivationProbe>:58089] with taskState 4
Aug 28 14:33:55.777661 UserEventAgent(RunningBoardServices)[30] <Info>: Update skipped for [application<dev.selfhost.firstActivationProbe>:58089] with state: <RBSProcessState| task:running-active debug:none endowments:[
	<RBSProcessAssertionInfo| type:2 reason:10000 name:"Domain" domain:"com.apple.frontboard:Bootstrap-Foreground,com.apple.frontboard:Visibility" expl:"FBApplicationProcess">,
	<RBSProcessAssertionInfo| type:1 reason:0 name:"Custom" domain:"(null)" expl:"injecting inherited from "UIScene:com.apple.frontboard.systemappservices::com.apple.springboard" to 58089<UIScene:com.apple.frontboard.systemappservices::sceneID%3Adev.selfhost.firstActivationProbe-default>">
Aug 28 14:33:55.797006 SpringBoard(RunningBoardServices)[47602] <Info>: Update skipped for [application<dev.selfhost.firstActivationProbe>:58089] with state: <RBSProcessState| task:running-active debug:none endowments:[
Aug 28 14:33:55.799356 SpringBoard(RunningBoardServices)[47602] <Info>: Update skipped for [application<dev.selfhost.firstActivationProbe>:58089] with state: <RBSProcessState| task:running-active debug:none endowments:[
Aug 28 14:33:55.804726 SpringBoard(RunningBoardServices)[47602] <Info>: Update skipped for [application<dev.selfhost.firstActivationProbe>:58089] with state: <RBSProcessState| task:running-active debug:none endowments:[
Aug 28 14:33:55.804917 runningboardd(RunningBoard)[33] <Debug>: [daemon<com.apple.SpringBoard>:47602] query resolved to [application<dev.selfhost.firstActivationProbe>:58089]
Aug 28 14:33:55.805143 SpringBoard(RunningBoardServices)[47602] <Info>: Update skipped for [application<dev.selfhost.firstActivationProbe>:58089] with state: <RBSProcessState| task:running-active debug:none endowments:[
Aug 28 14:33:55.806434 symptomsd(SymptomNetworkUsage)[170] <Info>: handleApplicationStateChangeForDisplayName: name dev.selfhost.firstActivationProbe uuid E01B2FEA-36F1-3C21-AADE-93AC8E03F45C pid 58089 state BKSApplicationStateForegroundRunning
Aug 28 14:33:55.807252 symptomsd(SymptomNetworkUsage)[170] <Debug>: Dynamic lookup for E01B2FEA-36F1-3C21-AADE-93AC8E03F45C found entry dev.selfhost.firstActivationProbe
Aug 28 14:33:55.810692 symptomsd(SymptomNetworkUsage)[170] <Debug>: Dynamic lookup for E01B2FEA-36F1-3C21-AADE-93AC8E03F45C found entry dev.selfhost.firstActivationProbe
Aug 28 14:33:55.811576 symptomsd(SymptomEvaluator)[170] <Info>: COSMCtrl foregroundAppObserver gets E01B2FEA-36F1-3C21-AADE-93AC8E03F45C for dev.selfhost.firstActivationProbe state 1
Aug 28 14:33:55.811951 symptomsd(SymptomEvaluator)[170] <Debug>: COSMCtrl _foregroundAppActivity entry for E01B2FEA-36F1-3C21-AADE-93AC8E03F45C -> dev.selfhost.firstActivationProbe  fg 1
Aug 28 14:33:55.812111 symptomsd(SymptomEvaluator)[170] <Debug>: COSMCtrl _foregroundAppActivity exit for E01B2FEA-36F1-3C21-AADE-93AC8E03F45C -> dev.selfhost.firstActivationProbe  policy id 0  fg 1 fg-activity 0
Aug 28 14:33:55.816549 symptomsd(SymptomEvaluator)[170] <Debug>: Flow data on entry is Runner TCP4 flow id 1237594 (close) so pkts rx 2 tx 2, bytes 311 424 cell 0 0 wifi 391 504 wired 0 0 deltas 311 424 0 0 391 504 0 0
src 1237594 snapshot: Runner TCP4 flow id 1237594 (close) so pkts rx 2 tx 2, bytes 311 424 cell 0 0 wifi 391 504 wired 0 0 deltas 311 424 0 0 391 504 0 0
Aug 28 14:33:55.817801 symptomsd(SymptomEvaluator)[170] <Debug>: --> activityBitmaps: adding new bitmaps for app [dev.selfhost.firstActivationProbe] with bitmaps starting at 1311680: [             0x1] [               0]
Aug 28 14:33:55.818006 symptomsd(SymptomEvaluator)[170] <Debug>: --> activityBitmaps for dev.selfhost.firstActivationProbe: current bitmaps stored before adding new bitmap: [Activity time: 04:24:21.000 -0400 (1308936) ] [wordOffset: 6, numOfWords:8] <               0 0x800008000000000        0x8000000 0x1000020000000010     0x8000000000           0x2000                0                0 >
Aug 28 14:33:55.818354 symptomsd(SymptomEvaluator)[170] <Debug>: --> activityBitmaps for dev.selfhost.firstActivationProbe: flowId 1237594, startTime 1311680, new bitmap part1:              0x1, part2:                0
Aug 28 14:33:55.818544 symptomsd(SymptomEvaluator)[170] <Debug>: --> activityBitmaps for dev.selfhost.firstActivationProbe: current bitmaps stored after adding new bitmap: [Activity time: 04:24:21.000 -0400 (1308936) ] [wordOffset: 6, numOfWords:8] <               0 0x800008000000000        0x8000000 0x1000020000000010     0x8000000000         0x802000                0                0 >
Aug 28 14:33:55.821196 symptomsd(SymptomEvaluator)[170] <Debug>: found LU hint (mode: 1) for dev.selfhost.firstActivationProbe: 0x102829350, subscriber tag: 0
Aug 28 14:33:55.821375 symptomsd(SymptomEvaluator)[170] <Notice>: Data Usage for dev.selfhost.firstActivationProbe on flow 1237594 - WiFi in/out: 34833/29486, WiFi delta_in/delta_out: 391/504, Cell in/out: 0/0, Cell delta_in/delta_out: 0/0, RNF: 0, subscriber tag: 0
Aug 28 14:33:55.821507 symptomsd(SymptomEvaluator)[170] <Debug>: Data Usage for dev.selfhost.firstActivationProbe on flow 1237594 - Wired in/out: 0/0, Wired delta_in/delta_out: 0/0, subscriber tag: 0
Aug 28 14:33:55.821693 symptomsd(SymptomEvaluator)[170] <Info>: changedForegroundState to 1 for dev.selfhost.firstActivationProbe
Aug 28 14:33:55.821828 symptomsd(SymptomEvaluator)[170] <Debug>: app name dev.selfhost.firstActivationProbe isForeground 1  hasForegroundApps 1, current idea of foreground 0 disp (null)
Aug 28 14:33:55.822783 symptomsd(SymptomEvaluator)[170] <Notice>: dev.selfhost.firstActivationProbe: Foreground: true
Aug 28 14:33:55.822930 symptomsd(SymptomEvaluator)[170] <Debug>: found LU hint (mode: 1) for dev.selfhost.firstActivationProbe: 0x102829350, subscriber tag: 0
Aug 28 14:33:55.823054 symptomsd(SymptomEvaluator)[170] <Info>: Set appCompactState object 64319 for key dev.selfhost.firstActivationProbe
Aug 28 14:33:55.910944 SpringBoard(SplashBoard)[47602] <Info>: <XBApplicationSnapshot: 0x109ddf7d0; …2F3B89D0D3F1> [dev.selfhost.firstActivationProbe] Purging the cached image; force: 0; _imageAccessCount: 0; _keepImageAccessUntilExpiration: 0; _hasProtectedContent: 0; _keepImageAccessForPreheat: 0
Aug 28 14:33:55.914256 Runner(CoreFoundation)[58089] <Debug>: Resource lookup at <private>
Aug 28 14:33:55.922040 Runner(CoreFoundation)[58089] <Debug>: found no value for key EnhancedTextLegibilityEnabled in CFPrefsSearchListSource<0x281461200> (Domain: dev.selfhost.firstActivationProbe, Container: (null))
Aug 28 14:33:55.922219 Runner(libAccessibility.dylib)[58089] <Debug>: CF Read: domain = dev.selfhost.firstActivationProbe, preference = EnhancedTextLegibilityEnabled, appID = dev.selfhost.firstActivationProbe result = (null) (-1 - empty, 0 - false, 1 - true)
Aug 28 14:33:55.922330 Runner(CoreFoundation)[58089] <Debug>: found no value for key DarkenSystemColors in CFPrefsSearchListSource<0x281461200> (Domain: dev.selfhost.firstActivationProbe, Container: (null))
Aug 28 14:33:55.922501 Runner(libAccessibility.dylib)[58089] <Debug>: CF Read: domain = dev.selfhost.firstActivationProbe, preference = DarkenSystemColors, appID = dev.selfhost.firstActivationProbe result = (null) (-1 - empty, 0 - false, 1 - true)
Aug 28 14:33:55.922548 Runner(CoreFoundation)[58089] <Debug>: found no value for key InvertColorsEnabled in CFPrefsSearchListSource<0x281461200> (Domain: dev.selfhost.firstActivationProbe, Container: (null))
Aug 28 14:33:55.922603 Runner(libAccessibility.dylib)[58089] <Debug>: CF Read: domain = dev.selfhost.firstActivationProbe, preference = InvertColorsEnabled, appID = dev.selfhost.firstActivationProbe result = (null) (-1 - empty, 0 - false, 1 - true)
<SBTransitionSwitcherModifierEvent: 0x28216e000; type: MainTransition; transitionID: BE77132A-3FB0-408D-A05F-DBC17E0887F9; phase: Complete; animated: YES; fromAppLayout: 0x0; toAppLayout: <SBAppLayout: 0x2808ffe80; primary: dev.selfhost.firstActivationProbe:default; environment: main>; fromEnvironmentMode: home-screen; toEnvironmentMode: application; pendingTermination: {(
)}; activating: <SBAppLayout: 0x2808ffe80; primary: dev.selfhost.firstActivationProbe:default; environment: main>; dosidoTransitionDirection: 0>
		    <SBIconOverlayVisibilitySwitcherEventResponse: 0x2808ecfc0; visible: NO; appLayout: <SBAppLayout: 0x2808ffe80; primary: dev.selfhost.firstActivationProbe:default; environment: main>>;
		    <SBIconViewVisibilitySwitcherEventResponse: 0x283e34a00; visible: YES; animationSettings: 0x0; appLayout: <SBAppLayout: 0x2808ffe80; primary: dev.selfhost.firstActivationProbe:default; environment: main>>;
		    <SBMatchMoveToIconViewSwitcherEventResponse: 0x2808ed340; active: NO; appLayout: <SBAppLayout: 0x2808ffe80; primary: dev.selfhost.firstActivationProbe:default; environment: main>>;
Aug 28 14:33:55.978592 runningboardd(RunningBoard)[33] <Info>: Received message from [application<dev.selfhost.firstActivationProbe>:58089] (euid 501, auid 501): async_invalidateAssertionWithIdentifier:
Aug 28 14:33:55.978773 runningboardd(RunningBoard)[33] <Notice>: Invalidating assertion 33-58089-7872 (target:[application<dev.selfhost.firstActivationProbe>:58089]) from originator [application<dev.selfhost.firstActivationProbe>:58089]
Aug 28 14:33:55.978936 Runner(UIKitCore)[58089] <Notice>: <private>: Ending background task with UIBackgroundTaskIdentifier: 1
Aug 28 14:33:55.979030 Runner(UIKitCore)[58089] <Notice>: <private>: Ending task with identifier 1 and description: <private>, _expireHandler: <__NSGlobalBlock__: 0x1ec737410>
Aug 28 14:33:55.979121 Runner(UIKitCore)[58089] <Notice>: <private>: Decrementing reference count for assertion used by background task with identifier 1: <private>
Aug 28 14:33:55.979213 Runner(UIKitCore)[58089] <Notice>: <private>: Will invalidate assertion: <BKSProcessAssertion: 0x2819668f0> for task identifier: 1
Aug 28 14:33:55.994633 SpringBoard[47602] <Notice>: Front display did change: <SBApplication: 0x28242b100; dev.selfhost.firstActivationProbe>
        <SBDeviceApplicationSceneEntity: 0x283e43ac0; ID: sceneID:dev.selfhost.firstActivationProbe-default; layoutRole: primary>
                            Application: <SBDeviceApplicationSceneEntity: 0x283e43ac0; ID: sceneID:dev.selfhost.firstActivationProbe-default; layoutRole: primary>
                            SceneID: sceneID:dev.selfhost.firstActivationProbe-default
                                    Process: <FBApplicationProcess: 0x11492cf70; application<dev.selfhost.firstActivationProbe>:58089(v7346B)>
                                    SceneID: sceneID:dev.selfhost.firstActivationProbe-default
                                        TIME: 14:33:55.410; DESCRIPTION: Updating scene with watchdog policy: RunWatchdog
        <SBDeviceApplicationSceneEntity: 0x283e43ac0; ID: sceneID:dev.selfhost.firstActivationProbe-default; layoutRole: primary>
        <SBDeviceApplicationSceneEntity: 0x283e43ac0; ID: sceneID:dev.selfhost.firstActivationProbe-default; layoutRole: primary>
Aug 28 14:33:56.025120 SpringBoard(CoreMotion)[47602] <Debug>: Ping timer fired, resetting watchdog
Aug 28 14:33:56.028168 runningboardd(RunningBoard)[33] <Debug>: [daemon<com.apple.CommCenter>:90] query resolved to [application<dev.selfhost.firstActivationProbe>:58089]
Aug 28 14:33:56.030178 sharingd[66] <Debug>: SystemUI unknown identifier: 'sceneID:dev.selfhost.firstActivationProbe-default'/ 'dev.selfhost.firstActivationProbe'
        <SBSDisplayLayoutElement: 0x2836db1e0; sceneID:dev.selfhost.firstActivationProbe-default; bundleID: dev.selfhost.firstActivationProbe; frame: {{0, 0}, {375, 667}}; level: 1; role: primary>;
Aug 28 14:33:56.032725 bluetoothd(CoreUtils)[86] <Notice>: SystemUI unknown identifier: 'sceneID:dev.selfhost.firstActivationProbe-default' / 'dev.selfhost.firstActivationProbe'
Aug 28 14:33:56.033110 runningboardd(RunningBoard)[33] <Debug>: [daemon<com.apple.SpringBoard>:47602] query resolved to [application<dev.selfhost.firstActivationProbe>:58089]
Aug 28 14:33:56.037164 Runner(CoreFoundation)[58089] <Debug>: found no value for key ReduceMotionEnabled in CFPrefsSearchListSource<0x281461200> (Domain: dev.selfhost.firstActivationProbe, Container: (null))
Aug 28 14:33:56.037389 Runner(libAccessibility.dylib)[58089] <Debug>: CF Read: domain = dev.selfhost.firstActivationProbe, preference = ReduceMotionEnabled, appID = dev.selfhost.firstActivationProbe result = (null) (-1 - empty, 0 - false, 1 - true)
Aug 28 14:33:56.086727 runningboardd(RunningBoard)[33] <Debug>: Updating events for assertion: 33-58089-7872 (target:[application<dev.selfhost.firstActivationProbe>:58089])
Aug 28 14:33:56.086796 runningboardd(RunningBoard)[33] <Debug>: Removing assertion 33-58089-7872 on [application<dev.selfhost.firstActivationProbe>:58089]
Aug 28 14:33:56.086832 runningboardd(RunningBoard)[33] <Debug>: Removing events for context: 33-58089-7872 (target:[application<dev.selfhost.firstActivationProbe>:58089])
Aug 28 14:33:56.086854 runningboardd(RunningBoard)[33] <Debug>: > application<dev.selfhost.firstActivationProbe> ['RB Underlying Assertion'] [33-33-7870]
Aug 28 14:33:56.086877 runningboardd(RunningBoard)[33] <Info>: application<dev.selfhost.firstActivationProbe> is now targeted by 4 assertions
Aug 28 14:33:56.087048 runningboardd(RunningBoard)[33] <Debug>: > 58089 ['injecting inherited from "UIScene:com.apple.frontboard.systemappservices::com.apple.springboard" to 58089<UIScene:com.apple.frontboard.systemappservices::sceneID%3Adev.selfhost.firstActivationProbe-default>'] [33-47602-7873]
Aug 28 14:33:56.119527 Runner(CoreFoundation)[58089] <Debug>: found no value for key IncreaseButtonLegibilityEnabled in CFPrefsSearchListSource<0x281461200> (Domain: dev.selfhost.firstActivationProbe, Container: (null))
Aug 28 14:33:56.119586 Runner(libAccessibility.dylib)[58089] <Debug>: CF Read: domain = dev.selfhost.firstActivationProbe, preference = IncreaseButtonLegibilityEnabled, appID = dev.selfhost.firstActivationProbe result = (null) (-1 - empty, 0 - false, 1 - true)
Aug 28 14:33:56.119629 Runner(CoreFoundation)[58089] <Debug>: found no value for key ReduceMotionAutoplayVideoPreviewsEnabled in CFPrefsSearchListSource<0x281461200> (Domain: dev.selfhost.firstActivationProbe, Container: (null))
Aug 28 14:33:56.119658 Runner(libAccessibility.dylib)[58089] <Debug>: CF Read: domain = dev.selfhost.firstActivationProbe, preference = ReduceMotionAutoplayVideoPreviewsEnabled, appID = dev.selfhost.firstActivationProbe result = (null) (-1 - empty, 0 - false, 1 - true)
Aug 28 14:33:56.286943 SpringBoard(SplashBoard)[47602] <Info>: <XBApplicationSnapshot: 0x109d3cb20; …A909693DA7E7> [dev.selfhost.firstActivationProbe] Purging the cached image; force: 0; _imageAccessCount: 0; _keepImageAccessUntilExpiration: 0; _hasProtectedContent: 0; _keepImageAccessForPreheat: 0
Aug 28 14:33:56.421421 SpringBoard(FrontBoard)[47602] <Notice>: [application<dev.selfhost.firstActivationProbe>:58089] Now acquiring workspace assertion with state: ForegroundFocal.
Aug 28 14:33:56.447209 runningboardd(RunningBoard)[33] <Notice>: Acquiring assertion targeting [application<dev.selfhost.firstActivationProbe>:58089] from originator [daemon<com.apple.SpringBoard>:47602] with description <RBSAssertionDescriptor| "FBWorkspace (ForegroundFocal)" ID:33-47602-7875 target:58089 attributes:[
Aug 28 14:33:56.451647 runningboardd(RunningBoard)[33] <Notice>: Assertion 33-47602-7875 (target:[application<dev.selfhost.firstActivationProbe>:58089]) will be created as active
Aug 28 14:33:56.452086 runningboardd(RunningBoard)[33] <Debug>: BEGIN suppressing state updates for application<dev.selfhost.firstActivationProbe>
Aug 28 14:33:56.452489 runningboardd(RunningBoard)[33] <Debug>: Adding assertion 33-47602-7875 (target:[application<dev.selfhost.firstActivationProbe>:58089])
Aug 28 14:33:56.452794 runningboardd(RunningBoard)[33] <Debug>: Incrementing suppression state to 1 for application<dev.selfhost.firstActivationProbe>
Aug 28 14:33:56.453252 runningboardd(RunningBoard)[33] <Info>: application<dev.selfhost.firstActivationProbe> is now targeted by 5 assertions
Aug 28 14:33:56.453676 runningboardd(RunningBoard)[33] <Debug>: Updating events for assertion: 33-47602-7875 (target:[application<dev.selfhost.firstActivationProbe>:58089])
Aug 28 14:33:56.453978 runningboardd(RunningBoard)[33] <Info>: [application<dev.selfhost.firstActivationProbe>:58089] Applying updated state
Aug 28 14:33:56.454194 runningboardd(RunningBoard)[33] <Notice>: Calculated state for application<dev.selfhost.firstActivationProbe>: running-active (role: UserInteractiveFocal)
Aug 28 14:33:56.454396 runningboardd(RunningBoard)[33] <Debug>: Removing events for context: 33-47602-7875 (target:[application<dev.selfhost.firstActivationProbe>:58089])
Aug 28 14:33:56.454637 runningboardd(RunningBoard)[33] <Debug>: Enqueueing events for assertion: 33-47602-7875 (target:[application<dev.selfhost.firstActivationProbe>:58089])
Aug 28 14:33:56.454898 runningboardd(RunningBoard)[33] <Debug>: SUPPRESSING state update for application<dev.selfhost.firstActivationProbe>: <RBSProcessState| task:running-active debug:none terminationResistance:Interactive endowments:[
	<RBSProcessAssertionInfo| type:2 reason:10000 name:"Domain" domain:"com.apple.frontboard:Bootstrap-Foreground,com.apple.frontboard:Visibility" expl:"FBApplicationProcess">,
	<RBSProcessAssertionInfo| type:1 reason:0 name:"Custom" domain:"(null)" expl:"injecting inherited from "UIScene:com.apple.frontboard.systemappservices::com.apple.springboard" to 58089<UIScene:com.apple.frontboard.systemappservices::sceneID%3Adev.selfhost.firstActivationProbe-default>">
    <RBSInheritance| environment:UIScene:com.apple.frontboard.systemappservices::sceneID%3Adev.selfhost.firstActivationProbe-default name:com.apple.frontboard.visibility origID:33-47602-7873 payload>
Aug 28 14:33:56.455496 runningboardd(RunningBoard)[33] <Info>: Finished acquiring assertion 33-47602-7875 (target:[application<dev.selfhost.firstActivationProbe>:58089])
Aug 28 14:33:56.455773 runningboardd(RunningBoard)[33] <Debug>: Decrementing suppression state to 0 for application<dev.selfhost.firstActivationProbe>
Aug 28 14:33:56.455992 runningboardd(RunningBoard)[33] <Debug>: END suppressing state updates for application<dev.selfhost.firstActivationProbe>
Aug 28 14:33:56.456235 runningboardd(RunningBoard)[33] <Debug>: Sending state update for application<dev.selfhost.firstActivationProbe>: <RBSProcessState| task:running-active debug:none terminationResistance:Interactive endowments:[
	<RBSProcessAssertionInfo| type:2 reason:10000 name:"Domain" domain:"com.apple.frontboard:Bootstrap-Foreground,com.apple.frontboard:Visibility" expl:"FBApplicationProcess">,
	<RBSProcessAssertionInfo| type:1 reason:0 name:"Custom" domain:"(null)" expl:"injecting inherited from "UIScene:com.apple.frontboard.systemappservices::com.apple.springboard" to 58089<UIScene:com.apple.frontboard.systemappservices::sceneID%3Adev.selfhost.firstActivationProbe-default>">
Aug 28 14:33:56.457314 SpringBoard(FrontBoard)[47602] <Notice>: [application<dev.selfhost.firstActivationProbe>:58089] Dropping launch assertion.
Aug 28 14:33:56.457868 Runner(RunningBoardServices)[58089] <Debug>: Received message from server: async_didChangeInheritances:completion:
Aug 28 14:33:56.458070 Runner(RunningBoardServices)[58089] <Info>: didChangeInheritances
Aug 28 14:33:56.458356 Runner(RunningBoardServices)[58089] <Info>: didChangeInheritances: <RBSInheritanceChangeSet| gained:{(
Aug 28 14:33:56.459587 mediaserverd(RunningBoardServices)[36] <Info>: Update skipped for [application<dev.selfhost.firstActivationProbe>:58089] with state: <RBSProcessState| task:running-active debug:none endowments:[
Aug 28 14:33:56.459888 mediaserverd(RunningBoardServices)[36] <Info>: Update skipped for [application<dev.selfhost.firstActivationProbe>:58089] with state: <RBSProcessState| task:running-active debug:none endowments:[
Aug 28 14:33:56.460207 runningboardd(RunningBoard)[33] <Notice>: Invalidating assertion 33-47602-7869 (target:application<dev.selfhost.firstActivationProbe>) from originator [daemon<com.apple.SpringBoard>:47602]
Aug 28 14:33:56.463003 SpringBoard(RunningBoardServices)[47602] <Info>: Update skipped for [application<dev.selfhost.firstActivationProbe>:58089] with state: <RBSProcessState| task:running-active debug:none endowments:[
Aug 28 14:33:56.463518 SpringBoard(RunningBoardServices)[47602] <Info>: Update skipped for [application<dev.selfhost.firstActivationProbe>:58089] with state: <RBSProcessState| task:running-active debug:none endowments:[
Aug 28 14:33:56.463875 SpringBoard(RunningBoardServices)[47602] <Info>: Update skipped for [application<dev.selfhost.firstActivationProbe>:58089] with state: <RBSProcessState| task:running-active debug:none endowments:[
Aug 28 14:33:56.471048 SpringBoard(RunningBoardServices)[47602] <Info>: Update skipped for [application<dev.selfhost.firstActivationProbe>:58089] with state: <RBSProcessState| task:running-active debug:none endowments:[
Aug 28 14:33:56.471220 SpringBoard(RunningBoardServices)[47602] <Info>: Update skipped for [application<dev.selfhost.firstActivationProbe>:58089] with state: <RBSProcessState| task:running-active debug:none endowments:[
Aug 28 14:33:56.472147 backboardd(CoreMotion)[65] <Debug>: Ping timer fired, resetting watchdog
Aug 28 14:33:56.472592 kbd(RunningBoardServices)[303] <Info>: Update skipped for [application<dev.selfhost.firstActivationProbe>:58089] with state: <RBSProcessState| task:running-active debug:none endowments:[
Aug 28 14:33:56.475583 watchdogd(RunningBoardServices)[57] <Debug>: Received message from server: async_observedProcessStatesDidChange:completion:
Aug 28 14:33:56.481776 CommCenter(RunningBoardServices)[90] <Info>: Update skipped for [application<dev.selfhost.firstActivationProbe>:58089] with state: <RBSProcessState| task:running-active debug:none endowments:[
Aug 28 14:33:56.482484 UserEventAgent(RunningBoardServices)[30] <Info>: Update skipped for [application<dev.selfhost.firstActivationProbe>:58089] with state: <RBSProcessState| task:running-active debug:none endowments:[
	<RBSProcessAssertionInfo| type:2 reason:10000 name:"Domain" domain:"com.apple.frontboard:Bootstrap-Foreground,com.apple.frontboard:Visibility" expl:"FBApplicationProcess">,
	<RBSProcessAssertionInfo| type:1 reason:0 name:"Custom" domain:"(null)" expl:"injecting inherited from "UIScene:com.apple.frontboard.systemappservices::com.apple.springboard" to 58089<UIScene:com.apple.frontboard.systemappservices::sceneID%3Adev.selfhost.firstActivationProbe-default>">
Aug 28 14:33:56.482666 backboardd(RunningBoardServices)[65] <Info>: Update skipped for [application<dev.selfhost.firstActivationProbe>:58089] with state: <RBSProcessState| task:running-active debug:none endowments:[
Aug 28 14:33:56.486700 locationd(RunningBoardServices)[69] <Info>: Update skipped for [application<dev.selfhost.firstActivationProbe>:58089] with state: <RBSProcessState| task:running-active debug:none endowments:[
Aug 28 14:33:56.489581 watchdogd(RunningBoardServices)[57] <Info>: observedProcessStatesDidChange
Aug 28 14:33:56.490003 watchdogd(RunningBoardServices)[57] <Debug>: Decoded RBSProcessHandle with IPC ID 11d14b4e0000e2e9
Aug 28 14:33:56.490449 watchdogd(RunningBoardServices)[57] <Notice>: Received state update for 58089
Aug 28 14:33:56.495567 aggregated(RunningBoardServices)[50213] <Info>: Update skipped for [application<dev.selfhost.firstActivationProbe>:58089] with state: <RBSProcessState| task:running-active debug:none endowments:[
Aug 28 14:33:56.496297 useractivityd(RunningBoardServices)[184] <Info>: Update skipped for [application<dev.selfhost.firstActivationProbe>:58089] with state: <RBSProcessState| task:running-active debug:none endowments:[
Aug 28 14:33:56.497168 watchdogd(RunningBoardServices)[57] <Info>: Update skipped for [application<dev.selfhost.firstActivationProbe>:58089] with state: <RBSProcessState| task:running-active debug:none endowments:[
Aug 28 14:33:56.498079 callservicesd(RunningBoardServices)[131] <Info>: Update skipped for [application<dev.selfhost.firstActivationProbe>:58089] with state: <RBSProcessState| task:running-active debug:none endowments:[
Aug 28 14:33:56.498791 contextstored(RunningBoardServices)[61] <Info>: Update skipped for [application<dev.selfhost.firstActivationProbe>:58089] with state: <RBSProcessState| task:running-active debug:none endowments:[
Aug 28 14:33:56.499522 symptomsd(RunningBoardServices)[170] <Info>: Update skipped for [application<dev.selfhost.firstActivationProbe>:58089] with state: <RBSProcessState| task:running-active debug:none endowments:[
Aug 28 14:33:56.501546 dasd(RunningBoardServices)[94] <Info>: Update skipped for [application<dev.selfhost.firstActivationProbe>:58089] with state: <RBSProcessState| task:running-active debug:none endowments:[
Aug 28 14:33:56.502023 dasd(RunningBoardServices)[94] <Info>: Update skipped for [application<dev.selfhost.firstActivationProbe>:58089] with state: <RBSProcessState| task:running-active debug:none endowments:[
Aug 28 14:33:56.503217 wifid(RunningBoardServices)[52] <Info>: Update skipped for [application<dev.selfhost.firstActivationProbe>:58089] with state: <RBSProcessState| task:running-active debug:none endowments:[
Aug 28 14:33:56.507682 dasd(RunningBoardServices)[94] <Info>: Update skipped for [application<dev.selfhost.firstActivationProbe>:58089] with state: <RBSProcessState| task:running-active debug:none endowments:[
Aug 28 14:33:56.509023 UserEventAgent(RunningBoardServices)[30] <Info>: Update delivered for [application<dev.selfhost.firstActivationProbe>:58089] with taskState 4
Aug 28 14:33:56.551488 runningboardd(RunningBoard)[33] <Debug>: Updating events for assertion: 33-47602-7869 (target:application<dev.selfhost.firstActivationProbe>)
Aug 28 14:33:56.551972 runningboardd(RunningBoard)[33] <Debug>: Removing events for context: 33-47602-7869 (target:application<dev.selfhost.firstActivationProbe>)
Aug 28 14:33:56.552186 runningboardd(RunningBoard)[33] <Debug>: Removing assertion 33-47602-7869 on application<dev.selfhost.firstActivationProbe>
Aug 28 14:33:56.556122 runningboardd(RunningBoard)[33] <Debug>: > application<dev.selfhost.firstActivationProbe> ['injecting inherited from "UIScene:com.apple.frontboard.systemappservices::com.apple.springboard" to 58089<UIScene:com.apple.frontboard.systemappservices::sceneID%3Adev.selfhost.firstActivationProbe-default>'] [33-47602-7873]
Aug 28 14:33:56.556989 runningboardd(RunningBoard)[33] <Debug>: > application<dev.selfhost.firstActivationProbe> ['com.apple.frontboard.after-life.interrupted'] [33-47602-7871]
Aug 28 14:33:56.557363 runningboardd(RunningBoard)[33] <Debug>: > application<dev.selfhost.firstActivationProbe> ['FBWorkspace (ForegroundFocal)'] [33-47602-7875]
Aug 28 14:33:56.557422 runningboardd(RunningBoard)[33] <Info>: application<dev.selfhost.firstActivationProbe> is now targeted by 4 assertions
Aug 28 14:33:56.557669 runningboardd(RunningBoard)[33] <Debug>: > 47602 ['injecting inherited from "UIScene:com.apple.frontboard.systemappservices::com.apple.springboard" to 58089<UIScene:com.apple.frontboard.systemappservices::sceneID%3Adev.selfhost.firstActivationProbe-default>'] [33-47602-7873]
Aug 28 14:33:56.557851 runningboardd(RunningBoard)[33] <Info>: [application<dev.selfhost.firstActivationProbe>:58089] Applying updated state
Aug 28 14:33:56.557914 runningboardd(RunningBoard)[33] <Notice>: Calculated state for application<dev.selfhost.firstActivationProbe>: running-active (role: UserInteractiveFocal)
    <RBSInheritance| environment:UIScene:com.apple.frontboard.systemappservices::sceneID%3Adev.selfhost.firstActivationProbe-default name:com.apple.frontboard.visibility origID:33-47602-7873 payload>,
Aug 28 14:33:56.558309 runningboardd(RunningBoard)[33] <Debug>: Sending state update for application<dev.selfhost.firstActivationProbe>: <RBSProcessState| task:running-active debug:none terminationResistance:Interactive endowments:[
	<RBSProcessAssertionInfo| type:1 reason:0 name:"Custom" domain:"(null)" expl:"injecting inherited from "UIScene:com.apple.frontboard.systemappservices::com.apple.springboard" to 58089<UIScene:com.apple.frontboard.systemappservices::sceneID%3Adev.selfhost.firstActivationProbe-default>">
Aug 28 14:33:56.558440 runningboardd(RunningBoard)[33] <Debug>: BEGIN suppressing state updates for application<dev.selfhost.firstActivationProbe>
Aug 28 14:33:56.558508 SpringBoard(RunningBoardServices)[47602] <Info>: Update skipped for [application<dev.selfhost.firstActivationProbe>:58089] with state: <RBSProcessState| task:running-active debug:none endowments:[
Aug 28 14:33:56.558568 Runner(RunningBoardServices)[58089] <Debug>: Received message from server: async_didChangeInheritances:completion:
Aug 28 14:33:56.558630 Runner(RunningBoardServices)[58089] <Info>: didChangeInheritances
Aug 28 14:33:56.558692 Runner(RunningBoardServices)[58089] <Info>: didChangeInheritances: <RBSInheritanceChangeSet| gained:(null) lost:{(
Aug 28 14:33:56.558755 runningboardd(RunningBoard)[33] <Debug>: Incrementing suppression state to 1 for application<dev.selfhost.firstActivationProbe>
Aug 28 14:33:56.558884 powerd[43] <Notice>: Process runningboardd.33 Released SystemIsActive "application<dev.selfhost.firstActivationProbe>;(null):(null);33-47602-7869:FBApplicationProcess" age:00:00:01  id:51539650473 [System: SysAct]
Aug 28 14:33:56.559140 mediaserverd(RunningBoardServices)[36] <Info>: Update skipped for [application<dev.selfhost.firstActivationProbe>:58089] with state: <RBSProcessState| task:running-active debug:none endowments:[
Aug 28 14:33:56.559172 mediaserverd(RunningBoardServices)[36] <Info>: Update skipped for [application<dev.selfhost.firstActivationProbe>:58089] with state: <RBSProcessState| task:running-active debug:none endowments:[
Aug 28 14:33:56.559344 SpringBoard(RunningBoardServices)[47602] <Info>: Update skipped for [application<dev.selfhost.firstActivationProbe>:58089] with state: <RBSProcessState| task:running-active debug:none endowments:[
Aug 28 14:33:56.559408 SpringBoard(RunningBoardServices)[47602] <Info>: Update skipped for [application<dev.selfhost.firstActivationProbe>:58089] with state: <RBSProcessState| task:running-active debug:none endowments:[
Aug 28 14:33:56.559446 SpringBoard(RunningBoardServices)[47602] <Info>: Update skipped for [application<dev.selfhost.firstActivationProbe>:58089] with state: <RBSProcessState| task:running-active debug:none endowments:[
Aug 28 14:33:56.559519 SpringBoard(RunningBoardServices)[47602] <Info>: Update skipped for [application<dev.selfhost.firstActivationProbe>:58089] with state: <RBSProcessState| task:running-active debug:none endowments:[
Aug 28 14:33:56.560611 kbd(RunningBoardServices)[303] <Info>: Update skipped for [application<dev.selfhost.firstActivationProbe>:58089] with state: <RBSProcessState| task:running-active debug:none endowments:[
Aug 28 14:33:56.561849 watchdogd(RunningBoardServices)[57] <Debug>: Received message from server: async_observedProcessStatesDidChange:completion:
Aug 28 14:33:56.565230 backboardd(RunningBoardServices)[65] <Info>: Update skipped for [application<dev.selfhost.firstActivationProbe>:58089] with state: <RBSProcessState| task:running-active debug:none endowments:[
Aug 28 14:33:56.565386 CommCenter(RunningBoardServices)[90] <Info>: Update skipped for [application<dev.selfhost.firstActivationProbe>:58089] with state: <RBSProcessState| task:running-active debug:none endowments:[
Aug 28 14:33:56.565619 UserEventAgent(RunningBoardServices)[30] <Info>: Update skipped for [application<dev.selfhost.firstActivationProbe>:58089] with state: <RBSProcessState| task:running-active debug:none endowments:[
	<RBSProcessAssertionInfo| type:1 reason:0 name:"Custom" domain:"(null)" expl:"injecting inherited from "UIScene:com.apple.frontboard.systemappservices::com.apple.springboard" to 58089<UIScene:com.apple.frontboard.systemappservices::sceneID%3Adev.selfhost.firstActivationProbe-default>">
Aug 28 14:33:56.567490 watchdogd(RunningBoardServices)[57] <Info>: observedProcessStatesDidChange
Aug 28 14:33:56.567714 watchdogd(RunningBoardServices)[57] <Debug>: Decoded RBSProcessHandle with IPC ID 11d14b4e0000e2e9
Aug 28 14:33:56.567962 watchdogd(RunningBoardServices)[57] <Notice>: Received state update for 58089
Aug 28 14:33:56.568422 watchdogd(RunningBoardServices)[57] <Info>: Update skipped for [application<dev.selfhost.firstActivationProbe>:58089] with state: <RBSProcessState| task:running-active debug:none endowments:[
Aug 28 14:33:56.569894 aggregated(RunningBoardServices)[50213] <Info>: Update skipped for [application<dev.selfhost.firstActivationProbe>:58089] with state: <RBSProcessState| task:running-active debug:none endowments:[
Aug 28 14:33:56.569998 dasd(RunningBoardServices)[94] <Info>: Update skipped for [application<dev.selfhost.firstActivationProbe>:58089] with state: <RBSProcessState| task:running-active debug:none endowments:[
Aug 28 14:33:56.570156 useractivityd(RunningBoardServices)[184] <Info>: Update skipped for [application<dev.selfhost.firstActivationProbe>:58089] with state: <RBSProcessState| task:running-active debug:none endowments:[
Aug 28 14:33:56.570469 locationd(RunningBoardServices)[69] <Info>: Update skipped for [application<dev.selfhost.firstActivationProbe>:58089] with state: <RBSProcessState| task:running-active debug:none endowments:[
Aug 28 14:33:56.571347 symptomsd(RunningBoardServices)[170] <Info>: Update skipped for [application<dev.selfhost.firstActivationProbe>:58089] with state: <RBSProcessState| task:running-active debug:none endowments:[
Aug 28 14:33:56.572041 dasd(RunningBoardServices)[94] <Info>: Update skipped for [application<dev.selfhost.firstActivationProbe>:58089] with state: <RBSProcessState| task:running-active debug:none endowments:[
Aug 28 14:33:56.572340 dasd(RunningBoardServices)[94] <Info>: Update skipped for [application<dev.selfhost.firstActivationProbe>:58089] with state: <RBSProcessState| task:running-active debug:none endowments:[
Aug 28 14:33:56.573254 callservicesd(RunningBoardServices)[131] <Info>: Update skipped for [application<dev.selfhost.firstActivationProbe>:58089] with state: <RBSProcessState| task:running-active debug:none endowments:[
Aug 28 14:33:56.573432 contextstored(RunningBoardServices)[61] <Info>: Update skipped for [application<dev.selfhost.firstActivationProbe>:58089] with state: <RBSProcessState| task:running-active debug:none endowments:[
Aug 28 14:33:56.574326 wifid(RunningBoardServices)[52] <Info>: Update skipped for [application<dev.selfhost.firstActivationProbe>:58089] with state: <RBSProcessState| task:running-active debug:none endowments:[
Aug 28 14:33:56.574617 UserEventAgent(RunningBoardServices)[30] <Info>: Update delivered for [application<dev.selfhost.firstActivationProbe>:58089] with taskState 4
Aug 28 14:33:56.662775 runningboardd(RunningBoard)[33] <Debug>: Decrementing suppression state to 0 for application<dev.selfhost.firstActivationProbe>
Aug 28 14:33:56.662874 runningboardd(RunningBoard)[33] <Debug>: END suppressing state updates for application<dev.selfhost.firstActivationProbe>
Aug 28 14:33:56.730621 watchdogd[57] <Debug>: 1311684498043833: <private>
Aug 28 14:33:56.730727 watchdogd[57] <Info>: 1311684498183541: <private>
Aug 28 14:33:56.731341 watchdogd[57] <Debug>: 1311684498312875: <private>
Aug 28 14:33:56.731598 watchdogd[57] <Debug>: 1311684498322208: <private>
Aug 28 14:33:56.731699 watchdogd[57] <Info>: 1311684498323833: <private>
Aug 28 14:33:56.731744 watchdogd[57] <Debug>: 1311684498428416: <private>
Aug 28 14:33:56.731785 watchdogd[57] <Debug>: 1311684498511041: <private>
Aug 28 14:33:56.731887 watchdogd[57] <Debug>: 1311684498615375: <private>
Aug 28 14:33:56.731942 watchdogd[57] <Debug>: 1311684498655541: <private>
Aug 28 14:33:56.731979 watchdogd[57] <Debug>: 1311684498754833: <private>
Aug 28 14:33:56.732018 watchdogd[57] <Info>: 1311684498768833: <private>
Aug 28 14:33:56.732147 watchdogd[57] <Info>: 1311684498773166: <private>
Aug 28 14:33:56.732193 watchdogd[57] <Info>: 1311684498774666: <private>
Aug 28 14:33:56.732229 watchdogd[57] <Info>: 1311684498775791: <private>
Aug 28 14:33:56.732266 watchdogd[57] <Info>: 1311684498776791: <private>
Aug 28 14:33:56.732431 watchdogd[57] <Info>: 1311684498777708: <private>
Aug 28 14:33:56.732517 watchdogd[57] <Info>: 1311684498778541: <private>
Aug 28 14:33:56.732560 watchdogd[57] <Info>: 1311684498779416: <private>
Aug 28 14:33:56.732597 watchdogd[57] <Info>: 1311684498971625: <private>
Aug 28 14:33:56.866590 biometrickitd(CoreMotion)[109] <Debug>: Ping timer fired, resetting watchdog
Aug 28 14:33:56.915225 Runner(CoreFoundation)[58089] <Debug>: found no value for key QuickSpeak in CFPrefsSearchListSource<0x281462e80> (Domain: com.apple.Accessibility, Container: (null))
Aug 28 14:33:56.915457 Runner(libAccessibility.dylib)[58089] <Debug>: CF Read: domain = com.apple.Accessibility, preference = QuickSpeak, appID = (null) result = (null) (-1 - empty, 0 - false, 1 - true)
Aug 28 14:33:56.915548 Runner(CoreFoundation)[58089] <Debug>: found no value for key QuickSpeak in CFPrefsPlistSource<0x281462f00> (Domain: com.apple.Accessibility, User: kCFPreferencesCurrentUser, ByHost: No, Container: (null), Contents Need Refresh: No)
Aug 28 14:33:59.009658 wifid(WiFiPolicy)[52] <Notice>: __WiFiLQAMgrLogStats(tech support:Stationary): Rssi: -41 {-40 0} Channel: 44 Bandwidth: 80Mhz Snr: 35 Cca: 19 (S:0 O:0 I:0) TxPer: 0.0% (8) BcnPer: 0.0% (0, 50.5%) RxFrms: 16 RxRetryFrames: 0 TxRate: 24000 RxRate: 866667 FBRate: 468000 TxFwFrms: 4 TxFwFail: 0 TxReTrans: 3 time: 33.9secs fgApp: dev.selfhost.firstActivationProbe
Aug 28 14:33:59.043739 mediaserverd(CoreMotion)[36] <Debug>: Ping timer fired, resetting watchdog
Aug 28 14:33:59.076250 nearbyd(CoreMotion)[157] <Debug>: Ping timer fired, resetting watchdog
Aug 28 14:33:59.137319 locationd[69] <Debug>: Ping timer fired, resetting watchdog
Aug 28 14:34:01.028092 SpringBoard(CoreMotion)[47602] <Debug>: Ping timer fired, resetting watchdog
Aug 28 14:34:01.470036 backboardd(CoreMotion)[65] <Debug>: Ping timer fired, resetting watchdog
Aug 28 14:34:01.867416 biometrickitd(CoreMotion)[109] <Debug>: Ping timer fired, resetting watchdog
Aug 28 14:34:04.023756 wifid(WiFiPolicy)[52] <Notice>: __WiFiLQAMgrLogStats(tech support:Stationary): Rssi: -38 {-37 0} Channel: 44 Bandwidth: 80Mhz Snr: 35 Cca: 30 (S:0 O:0 I:0) TxPer: 0.0% (0) BcnPer: 1.0% (98, 50.5%) RxFrms: 1 RxRetryFrames: 0 TxRate: 24000 RxRate: 866667 FBRate: 468000 TxFwFrms: 0 TxFwFail: 0 TxReTrans: 0 time: 38.9secs fgApp: dev.selfhost.firstActivationProbe
Aug 28 14:34:04.043646 mediaserverd(CoreMotion)[36] <Debug>: Ping timer fired, resetting watchdog
Aug 28 14:34:04.076149 nearbyd(CoreMotion)[157] <Debug>: Ping timer fired, resetting watchdog
Aug 28 14:34:04.137222 locationd[69] <Debug>: Ping timer fired, resetting watchdog
Aug 28 14:34:06.025613 SpringBoard(CoreMotion)[47602] <Debug>: Ping timer fired, resetting watchdog
Aug 28 14:34:06.470580 backboardd(CoreMotion)[65] <Debug>: Ping timer fired, resetting watchdog
Aug 28 14:34:06.733774 watchdogd[57] <Debug>: 1311694498324333: <private>
Aug 28 14:34:06.735319 watchdogd[57] <Info>: 1311694498897500: <private>
Aug 28 14:34:06.736193 watchdogd[57] <Debug>: 1311694499049875: <private>
Aug 28 14:34:06.737397 watchdogd[57] <Info>: 1311694499061791: <private>
Aug 28 14:34:06.738316 watchdogd[57] <Debug>: 1311694499184666: <private>
Aug 28 14:34:06.739413 watchdogd[57] <Debug>: 1311694499675125: <private>
Aug 28 14:34:06.739821 watchdogd[57] <Debug>: 1311694500463583: <private>
Aug 28 14:34:06.740350 watchdogd[57] <Debug>: 1311694500852375: <private>
Aug 28 14:34:06.740739 watchdogd[57] <Debug>: 1311694501011916: <private>
Aug 28 14:34:06.741047 watchdogd[57] <Debug>: 1311694501391750: <private>
Aug 28 14:34:06.741505 watchdogd[57] <Info>: 1311694501454375: <private>
Aug 28 14:34:06.742009 watchdogd[57] <Info>: 1311694501468458: <private>
Aug 28 14:34:06.742304 watchdogd[57] <Info>: 1311694501474583: <private>
Aug 28 14:34:06.742553 watchdogd[57] <Info>: 1311694501479750: <private>
Aug 28 14:34:06.742718 watchdogd[57] <Info>: 1311694501484208: <private>
Aug 28 14:34:06.743016 watchdogd[57] <Info>: 1311694501488416: <private>
Aug 28 14:34:06.743268 watchdogd[57] <Info>: 1311694501492750: <private>
Aug 28 14:34:06.743435 watchdogd[57] <Info>: 1311694501496875: <private>
Aug 28 14:34:06.866925 biometrickitd(CoreMotion)[109] <Debug>: Ping timer fired, resetting watchdog
Aug 28 14:34:08.085253 locationd[69] <Debug>: Fence: cancelLocationWatchdog, num fences, 1, location type, <private>
Aug 28 14:34:08.085413 locationd[69] <Debug>: Fence: cancelLocationWatchdog
Aug 28 14:34:09.035745 wifid(WiFiPolicy)[52] <Notice>: __WiFiLQAMgrLogStats(tech support:Stationary): Rssi: -39 {-51 -43} Channel: 44 Bandwidth: 80Mhz Snr: 35 Cca: 11 (S:0 O:0 I:0) TxPer: 0.0% (0) BcnPer: 0.0% (0, 50.5%) RxFrms: 2 RxRetryFrames: 0 TxRate: 24000 RxRate: 866667 FBRate: 468000 TxFwFrms: 15 TxFwFail: 0 TxReTrans: 0 time: 43.9secs fgApp: dev.selfhost.firstActivationProbe
Aug 28 14:34:09.043678 mediaserverd(CoreMotion)[36] <Debug>: Ping timer fired, resetting watchdog
Aug 28 14:34:09.089880 nearbyd(CoreMotion)[157] <Debug>: Ping timer fired, resetting watchdog
Aug 28 14:34:09.137008 locationd[69] <Debug>: Ping timer fired, resetting watchdog
Aug 28 14:34:10.044179 locationd[69] <Debug>: Fence: cancelLocationWatchdog, num fences, 1, location type, <private>
Aug 28 14:34:10.044395 locationd[69] <Debug>: Fence: cancelLocationWatchdog
Aug 28 14:34:11.024279 SpringBoard(CoreMotion)[47602] <Debug>: Ping timer fired, resetting watchdog
Aug 28 14:34:11.183736 locationd[69] <Debug>: Fence: cancelLocationWatchdog, num fences, 1, location type, <private>
Aug 28 14:34:11.183956 locationd[69] <Debug>: Fence: cancelLocationWatchdog
Aug 28 14:34:11.469803 backboardd(CoreMotion)[65] <Debug>: Ping timer fired, resetting watchdog
Aug 28 14:34:11.867137 biometrickitd(CoreMotion)[109] <Debug>: Ping timer fired, resetting watchdog
Aug 28 14:34:12.473709 runningboardd(RunningBoard)[33] <Info>: _requestedJetsamPriority = 6, _executablePath = /System/Library/PrivateFrameworks/MobileBackup.framework/backupd
Aug 28 14:34:12.477547 runningboardd(RunningBoard)[33] <Info>: _requestedJetsamPriority = 6, _executablePath = /System/Library/PrivateFrameworks/MobileBackup.framework/backupd
Aug 28 14:34:12.479851 runningboardd(RunningBoard)[33] <Debug>: Sending state update for daemon<com.apple.backupd>: <RBSProcessState| task:running debug:none terminationResistance:None>
Aug 28 14:34:14.048549 mediaserverd(CoreMotion)[36] <Debug>: Ping timer fired, resetting watchdog
Aug 28 14:34:14.057066 wifid(WiFiPolicy)[52] <Notice>: __WiFiLQAMgrLogStats(tech support:Stationary): Rssi: -38 {-38 0} Channel: 44 Bandwidth: 80Mhz Snr: 35 Cca: 11 (S:0 O:0 I:0) TxPer: 0.0% (18) BcnPer: 3.5% (85, 50.5%) RxFrms: 12 RxRetryFrames: 4 TxRate: 24000 RxRate: 702000 FBRate: 520000 TxFwFrms: 21 TxFwFail: 0 TxReTrans: 3 time: 48.9secs fgApp: dev.selfhost.firstActivationProbe
Aug 28 14:34:14.087152 nearbyd(CoreMotion)[157] <Debug>: Ping timer fired, resetting watchdog
Aug 28 14:34:14.136878 locationd[69] <Debug>: Ping timer fired, resetting watchdog
Aug 28 14:34:16.024984 SpringBoard(CoreMotion)[47602] <Debug>: Ping timer fired, resetting watchdog
Aug 28 14:34:16.470314 backboardd(CoreMotion)[65] <Debug>: Ping timer fired, resetting watchdog
Aug 28 14:34:16.734276 watchdogd[57] <Debug>: 1311704499055416: <private>
Aug 28 14:34:16.735066 watchdogd[57] <Info>: 1311704499630583: <private>
Aug 28 14:34:16.736407 watchdogd[57] <Debug>: 1311704499783833: <private>
Aug 28 14:34:16.737758 watchdogd[57] <Info>: 1311704499795833: <private>
Aug 28 14:34:16.739342 watchdogd[57] <Debug>: 1311704500136666: <private>
Aug 28 14:34:16.739815 watchdogd[57] <Debug>: 1311704500569208: <private>
Aug 28 14:34:16.740257 watchdogd[57] <Debug>: 1311704500975833: <private>
Aug 28 14:34:16.740694 watchdogd[57] <Debug>: 1311704501545333: <private>
Aug 28 14:34:16.740983 watchdogd[57] <Debug>: 1311704501910083: <private>
Aug 28 14:34:16.741533 watchdogd[57] <Debug>: 1311704501950625: <private>
Aug 28 14:34:16.741970 watchdogd[57] <Info>: 1311704502003541: <private>
Aug 28 14:34:16.742139 watchdogd[57] <Info>: 1311704502018083: <private>
Aug 28 14:34:16.742388 watchdogd[57] <Info>: 1311704502024208: <private>
Aug 28 14:34:16.742521 watchdogd[57] <Info>: 1311704502029250: <private>
Aug 28 14:34:16.742857 watchdogd[57] <Info>: 1311704502033791: <private>
Aug 28 14:34:16.743017 watchdogd[57] <Info>: 1311704502038166: <private>
Aug 28 14:34:16.743128 watchdogd[57] <Info>: 1311704502042500: <private>
Aug 28 14:34:16.743411 watchdogd[57] <Info>: 1311704502046541: <private>
Aug 28 14:34:16.866272 biometrickitd(CoreMotion)[109] <Debug>: Ping timer fired, resetting watchdog
Aug 28 14:34:16.985607 runningboardd(RunningBoard)[33] <Info>: _requestedJetsamPriority = 4, _executablePath = /Developer/usr/bin/ScreenShotr
Aug 28 14:34:16.987130 runningboardd(RunningBoard)[33] <Info>: _requestedJetsamPriority = 4, _executablePath = /Developer/usr/bin/ScreenShotr
Aug 28 14:34:16.988216 SpringBoard(FrontBoard)[47602] <Notice>: Asked to bootstrap a new process for handle: [anon<ScreenShotr>:58093]
Aug 28 14:34:16.989129 SpringBoard(FrontBoard)[47602] <Notice>: Bootstrapping anon<ScreenShotr>
Aug 28 14:34:16.989292 SpringBoard(FrontBoard)[47602] <Notice>: [anon<ScreenShotr>:58093] Bootstrap success!
Aug 28 14:34:16.989811 runningboardd(RunningBoard)[33] <Debug>: Sending state update for anon<ScreenShotr>: <RBSProcessState| task:running debug:none terminationResistance:None>
Aug 28 14:34:18.245424 runningboardd(RunningBoard)[33] <Notice>: [anon<ScreenShotr>:58093] termination reported by launchd (0, 0, 0)
Aug 28 14:34:18.247452 runningboardd(RunningBoard)[33] <Notice>: Removing assertions for terminated process: [anon<ScreenShotr>:58093]
Aug 28 14:34:18.248732 runningboardd(RunningBoard)[33] <Debug>: Sending state update for anon<ScreenShotr>: <RBSProcessState| task:none debug:none terminationResistance:None>
