Aug 27 21:03:06.076484 SpringBoard(CoreMotion)[47602] <Debug>: Ping timer fired, resetting watchdog
Aug 27 21:03:06.521726 backboardd(CoreMotion)[65] <Debug>: Ping timer fired, resetting watchdog
Aug 27 21:03:06.919408 biometrickitd(CoreMotion)[109] <Debug>: Ping timer fired, resetting watchdog
Aug 27 21:03:09.094846 mediaserverd(CoreMotion)[36] <Debug>: Ping timer fired, resetting watchdog
Aug 27 21:03:09.125198 nearbyd(CoreMotion)[157] <Debug>: Ping timer fired, resetting watchdog
Aug 27 21:03:09.188067 locationd[69] <Debug>: Ping timer fired, resetting watchdog
Aug 27 21:03:11.074178 SpringBoard(CoreMotion)[47602] <Debug>: Ping timer fired, resetting watchdog
Aug 27 21:03:11.520001 backboardd(CoreMotion)[65] <Debug>: Ping timer fired, resetting watchdog
Aug 27 21:03:11.917880 biometrickitd(CoreMotion)[109] <Debug>: Ping timer fired, resetting watchdog
Aug 27 21:03:12.572105 watchdogd[57] <Debug>: 1248640263507708: <private>
Aug 27 21:03:12.573023 watchdogd[57] <Info>: 1248640264059250: <private>
Aug 27 21:03:12.573767 watchdogd[57] <Debug>: 1248640264215791: <private>
Aug 27 21:03:12.574663 watchdogd[57] <Info>: 1248640264227708: <private>
Aug 27 21:03:12.575494 watchdogd[57] <Debug>: 1248640264395250: <private>
Aug 27 21:03:12.576276 watchdogd[57] <Debug>: 1248640264945041: <private>
Aug 27 21:03:12.577181 watchdogd[57] <Debug>: 1248640265650333: <private>
Aug 27 21:03:12.578107 watchdogd[57] <Debug>: 1248640266087250: <private>
Aug 27 21:03:12.578995 watchdogd[57] <Debug>: 1248640266199000: <private>
Aug 27 21:03:12.579914 watchdogd[57] <Debug>: 1248640266736125: <private>
Aug 27 21:03:12.580787 watchdogd[57] <Info>: 1248640266799000: <private>
Aug 27 21:03:12.581654 watchdogd[57] <Info>: 1248640266813708: <private>
Aug 27 21:03:12.588087 watchdogd[57] <Info>: 1248640266819583: <private>
Aug 27 21:03:12.588997 watchdogd[57] <Info>: 1248640266824916: <private>
Aug 27 21:03:12.589902 watchdogd[57] <Info>: 1248640266829291: <private>
Aug 27 21:03:12.590699 watchdogd[57] <Info>: 1248640266833708: <private>
Aug 27 21:03:12.592010 watchdogd[57] <Info>: 1248640266838000: <private>
Aug 27 21:03:12.592593 watchdogd[57] <Info>: 1248640266841875: <private>
Aug 27 21:03:14.096101 mediaserverd(CoreMotion)[36] <Debug>: Ping timer fired, resetting watchdog
Aug 27 21:03:14.136562 nearbyd(CoreMotion)[157] <Debug>: Ping timer fired, resetting watchdog
Aug 27 21:03:14.188157 locationd[69] <Debug>: Ping timer fired, resetting watchdog
Aug 27 21:03:16.086750 SpringBoard(CoreMotion)[47602] <Debug>: Ping timer fired, resetting watchdog
Aug 27 21:03:16.519748 backboardd(CoreMotion)[65] <Debug>: Ping timer fired, resetting watchdog
Aug 27 21:03:16.918168 biometrickitd(CoreMotion)[109] <Debug>: Ping timer fired, resetting watchdog
Aug 27 21:03:19.094841 mediaserverd(CoreMotion)[36] <Debug>: Ping timer fired, resetting watchdog
Aug 27 21:03:19.123175 nearbyd(CoreMotion)[157] <Debug>: Ping timer fired, resetting watchdog
Aug 27 21:03:19.187360 locationd[69] <Debug>: Ping timer fired, resetting watchdog
Aug 27 21:03:21.076188 SpringBoard(CoreMotion)[47602] <Debug>: Ping timer fired, resetting watchdog
Aug 27 21:03:21.520819 backboardd(CoreMotion)[65] <Debug>: Ping timer fired, resetting watchdog
Aug 27 21:03:21.921597 biometrickitd(CoreMotion)[109] <Debug>: Ping timer fired, resetting watchdog
Aug 27 21:03:22.552452 watchdogd[57] <Debug>: 1248650264215416: <private>
Aug 27 21:03:22.553327 watchdogd[57] <Info>: 1248650264788666: <private>
Aug 27 21:03:22.554297 watchdogd[57] <Debug>: 1248650264945083: <private>
Aug 27 21:03:22.555054 watchdogd[57] <Info>: 1248650264957083: <private>
Aug 27 21:03:22.556248 watchdogd[57] <Debug>: 1248650265185750: <private>
Aug 27 21:03:22.557114 watchdogd[57] <Debug>: 1248650265635666: <private>
Aug 27 21:03:22.557992 watchdogd[57] <Debug>: 1248650266060458: <private>
Aug 27 21:03:22.558783 watchdogd[57] <Debug>: 1248650266591041: <private>
Aug 27 21:03:22.559584 watchdogd[57] <Debug>: 1248650267013916: <private>
Aug 27 21:03:22.560487 watchdogd[57] <Debug>: 1248650267285333: <private>
Aug 27 21:03:22.561518 watchdogd[57] <Info>: 1248650267343125: <private>
Aug 27 21:03:22.562363 watchdogd[57] <Info>: 1248650267359250: <private>
Aug 27 21:03:22.567089 watchdogd[57] <Info>: 1248650267365041: <private>
Aug 27 21:03:22.567983 watchdogd[57] <Info>: 1248650267370000: <private>
Aug 27 21:03:22.568779 watchdogd[57] <Info>: 1248650267374291: <private>
Aug 27 21:03:22.569544 watchdogd[57] <Info>: 1248650267379000: <private>
Aug 27 21:03:22.570447 watchdogd[57] <Info>: 1248650267383541: <private>
Aug 27 21:03:22.571510 watchdogd[57] <Info>: 1248650267387416: <private>
Aug 27 21:03:22.572228 watchdogd[57] <Info>: 1248650268038583: <private>
Aug 27 21:03:24.093184 mediaserverd(CoreMotion)[36] <Debug>: Ping timer fired, resetting watchdog
Aug 27 21:03:24.122245 nearbyd(CoreMotion)[157] <Debug>: Ping timer fired, resetting watchdog
Aug 27 21:03:24.187287 locationd[69] <Debug>: Ping timer fired, resetting watchdog
Aug 27 21:03:26.075166 SpringBoard(CoreMotion)[47602] <Debug>: Ping timer fired, resetting watchdog
Aug 27 21:03:26.522517 backboardd(CoreMotion)[65] <Debug>: Ping timer fired, resetting watchdog
Aug 27 21:03:26.916476 biometrickitd(CoreMotion)[109] <Debug>: Ping timer fired, resetting watchdog
Aug 27 21:03:27.604233 runningboardd(RunningBoard)[33] <Info>: _requestedJetsamPriority = 6, _executablePath = /System/Library/PrivateFrameworks/MobileBackup.framework/backupd
Aug 27 21:03:27.607662 runningboardd(RunningBoard)[33] <Info>: _requestedJetsamPriority = 6, _executablePath = /System/Library/PrivateFrameworks/MobileBackup.framework/backupd
Aug 27 21:03:27.612762 runningboardd(RunningBoard)[33] <Debug>: Sending state update for daemon<com.apple.backupd>: <RBSProcessState| task:running debug:none terminationResistance:None>
Aug 27 21:03:29.093803 mediaserverd(CoreMotion)[36] <Debug>: Ping timer fired, resetting watchdog
Aug 27 21:03:29.126004 nearbyd(CoreMotion)[157] <Debug>: Ping timer fired, resetting watchdog
Aug 27 21:03:29.187058 locationd[69] <Debug>: Ping timer fired, resetting watchdog
Aug 27 21:03:31.076278 SpringBoard(CoreMotion)[47602] <Debug>: Ping timer fired, resetting watchdog
Aug 27 21:03:31.521377 backboardd(CoreMotion)[65] <Debug>: Ping timer fired, resetting watchdog
Aug 27 21:03:31.914933 biometrickitd(CoreMotion)[109] <Debug>: Ping timer fired, resetting watchdog
Aug 27 21:03:32.549974 watchdogd[57] <Debug>: 1248660264894041: <private>
Aug 27 21:03:32.551401 watchdogd[57] <Info>: 1248660265254541: <private>
Aug 27 21:03:32.552537 watchdogd[57] <Debug>: 1248660265334875: <private>
Aug 27 21:03:32.553369 watchdogd[57] <Debug>: 1248660265633125: <private>
Aug 27 21:03:32.554212 watchdogd[57] <Info>: 1248660265638958: <private>
Aug 27 21:03:32.554966 watchdogd[57] <Debug>: 1248660265962208: <private>
Aug 27 21:03:32.555694 watchdogd[57] <Debug>: 1248660266205666: <private>
Aug 27 21:03:32.556293 watchdogd[57] <Debug>: 1248660266294041: <private>
Aug 27 21:03:32.558083 watchdogd[57] <Debug>: 1248660266730541: <private>
Aug 27 21:03:32.558964 watchdogd[57] <Debug>: 1248660266912125: <private>
Aug 27 21:03:32.559742 watchdogd[57] <Info>: 1248660266945958: <private>
Aug 27 21:03:32.560481 watchdogd[57] <Info>: 1248660266955125: <private>
Aug 27 21:03:32.561362 watchdogd[57] <Info>: 1248660266958375: <private>
Aug 27 21:03:32.561908 watchdogd[57] <Info>: 1248660266961208: <private>
Aug 27 21:03:32.562496 watchdogd[57] <Info>: 1248660266964083: <private>
Aug 27 21:03:32.563144 watchdogd[57] <Info>: 1248660266966375: <private>
Aug 27 21:03:32.563673 watchdogd[57] <Info>: 1248660266968750: <private>
Aug 27 21:03:32.564050 watchdogd[57] <Info>: 1248660266970958: <private>
Aug 27 21:03:34.093995 mediaserverd(CoreMotion)[36] <Debug>: Ping timer fired, resetting watchdog
Aug 27 21:03:34.140739 nearbyd(CoreMotion)[157] <Debug>: Ping timer fired, resetting watchdog
Aug 27 21:03:34.188472 locationd[69] <Debug>: Ping timer fired, resetting watchdog
Aug 27 21:03:34.192324 CommCenter(libSystemDetermination.dylib)[90] <Notice>: #I <private> = 0
Aug 27 21:03:36.074539 SpringBoard(CoreMotion)[47602] <Debug>: Ping timer fired, resetting watchdog
Aug 27 21:03:36.518943 backboardd(CoreMotion)[65] <Debug>: Ping timer fired, resetting watchdog
Aug 27 21:03:36.914040 biometrickitd(CoreMotion)[109] <Debug>: Ping timer fired, resetting watchdog
Aug 27 21:03:37.020292 symptomsd(SymptomEvaluator)[170] <Notice>: entry: Thu Aug 27 20:27:55 2026         dev.selfhost.firstActivationProbe (bundle)          6400         4901            0            0   0   1
Aug 27 21:03:37.039007 symptomsd(SymptomEvaluator)[170] <Debug>: --> activityBitmaps for dev.selfhost.firstActivationProbe on interface WiFi: [   0x48000000000         0x200000 ]
Aug 27 21:03:39.093352 mediaserverd(CoreMotion)[36] <Debug>: Ping timer fired, resetting watchdog
Aug 27 21:03:39.162436 nearbyd(CoreMotion)[157] <Debug>: Ping timer fired, resetting watchdog
Aug 27 21:03:39.186680 locationd[69] <Debug>: Ping timer fired, resetting watchdog
Aug 27 21:03:41.072407 SpringBoard(CoreMotion)[47602] <Debug>: Ping timer fired, resetting watchdog
Aug 27 21:03:41.518576 backboardd(CoreMotion)[65] <Debug>: Ping timer fired, resetting watchdog
Aug 27 21:03:41.914907 biometrickitd(CoreMotion)[109] <Debug>: Ping timer fired, resetting watchdog
Aug 27 21:03:42.554257 watchdogd[57] <Debug>: 1248670265347500: <private>
Aug 27 21:03:42.556075 watchdogd[57] <Info>: 1248670265685666: <private>
Aug 27 21:03:42.557575 watchdogd[57] <Debug>: 1248670265769333: <private>
Aug 27 21:03:42.559563 watchdogd[57] <Info>: 1248670265775833: <private>
Aug 27 21:03:42.560706 watchdogd[57] <Debug>: 1248670265843166: <private>
Aug 27 21:03:42.562967 watchdogd[57] <Debug>: 1248670266163125: <private>
Aug 27 21:03:42.563751 watchdogd[57] <Debug>: 1248670266805916: <private>
Aug 27 21:03:42.564534 watchdogd[57] <Debug>: 1248670267048250: <private>
Aug 27 21:03:42.565269 watchdogd[57] <Debug>: 1248670267149625: <private>
Aug 27 21:03:42.566733 watchdogd[57] <Debug>: 1248670267416375: <private>
Aug 27 21:03:42.567670 watchdogd[57] <Info>: 1248670267448208: <private>
Aug 27 21:03:42.568629 watchdogd[57] <Info>: 1248670267457625: <private>
Aug 27 21:03:42.569487 watchdogd[57] <Info>: 1248670267461500: <private>
Aug 27 21:03:42.570414 watchdogd[57] <Info>: 1248670267464208: <private>
Aug 27 21:03:42.571254 watchdogd[57] <Info>: 1248670267466791: <private>
Aug 27 21:03:42.572073 watchdogd[57] <Info>: 1248670267469041: <private>
Aug 27 21:03:42.572810 watchdogd[57] <Info>: 1248670267471333: <private>
Aug 27 21:03:42.573607 watchdogd[57] <Info>: 1248670267473541: <private>
Aug 27 21:03:44.092874 mediaserverd(CoreMotion)[36] <Debug>: Ping timer fired, resetting watchdog
Aug 27 21:03:44.123098 nearbyd(CoreMotion)[157] <Debug>: Ping timer fired, resetting watchdog
Aug 27 21:03:44.186410 locationd[69] <Debug>: Ping timer fired, resetting watchdog
Aug 27 21:03:46.074073 SpringBoard(CoreMotion)[47602] <Debug>: Ping timer fired, resetting watchdog
Aug 27 21:03:46.521222 backboardd(CoreMotion)[65] <Debug>: Ping timer fired, resetting watchdog
Aug 27 21:03:46.915265 biometrickitd(CoreMotion)[109] <Debug>: Ping timer fired, resetting watchdog
Aug 27 21:03:49.094936 mediaserverd(CoreMotion)[36] <Debug>: Ping timer fired, resetting watchdog
Aug 27 21:03:49.133675 nearbyd(CoreMotion)[157] <Debug>: Ping timer fired, resetting watchdog
Aug 27 21:03:49.185733 locationd[69] <Debug>: Ping timer fired, resetting watchdog
Aug 27 21:03:51.076468 SpringBoard(CoreMotion)[47602] <Debug>: Ping timer fired, resetting watchdog
Aug 27 21:03:51.519116 backboardd(CoreMotion)[65] <Debug>: Ping timer fired, resetting watchdog
Aug 27 21:03:51.914335 biometrickitd(CoreMotion)[109] <Debug>: Ping timer fired, resetting watchdog
Aug 27 21:03:52.554148 watchdogd[57] <Debug>: 1248680265834291: <private>
Aug 27 21:03:52.556141 watchdogd[57] <Info>: 1248680266414250: <private>
Aug 27 21:03:52.557709 watchdogd[57] <Debug>: 1248680266568000: <private>
Aug 27 21:03:52.560536 watchdogd[57] <Info>: 1248680266580666: <private>
Aug 27 21:03:52.561382 watchdogd[57] <Debug>: 1248680266703208: <private>
Aug 27 21:03:52.562141 watchdogd[57] <Debug>: 1248680267222500: <private>
Aug 27 21:03:52.562939 watchdogd[57] <Debug>: 1248680267699541: <private>
Aug 27 21:03:52.563927 watchdogd[57] <Debug>: 1248680268180500: <private>
Aug 27 21:03:52.564784 watchdogd[57] <Debug>: 1248680268648166: <private>
Aug 27 21:03:52.565626 watchdogd[57] <Debug>: 1248680268826666: <private>
Aug 27 21:03:52.566812 watchdogd[57] <Info>: 1248680268884833: <private>
Aug 27 21:03:52.567766 watchdogd[57] <Info>: 1248680268900250: <private>
Aug 27 21:03:52.568523 watchdogd[57] <Info>: 1248680268906208: <private>
Aug 27 21:03:52.569582 watchdogd[57] <Info>: 1248680268911250: <private>
Aug 27 21:03:52.570727 watchdogd[57] <Info>: 1248680268915791: <private>
Aug 27 21:03:52.571615 watchdogd[57] <Info>: 1248680268920041: <private>
Aug 27 21:03:52.572529 watchdogd[57] <Info>: 1248680268924333: <private>
Aug 27 21:03:52.573373 watchdogd[57] <Info>: 1248680268928500: <private>
Aug 27 21:03:52.574031 watchdogd[57] <Info>: 1248680269578583: <private>
Aug 27 21:03:54.091999 mediaserverd(CoreMotion)[36] <Debug>: Ping timer fired, resetting watchdog
Aug 27 21:03:54.132651 nearbyd(CoreMotion)[157] <Debug>: Ping timer fired, resetting watchdog
Aug 27 21:03:54.185591 locationd[69] <Debug>: Ping timer fired, resetting watchdog
Aug 27 21:03:56.072365 SpringBoard(CoreMotion)[47602] <Debug>: Ping timer fired, resetting watchdog
Aug 27 21:03:56.520620 backboardd(CoreMotion)[65] <Debug>: Ping timer fired, resetting watchdog
Aug 27 21:03:56.916500 biometrickitd(CoreMotion)[109] <Debug>: Ping timer fired, resetting watchdog
Aug 27 21:03:57.656963 runningboardd(RunningBoard)[33] <Notice>: [daemon<com.apple.backupd>:50442] termination reported by launchd (0, 0, 0)
Aug 27 21:03:57.660412 runningboardd(RunningBoard)[33] <Notice>: Removing assertions for terminated process: [daemon<com.apple.backupd>:50442]
Aug 27 21:03:57.663105 runningboardd(RunningBoard)[33] <Debug>: Sending state update for daemon<com.apple.backupd>: <RBSProcessState| task:none debug:none terminationResistance:None>
Aug 27 21:03:59.095283 mediaserverd(CoreMotion)[36] <Debug>: Ping timer fired, resetting watchdog
Aug 27 21:03:59.138635 nearbyd(CoreMotion)[157] <Debug>: Ping timer fired, resetting watchdog
Aug 27 21:03:59.185694 locationd[69] <Debug>: Ping timer fired, resetting watchdog
Aug 27 21:04:01.102691 SpringBoard(CoreMotion)[47602] <Debug>: Ping timer fired, resetting watchdog
Aug 27 21:04:01.520721 backboardd(CoreMotion)[65] <Debug>: Ping timer fired, resetting watchdog
Aug 27 21:04:01.923770 biometrickitd(CoreMotion)[109] <Debug>: Ping timer fired, resetting watchdog
Aug 27 21:04:02.549022 watchdogd[57] <Debug>: 1248690266515208: <private>
Aug 27 21:04:02.552499 watchdogd[57] <Info>: 1248690266849291: <private>
Aug 27 21:04:02.553914 watchdogd[57] <Debug>: 1248690266933458: <private>
Aug 27 21:04:02.556348 watchdogd[57] <Info>: 1248690266939708: <private>
Aug 27 21:04:02.557959 watchdogd[57] <Debug>: 1248690267067500: <private>
Aug 27 21:04:02.559345 watchdogd[57] <Debug>: 1248690267323083: <private>
Aug 27 21:04:02.560328 watchdogd[57] <Debug>: 1248690267676625: <private>
Aug 27 21:04:02.561537 watchdogd[57] <Debug>: 1248690267938500: <private>
Aug 27 21:04:02.562794 watchdogd[57] <Debug>: 1248690268037541: <private>
Aug 27 21:04:02.563649 watchdogd[57] <Debug>: 1248690268243541: <private>
Aug 27 21:04:02.564883 watchdogd[57] <Info>: 1248690268275583: <private>
Aug 27 21:04:02.565794 watchdogd[57] <Info>: 1248690268285083: <private>
Aug 27 21:04:02.568465 watchdogd[57] <Info>: 1248690268288541: <private>
Aug 27 21:04:02.569879 watchdogd[57] <Info>: 1248690268291291: <private>
Aug 27 21:04:02.570718 watchdogd[57] <Info>: 1248690268293625: <private>
Aug 27 21:04:02.572164 watchdogd[57] <Info>: 1248690268295916: <private>
Aug 27 21:04:02.573278 watchdogd[57] <Info>: 1248690268298166: <private>
Aug 27 21:04:02.574073 watchdogd[57] <Info>: 1248690268300333: <private>
Aug 27 21:04:04.091553 mediaserverd(CoreMotion)[36] <Debug>: Ping timer fired, resetting watchdog
Aug 27 21:04:04.124220 nearbyd(CoreMotion)[157] <Debug>: Ping timer fired, resetting watchdog
Aug 27 21:04:04.183829 locationd[69] <Debug>: Ping timer fired, resetting watchdog
Aug 27 21:04:06.072677 SpringBoard(CoreMotion)[47602] <Debug>: Ping timer fired, resetting watchdog
Aug 27 21:04:06.524009 backboardd(CoreMotion)[65] <Debug>: Ping timer fired, resetting watchdog
Aug 27 21:04:06.919745 biometrickitd(CoreMotion)[109] <Debug>: Ping timer fired, resetting watchdog
Aug 27 21:04:09.090469 mediaserverd(CoreMotion)[36] <Debug>: Ping timer fired, resetting watchdog
Aug 27 21:04:09.128410 nearbyd(CoreMotion)[157] <Debug>: Ping timer fired, resetting watchdog
Aug 27 21:04:09.185183 locationd[69] <Debug>: Ping timer fired, resetting watchdog
Aug 27 21:04:11.070583 SpringBoard(CoreMotion)[47602] <Debug>: Ping timer fired, resetting watchdog
Aug 27 21:04:11.516785 backboardd(CoreMotion)[65] <Debug>: Ping timer fired, resetting watchdog
Aug 27 21:04:11.917991 biometrickitd(CoreMotion)[109] <Debug>: Ping timer fired, resetting watchdog
Aug 27 21:04:12.551197 watchdogd[57] <Debug>: 1248700266996875: <private>
Aug 27 21:04:12.552167 watchdogd[57] <Info>: 1248700267605666: <private>
Aug 27 21:04:12.552951 watchdogd[57] <Debug>: 1248700267755833: <private>
Aug 27 21:04:12.553763 watchdogd[57] <Info>: 1248700267768291: <private>
Aug 27 21:04:12.554782 watchdogd[57] <Debug>: 1248700267893041: <private>
Aug 27 21:04:12.555574 watchdogd[57] <Debug>: 1248700268433583: <private>
Aug 27 21:04:12.556510 watchdogd[57] <Debug>: 1248700269524458: <private>
Aug 27 21:04:12.557295 watchdogd[57] <Debug>: 1248700269844833: <private>
Aug 27 21:04:12.558280 watchdogd[57] <Debug>: 1248700270369083: <private>
Aug 27 21:04:12.559868 watchdogd[57] <Debug>: 1248700270632041: <private>
Aug 27 21:04:12.560649 watchdogd[57] <Info>: 1248700270666041: <private>
Aug 27 21:04:12.561442 watchdogd[57] <Info>: 1248700270674833: <private>
Aug 27 21:04:12.562228 watchdogd[57] <Info>: 1248700270678125: <private>
Aug 27 21:04:12.562901 watchdogd[57] <Info>: 1248700270680916: <private>
Aug 27 21:04:12.563459 watchdogd[57] <Info>: 1248700270683250: <private>
Aug 27 21:04:12.563955 watchdogd[57] <Info>: 1248700270685458: <private>
Aug 27 21:04:12.564947 watchdogd[57] <Info>: 1248700270687750: <private>
Aug 27 21:04:12.565944 watchdogd[57] <Info>: 1248700270690000: <private>
Aug 27 21:04:14.091087 mediaserverd(CoreMotion)[36] <Debug>: Ping timer fired, resetting watchdog
Aug 27 21:04:14.119801 nearbyd(CoreMotion)[157] <Debug>: Ping timer fired, resetting watchdog
Aug 27 21:04:14.184702 locationd[69] <Debug>: Ping timer fired, resetting watchdog
Aug 27 21:04:16.071982 SpringBoard(CoreMotion)[47602] <Debug>: Ping timer fired, resetting watchdog
Aug 27 21:04:16.516454 backboardd(CoreMotion)[65] <Debug>: Ping timer fired, resetting watchdog
Aug 27 21:04:16.923053 biometrickitd(CoreMotion)[109] <Debug>: Ping timer fired, resetting watchdog
Aug 27 21:04:19.089381 mediaserverd(CoreMotion)[36] <Debug>: Ping timer fired, resetting watchdog
Aug 27 21:04:19.121775 nearbyd(CoreMotion)[157] <Debug>: Ping timer fired, resetting watchdog
Aug 27 21:04:19.184265 locationd[69] <Debug>: Ping timer fired, resetting watchdog
Aug 27 21:04:21.071742 SpringBoard(CoreMotion)[47602] <Debug>: Ping timer fired, resetting watchdog
Aug 27 21:04:21.517361 backboardd(CoreMotion)[65] <Debug>: Ping timer fired, resetting watchdog
Aug 27 21:04:21.912577 biometrickitd(CoreMotion)[109] <Debug>: Ping timer fired, resetting watchdog
Aug 27 21:04:22.548500 watchdogd[57] <Debug>: 1248710267721333: <private>
Aug 27 21:04:22.551002 watchdogd[57] <Info>: 1248710268165125: <private>
Aug 27 21:04:22.551583 watchdogd[57] <Debug>: 1248710268599708: <private>
Aug 27 21:04:22.552152 watchdogd[57] <Info>: 1248710268606666: <private>
Aug 27 21:04:22.552660 watchdogd[57] <Debug>: 1248710268794208: <private>
Aug 27 21:04:22.553192 watchdogd[57] <Debug>: 1248710269078208: <private>
Aug 27 21:04:22.553709 watchdogd[57] <Debug>: 1248710269311625: <private>
Aug 27 21:04:22.554211 watchdogd[57] <Debug>: 1248710269616958: <private>
Aug 27 21:04:22.554713 watchdogd[57] <Debug>: 1248710269880958: <private>
Aug 27 21:04:22.555243 watchdogd[57] <Debug>: 1248710269942625: <private>
Aug 27 21:04:22.555861 watchdogd[57] <Info>: 1248710269975166: <private>
Aug 27 21:04:22.556354 watchdogd[57] <Info>: 1248710269984333: <private>
Aug 27 21:04:22.557009 watchdogd[57] <Info>: 1248710269987375: <private>
Aug 27 21:04:22.557470 watchdogd[57] <Info>: 1248710269989958: <private>
Aug 27 21:04:22.558060 watchdogd[57] <Info>: 1248710269992416: <private>
Aug 27 21:04:22.558578 watchdogd[57] <Info>: 1248710269994666: <private>
Aug 27 21:04:22.559205 watchdogd[57] <Info>: 1248710269996958: <private>
Aug 27 21:04:22.559811 watchdogd[57] <Info>: 1248710269999208: <private>
Aug 27 21:04:22.560382 watchdogd[57] <Info>: 1248710270385750: <private>
Aug 27 21:04:24.116024 mediaserverd(CoreMotion)[36] <Debug>: Ping timer fired, resetting watchdog
Aug 27 21:04:24.164723 nearbyd(CoreMotion)[157] <Debug>: Ping timer fired, resetting watchdog
Aug 27 21:04:24.182262 locationd[69] <Debug>: Ping timer fired, resetting watchdog
Aug 27 21:04:26.071949 SpringBoard(CoreMotion)[47602] <Debug>: Ping timer fired, resetting watchdog
Aug 27 21:04:26.517018 backboardd(CoreMotion)[65] <Debug>: Ping timer fired, resetting watchdog
Aug 27 21:04:26.913749 biometrickitd(CoreMotion)[109] <Debug>: Ping timer fired, resetting watchdog
Aug 27 21:04:29.090645 mediaserverd(CoreMotion)[36] <Debug>: Ping timer fired, resetting watchdog
Aug 27 21:04:29.135575 nearbyd(CoreMotion)[157] <Debug>: Ping timer fired, resetting watchdog
Aug 27 21:04:29.182700 locationd[69] <Debug>: Ping timer fired, resetting watchdog
    <UITouch: 0x114bef310> phase: Began tap count: 1 force: 0.000 window: <SBHomeScreenWindow: 0x1051b4220; HomeScreen-0x1051b4220-4; baseClass = UIWindow; frame = (0 0; 375 667); clipsToBounds = YES; opaque = NO; gestureRecognizers = <NSArray: 0x281278180>; layer = <UIWindowLayer: 0x281273180>> view: <SBIconView: 0x104917000; frame: {{114, 382}, {60, 74}}; icon: <SBApplicationIcon: 0x28337b880; nodeID: dev.selfhost.firstActivationProbe; bundleID: dev.selfhost.firstActivationProbe>; location: SBIconLocationRoot; isTouchDownInIcon: YES> location in window: {128.5, 428} previous location in window: {128.5, 428} location in view: {14.5, 46} previous location in view: {14.5, 46}
Aug 27 21:04:30.951745 SpringBoard(SplashBoard)[47602] <Info>: Loading image for <XBApplicationSnapshot: 0x109d3cb20; …A909693DA7E7> [dev.selfhost.firstActivationProbe]
Aug 27 21:04:30.956002 SpringBoard(SplashBoard)[47602] <Info>: <XBApplicationSnapshot: 0x109d3cb20; …A909693DA7E7> [dev.selfhost.firstActivationProbe] not purging the cached image; force: 0; _imageAccessCount: 0; _keepImageAccessUntilExpiration: 0; _hasProtectedContent: 0; _keepImageAccessForPreheat: 1
Aug 27 21:04:30.996006 SpringBoard(Security)[47602] <Debug>: open(/private/var/containers/Bundle/Application/1EC21BA9-82AA-4B85-B2FC-10B206BC5C35/Runner.app/Runner,0x0,0x1b6) = 35
Aug 27 21:04:30.996294 SpringBoard(Security)[47602] <Debug>: open(/private/var/containers/Bundle/Application/1EC21BA9-82AA-4B85-B2FC-10B206BC5C35/Runner.app/Runner,0x0,0x1b6) = 36
Aug 27 21:04:30.997738 SpringBoard(Security)[47602] <Debug>: 6151 signing bytes in 5 blob(s) from /private/var/containers/Bundle/Application/1EC21BA9-82AA-4B85-B2FC-10B206BC5C35/Runner.app/Runner(arm64)
Aug 27 21:04:31.111073 SpringBoard(Security)[47602] <Debug>: open(/private/var/containers/Bundle/Application/1EC21BA9-82AA-4B85-B2FC-10B206BC5C35/Runner.app/Info.plist,0x0,0x1b6) = 35
Aug 27 21:04:31.112110 SpringBoard(Security)[47602] <Debug>: 0x10a168038 done serializing <?xml version="1.0" encoding="UTF-8"?><!DOCTYPE plist PUBLIC "-//Apple//DTD PLIST 1.0//EN" "https://www.apple.com/DTDs/PropertyList-1.0.dtd"><plist version="1.0"><dict><key>application-identifier</key><string>SK85S6YZP9.dev.selfhost.firstActivationProbe</string><key>com.apple.developer.team-identifier</key><string>SK85S6YZP9</string><key>get-task-allow</key><true/></dict></plist>
        <SBLayoutElement: 0x280807600; uniqueIdentifier: sceneID:dev.selfhost.firstActivationProbe-default; layoutRole: primary> {
            SBLayoutRolePrimary = <SBDeviceApplicationSceneEntity: 0x283e97a70; ID: sceneID:dev.selfhost.firstActivationProbe-default; layoutRole: primary> {
                        fromIconWithLeafIdentifier = dev.selfhost.firstActivationProbe;
Aug 27 21:04:31.115168 SpringBoard(FrontBoard)[47602] <Notice>: Asked to bootstrap a new process with identity: application<dev.selfhost.firstActivationProbe>
Aug 27 21:04:31.115283 SpringBoard(FrontBoard)[47602] <Notice>: Creating process (sync=true) with identity: application<dev.selfhost.firstActivationProbe>
Aug 27 21:04:31.115693 SpringBoard(FrontBoard)[47602] <Notice>: Created <FBWorkspace: 0x282a4a520; application<dev.selfhost.firstActivationProbe>>
Aug 27 21:04:31.115879 SpringBoard(FrontBoard)[47602] <Notice>: Bootstrapping application<dev.selfhost.firstActivationProbe> with intent foreground-interactive
Aug 27 21:04:31.121502 SpringBoard(RunningBoardServices)[47602] <Info>: Sending launch request: <RBSLaunchRequest| application<dev.selfhost.firstActivationProbe>; "FBApplicationProcess">
Aug 27 21:04:31.124039 runningboardd(RunningBoard)[33] <Notice>: Acquiring assertion targeting application<dev.selfhost.firstActivationProbe> from originator [daemon<com.apple.SpringBoard>:47602] with description <RBSAssertionDescriptor| "FBApplicationProcess" ID:33-47602-7464 target:application<dev.selfhost.firstActivationProbe> attributes:[
	<RBSDomainAttribute| domain:"com.apple.frontboard" name:"Bootstrap-Foreground" sourceEnvironment:"(null)">,
Aug 27 21:04:31.124205 runningboardd(RunningBoard)[33] <Notice>: Assertion 33-47602-7464 (target:application<dev.selfhost.firstActivationProbe>) will be created as active
Aug 27 21:04:31.125703 runningboardd(RunningBoard)[33] <Notice>: Executing launch request for application<dev.selfhost.firstActivationProbe> (FBApplicationProcess)
Aug 27 21:04:31.125949 runningboardd(RunningBoard)[33] <Notice>: Creating and launching job for: application<dev.selfhost.firstActivationProbe>
Aug 27 21:04:31.126197 runningboardd(RunningBoard)[33] <Notice>: _mutateContextIfNeeded called for dev.selfhost.firstActivationProbe
        <SBLayoutElement: 0x280807600; uniqueIdentifier: sceneID:dev.selfhost.firstActivationProbe-default; layoutRole: primary> {
Aug 27 21:04:31.263783 runningboardd(RunningBoard)[33] <Info>: No personas found for bundle identifier: dev.selfhost.firstActivationProbe
Aug 27 21:04:31.263942 runningboardd(RunningBoard)[33] <Debug>: BEGIN suppressing state updates for application<dev.selfhost.firstActivationProbe>
Aug 27 21:04:31.264391 SpringBoard(SplashBoard)[47602] <Info>: Loading image for <XBApplicationSnapshot: 0x109ddf7d0; …2F3B89D0D3F1> [dev.selfhost.firstActivationProbe]
Aug 27 21:04:31.264505 SpringBoard(SplashBoard)[47602] <Info>: <XBApplicationSnapshot: 0x109ddf7d0; …2F3B89D0D3F1> [dev.selfhost.firstActivationProbe] not purging the cached image; force: 0; _imageAccessCount: 2; _keepImageAccessUntilExpiration: 0; _hasProtectedContent: 0; _keepImageAccessForPreheat: 0
Aug 27 21:04:31.265976 SpringBoard[47602] <Info>: attempted to activate overlay for dev.selfhost.firstActivationProbe, exiting early because app is not blocked
Aug 27 21:04:31.271406 runningboardd(RunningBoard)[33] <Info>: _requestedJetsamPriority = 3, _executablePath = /var/containers/Bundle/Application/1EC21BA9-82AA-4B85-B2FC-10B206BC5C35/Runner.app/Runner
Aug 27 21:04:31.271547 runningboardd(RunningBoard)[33] <Info>: _doesOverrideManagement = 1, _overrideManageFlags = 255, _underlyingAssertion = (null), _variableEUID = 0, _specifiedIdenity = application<dev.selfhost.firstActivationProbe> _beforeTranslocationBundlePath = (null), _disableFreezing = 0
Aug 27 21:04:31.273390 cfprefsd(CoreFoundation)[91] <Debug>: Process 50450 (Runner) sent a request related to { com.apple.UIKit, user: mobile, kCFPreferencesCurrentHost, /Library/Managed Preferences/mobile/com.apple.UIKit.plist, managed: 1 } (0x10183db90)
Aug 27 21:04:31.273631 cfprefsd(CoreFoundation)[91] <Debug>: Process 50450 (Runner) sent a request related to { com.apple.UIKit, user: kCFPreferencesAnyUser, kCFPreferencesCurrentHost, /Library/Managed Preferences/com.apple.UIKit.plist, managed: 1 } (0x10183db90)
Aug 27 21:04:31.273845 runningboardd(RunningBoard)[33] <Notice>: [application<dev.selfhost.firstActivationProbe>:50450] This process will be managed.
Aug 27 21:04:31.274041 cfprefsd(CoreFoundation)[91] <Debug>: Process 50450 (Runner) sent a request related to { com.apple.UIKit, user: mobile, kCFPreferencesAnyHost, /var/mobile/Library/Preferences/com.apple.UIKit.plist, managed: 0 } (0x100317d00)
Aug 27 21:04:31.274143 runningboardd(RunningBoard)[33] <Notice>: Now tracking process: [application<dev.selfhost.firstActivationProbe>:50450]
Aug 27 21:04:31.274247 cfprefsd(CoreFoundation)[91] <Debug>: Process 50450 (Runner) read data for { com.apple.UIKit, mobile, kCFPreferencesAnyHost, /var/mobile/Library/Preferences/com.apple.UIKit.plist, managed: 0 }, backed by /private/var/mobile/Library/Preferences/com.apple.UIKit.plist
Aug 27 21:04:31.274735 cfprefsd(CoreFoundation)[91] <Debug>: Process 50450 (Runner) sent a request related to { kCFPreferencesAnyApplication, user: mobile, kCFPreferencesCurrentHost, /Library/Managed Preferences/mobile/.GlobalPreferences.plist, managed: 1 } (0x10030c020)
Aug 27 21:04:31.275010 cfprefsd(CoreFoundation)[91] <Debug>: Process 50450 (Runner) read data for { kCFPreferencesAnyApplication, mobile, kCFPreferencesCurrentHost, /Library/Managed Preferences/mobile/.GlobalPreferences.plist, managed: 1 }, backed by /private/var/Managed Preferences/mobile/.GlobalPreferences.plist
Aug 27 21:04:31.275103 cfprefsd(CoreFoundation)[91] <Debug>: Process 50450 (Runner) sent a request related to { kCFPreferencesAnyApplication, user: mobile, kCFPreferencesAnyHost, /var/mobile/Library/Preferences/.GlobalPreferences.plist, managed: 0 } (0x10030c3f0)
Aug 27 21:04:31.275215 cfprefsd(CoreFoundation)[91] <Debug>: Process 50450 (Runner) read data for { kCFPreferencesAnyApplication, mobile, kCFPreferencesAnyHost, /var/mobile/Library/Preferences/.GlobalPreferences.plist, managed: 0 }, backed by /private/var/mobile/Library/Preferences/.GlobalPreferences.plist
Aug 27 21:04:31.275537 cfprefsd(CoreFoundation)[91] <Debug>: Process 50450 (Runner) sent a request related to { com.apple.UIKit, user: kCFPreferencesAnyUser, kCFPreferencesCurrentHost, /var/preferences/com.apple.UIKit.plist, managed: 0 } (0x1003679d0)
<SBTransitionSwitcherModifierEvent: 0x282168900; type: MainTransition; transitionID: DEA0FD32-B276-4231-BFEC-C15446BECFCF; phase: Prepare; animated: YES; fromAppLayout: 0x0; toAppLayout: <SBAppLayout: 0x28087bb80; primary: dev.selfhost.firstActivationProbe:default; environment: main>; fromEnvironmentMode: home-screen; toEnvironmentMode: application; pendingTermination: {(
)}; activating: <SBAppLayout: 0x28087bb80; primary: dev.selfhost.firstActivationProbe:default; environment: main>; dosidoTransitionDirection: 0>
Aug 27 21:04:31.275930 runningboardd(RunningBoard)[33] <Notice>: Using default underlying assertion for app: [application<dev.selfhost.firstActivationProbe>:50450]
	    <SBIconOverlayVisibilitySwitcherEventResponse: 0x2808d42c0; visible: YES; appLayout: <SBAppLayout: 0x28087bb80; primary: dev.selfhost.firstActivationProbe:default; environment: main>>;
	    <SBIconViewVisibilitySwitcherEventResponse: 0x283e1dbd0; visible: NO; animationSettings: 0x0; appLayout: <SBAppLayout: 0x28087bb80; primary: dev.selfhost.firstActivationProbe:default; environment: main>>;
Aug 27 21:04:31.276100 runningboardd(RunningBoard)[33] <Notice>: Acquiring assertion targeting [application<dev.selfhost.firstActivationProbe>:50450] from originator [application<dev.selfhost.firstActivationProbe>:50450] with description <RBSAssertionDescriptor| "RB Underlying Assertion" ID:33-33-7465 target:50450 attributes:[
Aug 27 21:04:31.276360 runningboardd(RunningBoard)[33] <Notice>: Assertion 33-33-7465 (target:[application<dev.selfhost.firstActivationProbe>:50450]) will be created as active
Aug 27 21:04:31.276731 runningboardd(RunningBoard)[33] <Debug>: Adding assertion 33-47602-7464 (target:application<dev.selfhost.firstActivationProbe>)
Aug 27 21:04:31.276914 runningboardd(RunningBoard)[33] <Info>: application<dev.selfhost.firstActivationProbe> is now targeted by 1 assertions
Aug 27 21:04:31.277171 runningboardd(RunningBoard)[33] <Debug>: Adding assertion 33-33-7465 (target:[application<dev.selfhost.firstActivationProbe>:50450])
Aug 27 21:04:31.277246 Runner(CoreFoundation)[50450] <Debug>: Using ~iphone resources
Aug 27 21:04:31.277367 Runner(CoreFoundation)[50450] <Debug>: CFPrefsManagedSource<0x2809f4a00> (Domain: com.apple.UIKit, User: kCFPreferencesCurrentUser, ByHost: Yes, Container: (null), Contents Need Refresh: No) loaded: an empty base plist and no additional changes from the base plist
Aug 27 21:04:31.277462 Runner(CoreFoundation)[50450] <Debug>: CFPrefsManagedSource<0x2809f4a80> (Domain: com.apple.UIKit, User: kCFPreferencesAnyUser, ByHost: Yes, Container: (null), Contents Need Refresh: No) loaded: an empty base plist and no additional changes from the base plist
Aug 27 21:04:31.277538 Runner(CoreFoundation)[50450] <Debug>: CFPrefsPlistSource<0x2809f4980> (Domain: com.apple.UIKit, User: kCFPreferencesCurrentUser, ByHost: No, Container: (null), Contents Need Refresh: No) loaded: a new base plist and no additional changes from the base plist
Aug 27 21:04:31.277605 Runner(CoreFoundation)[50450] <Debug>: CFPrefsManagedSource<0x2809f4c00> (Domain: kCFPreferencesAnyApplication, User: kCFPreferencesCurrentUser, ByHost: Yes, Container: (null), Contents Need Refresh: No) loaded: a new base plist and no additional changes from the base plist
Aug 27 21:04:31.277683 Runner(CoreFoundation)[50450] <Debug>: CFPrefsPlistSource<0x2809f4b00> (Domain: kCFPreferencesAnyApplication, User: kCFPreferencesCurrentUser, ByHost: No, Container: (null), Contents Need Refresh: No) loaded: a new base plist and no additional changes from the base plist
Aug 27 21:04:31.277902 runningboardd(RunningBoard)[33] <Info>: application<dev.selfhost.firstActivationProbe> is now targeted by 2 assertions
Aug 27 21:04:31.278044 runningboardd(RunningBoard)[33] <Info>: [application<dev.selfhost.firstActivationProbe>:50450] Applying updated state
Aug 27 21:04:31.278124 runningboardd(RunningBoard)[33] <Notice>: [application<dev.selfhost.firstActivationProbe>:50450] Set jetsam priority to 10 [0] flag[1]
    bundleIdentifier = dev.selfhost.firstActivationProbe;
    uniqueIdentifier = sceneID:dev.selfhost.firstActivationProbe-default;
Aug 27 21:04:31.279181 SpringBoard(FrontBoard)[47602] <Notice>: [application<dev.selfhost.firstActivationProbe>:-1] Bootstrap success!
Aug 27 21:04:31.279299 SpringBoard(BaseBoard)[47602] <Debug>:  *|machport|* <BSMachPortTaskNameRight: 0x280802d40; usable: YES; (47602:1e043:send task_name_for_pid:Runner.50450)> -> (<NSThread: 0x2808c8800>{number = 588, name = (null)}) (
Aug 27 21:04:31.279383 Runner(CoreFoundation)[50450] <Debug>: CFPrefsPlistSource<0x2809f1c80> (Domain: com.apple.UIKit, User: kCFPreferencesAnyUser, ByHost: Yes, Container: (null), Contents Need Refresh: No) loaded: an empty base plist and no additional changes from the base plist
Aug 27 21:04:31.279465 Runner(CoreFoundation)[50450] <Debug>: CFPrefsPlistSource<0x2809f0b80> (Domain: kCFPreferencesAnyApplication, User: kCFPreferencesAnyUser, ByHost: Yes, Container: (null), Contents Need Refresh: No) loaded: an empty base plist and no additional changes from the base plist
Aug 27 21:04:31.279542 Runner(CoreFoundation)[50450] <Debug>: found no value for key LogHIDEventFiltered in CFPrefsSearchListSource<0x2809f4800> (Domain: com.apple.UIKit, Container: (null))
Aug 27 21:04:31.279607 Runner(CoreFoundation)[50450] <Debug>: found no value for key LogHIDEventIncoming in CFPrefsSearchListSource<0x2809f4800> (Domain: com.apple.UIKit, Container: (null))
Aug 27 21:04:31.279705 Runner(libMobileGestalt.dylib)[50450] <Notice>: Cache loaded with 4896 pre-cached in CacheData and 49 items in CacheExtra.
Aug 27 21:04:31.279800 cfprefsd(CoreFoundation)[91] <Debug>: Process 50450 (Runner) sent a request related to { kCFPreferencesAnyApplication, user: kCFPreferencesAnyUser, kCFPreferencesCurrentHost, /var/preferences/.GlobalPreferences.plist, managed: 0 } (0x100316b90)
Aug 27 21:04:31.279929 Runner(CoreFoundation)[50450] <Debug>: found no value for key LogApplication in CFPrefsSearchListSource<0x2809f4800> (Domain: com.apple.UIKit, Container: (null))
Aug 27 21:04:31.280095 Runner(UIKitCore)[50450] <Notice>: Deactivation reason added: 10; deactivation reasons: 0 -> 1024; animating application lifecycle event: 0
Aug 27 21:04:31.280170 cfprefsd(CoreFoundation)[91] <Debug>: Process 50450 (Runner) sent a request related to { dev.selfhost.firstActivationProbe, user: mobile, kCFPreferencesCurrentHost, /Library/Managed Preferences/mobile/dev.selfhost.firstActivationProbe.plist, managed: 1 } (0x10183db90)
Aug 27 21:04:31.280234 Runner(RunningBoardServices)[50450] <Notice>: Initializing connection
Aug 27 21:04:31.280364 Runner(RunningBoardServices)[50450] <Notice>: Removing all cached process handles
Aug 27 21:04:31.280445 cfprefsd(CoreFoundation)[91] <Debug>: Process 50450 (Runner) sent a request related to { dev.selfhost.firstActivationProbe, user: kCFPreferencesAnyUser, kCFPreferencesCurrentHost, /Library/Managed Preferences/dev.selfhost.firstActivationProbe.plist, managed: 1 } (0x10183db90)
Aug 27 21:04:31.280520 Runner(BoardServices)[50450] <Notice>: activating monitor for service com.apple.frontboard.open
Aug 27 21:04:31.280715 Runner(BoardServices)[50450] <Notice>: activating monitor for service com.apple.frontboard.workspace-service
Aug 27 21:04:31.280866 backboardd(IOKit)[65] <Notice>: Connection added: IOHIDEventSystemConnection uuid:4156C565-6D62-4A4B-B69F-7581C656EDCB pid:50450 process:Runner type:Passive entitlements:0x0 caller:BackBoardServices: <redacted> + 336 attributes:{
    bundleID = "dev.selfhost.firstActivationProbe";
Aug 27 21:04:31.281005 backboardd(BackBoardHIDEventFoundation)[65] <Debug>: Got a client addition callback: IOHIDEventSystemConnection uuid:4156C565-6D62-4A4B-B69F-7581C656EDCB pid:50450 process:Runner type:Passive entitlements:0x0 caller:BackBoardServices: <redacted> + 336 attributes:{
    bundleID = "dev.selfhost.firstActivationProbe";
Aug 27 21:04:31.281086 backboardd(BackBoardHIDEventFoundation)[65] <Info>: HID connection vpid:50450(v6DB18) bundleID:dev.selfhost.firstActivationProbe successfully initialized: IOHIDEventSystemConnection uuid:4156C565-6D62-4A4B-B69F-7581C656EDCB pid:50450 process:Runner type:Passive entitlements:0x0 caller:BackBoardServices: <redacted> + 336 attributes:{
    bundleID = "dev.selfhost.firstActivationProbe";
Aug 27 21:04:31.281155 backboardd(BackBoardHIDEventFoundation)[65] <Notice>: Adding client connection: <BKHIDClientConnection: 0x1026e2260; IOHIDEventSystemConnectionRef: 0x1027c05e0; vpid: 50450(v6DB18); taskPort: 0x421CB; bundleID: dev.selfhost.firstActivationProbe> for client: IOHIDEventSystemConnection uuid:4156C565-6D62-4A4B-B69F-7581C656EDCB pid:50450 process:Runner type:Passive entitlements:0x0 caller:BackBoardServices: <redacted> + 336 attributes:{
    bundleID = "dev.selfhost.firstActivationProbe";
Aug 27 21:04:31.287390 Runner(FrontBoardServices)[50450] <Notice>: FBSWorkspace connecting to endpoint : <private>
Aug 27 21:04:31.287482 Runner(FrontBoardServices)[50450] <Notice>: FBSWorkspace registering source: <private>
Aug 27 21:04:31.287575 Runner(FrontBoardServices)[50450] <Notice>: FBSWorkspace connected to endpoint : <private>
Aug 27 21:04:31.287723 Runner(RunningBoardServices)[50450] <Notice>: Added observer for process assertions expiration warning: <_RBSExpirationWarningClient: 0x2827fb100>
Aug 27 21:04:31.287823 Runner(CoreFoundation)[50450] <Debug>: CFPrefsManagedSource<0x2809f3200> (Domain: dev.selfhost.firstActivationProbe, User: kCFPreferencesCurrentUser, ByHost: Yes, Container: (null), Contents Need Refresh: No) loaded: an empty base plist and no additional changes from the base plist
Aug 27 21:04:31.288015 Runner(CoreFoundation)[50450] <Debug>: CFPrefsManagedSource<0x2809f3380> (Domain: dev.selfhost.firstActivationProbe, User: kCFPreferencesAnyUser, ByHost: Yes, Container: (null), Contents Need Refresh: No) loaded: an empty base plist and no additional changes from the base plist
Aug 27 21:04:31.294464 runningboardd(RunningBoard)[33] <Debug>: Incrementing suppression state to 1 for application<dev.selfhost.firstActivationProbe>
Aug 27 21:04:31.294543 runningboardd(RunningBoard)[33] <Debug>: SUPPRESSING state update for application<dev.selfhost.firstActivationProbe>: <RBSProcessState| task:none debug:none terminationResistance:None endowments:[
	<RBSProcessAssertionInfo| type:2 reason:10000 name:"Domain" domain:"com.apple.frontboard:Bootstrap-Foreground,com.apple.frontboard:Visibility" expl:"FBApplicationProcess">
Aug 27 21:04:31.294637 runningboardd(RunningBoard)[33] <Debug>: Incrementing suppression state to 2 for application<dev.selfhost.firstActivationProbe>
Aug 27 21:04:31.296700 SpringBoard(BaseBoard)[47602] <Debug>:  *|machport|* <BSMachPortTaskNameRight: 0x2808f91c0; usable: YES; (47602:1e043:send task_name_for_pid:Runner.50450)> -> (<NSThread: 0x2808f9600>{number = 589, name = (null)}) (
Aug 27 21:04:31.297302 runningboardd(RunningBoard)[33] <Notice>: Calculated state for application<dev.selfhost.firstActivationProbe>: running-active (role: UserInteractiveFocal)
Aug 27 21:04:31.297372 runningboardd(RunningBoard)[33] <Debug>: Sending state update for application<dev.selfhost.firstActivationProbe>: <RBSProcessState| task:running-active debug:none terminationResistance:Interactive endowments:[
	<RBSProcessAssertionInfo| type:2 reason:10000 name:"Domain" domain:"com.apple.frontboard:Bootstrap-Foreground,com.apple.frontboard:Visibility" expl:"FBApplicationProcess">
Aug 27 21:04:31.297507 runningboardd(RunningBoard)[33] <Debug>: Incrementing suppression state to 3 for application<dev.selfhost.firstActivationProbe>
Aug 27 21:04:31.297644 runningboardd(RunningBoard)[33] <Info>: Ignoring insignificant state update for application<dev.selfhost.firstActivationProbe>
Aug 27 21:04:31.297713 runningboardd(RunningBoard)[33] <Notice>: Calculated state for application<dev.selfhost.firstActivationProbe>: running-active (role: UserInteractiveFocal)
Aug 27 21:04:31.297781 runningboardd(RunningBoard)[33] <Debug>: SUPPRESSING state update for application<dev.selfhost.firstActivationProbe>: <RBSProcessState| task:running-active debug:none terminationResistance:Interactive endowments:[
	<RBSProcessAssertionInfo| type:2 reason:10000 name:"Domain" domain:"com.apple.frontboard:Bootstrap-Foreground,com.apple.frontboard:Visibility" expl:"FBApplicationProcess">,
Aug 27 21:04:31.297849 runningboardd(RunningBoard)[33] <Debug>: Decrementing suppression state to 2 for application<dev.selfhost.firstActivationProbe>
Aug 27 21:04:31.298415 SpringBoard(FrontBoard)[47602] <Notice>: [application<dev.selfhost.firstActivationProbe>:50450] Setting process task state to: Running
Aug 27 21:04:31.298491 SpringBoard(FrontBoard)[47602] <Notice>: [application<dev.selfhost.firstActivationProbe>:50450] Setting process visibility to: Foreground
Aug 27 21:04:31.298558 SpringBoard(FrontBoard)[47602] <Notice>: [application<dev.selfhost.firstActivationProbe>:50450] Registering event dispatcher at connect
Aug 27 21:04:31.298624 SpringBoard(FrontBoard)[47602] <Notice>: Asked to bootstrap a new process for handle: [application<dev.selfhost.firstActivationProbe>:50450]
Aug 27 21:04:31.298690 SpringBoard(FrontBoard)[47602] <Info>: Registering workspace for processHandle: [application<dev.selfhost.firstActivationProbe>:50450]
Aug 27 21:04:31.298839 SpringBoard(FrontBoard)[47602] <Notice>: [application<dev.selfhost.firstActivationProbe>:50450] Initial launch assertion state: ForegroundFocal.
Aug 27 21:04:31.298916 SpringBoard(FrontBoardServices)[47602] <Info>: [application<dev.selfhost.firstActivationProbe>:50450] [realTime] Now monitoring resource allowance of 20.00s (at refreshInterval -1.00s)
Aug 27 21:04:31.298983 SpringBoard(FrontBoard)[47602] <Notice>: A pending process already exists for this handle: <FBApplicationProcess: 0x114bd7b20; application<dev.selfhost.firstActivationProbe>:50450(v6DB18)>
Aug 27 21:04:31.299195 SpringBoard(FrontBoard)[47602] <Notice>: Adding: <FBApplicationProcess: 0x114bd7b20; application<dev.selfhost.firstActivationProbe>:50450(v6DB18)>
Aug 27 21:04:31.299289 SpringBoard(FrontBoard)[47602] <Notice>: change foreground process from list:<FBApplicationProcess: 0x114bd7b20; application<dev.selfhost.firstActivationProbe>:50450(v6DB18)>
Aug 27 21:04:31.299389 SpringBoard(FrontBoard)[47602] <Info>: Setting BKSEventFocusManager's foreground app to: <FBApplicationProcess: 0x114bd7b20; application<dev.selfhost.firstActivationProbe>:50450(v6DB18)>
Aug 27 21:04:31.299528 SpringBoard(FrontBoard)[47602] <Info>: FBWorkspaceDomain: Assigning new workspace connection to workspace (0x282a4a520) owned by process: <FBApplicationProcess: 0x114bd7b20; application<dev.selfhost.firstActivationProbe>:50450(v6DB18)>
Aug 27 21:04:31.299611 SpringBoard(FrontBoard)[47602] <Notice>: [application<dev.selfhost.firstActivationProbe>:50450] Connection established.
Aug 27 21:04:31.301081 SpringBoard(FrontBoard)[47602] <Notice>: [application<dev.selfhost.firstActivationProbe>:50450] Connection to remote process established!
Aug 27 21:04:31.302117 SpringBoard(FrontBoardServices)[47602] <Info>: [application<dev.selfhost.firstActivationProbe>:50450] [realTime] Stopped monitoring.
Aug 27 21:04:31.302449 SpringBoard(FrontBoardServices)[47602] <Debug>: [application<dev.selfhost.firstActivationProbe>:50450] [realTime] Updated resource consumption: 0.002s (0.01%)
Aug 27 21:04:31.303784 SpringBoard(FrontBoard)[47602] <Info>: [application<dev.selfhost.firstActivationProbe>:50450] Provision <FBSProcessResourceProvision: 0x282f25cb0; allowance: <; FBSProcessResourceAllowance; type: realTime; timeValue: 20.0s>> has remainder <FBSProcessResourceProvision: 0x282f325b0; allowance: <; FBSProcessResourceAllowance; type: realTime; timeValue: 20.00s>>
Aug 27 21:04:31.303989 Runner(CoreFoundation)[50450] <Debug>: CFPrefsPlistSource<0x2809f3100> (Domain: dev.selfhost.firstActivationProbe, User: kCFPreferencesCurrentUser, ByHost: No, Container: (null), Contents Need Refresh: No) loaded: an empty base plist and no additional changes from the base plist
Aug 27 21:04:31.304078 Runner(CoreFoundation)[50450] <Debug>: CFPrefsPlistSource<0x2809f0980> (Domain: dev.selfhost.firstActivationProbe, User: kCFPreferencesAnyUser, ByHost: Yes, Container: (null), Contents Need Refresh: No) loaded: an empty base plist and no additional changes from the base plist
Aug 27 21:04:31.304334 Runner(CoreFoundation)[50450] <Debug>: looked up value <private> for key AppleLanguages in CFPrefsPlistSource<0x2809f4b00> (Domain: kCFPreferencesAnyApplication, User: kCFPreferencesCurrentUser, ByHost: No, Container: (null), Contents Need Refresh: No) via CFPrefsSearchListSource<0x2809f2f80> (Domain: dev.selfhost.firstActivationProbe, Container: (null))
Aug 27 21:04:31.304449 SpringBoard(FrontBoard)[47602] <Info>: [application<dev.selfhost.firstActivationProbe>:50450] Made scene-create policy: <FBSProcessWatchdogPolicy: 0x281c06660; name: "scene create after launch"> {
Aug 27 21:04:31.304538 Runner(CoreFoundation)[50450] <Debug>: setting new value <private> for key <private> in CFPrefsSource<0x2832f1380> (Domain: Volatile, User: , ByHost: No, Container: , Contents Need Refresh: No)
Aug 27 21:04:31.304608 SpringBoard(FrontBoardServices)[47602] <Debug>: [application<dev.selfhost.firstActivationProbe>:50450] Invalidating <FBProcessWatchdog: 0x283e02940; name: process-launch; time: 20.0s>
Aug 27 21:04:31.304683 Runner(CoreFoundation)[50450] <Debug>: setting new value <private> for key <private> in CFPrefsSource<0x2832f1380> (Domain: Volatile, User: , ByHost: No, Container: , Contents Need Refresh: No)
Aug 27 21:04:31.304753 SpringBoard(FrontBoardServices)[47602] <Debug>: [application<dev.selfhost.firstActivationProbe>:50450] [realTime] Invalidated
Aug 27 21:04:31.305672 Runner(CoreFoundation)[50450] <Debug>: setting new value <private> for key <private> in CFPrefsSource<0x2832f1380> (Domain: Volatile, User: , ByHost: No, Container: , Contents Need Refresh: No)
Aug 27 21:04:31.305740 Runner(CoreFoundation)[50450] <Debug>: found no value for key UIScreenIsCapturedValue in CFPrefsSearchListSource<0x2809f4800> (Domain: com.apple.UIKit, Container: (null))
Aug 27 21:04:31.305808 Runner(CoreFoundation)[50450] <Debug>: looked up value <private> for key AppleLanguages in CFPrefsPlistSource<0x2809f4b00> (Domain: kCFPreferencesAnyApplication, User: kCFPreferencesCurrentUser, ByHost: No, Container: (null), Contents Need Refresh: No) via CFPrefsSearchListSource<0x2809f2f80> (Domain: dev.selfhost.firstActivationProbe, Container: (null))
Aug 27 21:04:31.305880 Runner(CoreFoundation)[50450] <Debug>: Language lookup at <private>
Aug 27 21:04:31.306090 Runner(CoreFoundation)[50450] <Debug>: Resource lookup at <private>
Aug 27 21:04:31.306159 Runner(CoreFoundation)[50450] <Debug>: found no value for key _UIEnableLegacyRTL in CFPrefsSearchListSource<0x2809f4800> (Domain: com.apple.UIKit, Container: (null))
Aug 27 21:04:31.307225 cfprefsd(CoreFoundation)[91] <Debug>: Process 50450 (Runner) sent a request related to { dev.selfhost.firstActivationProbe, user: mobile, kCFPreferencesAnyHost, /var/mobile/Containers/Data/Application/18E6667F-E66B-4E74-92D9-B14869861554/Library/Preferences/dev.selfhost.firstActivationProbe.plist, managed: 0 } (0x101852b90)
Aug 27 21:04:31.307377 cfprefsd(CoreFoundation)[91] <Debug>: Process 50450 (Runner) sent a request related to { dev.selfhost.firstActivationProbe, user: kCFPreferencesAnyUser, kCFPreferencesCurrentHost, /var/preferences/dev.selfhost.firstActivationProbe.plist, managed: 0 } (0x1003679d0)
Aug 27 21:04:31.307514 cfprefsd(CoreFoundation)[91] <Debug>: Process 50450 (Runner) sent a request related to { com.apple.Accessibility, user: mobile, kCFPreferencesCurrentHost, /Library/Managed Preferences/mobile/com.apple.Accessibility.plist, managed: 1 } (0x101814050)
Aug 27 21:04:31.307712 Runner(CoreFoundation)[50450] <Debug>: found no value for key NSTighteningFactorForTruncation in CFPrefsSearchListSource<0x2809f2f80> (Domain: dev.selfhost.firstActivationProbe, Container: (null))
Aug 27 21:04:31.307815 kernel(Sandbox)[0] <Notice>: /private/var/containers/Bundle/Application/1EC21BA9-82AA-4B85-B2FC-10B206BC5C35/Runner.app/Runner[50450] ==> container
Aug 27 21:04:31.307953 kernel(Sandbox)[0] <Error>: Sandbox: Runner(50450) deny(2) file-test-existence /private/etc/.mdns_debug
Aug 27 21:04:31.308168 runningboardd(RunningBoard)[33] <Debug>: [daemon<com.apple.SpringBoard>:47602] query resolved to [application<dev.selfhost.firstActivationProbe>:50450]
Aug 27 21:04:31.308452 runningboardd(RunningBoard)[33] <Debug>: Sending state 0x101035ef0 for application<dev.selfhost.firstActivationProbe> to [daemon<com.apple.SpringBoard>:47602]
Aug 27 21:04:31.308527 runningboardd(RunningBoard)[33] <Notice>: [application<dev.selfhost.firstActivationProbe>:50450] Resuming task.
Aug 27 21:04:31.308621 runningboardd(RunningBoard)[33] <Info>: Finished acquiring assertion 33-47602-7464 (target:application<dev.selfhost.firstActivationProbe>)
Aug 27 21:04:31.308689 runningboardd(RunningBoard)[33] <Notice>: [application<dev.selfhost.firstActivationProbe>:50450] Set darwin role to: UserInteractiveFocal
Aug 27 21:04:31.309344 runningboardd(RunningBoard)[33] <Info>: [application<dev.selfhost.firstActivationProbe>:50450] Disabled CPU monitoring
Aug 27 21:04:31.309482 runningboardd(RunningBoard)[33] <Info>: Finished acquiring assertion 33-33-7465 (target:[application<dev.selfhost.firstActivationProbe>:50450])
Aug 27 21:04:31.309579 runningboardd(RunningBoard)[33] <Info>: Received message from [application<dev.selfhost.firstActivationProbe>:50450] (euid 501, auid 501): handshakeWithRequest:
Aug 27 21:04:31.309668 runningboardd(RunningBoard)[33] <Info>: [application<dev.selfhost.firstActivationProbe>:50450] Reset CPU monitoring limits to defaults
Aug 27 21:04:31.309777 runningboardd(RunningBoard)[33] <Debug>: Decrementing suppression state to 1 for application<dev.selfhost.firstActivationProbe>
Aug 27 21:04:31.309858 runningboardd(RunningBoard)[33] <Notice>: Successfully acquired underlying assertion for [application<dev.selfhost.firstActivationProbe>:50450]
Aug 27 21:04:31.311802 backboardd(IOKit)[65] <Debug>: SetProperty called IOHIDEventSystemClientIsUnresponsive=0 caller=IOHIDEventSystemConnection uuid:4156C565-6D62-4A4B-B69F-7581C656EDCB pid:50450 process:Runner type:Passive entitlements:0x0 caller:BackBoardServices: <redacted> + 336 attributes:{
    bundleID = "dev.selfhost.firstActivationProbe";
Aug 27 21:04:31.312083 Runner(CoreFoundation)[50450] <Debug>: found no value for key NSTighteningFactorForTruncation in CFPrefsSearchListSource<0x2809f2f80> (Domain: dev.selfhost.firstActivationProbe, Container: (null))
Aug 27 21:04:31.312223 Runner(CoreFoundation)[50450] <Debug>: found no value for key NSAllowsDefaultTighteningForTruncation in CFPrefsSearchListSource<0x2809f2f80> (Domain: dev.selfhost.firstActivationProbe, Container: (null))
Aug 27 21:04:31.312300 Runner(CoreFoundation)[50450] <Debug>: found no value for key NSUsesDefaultHyphenation in CFPrefsSearchListSource<0x2809f2f80> (Domain: dev.selfhost.firstActivationProbe, Container: (null))
Aug 27 21:04:31.312509 Runner(CoreFoundation)[50450] <Debug>: found no value for key NSDefaultHyphenationFactor in CFPrefsSearchListSource<0x2809f2f80> (Domain: dev.selfhost.firstActivationProbe, Container: (null))
Aug 27 21:04:31.319689 Runner(CoreFoundation)[50450] <Debug>: found no value for key NSForceRightToLeftWritingDirection in CFPrefsSearchListSource<0x2809f2f80> (Domain: dev.selfhost.firstActivationProbe, Container: (null))
Aug 27 21:04:31.320734 Runner(RunningBoardServices)[50450] <Notice>: Sending handshake request attempt #1 to server
Aug 27 21:04:31.320843 Runner(RunningBoardServices)[50450] <Notice>: Creating connection to com.apple.runningboard
Aug 27 21:04:31.321050 Runner(CoreFoundation)[50450] <Debug>: CFPrefsManagedSource<0x2809f7580> (Domain: com.apple.Accessibility, User: kCFPreferencesCurrentUser, ByHost: Yes, Container: (null), Contents Need Refresh: No) loaded: an empty base plist and no additional changes from the base plist
Aug 27 21:04:31.321127 Runner(CoreFoundation)[50450] <Debug>: CFPrefsManagedSource<0x2809f7600> (Domain: com.apple.Accessibility, User: kCFPreferencesAnyUser, ByHost: Yes, Container: (null), Contents Need Refresh: No) loaded: an empty base plist and no additional changes from the base plist
Aug 27 21:04:31.321222 Runner(CoreFoundation)[50450] <Debug>: CFPrefsPlistSource<0x2809f7500> (Domain: com.apple.Accessibility, User: kCFPreferencesCurrentUser, ByHost: No, Container: (null), Contents Need Refresh: No) loaded: a new base plist and no additional changes from the base plist
Aug 27 21:04:31.321295 Runner(CoreFoundation)[50450] <Debug>: CFPrefsPlistSource<0x2809f7780> (Domain: com.apple.Accessibility, User: kCFPreferencesAnyUser, ByHost: Yes, Container: (null), Contents Need Refresh: No) loaded: an empty base plist and no additional changes from the base plist
Aug 27 21:04:31.322583 Runner(CoreFoundation)[50450] <Debug>: found no value for key ForceTouchEnabled in CFPrefsSearchListSource<0x2809f7480> (Domain: com.apple.Accessibility, Container: (null))
Aug 27 21:04:31.322762 Runner(libAccessibility.dylib)[50450] <Debug>: CF Read: domain = com.apple.Accessibility, preference = ForceTouchEnabled, appID = (null) result = (null) (-1 - empty, 0 - false, 1 - true)
Aug 27 21:04:31.323603 Runner(CoreFoundation)[50450] <Debug>: found no value for key ForceTouchEnabled in CFPrefsPlistSource<0x2809f7500> (Domain: com.apple.Accessibility, User: kCFPreferencesCurrentUser, ByHost: No, Container: (null), Contents Need Refresh: No)
Aug 27 21:04:31.323695 Runner(CoreFoundation)[50450] <Debug>: found no value for key UIPreferredContentSizeCategoryName in CFPrefsSearchListSource<0x2809f2f80> (Domain: dev.selfhost.firstActivationProbe, Container: (null))
Aug 27 21:04:31.323946 Runner(libAccessibility.dylib)[50450] <Debug>: CF Read Category Name: domain = dev.selfhost.firstActivationProbe, appID = dev.selfhost.firstActivationProbe value = (null)
Aug 27 21:04:31.325011 Runner(libAccessibility.dylib)[50450] <Notice>: Read CategoryName: per-app = 1, category name = (null)
Aug 27 21:04:31.325095 Runner(CoreFoundation)[50450] <Debug>: found no value for key UIPreferredContentSizeCategoryName in CFPrefsSearchListSource<0x2809f4800> (Domain: com.apple.UIKit, Container: (null))
Aug 27 21:04:31.325363 Runner(libAccessibility.dylib)[50450] <Debug>: CF Read Category Name: domain = /var/mobile/Library/Preferences/com.apple.UIKit, appID = (null) value = (null)
Aug 27 21:04:31.325841 Runner(libAccessibility.dylib)[50450] <Notice>: Read CategoryName: per-app = 0, category name = (null)
Aug 27 21:04:31.325910 Runner(CoreFoundation)[50450] <Debug>: found no value for key UICarPlayPreferredContentSizeCategoryName in CFPrefsSearchListSource<0x2809f4800> (Domain: com.apple.UIKit, Container: (null))
Aug 27 21:04:31.326423 Runner(CoreFoundation)[50450] <Debug>: found no value for key EnhancedTextLegibilityEnabled in CFPrefsSearchListSource<0x2809f7480> (Domain: com.apple.Accessibility, Container: (null))
Aug 27 21:04:31.326502 Runner(libAccessibility.dylib)[50450] <Debug>: CF Read: domain = com.apple.Accessibility, preference = EnhancedTextLegibilityEnabled, appID = (null) result = (null) (-1 - empty, 0 - false, 1 - true)
Aug 27 21:04:31.326599 Runner(CoreFoundation)[50450] <Debug>: found no value for key EnhancedTextLegibilityEnabled in CFPrefsPlistSource<0x2809f7500> (Domain: com.apple.Accessibility, User: kCFPreferencesCurrentUser, ByHost: No, Container: (null), Contents Need Refresh: No)
Aug 27 21:04:31.326874 Runner(CoreFoundation)[50450] <Debug>: found no value for key DarkenSystemColors in CFPrefsSearchListSource<0x2809f7480> (Domain: com.apple.Accessibility, Container: (null))
Aug 27 21:04:31.328631 Runner(libAccessibility.dylib)[50450] <Debug>: CF Read: domain = com.apple.Accessibility, preference = DarkenSystemColors, appID = (null) result = (null) (-1 - empty, 0 - false, 1 - true)
Aug 27 21:04:31.328785 Runner(CoreFoundation)[50450] <Debug>: found no value for key DarkenSystemColors in CFPrefsPlistSource<0x2809f7500> (Domain: com.apple.Accessibility, User: kCFPreferencesCurrentUser, ByHost: No, Container: (null), Contents Need Refresh: No)
Aug 27 21:04:31.328878 Runner(CoreFoundation)[50450] <Debug>: found no value for key UITraitCollectionChangeLoggingEnabled in CFPrefsSearchListSource<0x2809f2f80> (Domain: dev.selfhost.firstActivationProbe, Container: (null))
Aug 27 21:04:31.328973 Runner(CoreFoundation)[50450] <Debug>: found no value for key UIStateRestorationDebugLogging in CFPrefsSearchListSource<0x2809f2f80> (Domain: dev.selfhost.firstActivationProbe, Container: (null))
Aug 27 21:04:31.329115 Runner(CoreFoundation)[50450] <Debug>: Resource lookup at <private>
Aug 27 21:04:31.329190 Runner(CoreFoundation)[50450] <Debug>: looked up value <private> for key AccessibilityEnabled in CFPrefsPlistSource<0x2809f7500> (Domain: com.apple.Accessibility, User: kCFPreferencesCurrentUser, ByHost: No, Container: (null), Contents Need Refresh: No) via CFPrefsSearchListSource<0x2809f7480> (Domain: com.apple.Accessibility, Container: (null))
Aug 27 21:04:31.329259 Runner(libAccessibility.dylib)[50450] <Debug>: CF Read: domain = com.apple.Accessibility, preference = AccessibilityEnabled, appID = (null) result = 0 (-1 - empty, 0 - false, 1 - true)
Aug 27 21:04:31.329513 Runner(CoreFoundation)[50450] <Debug>: looked up value <private> for key InvertColorsEnabled in CFPrefsPlistSource<0x2809f7500> (Domain: com.apple.Accessibility, User: kCFPreferencesCurrentUser, ByHost: No, Container: (null), Contents Need Refresh: No) via CFPrefsSearchListSource<0x2809f7480> (Domain: com.apple.Accessibility, Container: (null))
Aug 27 21:04:31.329706 Runner(libAccessibility.dylib)[50450] <Debug>: CF Read: domain = com.apple.Accessibility, preference = InvertColorsEnabled, appID = (null) result = 0 (-1 - empty, 0 - false, 1 - true)
Aug 27 21:04:31.330325 Runner(libAccessibility.dylib)[50450] <Debug>: Read Global: preference = InvertColorsEnabled, result = 0 (-1 - empty, 0 - false, 1 - true)
Aug 27 21:04:31.330784 Runner(libAccessibility.dylib)[50450] <Debug>: Updated cache: preference = InvertColorsEnabled, result = 0 (-1 - empty, 0 - false, 1 - true)
<SBTransitionSwitcherModifierEvent: 0x28216bd00; type: MainTransition; transitionID: DEA0FD32-B276-4231-BFEC-C15446BECFCF; phase: Animate; animated: YES; fromAppLayout: 0x0; toAppLayout: <SBAppLayout: 0x28087bb80; primary: dev.selfhost.firstActivationProbe:default; environment: main>; fromEnvironmentMode: home-screen; toEnvironmentMode: application; pendingTermination: {(
)}; activating: <SBAppLayout: 0x28087bb80; primary: dev.selfhost.firstActivationProbe:default; environment: main>; dosidoTransitionDirection: 0>
Aug 27 21:04:31.331270 Runner(CoreFoundation)[50450] <Debug>: looked up value <private> for key ApplicationAccessibilityEnabled in CFPrefsPlistSource<0x2809f7500> (Domain: com.apple.Accessibility, User: kCFPreferencesCurrentUser, ByHost: No, Container: (null), Contents Need Refresh: No) via CFPrefsSearchListSource<0x2809f7480> (Domain: com.apple.Accessibility, Container: (null))
Aug 27 21:04:31.331547 Runner(libAccessibility.dylib)[50450] <Debug>: CF Read: domain = com.apple.Accessibility, preference = ApplicationAccessibilityEnabled, appID = (null) result = 0 (-1 - empty, 0 - false, 1 - true)
Aug 27 21:04:31.335717 Runner(XCTTargetBootstrap)[50450] <Notice>: Registering for test daemon availability notify post.
Aug 27 21:04:31.335892 Runner(XCTTargetBootstrap)[50450] <Notice>: notify_get_state check indicated test daemon not ready.
Aug 27 21:04:31.336030 Runner(XCTTargetBootstrap)[50450] <Notice>: notify_get_state check indicated test daemon not ready.
Aug 27 21:04:31.336137 Runner(XCTTargetBootstrap)[50450] <Notice>: notify_get_state check indicated test daemon not ready.
Aug 27 21:04:31.336233 Runner(CoreFoundation)[50450] <Debug>: found no value for key UIRequireCrimsonLifecycle in CFPrefsSearchListSource<0x2809f4800> (Domain: com.apple.UIKit, Container: (null))
Aug 27 21:04:31.336332 Runner(UIKitCore)[50450] <Notice>: Deactivation reason added: 11; deactivation reasons: 1024 -> 3072; animating application lifecycle event: 0
Aug 27 21:04:31.338761 Runner(CoreFoundation)[50450] <Debug>: Resource lookup at <private>
Aug 27 21:04:31.339008 powerd[43] <Notice>: Process runningboardd.33 Created SystemIsActive "application<dev.selfhost.firstActivationProbe>;(null):(null);33-47602-7464:FBApplicationProcess" age:00:00:00  id:51539649938 [System: SysAct]
Aug 27 21:04:31.339132 cfprefsd(CoreFoundation)[91] <Debug>: Process 50450 (Runner) sent a request related to { com.apple.Accessibility, user: kCFPreferencesAnyUser, kCFPreferencesCurrentHost, /Library/Managed Preferences/com.apple.Accessibility.plist, managed: 1 } (0x101814300)
Aug 27 21:04:31.339337 cfprefsd(CoreFoundation)[91] <Debug>: Process 50450 (Runner) sent a request related to { com.apple.Accessibility, user: mobile, kCFPreferencesAnyHost, /var/mobile/Library/Preferences/com.apple.Accessibility.plist, managed: 0 } (0x100311170)
Aug 27 21:04:31.339411 cfprefsd(CoreFoundation)[91] <Debug>: Process 50450 (Runner) read data for { com.apple.Accessibility, mobile, kCFPreferencesAnyHost, /var/mobile/Library/Preferences/com.apple.Accessibility.plist, managed: 0 }, backed by /private/var/mobile/Library/Preferences/com.apple.Accessibility.plist
Aug 27 21:04:31.339517 cfprefsd(CoreFoundation)[91] <Debug>: Process 50450 (Runner) sent a request related to { com.apple.Accessibility, user: kCFPreferencesAnyUser, kCFPreferencesCurrentHost, /var/preferences/com.apple.Accessibility.plist, managed: 0 } (0x1018145a0)
Aug 27 21:04:31.339849 runningboardd(RunningBoard)[33] <Info>: [application<dev.selfhost.firstActivationProbe>:50450] Resumed CPU monitoring
Aug 27 21:04:31.339937 runningboardd(RunningBoard)[33] <Debug>: Sending state 0x101035ef0 for application<dev.selfhost.firstActivationProbe> to [daemon<com.apple.mediaserverd>:36]
Aug 27 21:04:31.340136 runningboardd(RunningBoard)[33] <Debug>: Updating events for assertion: 33-47602-7464 (target:application<dev.selfhost.firstActivationProbe>)
Aug 27 21:04:31.340234 runningboardd(RunningBoard)[33] <Notice>: Setting client for [application<dev.selfhost.firstActivationProbe>:50450] as ready
Aug 27 21:04:31.340371 runningboardd(RunningBoard)[33] <Info>: [application<dev.selfhost.firstActivationProbe>:50450] Applying updated state
Aug 27 21:04:31.349932 SpringBoard(RunningBoardServices)[47602] <Info>: Update delivered for [application<dev.selfhost.firstActivationProbe>:50450] with taskState 4
Aug 27 21:04:31.351648 SpringBoard(RunningBoardServices)[47602] <Info>: Update delivered for [application<dev.selfhost.firstActivationProbe>:50450] with taskState 4
Aug 27 21:04:31.363853 SpringBoard(FrontBoard)[47602] <Notice>: [application<dev.selfhost.firstActivationProbe>:50450] Registered new scene: <FBUIApplicationWorkspaceScene: 0x2826445b0; sceneID:dev.selfhost.firstActivationProbe-default> (fromRemnant = 0)
Aug 27 21:04:31.364027 SpringBoard(FrontBoard)[47602] <Notice>: [sceneID:dev.selfhost.firstActivationProbe-default][1] Scene activated.
Aug 27 21:04:31.364217 SpringBoard(FrontBoard)[47602] <Debug>: [FBSceneManager] PENDING:   <BSEventQueueEvent: 0x281c62be0; didAdd-sceneID:dev.selfhost.firstActivationProbe-default(0)> @ back
Aug 27 21:04:31.364392 SpringBoard(FrontBoard)[47602] <Debug>: [FBSceneManager] EXECUTING: <BSEventQueueEvent: 0x281c62be0; didAdd-sceneID:dev.selfhost.firstActivationProbe-default(0)>
Aug 27 21:04:31.364525 SpringBoard(FrontBoard)[47602] <Debug>: [FBSceneManager] PENDING:   <BSEventQueueEvent: 0x281c54920; didAdd-sceneID:dev.selfhost.firstActivationProbe-default(0)> @ front
Aug 27 21:04:31.364644 SpringBoard(FrontBoard)[47602] <Debug>: [FBSceneManager] EXECUTING: <BSEventQueueEvent: 0x281c54920; didAdd-sceneID:dev.selfhost.firstActivationProbe-default(0)>
Aug 27 21:04:31.366541 SpringBoard(FrontBoard)[47602] <Notice>: [application<dev.selfhost.firstActivationProbe>:50450] Workspace interruption policy did change: reconnect
Aug 27 21:04:31.371510 SpringBoard(FrontBoard)[47602] <Info>: Client intercepting scene update for scene: sceneID:dev.selfhost.firstActivationProbe-default
Aug 27 21:04:31.371793 SpringBoard(UIKitCore)[47602] <Notice>: Now tracking: <FBScene: 0x282859080; sceneID:dev.selfhost.firstActivationProbe-default>
Aug 27 21:04:31.372247 SpringBoard(UIKitCore)[47602] <Notice>: [sceneID:dev.selfhost.firstActivationProbe-default] Setting deactivation reasons to: 'systemAnimation' for reason: scene settings update - settings are eligible for deactivation reasons.
Aug 27 21:04:31.372516 SpringBoard(FrontBoard)[47602] <Debug>: START SCENE MUTATION ------- sceneID:dev.selfhost.firstActivationProbe-default
Aug 27 21:04:31.372785 SpringBoard(FrontBoard)[47602] <Debug>: [FBSceneManager] PENDING:   <BSEventQueueEvent: 0x281c0f460; sceneDidActivate-sceneID:dev.selfhost.firstActivationProbe-default(1)> @ back
Aug 27 21:04:31.373021 SpringBoard(FrontBoard)[47602] <Debug>: [FBSceneManager] PENDING:   <BSEventQueueEvent: 0x281c0d460; sceneUpdatePrepared-sceneID:dev.selfhost.firstActivationProbe-default(1)> @ back
Aug 27 21:04:31.373307 SpringBoard(FrontBoard)[47602] <Debug>: [FBSceneManager] PENDING:   <BSEventQueueEvent: 0x281c0f060; applySettings-sceneID:dev.selfhost.firstActivationProbe-default(1)> @ back
Aug 27 21:04:31.373585 SpringBoard(FrontBoard)[47602] <Debug>: Flushing all events for sceneID:dev.selfhost.firstActivationProbe-default
Aug 27 21:04:31.374079 SpringBoard(FrontBoard)[47602] <Debug>: [FBSceneManager] EXECUTING: <BSEventQueueEvent: 0x281c0f460; sceneDidActivate-sceneID:dev.selfhost.firstActivationProbe-default(1)>
Aug 27 21:04:31.374724 SpringBoard(FrontBoard)[47602] <Debug>: [FBSceneManager] PENDING:   <BSEventQueueEvent: 0x281c6b080; sceneDidActivate-sceneID:dev.selfhost.firstActivationProbe-default(1)> @ front
Aug 27 21:04:31.375017 SpringBoard(FrontBoard)[47602] <Debug>: [FBSceneManager] EXECUTING: <BSEventQueueEvent: 0x281c6b080; sceneDidActivate-sceneID:dev.selfhost.firstActivationProbe-default(1)>
Aug 27 21:04:31.378163 runningboardd(RunningBoard)[33] <Notice>: Acquiring assertion targeting [application<dev.selfhost.firstActivationProbe>:50450] from originator [daemon<com.apple.SpringBoard>:47602] with description <RBSAssertionDescriptor| "com.apple.frontboard.after-life.interrupted" ID:33-47602-7466 target:50450 attributes:[
Aug 27 21:04:31.378439 runningboardd(RunningBoard)[33] <Notice>: Assertion 33-47602-7466 (target:[application<dev.selfhost.firstActivationProbe>:50450]) will be created as inactive as originator process has not exited
Aug 27 21:04:31.379676 SpringBoard[47602] <Notice>: didAddExternalForegroundApplicationSceneHandle pid:50450 scene:com.apple.frontboard.systemappservices::sceneID%3Adev.selfhost.firstActivationProbe-default now:<recentPIDs: [50450]; recentSceneIdentityTokensByPID: {50450: [com.apple.frontboard.systemappservices::sceneID%3Adev.selfhost.firstActivationProbe-default]}>
Aug 27 21:04:31.379863 SpringBoard[47602] <Notice>: policy: MRU target:<pid=50450 token=com.apple.frontboard.systemappservices::sceneID%3Adev.selfhost.firstActivationProbe-default>
Aug 27 21:04:31.379999 SpringBoard[47602] <Notice>: policy: now generation: 246; keyboardFocusTarget: <token: com.apple.frontboard.systemappservices::sceneID%3Adev.selfhost.firstActivationProbe-default; pid: 50450>; recentlyUsedScenes: <recentPIDs: [50450]; recentSceneIdentityTokensByPID: {50450: [com.apple.frontboard.systemappservices::sceneID%3Adev.selfhost.firstActivationProbe-default]}>; selectionPolicy: KeyboardArbiter; shouldSuppressRemoteDeferring: 0
Aug 27 21:04:31.381122 Runner(CoreFoundation)[50450] <Debug>: found no value for key UIStateRestorationDeveloperMode in CFPrefsSearchListSource<0x2809f2f80> (Domain: dev.selfhost.firstActivationProbe, Container: (null))
Aug 27 21:04:31.381307 Runner(UIKitCore)[50450] <Notice>: Deactivation reason removed: 10; deactivation reasons: 3072 -> 2048; animating application lifecycle event: 0
Aug 27 21:04:31.382548 SpringBoard(FrontBoard)[47602] <Debug>: [FBSceneManager] EXECUTING: <BSEventQueueEvent: 0x281c0d460; sceneUpdatePrepared-sceneID:dev.selfhost.firstActivationProbe-default(1)>
Aug 27 21:04:31.382650 SpringBoard(FrontBoard)[47602] <Debug>: [FBSceneManager] PENDING:   <BSEventQueueEvent: 0x281c0dbe0; sceneUpdatePrepared-sceneID:dev.selfhost.firstActivationProbe-default(1)> @ front
Aug 27 21:04:31.382716 SpringBoard(FrontBoard)[47602] <Debug>: [FBSceneManager] EXECUTING: <BSEventQueueEvent: 0x281c0dbe0; sceneUpdatePrepared-sceneID:dev.selfhost.firstActivationProbe-default(1)>
Aug 27 21:04:31.382851 SpringBoard(FrontBoard)[47602] <Debug>: [FBSceneManager] EXECUTING: <BSEventQueueEvent: 0x281c0f060; applySettings-sceneID:dev.selfhost.firstActivationProbe-default(1)>
Aug 27 21:04:31.382920 SpringBoard(FrontBoard)[47602] <Notice>: [sceneID:dev.selfhost.firstActivationProbe-default] scene content state changed: preparing
Aug 27 21:04:31.382990 SpringBoard(FrontBoard)[47602] <Debug>: [FBSceneManager] PENDING:   <BSEventQueueEvent: 0x281c0f4e0; contentStateDidChange-sceneID:dev.selfhost.firstActivationProbe-default(1)> @ back
Aug 27 21:04:31.383076 SpringBoard(FrontBoard)[47602] <Debug>: [FBSceneManager] PENDING:   <BSEventQueueEvent: 0x281c0ece0; sceneUpdateApplied-sceneID:dev.selfhost.firstActivationProbe-default(1)> @ back
Aug 27 21:04:31.383173 SpringBoard(FrontBoard)[47602] <Debug>: [FBSceneManager] PENDING:   <BSEventQueueEvent: 0x281c0dbe0; sceneMutationCompletion-sceneID:dev.selfhost.firstActivationProbe-default(1)> @ back
Aug 27 21:04:31.383250 SpringBoard(FrontBoard)[47602] <Debug>: [FBSceneManager] EXECUTING: <BSEventQueueEvent: 0x281c0f4e0; contentStateDidChange-sceneID:dev.selfhost.firstActivationProbe-default(1)>
Aug 27 21:04:31.383395 SpringBoard(FrontBoard)[47602] <Notice>: [sceneID:dev.selfhost.firstActivationProbe-default] Scene lifecycle state did change: Foreground
Aug 27 21:04:31.384762 SpringBoard(FrontBoard)[47602] <Debug>: [FBSceneManager] PENDING:   <BSEventQueueEvent: 0x281c375c0; contentStateDidChange-sceneID:dev.selfhost.firstActivationProbe-default(1)> @ front
Aug 27 21:04:31.385029 SpringBoard(FrontBoard)[47602] <Debug>: [FBSceneManager] EXECUTING: <BSEventQueueEvent: 0x281c375c0; contentStateDidChange-sceneID:dev.selfhost.firstActivationProbe-default(1)>
Aug 27 21:04:31.385774 SpringBoard(FrontBoard)[47602] <Notice>: [sceneID:dev.selfhost.firstActivationProbe-default] Scene assertion state did change: ForegroundFocal.
Aug 27 21:04:31.386079 SpringBoard(FrontBoard)[47602] <Notice>: [application<dev.selfhost.firstActivationProbe>:50450] Launch assertion supersedes update of workspace assertion to ForegroundFocal.
Aug 27 21:04:31.386239 SpringBoard(FrontBoard)[47602] <Debug>: [FBSceneManager] EXECUTING: <BSEventQueueEvent: 0x281c0ece0; sceneUpdateApplied-sceneID:dev.selfhost.firstActivationProbe-default(1)>
Aug 27 21:04:31.386366 SpringBoard(FrontBoard)[47602] <Notice>: [application<dev.selfhost.firstActivationProbe>:50450] Workspace assertion state did change: ForegroundFocal (acquireAssertion = NO).
Aug 27 21:04:31.386585 SpringBoard(FrontBoard)[47602] <Debug>: [FBSceneManager] PENDING:   <BSEventQueueEvent: 0x281c0f5e0; sceneUpdateApplied-sceneID:dev.selfhost.firstActivationProbe-default(1)> @ front
Aug 27 21:04:31.386715 SpringBoard(FrontBoard)[47602] <Debug>: [FBSceneManager] EXECUTING: <BSEventQueueEvent: 0x281c0f5e0; sceneUpdateApplied-sceneID:dev.selfhost.firstActivationProbe-default(1)>
Aug 27 21:04:31.387085 SpringBoard(FrontBoard)[47602] <Notice>: [sceneID:dev.selfhost.firstActivationProbe-default] Sending scene action [Logical Activate][0x5b50] to process 0x114bd7b20 (watchdog: 20.00s)
Aug 27 21:04:31.387338 SpringBoard(FrontBoard)[47602] <Debug>: [FBSceneManager] EXECUTING: <BSEventQueueEvent: 0x281c0dbe0; sceneMutationCompletion-sceneID:dev.selfhost.firstActivationProbe-default(1)>
Aug 27 21:04:31.387471 SpringBoard(FrontBoard)[47602] <Debug>: ---------- END SCENE MUTATION: sceneID:dev.selfhost.firstActivationProbe-default
Aug 27 21:04:31.387762 SpringBoard(FrontBoardServices)[47602] <Info>: [application<dev.selfhost.firstActivationProbe>:50450] [realTime] Now monitoring resource allowance of 20.00s (at refreshInterval -1.00s)
Aug 27 21:04:31.393422 Runner(RunningBoardServices)[50450] <Debug>: Received message from server: async_didChangeInheritances:completion:
Aug 27 21:04:31.393491 Runner(RunningBoardServices)[50450] <Info>: didChangeInheritances
Aug 27 21:04:31.393590 Runner(RunningBoardServices)[50450] <Info>: didChangeInheritances: <RBSInheritanceChangeSet| gained:{(
Aug 27 21:04:31.394252 Runner(RunningBoardServices)[50450] <Notice>: Handshake succeeded
Aug 27 21:04:31.394440 Runner(RunningBoardServices)[50450] <Notice>: Identity resolved as application<dev.selfhost.firstActivationProbe>
Aug 27 21:04:31.394656 Runner(FrontBoardServices)[50450] <Info>: [FBSScene] [sceneID:dev.selfhost.firstActivationProbe-default] Created client agent: <UIApplicationSceneClientAgent: 0x2825f5730>
Aug 27 21:04:31.395349 Runner(CoreFoundation)[50450] <Debug>: Resource lookup at <private>
	Result        : file:///private/var/containers/Bundle/Application/1EC21BA9-82AA-4B85-B2FC-10B206BC5C35/Runner.app/Base.lproj/Main.storyboardc/
Aug 27 21:04:31.396401 Runner(CoreFoundation)[50450] <Debug>: Resource lookup at <private>
	Result        : file:///private/var/containers/Bundle/Application/1EC21BA9-82AA-4B85-B2FC-10B206BC5C35/Runner.app/Base.lproj/Main.storyboardc/
Aug 27 21:04:31.396609 Runner(CoreFoundation)[50450] <Debug>: found no value for key _UICanvasShouldDeliverCanvasActionsToCanvasDelegateOnlyKey in CFPrefsSearchListSource<0x2809f2f80> (Domain: dev.selfhost.firstActivationProbe, Container: (null))
Aug 27 21:04:31.396760 Runner(CoreFoundation)[50450] <Debug>: found no value for key LogBackgroundTask in CFPrefsSearchListSource<0x2809f4800> (Domain: com.apple.UIKit, Container: (null))
Aug 27 21:04:31.396870 Runner(UIKitCore)[50450] <Notice>: <private>: Will add backgroundTask with taskName: <private>, expirationHandler: <__NSGlobalBlock__: 0x1ec737410>
Aug 27 21:04:31.397062 Runner(UIKitCore)[50450] <Notice>: <private>: Created background task <private>. Assertion will be assigned soon
Aug 27 21:04:31.397223 Runner(UIKitCore)[50450] <Notice>: <private>: Creating new assertion since assertion is nil
Aug 27 21:04:31.397392 runningboardd(RunningBoard)[33] <Info>: Received message from [application<dev.selfhost.firstActivationProbe>:50450] (euid 501, auid 501): acquireAssertionWithDescriptor:error:
Aug 27 21:04:31.397662 runningboardd(RunningBoard)[33] <Notice>: Acquiring assertion targeting [application<dev.selfhost.firstActivationProbe>:50450] from originator [application<dev.selfhost.firstActivationProbe>:50450] with description <RBSAssertionDescriptor| "Shared Background Assertion 0 for dev.selfhost.firstActivationProbe" ID:33-50450-7467 target:50450 attributes:[
Aug 27 21:04:31.397774 Runner(RunningBoardServices)[50450] <Info>: Acquiring assertion: <RBSAssertionDescriptor| "Shared Background Assertion 0 for dev.selfhost.firstActivationProbe" ID:(null) target:50450>
Aug 27 21:04:31.397914 Runner(RunningBoardServices)[50450] <Debug>: Adding assertion 33-50450-7467 to dictionary
Aug 27 21:04:31.398055 Runner(UIKitCore)[50450] <Notice>: <private>: Created new assertion <BKSProcessAssertion: 0x2804f2710>
Aug 27 21:04:31.398163 Runner(UIKitCore)[50450] <Notice>: Deactivation reason added: 5; deactivation reasons: 2048 -> 2080; animating application lifecycle event: 1
Aug 27 21:04:31.398245 Runner(CoreFoundation)[50450] <Debug>: found no value for key LogEventDeferring in CFPrefsSearchListSource<0x2809f4800> (Domain: com.apple.UIKit, Container: (null))
Aug 27 21:04:31.398372 Runner(UIKitCore)[50450] <Notice>: [0x280cf6920] Initialized with scene: <UIWindowScene: 0x103d0d530>; behavior: <_UIEventDeferringBehavior_Default: 0x2827fb940>
Aug 27 21:04:31.399094 SpringBoard(FrontBoard)[47602] <Info>: [sceneID:dev.selfhost.firstActivationProbe-default] Client settings updated with diff: <private>
Aug 27 21:04:31.399211 Runner(CoreFoundation)[50450] <Debug>: found no value for key LogKeyWindow in CFPrefsSearchListSource<0x2809f4800> (Domain: com.apple.UIKit, Container: (null))
Aug 27 21:04:31.399378 Runner(CoreFoundation)[50450] <Debug>: found no value for key FullKeyboardAccessEnabled in CFPrefsSearchListSource<0x2809f7480> (Domain: com.apple.Accessibility, Container: (null))
Aug 27 21:04:31.399503 Runner(libAccessibility.dylib)[50450] <Debug>: CF Read: domain = com.apple.Accessibility, preference = FullKeyboardAccessEnabled, appID = (null) result = (null) (-1 - empty, 0 - false, 1 - true)
Aug 27 21:04:31.399593 Runner(CoreFoundation)[50450] <Debug>: found no value for key FullKeyboardAccessEnabled in CFPrefsPlistSource<0x2809f7500> (Domain: com.apple.Accessibility, User: kCFPreferencesCurrentUser, ByHost: No, Container: (null), Contents Need Refresh: No)
Aug 27 21:04:31.399749 Runner(CoreFoundation)[50450] <Debug>: Resource lookup at <private>
Aug 27 21:04:31.399882 Runner(CoreFoundation)[50450] <Debug>: Resource lookup at <private>
	Result        : file:///private/var/containers/Bundle/Application/1EC21BA9-82AA-4B85-B2FC-10B206BC5C35/Runner.app/Base.lproj/Main.storyboardc/
        <SBDeviceApplicationSceneEntity: 0x283e97a70; ID: sceneID:dev.selfhost.firstActivationProbe-default; layoutRole: primary>
Aug 27 21:04:31.400940 SpringBoard(FrontBoard)[47602] <Info>: [sceneID:dev.selfhost.firstActivationProbe-default] Client settings updated with diff: <private>
        <SBDeviceApplicationSceneEntity: 0x283e97a70; ID: sceneID:dev.selfhost.firstActivationProbe-default; layoutRole: primary>
Aug 27 21:04:31.402169 Runner(CoreFoundation)[50450] <Debug>: Resource lookup at <private>
	Result        : file:///private/var/containers/Bundle/Application/1EC21BA9-82AA-4B85-B2FC-10B206BC5C35/Runner.app/Base.lproj/Main.storyboardc/UIViewController-BYZ-38-t0r.nib
Aug 27 21:04:31.402320 Runner(CoreFoundation)[50450] <Debug>: found no value for key UITraitCollectionInvalidationDebuggingModeEnabled in CFPrefsSearchListSource<0x2809f2f80> (Domain: dev.selfhost.firstActivationProbe, Container: (null))
Aug 27 21:04:31.402442 Runner(CoreFoundation)[50450] <Debug>: Resource lookup at <private>
Aug 27 21:04:31.402580 Runner(CoreFoundation)[50450] <Debug>: Language lookup at <private>
Aug 27 21:04:31.402731 Runner(CoreFoundation)[50450] <Debug>: Resource lookup at <private>
	Result        : file:///var/containers/Bundle/Application/1EC21BA9-82AA-4B85-B2FC-10B206BC5C35/Runner.app/Frameworks/Flutter.framework/icudtl.dat
Aug 27 21:04:31.402888 Runner(Flutter)[50450] <Notice>: SANITY CHECK: Running precompiled code.
Aug 27 21:04:31.403136 Runner(CoreFoundation)[50450] <Debug>: Resource lookup at <private>
Aug 27 21:04:31.403326 Runner(CoreFoundation)[50450] <Debug>: Resource lookup at <private>
	Result        : file:///private/var/containers/Bundle/Application/1EC21BA9-82AA-4B85-B2FC-10B206BC5C35/Runner.app/Frameworks/App.framework/
Aug 27 21:04:31.403499 Runner(Flutter)[50450] <Notice>: Using App.framework from /private/var/containers/Bundle/Application/1EC21BA9-82AA-4B85-B2FC-10B206BC5C35/Runner.app/Frameworks/App.framework
Aug 27 21:04:31.403665 Runner(CoreFoundation)[50450] <Debug>: Language lookup at <private>
Aug 27 21:04:31.403829 Runner(CoreFoundation)[50450] <Debug>: Resource lookup at <private>
Aug 27 21:04:31.403954 Runner(CoreFoundation)[50450] <Debug>: Resource lookup at <private>
Aug 27 21:04:31.404619 Runner(CoreFoundation)[50450] <Debug>: Resource lookup at <private>
	Result        : file:///var/containers/Bundle/Application/1EC21BA9-82AA-4B85-B2FC-10B206BC5C35/Runner.app/Frameworks/App.framework/flutter_assets/
Aug 27 21:04:31.404895 Runner(Flutter)[50450] <Notice>: ASSET PATH /var/containers/Bundle/Application/1EC21BA9-82AA-4B85-B2FC-10B206BC5C35/Runner.app/Frameworks/App.framework/flutter_assets
Aug 27 21:04:31.405177 Runner(CoreFoundation)[50450] <Debug>: Resource lookup at <private>
Aug 27 21:04:31.405447 Runner(CoreFoundation)[50450] <Debug>: Resource lookup at <private>
Aug 27 21:04:31.405587 Runner(Flutter)[50450] <Notice>: [INFO:flutter/shell/common/shorebird/shorebird.cc(112)] [shorebird] SetBaseSnapshot mappings: vm_data_size=5178 iso_data_size=556021 vm_insns_size=43584 iso_insns_size=1818768 total=2423551
Aug 27 21:04:31.405891 Runner(Flutter)[50450] <Notice>: [shorebird] Preparing next boot.
Aug 27 21:04:31.406190 Runner(Flutter)[50450] <Notice>: [shorebird] No public key configured; skipping signature verification
Aug 27 21:04:31.406440 Runner(Flutter)[50450] <Notice>: [shorebird] Prepared boot of patch 2.
Aug 27 21:04:31.406616 Runner(Flutter)[50450] <Notice>: [INFO:flutter/shell/common/shorebird/shorebird.cc(663)] Shorebird updater: active path: /private/var/mobile/Containers/Data/Application/18E6667F-E66B-4E74-92D9-B14869861554/Library/Application Support/shorebird/shorebird_updater/patches/2/dlc.vmcode
Aug 27 21:04:31.406975 Runner(Flutter)[50450] <Notice>: [INFO:flutter/shell/common/shorebird/shorebird.cc(686)] Shorebird updater: active patch is a Route B container
Aug 27 21:04:31.407119 SpringBoard(SplashBoard)[47602] <Info>: <XBApplicationSnapshot: 0x109ddf7d0; …2F3B89D0D3F1> [dev.selfhost.firstActivationProbe] not purging the cached image; force: 0; _imageAccessCount: 1; _keepImageAccessUntilExpiration: 0; _hasProtectedContent: 0; _keepImageAccessForPreheat: 0
Aug 27 21:04:31.407292 Runner(Flutter)[50450] <Notice>: [INFO:flutter/shell/common/shorebird/shorebird.cc(762)] Starting Shorebird update
Aug 27 21:04:31.407409 SpringBoard[47602] <Notice>: Application process state changed for dev.selfhost.firstActivationProbe: <SBApplicationProcessState: 0x281c39e00; pid: 50450; taskState: Running; visibility: Foreground>
Aug 27 21:04:31.407559 Runner(CoreFoundation)[50450] <Debug>: Resource lookup at <private>
Aug 27 21:04:31.408025 Runner(CoreFoundation)[50450] <Debug>: setting new value <private> for key <private> in CFPrefsSource<0x2832f1380> (Domain: Volatile, User: , ByHost: No, Container: , Contents Need Refresh: No)
Aug 27 21:04:31.409760 SpringBoard[47602] <Info>: -[SBApplication _processWillLaunch:] dev.selfhost.firstActivationProbe
Aug 27 21:04:31.409969 SpringBoard[47602] <Notice>: Application process state changed for dev.selfhost.firstActivationProbe: <SBApplicationProcessState: 0x281c39d00; pid: 50450; taskState: Running; visibility: Foreground>
Aug 27 21:04:31.410128 SpringBoard[47602] <Info>: -[SBApplication _processDidLaunch:] dev.selfhost.firstActivationProbe
Aug 27 21:04:31.410283 SpringBoard[47602] <Notice>: Application process state changed for dev.selfhost.firstActivationProbe: <SBApplicationProcessState: 0x281c38b80; pid: 50450; taskState: Running; visibility: Foreground>
Aug 27 21:04:31.411682 cfprefsd(CoreFoundation)[91] <Debug>: Process 50450 (Runner) sent a request related to { com.apple.Metal, user: mobile, kCFPreferencesCurrentHost, /Library/Managed Preferences/mobile/com.apple.Metal.plist, managed: 1 } (0x100330e90)
Aug 27 21:04:31.413045 SpringBoard(FrontBoard)[47602] <Info>: Client intercepting scene update for scene: sceneID:dev.selfhost.firstActivationProbe-default
Aug 27 21:04:31.413183 SpringBoard(FrontBoard)[47602] <Debug>: START SCENE MUTATION ------- sceneID:dev.selfhost.firstActivationProbe-default
Aug 27 21:04:31.413302 Runner(CoreFoundation)[50450] <Debug>: looked up value <private> for key METAL_DEVICE_WRAPPER_TYPE in CFPrefsSource<0x2832f1380> (Domain: Volatile, User: , ByHost: No, Container: , Contents Need Refresh: No) via CFPrefsSearchListSource<0x2809f2f80> (Domain: dev.selfhost.firstActivationProbe, Container: (null))
Aug 27 21:04:31.413432 Runner(CoreFoundation)[50450] <Debug>: CFPrefsManagedSource<0x2809fcb00> (Domain: com.apple.Metal, User: kCFPreferencesCurrentUser, ByHost: Yes, Container: (null), Contents Need Refresh: No) loaded: an empty base plist and no additional changes from the base plist
Aug 27 21:04:31.413575 Runner(CoreFoundation)[50450] <Debug>: CFPrefsManagedSource<0x2809fcc00> (Domain: com.apple.Metal, User: kCFPreferencesAnyUser, ByHost: Yes, Container: (null), Contents Need Refresh: No) loaded: an empty base plist and no additional changes from the base plist
Aug 27 21:04:31.413663 Runner(CoreFoundation)[50450] <Debug>: CFPrefsPlistSource<0x2809fca80> (Domain: com.apple.Metal, User: kCFPreferencesCurrentUser, ByHost: No, Container: (null), Contents Need Refresh: No) loaded: an empty base plist and no additional changes from the base plist
Aug 27 21:04:31.413741 Runner(CoreFoundation)[50450] <Debug>: CFPrefsPlistSource<0x2809fcd80> (Domain: com.apple.Metal, User: kCFPreferencesAnyUser, ByHost: Yes, Container: (null), Contents Need Refresh: No) loaded: an empty base plist and no additional changes from the base plist
Aug 27 21:04:31.413836 SpringBoard(FrontBoard)[47602] <Debug>: [FBSceneManager] PENDING:   <BSEventQueueEvent: 0x281c38960; sceneUpdatePrepared-sceneID:dev.selfhost.firstActivationProbe-default(2)> @ back
Aug 27 21:04:31.413920 Runner(CoreFoundation)[50450] <Debug>: found no value for key UseMetalTelemetry in CFPrefsSearchListSource<0x2809fcb80> (Domain: com.apple.Metal, Container: (null))
Aug 27 21:04:31.413998 SpringBoard(FrontBoard)[47602] <Debug>: [FBSceneManager] PENDING:   <BSEventQueueEvent: 0x281c39960; applySettings-sceneID:dev.selfhost.firstActivationProbe-default(2)> @ back
Aug 27 21:04:31.414197 SpringBoard(FrontBoard)[47602] <Debug>: Flushing all events for sceneID:dev.selfhost.firstActivationProbe-default
Aug 27 21:04:31.414327 SpringBoard(FrontBoard)[47602] <Debug>: [FBSceneManager] EXECUTING: <BSEventQueueEvent: 0x281c38960; sceneUpdatePrepared-sceneID:dev.selfhost.firstActivationProbe-default(2)>
Aug 27 21:04:31.414419 SpringBoard(FrontBoard)[47602] <Debug>: [FBSceneManager] PENDING:   <BSEventQueueEvent: 0x281c39360; sceneUpdatePrepared-sceneID:dev.selfhost.firstActivationProbe-default(2)> @ front
Aug 27 21:04:31.414572 SpringBoard(FrontBoard)[47602] <Debug>: [FBSceneManager] EXECUTING: <BSEventQueueEvent: 0x281c39360; sceneUpdatePrepared-sceneID:dev.selfhost.firstActivationProbe-default(2)>
Aug 27 21:04:31.414842 SpringBoard(FrontBoard)[47602] <Debug>: [FBSceneManager] EXECUTING: <BSEventQueueEvent: 0x281c39960; applySettings-sceneID:dev.selfhost.firstActivationProbe-default(2)>
Aug 27 21:04:31.414942 SpringBoard(FrontBoard)[47602] <Debug>: [FBSceneManager] PENDING:   <BSEventQueueEvent: 0x281c50000; sceneUpdateApplied-sceneID:dev.selfhost.firstActivationProbe-default(2)> @ back
Aug 27 21:04:31.415115 SpringBoard(FrontBoard)[47602] <Debug>: [FBSceneManager] PENDING:   <BSEventQueueEvent: 0x281c39360; sceneMutationCompletion-sceneID:dev.selfhost.firstActivationProbe-default(2)> @ back
Aug 27 21:04:31.415218 SpringBoard(FrontBoard)[47602] <Debug>: [FBSceneManager] EXECUTING: <BSEventQueueEvent: 0x281c50000; sceneUpdateApplied-sceneID:dev.selfhost.firstActivationProbe-default(2)>
Aug 27 21:04:31.415378 SpringBoard(FrontBoard)[47602] <Debug>: [FBSceneManager] PENDING:   <BSEventQueueEvent: 0x281c39c80; sceneUpdateApplied-sceneID:dev.selfhost.firstActivationProbe-default(2)> @ front
Aug 27 21:04:31.415478 SpringBoard(FrontBoard)[47602] <Debug>: [FBSceneManager] EXECUTING: <BSEventQueueEvent: 0x281c39c80; sceneUpdateApplied-sceneID:dev.selfhost.firstActivationProbe-default(2)>
Aug 27 21:04:31.415930 SpringBoard(FrontBoard)[47602] <Debug>: [FBSceneManager] EXECUTING: <BSEventQueueEvent: 0x281c39360; sceneMutationCompletion-sceneID:dev.selfhost.firstActivationProbe-default(2)>
Aug 27 21:04:31.416006 SpringBoard(FrontBoard)[47602] <Debug>: ---------- END SCENE MUTATION: sceneID:dev.selfhost.firstActivationProbe-default
Aug 27 21:04:31.416087 SpringBoard(FrontBoard)[47602] <Info>: [sceneID:dev.selfhost.firstActivationProbe-default] Sending scene action [Forward Event][0xc9fe] to process 0x114bd7b20 (watchdog: none)
            SceneID: sceneID:dev.selfhost.firstActivationProbe-default
Aug 27 21:04:31.418684 SpringBoard(CoreMotion)[47602] <Debug>: Ping timer fired, resetting watchdog
Aug 27 21:04:31.423322 SpringBoard(FrontBoard)[47602] <Info>: [sceneID:dev.selfhost.firstActivationProbe-default] didUpdateClientSettingsWithDiff: <private>
Aug 27 21:04:31.423467 SpringBoard(FrontBoard)[47602] <Debug>: [FBSceneManager] PENDING:   <BSEventQueueEvent: 0x281c36660; handleDidUpdateClientSettings-sceneID:dev.selfhost.firstActivationProbe-default(2)> @ back
Aug 27 21:04:31.423750 SpringBoard(FrontBoard)[47602] <Debug>: [FBSceneManager] EXECUTING: <BSEventQueueEvent: 0x281c36660; handleDidUpdateClientSettings-sceneID:dev.selfhost.firstActivationProbe-default(2)>
Aug 27 21:04:31.424219 SpringBoard(FrontBoard)[47602] <Debug>: [FBSceneManager] PENDING:   <BSEventQueueEvent: 0x281daba40; didUpdateClientSettings-sceneID:dev.selfhost.firstActivationProbe-default(2)> @ back
Aug 27 21:04:31.424447 SpringBoard(FrontBoard)[47602] <Debug>: [FBSceneManager] PENDING:   <BSEventQueueEvent: 0x281daa620; didUpdateClientSettingsCompletion-sceneID:dev.selfhost.firstActivationProbe-default(2)> @ back
Aug 27 21:04:31.425192 SpringBoard(FrontBoard)[47602] <Debug>: [FBSceneManager] EXECUTING: <BSEventQueueEvent: 0x281daba40; didUpdateClientSettings-sceneID:dev.selfhost.firstActivationProbe-default(2)>
Aug 27 21:04:31.425360 SpringBoard(FrontBoard)[47602] <Debug>: [FBSceneManager] PENDING:   <BSEventQueueEvent: 0x281dbcb20; didUpdateClientSettings-sceneID:dev.selfhost.firstActivationProbe-default(2)> @ front
Aug 27 21:04:31.425481 SpringBoard(FrontBoard)[47602] <Debug>: [FBSceneManager] EXECUTING: <BSEventQueueEvent: 0x281dbcb20; didUpdateClientSettings-sceneID:dev.selfhost.firstActivationProbe-default(2)>
Aug 27 21:04:31.426310 Runner(CoreFoundation)[50450] <Debug>: Resource lookup at <private>
Aug 27 21:04:31.426474 Runner(CoreFoundation)[50450] <Debug>: found no value for key MetalForceCaptureEnabled in CFPrefsSearchListSource<0x2809f2f80> (Domain: dev.selfhost.firstActivationProbe, Container: (null))
Aug 27 21:04:31.426580 Runner(CoreFoundation)[50450] <Debug>: found no value for key VertexInstanceBoundsCheckMode in CFPrefsSearchListSource<0x2809fcb80> (Domain: com.apple.Metal, Container: (null))
Aug 27 21:04:31.426648 Runner(CoreFoundation)[50450] <Debug>: found no value for key DisableDriverSuballocation in CFPrefsSearchListSource<0x2809fcb80> (Domain: com.apple.Metal, Container: (null))
Aug 27 21:04:31.426716 Runner(CoreFoundation)[50450] <Debug>: found no value for key CPUMappingForPrivateTexturesMode in CFPrefsSearchListSource<0x2809fcb80> (Domain: com.apple.Metal, Container: (null))
Aug 27 21:04:31.426795 Runner(CoreFoundation)[50450] <Debug>: found no value for key IOSurfaceCompressedWriteValidation in CFPrefsSearchListSource<0x2809fcb80> (Domain: com.apple.Metal, Container: (null))
Aug 27 21:04:31.427187 SpringBoard(FrontBoard)[47602] <Debug>: [FBSceneManager] EXECUTING: <BSEventQueueEvent: 0x281daa620; didUpdateClientSettingsCompletion-sceneID:dev.selfhost.firstActivationProbe-default(2)>
Aug 27 21:04:31.427693 SpringBoard(FrontBoard)[47602] <Info>: [sceneID:dev.selfhost.firstActivationProbe-default] didUpdateClientSettingsWithDiff: <private>
Aug 27 21:04:31.427811 SpringBoard(FrontBoard)[47602] <Debug>: [FBSceneManager] PENDING:   <BSEventQueueEvent: 0x281c36a80; handleDidUpdateClientSettings-sceneID:dev.selfhost.firstActivationProbe-default(2)> @ back
Aug 27 21:04:31.427944 SpringBoard(FrontBoard)[47602] <Debug>: [FBSceneManager] EXECUTING: <BSEventQueueEvent: 0x281c36a80; handleDidUpdateClientSettings-sceneID:dev.selfhost.firstActivationProbe-default(2)>
Aug 27 21:04:31.428323 SpringBoard(FrontBoard)[47602] <Debug>: [FBSceneManager] PENDING:   <BSEventQueueEvent: 0x281db89c0; didUpdateClientSettings-sceneID:dev.selfhost.firstActivationProbe-default(2)> @ back
Aug 27 21:04:31.428414 SpringBoard(FrontBoard)[47602] <Debug>: [FBSceneManager] PENDING:   <BSEventQueueEvent: 0x281c37640; didUpdateClientSettingsCompletion-sceneID:dev.selfhost.firstActivationProbe-default(2)> @ back
Aug 27 21:04:31.428887 SpringBoard(FrontBoard)[47602] <Debug>: [FBSceneManager] EXECUTING: <BSEventQueueEvent: 0x281db89c0; didUpdateClientSettings-sceneID:dev.selfhost.firstActivationProbe-default(2)>
Aug 27 21:04:31.429056 SpringBoard(FrontBoard)[47602] <Debug>: [FBSceneManager] PENDING:   <BSEventQueueEvent: 0x281db8340; didUpdateClientSettings-sceneID:dev.selfhost.firstActivationProbe-default(2)> @ front
Aug 27 21:04:31.429190 SpringBoard(FrontBoard)[47602] <Debug>: [FBSceneManager] EXECUTING: <BSEventQueueEvent: 0x281db8340; didUpdateClientSettings-sceneID:dev.selfhost.firstActivationProbe-default(2)>
Aug 27 21:04:31.429604 Runner(CoreFoundation)[50450] <Debug>: Language lookup at <private>
Aug 27 21:04:31.429745 Runner(CoreFoundation)[50450] <Debug>: Resource lookup at <private>
Aug 27 21:04:31.429872 Runner(CoreFoundation)[50450] <Debug>: Resource lookup at <private>
Aug 27 21:04:31.430001 Runner(CoreFoundation)[50450] <Debug>: Resource lookup at <private>
Aug 27 21:04:31.430136 Runner(CoreFoundation)[50450] <Debug>: Resource lookup at <private>
Aug 27 21:04:31.430251 Runner(CoreFoundation)[50450] <Debug>: Resource lookup at <private>
Aug 27 21:04:31.430399 SpringBoard(FrontBoard)[47602] <Debug>: [FBSceneManager] EXECUTING: <BSEventQueueEvent: 0x281c37640; didUpdateClientSettingsCompletion-sceneID:dev.selfhost.firstActivationProbe-default(2)>
Aug 27 21:04:31.431524 Runner(CoreFoundation)[50450] <Debug>: Resource lookup at <private>
Aug 27 21:04:31.431692 Runner(CoreFoundation)[50450] <Debug>: Resource lookup at <private>
Aug 27 21:04:31.431854 Runner(CoreFoundation)[50450] <Debug>: Resource lookup at <private>
Aug 27 21:04:31.432042 Runner(CoreFoundation)[50450] <Debug>: Resource lookup at <private>
Aug 27 21:04:31.432220 Runner(CoreFoundation)[50450] <Debug>: Resource lookup at <private>
Aug 27 21:04:31.432332 Runner(CoreFoundation)[50450] <Debug>: Resource lookup at <private>
Aug 27 21:04:31.432463 Runner(CoreFoundation)[50450] <Debug>: Resource lookup at <private>
Aug 27 21:04:31.432589 runningboardd(RunningBoard)[33] <Notice>: Assertion 33-50450-7467 (target:[application<dev.selfhost.firstActivationProbe>:50450]) will be created as inactive as start-time-defining assertions exist
Aug 27 21:04:31.433167 runningboardd(RunningBoard)[33] <Debug>: Removing events for context: 33-47602-7464 (target:application<dev.selfhost.firstActivationProbe>)
Aug 27 21:04:31.434094 runningboardd(RunningBoard)[33] <Debug>: Sending state 0x101035ef0 for application<dev.selfhost.firstActivationProbe> to [daemon<com.apple.symptomsd>:170]
Aug 27 21:04:31.434429 runningboardd(RunningBoard)[33] <Debug>: Adding assertion 33-47602-7466 (target:[application<dev.selfhost.firstActivationProbe>:50450])
Aug 27 21:04:31.434957 runningboardd(RunningBoard)[33] <Info>: application<dev.selfhost.firstActivationProbe> is now targeted by 3 assertions
Aug 27 21:04:31.436217 mediaserverd(RunningBoardServices)[36] <Notice>: Hit the server for a process handle 1c22c04a0000c512 that resolved to: [application<dev.selfhost.firstActivationProbe>:50450]
Aug 27 21:04:31.436605 mediaserverd(RunningBoardServices)[36] <Info>: Update delivered for [application<dev.selfhost.firstActivationProbe>:50450] with taskState 4
Aug 27 21:04:31.436941 mediaserverd(MediaExperience)[36] <Notice>: -CMSessionMgr- CMSessionMgrHandleApplicationStateChange: Client dev.selfhost.firstActivationProbe with pid '50450' is now Foreground Running. Background entitlement: NO ActiveLongFormVideoSession: NO WhitelistedLongFormVideoApp NO
Aug 27 21:04:31.437075 mediaserverd(MediaExperience)[36] <Notice>: -CMSessionMgr- CMSessionMgrHandleApplicationStateChange: Sending EndInterruption to dev.selfhost.firstActivationProbe with pid '50450' because client moved to ForegroundRunning and is not allowed to play in the background
Aug 27 21:04:31.437311 runningboardd(RunningBoard)[33] <Info>: Finished acquiring assertion 33-47602-7466 (target:[application<dev.selfhost.firstActivationProbe>:50450])
Aug 27 21:04:31.437419 runningboardd(RunningBoard)[33] <Debug>: Adding assertion 33-50450-7467 (target:[application<dev.selfhost.firstActivationProbe>:50450])
Aug 27 21:04:31.437705 runningboardd(RunningBoard)[33] <Info>: application<dev.selfhost.firstActivationProbe> is now targeted by 4 assertions
Aug 27 21:04:31.437865 kernel(Sandbox)[0] <Error>: Sandbox: Runner(50450) deny(1) sysctl-read kern.iossupportversion
Aug 27 21:04:31.437980 runningboardd(RunningBoard)[33] <Info>: Finished acquiring assertion 33-50450-7467 (target:[application<dev.selfhost.firstActivationProbe>:50450])
Aug 27 21:04:31.438279 runningboardd(RunningBoard)[33] <Notice>: [application<dev.selfhost.firstActivationProbe>:50450] reported to RB as running
Aug 27 21:04:31.438740 runningboardd(RunningBoard)[33] <Debug>: Incrementing suppression state to 2 for application<dev.selfhost.firstActivationProbe>
Aug 27 21:04:31.439095 runningboardd(RunningBoard)[33] <Debug>: Enqueueing events for assertion: 33-47602-7464 (target:application<dev.selfhost.firstActivationProbe>)
Aug 27 21:04:31.439268 runningboardd(RunningBoard)[33] <Debug>: Decrementing suppression state to 1 for application<dev.selfhost.firstActivationProbe>
Aug 27 21:04:31.439445 runningboardd(RunningBoard)[33] <Debug>: Updating events for assertion: 33-33-7465 (target:[application<dev.selfhost.firstActivationProbe>:50450])
Aug 27 21:04:31.439588 runningboardd(RunningBoard)[33] <Debug>: Removing events for context: 33-33-7465 (target:[application<dev.selfhost.firstActivationProbe>:50450])
Aug 27 21:04:31.440028 Runner(CoreFoundation)[50450] <Debug>: Resource lookup at <private>
Aug 27 21:04:31.441964 Runner(CoreFoundation)[50450] <Debug>: Resource lookup at <private>
Aug 27 21:04:31.442135 Runner(CoreFoundation)[50450] <Debug>: Resource lookup at <private>
Aug 27 21:04:31.442297 Runner(CoreFoundation)[50450] <Debug>: Resource lookup at <private>
Aug 27 21:04:31.442491 Runner(CoreFoundation)[50450] <Debug>: found no value for key UIViewLayoutFeedbackLoopDebuggingThreshold in CFPrefsSearchListSource<0x2809f2f80> (Domain: dev.selfhost.firstActivationProbe, Container: (null))
Aug 27 21:04:31.442664 Runner(CoreFoundation)[50450] <Debug>: found no value for key UIViewUseStaleDelegateContentInsets in CFPrefsSearchListSource<0x2809f2f80> (Domain: dev.selfhost.firstActivationProbe, Container: (null))
Aug 27 21:04:31.442794 Runner(CoreFoundation)[50450] <Debug>: found no value for key _UIConstraintBasedLayoutEngageNonLazily in CFPrefsSearchListSource<0x2809f2f80> (Domain: dev.selfhost.firstActivationProbe, Container: (null))
Aug 27 21:04:31.442943 kernel(Sandbox)[0] <Error>: Sandbox: Runner(50450) deny(1) sysctl-read machdep.cpu.brand_string
Aug 27 21:04:31.443150 Runner(CoreFoundation)[50450] <Debug>: Resource lookup at <private>
Aug 27 21:04:31.443271 Runner(CoreFoundation)[50450] <Debug>: Resource lookup at <private>
Aug 27 21:04:31.443416 Runner(CoreFoundation)[50450] <Debug>: setting new value <private> for key <private> in CFPrefsSource<0x2832f1380> (Domain: Volatile, User: , ByHost: No, Container: , Contents Need Refresh: No)
Aug 27 21:04:31.443575 Runner(CoreFoundation)[50450] <Debug>: looked up value <private> for key METAL_ERROR_MODE in CFPrefsSource<0x2832f1380> (Domain: Volatile, User: , ByHost: No, Container: , Contents Need Refresh: No) via CFPrefsSearchListSource<0x2809f2f80> (Domain: dev.selfhost.firstActivationProbe, Container: (null))
Aug 27 21:04:31.443720 Runner(CoreFoundation)[50450] <Debug>: setting new value <private> for key <private> in CFPrefsSource<0x2832f1380> (Domain: Volatile, User: , ByHost: No, Container: , Contents Need Refresh: No)
Aug 27 21:04:31.443848 Runner(CoreFoundation)[50450] <Debug>: looked up value <private> for key METAL_DEBUG_ERROR_MODE in CFPrefsSource<0x2832f1380> (Domain: Volatile, User: , ByHost: No, Container: , Contents Need Refresh: No) via CFPrefsSearchListSource<0x2809f2f80> (Domain: dev.selfhost.firstActivationProbe, Container: (null))
Aug 27 21:04:31.443978 Runner(CoreFoundation)[50450] <Debug>: setting new value <private> for key <private> in CFPrefsSource<0x2832f1380> (Domain: Volatile, User: , ByHost: No, Container: , Contents Need Refresh: No)
Aug 27 21:04:31.445230 Runner(CoreFoundation)[50450] <Debug>: looked up value <private> for key METAL_WARNING_MODE in CFPrefsSource<0x2832f1380> (Domain: Volatile, User: , ByHost: No, Container: , Contents Need Refresh: No) via CFPrefsSearchListSource<0x2809f2f80> (Domain: dev.selfhost.firstActivationProbe, Container: (null))
Aug 27 21:04:31.445378 Runner(CoreFoundation)[50450] <Debug>: setting new value <private> for key <private> in CFPrefsSource<0x2832f1380> (Domain: Volatile, User: , ByHost: No, Container: , Contents Need Refresh: No)
Aug 27 21:04:31.445536 Runner(CoreFoundation)[50450] <Debug>: looked up value <private> for key METAL_ERROR_CHECK_EXTENDED_MODE in CFPrefsSource<0x2832f1380> (Domain: Volatile, User: , ByHost: No, Container: , Contents Need Refresh: No) via CFPrefsSearchListSource<0x2809f2f80> (Domain: dev.selfhost.firstActivationProbe, Container: (null))
Aug 27 21:04:31.445678 Runner(CoreFoundation)[50450] <Debug>: found no value for key dataBufferCachingOverride in CFPrefsSearchListSource<0x2809fcb80> (Domain: com.apple.Metal, Container: (null))
Aug 27 21:04:31.445844 Runner(CoreFoundation)[50450] <Debug>: found no value for key disableBlitEncoderCoalescing in CFPrefsPlistSource<0x2809fca80> (Domain: com.apple.Metal, User: kCFPreferencesCurrentUser, ByHost: No, Container: (null), Contents Need Refresh: No)
Aug 27 21:04:31.445942 Runner(CoreFoundation)[50450] <Debug>: found no value for key disableEncoderCoalescing in CFPrefsPlistSource<0x2809fca80> (Domain: com.apple.Metal, User: kCFPreferencesCurrentUser, ByHost: No, Container: (null), Contents Need Refresh: No)
Aug 27 21:04:31.446048 Runner(Flutter)[50450] <Notice>: [shorebird] Sending patch check request: PatchCheckRequest { app_id: "235a9d93-ef97-6372-d78a-ce88f798a726", channel: "stable", release_version: "1.3.0+1", platform: "ios", arch: "aarch64", client_id: "eb65ad4b-0c7a-4c80-8d71-7e98c91af47a", current_patch_number: Some(2) }
Aug 27 21:04:31.446128 Runner(CoreFoundation)[50450] <Debug>: Resource lookup at <private>
Aug 27 21:04:31.446439 mediaserverd(RunningBoardServices)[36] <Info>: Update delivered for [application<dev.selfhost.firstActivationProbe>:50450] with taskState 4
Aug 27 21:04:31.448126 Runner(CoreFoundation)[50450] <Debug>: Resource lookup at <private>
Aug 27 21:04:31.448271 Runner(CoreFoundation)[50450] <Debug>: looked up value <private> for key AppleLanguages in CFPrefsPlistSource<0x2809f4b00> (Domain: kCFPreferencesAnyApplication, User: kCFPreferencesCurrentUser, ByHost: No, Container: (null), Contents Need Refresh: No) via CFPrefsSearchListSource<0x2809f2f80> (Domain: dev.selfhost.firstActivationProbe, Container: (null))
Aug 27 21:04:31.448354 Runner(CoreFoundation)[50450] <Debug>: Resource lookup at <private>
Aug 27 21:04:31.448445 Runner(CoreFoundation)[50450] <Debug>: Resource lookup at <private>
Aug 27 21:04:31.448572 Runner(CoreFoundation)[50450] <Debug>: Resource lookup at <private>
Aug 27 21:04:31.448691 Runner(CoreFoundation)[50450] <Debug>: Resource lookup at <private>
Aug 27 21:04:31.448829 Runner(CoreFoundation)[50450] <Debug>: Resource lookup at <private>
Aug 27 21:04:31.448997 runningboardd(RunningBoard)[33] <Debug>: Enqueueing events for assertion: 33-33-7465 (target:[application<dev.selfhost.firstActivationProbe>:50450])
Aug 27 21:04:31.449120 runningboardd(RunningBoard)[33] <Debug>: Updating events for assertion: 33-47602-7466 (target:[application<dev.selfhost.firstActivationProbe>:50450])
Aug 27 21:04:31.449190 runningboardd(RunningBoard)[33] <Debug>: Removing events for context: 33-47602-7466 (target:[application<dev.selfhost.firstActivationProbe>:50450])
Aug 27 21:04:31.449356 runningboardd(RunningBoard)[33] <Debug>: Updating events for assertion: 33-50450-7467 (target:[application<dev.selfhost.firstActivationProbe>:50450])
Aug 27 21:04:31.449449 runningboardd(RunningBoard)[33] <Debug>: Removing events for context: 33-50450-7467 (target:[application<dev.selfhost.firstActivationProbe>:50450])
Aug 27 21:04:31.449521 runningboardd(RunningBoard)[33] <Debug>: Sending state 0x101035ef0 for application<dev.selfhost.firstActivationProbe> to [daemon<com.apple.UserEventAgent-System>:30]
Aug 27 21:04:31.449876 Runner(CoreFoundation)[50450] <Debug>: Resource lookup at <private>
Aug 27 21:04:31.450036 Runner(CoreFoundation)[50450] <Debug>: Resource lookup at <private>
	Result        : file:///private/var/containers/Bundle/Application/1EC21BA9-82AA-4B85-B2FC-10B206BC5C35/Runner.app/Base.lproj/LaunchScreen.storyboardc/
Aug 27 21:04:31.451677 Runner(CoreFoundation)[50450] <Debug>: Resource lookup at <private>
	Result        : file:///private/var/containers/Bundle/Application/1EC21BA9-82AA-4B85-B2FC-10B206BC5C35/Runner.app/Base.lproj/LaunchScreen.storyboardc/
Aug 27 21:04:31.452014 Runner(CoreFoundation)[50450] <Debug>: Resource lookup at <private>
	Result        : file:///private/var/containers/Bundle/Application/1EC21BA9-82AA-4B85-B2FC-10B206BC5C35/Runner.app/Base.lproj/LaunchScreen.storyboardc/UIViewController-01J-lp-oVM.nib
Aug 27 21:04:31.452199 Runner(CoreFoundation)[50450] <Debug>: Resource lookup at <private>
	Result        : file:///private/var/containers/Bundle/Application/1EC21BA9-82AA-4B85-B2FC-10B206BC5C35/Runner.app/Base.lproj/LaunchScreen.storyboardc/01J-lp-oVM-view-Ze5-6b-2t3.nib
Aug 27 21:04:31.452360 Runner(CoreFoundation)[50450] <Debug>: Resource lookup at <private>
	Result        : file:///private/var/containers/Bundle/Application/1EC21BA9-82AA-4B85-B2FC-10B206BC5C35/Runner.app/Base.lproj/LaunchScreen.storyboardc/
Aug 27 21:04:31.452539 Runner(CoreFoundation)[50450] <Debug>: Resource lookup at <private>
	Result        : file:///private/var/containers/Bundle/Application/1EC21BA9-82AA-4B85-B2FC-10B206BC5C35/Runner.app/Base.lproj/LaunchScreen.storyboardc/01J-lp-oVM-view-Ze5-6b-2t3.nib
Aug 27 21:04:31.452674 Runner(CoreFoundation)[50450] <Debug>: found no value for key _UIConstraintBasedLayout in CFPrefsSearchListSource<0x2809f2f80> (Domain: dev.selfhost.firstActivationProbe, Container: (null))
Aug 27 21:04:31.452786 runningboardd(RunningBoard)[33] <Debug>: [daemon<com.apple.CommCenter>:90] query resolved to [application<dev.selfhost.firstActivationProbe>:50450]
Aug 27 21:04:31.454018 Runner(CoreFoundation)[50450] <Debug>: Resource lookup at <private>
	Result        : file:///private/var/containers/Bundle/Application/1EC21BA9-82AA-4B85-B2FC-10B206BC5C35/Runner.app/Assets.car
Aug 27 21:04:31.454224 Runner(CoreFoundation)[50450] <Debug>: found no value for key CUIShowDebugLogs in CFPrefsSearchListSource<0x2809f2f80> (Domain: dev.selfhost.firstActivationProbe, Container: (null))
Aug 27 21:04:31.454384 Runner(CoreFoundation)[50450] <Debug>: found no value for key CGAllowDebuggingDefaults in CFPrefsPlistSource<0x2809f4b00> (Domain: kCFPreferencesAnyApplication, User: kCFPreferencesCurrentUser, ByHost: No, Container: (null), Contents Need Refresh: No)
Aug 27 21:04:31.454546 Runner(CoreFoundation)[50450] <Debug>: found no value for key NSConstraintBasedLayoutTrackAllocation in CFPrefsSearchListSource<0x2809f2f80> (Domain: dev.selfhost.firstActivationProbe, Container: (null))
Aug 27 21:04:31.454704 Runner(CoreFoundation)[50450] <Debug>: found no value for key UIViewShowAlignmentRects in CFPrefsSearchListSource<0x2809f2f80> (Domain: dev.selfhost.firstActivationProbe, Container: (null))
Aug 27 21:04:31.454834 Runner(CoreFoundation)[50450] <Debug>: found no value for key NSConstraintBasedLayoutAriadneTracepoints in CFPrefsSearchListSource<0x2809f2f80> (Domain: dev.selfhost.firstActivationProbe, Container: (null))
Aug 27 21:04:31.455011 Runner(CoreFoundation)[50450] <Debug>: Resource lookup at <private>
Aug 27 21:04:31.455214 Runner(CoreFoundation)[50450] <Debug>: found no value for key ReduceMotionEnabled in CFPrefsSearchListSource<0x2809f7480> (Domain: com.apple.Accessibility, Container: (null))
Aug 27 21:04:31.455379 Runner(libAccessibility.dylib)[50450] <Debug>: CF Read: domain = com.apple.Accessibility, preference = ReduceMotionEnabled, appID = (null) result = (null) (-1 - empty, 0 - false, 1 - true)
Aug 27 21:04:31.455561 Runner(CoreFoundation)[50450] <Debug>: found no value for key ReduceMotionEnabled in CFPrefsPlistSource<0x2809f7500> (Domain: com.apple.Accessibility, User: kCFPreferencesCurrentUser, ByHost: No, Container: (null), Contents Need Refresh: No)
Aug 27 21:04:31.455719 SpringBoard(FrontBoard)[47602] <Info>: [sceneID:dev.selfhost.firstActivationProbe-default] Client settings updated with diff: <private>
Aug 27 21:04:31.455850 SpringBoard(FrontBoard)[47602] <Info>: [sceneID:dev.selfhost.firstActivationProbe-default] didUpdateClientSettingsWithDiff: <private>
Aug 27 21:04:31.455953 SpringBoard(FrontBoard)[47602] <Debug>: [FBSceneManager] PENDING:   <BSEventQueueEvent: 0x281c36500; handleDidUpdateClientSettings-sceneID:dev.selfhost.firstActivationProbe-default(2)> @ back
Aug 27 21:04:31.456023 SpringBoard(FrontBoard)[47602] <Debug>: [FBSceneManager] EXECUTING: <BSEventQueueEvent: 0x281c36500; handleDidUpdateClientSettings-sceneID:dev.selfhost.firstActivationProbe-default(2)>
Aug 27 21:04:31.456226 SpringBoard(FrontBoard)[47602] <Debug>: [FBSceneManager] PENDING:   <BSEventQueueEvent: 0x281de71a0; didUpdateClientSettings-sceneID:dev.selfhost.firstActivationProbe-default(2)> @ back
Aug 27 21:04:31.456294 SpringBoard(FrontBoard)[47602] <Debug>: [FBSceneManager] PENDING:   <BSEventQueueEvent: 0x281de79c0; didUpdateClientSettingsCompletion-sceneID:dev.selfhost.firstActivationProbe-default(2)> @ back
Aug 27 21:04:31.456633 SpringBoard(FrontBoard)[47602] <Debug>: [FBSceneManager] EXECUTING: <BSEventQueueEvent: 0x281de71a0; didUpdateClientSettings-sceneID:dev.selfhost.firstActivationProbe-default(2)>
Aug 27 21:04:31.456702 SpringBoard(FrontBoard)[47602] <Debug>: [FBSceneManager] PENDING:   <BSEventQueueEvent: 0x281de77a0; didUpdateClientSettings-sceneID:dev.selfhost.firstActivationProbe-default(2)> @ front
Aug 27 21:04:31.456769 SpringBoard(FrontBoard)[47602] <Debug>: [FBSceneManager] EXECUTING: <BSEventQueueEvent: 0x281de77a0; didUpdateClientSettings-sceneID:dev.selfhost.firstActivationProbe-default(2)>
Aug 27 21:04:31.457066 SpringBoard(FrontBoard)[47602] <Debug>: [FBSceneManager] EXECUTING: <BSEventQueueEvent: 0x281de79c0; didUpdateClientSettingsCompletion-sceneID:dev.selfhost.firstActivationProbe-default(2)>
Aug 27 21:04:31.457716 SpringBoard(FrontBoard)[47602] <Info>: [sceneID:dev.selfhost.firstActivationProbe-default] Client settings updated with diff: <private>
Aug 27 21:04:31.458006 SpringBoard(FrontBoard)[47602] <Info>: [sceneID:dev.selfhost.firstActivationProbe-default] didUpdateClientSettingsWithDiff: <private>
Aug 27 21:04:31.458148 SpringBoard(FrontBoard)[47602] <Debug>: [FBSceneManager] PENDING:   <BSEventQueueEvent: 0x281de1da0; handleDidUpdateClientSettings-sceneID:dev.selfhost.firstActivationProbe-default(2)> @ back
Aug 27 21:04:31.458316 SpringBoard(FrontBoard)[47602] <Debug>: [FBSceneManager] EXECUTING: <BSEventQueueEvent: 0x281de1da0; handleDidUpdateClientSettings-sceneID:dev.selfhost.firstActivationProbe-default(2)>
Aug 27 21:04:31.458691 SpringBoard(FrontBoard)[47602] <Debug>: [FBSceneManager] PENDING:   <BSEventQueueEvent: 0x281de19e0; didUpdateClientSettings-sceneID:dev.selfhost.firstActivationProbe-default(2)> @ back
Aug 27 21:04:31.458831 SpringBoard(FrontBoard)[47602] <Debug>: [FBSceneManager] PENDING:   <BSEventQueueEvent: 0x281de2b40; didUpdateClientSettingsCompletion-sceneID:dev.selfhost.firstActivationProbe-default(2)> @ back
Aug 27 21:04:31.459354 Runner(CoreFoundation)[50450] <Debug>: Resource lookup at <private>
Aug 27 21:04:31.459535 Runner(CoreFoundation)[50450] <Debug>: Resource lookup at <private>
Aug 27 21:04:31.459662 Runner(CoreFoundation)[50450] <Debug>: Resource lookup at <private>
Aug 27 21:04:31.459882 Runner(CoreFoundation)[50450] <Debug>: Resource lookup at <private>
Aug 27 21:04:31.460073 Runner(CoreFoundation)[50450] <Debug>: found no value for key UIScrollViewForceConvertSafeAreaToContentInsetPreference in CFPrefsSearchListSource<0x2809f2f80> (Domain: dev.selfhost.firstActivationProbe, Container: (null))
Aug 27 21:04:31.460254 Runner(CoreFoundation)[50450] <Debug>: found no value for key UIBarsApplyChromelessEverywhere in CFPrefsSearchListSource<0x2809f2f80> (Domain: dev.selfhost.firstActivationProbe, Container: (null))
Aug 27 21:04:31.460394 SpringBoard(FrontBoard)[47602] <Debug>: [FBSceneManager] EXECUTING: <BSEventQueueEvent: 0x281de19e0; didUpdateClientSettings-sceneID:dev.selfhost.firstActivationProbe-default(2)>
Aug 27 21:04:31.460523 SpringBoard(FrontBoard)[47602] <Debug>: [FBSceneManager] PENDING:   <BSEventQueueEvent: 0x281c37500; didUpdateClientSettings-sceneID:dev.selfhost.firstActivationProbe-default(2)> @ front
Aug 27 21:04:31.460644 SpringBoard(FrontBoard)[47602] <Debug>: [FBSceneManager] EXECUTING: <BSEventQueueEvent: 0x281c37500; didUpdateClientSettings-sceneID:dev.selfhost.firstActivationProbe-default(2)>
Aug 27 21:04:31.461088 SpringBoard(FrontBoard)[47602] <Debug>: [FBSceneManager] EXECUTING: <BSEventQueueEvent: 0x281de2b40; didUpdateClientSettingsCompletion-sceneID:dev.selfhost.firstActivationProbe-default(2)>
Aug 27 21:04:31.462592 runningboardd(RunningBoard)[33] <Debug>: Decrementing suppression state to 0 for application<dev.selfhost.firstActivationProbe>
Aug 27 21:04:31.462898 runningboardd(RunningBoard)[33] <Debug>: END suppressing state updates for application<dev.selfhost.firstActivationProbe>
Aug 27 21:04:31.464315 SpringBoard(RunningBoardServices)[47602] <Info>: Update delivered for [application<dev.selfhost.firstActivationProbe>:50450] with taskState 4
Aug 27 21:04:31.498775 Runner(CoreFoundation)[50450] <Debug>: looked up value <private> for key AppleLanguages in CFPrefsPlistSource<0x2809f4b00> (Domain: kCFPreferencesAnyApplication, User: kCFPreferencesCurrentUser, ByHost: No, Container: (null), Contents Need Refresh: No) via CFPrefsSearchListSource<0x2809f2f80> (Domain: dev.selfhost.firstActivationProbe, Container: (null))
Aug 27 21:04:31.498868 Runner(Flutter)[50450] <Notice>: [ERROR:flutter/shell/common/shorebird/shorebird.cc(210)] ROUTEB: hook entered
Aug 27 21:04:31.498950 Runner(Flutter)[50450] <Notice>: [ERROR:flutter/shell/common/shorebird/shorebird.cc(210)] ROUTEB: parsed, targets=1, built-for=1db897c72e9c358db599a2d62fbb2a68
Aug 27 21:04:31.499023 Runner(Flutter)[50450] <Notice>: [ERROR:flutter/shell/common/shorebird/shorebird.cc(210)] ROUTEB: running=1db897c72e9c358db599a2d62fbb2a68
Aug 27 21:04:31.499168 Runner(Flutter)[50450] <Notice>: [ERROR:flutter/shell/common/shorebird/shorebird.cc(210)] ROUTEB: assert-pool-offset supplied=0xd4a8
Aug 27 21:04:31.499270 Runner(Flutter)[50450] <Notice>: ROUTEB: activated activationState in package:first_activation_probe/main.dart before main
Aug 27 21:04:31.507343 SpringBoard(SpringBoardServices)[47602] <Debug>: [SBMig] Runner:50450 calling _SBXXDeactivateReachability (msgID 100052) --> implemented by SpringBoard.
Aug 27 21:04:31.509701 Runner(Flutter)[50450] <Notice>: [ERROR:flutter/shell/common/shorebird/shorebird.cc(210)] ROUTEB: applied 1/1 targets, entering main
Aug 27 21:04:31.509902 Runner(CoreFoundation)[50450] <Debug>: found no value for key UseSingleSystemColor in CFPrefsSearchListSource<0x2809f7480> (Domain: com.apple.Accessibility, Container: (null))
Aug 27 21:04:31.510013 Runner(libAccessibility.dylib)[50450] <Debug>: CF Read: domain = com.apple.Accessibility, preference = UseSingleSystemColor, appID = (null) result = (null) (-1 - empty, 0 - false, 1 - true)
Aug 27 21:04:31.510195 Runner(CoreFoundation)[50450] <Debug>: found no value for key UseSingleSystemColor in CFPrefsPlistSource<0x2809f7500> (Domain: com.apple.Accessibility, User: kCFPreferencesCurrentUser, ByHost: No, Container: (null), Contents Need Refresh: No)
Aug 27 21:04:31.510480 Runner(CoreFoundation)[50450] <Debug>: found no value for key UIViewLocalizeOverrideLayoutEngine in CFPrefsSearchListSource<0x2809f2f80> (Domain: dev.selfhost.firstActivationProbe, Container: (null))
Aug 27 21:04:31.519114 Runner(CoreFoundation)[50450] <Debug>: found no value for key NSPreTigerAttributedStringHash in CFPrefsSearchListSource<0x2809f2f80> (Domain: dev.selfhost.firstActivationProbe, Container: (null))
Aug 27 21:04:31.519300 Runner(CoreFoundation)[50450] <Debug>: looked up value <private> for key AppleLanguages in CFPrefsPlistSource<0x2809f4b00> (Domain: kCFPreferencesAnyApplication, User: kCFPreferencesCurrentUser, ByHost: No, Container: (null), Contents Need Refresh: No) via CFPrefsSearchListSource<0x2809f2f80> (Domain: dev.selfhost.firstActivationProbe, Container: (null))
Aug 27 21:04:31.519385 Runner(CoreFoundation)[50450] <Debug>: looked up value <private> for key AppleLanguages in CFPrefsPlistSource<0x2809f4b00> (Domain: kCFPreferencesAnyApplication, User: kCFPreferencesCurrentUser, ByHost: No, Container: (null), Contents Need Refresh: No) via CFPrefsSearchListSource<0x2809f2f80> (Domain: dev.selfhost.firstActivationProbe, Container: (null))
Aug 27 21:04:31.519456 Runner(CoreFoundation)[50450] <Debug>: Resource lookup at <private>
Aug 27 21:04:31.519780 Runner(CoreFoundation)[50450] <Debug>: found no value for key NSConstraintBasedLayoutDebug in CFPrefsSearchListSource<0x2809f2f80> (Domain: dev.selfhost.firstActivationProbe, Container: (null))
Aug 27 21:04:31.519904 Runner(CoreFoundation)[50450] <Debug>: found no value for key NSConstraintBasedLayoutAllowUnoptimizedReads in CFPrefsSearchListSource<0x2809f2f80> (Domain: dev.selfhost.firstActivationProbe, Container: (null))
Aug 27 21:04:31.526005 SpringBoard(FrontBoard)[47602] <Info>: [sceneID:dev.selfhost.firstActivationProbe-default] Client settings updated with diff: <private>
Aug 27 21:04:31.526192 Runner(CoreFoundation)[50450] <Debug>: found no value for key NSConstraintBasedLayoutDebugEngineConsistency in CFPrefsSearchListSource<0x2809f2f80> (Domain: dev.selfhost.firstActivationProbe, Container: (null))
Aug 27 21:04:31.526363 Runner(CoreFoundation)[50450] <Debug>: found no value for key NSConstraintBasedLayoutVariableChangeTransactions in CFPrefsSearchListSource<0x2809f2f80> (Domain: dev.selfhost.firstActivationProbe, Container: (null))
Aug 27 21:04:31.526529 Runner(CoreFoundation)[50450] <Debug>: found no value for key NSConstraintBasedLayoutDeferOptimization in CFPrefsSearchListSource<0x2809f2f80> (Domain: dev.selfhost.firstActivationProbe, Container: (null))
Aug 27 21:04:31.526651 Runner(CoreFoundation)[50450] <Debug>: found no value for key UIViewControllerDetachedInheritsContentOverlayInsetsFromSuperview in CFPrefsSearchListSource<0x2809f2f80> (Domain: dev.selfhost.firstActivationProbe, Container: (null))
Aug 27 21:04:31.526730 Runner(CoreFoundation)[50450] <Debug>: found no value for key ModernContentOverlayInsetsPropagation in CFPrefsSearchListSource<0x2809f2f80> (Domain: dev.selfhost.firstActivationProbe, Container: (null))
Aug 27 21:04:31.526960 Runner(CoreFoundation)[50450] <Debug>: found no value for key LogStatusBar in CFPrefsSearchListSource<0x2809f4800> (Domain: com.apple.UIKit, Container: (null))
Aug 27 21:04:31.527347 SpringBoard(FrontBoard)[47602] <Info>: [sceneID:dev.selfhost.firstActivationProbe-default] didUpdateClientSettingsWithDiff: <private>
Aug 27 21:04:31.527542 SpringBoard(FrontBoard)[47602] <Info>: [sceneID:dev.selfhost.firstActivationProbe-default] Client settings updated with diff: <private>
Aug 27 21:04:31.527610 SpringBoard(FrontBoard)[47602] <Debug>: [FBSceneManager] PENDING:   <BSEventQueueEvent: 0x281c05540; handleDidUpdateClientSettings-sceneID:dev.selfhost.firstActivationProbe-default(2)> @ back
Aug 27 21:04:31.527678 SpringBoard(FrontBoard)[47602] <Debug>: [FBSceneManager] EXECUTING: <BSEventQueueEvent: 0x281c05540; handleDidUpdateClientSettings-sceneID:dev.selfhost.firstActivationProbe-default(2)>
Aug 27 21:04:31.527904 SpringBoard(FrontBoard)[47602] <Info>: [sceneID:dev.selfhost.firstActivationProbe-default] Client settings updated with diff: <private>
Aug 27 21:04:31.528115 SpringBoard(FrontBoard)[47602] <Debug>: [FBSceneManager] PENDING:   <BSEventQueueEvent: 0x281c06b80; didUpdateClientSettings-sceneID:dev.selfhost.firstActivationProbe-default(2)> @ back
Aug 27 21:04:31.528182 SpringBoard(FrontBoard)[47602] <Debug>: [FBSceneManager] PENDING:   <BSEventQueueEvent: 0x281c04b60; didUpdateClientSettingsCompletion-sceneID:dev.selfhost.firstActivationProbe-default(2)> @ back
Aug 27 21:04:31.528408 SpringBoard(FrontBoard)[47602] <Info>: [sceneID:dev.selfhost.firstActivationProbe-default] Client settings updated with diff: <private>
Aug 27 21:04:31.528887 Runner(UIKitCore)[50450] <Notice>: Key window API is scene-level: YES
Aug 27 21:04:31.529196 backboardd(BackBoardHIDEventFoundation)[65] <Notice>: new deferring rules for pid:50450: [<environment: keyboardFocus; display: builtin; token: com.apple.frontboard.systemappservices::sceneID%3Adev.selfhost.firstActivationProbe-default> -> <pid: 50450; token: 0xD60DFC06> reason: "1-deferDiscrete: UIWindowScene: 0x103d0d530: Begin event deferring in keyboardFocus for window: 0x103c2e230"]
Aug 27 21:04:31.529518 SpringBoard(FrontBoard)[47602] <Debug>: [FBSceneManager] EXECUTING: <BSEventQueueEvent: 0x281c06b80; didUpdateClientSettings-sceneID:dev.selfhost.firstActivationProbe-default(2)>
Aug 27 21:04:31.529631 Runner(UIKitCore)[50450] <Notice>: UIWindowScene: 0x103d0d530: Window became key in scene: UIWindow: 0x103c2e230; contextId: 0xD60DFC06: reason: UIWindowScene: 0x103d0d530: Window requested to become key in scene: 0x103c2e230
Aug 27 21:04:31.529669 Runner(UIKitCore)[50450] <Notice>: Key window needs update: 1; currentKeyWindowScene: 0x0; evaluatedKeyWindowScene: 0x103d0d530; currentApplicationKeyWindow: 0x0; evaluatedApplicationKeyWindow: 0x103c2e230; reason: UIWindowScene: 0x103d0d530: Window requested to become key in scene: 0x103c2e230
Aug 27 21:04:31.529692 Runner(UIKitCore)[50450] <Notice>: Window did become application key: UIWindow: 0x103c2e230; contextId: 0xD60DFC06; scene identity: com.apple.frontboard.systemappservices::sceneID%3Adev.selfhost.firstActivationProbe-default
Aug 27 21:04:31.529711 Runner(UIKitCore)[50450] <Notice>: [0x280cf6920] Begin local event deferring requested for token: 0x2804e5c20; environments: 1; reason: UIWindowScene: 0x103d0d530: Begin event deferring in keyboardFocus for window: 0x103c2e230
Aug 27 21:04:31.529749 Runner(CoreFoundation)[50450] <Debug>: found no value for key LogKeyboardFocus in CFPrefsSearchListSource<0x2809f4800> (Domain: com.apple.UIKit, Container: (null))
Aug 27 21:04:31.550017 runningboardd(RunningBoard)[33] <Debug>: Sending state 0x101035ef0 for application<dev.selfhost.firstActivationProbe> to [daemon<com.apple.wifid>:52]
Aug 27 21:04:31.563265 chronod(ChronoCore)[102] <Notice>: noting foreground launch for dev.selfhost.firstActivationProbe with widget extension; trigger metadata query
Aug 27 21:04:31.597075 SpringBoard(RunningBoardServices)[47602] <Info>: Update skipped for [application<dev.selfhost.firstActivationProbe>:50450] with state: <RBSProcessState| task:running-active debug:none endowments:[
Aug 27 21:04:31.597146 SpringBoard(RunningBoardServices)[47602] <Info>: Update skipped for [application<dev.selfhost.firstActivationProbe>:50450] with state: <RBSProcessState| task:running-active debug:none endowments:[
Aug 27 21:04:31.597422 SpringBoard(RunningBoardServices)[47602] <Info>: Update skipped for [application<dev.selfhost.firstActivationProbe>:50450] with state: <RBSProcessState| task:running-active debug:none endowments:[
Aug 27 21:04:31.597873 UserEventAgent(ADEventListenerPlugin)[30] <Debug>: AppStateChange: <private> (50450) terminated => foregroundRunning
Aug 27 21:04:31.598396 watchdogd(RunningBoardServices)[57] <Debug>: Received message from server: async_observedProcessStatesDidChange:completion:
Aug 27 21:04:31.598442 watchdogd(RunningBoardServices)[57] <Info>: observedProcessStatesDidChange
Aug 27 21:04:31.598511 watchdogd(RunningBoardServices)[57] <Debug>: Decoded RBSProcessHandle with IPC ID 1c22c04a0000c512
Aug 27 21:04:31.599034 bluetoothd(CoreUtils)[86] <Notice>: SystemUI unknown identifier: 'sceneID:dev.selfhost.firstActivationProbe-default' / 'dev.selfhost.firstActivationProbe'
Aug 27 21:04:31.599196 sharingd[66] <Debug>: SystemUI unknown identifier: 'sceneID:dev.selfhost.firstActivationProbe-default'/ 'dev.selfhost.firstActivationProbe'
Aug 27 21:04:31.600158 runningboardd(RunningBoard)[33] <Debug>: [daemon<com.apple.SpringBoard>:47602] query resolved to [application<dev.selfhost.firstActivationProbe>:50450]
Aug 27 21:04:31.602664 backboardd(RunningBoardServices)[65] <Notice>: Hit the server for a process handle 1c22c04a0000c512 that resolved to: [application<dev.selfhost.firstActivationProbe>:50450]
Aug 27 21:04:31.602960 backboardd(RunningBoardServices)[65] <Info>: Update delivered for [application<dev.selfhost.firstActivationProbe>:50450] with taskState 4
Aug 27 21:04:31.603957 runningboardd(RunningBoard)[33] <Info>: Received message from [daemon<com.apple.watchdogd>:57] (euid 0, auid 0): lookupHandleForKey:error:
Aug 27 21:04:31.604326 watchdogd(RunningBoardServices)[57] <Notice>: Hit the server for a process handle 1c22c04a0000c512 that resolved to: [application<dev.selfhost.firstActivationProbe>:50450]
Aug 27 21:04:31.604660 watchdogd(RunningBoardServices)[57] <Notice>: Received state update for 50450
Aug 27 21:04:31.605101 callservicesd(RunningBoardServices)[131] <Notice>: Hit the server for a process handle 1c22c04a0000c512 that resolved to: [application<dev.selfhost.firstActivationProbe>:50450]
Aug 27 21:04:31.605420 callservicesd(RunningBoardServices)[131] <Info>: Update delivered for [application<dev.selfhost.firstActivationProbe>:50450] with taskState 4
Aug 27 21:04:31.605981 SpringBoard(UIKitCore)[47602] <Notice>: [sceneID:dev.selfhost.firstActivationProbe-default] Setting deactivation reasons to: '(none)' for reason: updateAllScenesForBand - Assertion removed.
Aug 27 21:04:31.606562 SpringBoard(FrontBoard)[47602] <Info>: Client intercepting scene update for scene: sceneID:dev.selfhost.firstActivationProbe-default
Aug 27 21:04:31.606696 SpringBoard(FrontBoard)[47602] <Debug>: START SCENE MUTATION ------- sceneID:dev.selfhost.firstActivationProbe-default
Aug 27 21:04:31.606823 SpringBoard(FrontBoard)[47602] <Debug>: [FBSceneManager] PENDING:   <BSEventQueueEvent: 0x281d38380; sceneUpdatePrepared-sceneID:dev.selfhost.firstActivationProbe-default(5)> @ back
Aug 27 21:04:31.606910 SpringBoard(FrontBoard)[47602] <Debug>: [FBSceneManager] PENDING:   <BSEventQueueEvent: 0x281d35640; applySettings-sceneID:dev.selfhost.firstActivationProbe-default(5)> @ back
Aug 27 21:04:31.607051 SpringBoard(FrontBoard)[47602] <Debug>: Flushing all events for sceneID:dev.selfhost.firstActivationProbe-default
Aug 27 21:04:31.607143 SpringBoard(FrontBoard)[47602] <Debug>: [FBSceneManager] EXECUTING: <BSEventQueueEvent: 0x281d38380; sceneUpdatePrepared-sceneID:dev.selfhost.firstActivationProbe-default(5)>
Aug 27 21:04:31.607266 SpringBoard(FrontBoard)[47602] <Debug>: [FBSceneManager] PENDING:   <BSEventQueueEvent: 0x281d38100; sceneUpdatePrepared-sceneID:dev.selfhost.firstActivationProbe-default(5)> @ front
Aug 27 21:04:31.607405 SpringBoard(FrontBoard)[47602] <Debug>: [FBSceneManager] EXECUTING: <BSEventQueueEvent: 0x281d38100; sceneUpdatePrepared-sceneID:dev.selfhost.firstActivationProbe-default(5)>
Aug 27 21:04:31.607860 SpringBoard(FrontBoard)[47602] <Debug>: [FBSceneManager] EXECUTING: <BSEventQueueEvent: 0x281d35640; applySettings-sceneID:dev.selfhost.firstActivationProbe-default(5)>
Aug 27 21:04:31.607991 SpringBoard(FrontBoard)[47602] <Debug>: [FBSceneManager] PENDING:   <BSEventQueueEvent: 0x281d37dc0; sceneUpdateApplied-sceneID:dev.selfhost.firstActivationProbe-default(5)> @ back
Aug 27 21:04:31.608091 SpringBoard(FrontBoard)[47602] <Debug>: [FBSceneManager] PENDING:   <BSEventQueueEvent: 0x281d0e320; sceneMutationCompletion-sceneID:dev.selfhost.firstActivationProbe-default(5)> @ back
Aug 27 21:04:31.608249 SpringBoard(FrontBoard)[47602] <Debug>: [FBSceneManager] EXECUTING: <BSEventQueueEvent: 0x281d37dc0; sceneUpdateApplied-sceneID:dev.selfhost.firstActivationProbe-default(5)>
Aug 27 21:04:31.608441 SpringBoard(FrontBoard)[47602] <Info>: [sceneID:dev.selfhost.firstActivationProbe-default] Sending scene action [Forward Event][0x833b] to process 0x114bd7b20 (watchdog: none)
Aug 27 21:04:31.608589 SpringBoard(FrontBoard)[47602] <Debug>: [FBSceneManager] PENDING:   <BSEventQueueEvent: 0x281d20bc0; sceneUpdateApplied-sceneID:dev.selfhost.firstActivationProbe-default(5)> @ front
Aug 27 21:04:31.608737 SpringBoard(FrontBoard)[47602] <Debug>: [FBSceneManager] EXECUTING: <BSEventQueueEvent: 0x281d20bc0; sceneUpdateApplied-sceneID:dev.selfhost.firstActivationProbe-default(5)>
Aug 27 21:04:31.609117 SpringBoard(FrontBoard)[47602] <Debug>: [FBSceneManager] EXECUTING: <BSEventQueueEvent: 0x281d0e320; sceneMutationCompletion-sceneID:dev.selfhost.firstActivationProbe-default(5)>
Aug 27 21:04:31.609217 SpringBoard(FrontBoard)[47602] <Debug>: ---------- END SCENE MUTATION: sceneID:dev.selfhost.firstActivationProbe-default
Aug 27 21:04:31.609839 Runner(CoreFoundation)[50450] <Debug>: Resource lookup at <private>
Aug 27 21:04:31.609907 Runner(CoreFoundation)[50450] <Debug>: Resource lookup at <private>
Aug 27 21:04:31.609977 Runner(UIKitCore)[50450] <Notice>: sceneOfRecord: sceneID: sceneID:dev.selfhost.firstActivationProbe-default  persistentID: 38A6B0E8-D18B-43CA-916F-1BCC03B36967
Aug 27 21:04:31.610047 Runner(UIKitCore)[50450] <Notice>: Deactivation reason removed: 12; deactivation reasons: 4128 -> 32; animating application lifecycle event: 1
Aug 27 21:04:31.610114 Runner(UIKitCore)[50450] <Notice>: Deactivation reason removed: 5; deactivation reasons: 32 -> 0; animating application lifecycle event: 0
Aug 27 21:04:31.610182 Runner(CoreAnalytics)[50450] <Info>: Daemon status changed from 0 to 1
Aug 27 21:04:31.610256 Runner(HangTracer)[50450] <Info>: HTPrefs initialization
Aug 27 21:04:31.610372 Runner(CoreFoundation)[50450] <Debug>: Resource lookup at <private>
Aug 27 21:04:31.611649 runningboardd(RunningBoard)[33] <Debug>: Removing assertion 33-50450-7469 on [application<dev.selfhost.firstActivationProbe>:50450]
Aug 27 21:04:31.611718 runningboardd(RunningBoard)[33] <Debug>: > application<dev.selfhost.firstActivationProbe> ['RB Underlying Assertion'] [33-33-7465]
Aug 27 21:04:31.611796 Runner(CoreFoundation)[50450] <Debug>: Resource lookup at <private>
Aug 27 21:04:31.611843 Runner(CoreFoundation)[50450] <Info>: Loading Preferences From System CFPrefsD
Aug 27 21:04:31.611970 Runner(CoreFoundation)[50450] <Debug>: CFPrefsPlistSource<0x2809fdd00> (Domain: com.apple.da, User: kCFPreferencesCurrentUser, ByHost: No, Container: (null), Contents Need Refresh: No) loaded: a new base plist and no additional changes from the base plist
Aug 27 21:04:31.612130 Runner(CoreFoundation)[50450] <Debug>: found no value for key HTEPL.HangTracerEnableCustomerMode in CFPrefsPlistSource<0x2809fdd00> (Domain: com.apple.da, User: kCFPreferencesCurrentUser, ByHost: No, Container: (null), Contents Need Refresh: No)
Aug 27 21:04:31.612315 Runner(CoreFoundation)[50450] <Debug>: found no value for key PLTasking.HangTracerEnableCustomerMode in CFPrefsPlistSource<0x2809fdd00> (Domain: com.apple.da, User: kCFPreferencesCurrentUser, ByHost: No, Container: (null), Contents Need Refresh: No)
Aug 27 21:04:31.612464 Runner(CoreFoundation)[50450] <Debug>: found no value for key HangTracerEnableCustomerMode in CFPrefsPlistSource<0x2809fdd00> (Domain: com.apple.da, User: kCFPreferencesCurrentUser, ByHost: No, Container: (null), Contents Need Refresh: No)
Aug 27 21:04:31.612552 Runner(CoreFoundation)[50450] <Debug>: found no value for key PDSEHangTracer.HangTracerEnableCustomerMode in CFPrefsPlistSource<0x2809fdd00> (Domain: com.apple.da, User: kCFPreferencesCurrentUser, ByHost: No, Container: (null), Contents Need Refresh: No)
Aug 27 21:04:31.612686 runningboardd(RunningBoard)[33] <Debug>: Updating events for assertion: 33-50450-7469 (target:[application<dev.selfhost.firstActivationProbe>:50450])
Aug 27 21:04:31.612799 runningboardd(RunningBoard)[33] <Debug>: Removing events for context: 33-50450-7469 (target:[application<dev.selfhost.firstActivationProbe>:50450])
Aug 27 21:04:31.612893 runningboardd(RunningBoard)[33] <Debug>: > application<dev.selfhost.firstActivationProbe> ['Shared Background Assertion 0 for dev.selfhost.firstActivationProbe'] [33-50450-7467]
Aug 27 21:04:31.613021 runningboardd(RunningBoard)[33] <Info>: application<dev.selfhost.firstActivationProbe> is now targeted by 5 assertions
Aug 27 21:04:31.613116 runningboardd(RunningBoard)[33] <Debug>: > 50450 ['Shared Background Assertion 0 for dev.selfhost.firstActivationProbe'] [33-50450-7467]
Aug 27 21:04:31.613381 Runner(CoreFoundation)[50450] <Debug>: found no value for key PDSEHTThirdParty.HangTracerEnableCustomerMode in CFPrefsPlistSource<0x2809fdd00> (Domain: com.apple.da, User: kCFPreferencesCurrentUser, ByHost: No, Container: (null), Contents Need Refresh: No)
Aug 27 21:04:31.613523 Runner(CoreFoundation)[50450] <Debug>: found no value for key PDSEHTRateOnly.HangTracerEnableCustomerMode in CFPrefsPlistSource<0x2809fdd00> (Domain: com.apple.da, User: kCFPreferencesCurrentUser, ByHost: No, Container: (null), Contents Need Refresh: No)
Aug 27 21:04:31.613606 Runner(CoreFoundation)[50450] <Debug>: found no value for key PDSESentry.HangTracerEnableCustomerMode in CFPrefsPlistSource<0x2809fdd00> (Domain: com.apple.da, User: kCFPreferencesCurrentUser, ByHost: No, Container: (null), Contents Need Refresh: No)
Aug 27 21:04:31.613691 Runner(HangTracer)[50450] <Debug>: HTPrefs: HangTracerEnableCustomerMode was not found in the com.apple.da domain, a profile, by EPL, by PowerLog Tasking domain, by HT Self Enablement or by HT Sentry Enablement
Aug 27 21:04:31.613874 Runner(HangTracer)[50450] <Info>: HTPrefs: Refreshing preferences
Aug 27 21:04:31.614039 Runner(CoreFoundation)[50450] <Debug>: found no value for key HTEPL.HangTracerEnableCustomerMode in CFPrefsPlistSource<0x2809fdd00> (Domain: com.apple.da, User: kCFPreferencesCurrentUser, ByHost: No, Container: (null), Contents Need Refresh: No)
Aug 27 21:04:31.614331 Runner(CoreFoundation)[50450] <Debug>: found no value for key PLTasking.HangTracerEnableCustomerMode in CFPrefsPlistSource<0x2809fdd00> (Domain: com.apple.da, User: kCFPreferencesCurrentUser, ByHost: No, Container: (null), Contents Need Refresh: No)
Aug 27 21:04:31.614486 Runner(CoreFoundation)[50450] <Debug>: found no value for key HangTracerEnableCustomerMode in CFPrefsPlistSource<0x2809fdd00> (Domain: com.apple.da, User: kCFPreferencesCurrentUser, ByHost: No, Container: (null), Contents Need Refresh: No)
Aug 27 21:04:31.614647 Runner(CoreFoundation)[50450] <Debug>: found no value for key PDSEHangTracer.HangTracerEnableCustomerMode in CFPrefsPlistSource<0x2809fdd00> (Domain: com.apple.da, User: kCFPreferencesCurrentUser, ByHost: No, Container: (null), Contents Need Refresh: No)
Aug 27 21:04:31.614815 Runner(CoreFoundation)[50450] <Debug>: found no value for key PDSEHTThirdParty.HangTracerEnableCustomerMode in CFPrefsPlistSource<0x2809fdd00> (Domain: com.apple.da, User: kCFPreferencesCurrentUser, ByHost: No, Container: (null), Contents Need Refresh: No)
Aug 27 21:04:31.614949 Runner(CoreFoundation)[50450] <Debug>: found no value for key PDSEHTRateOnly.HangTracerEnableCustomerMode in CFPrefsPlistSource<0x2809fdd00> (Domain: com.apple.da, User: kCFPreferencesCurrentUser, ByHost: No, Container: (null), Contents Need Refresh: No)
Aug 27 21:04:31.615064 Runner(CoreFoundation)[50450] <Debug>: found no value for key PDSESentry.HangTracerEnableCustomerMode in CFPrefsPlistSource<0x2809fdd00> (Domain: com.apple.da, User: kCFPreferencesCurrentUser, ByHost: No, Container: (null), Contents Need Refresh: No)
Aug 27 21:04:31.615149 Runner(HangTracer)[50450] <Debug>: HTPrefs: HangTracerEnableCustomerMode was not found in the com.apple.da domain, a profile, by EPL, by PowerLog Tasking domain, by HT Self Enablement or by HT Sentry Enablement
Aug 27 21:04:31.615237 Runner(HangTracer)[50450] <Debug>: Preparing prefInitList
Aug 27 21:04:31.615334 Runner(CoreFoundation)[50450] <Debug>: found no value for key HTEPL.HangTracerEnabled in CFPrefsPlistSource<0x2809fdd00> (Domain: com.apple.da, User: kCFPreferencesCurrentUser, ByHost: No, Container: (null), Contents Need Refresh: No)
Aug 27 21:04:31.615440 Runner(CoreFoundation)[50450] <Debug>: found no value for key PLTasking.HangTracerEnabled in CFPrefsPlistSource<0x2809fdd00> (Domain: com.apple.da, User: kCFPreferencesCurrentUser, ByHost: No, Container: (null), Contents Need Refresh: No)
Aug 27 21:04:31.615705 cfprefsd(CoreFoundation)[91] <Debug>: Process 50450 (Runner) sent a request related to { com.apple.da, user: mobile, kCFPreferencesAnyHost, /var/mobile/Library/Preferences/com.apple.da.plist, managed: 0 } (0x100307ae0)
Aug 27 21:04:31.615949 runningboardd(RunningBoard)[33] <Debug>: > 50450 ['injecting inherited from "UIScene:com.apple.frontboard.systemappservices::com.apple.springboard" to 50450<UIScene:com.apple.frontboard.systemappservices::sceneID%3Adev.selfhost.firstActivationProbe-default>'] [33-47602-7468]
Aug 27 21:04:31.616044 cfprefsd(CoreFoundation)[91] <Debug>: Process 50450 (Runner) read data for { com.apple.da, mobile, kCFPreferencesAnyHost, /var/mobile/Library/Preferences/com.apple.da.plist, managed: 0 }, backed by /private/var/mobile/Library/Preferences/com.apple.da.plist
Aug 27 21:04:31.616359 Runner(CoreFoundation)[50450] <Debug>: found no value for key HangTracerEnabled in CFPrefsPlistSource<0x2809fdd00> (Domain: com.apple.da, User: kCFPreferencesCurrentUser, ByHost: No, Container: (null), Contents Need Refresh: No)
Aug 27 21:04:31.616625 Runner(CoreFoundation)[50450] <Debug>: found no value for key PDSEHangTracer.HangTracerEnabled in CFPrefsPlistSource<0x2809fdd00> (Domain: com.apple.da, User: kCFPreferencesCurrentUser, ByHost: No, Container: (null), Contents Need Refresh: No)
Aug 27 21:04:31.617461 Runner(CoreFoundation)[50450] <Debug>: found no value for key PDSEHTThirdParty.HangTracerEnabled in CFPrefsPlistSource<0x2809fdd00> (Domain: com.apple.da, User: kCFPreferencesCurrentUser, ByHost: No, Container: (null), Contents Need Refresh: No)
Aug 27 21:04:31.617781 SpringBoard(FrontBoard)[47602] <Info>: [sceneID:dev.selfhost.firstActivationProbe-default] Scene action [Forward Event][0x833b] completed with success: 1
Aug 27 21:04:31.618066 SpringBoard(FrontBoard)[47602] <Debug>: [FBSceneManager] PENDING:   <BSEventQueueEvent: 0x281dd18e0; updateComplete-sceneID:dev.selfhost.firstActivationProbe-default(5)> @ back
Aug 27 21:04:31.618289 SpringBoard(FrontBoard)[47602] <Debug>: [FBSceneManager] EXECUTING: <BSEventQueueEvent: 0x281dd18e0; updateComplete-sceneID:dev.selfhost.firstActivationProbe-default(5)>
Aug 27 21:04:31.618564 SpringBoard(FrontBoard)[47602] <Debug>: [FBSceneManager] PENDING:   <BSEventQueueEvent: 0x281dd0100; sceneUpdateCompleted-sceneID:dev.selfhost.firstActivationProbe-default(5)> @ back
Aug 27 21:04:31.618885 SpringBoard(FrontBoard)[47602] <Debug>: [FBSceneManager] EXECUTING: <BSEventQueueEvent: 0x281dd0100; sceneUpdateCompleted-sceneID:dev.selfhost.firstActivationProbe-default(5)>
Aug 27 21:04:31.619077 SpringBoard(FrontBoard)[47602] <Debug>: [FBSceneManager] PENDING:   <BSEventQueueEvent: 0x281d635e0; sceneUpdateCompleted-sceneID:dev.selfhost.firstActivationProbe-default(5)> @ front
Aug 27 21:04:31.619261 SpringBoard(FrontBoard)[47602] <Info>: [sceneID:dev.selfhost.firstActivationProbe-default] Client settings updated with diff: <private>
Aug 27 21:04:31.619476 SpringBoard(FrontBoard)[47602] <Debug>: [FBSceneManager] EXECUTING: <BSEventQueueEvent: 0x281d635e0; sceneUpdateCompleted-sceneID:dev.selfhost.firstActivationProbe-default(5)>
Aug 27 21:04:31.619785 SpringBoard(FrontBoard)[47602] <Info>: [sceneID:dev.selfhost.firstActivationProbe-default] didUpdateClientSettingsWithDiff: <private>
Aug 27 21:04:31.619912 SpringBoard(FrontBoard)[47602] <Debug>: [FBSceneManager] PENDING:   <BSEventQueueEvent: 0x281d45860; handleDidUpdateClientSettings-sceneID:dev.selfhost.firstActivationProbe-default(5)> @ back
Aug 27 21:04:31.620080 SpringBoard(FrontBoard)[47602] <Debug>: [FBSceneManager] EXECUTING: <BSEventQueueEvent: 0x281d45860; handleDidUpdateClientSettings-sceneID:dev.selfhost.firstActivationProbe-default(5)>
Aug 27 21:04:31.620613 SpringBoard(FrontBoard)[47602] <Debug>: [FBSceneManager] PENDING:   <BSEventQueueEvent: 0x281d378e0; didUpdateClientSettings-sceneID:dev.selfhost.firstActivationProbe-default(5)> @ back
Aug 27 21:04:31.620730 SpringBoard(FrontBoard)[47602] <Debug>: [FBSceneManager] PENDING:   <BSEventQueueEvent: 0x281d45380; didUpdateClientSettingsCompletion-sceneID:dev.selfhost.firstActivationProbe-default(5)> @ back
Aug 27 21:04:31.621042 SpringBoard(FrontBoard)[47602] <Debug>: [FBSceneManager] EXECUTING: <BSEventQueueEvent: 0x281d378e0; didUpdateClientSettings-sceneID:dev.selfhost.firstActivationProbe-default(5)>
Aug 27 21:04:31.621120 SpringBoard(FrontBoard)[47602] <Debug>: [FBSceneManager] PENDING:   <BSEventQueueEvent: 0x281d60a40; didUpdateClientSettings-sceneID:dev.selfhost.firstActivationProbe-default(5)> @ front
Aug 27 21:04:31.621190 SpringBoard(FrontBoard)[47602] <Debug>: [FBSceneManager] EXECUTING: <BSEventQueueEvent: 0x281d60a40; didUpdateClientSettings-sceneID:dev.selfhost.firstActivationProbe-default(5)>
Aug 27 21:04:31.621594 SpringBoard(FrontBoard)[47602] <Debug>: [FBSceneManager] EXECUTING: <BSEventQueueEvent: 0x281d45380; didUpdateClientSettingsCompletion-sceneID:dev.selfhost.firstActivationProbe-default(5)>
Aug 27 21:04:31.622783 Runner(CoreFoundation)[50450] <Debug>: found no value for key PDSEHTRateOnly.HangTracerEnabled in CFPrefsPlistSource<0x2809fdd00> (Domain: com.apple.da, User: kCFPreferencesCurrentUser, ByHost: No, Container: (null), Contents Need Refresh: No)
Aug 27 21:04:31.622917 Runner(CoreFoundation)[50450] <Debug>: found no value for key PDSESentry.HangTracerEnabled in CFPrefsPlistSource<0x2809fdd00> (Domain: com.apple.da, User: kCFPreferencesCurrentUser, ByHost: No, Container: (null), Contents Need Refresh: No)
Aug 27 21:04:31.623007 Runner(HangTracer)[50450] <Debug>: HTPrefs: HangTracerEnabled was not found in the com.apple.da domain, a profile, by EPL, by PowerLog Tasking domain, by HT Self Enablement or by HT Sentry Enablement
Aug 27 21:04:31.623123 Runner(HangTracer)[50450] <Info>: Posting notification com.apple.hangtracer.htprefs.refreshed
Aug 27 21:04:31.624059 runningboardd(RunningBoard)[33] <Debug>: Sending state 0x101035ef0 for application<dev.selfhost.firstActivationProbe> to [daemon<com.apple.CommCenter>:90]
Aug 27 21:04:31.624216 Runner(CoreFoundation)[50450] <Debug>: Resource lookup at <private>
Aug 27 21:04:31.624371 runningboardd(RunningBoard)[33] <Debug>: Sending state 0x101035ef0 for application<dev.selfhost.firstActivationProbe> to [daemon<com.apple.coreservices.useractivityd>:184]
Aug 27 21:04:31.624702 watchdogd(RunningBoardServices)[57] <Info>: Update delivered for [application<dev.selfhost.firstActivationProbe>:50450] with taskState 4
Aug 27 21:04:31.625641 CommCenter(RunningBoardServices)[90] <Info>: Update delivered for [application<dev.selfhost.firstActivationProbe>:50450] with taskState 4
Aug 27 21:04:31.626833 runningboardd(RunningBoard)[33] <Debug>: Sending state 0x101035ef0 for application<dev.selfhost.firstActivationProbe> to [daemon<com.apple.locationd>:69]
Aug 27 21:04:31.628114 runningboardd(RunningBoard)[33] <Debug>: Sending state 0x101035ef0 for application<dev.selfhost.firstActivationProbe> to [daemon<com.apple.dasd>:94]
Aug 27 21:04:31.628241 watchdogd[57] <Info>: 1248719106571750: <private>
Aug 27 21:04:31.628458 runningboardd(RunningBoard)[33] <Debug>: Sending state 0x101035ef0 for application<dev.selfhost.firstActivationProbe> to [daemon<com.apple.aggregated>:50213]
Aug 27 21:04:31.629319 watchdogd(RunningBoardServices)[57] <Debug>: Received message from server: async_observedProcessStatesDidChange:completion:
Aug 27 21:04:31.630688 CommCenter(RunningBoardServices)[90] <Info>: Update skipped for [application<dev.selfhost.firstActivationProbe>:50450] with state: <RBSProcessState| task:running-active debug:none endowments:[
Aug 27 21:04:31.631630 backboardd(RunningBoardServices)[65] <Info>: Update skipped for [application<dev.selfhost.firstActivationProbe>:50450] with state: <RBSProcessState| task:running-active debug:none endowments:[
Aug 27 21:04:31.632818 watchdogd(RunningBoardServices)[57] <Info>: observedProcessStatesDidChange
Aug 27 21:04:31.632973 watchdogd(RunningBoardServices)[57] <Debug>: Decoded RBSProcessHandle with IPC ID 1c22c04a0000c512
Aug 27 21:04:31.633140 watchdogd(RunningBoardServices)[57] <Notice>: Received state update for 50450
Aug 27 21:04:31.635038 symptomsd(RunningBoardServices)[170] <Notice>: Hit the server for a process handle 1c22c04a0000c512 that resolved to: [application<dev.selfhost.firstActivationProbe>:50450]
Aug 27 21:04:31.635794 kbd(RunningBoardServices)[303] <Notice>: Hit the server for a process handle 1c22c04a0000c512 that resolved to: [application<dev.selfhost.firstActivationProbe>:50450]
Aug 27 21:04:31.636101 kbd(RunningBoardServices)[303] <Info>: Update delivered for [application<dev.selfhost.firstActivationProbe>:50450] with taskState 4
Aug 27 21:04:31.636977 kbd(RunningBoardServices)[303] <Info>: Update skipped for [application<dev.selfhost.firstActivationProbe>:50450] with state: <RBSProcessState| task:running-active debug:none endowments:[
Aug 27 21:04:31.637910 watchdogd(RunningBoardServices)[57] <Info>: Update skipped for [application<dev.selfhost.firstActivationProbe>:50450] with state: <RBSProcessState| task:running-active debug:none endowments:[
Aug 27 21:04:31.638380 symptomsd(SymptomNetworkUsage)[170] <Debug>: 50450 dev.selfhost.firstActivationProbe: ForegroundRunning (most elevated: ForegroundRunning)
Aug 27 21:04:31.638455 symptomsd(RunningBoardServices)[170] <Info>: Update delivered for [application<dev.selfhost.firstActivationProbe>:50450] with taskState 4
Aug 27 21:04:31.638639 callservicesd(RunningBoardServices)[131] <Info>: Update skipped for [application<dev.selfhost.firstActivationProbe>:50450] with state: <RBSProcessState| task:running-active debug:none endowments:[
Aug 27 21:04:31.639434 wifid(RunningBoardServices)[52] <Notice>: Hit the server for a process handle 1c22c04a0000c512 that resolved to: [application<dev.selfhost.firstActivationProbe>:50450]
Aug 27 21:04:31.643857 useractivityd(RunningBoardServices)[184] <Notice>: Hit the server for a process handle 1c22c04a0000c512 that resolved to: [application<dev.selfhost.firstActivationProbe>:50450]
Aug 27 21:04:31.653556 useractivityd(RunningBoardServices)[184] <Info>: Update delivered for [application<dev.selfhost.firstActivationProbe>:50450] with taskState 4
Aug 27 21:04:31.656385 locationd(RunningBoardServices)[69] <Notice>: Hit the server for a process handle 1c22c04a0000c512 that resolved to: [application<dev.selfhost.firstActivationProbe>:50450]
Aug 27 21:04:31.658076 locationd(RunningBoardServices)[69] <Info>: Update delivered for [application<dev.selfhost.firstActivationProbe>:50450] with taskState 4
Aug 27 21:04:31.671946 locationd[69] <Notice>: {"msg":"#CLIUA Marking change", "clientKey":"dev.selfhost.firstActivationProbe", "reason":"Process state from RunningBoard", "assertionLevel":5, "coming":1}
Aug 27 21:04:31.687450 locationd[69] <Info>: getClientEffectiveRegistrationResult, , dev.selfhost.firstActivationProbe, , CLClientRegistrationResult, kCLClientRegistrationResultFailedUnavailable, CLCommonLocationServicesEnabled, 1
Aug 27 21:04:31.687585 locationd[69] <Info>: getClientEffectiveRegistrationResult, , dev.selfhost.firstActivationProbe, , CLClientRegistrationResult, kCLClientRegistrationResultFailedUnavailable, CLCommonLocationServicesEnabled, 1
Aug 27 21:04:31.687915 locationd[69] <Debug>: {"msg":"Skip UpdateClientServiceTypeMasks #pla for zones. No InterestZones", "ClientKey":"dev.selfhost.firstActivationProbe"}
Aug 27 21:04:31.696934 dasd(RunningBoardServices)[94] <Notice>: Hit the server for a process handle 1c22c04a0000c512 that resolved to: [application<dev.selfhost.firstActivationProbe>:50450]
Aug 27 21:04:31.698368 aggregated(RunningBoardServices)[50213] <Notice>: Hit the server for a process handle 1c22c04a0000c512 that resolved to: [application<dev.selfhost.firstActivationProbe>:50450]
Aug 27 21:04:31.702926 backboardd(CoreMotion)[65] <Debug>: Ping timer fired, resetting watchdog
Aug 27 21:04:31.708232 UserEventAgent(RunningBoardServices)[30] <Info>: Update delivered for [application<dev.selfhost.firstActivationProbe>:50450] with taskState 4
Aug 27 21:04:31.709025 aggregated(RunningBoardServices)[50213] <Info>: Update delivered for [application<dev.selfhost.firstActivationProbe>:50450] with taskState 4
Aug 27 21:04:31.709853 dasd(RunningBoardServices)[94] <Info>: Update delivered for [application<dev.selfhost.firstActivationProbe>:50450] with taskState 4
Aug 27 21:04:31.711499 wifid(RunningBoardServices)[52] <Info>: Update delivered for [application<dev.selfhost.firstActivationProbe>:50450] with taskState 4
Aug 27 21:04:31.712087 wifid(WiFiPolicy)[52] <Notice>: WifiDeviceManagerCatsWhitelistedApp: CATS en0:  deviceManager:0x10582dc00 FgApp:dev.selfhost.firstActivationProbe stateChange:1 whitelisted=1
Aug 27 21:04:31.712968 UserEventAgent(RunningBoardServices)[30] <Info>: Update delivered for [application<dev.selfhost.firstActivationProbe>:50450] with taskState 4
Aug 27 21:04:31.713482 wifid(WiFiPolicy)[52] <Notice>: WiFiDeviceManagerCatsSetLowLatencyApp: CATSUpdate en0: fgApp:dev.selfhost.firstActivationProbe b=0x0 rc=0
Aug 27 21:04:31.713959 wifid(WiFiPolicy)[52] <Notice>: WiFiDeviceManagerCatsSetForegroundApp: CATSUpdate en0: fgApp:dev.selfhost.firstActivationProbe hs=0 t=1 wl=1 rc=1
Aug 27 21:04:31.716354 UserEventAgent(RunningBoardServices)[30] <Info>: Update delivered for [application<dev.selfhost.firstActivationProbe>:50450] with taskState 4
Aug 27 21:04:31.716426 UserEventAgent(RunningBoardServices)[30] <Info>: Update skipped for [application<dev.selfhost.firstActivationProbe>:50450] with state: <RBSProcessState| task:running-active debug:none endowments:[
	<RBSProcessAssertionInfo| type:2 reason:10000 name:"Domain" domain:"com.apple.frontboard:Bootstrap-Foreground,com.apple.frontboard:Visibility" expl:"FBApplicationProcess">,
Aug 27 21:04:31.716498 UserEventAgent(RunningBoardServices)[30] <Info>: Update skipped for [application<dev.selfhost.firstActivationProbe>:50450] with state: <RBSProcessState| task:running-active debug:none endowments:[
	<RBSProcessAssertionInfo| type:2 reason:10000 name:"Domain" domain:"com.apple.frontboard:Bootstrap-Foreground,com.apple.frontboard:Visibility" expl:"FBApplicationProcess">,
	<RBSProcessAssertionInfo| type:1 reason:0 name:"Custom" domain:"(null)" expl:"injecting inherited from "UIScene:com.apple.frontboard.systemappservices::com.apple.springboard" to 50450<UIScene:com.apple.frontboard.systemappservices::sceneID%3Adev.selfhost.firstActivationProbe-default>">
Aug 27 21:04:31.718662 SpringBoard(SplashBoard)[47602] <Info>: <XBApplicationSnapshot: 0x109ddf7d0; …2F3B89D0D3F1> [dev.selfhost.firstActivationProbe] Purging the cached image; force: 0; _imageAccessCount: 0; _keepImageAccessUntilExpiration: 0; _hasProtectedContent: 0; _keepImageAccessForPreheat: 0
Aug 27 21:04:31.719044 Runner(CoreFoundation)[50450] <Debug>: Resource lookup at <private>
Aug 27 21:04:31.719269 locationd(RunningBoardServices)[69] <Info>: Update skipped for [application<dev.selfhost.firstActivationProbe>:50450] with state: <RBSProcessState| task:running-active debug:none endowments:[
Aug 27 21:04:31.719343 useractivityd(RunningBoardServices)[184] <Info>: Update skipped for [application<dev.selfhost.firstActivationProbe>:50450] with state: <RBSProcessState| task:running-active debug:none endowments:[
Aug 27 21:04:31.720317 Runner(CoreFoundation)[50450] <Debug>: found no value for key EnhancedTextLegibilityEnabled in CFPrefsSearchListSource<0x2809f2f80> (Domain: dev.selfhost.firstActivationProbe, Container: (null))
Aug 27 21:04:31.720521 Runner(libAccessibility.dylib)[50450] <Debug>: CF Read: domain = dev.selfhost.firstActivationProbe, preference = EnhancedTextLegibilityEnabled, appID = dev.selfhost.firstActivationProbe result = (null) (-1 - empty, 0 - false, 1 - true)
Aug 27 21:04:31.720704 Runner(CoreFoundation)[50450] <Debug>: found no value for key DarkenSystemColors in CFPrefsSearchListSource<0x2809f2f80> (Domain: dev.selfhost.firstActivationProbe, Container: (null))
Aug 27 21:04:31.720884 Runner(libAccessibility.dylib)[50450] <Debug>: CF Read: domain = dev.selfhost.firstActivationProbe, preference = DarkenSystemColors, appID = dev.selfhost.firstActivationProbe result = (null) (-1 - empty, 0 - false, 1 - true)
Aug 27 21:04:31.721006 Runner(CoreFoundation)[50450] <Debug>: found no value for key InvertColorsEnabled in CFPrefsSearchListSource<0x2809f2f80> (Domain: dev.selfhost.firstActivationProbe, Container: (null))
Aug 27 21:04:31.721126 Runner(libAccessibility.dylib)[50450] <Debug>: CF Read: domain = dev.selfhost.firstActivationProbe, preference = InvertColorsEnabled, appID = dev.selfhost.firstActivationProbe result = (null) (-1 - empty, 0 - false, 1 - true)
Aug 27 21:04:31.721880 Runner(UIKitCore)[50450] <Notice>: <private>: Ending background task with UIBackgroundTaskIdentifier: 1
Aug 27 21:04:31.722200 runningboardd(RunningBoard)[33] <Info>: Received message from [application<dev.selfhost.firstActivationProbe>:50450] (euid 501, auid 501): async_invalidateAssertionWithIdentifier:
Aug 27 21:04:31.722378 Runner(UIKitCore)[50450] <Notice>: <private>: Ending task with identifier 1 and description: <private>, _expireHandler: <__NSGlobalBlock__: 0x1ec737410>
Aug 27 21:04:31.722678 Runner(UIKitCore)[50450] <Notice>: <private>: Decrementing reference count for assertion used by background task with identifier 1: <private>
Aug 27 21:04:31.722821 runningboardd(RunningBoard)[33] <Notice>: Invalidating assertion 33-50450-7467 (target:[application<dev.selfhost.firstActivationProbe>:50450]) from originator [application<dev.selfhost.firstActivationProbe>:50450]
Aug 27 21:04:31.722954 Runner(UIKitCore)[50450] <Notice>: <private>: Will invalidate assertion: <BKSProcessAssertion: 0x2804f2710> for task identifier: 1
Aug 27 21:04:31.723138 symptomsd(RunningBoardServices)[170] <Info>: Update skipped for [application<dev.selfhost.firstActivationProbe>:50450] with state: <RBSProcessState| task:running-active debug:none endowments:[
Aug 27 21:04:31.723602 aggregated(RunningBoardServices)[50213] <Info>: Update skipped for [application<dev.selfhost.firstActivationProbe>:50450] with state: <RBSProcessState| task:running-active debug:none endowments:[
Aug 27 21:04:31.724675 wifid(RunningBoardServices)[52] <Info>: Update skipped for [application<dev.selfhost.firstActivationProbe>:50450] with state: <RBSProcessState| task:running-active debug:none endowments:[
Aug 27 21:04:31.725294 contextstored(RunningBoardServices)[61] <Notice>: Hit the server for a process handle 1c22c04a0000c512 that resolved to: [application<dev.selfhost.firstActivationProbe>:50450]
Aug 27 21:04:31.728020 contextstored(RunningBoardServices)[61] <Info>: Update delivered for [application<dev.selfhost.firstActivationProbe>:50450] with taskState 4
Aug 27 21:04:31.728236 contextstored(RunningBoardServices)[61] <Info>: Update skipped for [application<dev.selfhost.firstActivationProbe>:50450] with state: <RBSProcessState| task:running-active debug:none endowments:[
<SBTransitionSwitcherModifierEvent: 0x282167100; type: MainTransition; transitionID: DEA0FD32-B276-4231-BFEC-C15446BECFCF; phase: Complete; animated: YES; fromAppLayout: 0x0; toAppLayout: <SBAppLayout: 0x28087bb80; primary: dev.selfhost.firstActivationProbe:default; environment: main>; fromEnvironmentMode: home-screen; toEnvironmentMode: application; pendingTermination: {(
)}; activating: <SBAppLayout: 0x28087bb80; primary: dev.selfhost.firstActivationProbe:default; environment: main>; dosidoTransitionDirection: 0>
		    <SBIconOverlayVisibilitySwitcherEventResponse: 0x2808c6300; visible: NO; appLayout: <SBAppLayout: 0x28087bb80; primary: dev.selfhost.firstActivationProbe:default; environment: main>>;
		    <SBIconViewVisibilitySwitcherEventResponse: 0x283e319a0; visible: YES; animationSettings: 0x0; appLayout: <SBAppLayout: 0x28087bb80; primary: dev.selfhost.firstActivationProbe:default; environment: main>>;
		    <SBMatchMoveToIconViewSwitcherEventResponse: 0x2808c4400; active: NO; appLayout: <SBAppLayout: 0x28087bb80; primary: dev.selfhost.firstActivationProbe:default; environment: main>>;
Aug 27 21:04:31.753268 SpringBoard[47602] <Notice>: Front display did change: <SBApplication: 0x28242b100; dev.selfhost.firstActivationProbe>
Aug 27 21:04:31.758697 Runner(CoreFoundation)[50450] <Debug>: found no value for key ReduceMotionEnabled in CFPrefsSearchListSource<0x2809f2f80> (Domain: dev.selfhost.firstActivationProbe, Container: (null))
Aug 27 21:04:31.768301 Runner(libAccessibility.dylib)[50450] <Debug>: CF Read: domain = dev.selfhost.firstActivationProbe, preference = ReduceMotionEnabled, appID = dev.selfhost.firstActivationProbe result = (null) (-1 - empty, 0 - false, 1 - true)
        <SBDeviceApplicationSceneEntity: 0x283e97a70; ID: sceneID:dev.selfhost.firstActivationProbe-default; layoutRole: primary>
                            Application: <SBDeviceApplicationSceneEntity: 0x283e97a70; ID: sceneID:dev.selfhost.firstActivationProbe-default; layoutRole: primary>
                            SceneID: sceneID:dev.selfhost.firstActivationProbe-default
                                    Process: <FBApplicationProcess: 0x114bd7b20; application<dev.selfhost.firstActivationProbe>:50450(v6DB18)>
                                    SceneID: sceneID:dev.selfhost.firstActivationProbe-default
                                        TIME: 21:04:31.076; DESCRIPTION: Updating scene with watchdog policy: RunWatchdog
        <SBDeviceApplicationSceneEntity: 0x283e97a70; ID: sceneID:dev.selfhost.firstActivationProbe-default; layoutRole: primary>
        <SBDeviceApplicationSceneEntity: 0x283e97a70; ID: sceneID:dev.selfhost.firstActivationProbe-default; layoutRole: primary>
Aug 27 21:04:31.780758 runningboardd(RunningBoard)[33] <Debug>: [daemon<com.apple.CommCenter>:90] query resolved to [application<dev.selfhost.firstActivationProbe>:50450]
Aug 27 21:04:31.782526 runningboardd(RunningBoard)[33] <Debug>: Removing assertion 33-50450-7467 on [application<dev.selfhost.firstActivationProbe>:50450]
Aug 27 21:04:31.782664 runningboardd(RunningBoard)[33] <Debug>: Updating events for assertion: 33-50450-7467 (target:[application<dev.selfhost.firstActivationProbe>:50450])
Aug 27 21:04:31.782858 runningboardd(RunningBoard)[33] <Debug>: > application<dev.selfhost.firstActivationProbe> ['RB Underlying Assertion'] [33-33-7465]
Aug 27 21:04:31.783025 runningboardd(RunningBoard)[33] <Info>: application<dev.selfhost.firstActivationProbe> is now targeted by 4 assertions
Aug 27 21:04:31.783396 runningboardd(RunningBoard)[33] <Debug>: > 50450 ['injecting inherited from "UIScene:com.apple.frontboard.systemappservices::com.apple.springboard" to 50450<UIScene:com.apple.frontboard.systemappservices::sceneID%3Adev.selfhost.firstActivationProbe-default>'] [33-47602-7468]
Aug 27 21:04:31.784062 runningboardd(RunningBoard)[33] <Debug>: Removing events for context: 33-50450-7467 (target:[application<dev.selfhost.firstActivationProbe>:50450])
Aug 27 21:04:31.784494 sharingd[66] <Debug>: SystemUI unknown identifier: 'sceneID:dev.selfhost.firstActivationProbe-default'/ 'dev.selfhost.firstActivationProbe'
Aug 27 21:04:31.785636 bluetoothd(CoreUtils)[86] <Notice>: SystemUI unknown identifier: 'sceneID:dev.selfhost.firstActivationProbe-default' / 'dev.selfhost.firstActivationProbe'
        <SBSDisplayLayoutElement: 0x28361a760; sceneID:dev.selfhost.firstActivationProbe-default; bundleID: dev.selfhost.firstActivationProbe; frame: {{0, 0}, {375, 667}}; level: 1; role: primary>;
Aug 27 21:04:31.787819 runningboardd(RunningBoard)[33] <Debug>: [daemon<com.apple.SpringBoard>:47602] query resolved to [application<dev.selfhost.firstActivationProbe>:50450]
Aug 27 21:04:31.788087 Runner(CoreFoundation)[50450] <Debug>: found no value for key IncreaseButtonLegibilityEnabled in CFPrefsSearchListSource<0x2809f2f80> (Domain: dev.selfhost.firstActivationProbe, Container: (null))
Aug 27 21:04:31.788271 Runner(libAccessibility.dylib)[50450] <Debug>: CF Read: domain = dev.selfhost.firstActivationProbe, preference = IncreaseButtonLegibilityEnabled, appID = dev.selfhost.firstActivationProbe result = (null) (-1 - empty, 0 - false, 1 - true)
Aug 27 21:04:31.788391 Runner(CoreFoundation)[50450] <Debug>: found no value for key ReduceMotionAutoplayVideoPreviewsEnabled in CFPrefsSearchListSource<0x2809f2f80> (Domain: dev.selfhost.firstActivationProbe, Container: (null))
Aug 27 21:04:31.788549 Runner(libAccessibility.dylib)[50450] <Debug>: CF Read: domain = dev.selfhost.firstActivationProbe, preference = ReduceMotionAutoplayVideoPreviewsEnabled, appID = dev.selfhost.firstActivationProbe result = (null) (-1 - empty, 0 - false, 1 - true)
Aug 27 21:04:31.797904 dasd(RunningBoardServices)[94] <Info>: Update delivered for [application<dev.selfhost.firstActivationProbe>:50450] with taskState 4
Aug 27 21:04:31.798065 dasd(RunningBoardServices)[94] <Info>: Update skipped for [application<dev.selfhost.firstActivationProbe>:50450] with state: <RBSProcessState| task:running-active debug:none endowments:[
Aug 27 21:04:31.798217 dasd(RunningBoardServices)[94] <Info>: Update delivered for [application<dev.selfhost.firstActivationProbe>:50450] with taskState 4
Aug 27 21:04:31.798321 dasd(RunningBoardServices)[94] <Info>: Update skipped for [application<dev.selfhost.firstActivationProbe>:50450] with state: <RBSProcessState| task:running-active debug:none endowments:[
Aug 27 21:04:31.798440 dasd(RunningBoardServices)[94] <Info>: Update skipped for [application<dev.selfhost.firstActivationProbe>:50450] with state: <RBSProcessState| task:running-active debug:none endowments:[
Aug 27 21:04:31.801973 symptomsd(SymptomNetworkUsage)[170] <Debug>: Dynamic lookup for E01B2FEA-36F1-3C21-AADE-93AC8E03F45C found entry dev.selfhost.firstActivationProbe
Aug 27 21:04:31.808237 symptomsd(SymptomNetworkUsage)[170] <Debug>: Dynamic lookup for E01B2FEA-36F1-3C21-AADE-93AC8E03F45C found entry dev.selfhost.firstActivationProbe
Aug 27 21:04:31.822193 symptomsd(SymptomNetworkUsage)[170] <Info>: handleApplicationStateChangeForDisplayName: name dev.selfhost.firstActivationProbe uuid E01B2FEA-36F1-3C21-AADE-93AC8E03F45C pid 50450 state BKSApplicationStateForegroundRunning
Aug 27 21:04:31.822659 symptomsd(SymptomNetworkUsage)[170] <Debug>: Dynamic lookup for E01B2FEA-36F1-3C21-AADE-93AC8E03F45C found entry dev.selfhost.firstActivationProbe
Aug 27 21:04:31.823871 symptomsd(SymptomEvaluator)[170] <Info>: COSMCtrl foregroundAppObserver gets E01B2FEA-36F1-3C21-AADE-93AC8E03F45C for dev.selfhost.firstActivationProbe state 1
Aug 27 21:04:31.824024 symptomsd(SymptomEvaluator)[170] <Debug>: COSMCtrl _foregroundAppActivity entry for E01B2FEA-36F1-3C21-AADE-93AC8E03F45C -> dev.selfhost.firstActivationProbe  fg 1
Aug 27 21:04:31.824207 symptomsd(SymptomEvaluator)[170] <Debug>: COSMCtrl _foregroundAppActivity exit for E01B2FEA-36F1-3C21-AADE-93AC8E03F45C -> dev.selfhost.firstActivationProbe  policy id 0  fg 1 fg-activity 0
Aug 27 21:04:31.826446 symptomsd(SymptomEvaluator)[170] <Debug>: Flow data on entry is Runner TCP4 flow id 1184137 (close) so pkts rx 2 tx 2, bytes 311 424 cell 0 0 wifi 391 504 wired 0 0 deltas 311 424 0 0 391 504 0 0
src 1184137 snapshot: Runner TCP4 flow id 1184137 (close) so pkts rx 2 tx 2, bytes 311 424 cell 0 0 wifi 391 504 wired 0 0 deltas 311 424 0 0 391 504 0 0
Aug 27 21:04:31.826973 symptomsd(SymptomEvaluator)[170] <Debug>: --> activityBitmaps: adding new bitmaps for app [dev.selfhost.firstActivationProbe] with bitmaps starting at 1248712: [             0x1] [               0]
Aug 27 21:04:31.827064 symptomsd(SymptomEvaluator)[170] <Debug>: --> activityBitmaps for dev.selfhost.firstActivationProbe: current bitmaps stored before adding new bitmap: [Activity time: 11:04:05.000 -0400 (1246520) ] [wordOffset: 0, numOfWords:6] <  0x400000000009                0                0 0x2000000000001000                0                0 >
Aug 27 21:04:31.827219 symptomsd(SymptomEvaluator)[170] <Debug>: --> activityBitmaps for dev.selfhost.firstActivationProbe: flowId 1184137, startTime 1248712, new bitmap part1:              0x1, part2:                0
Aug 27 21:04:31.827299 symptomsd(SymptomEvaluator)[170] <Debug>: --> activityBitmaps for dev.selfhost.firstActivationProbe: current bitmaps stored after adding new bitmap: [Activity time: 11:04:05.000 -0400 (1246520) ] [wordOffset: 0, numOfWords:7] <  0x400000000009                0                0 0x2000000000001000          0x40000                0                0 >
Aug 27 21:04:31.827817 symptomsd(SymptomEvaluator)[170] <Debug>: found LU hint (mode: 1) for dev.selfhost.firstActivationProbe: 0x102829350, subscriber tag: 0
Aug 27 21:04:31.827960 symptomsd(SymptomEvaluator)[170] <Notice>: Data Usage for dev.selfhost.firstActivationProbe on flow 1184137 - WiFi in/out: 6791/5405, WiFi delta_in/delta_out: 391/504, Cell in/out: 0/0, Cell delta_in/delta_out: 0/0, RNF: 0, subscriber tag: 0
Aug 27 21:04:31.828082 symptomsd(SymptomEvaluator)[170] <Debug>: Data Usage for dev.selfhost.firstActivationProbe on flow 1184137 - Wired in/out: 0/0, Wired delta_in/delta_out: 0/0, subscriber tag: 0
Aug 27 21:04:31.828187 symptomsd(SymptomEvaluator)[170] <Debug>: Flow data on entry is Runner TCP4 flow id 1184138 (close) so pkts rx 2 tx 2, bytes 258 546 cell 0 0 wifi 338 626 wired 0 0 deltas 258 546 0 0 338 626 0 0
src 1184138 snapshot: Runner TCP4 flow id 1184138 (close) so pkts rx 2 tx 2, bytes 258 546 cell 0 0 wifi 338 626 wired 0 0 deltas 258 546 0 0 338 626 0 0
Aug 27 21:04:31.828708 symptomsd(SymptomEvaluator)[170] <Debug>: --> activityBitmaps: adding new bitmaps for app [dev.selfhost.firstActivationProbe] with bitmaps starting at 1248712: [             0x1] [               0]
Aug 27 21:04:31.828898 symptomsd(SymptomEvaluator)[170] <Debug>: --> activityBitmaps for dev.selfhost.firstActivationProbe: current bitmaps stored before adding new bitmap: [Activity time: 11:04:05.000 -0400 (1246520) ] [wordOffset: 0, numOfWords:7] <  0x400000000009                0                0 0x2000000000001000          0x40000                0                0 >
Aug 27 21:04:31.829013 symptomsd(SymptomEvaluator)[170] <Debug>: --> activityBitmaps for dev.selfhost.firstActivationProbe: flowId 1184138, startTime 1248712, new bitmap part1:              0x1, part2:                0
Aug 27 21:04:31.829094 symptomsd(SymptomEvaluator)[170] <Debug>: --> activityBitmaps for dev.selfhost.firstActivationProbe: current bitmaps stored after adding new bitmap: [Activity time: 11:04:05.000 -0400 (1246520) ] [wordOffset: 0, numOfWords:7] <  0x400000000009                0                0 0x2000000000001000          0x40000                0                0 >
Aug 27 21:04:31.830160 symptomsd(SymptomEvaluator)[170] <Debug>: found LU hint (mode: 1) for dev.selfhost.firstActivationProbe: 0x102829350, subscriber tag: 0
Aug 27 21:04:31.830292 symptomsd(SymptomEvaluator)[170] <Notice>: Data Usage for dev.selfhost.firstActivationProbe on flow 1184138 - WiFi in/out: 7129/6031, WiFi delta_in/delta_out: 338/626, Cell in/out: 0/0, Cell delta_in/delta_out: 0/0, RNF: 0, subscriber tag: 0
Aug 27 21:04:31.830393 symptomsd(SymptomEvaluator)[170] <Debug>: Data Usage for dev.selfhost.firstActivationProbe on flow 1184138 - Wired in/out: 0/0, Wired delta_in/delta_out: 0/0, subscriber tag: 0
Aug 27 21:04:31.830466 symptomsd(SymptomEvaluator)[170] <Info>: changedForegroundState to 1 for dev.selfhost.firstActivationProbe
Aug 27 21:04:31.830619 symptomsd(SymptomEvaluator)[170] <Debug>: app name dev.selfhost.firstActivationProbe isForeground 1  hasForegroundApps 1, current idea of foreground 0 disp (null)
Aug 27 21:04:31.830848 symptomsd(SymptomEvaluator)[170] <Notice>: dev.selfhost.firstActivationProbe: Foreground: true
Aug 27 21:04:31.831008 symptomsd(SymptomEvaluator)[170] <Debug>: found LU hint (mode: 1) for dev.selfhost.firstActivationProbe: 0x102829350, subscriber tag: 0
Aug 27 21:04:31.831113 symptomsd(SymptomEvaluator)[170] <Info>: Set appCompactState object 13160 for key dev.selfhost.firstActivationProbe
Aug 27 21:04:31.910682 biometrickitd(CoreMotion)[109] <Debug>: Ping timer fired, resetting watchdog
Aug 27 21:04:31.934193 SpringBoard(SplashBoard)[47602] <Info>: <XBApplicationSnapshot: 0x109d3cb20; …A909693DA7E7> [dev.selfhost.firstActivationProbe] Purging the cached image; force: 0; _imageAccessCount: 0; _keepImageAccessUntilExpiration: 0; _hasProtectedContent: 0; _keepImageAccessForPreheat: 0
Aug 27 21:04:32.123560 SpringBoard(FrontBoard)[47602] <Notice>: [application<dev.selfhost.firstActivationProbe>:50450] Now acquiring workspace assertion with state: ForegroundFocal.
Aug 27 21:04:32.140462 runningboardd(RunningBoard)[33] <Notice>: Acquiring assertion targeting [application<dev.selfhost.firstActivationProbe>:50450] from originator [daemon<com.apple.SpringBoard>:47602] with description <RBSAssertionDescriptor| "FBWorkspace (ForegroundFocal)" ID:33-47602-7470 target:50450 attributes:[
Aug 27 21:04:32.141338 runningboardd(RunningBoard)[33] <Notice>: Assertion 33-47602-7470 (target:[application<dev.selfhost.firstActivationProbe>:50450]) will be created as active
Aug 27 21:04:32.142381 runningboardd(RunningBoard)[33] <Debug>: BEGIN suppressing state updates for application<dev.selfhost.firstActivationProbe>
Aug 27 21:04:32.143203 runningboardd(RunningBoard)[33] <Debug>: Adding assertion 33-47602-7470 (target:[application<dev.selfhost.firstActivationProbe>:50450])
Aug 27 21:04:32.144116 runningboardd(RunningBoard)[33] <Debug>: Incrementing suppression state to 1 for application<dev.selfhost.firstActivationProbe>
Aug 27 21:04:32.145808 runningboardd(RunningBoard)[33] <Info>: application<dev.selfhost.firstActivationProbe> is now targeted by 5 assertions
Aug 27 21:04:32.147421 runningboardd(RunningBoard)[33] <Debug>: Updating events for assertion: 33-47602-7470 (target:[application<dev.selfhost.firstActivationProbe>:50450])
Aug 27 21:04:32.148259 runningboardd(RunningBoard)[33] <Notice>: Calculated state for application<dev.selfhost.firstActivationProbe>: running-active (role: UserInteractiveFocal)
Aug 27 21:04:32.149006 runningboardd(RunningBoard)[33] <Info>: [application<dev.selfhost.firstActivationProbe>:50450] Applying updated state
Aug 27 21:04:32.149852 runningboardd(RunningBoard)[33] <Debug>: Removing events for context: 33-47602-7470 (target:[application<dev.selfhost.firstActivationProbe>:50450])
Aug 27 21:04:32.150763 runningboardd(RunningBoard)[33] <Debug>: SUPPRESSING state update for application<dev.selfhost.firstActivationProbe>: <RBSProcessState| task:running-active debug:none terminationResistance:Interactive endowments:[
	<RBSProcessAssertionInfo| type:2 reason:10000 name:"Domain" domain:"com.apple.frontboard:Bootstrap-Foreground,com.apple.frontboard:Visibility" expl:"FBApplicationProcess">,
	<RBSProcessAssertionInfo| type:1 reason:0 name:"Custom" domain:"(null)" expl:"injecting inherited from "UIScene:com.apple.frontboard.systemappservices::com.apple.springboard" to 50450<UIScene:com.apple.frontboard.systemappservices::sceneID%3Adev.selfhost.firstActivationProbe-default>">
Aug 27 21:04:32.151796 runningboardd(RunningBoard)[33] <Debug>: Enqueueing events for assertion: 33-47602-7470 (target:[application<dev.selfhost.firstActivationProbe>:50450])
    <RBSInheritance| environment:UIScene:com.apple.frontboard.systemappservices::sceneID%3Adev.selfhost.firstActivationProbe-default name:com.apple.frontboard.visibility origID:33-47602-7468 payload>
Aug 27 21:04:32.153941 runningboardd(RunningBoard)[33] <Info>: Finished acquiring assertion 33-47602-7470 (target:[application<dev.selfhost.firstActivationProbe>:50450])
Aug 27 21:04:32.154414 runningboardd(RunningBoard)[33] <Debug>: Decrementing suppression state to 0 for application<dev.selfhost.firstActivationProbe>
Aug 27 21:04:32.155152 runningboardd(RunningBoard)[33] <Debug>: END suppressing state updates for application<dev.selfhost.firstActivationProbe>
Aug 27 21:04:32.156278 runningboardd(RunningBoard)[33] <Debug>: Sending state update for application<dev.selfhost.firstActivationProbe>: <RBSProcessState| task:running-active debug:none terminationResistance:Interactive endowments:[
	<RBSProcessAssertionInfo| type:2 reason:10000 name:"Domain" domain:"com.apple.frontboard:Bootstrap-Foreground,com.apple.frontboard:Visibility" expl:"FBApplicationProcess">,
	<RBSProcessAssertionInfo| type:1 reason:0 name:"Custom" domain:"(null)" expl:"injecting inherited from "UIScene:com.apple.frontboard.systemappservices::com.apple.springboard" to 50450<UIScene:com.apple.frontboard.systemappservices::sceneID%3Adev.selfhost.firstActivationProbe-default>">
Aug 27 21:04:32.158629 SpringBoard(FrontBoard)[47602] <Notice>: [application<dev.selfhost.firstActivationProbe>:50450] Dropping launch assertion.
Aug 27 21:04:32.161192 SpringBoard(RunningBoardServices)[47602] <Info>: Update skipped for [application<dev.selfhost.firstActivationProbe>:50450] with state: <RBSProcessState| task:running-active debug:none endowments:[
Aug 27 21:04:32.161805 SpringBoard(RunningBoardServices)[47602] <Info>: Update skipped for [application<dev.selfhost.firstActivationProbe>:50450] with state: <RBSProcessState| task:running-active debug:none endowments:[
Aug 27 21:04:32.162106 Runner(RunningBoardServices)[50450] <Debug>: Received message from server: async_didChangeInheritances:completion:
Aug 27 21:04:32.162399 SpringBoard(RunningBoardServices)[47602] <Info>: Update skipped for [application<dev.selfhost.firstActivationProbe>:50450] with state: <RBSProcessState| task:running-active debug:none endowments:[
Aug 27 21:04:32.162614 Runner(RunningBoardServices)[50450] <Info>: didChangeInheritances
Aug 27 21:04:32.162899 runningboardd(RunningBoard)[33] <Notice>: Invalidating assertion 33-47602-7464 (target:application<dev.selfhost.firstActivationProbe>) from originator [daemon<com.apple.SpringBoard>:47602]
Aug 27 21:04:32.163179 Runner(RunningBoardServices)[50450] <Info>: didChangeInheritances: <RBSInheritanceChangeSet| gained:{(
Aug 27 21:04:32.165303 mediaserverd(RunningBoardServices)[36] <Info>: Update skipped for [application<dev.selfhost.firstActivationProbe>:50450] with state: <RBSProcessState| task:running-active debug:none endowments:[
Aug 27 21:04:32.165901 mediaserverd(RunningBoardServices)[36] <Info>: Update skipped for [application<dev.selfhost.firstActivationProbe>:50450] with state: <RBSProcessState| task:running-active debug:none endowments:[
Aug 27 21:04:32.168697 kbd(RunningBoardServices)[303] <Info>: Update skipped for [application<dev.selfhost.firstActivationProbe>:50450] with state: <RBSProcessState| task:running-active debug:none endowments:[
Aug 27 21:04:32.169343 SpringBoard(RunningBoardServices)[47602] <Info>: Update skipped for [application<dev.selfhost.firstActivationProbe>:50450] with state: <RBSProcessState| task:running-active debug:none endowments:[
Aug 27 21:04:32.169912 SpringBoard(RunningBoardServices)[47602] <Info>: Update skipped for [application<dev.selfhost.firstActivationProbe>:50450] with state: <RBSProcessState| task:running-active debug:none endowments:[
Aug 27 21:04:32.173849 UserEventAgent(RunningBoardServices)[30] <Info>: Update skipped for [application<dev.selfhost.firstActivationProbe>:50450] with state: <RBSProcessState| task:running-active debug:none endowments:[
	<RBSProcessAssertionInfo| type:2 reason:10000 name:"Domain" domain:"com.apple.frontboard:Bootstrap-Foreground,com.apple.frontboard:Visibility" expl:"FBApplicationProcess">,
	<RBSProcessAssertionInfo| type:1 reason:0 name:"Custom" domain:"(null)" expl:"injecting inherited from "UIScene:com.apple.frontboard.systemappservices::com.apple.springboard" to 50450<UIScene:com.apple.frontboard.systemappservices::sceneID%3Adev.selfhost.firstActivationProbe-default>">
Aug 27 21:04:32.177012 watchdogd(RunningBoardServices)[57] <Debug>: Received message from server: async_observedProcessStatesDidChange:completion:
Aug 27 21:04:32.180379 backboardd(RunningBoardServices)[65] <Info>: Update skipped for [application<dev.selfhost.firstActivationProbe>:50450] with state: <RBSProcessState| task:running-active debug:none endowments:[
Aug 27 21:04:32.185061 CommCenter(RunningBoardServices)[90] <Info>: Update skipped for [application<dev.selfhost.firstActivationProbe>:50450] with state: <RBSProcessState| task:running-active debug:none endowments:[
Aug 27 21:04:32.193032 locationd(RunningBoardServices)[69] <Info>: Update skipped for [application<dev.selfhost.firstActivationProbe>:50450] with state: <RBSProcessState| task:running-active debug:none endowments:[
Aug 27 21:04:32.196888 watchdogd(RunningBoardServices)[57] <Info>: observedProcessStatesDidChange
Aug 27 21:04:32.197503 watchdogd(RunningBoardServices)[57] <Debug>: Decoded RBSProcessHandle with IPC ID 1c22c04a0000c512
Aug 27 21:04:32.202919 contextstored(RunningBoardServices)[61] <Info>: Update skipped for [application<dev.selfhost.firstActivationProbe>:50450] with state: <RBSProcessState| task:running-active debug:none endowments:[
Aug 27 21:04:32.204655 watchdogd(RunningBoardServices)[57] <Notice>: Received state update for 50450
Aug 27 21:04:32.205054 useractivityd(RunningBoardServices)[184] <Info>: Update skipped for [application<dev.selfhost.firstActivationProbe>:50450] with state: <RBSProcessState| task:running-active debug:none endowments:[
Aug 27 21:04:32.206393 wifid(RunningBoardServices)[52] <Info>: Update skipped for [application<dev.selfhost.firstActivationProbe>:50450] with state: <RBSProcessState| task:running-active debug:none endowments:[
Aug 27 21:04:32.207546 symptomsd(RunningBoardServices)[170] <Info>: Update skipped for [application<dev.selfhost.firstActivationProbe>:50450] with state: <RBSProcessState| task:running-active debug:none endowments:[
Aug 27 21:04:32.208292 watchdogd(RunningBoardServices)[57] <Info>: Update skipped for [application<dev.selfhost.firstActivationProbe>:50450] with state: <RBSProcessState| task:running-active debug:none endowments:[
Aug 27 21:04:32.209218 callservicesd(RunningBoardServices)[131] <Info>: Update skipped for [application<dev.selfhost.firstActivationProbe>:50450] with state: <RBSProcessState| task:running-active debug:none endowments:[
Aug 27 21:04:32.210537 aggregated(RunningBoardServices)[50213] <Info>: Update skipped for [application<dev.selfhost.firstActivationProbe>:50450] with state: <RBSProcessState| task:running-active debug:none endowments:[
Aug 27 21:04:32.212143 UserEventAgent(RunningBoardServices)[30] <Info>: Update delivered for [application<dev.selfhost.firstActivationProbe>:50450] with taskState 4
Aug 27 21:04:32.213223 dasd(RunningBoardServices)[94] <Info>: Update skipped for [application<dev.selfhost.firstActivationProbe>:50450] with state: <RBSProcessState| task:running-active debug:none endowments:[
Aug 27 21:04:32.214046 dasd(RunningBoardServices)[94] <Info>: Update skipped for [application<dev.selfhost.firstActivationProbe>:50450] with state: <RBSProcessState| task:running-active debug:none endowments:[
Aug 27 21:04:32.214458 dasd(RunningBoardServices)[94] <Info>: Update skipped for [application<dev.selfhost.firstActivationProbe>:50450] with state: <RBSProcessState| task:running-active debug:none endowments:[
Aug 27 21:04:32.255196 runningboardd(RunningBoard)[33] <Debug>: Updating events for assertion: 33-47602-7464 (target:application<dev.selfhost.firstActivationProbe>)
Aug 27 21:04:32.255678 runningboardd(RunningBoard)[33] <Debug>: Removing assertion 33-47602-7464 on application<dev.selfhost.firstActivationProbe>
Aug 27 21:04:32.256048 runningboardd(RunningBoard)[33] <Debug>: Removing events for context: 33-47602-7464 (target:application<dev.selfhost.firstActivationProbe>)
Aug 27 21:04:32.257933 runningboardd(RunningBoard)[33] <Debug>: > application<dev.selfhost.firstActivationProbe> ['FBWorkspace (ForegroundFocal)'] [33-47602-7470]
Aug 27 21:04:32.259732 runningboardd(RunningBoard)[33] <Debug>: > application<dev.selfhost.firstActivationProbe> ['com.apple.frontboard.after-life.interrupted'] [33-47602-7466]
Aug 27 21:04:32.267983 runningboardd(RunningBoard)[33] <Debug>: > application<dev.selfhost.firstActivationProbe> ['injecting inherited from "UIScene:com.apple.frontboard.systemappservices::com.apple.springboard" to 50450<UIScene:com.apple.frontboard.systemappservices::sceneID%3Adev.selfhost.firstActivationProbe-default>'] [33-47602-7468]
Aug 27 21:04:32.268423 runningboardd(RunningBoard)[33] <Info>: application<dev.selfhost.firstActivationProbe> is now targeted by 4 assertions
Aug 27 21:04:32.269267 runningboardd(RunningBoard)[33] <Debug>: > 47602 ['injecting inherited from "UIScene:com.apple.frontboard.systemappservices::com.apple.springboard" to 50450<UIScene:com.apple.frontboard.systemappservices::sceneID%3Adev.selfhost.firstActivationProbe-default>'] [33-47602-7468]
Aug 27 21:04:32.270860 runningboardd(RunningBoard)[33] <Info>: [application<dev.selfhost.firstActivationProbe>:50450] Applying updated state
Aug 27 21:04:32.271315 runningboardd(RunningBoard)[33] <Notice>: Calculated state for application<dev.selfhost.firstActivationProbe>: running-active (role: UserInteractiveFocal)
    <RBSInheritance| environment:UIScene:com.apple.frontboard.systemappservices::sceneID%3Adev.selfhost.firstActivationProbe-default name:com.apple.frontboard.visibility origID:33-47602-7468 payload>,
Aug 27 21:04:32.272644 runningboardd(RunningBoard)[33] <Debug>: Sending state update for application<dev.selfhost.firstActivationProbe>: <RBSProcessState| task:running-active debug:none terminationResistance:Interactive endowments:[
	<RBSProcessAssertionInfo| type:1 reason:0 name:"Custom" domain:"(null)" expl:"injecting inherited from "UIScene:com.apple.frontboard.systemappservices::com.apple.springboard" to 50450<UIScene:com.apple.frontboard.systemappservices::sceneID%3Adev.selfhost.firstActivationProbe-default>">,
Aug 27 21:04:32.273050 runningboardd(RunningBoard)[33] <Debug>: BEGIN suppressing state updates for application<dev.selfhost.firstActivationProbe>
Aug 27 21:04:32.275525 SpringBoard(RunningBoardServices)[47602] <Info>: Update skipped for [application<dev.selfhost.firstActivationProbe>:50450] with state: <RBSProcessState| task:running-active debug:none endowments:[
Aug 27 21:04:32.278002 runningboardd(RunningBoard)[33] <Debug>: Incrementing suppression state to 1 for application<dev.selfhost.firstActivationProbe>
Aug 27 21:04:32.278346 SpringBoard(RunningBoardServices)[47602] <Info>: Update skipped for [application<dev.selfhost.firstActivationProbe>:50450] with state: <RBSProcessState| task:running-active debug:none endowments:[
Aug 27 21:04:32.278679 powerd[43] <Notice>: Process runningboardd.33 Released SystemIsActive "application<dev.selfhost.firstActivationProbe>;(null):(null);33-47602-7464:FBApplicationProcess" age:00:00:01  id:51539649938 [System: SysAct]
Aug 27 21:04:32.279341 SpringBoard(RunningBoardServices)[47602] <Info>: Update skipped for [application<dev.selfhost.firstActivationProbe>:50450] with state: <RBSProcessState| task:running-active debug:none endowments:[
Aug 27 21:04:32.279638 Runner(RunningBoardServices)[50450] <Debug>: Received message from server: async_didChangeInheritances:completion:
Aug 27 21:04:32.280244 Runner(RunningBoardServices)[50450] <Info>: didChangeInheritances
Aug 27 21:04:32.280908 Runner(RunningBoardServices)[50450] <Info>: didChangeInheritances: <RBSInheritanceChangeSet| gained:(null) lost:{(
Aug 27 21:04:32.281275 mediaserverd(RunningBoardServices)[36] <Info>: Update skipped for [application<dev.selfhost.firstActivationProbe>:50450] with state: <RBSProcessState| task:running-active debug:none endowments:[
Aug 27 21:04:32.281612 mediaserverd(RunningBoardServices)[36] <Info>: Update skipped for [application<dev.selfhost.firstActivationProbe>:50450] with state: <RBSProcessState| task:running-active debug:none endowments:[
Aug 27 21:04:32.281970 SpringBoard(RunningBoardServices)[47602] <Info>: Update skipped for [application<dev.selfhost.firstActivationProbe>:50450] with state: <RBSProcessState| task:running-active debug:none endowments:[
Aug 27 21:04:32.282286 SpringBoard(RunningBoardServices)[47602] <Info>: Update skipped for [application<dev.selfhost.firstActivationProbe>:50450] with state: <RBSProcessState| task:running-active debug:none endowments:[
Aug 27 21:04:32.284288 kbd(RunningBoardServices)[303] <Info>: Update skipped for [application<dev.selfhost.firstActivationProbe>:50450] with state: <RBSProcessState| task:running-active debug:none endowments:[
Aug 27 21:04:32.289785 backboardd(RunningBoardServices)[65] <Info>: Update skipped for [application<dev.selfhost.firstActivationProbe>:50450] with state: <RBSProcessState| task:running-active debug:none endowments:[
Aug 27 21:04:32.290157 UserEventAgent(RunningBoardServices)[30] <Info>: Update skipped for [application<dev.selfhost.firstActivationProbe>:50450] with state: <RBSProcessState| task:running-active debug:none endowments:[
	<RBSProcessAssertionInfo| type:1 reason:0 name:"Custom" domain:"(null)" expl:"injecting inherited from "UIScene:com.apple.frontboard.systemappservices::com.apple.springboard" to 50450<UIScene:com.apple.frontboard.systemappservices::sceneID%3Adev.selfhost.firstActivationProbe-default>">,
Aug 27 21:04:32.290727 watchdogd(RunningBoardServices)[57] <Debug>: Received message from server: async_observedProcessStatesDidChange:completion:
Aug 27 21:04:32.290965 watchdogd(RunningBoardServices)[57] <Info>: observedProcessStatesDidChange
Aug 27 21:04:32.294300 CommCenter(RunningBoardServices)[90] <Info>: Update skipped for [application<dev.selfhost.firstActivationProbe>:50450] with state: <RBSProcessState| task:running-active debug:none endowments:[
Aug 27 21:04:32.312301 watchdogd(RunningBoardServices)[57] <Debug>: Decoded RBSProcessHandle with IPC ID 1c22c04a0000c512
Aug 27 21:04:32.321699 locationd(RunningBoardServices)[69] <Info>: Update skipped for [application<dev.selfhost.firstActivationProbe>:50450] with state: <RBSProcessState| task:running-active debug:none endowments:[
Aug 27 21:04:32.322308 symptomsd(RunningBoardServices)[170] <Info>: Update skipped for [application<dev.selfhost.firstActivationProbe>:50450] with state: <RBSProcessState| task:running-active debug:none endowments:[
Aug 27 21:04:32.322918 watchdogd(RunningBoardServices)[57] <Notice>: Received state update for 50450
Aug 27 21:04:32.323316 wifid(RunningBoardServices)[52] <Info>: Update skipped for [application<dev.selfhost.firstActivationProbe>:50450] with state: <RBSProcessState| task:running-active debug:none endowments:[
Aug 27 21:04:32.324099 useractivityd(RunningBoardServices)[184] <Info>: Update skipped for [application<dev.selfhost.firstActivationProbe>:50450] with state: <RBSProcessState| task:running-active debug:none endowments:[
Aug 27 21:04:32.324521 aggregated(RunningBoardServices)[50213] <Info>: Update skipped for [application<dev.selfhost.firstActivationProbe>:50450] with state: <RBSProcessState| task:running-active debug:none endowments:[
Aug 27 21:04:32.325832 dasd(RunningBoardServices)[94] <Info>: Update skipped for [application<dev.selfhost.firstActivationProbe>:50450] with state: <RBSProcessState| task:running-active debug:none endowments:[
Aug 27 21:04:32.326590 dasd(RunningBoardServices)[94] <Info>: Update skipped for [application<dev.selfhost.firstActivationProbe>:50450] with state: <RBSProcessState| task:running-active debug:none endowments:[
Aug 27 21:04:32.327716 watchdogd(RunningBoardServices)[57] <Info>: Update skipped for [application<dev.selfhost.firstActivationProbe>:50450] with state: <RBSProcessState| task:running-active debug:none endowments:[
Aug 27 21:04:32.329770 callservicesd(RunningBoardServices)[131] <Info>: Update skipped for [application<dev.selfhost.firstActivationProbe>:50450] with state: <RBSProcessState| task:running-active debug:none endowments:[
Aug 27 21:04:32.330013 UserEventAgent(RunningBoardServices)[30] <Info>: Update delivered for [application<dev.selfhost.firstActivationProbe>:50450] with taskState 4
Aug 27 21:04:32.330218 contextstored(RunningBoardServices)[61] <Info>: Update skipped for [application<dev.selfhost.firstActivationProbe>:50450] with state: <RBSProcessState| task:running-active debug:none endowments:[
Aug 27 21:04:32.330634 dasd(RunningBoardServices)[94] <Info>: Update skipped for [application<dev.selfhost.firstActivationProbe>:50450] with state: <RBSProcessState| task:running-active debug:none endowments:[
Aug 27 21:04:32.360611 runningboardd(RunningBoard)[33] <Debug>: Decrementing suppression state to 0 for application<dev.selfhost.firstActivationProbe>
Aug 27 21:04:32.360903 runningboardd(RunningBoard)[33] <Debug>: END suppressing state updates for application<dev.selfhost.firstActivationProbe>
Aug 27 21:04:32.549329 watchdogd[57] <Debug>: 1248720268268041: <private>
Aug 27 21:04:32.553749 watchdogd[57] <Info>: 1248720268603000: <private>
Aug 27 21:04:32.555317 watchdogd[57] <Debug>: 1248720268726375: <private>
Aug 27 21:04:32.557293 watchdogd[57] <Info>: 1248720268733125: <private>
Aug 27 21:04:32.558108 watchdogd[57] <Debug>: 1248720268985375: <private>
Aug 27 21:04:32.558998 watchdogd[57] <Debug>: 1248720269146208: <private>
Aug 27 21:04:32.559774 watchdogd[57] <Debug>: 1248720269348625: <private>
Aug 27 21:04:32.560488 watchdogd[57] <Debug>: 1248720269370916: <private>
Aug 27 21:04:32.561217 watchdogd[57] <Debug>: 1248720269685375: <private>
Aug 27 21:04:32.561787 watchdogd[57] <Debug>: 1248720269805708: <private>
Aug 27 21:04:32.562401 watchdogd[57] <Info>: 1248720269837208: <private>
Aug 27 21:04:32.563435 watchdogd[57] <Info>: 1248720269846625: <private>
Aug 27 21:04:32.565347 watchdogd[57] <Info>: 1248720269850041: <private>
Aug 27 21:04:32.566209 watchdogd[57] <Info>: 1248720269852791: <private>
Aug 27 21:04:32.567242 watchdogd[57] <Info>: 1248720269855166: <private>
Aug 27 21:04:32.568066 watchdogd[57] <Info>: 1248720269857458: <private>
Aug 27 21:04:32.569025 watchdogd[57] <Info>: 1248720269859750: <private>
Aug 27 21:04:32.569801 watchdogd[57] <Info>: 1248720269862000: <private>
Aug 27 21:04:32.570612 Runner(CoreFoundation)[50450] <Debug>: found no value for key QuickSpeak in CFPrefsSearchListSource<0x2809f7480> (Domain: com.apple.Accessibility, Container: (null))
Aug 27 21:04:32.571333 Runner(libAccessibility.dylib)[50450] <Debug>: CF Read: domain = com.apple.Accessibility, preference = QuickSpeak, appID = (null) result = (null) (-1 - empty, 0 - false, 1 - true)
Aug 27 21:04:32.572112 Runner(CoreFoundation)[50450] <Debug>: found no value for key QuickSpeak in CFPrefsPlistSource<0x2809f7500> (Domain: com.apple.Accessibility, User: kCFPreferencesCurrentUser, ByHost: No, Container: (null), Contents Need Refresh: No)
Aug 27 21:04:33.648869 runningboardd(RunningBoard)[33] <Info>: _requestedJetsamPriority = 6, _executablePath = /System/Library/PrivateFrameworks/MobileBackup.framework/backupd
Aug 27 21:04:33.652285 runningboardd(RunningBoard)[33] <Info>: _requestedJetsamPriority = 6, _executablePath = /System/Library/PrivateFrameworks/MobileBackup.framework/backupd
Aug 27 21:04:33.656944 runningboardd(RunningBoard)[33] <Debug>: Sending state update for daemon<com.apple.backupd>: <RBSProcessState| task:running debug:none terminationResistance:None>
Aug 27 21:04:34.089867 mediaserverd(CoreMotion)[36] <Debug>: Ping timer fired, resetting watchdog
Aug 27 21:04:34.119113 nearbyd(CoreMotion)[157] <Debug>: Ping timer fired, resetting watchdog
Aug 27 21:04:34.183015 locationd[69] <Debug>: Ping timer fired, resetting watchdog
Aug 27 21:04:35.895907 wifid(WiFiPolicy)[52] <Notice>: __WiFiLQAMgrLogStats(tech support:Stationary): Rssi: -38 {-37 0} Channel: 44 Bandwidth: 80Mhz Snr: 35 Cca: 18 (S:0 O:0 I:0) TxPer: 0.0% (13) BcnPer: 0.0% (0, 50.5%) RxFrms: 17 RxRetryFrames: 0 TxRate: 24000 RxRate: 866667 FBRate: 468000 TxFwFrms: 2 TxFwFail: 0 TxReTrans: 7 time: 1384.6secs fgApp: dev.selfhost.firstActivationProbe
Aug 27 21:04:36.070885 SpringBoard(CoreMotion)[47602] <Debug>: Ping timer fired, resetting watchdog
Aug 27 21:04:36.518264 backboardd(CoreMotion)[65] <Debug>: Ping timer fired, resetting watchdog
Aug 27 21:04:36.944410 biometrickitd(CoreMotion)[109] <Debug>: Ping timer fired, resetting watchdog
Aug 27 21:04:38.053497 locationd[69] <Debug>: Fence: cancelLocationWatchdog, num fences, 1, location type, <private>
Aug 27 21:04:38.054114 locationd[69] <Debug>: Fence: cancelLocationWatchdog
Aug 27 21:04:39.089578 mediaserverd(CoreMotion)[36] <Debug>: Ping timer fired, resetting watchdog
Aug 27 21:04:39.121479 nearbyd(CoreMotion)[157] <Debug>: Ping timer fired, resetting watchdog
Aug 27 21:04:39.182954 locationd[69] <Debug>: Ping timer fired, resetting watchdog
Aug 27 21:04:40.942971 wifid(WiFiPolicy)[52] <Notice>: __WiFiLQAMgrLogStats(tech support:Stationary): Rssi: -37 {-37 0} Channel: 44 Bandwidth: 80Mhz Snr: 35 Cca: 14 (S:0 O:0 I:0) TxPer: 0.0% (0) BcnPer: 1.1% (94, 50.5%) RxFrms: 1 RxRetryFrames: 0 TxRate: 24000 RxRate: 866667 FBRate: 468000 TxFwFrms: 6 TxFwFail: 0 TxReTrans: 0 time: 1389.6secs fgApp: dev.selfhost.firstActivationProbe
Aug 27 21:04:41.069007 SpringBoard(CoreMotion)[47602] <Debug>: Ping timer fired, resetting watchdog
Aug 27 21:04:41.514608 backboardd(CoreMotion)[65] <Debug>: Ping timer fired, resetting watchdog
Aug 27 21:04:41.910209 biometrickitd(CoreMotion)[109] <Debug>: Ping timer fired, resetting watchdog
Aug 27 21:04:42.550000 watchdogd[57] <Debug>: 1248730268746458: <private>
Aug 27 21:04:42.554842 watchdogd[57] <Info>: 1248730269304125: <private>
Aug 27 21:04:42.556446 watchdogd[57] <Debug>: 1248730269453541: <private>
Aug 27 21:04:42.557316 watchdogd[57] <Info>: 1248730269464750: <private>
Aug 27 21:04:42.558148 watchdogd[57] <Debug>: 1248730269585750: <private>
Aug 27 21:04:42.559027 watchdogd[57] <Debug>: 1248730270100333: <private>
Aug 27 21:04:42.559853 watchdogd[57] <Debug>: 1248730270599666: <private>
Aug 27 21:04:42.560855 watchdogd[57] <Debug>: 1248730271240708: <private>
Aug 27 21:04:42.561690 watchdogd[57] <Debug>: 1248730271565208: <private>
Aug 27 21:04:42.562510 watchdogd[57] <Debug>: 1248730271787958: <private>
Aug 27 21:04:42.563227 watchdogd[57] <Info>: 1248730271847583: <private>
Aug 27 21:04:42.564030 watchdogd[57] <Info>: 1248730271862416: <private>
Aug 27 21:04:42.564746 watchdogd[57] <Info>: 1248730271868208: <private>
Aug 27 21:04:42.565344 watchdogd[57] <Info>: 1248730271873166: <private>
Aug 27 21:04:42.565827 watchdogd[57] <Info>: 1248730271877791: <private>
Aug 27 21:04:42.566929 watchdogd[57] <Info>: 1248730271882000: <private>
Aug 27 21:04:42.567707 watchdogd[57] <Info>: 1248730271886333: <private>
Aug 27 21:04:42.568487 watchdogd[57] <Info>: 1248730271890250: <private>
Aug 27 21:04:44.089194 mediaserverd(CoreMotion)[36] <Debug>: Ping timer fired, resetting watchdog
Aug 27 21:04:44.121427 nearbyd(CoreMotion)[157] <Debug>: Ping timer fired, resetting watchdog
Aug 27 21:04:44.182501 locationd[69] <Debug>: Ping timer fired, resetting watchdog
Aug 27 21:04:45.905625 runningboardd(RunningBoard)[33] <Info>: _requestedJetsamPriority = 4, _executablePath = /Developer/usr/bin/ScreenShotr
Aug 27 21:04:45.909191 runningboardd(RunningBoard)[33] <Info>: _requestedJetsamPriority = 4, _executablePath = /Developer/usr/bin/ScreenShotr
Aug 27 21:04:45.910104 SpringBoard(FrontBoard)[47602] <Notice>: Asked to bootstrap a new process for handle: [anon<ScreenShotr>:50453]
Aug 27 21:04:45.910879 SpringBoard(FrontBoard)[47602] <Notice>: Bootstrapping anon<ScreenShotr>
Aug 27 21:04:45.910989 SpringBoard(FrontBoard)[47602] <Notice>: [anon<ScreenShotr>:50453] Bootstrap success!
Aug 27 21:04:45.911411 runningboardd(RunningBoard)[33] <Debug>: Sending state update for anon<ScreenShotr>: <RBSProcessState| task:running debug:none terminationResistance:None>
Aug 27 21:04:45.939341 wifid(WiFiPolicy)[52] <Notice>: __WiFiLQAMgrLogStats(tech support:Stationary): Rssi: -37 {-36 0} Channel: 44 Bandwidth: 80Mhz Snr: 35 Cca: 33 (S:0 O:0 I:0) TxPer: 0.0% (0) BcnPer: 0.0% (0, 50.5%) RxFrms: 3 RxRetryFrames: 0 TxRate: 24000 RxRate: 866667 FBRate: 468000 TxFwFrms: 3 TxFwFail: 0 TxReTrans: 0 time: 1394.6secs fgApp: dev.selfhost.firstActivationProbe
Aug 27 21:04:46.068844 SpringBoard(CoreMotion)[47602] <Debug>: Ping timer fired, resetting watchdog
Aug 27 21:04:46.118184 runningboardd(RunningBoard)[33] <Notice>: [anon<ScreenShotr>:50453] termination reported by launchd (0, 0, 0)
Aug 27 21:04:46.119195 runningboardd(RunningBoard)[33] <Notice>: Removing assertions for terminated process: [anon<ScreenShotr>:50453]
Aug 27 21:04:46.120167 runningboardd(RunningBoard)[33] <Debug>: Sending state update for anon<ScreenShotr>: <RBSProcessState| task:none debug:none terminationResistance:None>
Aug 27 21:04:46.513863 backboardd(CoreMotion)[65] <Debug>: Ping timer fired, resetting watchdog
Aug 27 21:04:46.910562 biometrickitd(CoreMotion)[109] <Debug>: Ping timer fired, resetting watchdog
Aug 27 21:04:49.091469 mediaserverd(CoreMotion)[36] <Debug>: Ping timer fired, resetting watchdog
Aug 27 21:04:49.129132 nearbyd(CoreMotion)[157] <Debug>: Ping timer fired, resetting watchdog
Aug 27 21:04:49.182597 locationd[69] <Debug>: Ping timer fired, resetting watchdog
Aug 27 21:04:50.949260 wifid(WiFiPolicy)[52] <Notice>: __WiFiLQAMgrLogStats(tech support:Stationary): Rssi: -38 {-37 0} Channel: 44 Bandwidth: 80Mhz Snr: 35 Cca: 33 (S:0 O:0 I:0) TxPer: 0.0% (0) BcnPer: 2.0% (98, 50.5%) RxFrms: 2 RxRetryFrames: 0 TxRate: 24000 RxRate: 866667 FBRate: 468000 TxFwFrms: 0 TxFwFail: 0 TxReTrans: 0 time: 1399.6secs fgApp: dev.selfhost.firstActivationProbe
Aug 27 21:04:51.082718 SpringBoard(CoreMotion)[47602] <Debug>: Ping timer fired, resetting watchdog
Aug 27 21:04:51.515483 backboardd(CoreMotion)[65] <Debug>: Ping timer fired, resetting watchdog
Aug 27 21:04:51.911774 biometrickitd(CoreMotion)[109] <Debug>: Ping timer fired, resetting watchdog
Aug 27 21:04:52.546971 watchdogd[57] <Debug>: 1248740269382916: <private>
Aug 27 21:04:52.547795 watchdogd[57] <Info>: 1248740269616833: <private>
Aug 27 21:04:52.548848 watchdogd[57] <Debug>: 1248740269675000: <private>
Aug 27 21:04:52.549500 watchdogd[57] <Debug>: 1248740269969041: <private>
Aug 27 21:04:52.550148 watchdogd[57] <Debug>: 1248740270169625: <private>
Aug 27 21:04:52.550587 watchdogd[57] <Info>: 1248740270173500: <private>
Aug 27 21:04:52.550910 watchdogd[57] <Debug>: 1248740270348125: <private>
Aug 27 21:04:52.551233 watchdogd[57] <Debug>: 1248740270362291: <private>
Aug 27 21:04:52.551771 watchdogd[57] <Debug>: 1248740270593916: <private>
Aug 27 21:04:52.552371 watchdogd[57] <Debug>: 1248740270657958: <private>
Aug 27 21:04:52.552916 watchdogd[57] <Info>: 1248740270678916: <private>
Aug 27 21:04:52.553494 watchdogd[57] <Info>: 1248740270685625: <private>
Aug 27 21:04:52.554122 watchdogd[57] <Info>: 1248740270688041: <private>
Aug 27 21:04:52.554720 watchdogd[57] <Info>: 1248740270689875: <private>
Aug 27 21:04:52.555188 watchdogd[57] <Info>: 1248740270691500: <private>
Aug 27 21:04:52.555977 watchdogd[57] <Info>: 1248740270693000: <private>
Aug 27 21:04:52.556566 watchdogd[57] <Info>: 1248740270694500: <private>
Aug 27 21:04:52.557091 watchdogd[57] <Info>: 1248740270696000: <private>
Aug 27 21:04:52.557685 watchdogd[57] <Info>: 1248740271000083: <private>
Aug 27 21:04:54.087136 mediaserverd(CoreMotion)[36] <Debug>: Ping timer fired, resetting watchdog
Aug 27 21:04:54.114737 nearbyd(CoreMotion)[157] <Debug>: Ping timer fired, resetting watchdog
Aug 27 21:04:54.181757 locationd[69] <Debug>: Ping timer fired, resetting watchdog
Aug 27 21:04:54.390693 routined(libcoreroutine.dylib)[38] <Debug>: pipeline, com.apple.routined.visit.pipeline.realtime-low-confidence, iteration, 3373, is terminated by <private>
Aug 27 21:04:54.412662 routined(libcoreroutine.dylib)[38] <Debug>: pipeline, com.apple.routined.visit.pipeline.realtime-high-confidence, iteration, 3373, is terminated by <private>
Aug 27 21:04:55.949995 wifid(WiFiPolicy)[52] <Notice>: __WiFiLQAMgrLogStats(tech support:Stationary): Rssi: -38 {-37 0} Channel: 44 Bandwidth: 80Mhz Snr: 35 Cca: 33 (S:0 O:0 I:0) TxPer: 0.0% (0) BcnPer: 0.0% (0, 50.5%) RxFrms: 2 RxRetryFrames: 0 TxRate: 24000 RxRate: 866667 FBRate: 468000 TxFwFrms: 0 TxFwFail: 0 TxReTrans: 0 time: 1404.6secs fgApp: dev.selfhost.firstActivationProbe
Aug 27 21:04:56.070002 SpringBoard(CoreMotion)[47602] <Debug>: Ping timer fired, resetting watchdog
Aug 27 21:04:56.513727 backboardd(CoreMotion)[65] <Debug>: Ping timer fired, resetting watchdog
Aug 27 21:04:56.911592 biometrickitd(CoreMotion)[109] <Debug>: Ping timer fired, resetting watchdog
Aug 27 21:04:59.087349 mediaserverd(CoreMotion)[36] <Debug>: Ping timer fired, resetting watchdog
Aug 27 21:04:59.120807 nearbyd(CoreMotion)[157] <Debug>: Ping timer fired, resetting watchdog
Aug 27 21:04:59.181530 locationd[69] <Debug>: Ping timer fired, resetting watchdog
Aug 27 21:05:00.966980 wifid(WiFiPolicy)[52] <Notice>: __WiFiLQAMgrLogStats(tech support:Stationary): Rssi: -38 {-37 0} Channel: 44 Bandwidth: 80Mhz Snr: 35 Cca: 33 (S:0 O:0 I:0) TxPer: 0.0% (0) BcnPer: 2.0% (98, 50.5%) RxFrms: 5 RxRetryFrames: 0 TxRate: 24000 RxRate: 866667 FBRate: 468000 TxFwFrms: 0 TxFwFail: 0 TxReTrans: 0 time: 1409.6secs fgApp: dev.selfhost.firstActivationProbe
Aug 27 21:05:01.069336 SpringBoard(CoreMotion)[47602] <Debug>: Ping timer fired, resetting watchdog
Aug 27 21:05:01.514894 backboardd(CoreMotion)[65] <Debug>: Ping timer fired, resetting watchdog
Aug 27 21:05:01.911301 biometrickitd(CoreMotion)[109] <Debug>: Ping timer fired, resetting watchdog
Aug 27 21:05:02.578524 watchdogd[57] <Debug>: 1248750269706541: <private>
Aug 27 21:05:02.579076 watchdogd[57] <Info>: 1248750270070625: <private>
Aug 27 21:05:02.579506 watchdogd[57] <Debug>: 1248750270277000: <private>
Aug 27 21:05:02.579983 watchdogd[57] <Debug>: 1248750270396208: <private>
Aug 27 21:05:02.580385 watchdogd[57] <Info>: 1248750270402000: <private>
Aug 27 21:05:02.580851 watchdogd[57] <Debug>: 1248750270576583: <private>
Aug 27 21:05:02.581243 watchdogd[57] <Debug>: 1248750270897250: <private>
Aug 27 21:05:02.581677 watchdogd[57] <Debug>: 1248750271125000: <private>
Aug 27 21:05:02.582041 watchdogd[57] <Debug>: 1248750271260250: <private>
Aug 27 21:05:02.582334 watchdogd[57] <Debug>: 1248750271578375: <private>
Aug 27 21:05:02.582729 watchdogd[57] <Info>: 1248750271610500: <private>
Aug 27 21:05:02.583098 watchdogd[57] <Info>: 1248750271620000: <private>
Aug 27 21:05:02.583637 watchdogd[57] <Info>: 1248750271623125: <private>
Aug 27 21:05:02.584049 watchdogd[57] <Info>: 1248750271625916: <private>
Aug 27 21:05:02.584447 watchdogd[57] <Info>: 1248750271628416: <private>
Aug 27 21:05:02.585075 watchdogd[57] <Info>: 1248750271630708: <private>
Aug 27 21:05:02.585445 watchdogd[57] <Info>: 1248750271633041: <private>
Aug 27 21:05:02.585862 watchdogd[57] <Info>: 1248750271635166: <private>
Aug 27 21:05:03.695404 runningboardd(RunningBoard)[33] <Notice>: [daemon<com.apple.backupd>:50451] termination reported by launchd (0, 0, 0)
Aug 27 21:05:03.698642 runningboardd(RunningBoard)[33] <Notice>: Removing assertions for terminated process: [daemon<com.apple.backupd>:50451]
Aug 27 21:05:03.702107 runningboardd(RunningBoard)[33] <Debug>: Sending state update for daemon<com.apple.backupd>: <RBSProcessState| task:none debug:none terminationResistance:None>
Aug 27 21:05:04.088188 mediaserverd(CoreMotion)[36] <Debug>: Ping timer fired, resetting watchdog
Aug 27 21:05:04.116559 nearbyd(CoreMotion)[157] <Debug>: Ping timer fired, resetting watchdog
Aug 27 21:05:04.181225 locationd[69] <Debug>: Ping timer fired, resetting watchdog
Aug 27 21:05:05.974662 wifid(WiFiPolicy)[52] <Notice>: __WiFiLQAMgrLogStats(tech support:Stationary): Rssi: -38 {-37 0} Channel: 44 Bandwidth: 80Mhz Snr: 35 Cca: 21 (S:0 O:0 I:0) TxPer: 0.0% (0) BcnPer: 0.0% (0, 50.5%) RxFrms: 3 RxRetryFrames: 0 TxRate: 24000 RxRate: 6000 FBRate: 468000 TxFwFrms: 2 TxFwFail: 0 TxReTrans: 0 time: 1414.6secs fgApp: dev.selfhost.firstActivationProbe
Aug 27 21:05:06.069080 SpringBoard(CoreMotion)[47602] <Debug>: Ping timer fired, resetting watchdog
Aug 27 21:05:06.514605 backboardd(CoreMotion)[65] <Debug>: Ping timer fired, resetting watchdog
Aug 27 21:05:06.911294 biometrickitd(CoreMotion)[109] <Debug>: Ping timer fired, resetting watchdog
Aug 27 21:05:09.086597 mediaserverd(CoreMotion)[36] <Debug>: Ping timer fired, resetting watchdog
Aug 27 21:05:09.120191 nearbyd(CoreMotion)[157] <Debug>: Ping timer fired, resetting watchdog
Aug 27 21:05:09.181031 locationd[69] <Debug>: Ping timer fired, resetting watchdog
Aug 27 21:05:10.999433 wifid(WiFiPolicy)[52] <Notice>: __WiFiLQAMgrLogStats(tech support:Stationary): Rssi: -38 {-37 0} Channel: 44 Bandwidth: 80Mhz Snr: 35 Cca: 36 (S:0 O:0 I:0) TxPer: 0.0% (0) BcnPer: 0.0% (98, 50.5%) RxFrms: 1 RxRetryFrames: 0 TxRate: 24000 RxRate: 6000 FBRate: 468000 TxFwFrms: 0 TxFwFail: 0 TxReTrans: 0 time: 1419.7secs fgApp: dev.selfhost.firstActivationProbe
Aug 27 21:05:11.067094 SpringBoard(CoreMotion)[47602] <Debug>: Ping timer fired, resetting watchdog
Aug 27 21:05:11.512865 backboardd(CoreMotion)[65] <Debug>: Ping timer fired, resetting watchdog
Aug 27 21:05:11.911736 biometrickitd(CoreMotion)[109] <Debug>: Ping timer fired, resetting watchdog
Aug 27 21:05:12.551767 watchdogd[57] <Debug>: 1248760270229166: <private>
Aug 27 21:05:12.554910 watchdogd[57] <Info>: 1248760270796708: <private>
Aug 27 21:05:12.555719 watchdogd[57] <Debug>: 1248760270952208: <private>
Aug 27 21:05:12.556489 watchdogd[57] <Info>: 1248760270963958: <private>
Aug 27 21:05:12.557415 watchdogd[57] <Debug>: 1248760271224750: <private>
Aug 27 21:05:12.558301 watchdogd[57] <Debug>: 1248760272163583: <private>
Aug 27 21:05:12.559144 watchdogd[57] <Debug>: 1248760272566208: <private>
Aug 27 21:05:12.560306 watchdogd[57] <Debug>: 1248760272787458: <private>
Aug 27 21:05:12.561562 watchdogd[57] <Debug>: 1248760273180041: <private>
Aug 27 21:05:12.564711 watchdogd[57] <Debug>: 1248760273341500: <private>
Aug 27 21:05:12.566238 watchdogd[57] <Info>: 1248760273398500: <private>
Aug 27 21:05:12.566900 watchdogd[57] <Info>: 1248760273413375: <private>
Aug 27 21:05:12.567888 watchdogd[57] <Info>: 1248760273419916: <private>
Aug 27 21:05:12.568585 watchdogd[57] <Info>: 1248760273425375: <private>
Aug 27 21:05:12.569519 watchdogd[57] <Info>: 1248760273429875: <private>
Aug 27 21:05:12.570181 watchdogd[57] <Info>: 1248760273434166: <private>
Aug 27 21:05:12.570888 watchdogd[57] <Info>: 1248760273438458: <private>
Aug 27 21:05:12.571841 watchdogd[57] <Info>: 1248760273442666: <private>
Aug 27 21:05:14.087586 mediaserverd(CoreMotion)[36] <Debug>: Ping timer fired, resetting watchdog
Aug 27 21:05:14.119769 nearbyd(CoreMotion)[157] <Debug>: Ping timer fired, resetting watchdog
Aug 27 21:05:14.180610 locationd[69] <Debug>: Ping timer fired, resetting watchdog
Aug 27 21:05:16.002256 wifid(WiFiPolicy)[52] <Notice>: __WiFiLQAMgrLogStats(tech support:Stationary): Rssi: -38 {-37 0} Channel: 44 Bandwidth: 80Mhz Snr: 35 Cca: 36 (S:0 O:0 I:0) TxPer: 0.0% (0) BcnPer: 0.0% (0, 50.5%) RxFrms: 2 RxRetryFrames: 0 TxRate: 24000 RxRate: 6000 FBRate: 468000 TxFwFrms: 0 TxFwFail: 0 TxReTrans: 0 time: 1424.7secs fgApp: dev.selfhost.firstActivationProbe
Aug 27 21:05:16.068731 SpringBoard(CoreMotion)[47602] <Debug>: Ping timer fired, resetting watchdog
Aug 27 21:05:16.512930 backboardd(CoreMotion)[65] <Debug>: Ping timer fired, resetting watchdog
Aug 27 21:05:16.910159 biometrickitd(CoreMotion)[109] <Debug>: Ping timer fired, resetting watchdog
Aug 27 21:05:19.094263 mediaserverd(CoreMotion)[36] <Debug>: Ping timer fired, resetting watchdog
Aug 27 21:05:19.114811 nearbyd(CoreMotion)[157] <Debug>: Ping timer fired, resetting watchdog
Aug 27 21:05:19.180981 locationd[69] <Debug>: Ping timer fired, resetting watchdog
Aug 27 21:05:21.014069 wifid(WiFiPolicy)[52] <Notice>: __WiFiLQAMgrLogStats(tech support:Stationary): Rssi: -38 {-37 0} Channel: 44 Bandwidth: 80Mhz Snr: 35 Cca: 42 (S:0 O:0 I:0) TxPer: 0.0% (0) BcnPer: 0.0% (98, 50.5%) RxFrms: 2 RxRetryFrames: 0 TxRate: 24000 RxRate: 6000 FBRate: 468000 TxFwFrms: 0 TxFwFail: 0 TxReTrans: 0 time: 1429.7secs fgApp: dev.selfhost.firstActivationProbe
Aug 27 21:05:21.068424 SpringBoard(CoreMotion)[47602] <Debug>: Ping timer fired, resetting watchdog
Aug 27 21:05:21.514218 backboardd(CoreMotion)[65] <Debug>: Ping timer fired, resetting watchdog
Aug 27 21:05:21.910924 biometrickitd(CoreMotion)[109] <Debug>: Ping timer fired, resetting watchdog
Aug 27 21:05:22.550037 watchdogd[57] <Debug>: 1248770270974125: <private>
Aug 27 21:05:22.552171 watchdogd[57] <Info>: 1248770271551583: <private>
Aug 27 21:05:22.555442 watchdogd[57] <Debug>: 1248770271702958: <private>
Aug 27 21:05:22.556384 watchdogd[57] <Info>: 1248770271714583: <private>
Aug 27 21:05:22.557279 watchdogd[57] <Debug>: 1248770271838916: <private>
Aug 27 21:05:22.558035 watchdogd[57] <Debug>: 1248770272344541: <private>
Aug 27 21:05:22.558856 watchdogd[57] <Debug>: 1248770273059791: <private>
Aug 27 21:05:22.559705 watchdogd[57] <Debug>: 1248770273496291: <private>
Aug 27 21:05:22.560554 watchdogd[57] <Debug>: 1248770273667166: <private>
Aug 27 21:05:22.561432 watchdogd[57] <Debug>: 1248770274151125: <private>
Aug 27 21:05:22.562352 watchdogd[57] <Info>: 1248770274210458: <private>
Aug 27 21:05:22.563220 watchdogd[57] <Info>: 1248770274226041: <private>
Aug 27 21:05:22.564235 watchdogd[57] <Info>: 1248770274232083: <private>
Aug 27 21:05:22.565001 watchdogd[57] <Info>: 1248770274237041: <private>
Aug 27 21:05:22.565923 watchdogd[57] <Info>: 1248770274241458: <private>
Aug 27 21:05:22.566771 watchdogd[57] <Info>: 1248770274245541: <private>
Aug 27 21:05:22.567662 watchdogd[57] <Info>: 1248770274249708: <private>
Aug 27 21:05:22.568471 watchdogd[57] <Info>: 1248770274253750: <private>
Aug 27 21:05:22.569313 watchdogd[57] <Info>: 1248770274936083: <private>
Aug 27 21:05:24.086934 mediaserverd(CoreMotion)[36] <Debug>: Ping timer fired, resetting watchdog
Aug 27 21:05:24.115180 nearbyd(CoreMotion)[157] <Debug>: Ping timer fired, resetting watchdog
Aug 27 21:05:24.180223 locationd[69] <Debug>: Ping timer fired, resetting watchdog
Aug 27 21:05:26.030089 wifid(WiFiPolicy)[52] <Notice>: __WiFiLQAMgrLogStats(tech support:Stationary): Rssi: -38 {-37 0} Channel: 44 Bandwidth: 80Mhz Snr: 35 Cca: 31 (S:0 O:0 I:0) TxPer: 0.0% (0) BcnPer: 0.0% (0, 50.5%) RxFrms: 2 RxRetryFrames: 0 TxRate: 24000 RxRate: 6000 FBRate: 468000 TxFwFrms: 2 TxFwFail: 0 TxReTrans: 0 time: 1434.7secs fgApp: dev.selfhost.firstActivationProbe
Aug 27 21:05:26.066845 SpringBoard(CoreMotion)[47602] <Debug>: Ping timer fired, resetting watchdog
Aug 27 21:05:26.512303 backboardd(CoreMotion)[65] <Debug>: Ping timer fired, resetting watchdog
Aug 27 21:05:26.911182 biometrickitd(CoreMotion)[109] <Debug>: Ping timer fired, resetting watchdog
Aug 27 21:05:29.086698 mediaserverd(CoreMotion)[36] <Debug>: Ping timer fired, resetting watchdog
Aug 27 21:05:29.118807 nearbyd(CoreMotion)[157] <Debug>: Ping timer fired, resetting watchdog
Aug 27 21:05:29.179902 locationd[69] <Debug>: Ping timer fired, resetting watchdog
Aug 27 21:05:31.041795 wifid(WiFiPolicy)[52] <Notice>: __WiFiLQAMgrLogStats(tech support:Stationary): Rssi: -38 {-37 0} Channel: 44 Bandwidth: 80Mhz Snr: 35 Cca: 31 (S:0 O:0 I:0) TxPer: 0.0% (0) BcnPer: 2.0% (98, 50.5%) RxFrms: 5 RxRetryFrames: 0 TxRate: 24000 RxRate: 6000 FBRate: 468000 TxFwFrms: 0 TxFwFail: 0 TxReTrans: 0 time: 1439.7secs fgApp: dev.selfhost.firstActivationProbe
Aug 27 21:05:31.066607 SpringBoard(CoreMotion)[47602] <Debug>: Ping timer fired, resetting watchdog
Aug 27 21:05:31.178363 Runner(CoreFoundation)[50450] <Debug>: Resource lookup at <private>
Aug 27 21:05:31.180147 Runner(CoreAnalytics)[50450] <Debug>: com.apple.metal.agx <private>
Aug 27 21:05:31.192751 Runner(CoreAnalytics)[50450] <Info>: Received configuration update from daemon and there was no CoreAnalyticsFramework external config.
Aug 27 21:05:31.194064 Runner(CoreAnalytics)[50450] <Notice>: Received configuration update from daemon (initial)
Aug 27 21:05:31.513019 backboardd(CoreMotion)[65] <Debug>: Ping timer fired, resetting watchdog
Aug 27 21:05:31.909718 biometrickitd(CoreMotion)[109] <Debug>: Ping timer fired, resetting watchdog
Aug 27 21:05:32.552664 watchdogd[57] <Debug>: 1248780271661625: <private>
Aug 27 21:05:32.554200 watchdogd[57] <Info>: 1248780272167958: <private>
Aug 27 21:05:32.555026 watchdogd[57] <Debug>: 1248780272318291: <private>
Aug 27 21:05:32.555896 watchdogd[57] <Info>: 1248780272329416: <private>
Aug 27 21:05:32.556695 watchdogd[57] <Debug>: 1248780272561625: <private>
Aug 27 21:05:32.557577 watchdogd[57] <Debug>: 1248780272973000: <private>
Aug 27 21:05:32.558373 watchdogd[57] <Debug>: 1248780273718000: <private>
Aug 27 21:05:32.559288 watchdogd[57] <Debug>: 1248780274127583: <private>
Aug 27 21:05:32.560068 watchdogd[57] <Debug>: 1248780274281541: <private>
Aug 27 21:05:32.560894 watchdogd[57] <Debug>: 1248780274658708: <private>
Aug 27 21:05:32.561656 watchdogd[57] <Info>: 1248780274718416: <private>
Aug 27 21:05:32.562408 watchdogd[57] <Info>: 1248780274732750: <private>
Aug 27 21:05:32.563452 watchdogd[57] <Info>: 1248780274738916: <private>
Aug 27 21:05:32.564085 watchdogd[57] <Info>: 1248780274744208: <private>
Aug 27 21:05:32.564940 watchdogd[57] <Info>: 1248780274748708: <private>
Aug 27 21:05:32.565698 watchdogd[57] <Info>: 1248780274752875: <private>
Aug 27 21:05:32.566645 watchdogd[57] <Info>: 1248780274757000: <private>
Aug 27 21:05:32.567496 watchdogd[57] <Info>: 1248780274761000: <private>
Aug 27 21:05:34.086751 mediaserverd(CoreMotion)[36] <Debug>: Ping timer fired, resetting watchdog
Aug 27 21:05:34.113732 nearbyd(CoreMotion)[157] <Debug>: Ping timer fired, resetting watchdog
Aug 27 21:05:34.179595 locationd[69] <Debug>: Ping timer fired, resetting watchdog
Aug 27 21:05:36.053161 wifid(WiFiPolicy)[52] <Notice>: __WiFiLQAMgrLogStats(tech support:Stationary): Rssi: -38 {-37 0} Channel: 44 Bandwidth: 80Mhz Snr: 35 Cca: 42 (S:0 O:0 I:0) TxPer: 0.0% (0) BcnPer: 0.0% (0, 50.5%) RxFrms: 4 RxRetryFrames: 0 TxRate: 24000 RxRate: 6000 FBRate: 468000 TxFwFrms: 0 TxFwFail: 0 TxReTrans: 0 time: 1444.7secs fgApp: dev.selfhost.firstActivationProbe
Aug 27 21:05:36.066738 SpringBoard(CoreMotion)[47602] <Debug>: Ping timer fired, resetting watchdog
Aug 27 21:05:36.513034 backboardd(CoreMotion)[65] <Debug>: Ping timer fired, resetting watchdog
Aug 27 21:05:36.909267 biometrickitd(CoreMotion)[109] <Debug>: Ping timer fired, resetting watchdog
Aug 27 21:05:38.976158 backboardd(BackBoardHIDEventFoundation)[65] <Debug>:   SELECT: reject (doesn't match environment:system display:(null)) deferringRule:{<environment: keyboardFocus; token: 0xB4A8982E> -> <pid=50450 token=com.apple.frontboard.systemappservices::sceneID%3Adev.selfhost.firstActivationProbe-default> : 114-deferDiscrete: SpringBoard: outbound} (main)
Aug 27 21:05:38.998565 backboardd(BackBoardHIDEventFoundation)[65] <Debug>:   SELECT: reject (doesn't match environment:system display:(null)) deferringRule:{<environment: keyboardFocus; token: 0xB4A8982E> -> <pid=50450 token=com.apple.frontboard.systemappservices::sceneID%3Adev.selfhost.firstActivationProbe-default> : 114-deferDiscrete: SpringBoard: outbound} (main)
Aug 27 21:05:39.034983 backboardd(BackBoardHIDEventFoundation)[65] <Debug>:   SELECT: reject (doesn't match environment:system display:(null)) deferringRule:{<environment: keyboardFocus; token: 0xB4A8982E> -> <pid=50450 token=com.apple.frontboard.systemappservices::sceneID%3Adev.selfhost.firstActivationProbe-default> : 114-deferDiscrete: SpringBoard: outbound} (main)
Aug 27 21:05:39.083442 mediaserverd(CoreMotion)[36] <Debug>: Ping timer fired, resetting watchdog
Aug 27 21:05:39.113575 nearbyd(CoreMotion)[157] <Debug>: Ping timer fired, resetting watchdog
Aug 27 21:05:39.191238 locationd[69] <Debug>: Ping timer fired, resetting watchdog
Aug 27 21:05:39.253440 Runner(CoreFoundation)[50450] <Debug>: found no value for key LogHIDTransformer in CFPrefsSearchListSource<0x2809f4800> (Domain: com.apple.UIKit, Container: (null))
Aug 27 21:05:39.253868 Runner(CoreFoundation)[50450] <Debug>: found no value for key LogTouch in CFPrefsSearchListSource<0x2809f4800> (Domain: com.apple.UIKit, Container: (null))
Aug 27 21:05:39.254512 Runner(CoreFoundation)[50450] <Debug>: found no value for key LogGesture in CFPrefsSearchListSource<0x2809f4800> (Domain: com.apple.UIKit, Container: (null))
Aug 27 21:05:39.255612 Runner(CoreFoundation)[50450] <Debug>: found no value for key LogEventDispatch in CFPrefsSearchListSource<0x2809f4800> (Domain: com.apple.UIKit, Container: (null))
Aug 27 21:05:39.256415 Runner(UIKitCore)[50450] <Notice>: Evaluating dispatch of UIEvent: 0x2812f0480; type: 0; subtype: 0; backing type: 11; shouldSend: 1; ignoreInteractionEvents: 0, systemGestureStateChange: 0
Aug 27 21:05:39.258914 Runner(UIKitCore)[50450] <Notice>: Sending UIEvent type: 0; subtype: 0; to windows: 1
Aug 27 21:05:39.261987 SpringBoard(KeyboardArbiter)[47602] <Debug>: [<_UIKeyboardArbiterHandle: 0x282a68630; PID 50450: dev.selfhost.firstActivationProbe <com.apple.frontboard.systemappservices::sceneID%3Adev.selfhost.firstActivationProbe-default>; hosting PIDs {(
)}; level 0.000000; active NO [wants NO]; suppression 0; iav 0.000000; on screen NO>] focusApplicationWithProcessIdentifier:sceneIdentity:stealingKeyboard:onCompletion:: remoteSceneIdentity: com.apple.frontboard.systemappservices::sceneID%3Adev.selfhost.firstActivationProbe-default; handle: <_UIKeyboardArbiterHandle: 0x282a68630; PID 50450: dev.selfhost.firstActivationProbe <com.apple.frontboard.systemappservices::sceneID%3Adev.selfhost.firstActivationProbe-default>; hosting PIDs {(
Aug 27 21:05:39.262443 Runner(UIKitCore)[50450] <Notice>: Sending UIEvent type: 0; subtype: 0; to window: <UIWindow: 0x103c2e230>; contextId: 0xD60DFC06
Aug 27 21:05:39.263490 Runner(CoreFoundation)[50450] <Debug>: found no value for key LogGestureExclusion in CFPrefsSearchListSource<0x2809f4800> (Domain: com.apple.UIKit, Container: (null))
Aug 27 21:05:39.263996 SpringBoard(KeyboardArbiter)[47602] <Debug>: [_UIKeyboardArbiter] Handler requested focus: <_UIKeyboardArbiterHandle: 0x282a68630; PID 50450: dev.selfhost.firstActivationProbe <com.apple.frontboard.systemappservices::sceneID%3Adev.selfhost.firstActivationProbe-default>; hosting PIDs {(
Aug 27 21:05:39.264699 SpringBoard(KeyboardArbiter)[47602] <Debug>: Advisor: Skipping reevaluation as there is no change. Active PID: 50450, activeHandleID: com.apple.frontboard.systemappservices::sceneID%3Adev.selfhost.firstActivationProbe-default
Aug 27 21:05:39.265668 backboardd[65] <Debug>: send Digitizer token: 0xD60DFC06; down; sgp; gen: 70923; subevents: [path: 4; {170.5, 659}; down; edge; touchID: 0x330; {170.5, 659}] -> Runner.50450
Aug 27 21:05:39.266102 backboardd(BackBoardHIDEventFoundation)[65] <Debug>: #BKSendHIDEvent: Sending event to client connection: IOHIDEventSystemConnection uuid:4156C565-6D62-4A4B-B69F-7581C656EDCB pid:50450 process:Runner type:Passive entitlements:0x0 caller:BackBoardServices: <redacted> + 336 attributes:{
    bundleID = "dev.selfhost.firstActivationProbe";
Aug 27 21:05:39.272648 Runner(UIKitCore)[50450] <Notice>: Evaluating dispatch of UIEvent: 0x2812f0480; type: 0; subtype: 0; backing type: 11; shouldSend: 1; ignoreInteractionEvents: 0, systemGestureStateChange: 0
Aug 27 21:05:39.272945 Runner(UIKitCore)[50450] <Notice>: Sending UIEvent type: 0; subtype: 0; to windows: 1
Aug 27 21:05:39.273153 Runner(UIKitCore)[50450] <Notice>: Sending UIEvent type: 0; subtype: 0; to window: <UIWindow: 0x103c2e230>; contextId: 0xD60DFC06
Aug 27 21:05:39.274442 backboardd[65] <Debug>: send Digitizer token: 0xD60DFC06; sgp; gen: 70924; subevents: [path: 4; {170.5, 659}; attribute; edge; touchID: 0x330; {170.5, 659}] -> Runner.50450
Aug 27 21:05:39.274783 backboardd(BackBoardHIDEventFoundation)[65] <Debug>: #BKSendHIDEvent: Sending event to client connection: IOHIDEventSystemConnection uuid:4156C565-6D62-4A4B-B69F-7581C656EDCB pid:50450 process:Runner type:Passive entitlements:0x0 caller:BackBoardServices: <redacted> + 336 attributes:{
    bundleID = "dev.selfhost.firstActivationProbe";
        <SBLayoutElement: 0x28087fbc0; uniqueIdentifier: sceneID:dev.selfhost.firstActivationProbe-default; layoutRole: primary> {
        <SBLayoutElement: 0x280807600; uniqueIdentifier: sceneID:dev.selfhost.firstActivationProbe-default; layoutRole: primary> {
            SBLayoutRolePrimary = <SBDeviceApplicationSceneEntity: 0x283e5d630; ID: sceneID:dev.selfhost.firstActivationProbe-default; layoutRole: primary> {
            SBLayoutRolePrimary = <SBDeviceApplicationSceneEntity: 0x283e5d540; ID: sceneID:dev.selfhost.firstActivationProbe-default; layoutRole: primary> {
<SBSceneReadySwitcherModifierEvent: 0x281de2880; type: SceneReady; appLayout: <SBAppLayout: 0x28087bb80; primary: dev.selfhost.firstActivationProbe:default; environment: main> {
            bundleIdentifier = dev.selfhost.firstActivationProbe;
            uniqueIdentifier = sceneID:dev.selfhost.firstActivationProbe-default;
Aug 27 21:05:39.423781 backboardd[65] <Debug>: send Digitizer token: 0xD60DFC06; sgp; gen: 70926; subevents: [path: 4; {170.5, 659}; attribute; edge; touchID: 0x330; {170.5, 659}] -> Runner.50450
Aug 27 21:05:39.423982 backboardd(BackBoardHIDEventFoundation)[65] <Debug>: #BKSendHIDEvent: Sending event to client connection: IOHIDEventSystemConnection uuid:4156C565-6D62-4A4B-B69F-7581C656EDCB pid:50450 process:Runner type:Passive entitlements:0x0 caller:BackBoardServices: <redacted> + 336 attributes:{
    bundleID = "dev.selfhost.firstActivationProbe";
        <SBLayoutElement: 0x280807600; uniqueIdentifier: sceneID:dev.selfhost.firstActivationProbe-default; layoutRole: primary> {
        <SBLayoutElement: 0x28087fbc0; uniqueIdentifier: sceneID:dev.selfhost.firstActivationProbe-default; layoutRole: primary> {
Aug 27 21:05:39.429999 SpringBoard[47602] <Notice>: policy: now generation: 248; keyboardFocusTarget: <nil>; recentlyUsedScenes: <recentPIDs: [50450]; recentSceneIdentityTokensByPID: {50450: [com.apple.frontboard.systemappservices::sceneID%3Adev.selfhost.firstActivationProbe-default]}>; selectionPolicy: SpringBoardOnly; shouldSuppressRemoteDeferring: 0
Aug 27 21:05:39.430069 SpringBoard[47602] <Notice>: rules: target changed from:<pid=50450 token=com.apple.frontboard.systemappservices::sceneID%3Adev.selfhost.firstActivationProbe-default> to (null)
Aug 27 21:05:39.430411 backboardd[65] <Debug>: send Digitizer token: 0xD60DFC06; sgp; gen: 70927; subevents: [path: 4; {170.5, 659}; attribute; edge; touchID: 0x330; {170.5, 659}] -> Runner.50450
Aug 27 21:05:39.430478 backboardd(BackBoardHIDEventFoundation)[65] <Debug>: #BKSendHIDEvent: Sending event to client connection: IOHIDEventSystemConnection uuid:4156C565-6D62-4A4B-B69F-7581C656EDCB pid:50450 process:Runner type:Passive entitlements:0x0 caller:BackBoardServices: <redacted> + 336 attributes:{
    bundleID = "dev.selfhost.firstActivationProbe";
Aug 27 21:05:39.464564 backboardd[65] <Debug>: send Digitizer token: 0xD60DFC06; sgp; gen: 70928; subevents: [path: 4; {170.5, 659}; attribute; edge; touchID: 0x330; {170.5, 659}] -> Runner.50450
Aug 27 21:05:39.464913 backboardd(BackBoardHIDEventFoundation)[65] <Debug>: #BKSendHIDEvent: Sending event to client connection: IOHIDEventSystemConnection uuid:4156C565-6D62-4A4B-B69F-7581C656EDCB pid:50450 process:Runner type:Passive entitlements:0x0 caller:BackBoardServices: <redacted> + 336 attributes:{
    bundleID = "dev.selfhost.firstActivationProbe";
Aug 27 21:05:39.465107 Runner(UIKitCore)[50450] <Notice>: Evaluating dispatch of UIEvent: 0x2812f0480; type: 0; subtype: 0; backing type: 11; shouldSend: 1; ignoreInteractionEvents: 0, systemGestureStateChange: 0
Aug 27 21:05:39.465521 Runner(UIKitCore)[50450] <Notice>: Sending UIEvent type: 0; subtype: 0; to windows: 1
Aug 27 21:05:39.465840 Runner(UIKitCore)[50450] <Notice>: Sending UIEvent type: 0; subtype: 0; to window: <UIWindow: 0x103c2e230>; contextId: 0xD60DFC06
<SBTransitionSwitcherModifierEvent: 0x28216ca00; type: MainTransition; transitionID: EFF953E4-DF8E-46AC-BDC2-C02D0F2B3BAD; phase: Prepare; animated: YES; fromEnvironmentMode: application; toEnvironmentMode: app-switcher; pendingTermination: {(
    <SBScrollToAppLayoutSwitcherEventResponse: 0x280807d40; appLayout: "<SBAppLayout: 0x28087bb80; primary: dev.selfhost.firstActivationProbe:default; environment: main>">;
Aug 27 21:05:39.472573 SpringBoard(UIKitCore)[47602] <Notice>: [sceneID:dev.selfhost.firstActivationProbe-default] Setting deactivation reasons to: 'systemAnimation' for reason: updateAllScenesForBand - Assertion added.
Aug 27 21:05:39.473748 SpringBoard(FrontBoard)[47602] <Info>: Client intercepting scene update for scene: sceneID:dev.selfhost.firstActivationProbe-default
Aug 27 21:05:39.473891 SpringBoard(FrontBoard)[47602] <Debug>: START SCENE MUTATION ------- sceneID:dev.selfhost.firstActivationProbe-default
Aug 27 21:05:39.474059 SpringBoard(FrontBoard)[47602] <Debug>: [FBSceneManager] PENDING:   <BSEventQueueEvent: 0x281d849a0; sceneUpdatePrepared-sceneID:dev.selfhost.firstActivationProbe-default(6)> @ back
Aug 27 21:05:39.474279 SpringBoard(FrontBoard)[47602] <Debug>: [FBSceneManager] PENDING:   <BSEventQueueEvent: 0x281d168c0; applySettings-sceneID:dev.selfhost.firstActivationProbe-default(6)> @ back
Aug 27 21:05:39.474440 SpringBoard(FrontBoard)[47602] <Debug>: Flushing all events for sceneID:dev.selfhost.firstActivationProbe-default
Aug 27 21:05:39.474652 SpringBoard(FrontBoard)[47602] <Debug>: [FBSceneManager] EXECUTING: <BSEventQueueEvent: 0x281d849a0; sceneUpdatePrepared-sceneID:dev.selfhost.firstActivationProbe-default(6)>
Aug 27 21:05:39.474958 SpringBoard(FrontBoard)[47602] <Debug>: [FBSceneManager] PENDING:   <BSEventQueueEvent: 0x281d161e0; sceneUpdatePrepared-sceneID:dev.selfhost.firstActivationProbe-default(6)> @ front
Aug 27 21:05:39.475120 SpringBoard(FrontBoard)[47602] <Debug>: [FBSceneManager] EXECUTING: <BSEventQueueEvent: 0x281d161e0; sceneUpdatePrepared-sceneID:dev.selfhost.firstActivationProbe-default(6)>
Aug 27 21:05:39.476335 SpringBoard(FrontBoard)[47602] <Debug>: [FBSceneManager] EXECUTING: <BSEventQueueEvent: 0x281d168c0; applySettings-sceneID:dev.selfhost.firstActivationProbe-default(6)>
Aug 27 21:05:39.476533 SpringBoard(FrontBoard)[47602] <Debug>: [FBSceneManager] PENDING:   <BSEventQueueEvent: 0x281d85a40; sceneUpdateApplied-sceneID:dev.selfhost.firstActivationProbe-default(6)> @ back
Aug 27 21:05:39.476702 SpringBoard(FrontBoard)[47602] <Debug>: [FBSceneManager] PENDING:   <BSEventQueueEvent: 0x281d161e0; sceneMutationCompletion-sceneID:dev.selfhost.firstActivationProbe-default(6)> @ back
Aug 27 21:05:39.476870 SpringBoard(FrontBoard)[47602] <Debug>: [FBSceneManager] EXECUTING: <BSEventQueueEvent: 0x281d85a40; sceneUpdateApplied-sceneID:dev.selfhost.firstActivationProbe-default(6)>
Aug 27 21:05:39.477085 SpringBoard(FrontBoard)[47602] <Info>: [sceneID:dev.selfhost.firstActivationProbe-default] Sending scene action [Forward Event][0x69ee] to process 0x114bd7b20 (watchdog: none)
Aug 27 21:05:39.477257 SpringBoard(FrontBoard)[47602] <Debug>: [FBSceneManager] PENDING:   <BSEventQueueEvent: 0x281d844e0; sceneUpdateApplied-sceneID:dev.selfhost.firstActivationProbe-default(6)> @ front
Aug 27 21:05:39.477464 SpringBoard(FrontBoard)[47602] <Debug>: [FBSceneManager] EXECUTING: <BSEventQueueEvent: 0x281d844e0; sceneUpdateApplied-sceneID:dev.selfhost.firstActivationProbe-default(6)>
Aug 27 21:05:39.477936 SpringBoard(FrontBoard)[47602] <Debug>: [FBSceneManager] EXECUTING: <BSEventQueueEvent: 0x281d161e0; sceneMutationCompletion-sceneID:dev.selfhost.firstActivationProbe-default(6)>
Aug 27 21:05:39.478075 SpringBoard(FrontBoard)[47602] <Debug>: ---------- END SCENE MUTATION: sceneID:dev.selfhost.firstActivationProbe-default
Aug 27 21:05:39.478614 Runner(UIKitCore)[50450] <Notice>: Evaluating dispatch of UIEvent: 0x2812f0480; type: 0; subtype: 0; backing type: 11; shouldSend: 1; ignoreInteractionEvents: 0, systemGestureStateChange: 0
Aug 27 21:05:39.478789 Runner(UIKitCore)[50450] <Notice>: Sending UIEvent type: 0; subtype: 0; to windows: 1
Aug 27 21:05:39.478982 Runner(UIKitCore)[50450] <Notice>: Sending UIEvent type: 0; subtype: 0; to window: <UIWindow: 0x103c2e230>; contextId: 0xD60DFC06
Aug 27 21:05:39.479181 Runner(UIKitCore)[50450] <Notice>: Evaluating dispatch of UIEvent: 0x2812f0480; type: 0; subtype: 0; backing type: 11; shouldSend: 1; ignoreInteractionEvents: 0, systemGestureStateChange: 0
Aug 27 21:05:39.479366 Runner(UIKitCore)[50450] <Notice>: Sending UIEvent type: 0; subtype: 0; to windows: 1
Aug 27 21:05:39.479505 Runner(UIKitCore)[50450] <Notice>: Sending UIEvent type: 0; subtype: 0; to window: <UIWindow: 0x103c2e230>; contextId: 0xD60DFC06
<SBTransitionSwitcherModifierEvent: 0x28216c900; type: MainTransition; transitionID: EFF953E4-DF8E-46AC-BDC2-C02D0F2B3BAD; phase: Animate; animated: YES; fromEnvironmentMode: application; toEnvironmentMode: app-switcher; pendingTermination: {(
Aug 27 21:05:39.483682 Runner(CoreFoundation)[50450] <Debug>: Resource lookup at <private>
Aug 27 21:05:39.486406 SpringBoard(FrontBoard)[47602] <Info>: [sceneID:dev.selfhost.firstActivationProbe-default] Scene action [Forward Event][0x69ee] completed with success: 1
Aug 27 21:05:39.488951 Runner(CoreFoundation)[50450] <Debug>: Resource lookup at <private>
Aug 27 21:05:39.489164 Runner(UIKitCore)[50450] <Notice>: sceneOfRecord: sceneID: sceneID:dev.selfhost.firstActivationProbe-default  persistentID: 38A6B0E8-D18B-43CA-916F-1BCC03B36967
Aug 27 21:05:39.489370 Runner(UIKitCore)[50450] <Notice>: Deactivation reason added: 5; deactivation reasons: 0 -> 32; animating application lifecycle event: 1
Aug 27 21:05:39.489566 Runner(CoreFoundation)[50450] <Debug>: Resource lookup at <private>
Aug 27 21:05:39.489765 Runner(UIKitCore)[50450] <Notice>: Deactivation reason added: 12; deactivation reasons: 32 -> 4128; animating application lifecycle event: 1
Aug 27 21:05:39.491815 backboardd[65] <Debug>: send Digitizer token: 0xD60DFC06; sgp; gen: 70929; subevents: [path: 4; {170.5, 659}; attribute; edge; touchID: 0x330; {170.5, 659}] -> Runner.50450
Aug 27 21:05:39.492180 backboardd(BackBoardHIDEventFoundation)[65] <Debug>: #BKSendHIDEvent: Sending event to client connection: IOHIDEventSystemConnection uuid:4156C565-6D62-4A4B-B69F-7581C656EDCB pid:50450 process:Runner type:Passive entitlements:0x0 caller:BackBoardServices: <redacted> + 336 attributes:{
    bundleID = "dev.selfhost.firstActivationProbe";
Aug 27 21:05:39.506140 SpringBoard(FrontBoard)[47602] <Info>: Client intercepting scene update for scene: sceneID:dev.selfhost.firstActivationProbe-default
Aug 27 21:05:39.506247 SpringBoard(UIKitCore)[47602] <Notice>: [sceneID:dev.selfhost.firstActivationProbe-default] Setting deactivation reasons to: 'systemAnimation' for reason: scene settings update - settings are eligible for deactivation reasons.
Aug 27 21:05:39.506395 SpringBoard(FrontBoard)[47602] <Debug>: START SCENE MUTATION ------- sceneID:dev.selfhost.firstActivationProbe-default
Aug 27 21:05:39.506764 SpringBoard(FrontBoard)[47602] <Debug>: [FBSceneManager] PENDING:   <BSEventQueueEvent: 0x281c0b880; sceneUpdatePrepared-sceneID:dev.selfhost.firstActivationProbe-default(7)> @ back
Aug 27 21:05:39.506951 SpringBoard(FrontBoard)[47602] <Debug>: [FBSceneManager] PENDING:   <BSEventQueueEvent: 0x281c055c0; applySettings-sceneID:dev.selfhost.firstActivationProbe-default(7)> @ back
Aug 27 21:05:39.507168 SpringBoard(FrontBoard)[47602] <Debug>: Flushing all events for sceneID:dev.selfhost.firstActivationProbe-default
Aug 27 21:05:39.507531 SpringBoard(FrontBoard)[47602] <Debug>: [FBSceneManager] EXECUTING: <BSEventQueueEvent: 0x281c0b880; sceneUpdatePrepared-sceneID:dev.selfhost.firstActivationProbe-default(7)>
Aug 27 21:05:39.507670 SpringBoard(FrontBoard)[47602] <Debug>: [FBSceneManager] PENDING:   <BSEventQueueEvent: 0x281c0bec0; sceneUpdatePrepared-sceneID:dev.selfhost.firstActivationProbe-default(7)> @ front
Aug 27 21:05:39.508237 SpringBoard(FrontBoard)[47602] <Debug>: [FBSceneManager] EXECUTING: <BSEventQueueEvent: 0x281c0bec0; sceneUpdatePrepared-sceneID:dev.selfhost.firstActivationProbe-default(7)>
Aug 27 21:05:39.508464 SpringBoard(FrontBoard)[47602] <Debug>: [FBSceneManager] EXECUTING: <BSEventQueueEvent: 0x281c055c0; applySettings-sceneID:dev.selfhost.firstActivationProbe-default(7)>
Aug 27 21:05:39.508542 SpringBoard(FrontBoard)[47602] <Debug>: [FBSceneManager] PENDING:   <BSEventQueueEvent: 0x281c05040; sceneUpdateApplied-sceneID:dev.selfhost.firstActivationProbe-default(7)> @ back
Aug 27 21:05:39.508623 SpringBoard(FrontBoard)[47602] <Debug>: [FBSceneManager] PENDING:   <BSEventQueueEvent: 0x281c054c0; sceneMutationCompletion-sceneID:dev.selfhost.firstActivationProbe-default(7)> @ back
Aug 27 21:05:39.508700 SpringBoard(FrontBoard)[47602] <Debug>: [FBSceneManager] EXECUTING: <BSEventQueueEvent: 0x281c05040; sceneUpdateApplied-sceneID:dev.selfhost.firstActivationProbe-default(7)>
Aug 27 21:05:39.508778 SpringBoard(FrontBoard)[47602] <Debug>: [FBSceneManager] PENDING:   <BSEventQueueEvent: 0x281c05620; sceneUpdateApplied-sceneID:dev.selfhost.firstActivationProbe-default(7)> @ front
Aug 27 21:05:39.508854 SpringBoard(FrontBoard)[47602] <Debug>: [FBSceneManager] EXECUTING: <BSEventQueueEvent: 0x281c05620; sceneUpdateApplied-sceneID:dev.selfhost.firstActivationProbe-default(7)>
Aug 27 21:05:39.509469 SpringBoard(FrontBoard)[47602] <Info>: [sceneID:dev.selfhost.firstActivationProbe-default] Sending scene action [Forward Event][0x1ca8] to process 0x114bd7b20 (watchdog: none)
Aug 27 21:05:39.509721 SpringBoard(FrontBoard)[47602] <Debug>: [FBSceneManager] EXECUTING: <BSEventQueueEvent: 0x281c054c0; sceneMutationCompletion-sceneID:dev.selfhost.firstActivationProbe-default(7)>
Aug 27 21:05:39.509932 SpringBoard(FrontBoard)[47602] <Debug>: ---------- END SCENE MUTATION: sceneID:dev.selfhost.firstActivationProbe-default
Aug 27 21:05:39.516740 SpringBoard(FrontBoard)[47602] <Info>: [sceneID:dev.selfhost.firstActivationProbe-default] Scene action [Forward Event][0x1ca8] completed with success: 1
<SBSceneReadySwitcherModifierEvent: 0x281c04ee0; type: SceneReady; appLayout: <SBAppLayout: 0x28087bb80; primary: dev.selfhost.firstActivationProbe:default; environment: main> {
            bundleIdentifier = dev.selfhost.firstActivationProbe;
            uniqueIdentifier = sceneID:dev.selfhost.firstActivationProbe-default;
Aug 27 21:05:39.528149 Runner(UIKitCore)[50450] <Notice>: Evaluating dispatch of UIEvent: 0x2812f0480; type: 0; subtype: 0; backing type: 11; shouldSend: 1; ignoreInteractionEvents: 0, systemGestureStateChange: 0
Aug 27 21:05:39.533385 backboardd[65] <Debug>: send Digitizer token: 0xD60DFC06; sgp; gen: 70930; subevents: [path: 4; {170.5, 659}; attribute; edge; touchID: 0x330; {170.5, 659}] -> Runner.50450
Aug 27 21:05:39.533541 backboardd(BackBoardHIDEventFoundation)[65] <Debug>: #BKSendHIDEvent: Sending event to client connection: IOHIDEventSystemConnection uuid:4156C565-6D62-4A4B-B69F-7581C656EDCB pid:50450 process:Runner type:Passive entitlements:0x0 caller:BackBoardServices: <redacted> + 336 attributes:{
    bundleID = "dev.selfhost.firstActivationProbe";
Aug 27 21:05:39.546134 useractivityd[184] <Debug>: SCHEDULE:idleDetermination scheduleNext, interval=0
Aug 27 21:05:39.546278 useractivityd[184] <Debug>: SCHEDULE:idleDetermination, next=NOW ( was forever ) freq=0
Aug 27 21:05:39.546453 useractivityd[184] <Debug>: SCHEDULE:idleDetermination, run.
Aug 27 21:05:39.546527 useractivityd[184] <Debug>: Determining idleDetermination, entering.
        <SBDeviceApplicationSceneEntity: 0x283e5d630; ID: sceneID:dev.selfhost.firstActivationProbe-default; layoutRole: primary>
        <SBDeviceApplicationSceneEntity: 0x283e5d540; ID: sceneID:dev.selfhost.firstActivationProbe-default; layoutRole: primary>
        <SBDeviceApplicationSceneEntity: 0x283e5d630; ID: sceneID:dev.selfhost.firstActivationProbe-default; layoutRole: primary>
        <SBDeviceApplicationSceneEntity: 0x283e5d540; ID: sceneID:dev.selfhost.firstActivationProbe-default; layoutRole: primary>
Aug 27 21:05:39.549595 SpringBoard[47602] <Notice>: keyboardFocus environment target removed from scene: sceneID:dev.selfhost.firstActivationProbe-default
Aug 27 21:05:39.551840 SpringBoard(FrontBoard)[47602] <Info>: Client intercepting scene update for scene: sceneID:dev.selfhost.firstActivationProbe-default
Aug 27 21:05:39.552662 SpringBoard(FrontBoard)[47602] <Debug>: START SCENE MUTATION ------- sceneID:dev.selfhost.firstActivationProbe-default
Aug 27 21:05:39.552845 SpringBoard(FrontBoard)[47602] <Debug>: [FBSceneManager] PENDING:   <BSEventQueueEvent: 0x281c62740; sceneUpdatePrepared-sceneID:dev.selfhost.firstActivationProbe-default(8)> @ back
Aug 27 21:05:39.553143 SpringBoard(FrontBoard)[47602] <Debug>: [FBSceneManager] PENDING:   <BSEventQueueEvent: 0x281c626c0; applySettings-sceneID:dev.selfhost.firstActivationProbe-default(8)> @ back
Aug 27 21:05:39.553493 SpringBoard(FrontBoard)[47602] <Debug>: Flushing all events for sceneID:dev.selfhost.firstActivationProbe-default
Aug 27 21:05:39.554137 SpringBoard(FrontBoard)[47602] <Debug>: [FBSceneManager] EXECUTING: <BSEventQueueEvent: 0x281c62740; sceneUpdatePrepared-sceneID:dev.selfhost.firstActivationProbe-default(8)>
Aug 27 21:05:39.554390 SpringBoard(FrontBoard)[47602] <Debug>: [FBSceneManager] PENDING:   <BSEventQueueEvent: 0x281c0af00; sceneUpdatePrepared-sceneID:dev.selfhost.firstActivationProbe-default(8)> @ front
Aug 27 21:05:39.554500 SpringBoard(FrontBoard)[47602] <Debug>: [FBSceneManager] EXECUTING: <BSEventQueueEvent: 0x281c0af00; sceneUpdatePrepared-sceneID:dev.selfhost.firstActivationProbe-default(8)>
Aug 27 21:05:39.554908 SpringBoard(FrontBoard)[47602] <Debug>: [FBSceneManager] EXECUTING: <BSEventQueueEvent: 0x281c626c0; applySettings-sceneID:dev.selfhost.firstActivationProbe-default(8)>
Aug 27 21:05:39.555059 SpringBoard(FrontBoard)[47602] <Debug>: [FBSceneManager] PENDING:   <BSEventQueueEvent: 0x281c62740; sceneUpdateApplied-sceneID:dev.selfhost.firstActivationProbe-default(8)> @ back
Aug 27 21:05:39.555513 SpringBoard(FrontBoard)[47602] <Debug>: [FBSceneManager] PENDING:   <BSEventQueueEvent: 0x281c0bf00; sceneMutationCompletion-sceneID:dev.selfhost.firstActivationProbe-default(8)> @ back
Aug 27 21:05:39.555909 SpringBoard(FrontBoard)[47602] <Debug>: [FBSceneManager] EXECUTING: <BSEventQueueEvent: 0x281c62740; sceneUpdateApplied-sceneID:dev.selfhost.firstActivationProbe-default(8)>
Aug 27 21:05:39.556071 SpringBoard(FrontBoard)[47602] <Debug>: [FBSceneManager] PENDING:   <BSEventQueueEvent: 0x281c09d40; sceneUpdateApplied-sceneID:dev.selfhost.firstActivationProbe-default(8)> @ front
Aug 27 21:05:39.556218 SpringBoard(FrontBoard)[47602] <Debug>: [FBSceneManager] EXECUTING: <BSEventQueueEvent: 0x281c09d40; sceneUpdateApplied-sceneID:dev.selfhost.firstActivationProbe-default(8)>
Aug 27 21:05:39.556483 SpringBoard(FrontBoard)[47602] <Debug>: [FBSceneManager] EXECUTING: <BSEventQueueEvent: 0x281c0bf00; sceneMutationCompletion-sceneID:dev.selfhost.firstActivationProbe-default(8)>
Aug 27 21:05:39.556555 SpringBoard(FrontBoard)[47602] <Info>: [sceneID:dev.selfhost.firstActivationProbe-default] Sending scene action [Forward Event][0x7b90] to process 0x114bd7b20 (watchdog: none)
Aug 27 21:05:39.557104 SpringBoard(FrontBoard)[47602] <Debug>: ---------- END SCENE MUTATION: sceneID:dev.selfhost.firstActivationProbe-default
Aug 27 21:05:39.557504 Runner(UIKitCore)[50450] <Notice>: Sending UIEvent type: 0; subtype: 0; to windows: 1
Aug 27 21:05:39.557574 Runner(UIKitCore)[50450] <Notice>: Sending UIEvent type: 0; subtype: 0; to window: <UIWindow: 0x103c2e230>; contextId: 0xD60DFC06
Aug 27 21:05:39.557641 Runner(UIKitCore)[50450] <Notice>: sceneOfRecord: sceneID: sceneID:dev.selfhost.firstActivationProbe-default  persistentID: 38A6B0E8-D18B-43CA-916F-1BCC03B36967
Aug 27 21:05:39.557761 Runner(UIKitCore)[50450] <Notice>: Evaluating dispatch of UIEvent: 0x2812f0480; type: 0; subtype: 0; backing type: 11; shouldSend: 1; ignoreInteractionEvents: 0, systemGestureStateChange: 0
Aug 27 21:05:39.557828 Runner(UIKitCore)[50450] <Notice>: Sending UIEvent type: 0; subtype: 0; to windows: 1
Aug 27 21:05:39.557897 Runner(UIKitCore)[50450] <Notice>: Sending UIEvent type: 0; subtype: 0; to window: <UIWindow: 0x103c2e230>; contextId: 0xD60DFC06
Aug 27 21:05:39.560561 SpringBoard(FrontBoard)[47602] <Info>: [sceneID:dev.selfhost.firstActivationProbe-default] Scene action [Forward Event][0x7b90] completed with success: 1
Aug 27 21:05:39.561692 backboardd[65] <Debug>: send Digitizer token: 0xD60DFC06; sgp; gen: 70931; subevents: [path: 4; {164.29039001464844, 786.76992797851562}; attribute; edge; touchID: 0x330; {164.29039453439177, 786.76994203423192}] -> Runner.50450
Aug 27 21:05:39.561780 backboardd(BackBoardHIDEventFoundation)[65] <Debug>: #BKSendHIDEvent: Sending event to client connection: IOHIDEventSystemConnection uuid:4156C565-6D62-4A4B-B69F-7581C656EDCB pid:50450 process:Runner type:Passive entitlements:0x0 caller:BackBoardServices: <redacted> + 336 attributes:{
    bundleID = "dev.selfhost.firstActivationProbe";
Aug 27 21:05:39.562842 Runner(UIKitCore)[50450] <Notice>: Evaluating dispatch of UIEvent: 0x2812f0480; type: 0; subtype: 0; backing type: 11; shouldSend: 1; ignoreInteractionEvents: 0, systemGestureStateChange: 0
| itemUniqueID : sceneID:dev.selfhost.firstActivationProbe-default 
    bundleIdentifier = dev.selfhost.firstActivationProbe;
    uniqueIdentifier = sceneID:dev.selfhost.firstActivationProbe-default;
Aug 27 21:05:39.563847 SpringBoard[47602] <Debug>: [Main] async snapshot image loading for request <_SBAppSwitcherSnapshotImageCacheRequest: 0x2813b5e00>, displayID=sceneID:dev.selfhost.firstActivationProbe-default, snapshot=<XBApplicationSnapshot: 0x109d2b930; identifier: 98586CB2-BB86-4E24-B86D-CC2B004FC1B9; launchInterfaceIdentifier: __from_UILaunchStoryboardName__; variantID: downscaled; contentType: GeneratedDefault; referenceSize: {375, 667}; interfaceOrientation: Portrait; userInterfaceStyle: Dark> {
Aug 27 21:05:39.564065 SpringBoard[47602] <Debug>: [Main] generated snapshot image from file at /private/var/mobile/Containers/Data/Application/18E6667F-E66B-4E74-92D9-B14869861554/Library/SplashBoard/Snapshots/dev.selfhost.firstActivationProbe - {DEFAULT GROUP}/downscaled/98586CB2-BB86-4E24-B86D-CC2B004FC1B9@2x.ktx
    bundleIdentifier = dev.selfhost.firstActivationProbe;
    uniqueIdentifier = sceneID:dev.selfhost.firstActivationProbe-default;
Aug 27 21:05:39.567870 SpringBoard(FrontBoard)[47602] <Debug>: [FBSceneManager] PENDING:   <BSEventQueueEvent: 0x281c08f00; updateComplete-sceneID:dev.selfhost.firstActivationProbe-default(8)> @ back
Aug 27 21:05:39.568438 SpringBoard(FrontBoard)[47602] <Debug>: [FBSceneManager] EXECUTING: <BSEventQueueEvent: 0x281c08f00; updateComplete-sceneID:dev.selfhost.firstActivationProbe-default(8)>
Aug 27 21:05:39.568707 SpringBoard(FrontBoard)[47602] <Debug>: [FBSceneManager] PENDING:   <BSEventQueueEvent: 0x281c0b960; sceneUpdateCompleted-sceneID:dev.selfhost.firstActivationProbe-default(8)> @ back
Aug 27 21:05:39.568869 SpringBoard(FrontBoard)[47602] <Debug>: [FBSceneManager] EXECUTING: <BSEventQueueEvent: 0x281c0b960; sceneUpdateCompleted-sceneID:dev.selfhost.firstActivationProbe-default(8)>
Aug 27 21:05:39.569010 SpringBoard(FrontBoard)[47602] <Debug>: [FBSceneManager] PENDING:   <BSEventQueueEvent: 0x281c0a160; sceneUpdateCompleted-sceneID:dev.selfhost.firstActivationProbe-default(8)> @ front
Aug 27 21:05:39.569213 SpringBoard(FrontBoard)[47602] <Debug>: [FBSceneManager] EXECUTING: <BSEventQueueEvent: 0x281c0a160; sceneUpdateCompleted-sceneID:dev.selfhost.firstActivationProbe-default(8)>
Aug 27 21:05:39.569572 SpringBoard(FrontBoard)[47602] <Debug>: [FBSceneManager] PENDING:   <BSEventQueueEvent: 0x281c42440; updateComplete-sceneID:dev.selfhost.firstActivationProbe-default(8)> @ back
Aug 27 21:05:39.569728 SpringBoard(FrontBoard)[47602] <Debug>: [FBSceneManager] EXECUTING: <BSEventQueueEvent: 0x281c42440; updateComplete-sceneID:dev.selfhost.firstActivationProbe-default(8)>
Aug 27 21:05:39.570060 SpringBoard(FrontBoard)[47602] <Debug>: [FBSceneManager] PENDING:   <BSEventQueueEvent: 0x281c0b3c0; sceneUpdateCompleted-sceneID:dev.selfhost.firstActivationProbe-default(8)> @ back
Aug 27 21:05:39.570201 SpringBoard(FrontBoard)[47602] <Debug>: [FBSceneManager] EXECUTING: <BSEventQueueEvent: 0x281c0b3c0; sceneUpdateCompleted-sceneID:dev.selfhost.firstActivationProbe-default(8)>
Aug 27 21:05:39.570297 SpringBoard(FrontBoard)[47602] <Debug>: [FBSceneManager] PENDING:   <BSEventQueueEvent: 0x281c5e7c0; sceneUpdateCompleted-sceneID:dev.selfhost.firstActivationProbe-default(8)> @ front
Aug 27 21:05:39.570418 SpringBoard(FrontBoard)[47602] <Debug>: [FBSceneManager] EXECUTING: <BSEventQueueEvent: 0x281c5e7c0; sceneUpdateCompleted-sceneID:dev.selfhost.firstActivationProbe-default(8)>
Aug 27 21:05:39.571529 SpringBoard(FrontBoard)[47602] <Debug>: [FBSceneManager] PENDING:   <BSEventQueueEvent: 0x281db21e0; updateComplete-sceneID:dev.selfhost.firstActivationProbe-default(8)> @ back
Aug 27 21:05:39.571607 SpringBoard(FrontBoard)[47602] <Debug>: [FBSceneManager] EXECUTING: <BSEventQueueEvent: 0x281db21e0; updateComplete-sceneID:dev.selfhost.firstActivationProbe-default(8)>
Aug 27 21:05:39.571699 SpringBoard(FrontBoard)[47602] <Debug>: [FBSceneManager] PENDING:   <BSEventQueueEvent: 0x281db25c0; sceneUpdateCompleted-sceneID:dev.selfhost.firstActivationProbe-default(8)> @ back
Aug 27 21:05:39.571776 SpringBoard(FrontBoard)[47602] <Debug>: [FBSceneManager] EXECUTING: <BSEventQueueEvent: 0x281db25c0; sceneUpdateCompleted-sceneID:dev.selfhost.firstActivationProbe-default(8)>
Aug 27 21:05:39.571904 SpringBoard(FrontBoard)[47602] <Debug>: [FBSceneManager] PENDING:   <BSEventQueueEvent: 0x281db22e0; sceneUpdateCompleted-sceneID:dev.selfhost.firstActivationProbe-default(8)> @ front
Aug 27 21:05:39.572000 SpringBoard(FrontBoard)[47602] <Debug>: [FBSceneManager] EXECUTING: <BSEventQueueEvent: 0x281db22e0; sceneUpdateCompleted-sceneID:dev.selfhost.firstActivationProbe-default(8)>
Aug 27 21:05:39.576200 backboardd[65] <Debug>: send Digitizer token: 0xD60DFC06; sgp; subevents: [path: 4; {164.29039001464844, 786.76992797851562}; move; touchID: 0x330; {164.29039453439177, 786.76994203423192}] -> Runner.50450
Aug 27 21:05:39.576393 backboardd(BackBoardHIDEventFoundation)[65] <Debug>: #BKSendHIDEvent: Sending event to client connection: IOHIDEventSystemConnection uuid:4156C565-6D62-4A4B-B69F-7581C656EDCB pid:50450 process:Runner type:Passive entitlements:0x0 caller:BackBoardServices: <redacted> + 336 attributes:{
    bundleID = "dev.selfhost.firstActivationProbe";
Aug 27 21:05:39.583516 useractivityd[184] <Debug>: SCHEDULE:idleDetermination, DONE run, next=forever
Aug 27 21:05:39.592861 Runner(UIKitCore)[50450] <Notice>: Sending UIEvent type: 0; subtype: 0; to windows: 1
Aug 27 21:05:39.593035 Runner(UIKitCore)[50450] <Notice>: Sending UIEvent type: 0; subtype: 0; to window: <UIWindow: 0x103c2e230>; contextId: 0xD60DFC06
Aug 27 21:05:39.593827 Runner(UIKitCore)[50450] <Notice>: sceneOfRecord: sceneID: sceneID:dev.selfhost.firstActivationProbe-default  persistentID: 38A6B0E8-D18B-43CA-916F-1BCC03B36967
Aug 27 21:05:39.594049 Runner(UIKitCore)[50450] <Notice>: Evaluating dispatch of UIEvent: 0x2812f0480; type: 0; subtype: 0; backing type: 11; shouldSend: 1; ignoreInteractionEvents: 0, systemGestureStateChange: 0
Aug 27 21:05:39.594177 Runner(UIKitCore)[50450] <Notice>: Sending UIEvent type: 0; subtype: 0; to windows: 1
Aug 27 21:05:39.594271 Runner(UIKitCore)[50450] <Notice>: Sending UIEvent type: 0; subtype: 0; to window: <UIWindow: 0x103c2e230>; contextId: 0xD60DFC06
Aug 27 21:05:39.594382 Runner(UIKitCore)[50450] <Notice>: Evaluating dispatch of UIEvent: 0x2812f0480; type: 0; subtype: 0; backing type: 11; shouldSend: 1; ignoreInteractionEvents: 0, systemGestureStateChange: 0
Aug 27 21:05:39.594477 Runner(UIKitCore)[50450] <Notice>: Sending UIEvent type: 0; subtype: 0; to windows: 1
Aug 27 21:05:39.595291 backboardd[65] <Debug>: send Digitizer token: 0xD60DFC06; sgp; gen: 70933; subevents: [path: 4; {169.96720886230469, 669.96249389648438}; attribute; edge; touchID: 0x330; {169.96722384396287, 669.96249656296243}] -> Runner.50450
Aug 27 21:05:39.595437 backboardd(BackBoardHIDEventFoundation)[65] <Debug>: #BKSendHIDEvent: Sending event to client connection: IOHIDEventSystemConnection uuid:4156C565-6D62-4A4B-B69F-7581C656EDCB pid:50450 process:Runner type:Passive entitlements:0x0 caller:BackBoardServices: <redacted> + 336 attributes:{
    bundleID = "dev.selfhost.firstActivationProbe";
Aug 27 21:05:39.598235 runningboardd(RunningBoard)[33] <Debug>: [daemon<com.apple.CommCenter>:90] query resolved to [application<dev.selfhost.firstActivationProbe>:50450]
Aug 27 21:05:39.599542 Runner(UIKitCore)[50450] <Notice>: Sending UIEvent type: 0; subtype: 0; to window: <UIWindow: 0x103c2e230>; contextId: 0xD60DFC06
Aug 27 21:05:39.609261 Runner(UIKitCore)[50450] <Notice>: Evaluating dispatch of UIEvent: 0x2812f0480; type: 0; subtype: 0; backing type: 11; shouldSend: 1; ignoreInteractionEvents: 0, systemGestureStateChange: 0
Aug 27 21:05:39.609719 Runner(UIKitCore)[50450] <Notice>: Sending UIEvent type: 0; subtype: 0; to windows: 1
Aug 27 21:05:39.610117 Runner(UIKitCore)[50450] <Notice>: Sending UIEvent type: 0; subtype: 0; to window: <UIWindow: 0x103c2e230>; contextId: 0xD60DFC06
Aug 27 21:05:39.613109 backboardd[65] <Debug>: send Digitizer token: 0xD60DFC06; sgp; gen: 70934; subevents: [path: 4; {169.56825256347656, 678.17178344726562}; attribute; edge; touchID: 0x330; {169.568252983034, 678.1717916714133}] -> Runner.50450
Aug 27 21:05:39.613253 backboardd(BackBoardHIDEventFoundation)[65] <Debug>: #BKSendHIDEvent: Sending event to client connection: IOHIDEventSystemConnection uuid:4156C565-6D62-4A4B-B69F-7581C656EDCB pid:50450 process:Runner type:Passive entitlements:0x0 caller:BackBoardServices: <redacted> + 336 attributes:{
    bundleID = "dev.selfhost.firstActivationProbe";
Aug 27 21:05:39.616673 Runner(UIKitCore)[50450] <Notice>: Evaluating dispatch of UIEvent: 0x2812f0480; type: 0; subtype: 0; backing type: 11; shouldSend: 1; ignoreInteractionEvents: 0, systemGestureStateChange: 0
Aug 27 21:05:39.616756 Runner(UIKitCore)[50450] <Notice>: Sending UIEvent type: 0; subtype: 0; to windows: 1
Aug 27 21:05:39.616833 Runner(UIKitCore)[50450] <Notice>: Sending UIEvent type: 0; subtype: 0; to window: <UIWindow: 0x103c2e230>; contextId: 0xD60DFC06
Aug 27 21:05:39.616957 backboardd[65] <Debug>: send Digitizer token: 0xD60DFC06; up; sgp; gen: 70935; subevents: [path: 4; {168.97169494628906, 690.44651794433594}; up; edge; touchID: 0x330; {168.97170251231455, 690.44651983030656}] -> Runner.50450
Aug 27 21:05:39.617040 backboardd(BackBoardHIDEventFoundation)[65] <Debug>: #BKSendHIDEvent: Sending event to client connection: IOHIDEventSystemConnection uuid:4156C565-6D62-4A4B-B69F-7581C656EDCB pid:50450 process:Runner type:Passive entitlements:0x0 caller:BackBoardServices: <redacted> + 336 attributes:{
    bundleID = "dev.selfhost.firstActivationProbe";
Aug 27 21:05:39.617874 backboardd[65] <Debug>: send Digitizer token: 0xD60DFC06; strm: system-gestures; systemGestureStateChange; subevents: [] -> Runner.50450
Aug 27 21:05:39.618514 backboardd(BackBoardHIDEventFoundation)[65] <Debug>: #BKSendHIDEvent: Sending event to client connection: IOHIDEventSystemConnection uuid:4156C565-6D62-4A4B-B69F-7581C656EDCB pid:50450 process:Runner type:Passive entitlements:0x0 caller:BackBoardServices: <redacted> + 336 attributes:{
    bundleID = "dev.selfhost.firstActivationProbe";
Aug 27 21:05:39.635728 Runner(CoreFoundation)[50450] <Debug>: found no value for key LogSystemGestureUpdate in CFPrefsSearchListSource<0x2809f4800> (Domain: com.apple.UIKit, Container: (null))
Aug 27 21:05:39.636272 Runner(UIKitCore)[50450] <Notice>: Evaluating dispatch of UIEvent: 0x2812f0480; type: 0; subtype: 0; backing type: 11; shouldSend: 0; ignoreInteractionEvents: 0, systemGestureStateChange: 1
Aug 27 21:05:39.636740 Runner(CoreFoundation)[50450] <Debug>: found no value for key LogGestureEnvironment in CFPrefsSearchListSource<0x2809f4800> (Domain: com.apple.UIKit, Container: (null))
Aug 27 21:05:39.637332 Runner(CoreFoundation)[50450] <Debug>: found no value for key ForceTouchSensitivity in CFPrefsSearchListSource<0x2809f7480> (Domain: com.apple.Accessibility, Container: (null))
Aug 27 21:05:39.637954 Runner(libAccessibility.dylib)[50450] <Debug>: CF Read: domain = com.apple.Accessibility, preference = ForceTouchSensitivity, appID = (null) result = (null) (-1 - empty, 0 - false, 1 - true)
Aug 27 21:05:39.638352 Runner(CoreFoundation)[50450] <Debug>: found no value for key ForceTouchSensitivity in CFPrefsPlistSource<0x2809f7500> (Domain: com.apple.Accessibility, User: kCFPreferencesCurrentUser, ByHost: No, Container: (null), Contents Need Refresh: No)
        <SBSDisplayLayoutElement: 0x28363f3a0; sceneID:dev.selfhost.firstActivationProbe-default; bundleID: dev.selfhost.firstActivationProbe; frame: {{0, 0}, {375, 667}}; level: 1; role: primary>;
Aug 27 21:05:39.686135 sharingd[66] <Debug>: SystemUI unknown identifier: 'sceneID:dev.selfhost.firstActivationProbe-default'/ 'dev.selfhost.firstActivationProbe'
Aug 27 21:05:39.687957 bluetoothd(CoreUtils)[86] <Notice>: SystemUI unknown identifier: 'sceneID:dev.selfhost.firstActivationProbe-default' / 'dev.selfhost.firstActivationProbe'
Aug 27 21:05:39.716215 runningboardd(RunningBoard)[33] <Debug>: [daemon<com.apple.SpringBoard>:47602] query resolved to [application<dev.selfhost.firstActivationProbe>:50450]
Aug 27 21:05:39.759965 runningboardd(RunningBoard)[33] <Info>: _requestedJetsamPriority = 6, _executablePath = /System/Library/PrivateFrameworks/MobileBackup.framework/backupd
Aug 27 21:05:39.761733 runningboardd(RunningBoard)[33] <Info>: _requestedJetsamPriority = 6, _executablePath = /System/Library/PrivateFrameworks/MobileBackup.framework/backupd
Aug 27 21:05:39.765319 runningboardd(RunningBoard)[33] <Debug>: Sending state update for daemon<com.apple.backupd>: <RBSProcessState| task:running debug:none terminationResistance:None>
Aug 27 21:05:39.819352 backboardd(IOHIDEventProcessorFilter)[65] <Debug>: created terminal(1) event 0x102684c10 type 29
Aug 27 21:05:39.819820 backboardd(IOHIDEventProcessorFilter)[65] <Debug>: terminal event detected, letting through
<SBTransitionSwitcherModifierEvent: 0x28216c500; type: MainTransition; transitionID: EFF953E4-DF8E-46AC-BDC2-C02D0F2B3BAD; phase: Complete; animated: YES; fromEnvironmentMode: application; toEnvironmentMode: app-switcher; pendingTermination: {(
Aug 27 21:05:39.840564 SpringBoard(UIKitCore)[47602] <Notice>: [sceneID:dev.selfhost.firstActivationProbe-default] Setting deactivation reasons to: 'appSwitcher, systemAnimation' for reason: updateAllScenesForBand - Assertion added.
Aug 27 21:05:39.842489 SpringBoard(FrontBoard)[47602] <Info>: Client intercepting scene update for scene: sceneID:dev.selfhost.firstActivationProbe-default
Aug 27 21:05:39.842806 SpringBoard(FrontBoard)[47602] <Debug>: START SCENE MUTATION ------- sceneID:dev.selfhost.firstActivationProbe-default
Aug 27 21:05:39.843138 SpringBoard(FrontBoard)[47602] <Debug>: [FBSceneManager] PENDING:   <BSEventQueueEvent: 0x281c665a0; sceneUpdatePrepared-sceneID:dev.selfhost.firstActivationProbe-default(9)> @ back
Aug 27 21:05:39.843432 SpringBoard(FrontBoard)[47602] <Debug>: [FBSceneManager] PENDING:   <BSEventQueueEvent: 0x281c67480; applySettings-sceneID:dev.selfhost.firstActivationProbe-default(9)> @ back
Aug 27 21:05:39.843747 SpringBoard(FrontBoard)[47602] <Debug>: Flushing all events for sceneID:dev.selfhost.firstActivationProbe-default
Aug 27 21:05:39.844052 SpringBoard(FrontBoard)[47602] <Debug>: [FBSceneManager] EXECUTING: <BSEventQueueEvent: 0x281c665a0; sceneUpdatePrepared-sceneID:dev.selfhost.firstActivationProbe-default(9)>
Aug 27 21:05:39.844395 SpringBoard(FrontBoard)[47602] <Debug>: [FBSceneManager] PENDING:   <BSEventQueueEvent: 0x281c65a00; sceneUpdatePrepared-sceneID:dev.selfhost.firstActivationProbe-default(9)> @ front
Aug 27 21:05:39.844784 SpringBoard(FrontBoard)[47602] <Debug>: [FBSceneManager] EXECUTING: <BSEventQueueEvent: 0x281c65a00; sceneUpdatePrepared-sceneID:dev.selfhost.firstActivationProbe-default(9)>
Aug 27 21:05:39.845700 SpringBoard(FrontBoard)[47602] <Debug>: [FBSceneManager] EXECUTING: <BSEventQueueEvent: 0x281c67480; applySettings-sceneID:dev.selfhost.firstActivationProbe-default(9)>
Aug 27 21:05:39.846014 SpringBoard(FrontBoard)[47602] <Debug>: [FBSceneManager] PENDING:   <BSEventQueueEvent: 0x281d53fe0; sceneUpdateApplied-sceneID:dev.selfhost.firstActivationProbe-default(9)> @ back
Aug 27 21:05:39.846319 SpringBoard(FrontBoard)[47602] <Debug>: [FBSceneManager] PENDING:   <BSEventQueueEvent: 0x281d437e0; sceneMutationCompletion-sceneID:dev.selfhost.firstActivationProbe-default(9)> @ back
Aug 27 21:05:39.846790 SpringBoard(FrontBoard)[47602] <Debug>: [FBSceneManager] EXECUTING: <BSEventQueueEvent: 0x281d53fe0; sceneUpdateApplied-sceneID:dev.selfhost.firstActivationProbe-default(9)>
Aug 27 21:05:39.847140 SpringBoard(FrontBoard)[47602] <Debug>: [FBSceneManager] PENDING:   <BSEventQueueEvent: 0x281d42380; sceneUpdateApplied-sceneID:dev.selfhost.firstActivationProbe-default(9)> @ front
Aug 27 21:05:39.847594 SpringBoard(FrontBoard)[47602] <Info>: [sceneID:dev.selfhost.firstActivationProbe-default] Sending scene action [Forward Event][0x9ea5] to process 0x114bd7b20 (watchdog: none)
Aug 27 21:05:39.847869 SpringBoard(FrontBoard)[47602] <Debug>: [FBSceneManager] EXECUTING: <BSEventQueueEvent: 0x281d42380; sceneUpdateApplied-sceneID:dev.selfhost.firstActivationProbe-default(9)>
Aug 27 21:05:39.848731 SpringBoard(FrontBoard)[47602] <Debug>: [FBSceneManager] EXECUTING: <BSEventQueueEvent: 0x281d437e0; sceneMutationCompletion-sceneID:dev.selfhost.firstActivationProbe-default(9)>
Aug 27 21:05:39.849044 SpringBoard(FrontBoard)[47602] <Debug>: ---------- END SCENE MUTATION: sceneID:dev.selfhost.firstActivationProbe-default
Aug 27 21:05:39.852799 SpringBoard(UIKitCore)[47602] <Notice>: [sceneID:dev.selfhost.firstActivationProbe-default] Setting deactivation reasons to: 'appSwitcher' for reason: updateAllScenesForBand - Assertion removed.
Aug 27 21:05:39.853322 Runner(UIKitCore)[50450] <Notice>: sceneOfRecord: sceneID: sceneID:dev.selfhost.firstActivationProbe-default  persistentID: 38A6B0E8-D18B-43CA-916F-1BCC03B36967
Aug 27 21:05:39.853730 Runner(UIKitCore)[50450] <Notice>: Deactivation reason added: 3; deactivation reasons: 4128 -> 4136; animating application lifecycle event: 1
Aug 27 21:05:39.861692 SpringBoard(FrontBoard)[47602] <Info>: Client intercepting scene update for scene: sceneID:dev.selfhost.firstActivationProbe-default
Aug 27 21:05:39.861987 SpringBoard(FrontBoard)[47602] <Debug>: START SCENE MUTATION ------- sceneID:dev.selfhost.firstActivationProbe-default
Aug 27 21:05:39.863005 SpringBoard(FrontBoard)[47602] <Debug>: [FBSceneManager] PENDING:   <BSEventQueueEvent: 0x281c66c60; sceneUpdatePrepared-sceneID:dev.selfhost.firstActivationProbe-default(10)> @ back
Aug 27 21:05:39.863157 SpringBoard(FrontBoard)[47602] <Debug>: [FBSceneManager] PENDING:   <BSEventQueueEvent: 0x281c64bc0; applySettings-sceneID:dev.selfhost.firstActivationProbe-default(10)> @ back
Aug 27 21:05:39.863317 SpringBoard(FrontBoard)[47602] <Debug>: Flushing all events for sceneID:dev.selfhost.firstActivationProbe-default
Aug 27 21:05:39.863542 SpringBoard(FrontBoard)[47602] <Debug>: [FBSceneManager] EXECUTING: <BSEventQueueEvent: 0x281c66c60; sceneUpdatePrepared-sceneID:dev.selfhost.firstActivationProbe-default(10)>
Aug 27 21:05:39.863676 SpringBoard(FrontBoard)[47602] <Debug>: [FBSceneManager] PENDING:   <BSEventQueueEvent: 0x281c67a80; sceneUpdatePrepared-sceneID:dev.selfhost.firstActivationProbe-default(10)> @ front
Aug 27 21:05:39.863763 SpringBoard(FrontBoard)[47602] <Debug>: [FBSceneManager] EXECUTING: <BSEventQueueEvent: 0x281c67a80; sceneUpdatePrepared-sceneID:dev.selfhost.firstActivationProbe-default(10)>
Aug 27 21:05:39.864135 SpringBoard(FrontBoard)[47602] <Debug>: [FBSceneManager] EXECUTING: <BSEventQueueEvent: 0x281c64bc0; applySettings-sceneID:dev.selfhost.firstActivationProbe-default(10)>
Aug 27 21:05:39.864385 SpringBoard(FrontBoard)[47602] <Debug>: [FBSceneManager] PENDING:   <BSEventQueueEvent: 0x281c67a80; sceneUpdateApplied-sceneID:dev.selfhost.firstActivationProbe-default(10)> @ back
Aug 27 21:05:39.864474 SpringBoard(FrontBoard)[47602] <Debug>: [FBSceneManager] PENDING:   <BSEventQueueEvent: 0x281c66fe0; sceneMutationCompletion-sceneID:dev.selfhost.firstActivationProbe-default(10)> @ back
Aug 27 21:05:39.864559 SpringBoard(FrontBoard)[47602] <Debug>: [FBSceneManager] EXECUTING: <BSEventQueueEvent: 0x281c67a80; sceneUpdateApplied-sceneID:dev.selfhost.firstActivationProbe-default(10)>
Aug 27 21:05:39.864638 SpringBoard(FrontBoard)[47602] <Debug>: [FBSceneManager] PENDING:   <BSEventQueueEvent: 0x281c64bc0; sceneUpdateApplied-sceneID:dev.selfhost.firstActivationProbe-default(10)> @ front
Aug 27 21:05:39.864740 SpringBoard(FrontBoard)[47602] <Debug>: [FBSceneManager] EXECUTING: <BSEventQueueEvent: 0x281c64bc0; sceneUpdateApplied-sceneID:dev.selfhost.firstActivationProbe-default(10)>
Aug 27 21:05:39.865012 SpringBoard(FrontBoard)[47602] <Info>: [sceneID:dev.selfhost.firstActivationProbe-default] Sending scene action [Forward Event][0x67c1] to process 0x114bd7b20 (watchdog: none)
Aug 27 21:05:39.865358 SpringBoard(FrontBoard)[47602] <Info>: [sceneID:dev.selfhost.firstActivationProbe-default] Scene action [Forward Event][0x9ea5] completed with success: 1
Aug 27 21:05:39.865476 SpringBoard(FrontBoard)[47602] <Debug>: [FBSceneManager] EXECUTING: <BSEventQueueEvent: 0x281c66fe0; sceneMutationCompletion-sceneID:dev.selfhost.firstActivationProbe-default(10)>
Aug 27 21:05:39.865707 SpringBoard(FrontBoard)[47602] <Debug>: ---------- END SCENE MUTATION: sceneID:dev.selfhost.firstActivationProbe-default
Aug 27 21:05:39.870021 Runner(UIKitCore)[50450] <Notice>: sceneOfRecord: sceneID: sceneID:dev.selfhost.firstActivationProbe-default  persistentID: 38A6B0E8-D18B-43CA-916F-1BCC03B36967
Aug 27 21:05:39.870190 Runner(UIKitCore)[50450] <Notice>: Deactivation reason removed: 5; deactivation reasons: 4136 -> 4104; animating application lifecycle event: 0
Aug 27 21:05:39.876699 SpringBoard(FrontBoard)[47602] <Info>: [sceneID:dev.selfhost.firstActivationProbe-default] Scene action [Forward Event][0x67c1] completed with success: 1
Aug 27 21:05:39.880603 SpringBoard[47602] <Notice>: Front display did change: <SBApplication: 0x28242b100; dev.selfhost.firstActivationProbe>
        <SBDeviceApplicationSceneEntity: 0x283e5d630; ID: sceneID:dev.selfhost.firstActivationProbe-default; layoutRole: primary>
        <SBDeviceApplicationSceneEntity: 0x283e5d540; ID: sceneID:dev.selfhost.firstActivationProbe-default; layoutRole: primary>
                            Application: <SBDeviceApplicationSceneEntity: 0x283e5d630; ID: sceneID:dev.selfhost.firstActivationProbe-default; layoutRole: primary>
                            SceneID: sceneID:dev.selfhost.firstActivationProbe-default
                                    Process: <FBApplicationProcess: 0x114bd7b20; application<dev.selfhost.firstActivationProbe>:50450(v6DB18)>
                                    SceneID: sceneID:dev.selfhost.firstActivationProbe-default
        <SBDeviceApplicationSceneEntity: 0x283e5d630; ID: sceneID:dev.selfhost.firstActivationProbe-default; layoutRole: primary>
        <SBDeviceApplicationSceneEntity: 0x283e5d540; ID: sceneID:dev.selfhost.firstActivationProbe-default; layoutRole: primary>
        <SBDeviceApplicationSceneEntity: 0x283e5d630; ID: sceneID:dev.selfhost.firstActivationProbe-default; layoutRole: primary>
        <SBDeviceApplicationSceneEntity: 0x283e5d540; ID: sceneID:dev.selfhost.firstActivationProbe-default; layoutRole: primary>
Aug 27 21:05:39.906133 SpringBoard(FrontBoard)[47602] <Debug>: [FBSceneManager] PENDING:   <BSEventQueueEvent: 0x281d60a40; updateComplete-sceneID:dev.selfhost.firstActivationProbe-default(10)> @ back
Aug 27 21:05:39.906219 SpringBoard(FrontBoard)[47602] <Debug>: [FBSceneManager] EXECUTING: <BSEventQueueEvent: 0x281d60a40; updateComplete-sceneID:dev.selfhost.firstActivationProbe-default(10)>
Aug 27 21:05:39.906299 SpringBoard(FrontBoard)[47602] <Debug>: [FBSceneManager] PENDING:   <BSEventQueueEvent: 0x281d052a0; sceneUpdateCompleted-sceneID:dev.selfhost.firstActivationProbe-default(10)> @ back
Aug 27 21:05:39.906377 SpringBoard(FrontBoard)[47602] <Debug>: [FBSceneManager] EXECUTING: <BSEventQueueEvent: 0x281d052a0; sceneUpdateCompleted-sceneID:dev.selfhost.firstActivationProbe-default(10)>
Aug 27 21:05:39.906466 SpringBoard(FrontBoard)[47602] <Debug>: [FBSceneManager] PENDING:   <BSEventQueueEvent: 0x281d04e60; sceneUpdateCompleted-sceneID:dev.selfhost.firstActivationProbe-default(10)> @ front
Aug 27 21:05:39.906544 SpringBoard(FrontBoard)[47602] <Debug>: [FBSceneManager] EXECUTING: <BSEventQueueEvent: 0x281d04e60; sceneUpdateCompleted-sceneID:dev.selfhost.firstActivationProbe-default(10)>
Aug 27 21:05:39.907307 SpringBoard(FrontBoard)[47602] <Debug>: [FBSceneManager] PENDING:   <BSEventQueueEvent: 0x281d1b220; updateComplete-sceneID:dev.selfhost.firstActivationProbe-default(10)> @ back
Aug 27 21:05:39.907386 SpringBoard(FrontBoard)[47602] <Debug>: [FBSceneManager] EXECUTING: <BSEventQueueEvent: 0x281d1b220; updateComplete-sceneID:dev.selfhost.firstActivationProbe-default(10)>
Aug 27 21:05:39.907466 SpringBoard(FrontBoard)[47602] <Debug>: [FBSceneManager] PENDING:   <BSEventQueueEvent: 0x281d1ab40; sceneUpdateCompleted-sceneID:dev.selfhost.firstActivationProbe-default(10)> @ back
Aug 27 21:05:39.907557 SpringBoard(FrontBoard)[47602] <Debug>: [FBSceneManager] EXECUTING: <BSEventQueueEvent: 0x281d1ab40; sceneUpdateCompleted-sceneID:dev.selfhost.firstActivationProbe-default(10)>
Aug 27 21:05:39.907644 SpringBoard(FrontBoard)[47602] <Debug>: [FBSceneManager] PENDING:   <BSEventQueueEvent: 0x281d1b560; sceneUpdateCompleted-sceneID:dev.selfhost.firstActivationProbe-default(10)> @ front
Aug 27 21:05:39.907720 SpringBoard(FrontBoard)[47602] <Debug>: [FBSceneManager] EXECUTING: <BSEventQueueEvent: 0x281d1b560; sceneUpdateCompleted-sceneID:dev.selfhost.firstActivationProbe-default(10)>
<SBSwipeToKillSwitcherModifierEvent: 0x283ed3f70; type: SwipeToKill; progress: 1.052359; translation: {0, 818}; role: primary; appLayout: <SBAppLayout: 0x28087bb80; primary: dev.selfhost.firstActivationProbe:default; environment: main>>
<SBRemovalSwitcherModifierEvent: 0x2808ed100; type: Removal; phase: Prepare; role: primary; appLayout: <SBAppLayout: 0x28087bb80; primary: dev.selfhost.firstActivationProbe:default; environment: main>; reason: UserSwipeUp>
<SBRemovalSwitcherModifierEvent: 0x280843fc0; type: Removal; phase: Update; role: primary; appLayout: <SBAppLayout: 0x28087bb80; primary: dev.selfhost.firstActivationProbe:default; environment: main>; reason: UserSwipeUp>
        <SBLayoutElement: 0x28087fbc0; uniqueIdentifier: sceneID:dev.selfhost.firstActivationProbe-default; layoutRole: primary> {
            SBLayoutRolePrimary = <SBDeviceApplicationSceneEntity: 0x283ed2710; ID: sceneID:dev.selfhost.firstActivationProbe-default; layoutRole: primary> {
Aug 27 21:05:40.096886 SpringBoard[47602] <Info>: Asserting background status for scenes: <FBScene: 0x282859080; sceneID:dev.selfhost.firstActivationProbe-default>
Aug 27 21:05:40.097173 SpringBoard[47602] <Notice>: didRemoveExternalForegroundApplicationSceneHandle pid:50450 scene:com.apple.frontboard.systemappservices::sceneID%3Adev.selfhost.firstActivationProbe-default now:<empty>
        <SBLayoutElement: 0x28087fbc0; uniqueIdentifier: sceneID:dev.selfhost.firstActivationProbe-default; layoutRole: primary> {
Aug 27 21:05:40.112856 SpringBoard(UIKitCore)[47602] <Notice>: [sceneID:dev.selfhost.firstActivationProbe-default] Setting deactivation reasons to: 'appSwitcher, systemAnimation' for reason: updateAllScenesForBand - Assertion added.
Aug 27 21:05:40.115561 SpringBoard(FrontBoard)[47602] <Info>: Client intercepting scene update for scene: sceneID:dev.selfhost.firstActivationProbe-default
Aug 27 21:05:40.115834 SpringBoard(FrontBoard)[47602] <Debug>: START SCENE MUTATION ------- sceneID:dev.selfhost.firstActivationProbe-default
Aug 27 21:05:40.116303 SpringBoard(FrontBoard)[47602] <Debug>: [FBSceneManager] PENDING:   <BSEventQueueEvent: 0x281de19e0; sceneUpdatePrepared-sceneID:dev.selfhost.firstActivationProbe-default(11)> @ back
Aug 27 21:05:40.116520 SpringBoard(FrontBoard)[47602] <Debug>: [FBSceneManager] PENDING:   <BSEventQueueEvent: 0x281de1d60; applySettings-sceneID:dev.selfhost.firstActivationProbe-default(11)> @ back
Aug 27 21:05:40.116737 SpringBoard(FrontBoard)[47602] <Debug>: Flushing all events for sceneID:dev.selfhost.firstActivationProbe-default
Aug 27 21:05:40.117024 SpringBoard(FrontBoard)[47602] <Debug>: [FBSceneManager] EXECUTING: <BSEventQueueEvent: 0x281de19e0; sceneUpdatePrepared-sceneID:dev.selfhost.firstActivationProbe-default(11)>
Aug 27 21:05:40.122048 SpringBoard(FrontBoard)[47602] <Debug>: [FBSceneManager] PENDING:   <BSEventQueueEvent: 0x281de29e0; sceneUpdatePrepared-sceneID:dev.selfhost.firstActivationProbe-default(11)> @ front
Aug 27 21:05:40.126020 SpringBoard(FrontBoard)[47602] <Debug>: [FBSceneManager] EXECUTING: <BSEventQueueEvent: 0x281de29e0; sceneUpdatePrepared-sceneID:dev.selfhost.firstActivationProbe-default(11)>
Aug 27 21:05:40.126704 SpringBoard(FrontBoard)[47602] <Debug>: [FBSceneManager] EXECUTING: <BSEventQueueEvent: 0x281de1d60; applySettings-sceneID:dev.selfhost.firstActivationProbe-default(11)>
Aug 27 21:05:40.127186 SpringBoard(FrontBoard)[47602] <Debug>: [FBSceneManager] PENDING:   <BSEventQueueEvent: 0x281de5b40; sceneUpdateApplied-sceneID:dev.selfhost.firstActivationProbe-default(11)> @ back
Aug 27 21:05:40.127683 SpringBoard(FrontBoard)[47602] <Debug>: [FBSceneManager] PENDING:   <BSEventQueueEvent: 0x281de71a0; sceneMutationCompletion-sceneID:dev.selfhost.firstActivationProbe-default(11)> @ back
Aug 27 21:05:40.128272 SpringBoard(FrontBoard)[47602] <Info>: [sceneID:dev.selfhost.firstActivationProbe-default] Sending scene action [Forward Event][0xe399] to process 0x114bd7b20 (watchdog: none)
Aug 27 21:05:40.128780 SpringBoard(FrontBoard)[47602] <Debug>: [FBSceneManager] EXECUTING: <BSEventQueueEvent: 0x281de5b40; sceneUpdateApplied-sceneID:dev.selfhost.firstActivationProbe-default(11)>
Aug 27 21:05:40.129351 SpringBoard(FrontBoard)[47602] <Debug>: [FBSceneManager] PENDING:   <BSEventQueueEvent: 0x281de1d60; sceneUpdateApplied-sceneID:dev.selfhost.firstActivationProbe-default(11)> @ front
Aug 27 21:05:40.129750 SpringBoard(FrontBoard)[47602] <Debug>: [FBSceneManager] EXECUTING: <BSEventQueueEvent: 0x281de1d60; sceneUpdateApplied-sceneID:dev.selfhost.firstActivationProbe-default(11)>
Aug 27 21:05:40.130666 SpringBoard(FrontBoard)[47602] <Debug>: [FBSceneManager] EXECUTING: <BSEventQueueEvent: 0x281de71a0; sceneMutationCompletion-sceneID:dev.selfhost.firstActivationProbe-default(11)>
Aug 27 21:05:40.130856 SpringBoard(FrontBoard)[47602] <Debug>: ---------- END SCENE MUTATION: sceneID:dev.selfhost.firstActivationProbe-default
Aug 27 21:05:40.139416 SpringBoard(FrontBoard)[47602] <Info>: [sceneID:dev.selfhost.firstActivationProbe-default] Scene action [Forward Event][0xe399] completed with success: 1
Aug 27 21:05:40.170718 Runner(UIKitCore)[50450] <Notice>: sceneOfRecord: sceneID: sceneID:dev.selfhost.firstActivationProbe-default  persistentID: 38A6B0E8-D18B-43CA-916F-1BCC03B36967
Aug 27 21:05:40.170959 Runner(UIKitCore)[50450] <Notice>: Deactivation reason added: 5; deactivation reasons: 4104 -> 4136; animating application lifecycle event: 1
<SBTransitionSwitcherModifierEvent: 0x28216ec00; type: MainTransition; transitionID: D69F66F0-3171-426F-A43E-EE4FE4CFACDC; phase: Prepare; animated: YES; fromAppLayout: <SBAppLayout: 0x28087bb80; primary: dev.selfhost.firstActivationProbe:default; environment: main>; toAppLayout: 0x0; fromEnvironmentMode: app-switcher; toEnvironmentMode: home-screen; pendingTermination: {(
    bundleIdentifier = dev.selfhost.firstActivationProbe;
    uniqueIdentifier = sceneID:dev.selfhost.firstActivationProbe-default;
<SBTransitionSwitcherModifierEvent: 0x28216d400; type: MainTransition; transitionID: D69F66F0-3171-426F-A43E-EE4FE4CFACDC; phase: Animate; animated: YES; fromAppLayout: <SBAppLayout: 0x28087bb80; primary: dev.selfhost.firstActivationProbe:default; environment: main>; toAppLayout: 0x0; fromEnvironmentMode: app-switcher; toEnvironmentMode: home-screen; pendingTermination: {(
    bundleIdentifier = dev.selfhost.firstActivationProbe;
    uniqueIdentifier = sceneID:dev.selfhost.firstActivationProbe-default;
Aug 27 21:05:40.193370 runningboardd(RunningBoard)[33] <Debug>: [daemon<com.apple.CommCenter>:90] query resolved to [application<dev.selfhost.firstActivationProbe>:50450]
        <SBDeviceApplicationSceneEntity: 0x283ed2710; ID: sceneID:dev.selfhost.firstActivationProbe-default; layoutRole: primary>
        <SBDeviceApplicationSceneEntity: 0x283ed2710; ID: sceneID:dev.selfhost.firstActivationProbe-default; layoutRole: primary>
Aug 27 21:05:40.194984 SpringBoard[47602] <Notice>: SBWorkspaceDestroyApplicationEntity: <SBDeviceApplicationSceneEntity: 0x283e44cd0; ID: sceneID:dev.selfhost.firstActivationProbe-default; layoutRole: undefined> {
Aug 27 21:05:40.196082 SpringBoard(FrontBoard)[47602] <Notice>: Invalidating scene: sceneID:dev.selfhost.firstActivationProbe-default
Aug 27 21:05:40.196624 SpringBoard(FrontBoard)[47602] <Debug>: [FBSceneManager] PENDING:   <BSEventQueueEvent: 0x281c4e5c0; willInvalidate/willDestroy-sceneID:dev.selfhost.firstActivationProbe-default(12)> @ back
Aug 27 21:05:40.196692 SpringBoard(FrontBoard)[47602] <Debug>: [FBSceneManager] PENDING:   <BSEventQueueEvent: 0x281c06900; sceneDeactivation-sceneID:dev.selfhost.firstActivationProbe-default(12)> @ back
Aug 27 21:05:40.196759 SpringBoard(FrontBoard)[47602] <Debug>: [FBSceneManager] EXECUTING: <BSEventQueueEvent: 0x281c4e5c0; willInvalidate/willDestroy-sceneID:dev.selfhost.firstActivationProbe-default(12)>
Aug 27 21:05:40.196827 SpringBoard(FrontBoard)[47602] <Debug>: [FBSceneManager] PENDING:   <BSEventQueueEvent: 0x281c052a0; willInvalidate/willDestroy-sceneID:dev.selfhost.firstActivationProbe-default(12)> @ front
Aug 27 21:05:40.196892 SpringBoard(FrontBoard)[47602] <Debug>: [FBSceneManager] EXECUTING: <BSEventQueueEvent: 0x281c052a0; willInvalidate/willDestroy-sceneID:dev.selfhost.firstActivationProbe-default(12)>
Aug 27 21:05:40.197050 SpringBoard(UIKitCore)[47602] <Notice>: No longer tracking: <FBScene: 0x282859080; sceneID:dev.selfhost.firstActivationProbe-default>
Aug 27 21:05:40.197200 SpringBoard(FrontBoard)[47602] <Debug>: [FBSceneManager] EXECUTING: <BSEventQueueEvent: 0x281c06900; sceneDeactivation-sceneID:dev.selfhost.firstActivationProbe-default(12)>
Aug 27 21:05:40.197315 SpringBoard(FrontBoard)[47602] <Notice>: [application<dev.selfhost.firstActivationProbe>:50450] Unregistering scene: <FBUIApplicationWorkspaceScene: 0x2826445b0; sceneID:dev.selfhost.firstActivationProbe-default>
Aug 27 21:05:40.197401 SpringBoard(FrontBoard)[47602] <Debug>: [FBSceneManager] PENDING:   <BSEventQueueEvent: 0x281c052a0; didDeactivate-sceneObserver-sceneID:dev.selfhost.firstActivationProbe-default(0)> @ back
Aug 27 21:05:40.197468 SpringBoard(FrontBoard)[47602] <Debug>: [FBSceneManager] PENDING:   <BSEventQueueEvent: 0x281c06ba0; didInvalidate-sceneObserver-sceneID:dev.selfhost.firstActivationProbe-default(0)> @ back
Aug 27 21:05:40.197548 SpringBoard(FrontBoard)[47602] <Notice>: [application<dev.selfhost.firstActivationProbe>:50450] Workspace interruption policy did change: default
Aug 27 21:05:40.197615 SpringBoard(FrontBoard)[47602] <Debug>: [FBSceneManager] PENDING:   <BSEventQueueEvent: 0x281c061e0; didDestroyScene-sceneManager-sceneID:dev.selfhost.firstActivationProbe-default(0)> @ back
Aug 27 21:05:40.197770 SpringBoard(FrontBoard)[47602] <Notice>: [application<dev.selfhost.firstActivationProbe>:50450] Setting process visibility to: Unknown
Aug 27 21:05:40.197860 SpringBoard(FrontBoard)[47602] <Debug>: [FBSceneManager] EXECUTING: <BSEventQueueEvent: 0x281c052a0; didDeactivate-sceneObserver-sceneID:dev.selfhost.firstActivationProbe-default(0)>
Aug 27 21:05:40.197937 SpringBoard(FrontBoard)[47602] <Debug>: [FBSceneManager] PENDING:   <BSEventQueueEvent: 0x281c06900; didDeactivate-sceneObserver-sceneID:dev.selfhost.firstActivationProbe-default(0)> @ front
Aug 27 21:05:40.198003 SpringBoard(FrontBoard)[47602] <Debug>: [FBSceneManager] EXECUTING: <BSEventQueueEvent: 0x281c06900; didDeactivate-sceneObserver-sceneID:dev.selfhost.firstActivationProbe-default(0)>
Aug 27 21:05:40.198967 SpringBoard(FrontBoard)[47602] <Debug>: [FBSceneManager] EXECUTING: <BSEventQueueEvent: 0x281c06ba0; didInvalidate-sceneObserver-sceneID:dev.selfhost.firstActivationProbe-default(0)>
Aug 27 21:05:40.199845 Runner(UIKitCore)[50450] <Notice>: [0x280cf6920] End local event deferring requested for token: 0x2804e5c20; environments: 1; reason: UIWindowScene: 0x103d0d530: end event deferring for scene invalidation
Aug 27 21:05:40.199991 Runner(UIKitCore)[50450] <Notice>: [0x280cf6920] Removing all event deferring rules for reason: _UIEventDeferringManager: 0x280cf6920: removing all deferring rules due to scene invalidation: 0x103d0d530
Aug 27 21:05:40.200082 Runner(UIKitCore)[50450] <Notice>: Scene will invalidate: UIWindowScene: 0x103d0d530; scene identity: com.apple.frontboard.systemappservices::sceneID%3Adev.selfhost.firstActivationProbe-default
Aug 27 21:05:40.200175 Runner(UIKitCore)[50450] <Notice>: Key window needs update: 1; currentKeyWindowScene: 0x103d0d530; evaluatedKeyWindowScene: 0x0; currentApplicationKeyWindow: 0x103c2e230; evaluatedApplicationKeyWindow: 0x0; reason: UIWindowScene: 0x103d0d530: Window scene was invalidated
Aug 27 21:05:40.200345 Runner(UIKitCore)[50450] <Notice>: Window did become application key: (nil): 0x0; contextId: 0x0; scene identity: (nil)
Aug 27 21:05:40.205980 SpringBoard(FrontBoard)[47602] <Debug>: [FBSceneManager] PENDING:   <BSEventQueueEvent: 0x281db62c0; didInvalidate-sceneObserver-sceneID:dev.selfhost.firstActivationProbe-default(0)> @ front
Aug 27 21:05:40.206392 SpringBoard(FrontBoard)[47602] <Debug>: [FBSceneManager] EXECUTING: <BSEventQueueEvent: 0x281db62c0; didInvalidate-sceneObserver-sceneID:dev.selfhost.firstActivationProbe-default(0)>
Aug 27 21:05:40.207357 Runner(UIKitCore)[50450] <Notice>: sceneOfRecord: sceneID: (null)  persistentID: (null)
Aug 27 21:05:40.207466 Runner(UIKitCore)[50450] <Notice>: Deactivation reason added: 11; deactivation reasons: 4136 -> 6184; animating application lifecycle event: 0
Aug 27 21:05:40.207604 Runner(UIKitCore)[50450] <Notice>: <private>: Will add backgroundTask with taskName: <private>, expirationHandler: (null)
Aug 27 21:05:40.207934 Runner(UIKitCore)[50450] <Notice>: <private>: Created background task <private>. Assertion will be assigned soon
Aug 27 21:05:40.208444 Runner(UIKitCore)[50450] <Notice>: <private>: Creating new assertion since assertion is nil
Aug 27 21:05:40.211317 SpringBoard(FrontBoard)[47602] <Debug>: [FBSceneManager] EXECUTING: <BSEventQueueEvent: 0x281c061e0; didDestroyScene-sceneManager-sceneID:dev.selfhost.firstActivationProbe-default(0)>
Aug 27 21:05:40.211711 SpringBoard(FrontBoard)[47602] <Debug>: [FBSceneManager] PENDING:   <BSEventQueueEvent: 0x281c052a0; didDestroyScene-sceneManager-sceneID:dev.selfhost.firstActivationProbe-default(0)> @ front
Aug 27 21:05:40.213920 SpringBoard(FrontBoard)[47602] <Debug>: [FBSceneManager] EXECUTING: <BSEventQueueEvent: 0x281c052a0; didDestroyScene-sceneManager-sceneID:dev.selfhost.firstActivationProbe-default(0)>
Aug 27 21:05:40.215580 SpringBoard(KeyboardArbiter)[47602] <Debug>: [<_UIKeyboardArbiterHandle: 0x282a68630; PID 50450: dev.selfhost.firstActivationProbe <com.apple.frontboard.systemappservices::sceneID%3Adev.selfhost.firstActivationProbe-default>; hosting PIDs {(
Aug 27 21:05:40.215766 SpringBoard[47602] <Notice>: [SBMainDisplaySceneManager sceneManager:didDestroyScene: <FBScene: 0x282859080; sceneID:dev.selfhost.firstActivationProbe-default>] - proposing IdleTimerBehavior.
Aug 27 21:05:40.221088 SpringBoard(KeyboardArbiter)[47602] <Debug>: [_UIKeyboardArbiter] Lost connection [<_UIKeyboardArbiterHandle: 0x282a68630; PID 50450: dev.selfhost.firstActivationProbe <(null)>; hosting PIDs {(
Aug 27 21:05:40.224486 runningboardd(RunningBoard)[33] <Info>: Received message from [application<dev.selfhost.firstActivationProbe>:50450] (euid 501, auid 501): acquireAssertionWithDescriptor:error:
Aug 27 21:05:40.224553 Runner(RunningBoardServices)[50450] <Info>: Acquiring assertion: <RBSAssertionDescriptor| "Shared Background Assertion 1 for dev.selfhost.firstActivationProbe" ID:(null) target:50450>
Aug 27 21:05:40.224738 Runner(RunningBoardServices)[50450] <Debug>: Adding assertion 33-50450-7471 to dictionary
Aug 27 21:05:40.224871 Runner(UIKitCore)[50450] <Notice>: <private>: Created new assertion <BKSProcessAssertion: 0x2804e96d0>
Aug 27 21:05:40.224944 runningboardd(RunningBoard)[33] <Notice>: Acquiring assertion targeting [application<dev.selfhost.firstActivationProbe>:50450] from originator [application<dev.selfhost.firstActivationProbe>:50450] with description <RBSAssertionDescriptor| "Shared Background Assertion 1 for dev.selfhost.firstActivationProbe" ID:33-50450-7471 target:50450 attributes:[
Aug 27 21:05:40.225248 Runner(CoreFoundation)[50450] <Debug>: Resource lookup at <private>
Aug 27 21:05:40.225359 runningboardd(RunningBoard)[33] <Notice>: Assertion 33-50450-7471 (target:[application<dev.selfhost.firstActivationProbe>:50450]) will be created as inactive as start-time-defining assertions exist
Aug 27 21:05:40.225744 runningboardd(RunningBoard)[33] <Notice>: Invalidating assertion 33-47602-7468 (target:[application<dev.selfhost.firstActivationProbe>:50450](UIScene:com.apple.frontboard.systemappservices::sceneID%3Adev.selfhost.firstActivationProbe-default)) from originator [daemon<com.apple.SpringBoard>:47602]
Aug 27 21:05:40.227616 SpringBoard(KeyboardArbiter)[47602] <Debug>: [<_UIKeyboardArbiterHandle: 0x282a68630; PID 50450: dev.selfhost.firstActivationProbe <(null)>; hosting PIDs {(
Aug 27 21:05:40.227690 SpringBoard(KeyboardArbiter)[47602] <Debug>: [<_UIKeyboardArbiterHandle: 0x282a68630; PID 50450: dev.selfhost.firstActivationProbe <(null)>; hosting PIDs {(
Aug 27 21:05:40.227965 SpringBoard[47602] <Notice>: SBWorkspaceNoteApplicationEntityWasRemovedFromAppSwitcher: <SBDeviceApplicationSceneEntity: 0x283e44cd0; ID: sceneID:dev.selfhost.firstActivationProbe-default; layoutRole: undefined> {
Aug 27 21:05:40.228256 runningboardd(RunningBoard)[33] <Notice>: Invalidating assertion 33-47602-7466 (target:[application<dev.selfhost.firstActivationProbe>:50450]) from originator [daemon<com.apple.SpringBoard>:47602]
Aug 27 21:05:40.228324 SpringBoard[47602] <Notice>: SBWorkspaceTerminateApplication: dev.selfhost.firstActivationProbe: "killed from app switcher"
Aug 27 21:05:40.228390 SpringBoard(FrontBoard)[47602] <Notice>: [FBWorkspaceEvent] Executing: <FBWorkspaceEvent: 0x281c04880; TerminateApp: dev.selfhost.firstActivationProbe (killed from app switcher)>
Aug 27 21:05:40.228642 SpringBoard(FrontBoard)[47602] <Notice>: [application<dev.selfhost.firstActivationProbe>:50450] SpringBoard requested termination ("killed from app switcher")
Aug 27 21:05:40.228792 SpringBoard(FrontBoard)[47602] <Notice>: [application<dev.selfhost.firstActivationProbe>:50450] Now flagged as pending exit for reason: explicit kill request from client
Aug 27 21:05:40.229039 SpringBoard(FrontBoard)[47602] <Notice>: [application<dev.selfhost.firstActivationProbe>:50450] Received termination request: <FBSProcessTerminationRequest: 0x2808943c0; label: "killed from app switcher"; exceptionCode: "User Initiated Quit (0xDEADFA11)"; performGracefully: YES; reportType: (none); explanation: "killed from app switcher">
Aug 27 21:05:40.230153 runningboardd(RunningBoard)[33] <Notice>: Setting intended exit status on [application<dev.selfhost.firstActivationProbe>:50450] to <RBSProcessExitStatus| domain:frontboard(10) code:user-quit(0xdeadfa11)>
Aug 27 21:05:40.230703 runningboardd(RunningBoard)[33] <Debug>: Adding assertion 33-50450-7471 (target:[application<dev.selfhost.firstActivationProbe>:50450])
Aug 27 21:05:40.230926 runningboardd(RunningBoard)[33] <Info>: application<dev.selfhost.firstActivationProbe> is now targeted by 5 assertions
Aug 27 21:05:40.231064 runningboardd(RunningBoard)[33] <Debug>: BEGIN suppressing state updates for application<dev.selfhost.firstActivationProbe>
Aug 27 21:05:40.231149 runningboardd(RunningBoard)[33] <Notice>: Acquiring assertion targeting [application<dev.selfhost.firstActivationProbe>:50450] from originator [daemon<com.apple.SpringBoard>:47602] with description <RBSAssertionDescriptor| "FBProcess Graceful Termination: user initiated quit" ID:33-47602-7472 target:50450 attributes:[
	<RBSDomainAttribute| domain:"com.apple.frontboard" name:"GracefulTermination" sourceEnvironment:"(null)">,
Aug 27 21:05:40.231269 runningboardd(RunningBoard)[33] <Info>: Finished acquiring assertion 33-50450-7471 (target:[application<dev.selfhost.firstActivationProbe>:50450])
Aug 27 21:05:40.231440 runningboardd(RunningBoard)[33] <Debug>: Updating events for assertion: 33-50450-7471 (target:[application<dev.selfhost.firstActivationProbe>:50450])
Aug 27 21:05:40.231604 runningboardd(RunningBoard)[33] <Debug>: Removing events for context: 33-50450-7471 (target:[application<dev.selfhost.firstActivationProbe>:50450])
Aug 27 21:05:40.231867 runningboardd(RunningBoard)[33] <Notice>: Assertion 33-47602-7472 (target:[application<dev.selfhost.firstActivationProbe>:50450]) will be created as active
Aug 27 21:05:40.232157 SpringBoard(FrontBoard)[47602] <Notice>: [application<dev.selfhost.firstActivationProbe>:50450] Giving the process 5.0s to exit gracefully...
Aug 27 21:05:40.232309 SpringBoard(RunningBoardServices)[47602] <Info>: Acquiring assertion: <RBSAssertionDescriptor| "FBProcess Graceful Termination: user initiated quit" ID:(null) target:50450>
Aug 27 21:05:40.233149 runningboardd(RunningBoard)[33] <Debug>: Adding assertion 33-47602-7472 (target:[application<dev.selfhost.firstActivationProbe>:50450])
Aug 27 21:05:40.233307 runningboardd(RunningBoard)[33] <Info>: application<dev.selfhost.firstActivationProbe> is now targeted by 6 assertions
Aug 27 21:05:40.233439 runningboardd(RunningBoard)[33] <Debug>: Incrementing suppression state to 1 for application<dev.selfhost.firstActivationProbe>
Aug 27 21:05:40.233514 runningboardd(RunningBoard)[33] <Debug>: Decrementing suppression state to 0 for application<dev.selfhost.firstActivationProbe>
Aug 27 21:05:40.233590 runningboardd(RunningBoard)[33] <Debug>: END suppressing state updates for application<dev.selfhost.firstActivationProbe>
Aug 27 21:05:40.233665 runningboardd(RunningBoard)[33] <Debug>: BEGIN suppressing state updates for application<dev.selfhost.firstActivationProbe>
Aug 27 21:05:40.233741 runningboardd(RunningBoard)[33] <Debug>: Incrementing suppression state to 1 for application<dev.selfhost.firstActivationProbe>
Aug 27 21:05:40.233818 runningboardd(RunningBoard)[33] <Debug>: Updating events for assertion: 33-47602-7472 (target:[application<dev.selfhost.firstActivationProbe>:50450])
Aug 27 21:05:40.234832 runningboardd(RunningBoard)[33] <Debug>: Removing events for context: 33-47602-7472 (target:[application<dev.selfhost.firstActivationProbe>:50450])
Aug 27 21:05:40.234932 runningboardd(RunningBoard)[33] <Debug>: Enqueueing events for assertion: 33-47602-7472 (target:[application<dev.selfhost.firstActivationProbe>:50450])
Aug 27 21:05:40.236056 SpringBoard(FrontBoard)[47602] <Debug>: [FBSceneManager] PENDING:   <BSEventQueueEvent: 0x281c055c0; updateComplete-sceneID:dev.selfhost.firstActivationProbe-default(0)> @ back
Aug 27 21:05:40.236134 SpringBoard(FrontBoard)[47602] <Debug>: [FBSceneManager] EXECUTING: <BSEventQueueEvent: 0x281c055c0; updateComplete-sceneID:dev.selfhost.firstActivationProbe-default(0)>
Aug 27 21:05:40.237695 runningboardd(RunningBoard)[33] <Notice>: Calculated state for application<dev.selfhost.firstActivationProbe>: running-active (role: UserInteractiveFocal)
Aug 27 21:05:40.237819 runningboardd(RunningBoard)[33] <Debug>: SUPPRESSING state update for application<dev.selfhost.firstActivationProbe>: <RBSProcessState| task:running-active debug:none terminationResistance:Interactive endowments:[
	<RBSProcessAssertionInfo| type:2 reason:10001 name:"Domain" domain:"com.apple.frontboard:GracefulTermination" expl:"FBProcess Graceful Termination: user initiated quit">,
	<RBSProcessAssertionInfo| type:1 reason:0 name:"Custom" domain:"(null)" expl:"injecting inherited from "UIScene:com.apple.frontboard.systemappservices::com.apple.springboard" to 50450<UIScene:com.apple.frontboard.systemappservices::sceneID%3Adev.selfhost.firstActivationProbe-default>">
Aug 27 21:05:40.237899 runningboardd(RunningBoard)[33] <Info>: [application<dev.selfhost.firstActivationProbe>:50450] Applying updated state
    <RBSInheritance| environment:UIScene:com.apple.frontboard.systemappservices::sceneID%3Adev.selfhost.firstActivationProbe-default name:com.apple.frontboard.visibility origID:33-47602-7468 payload>,
Aug 27 21:05:40.240682 runningboardd(RunningBoard)[33] <Info>: Finished acquiring assertion 33-47602-7472 (target:[application<dev.selfhost.firstActivationProbe>:50450])
<SBRemovalSwitcherModifierEvent: 0x28086dd40; type: Removal; phase: End; role: primary; appLayout: <SBAppLayout: 0x28087bb80; primary: dev.selfhost.firstActivationProbe:default; environment: main>; reason: UserSwipeUp>
Aug 27 21:05:40.242752 SpringBoard[47602] <Notice>: Application process state changed for dev.selfhost.firstActivationProbe: <SBApplicationProcessState: 0x281c055c0; pid: 50450; taskState: Running; visibility: Unknown>
Aug 27 21:05:40.254152 SpringBoard(RunningBoardServices)[47602] <Info>: Update skipped for [application<dev.selfhost.firstActivationProbe>:50450] with state: <RBSProcessState| task:running-active debug:none endowments:[
Aug 27 21:05:40.254829 Runner(UIKitCore)[50450] <Notice>: <private>: Will add backgroundTask with taskName: <private>, expirationHandler: <__NSMallocBlock__: 0x2829dc180>
Aug 27 21:05:40.255040 Runner(UIKitCore)[50450] <Notice>: <private>: Created background task <private>. Assertion will be assigned soon
Aug 27 21:05:40.255232 Runner(UIKitCore)[50450] <Notice>: <private>: Reusing assertion <BKSProcessAssertion: 0x2804e96d0>
Aug 27 21:05:40.255439 Runner(UIKitCore)[50450] <Notice>: <private>: Ending background task with UIBackgroundTaskIdentifier: 3
Aug 27 21:05:40.255633 Runner(UIKitCore)[50450] <Notice>: <private>: Ending task with identifier 3 and description: <private>, _expireHandler: <__NSMallocBlock__: 0x2829dc180>
Aug 27 21:05:40.255840 Runner(UIKitCore)[50450] <Notice>: <private>: Decrementing reference count for assertion used by background task with identifier 3: <private>
Aug 27 21:05:40.256036 Runner(CoreFoundation)[50450] <Debug>: Resource lookup at <private>
Aug 27 21:05:40.256217 Runner(CoreFoundation)[50450] <Debug>: Resource lookup at <private>
Aug 27 21:05:40.256874 SpringBoard(RunningBoardServices)[47602] <Info>: Update skipped for [application<dev.selfhost.firstActivationProbe>:50450] with state: <RBSProcessState| task:running-active debug:none endowments:[
Aug 27 21:05:40.322455 cfprefsd(CoreFoundation)[91] <Debug>: Process 50450 (Runner) sent a request related to { com.apple.corevideo, user: mobile, kCFPreferencesCurrentHost, /Library/Managed Preferences/mobile/com.apple.corevideo.plist, managed: 1 } (0x10182aa60)
Aug 27 21:05:40.322693 Runner(UIKitCore)[50450] <Notice>: Deactivation reason removed: 3; deactivation reasons: 6184 -> 6176; animating application lifecycle event: 0
Aug 27 21:05:40.322847 Runner(UIKitCore)[50450] <Notice>: Deactivation reason removed: 5; deactivation reasons: 6176 -> 6144; animating application lifecycle event: 0
Aug 27 21:05:40.323135 Runner(UIKitCore)[50450] <Notice>: <private>: Will add backgroundTask with taskName: <private>, expirationHandler: <__NSGlobalBlock__: 0x1ec737410>
Aug 27 21:05:40.323842 Runner(UIKitCore)[50450] <Notice>: <private>: Created background task <private>. Assertion will be assigned soon
Aug 27 21:05:40.323934 Runner(UIKitCore)[50450] <Notice>: <private>: Reusing assertion <BKSProcessAssertion: 0x2804e96d0>
Aug 27 21:05:40.324114 Runner(CoreFoundation)[50450] <Debug>: CFPrefsManagedSource<0x2809e6780> (Domain: com.apple.corevideo, User: kCFPreferencesCurrentUser, ByHost: Yes, Container: (null), Contents Need Refresh: No) loaded: an empty base plist and no additional changes from the base plist
Aug 27 21:05:40.330818 Runner(CoreFoundation)[50450] <Debug>: CFPrefsManagedSource<0x2809e6d80> (Domain: com.apple.corevideo, User: kCFPreferencesAnyUser, ByHost: Yes, Container: (null), Contents Need Refresh: No) loaded: an empty base plist and no additional changes from the base plist
Aug 27 21:05:40.349982 backboardd(BackBoardHIDEventFoundation)[65] <Debug>: BKHIDEventClient died (port): <BKAccelerometerClientBKSAccelerometer: 0x10778bcf0; name: Runner.50450; port: 0x49e57; wantsOrientationEvents: NO; passiveEvents: NO; wantsAccelerometerEvents: YES>
Aug 27 21:05:40.351706 runningboardd(RunningBoard)[33] <Debug>: Decrementing suppression state to 0 for application<dev.selfhost.firstActivationProbe>
Aug 27 21:05:40.352010 runningboardd(RunningBoard)[33] <Debug>: END suppressing state updates for application<dev.selfhost.firstActivationProbe>
Aug 27 21:05:40.353177 backboardd(IOKit)[65] <Notice>: Connection removed: IOHIDEventSystemConnection uuid:4156C565-6D62-4A4B-B69F-7581C656EDCB pid:50450 process:Runner type:Passive entitlements:0x0 caller:BackBoardServices: <redacted> + 336 attributes:{
    bundleID = "dev.selfhost.firstActivationProbe";
Aug 27 21:05:40.353773 backboardd(BackBoardHIDEventFoundation)[65] <Debug>: Got a client removal callback: IOHIDEventSystemConnection uuid:4156C565-6D62-4A4B-B69F-7581C656EDCB pid:50450 process:Runner type:Passive entitlements:0x0 caller:BackBoardServices: <redacted> + 336 attributes:{
    bundleID = "dev.selfhost.firstActivationProbe";
Aug 27 21:05:40.353982 backboardd(BackBoardHIDEventFoundation)[65] <Notice>: Removing client connection <BKHIDClientConnection: 0x1026e2260; IOHIDEventSystemConnectionRef: 0x1027c05e0; vpid: 50450(v6DB18); taskPort: 0x421CB; bundleID: dev.selfhost.firstActivationProbe> for client: IOHIDEventSystemConnection uuid:4156C565-6D62-4A4B-B69F-7581C656EDCB pid:50450 process:Runner type:Passive entitlements:0x0 caller:BackBoardServices: <redacted> + 336 attributes:{
    bundleID = "dev.selfhost.firstActivationProbe";
Aug 27 21:05:40.354449 SpringBoard(FrontBoard)[47602] <Notice>: [sceneID:dev.selfhost.firstActivationProbe-default][1] Scene invalidated with error: <NSError: 0x281246790; domain: BSServiceConnectionErrorDomain; code: 3 (OperationFailed); reason: "XPC error received on message reply handler">.
Aug 27 21:05:40.354747 SpringBoard(FrontBoard)[47602] <Notice>: [application<dev.selfhost.firstActivationProbe>:50450] Workspace connection invalidated.
Aug 27 21:05:40.354984 SpringBoard(FrontBoard)[47602] <Notice>: [application<dev.selfhost.firstActivationProbe>:50450] Workspace assertion state did change: None (acquireAssertion = NO).
Aug 27 21:05:40.355417 backboardd(BackBoardHIDEventFoundation)[65] <Debug>: BKHIDEventClient died (pid): <BKHIDEventDeliveryClient: 0x1077c94b0; name: Runner.50450>
Aug 27 21:05:40.388643 powerd[43] <Notice>: Process runningboardd.33 Created SystemIsActive "application<dev.selfhost.firstActivationProbe>33-47602-7472:FBProcess Graceful Termination: user initiated quit" age:00:00:00  id:51539649940 [System: SysAct]
Aug 27 21:05:40.392380 Runner(CoreFoundation)[50450] <Debug>: CFPrefsPlistSource<0x2809e6700> (Domain: com.apple.corevideo, User: kCFPreferencesCurrentUser, ByHost: No, Container: (null), Contents Need Refresh: No) loaded: an empty base plist and no additional changes from the base plist
Aug 27 21:05:40.392500 Runner(CoreFoundation)[50450] <Debug>: CFPrefsPlistSource<0x2809e6c00> (Domain: com.apple.corevideo, User: kCFPreferencesAnyUser, ByHost: Yes, Container: (null), Contents Need Refresh: No) loaded: an empty base plist and no additional changes from the base plist
Aug 27 21:05:40.392794 Runner(CoreFoundation)[50450] <Debug>: found no value for key pools_trace in CFPrefsSearchListSource<0x2809e6800> (Domain: com.apple.corevideo, Container: (null))
Aug 27 21:05:40.392928 Runner(UIKitCore)[50450] <Notice>: <private>: Ending background task with UIBackgroundTaskIdentifier: 2
Aug 27 21:05:40.392999 Runner(UIKitCore)[50450] <Notice>: <private>: Ending task with identifier 2 and description: <private>, _expireHandler: (null)
Aug 27 21:05:40.393085 Runner(UIKitCore)[50450] <Notice>: <private>: Decrementing reference count for assertion used by background task with identifier 2: <private>
Aug 27 21:05:40.399103 cfprefsd(CoreFoundation)[91] <Debug>: Process 50450 (Runner) sent a request related to { com.apple.corevideo, user: kCFPreferencesAnyUser, kCFPreferencesCurrentHost, /Library/Managed Preferences/com.apple.corevideo.plist, managed: 1 } (0x10182aa60)
Aug 27 21:05:40.399404 cfprefsd(CoreFoundation)[91] <Debug>: Process 50450 (Runner) sent a request related to { com.apple.corevideo, user: mobile, kCFPreferencesAnyHost, /var/mobile/Library/Preferences/com.apple.corevideo.plist, managed: 0 } (0x10182aa60)
Aug 27 21:05:40.399763 cfprefsd(CoreFoundation)[91] <Debug>: Process 50450 (Runner) sent a request related to { com.apple.corevideo, user: kCFPreferencesAnyUser, kCFPreferencesCurrentHost, /var/preferences/com.apple.corevideo.plist, managed: 0 } (0x10182aa60)
Aug 27 21:05:40.399996 runningboardd(RunningBoard)[33] <Debug>: Sending state update for application<dev.selfhost.firstActivationProbe>: <RBSProcessState| task:running-active debug:none terminationResistance:Interactive endowments:[
	<RBSProcessAssertionInfo| type:2 reason:10001 name:"Domain" domain:"com.apple.frontboard:GracefulTermination" expl:"FBProcess Graceful Termination: user initiated quit">,
	<RBSProcessAssertionInfo| type:1 reason:0 name:"Custom" domain:"(null)" expl:"injecting inherited from "UIScene:com.apple.frontboard.systemappservices::com.apple.springboard" to 50450<UIScene:com.apple.frontboard.systemappservices::sceneID%3Adev.selfhost.firstActivationProbe-default>">
Aug 27 21:05:40.400087 runningboardd(RunningBoard)[33] <Debug>: Sending state 0x1010af6b0 for application<dev.selfhost.firstActivationProbe> to [daemon<com.apple.SpringBoard>:47602]
Aug 27 21:05:40.400165 runningboardd(RunningBoard)[33] <Debug>: Sending state 0x1010af6b0 for application<dev.selfhost.firstActivationProbe> to [daemon<com.apple.UserEventAgent-System>:30]
Aug 27 21:05:40.400441 runningboardd(RunningBoard)[33] <Notice>: Invalidating assertion 33-47602-7470 (target:[application<dev.selfhost.firstActivationProbe>:50450]) from originator [daemon<com.apple.SpringBoard>:47602]
Aug 27 21:05:40.406795 mediaserverd(RunningBoardServices)[36] <Info>: Update skipped for [application<dev.selfhost.firstActivationProbe>:50450] with state: <RBSProcessState| task:running-active debug:none endowments:[
Aug 27 21:05:40.406864 mediaserverd(RunningBoardServices)[36] <Info>: Update skipped for [application<dev.selfhost.firstActivationProbe>:50450] with state: <RBSProcessState| task:running-active debug:none endowments:[
Aug 27 21:05:40.410890 SpringBoard(RunningBoardServices)[47602] <Info>: Update skipped for [application<dev.selfhost.firstActivationProbe>:50450] with state: <RBSProcessState| task:running-active debug:none endowments:[
Aug 27 21:05:40.411054 SpringBoard(RunningBoardServices)[47602] <Info>: Update skipped for [application<dev.selfhost.firstActivationProbe>:50450] with state: <RBSProcessState| task:running-active debug:none endowments:[
Aug 27 21:05:40.416120 runningboardd(RunningBoard)[33] <Notice>: Removed last relative-start-date-defining assertion for process application<dev.selfhost.firstActivationProbe>
Aug 27 21:05:40.416188 runningboardd(RunningBoard)[33] <Notice>: Activating delayed assertion 33-50450-7471 (target:[application<dev.selfhost.firstActivationProbe>:50450])
Aug 27 21:05:40.416433 runningboardd(RunningBoard)[33] <Debug>: Removing assertion 33-47602-7470 on [application<dev.selfhost.firstActivationProbe>:50450]
Aug 27 21:05:40.416545 runningboardd(RunningBoard)[33] <Debug>: > application<dev.selfhost.firstActivationProbe> ['FBProcess Graceful Termination: user initiated quit'] [33-47602-7472]
Aug 27 21:05:40.416763 runningboardd(RunningBoard)[33] <Debug>: Updating events for assertion: 33-47602-7470 (target:[application<dev.selfhost.firstActivationProbe>:50450])
Aug 27 21:05:40.417066 runningboardd(RunningBoard)[33] <Debug>: Removing events for context: 33-47602-7470 (target:[application<dev.selfhost.firstActivationProbe>:50450])
Aug 27 21:05:40.417537 runningboardd(RunningBoard)[33] <Debug>: Updating events for assertion: 33-47602-7468 (target:[application<dev.selfhost.firstActivationProbe>:50450](UIScene:com.apple.frontboard.systemappservices::sceneID%3Adev.selfhost.firstActivationProbe-default))
Aug 27 21:05:40.417608 runningboardd(RunningBoard)[33] <Debug>: Removing events for context: 33-47602-7468 (target:[application<dev.selfhost.firstActivationProbe>:50450](UIScene:com.apple.frontboard.systemappservices::sceneID%3Adev.selfhost.firstActivationProbe-default))
Aug 27 21:05:40.417675 runningboardd(RunningBoard)[33] <Debug>: Updating events for assertion: 33-47602-7466 (target:[application<dev.selfhost.firstActivationProbe>:50450])
Aug 27 21:05:40.417742 runningboardd(RunningBoard)[33] <Debug>: Removing events for context: 33-47602-7466 (target:[application<dev.selfhost.firstActivationProbe>:50450])
Aug 27 21:05:40.417878 runningboardd(RunningBoard)[33] <Debug>: Updating events for assertion: 33-50450-7471 (target:[application<dev.selfhost.firstActivationProbe>:50450])
Aug 27 21:05:40.417944 runningboardd(RunningBoard)[33] <Debug>: Removing events for context: 33-50450-7471 (target:[application<dev.selfhost.firstActivationProbe>:50450])
Aug 27 21:05:40.418080 runningboardd(RunningBoard)[33] <Debug>: Enqueueing events for assertion: 33-50450-7471 (target:[application<dev.selfhost.firstActivationProbe>:50450])
Aug 27 21:05:40.418149 runningboardd(RunningBoard)[33] <Debug>: > application<dev.selfhost.firstActivationProbe> ['com.apple.frontboard.after-life.interrupted'] [33-47602-7466]
Aug 27 21:05:40.420560 runningboardd(RunningBoard)[33] <Debug>: > application<dev.selfhost.firstActivationProbe> ['injecting inherited from "UIScene:com.apple.frontboard.systemappservices::com.apple.springboard" to 50450<UIScene:com.apple.frontboard.systemappservices::sceneID%3Adev.selfhost.firstActivationProbe-default>'] [33-47602-7468]
Aug 27 21:05:40.420638 runningboardd(RunningBoard)[33] <Info>: application<dev.selfhost.firstActivationProbe> is now targeted by 5 assertions
Aug 27 21:05:40.420721 runningboardd(RunningBoard)[33] <Debug>: > 47602 ['FBProcess Graceful Termination: user initiated quit'] [33-47602-7472]
Aug 27 21:05:40.420870 runningboardd(RunningBoard)[33] <Debug>: > 47602 ['injecting inherited from "UIScene:com.apple.frontboard.systemappservices::com.apple.springboard" to 50450<UIScene:com.apple.frontboard.systemappservices::sceneID%3Adev.selfhost.firstActivationProbe-default>'] [33-47602-7468]
Aug 27 21:05:40.421151 runningboardd(RunningBoard)[33] <Debug>: > 47602 ['Shared Background Assertion 1 for dev.selfhost.firstActivationProbe'] [33-50450-7471]
Aug 27 21:05:40.421288 runningboardd(RunningBoard)[33] <Debug>: Removing assertion 33-47602-7468 on [application<dev.selfhost.firstActivationProbe>:50450](UIScene:com.apple.frontboard.systemappservices::sceneID%3Adev.selfhost.firstActivationProbe-default)
Aug 27 21:05:40.421355 runningboardd(RunningBoard)[33] <Debug>: > application<dev.selfhost.firstActivationProbe> ['FBProcess Graceful Termination: user initiated quit'] [33-47602-7472]
Aug 27 21:05:40.421863 runningboardd(RunningBoard)[33] <Debug>: > application<dev.selfhost.firstActivationProbe> ['com.apple.frontboard.after-life.interrupted'] [33-47602-7466]
Aug 27 21:05:40.423860 runningboardd(RunningBoard)[33] <Info>: application<dev.selfhost.firstActivationProbe> is now targeted by 4 assertions
Aug 27 21:05:40.424058 runningboardd(RunningBoard)[33] <Debug>: > 47602 ['FBProcess Graceful Termination: user initiated quit'] [33-47602-7472]
Aug 27 21:05:40.424414 runningboardd(RunningBoard)[33] <Debug>: > 47602 ['Shared Background Assertion 1 for dev.selfhost.firstActivationProbe'] [33-50450-7471]
Aug 27 21:05:40.424678 runningboardd(RunningBoard)[33] <Debug>: Removing assertion 33-47602-7466 on [application<dev.selfhost.firstActivationProbe>:50450]
Aug 27 21:05:40.424921 runningboardd(RunningBoard)[33] <Debug>: > application<dev.selfhost.firstActivationProbe> ['FBProcess Graceful Termination: user initiated quit'] [33-47602-7472]
Aug 27 21:05:40.426986 runningboardd(RunningBoard)[33] <Info>: application<dev.selfhost.firstActivationProbe> is now targeted by 3 assertions
Aug 27 21:05:40.427067 runningboardd(RunningBoard)[33] <Debug>: > 47602 ['FBProcess Graceful Termination: user initiated quit'] [33-47602-7472]
Aug 27 21:05:40.427372 runningboardd(RunningBoard)[33] <Debug>: > 47602 ['Shared Background Assertion 1 for dev.selfhost.firstActivationProbe'] [33-50450-7471]
Aug 27 21:05:40.427596 runningboardd(RunningBoard)[33] <Debug>: application<dev.selfhost.firstActivationProbe> - New process assertions warning time: 1248812.957013 expiration time: 1248817.957013.
Aug 27 21:05:40.427811 runningboardd(RunningBoard)[33] <Info>: [application<dev.selfhost.firstActivationProbe>:50450] Applying updated state
Aug 27 21:05:40.428080 runningboardd(RunningBoard)[33] <Error>: [application<dev.selfhost.firstActivationProbe>:50450] Error disabling CPU monitoring: 3
Aug 27 21:05:40.428229 runningboardd(RunningBoard)[33] <Notice>: Attempting to rename power assertion 42388 for target application<dev.selfhost.firstActivationProbe> to application<dev.selfhost.firstActivationProbe>;33-47602-7472:FBProcess Graceful Termination: user initiated quit;33-50450-7471:Shared Background Assertion 1 for dev.selfhost.firstActivationProbe(FinishTask)
Aug 27 21:05:40.428299 runningboardd(RunningBoard)[33] <Notice>: [application<dev.selfhost.firstActivationProbe>:50450] termination reported by launchd (0, 0, 0)
Aug 27 21:05:40.428492 runningboardd(RunningBoard)[33] <Notice>: Removing process: [application<dev.selfhost.firstActivationProbe>:50450]
Aug 27 21:05:40.428692 runningboardd(RunningBoard)[33] <Info>: Cleaning out [application<dev.selfhost.firstActivationProbe>:50450] from job manager
Aug 27 21:05:40.429024 runningboardd(RunningBoard)[33] <Notice>: Calculated state for application<dev.selfhost.firstActivationProbe>: running-active (role: NonUserInteractive)
Aug 27 21:05:40.429139 runningboardd(RunningBoard)[33] <Debug>: Sending state update for application<dev.selfhost.firstActivationProbe>: <RBSProcessState| task:running-active debug:none terminationResistance:NonInteractive legacyAssertions:[
	<RBSProcessAssertionInfo| type:3 reason:4 name:"FinishTask" domain:"(null)" expl:"Shared Background Assertion 1 for dev.selfhost.firstActivationProbe">
	<RBSProcessAssertionInfo| type:2 reason:10001 name:"Domain" domain:"com.apple.frontboard:GracefulTermination" expl:"FBProcess Graceful Termination: user initiated quit">
Aug 27 21:05:40.429257 runningboardd(RunningBoard)[33] <Debug>: BEGIN suppressing state updates for application<dev.selfhost.firstActivationProbe>
Aug 27 21:05:40.429383 runningboardd(RunningBoard)[33] <Debug>: Incrementing suppression state to 1 for application<dev.selfhost.firstActivationProbe>
    <RBSInheritance| environment:UIScene:com.apple.frontboard.systemappservices::sceneID%3Adev.selfhost.firstActivationProbe-default name:com.apple.frontboard.visibility origID:33-47602-7468 payload>,
    <RBSInheritance| environment:UIScene:com.apple.frontboard.systemappservices::sceneID%3Adev.selfhost.firstActivationProbe-default name:com.apple.frontboard.visibility origID:33-47602-7468 payload>,
Aug 27 21:05:40.431326 runningboardd(RunningBoard)[33] <Notice>: Removing launch job for: [application<dev.selfhost.firstActivationProbe>:50450]
Aug 27 21:05:40.431602 runningboardd(RunningBoard)[33] <Notice>: Removed job for [application<dev.selfhost.firstActivationProbe>:50450]
Aug 27 21:05:40.431721 runningboardd(RunningBoard)[33] <Notice>: Removing assertions for terminated process: [application<dev.selfhost.firstActivationProbe>:50450]
Aug 27 21:05:40.432000 runningboardd(RunningBoard)[33] <Debug>: Removing assertion 33-50450-7471 on [application<dev.selfhost.firstActivationProbe>:50450]
Aug 27 21:05:40.432146 runningboardd(RunningBoard)[33] <Debug>: > application<dev.selfhost.firstActivationProbe> ['RB Underlying Assertion'] [33-33-7465]
Aug 27 21:05:40.432244 runningboardd(RunningBoard)[33] <Debug>: Updating events for assertion: 33-50450-7471 (target:[application<dev.selfhost.firstActivationProbe>:50450])
Aug 27 21:05:40.432396 runningboardd(RunningBoard)[33] <Debug>: Removing events for context: 33-50450-7471 (target:[application<dev.selfhost.firstActivationProbe>:50450])
Aug 27 21:05:40.432515 runningboardd(RunningBoard)[33] <Debug>: Updating events for assertion: 33-33-7465 (target:[application<dev.selfhost.firstActivationProbe>:50450])
Aug 27 21:05:40.432590 runningboardd(RunningBoard)[33] <Debug>: Removing events for context: 33-33-7465 (target:[application<dev.selfhost.firstActivationProbe>:50450])
Aug 27 21:05:40.432773 runningboardd(RunningBoard)[33] <Debug>: Updating events for assertion: 33-47602-7472 (target:[application<dev.selfhost.firstActivationProbe>:50450])
Aug 27 21:05:40.432918 runningboardd(RunningBoard)[33] <Debug>: Removing events for context: 33-47602-7472 (target:[application<dev.selfhost.firstActivationProbe>:50450])
Aug 27 21:05:40.433013 runningboardd(RunningBoard)[33] <Info>: application<dev.selfhost.firstActivationProbe> is now targeted by 2 assertions
Aug 27 21:05:40.433164 runningboardd(RunningBoard)[33] <Debug>: > 50450 ['FBProcess Graceful Termination: user initiated quit'] [33-47602-7472]
Aug 27 21:05:40.433436 runningboardd(RunningBoard)[33] <Debug>: Removing assertion 33-33-7465 on [application<dev.selfhost.firstActivationProbe>:50450]
Aug 27 21:05:40.433524 runningboardd(RunningBoard)[33] <Info>: application<dev.selfhost.firstActivationProbe> is now targeted by 1 assertions
Aug 27 21:05:40.433631 runningboardd(RunningBoard)[33] <Debug>: > 50450 ['FBProcess Graceful Termination: user initiated quit'] [33-47602-7472]
Aug 27 21:05:40.433833 runningboardd(RunningBoard)[33] <Debug>: Removing assertion 33-47602-7472 on [application<dev.selfhost.firstActivationProbe>:50450]
Aug 27 21:05:40.437574 SpringBoard(RunningBoardServices)[47602] <Info>: Update skipped for [application<dev.selfhost.firstActivationProbe>:50450] with state: <RBSProcessState| task:running-active debug:none legacyAssertions:[
	<RBSProcessAssertionInfo| type:3 reason:4 name:"FinishTask" domain:"(null)" expl:"Shared Background Assertion 1 for dev.selfhost.firstActivationProbe">
Aug 27 21:05:40.438351 runningboardd(RunningBoard)[33] <Info>: application<dev.selfhost.firstActivationProbe> is now targeted by 0 assertions
Aug 27 21:05:40.438626 runningboardd(RunningBoard)[33] <Info>: Resolved state for exited process: <RBProcessState| identity:application<dev.selfhost.firstActivationProbe> role:None>
Aug 27 21:05:40.438729 runningboardd(RunningBoard)[33] <Info>: Ended tracking state for process identity application<dev.selfhost.firstActivationProbe>
Aug 27 21:05:40.439393 runningboardd(RunningBoard)[33] <Debug>: Sending exit event for application<dev.selfhost.firstActivationProbe> to [daemon<com.apple.SpringBoard>:47602]
Aug 27 21:05:40.439662 runningboardd(RunningBoard)[33] <Notice>: Calculated state for application<dev.selfhost.firstActivationProbe>: none (role: None)
Aug 27 21:05:40.439843 runningboardd(RunningBoard)[33] <Debug>: Sending state update for application<dev.selfhost.firstActivationProbe>: <RBSProcessState| task:none debug:none terminationResistance:None>
Aug 27 21:05:40.439917 runningboardd(RunningBoard)[33] <Debug>: Incrementing suppression state to 2 for application<dev.selfhost.firstActivationProbe>
Aug 27 21:05:40.439984 runningboardd(RunningBoard)[33] <Notice>: Calculated state for application<dev.selfhost.firstActivationProbe>: none (role: None)
Aug 27 21:05:40.440051 runningboardd(RunningBoard)[33] <Debug>: Sending state update for application<dev.selfhost.firstActivationProbe>: <RBSProcessState| task:none debug:none terminationResistance:None>
Aug 27 21:05:40.440189 SpringBoard(RunningBoardServices)[47602] <Info>: Update skipped for [application<dev.selfhost.firstActivationProbe>:50450] with state: <RBSProcessState| task:running-active debug:none legacyAssertions:[
	<RBSProcessAssertionInfo| type:3 reason:4 name:"FinishTask" domain:"(null)" expl:"Shared Background Assertion 1 for dev.selfhost.firstActivationProbe">
Aug 27 21:05:40.441344 SpringBoard(RunningBoardServices)[47602] <Info>: Update delivered for [application<dev.selfhost.firstActivationProbe>:50450] with taskState 4
Aug 27 21:05:40.441413 SpringBoard(FrontBoard)[47602] <Notice>: [application<dev.selfhost.firstActivationProbe>:50450] Process exited: <RBSProcessExitContext| specific, status:<RBSProcessExitStatus| domain:frontboard(10) code:user-quit(0xdeadfa11)>>.
Aug 27 21:05:40.441481 SpringBoard(FrontBoard)[47602] <Notice>: [application<dev.selfhost.firstActivationProbe>:50450] Setting process task state to: Not Running
Aug 27 21:05:40.441548 SpringBoard(FrontBoard)[47602] <Notice>: [application<dev.selfhost.firstActivationProbe>:50450] Invalidating workspace.
Aug 27 21:05:40.441614 SpringBoard(FrontBoard)[47602] <Notice>: Removing workspace registration for processHandle: [application<dev.selfhost.firstActivationProbe>:50450]
Aug 27 21:05:40.441680 SpringBoard(FrontBoard)[47602] <Notice>: Removing: <FBApplicationProcess: 0x114bd7b20; application<dev.selfhost.firstActivationProbe>:50450(v6DB18)>
Aug 27 21:05:40.441850 SpringBoard[47602] <Notice>: Process exited: <FBApplicationProcess: 0x114bd7b20; application<dev.selfhost.firstActivationProbe>:50450(v6DB18)> -> <RBSProcessExitContext| specific, status:<RBSProcessExitStatus| domain:frontboard(10) code:user-quit(0xdeadfa11)>>
Aug 27 21:05:40.441992 SpringBoard[47602] <Info>: -[SBApplication _didExitWithContext:] dev.selfhost.firstActivationProbe
Aug 27 21:05:40.442378 SpringBoard[47602] <Notice>: Application process state changed for dev.selfhost.firstActivationProbe: (null)
Aug 27 21:05:40.442563 SpringBoard(RunningBoardServices)[47602] <Info>: Update delivered for [application<dev.selfhost.firstActivationProbe>:50450] with taskState 4
Aug 27 21:05:40.444564 SpringBoard(FrontBoard)[47602] <Notice>: Client provider invalidated: <FBWorkspace: 0x282a4a520; application<dev.selfhost.firstActivationProbe>>
Aug 27 21:05:40.445518 SpringBoard(RunningBoardServices)[47602] <Info>: Update delivered for [application<dev.selfhost.firstActivationProbe>:50450] with taskState 1
Aug 27 21:05:40.445875 mediaserverd(RunningBoardServices)[36] <Info>: Update delivered for [application<dev.selfhost.firstActivationProbe>:50450] with taskState 4
Aug 27 21:05:40.446115 mediaserverd(MediaExperience)[36] <Notice>: -CMSessionMgr- CMSessionMgrHandleApplicationStateChange: Client dev.selfhost.firstActivationProbe with pid '50450' is now Background Running. Background entitlement: NO ActiveLongFormVideoSession: NO WhitelistedLongFormVideoApp NO
Aug 27 21:05:40.446210 mediaserverd(MediaExperience)[36] <Notice>: -CMSessionMgr- CMSessionMgrHandleApplicationStateChange: Sending stop command to dev.selfhost.firstActivationProbe with pid '50450' because client is not allowed to play in the background AND does not continue AirPlaying video when device locks
Aug 27 21:05:40.446525 SpringBoard(RunningBoardServices)[47602] <Info>: Update delivered for [application<dev.selfhost.firstActivationProbe>:50450] with taskState 1
Aug 27 21:05:40.446683 runningboardd(RunningBoard)[33] <Debug>: Incrementing suppression state to 3 for application<dev.selfhost.firstActivationProbe>
Aug 27 21:05:40.446753 mediaserverd(RunningBoardServices)[36] <Info>: Update delivered for [application<dev.selfhost.firstActivationProbe>:50450] with taskState 4
Aug 27 21:05:40.447860 mediaserverd(RunningBoardServices)[36] <Info>: Update delivered for [application<dev.selfhost.firstActivationProbe>:50450] with taskState 1
Aug 27 21:05:40.448827 powerd[43] <Notice>: Process runningboardd.33 Released SystemIsActive "application<dev.selfhost.firstActivationProbe>;33-47602-7472:FBProcess Graceful Termination: user initiated quit;33-50450-7471:Shared Background Assertion 1 for dev.selfhost.firstActivationProbe(FinishTask)" age:00:00:00  id:51539649940 [System: SysAct]
Aug 27 21:05:40.449567 runningboardd(RunningBoard)[33] <Notice>: XPC connection invalidated: [application<dev.selfhost.firstActivationProbe>:50450]
Aug 27 21:05:40.449949 mediaserverd(RunningBoardServices)[36] <Info>: Update skipped for [application<dev.selfhost.firstActivationProbe>:50450] with state: <RBSProcessState| task:none debug:none> and previous state: (null)
Aug 27 21:05:40.451220 mediaserverd(MediaExperience)[36] <Notice>: -CMSessionMgr- CMSessionMgrHandleApplicationStateChange: Client dev.selfhost.firstActivationProbe with pid '50450' is now Terminated. Background entitlement: NO ActiveLongFormVideoSession: NO WhitelistedLongFormVideoApp NO
Aug 27 21:05:40.451462 runningboardd(RunningBoard)[33] <Notice>: XPC connection invalidated: [application<dev.selfhost.firstActivationProbe>:50450]
Aug 27 21:05:40.451765 mediaserverd(RunningBoardServices)[36] <Info>: Update delivered for [application<dev.selfhost.firstActivationProbe>:50450] with taskState 1
Aug 27 21:05:40.452323 mediaserverd(RunningBoardServices)[36] <Info>: Update skipped for [application<dev.selfhost.firstActivationProbe>:50450] with state: <RBSProcessState| task:none debug:none> and previous state: (null)
Aug 27 21:05:40.453161 kbd(RunningBoardServices)[303] <Info>: Update skipped for [application<dev.selfhost.firstActivationProbe>:50450] with state: <RBSProcessState| task:running-active debug:none endowments:[
Aug 27 21:05:40.488272 runningboardd(RunningBoard)[33] <Debug>: Decrementing suppression state to 2 for application<dev.selfhost.firstActivationProbe>
Aug 27 21:05:40.489381 SpringBoard(UserNotificationsServer)[47602] <Notice>: [dev.selfhost.firstActivationProbe] dev.selfhost.firstActivationProbe application state changed to BackgroundRunning
Aug 27 21:05:40.489481 SpringBoard(UserNotificationsServer)[47602] <Notice>: [dev.selfhost.firstActivationProbe] Ignore becoming background for application without push registration
Aug 27 21:05:40.491007 runningboardd(RunningBoard)[33] <Debug>: Decrementing suppression state to 1 for application<dev.selfhost.firstActivationProbe>
Aug 27 21:05:40.491242 runningboardd(RunningBoard)[33] <Debug>: Decrementing suppression state to 0 for application<dev.selfhost.firstActivationProbe>
Aug 27 21:05:40.491466 runningboardd(RunningBoard)[33] <Debug>: END suppressing state updates for application<dev.selfhost.firstActivationProbe>
Aug 27 21:05:40.498726 bluetoothd(CoreUtils)[86] <Notice>: SystemUI unknown identifier: 'sceneID:dev.selfhost.firstActivationProbe-default' / 'dev.selfhost.firstActivationProbe'
Aug 27 21:05:40.498877 sharingd[66] <Debug>: SystemUI unknown identifier: 'sceneID:dev.selfhost.firstActivationProbe-default'/ 'dev.selfhost.firstActivationProbe'
        <SBSDisplayLayoutElement: 0x2836d6f40; sceneID:dev.selfhost.firstActivationProbe-default; bundleID: dev.selfhost.firstActivationProbe; frame: {{0, 0}, {375, 667}}; level: 1; role: primary>;
Aug 27 21:05:40.513646 UserEventAgent(RunningBoardServices)[30] <Info>: Update skipped for [application<dev.selfhost.firstActivationProbe>:50450] with state: <RBSProcessState| task:running-active debug:none endowments:[
	<RBSProcessAssertionInfo| type:2 reason:10001 name:"Domain" domain:"com.apple.frontboard:GracefulTermination" expl:"FBProcess Graceful Termination: user initiated quit">,
	<RBSProcessAssertionInfo| type:1 reason:0 name:"Custom" domain:"(null)" expl:"injecting inherited from "UIScene:com.apple.frontboard.systemappservices::com.apple.springboard" to 50450<UIScene:com.apple.frontboard.systemappservices::sceneID%3Adev.selfhost.firstActivationProbe-default>">
Aug 27 21:05:40.513776 CommCenter(RunningBoardServices)[90] <Info>: Update skipped for [application<dev.selfhost.firstActivationProbe>:50450] with state: <RBSProcessState| task:running-active debug:none endowments:[
Aug 27 21:05:40.514380 backboardd(RunningBoardServices)[65] <Info>: Update skipped for [application<dev.selfhost.firstActivationProbe>:50450] with state: <RBSProcessState| task:running-active debug:none endowments:[
Aug 27 21:05:40.515855 watchdogd(RunningBoardServices)[57] <Debug>: Received message from server: async_observedProcessStatesDidChange:completion:
Aug 27 21:05:40.515985 watchdogd(RunningBoardServices)[57] <Info>: observedProcessStatesDidChange
Aug 27 21:05:40.516097 watchdogd(RunningBoardServices)[57] <Debug>: Decoded RBSProcessHandle with IPC ID 1c22c04a0000c512
Aug 27 21:05:40.516190 watchdogd(RunningBoardServices)[57] <Notice>: Received state update for 50450
Aug 27 21:05:40.516789 wifid(RunningBoardServices)[52] <Info>: Update skipped for [application<dev.selfhost.firstActivationProbe>:50450] with state: <RBSProcessState| task:running-active debug:none endowments:[
Aug 27 21:05:40.517978 watchdogd(RunningBoardServices)[57] <Info>: Update skipped for [application<dev.selfhost.firstActivationProbe>:50450] with state: <RBSProcessState| task:running-active debug:none endowments:[
Aug 27 21:05:40.518496 symptomsd(RunningBoardServices)[170] <Info>: Update skipped for [application<dev.selfhost.firstActivationProbe>:50450] with state: <RBSProcessState| task:running-active debug:none endowments:[
Aug 27 21:05:40.518716 callservicesd(RunningBoardServices)[131] <Info>: Update skipped for [application<dev.selfhost.firstActivationProbe>:50450] with state: <RBSProcessState| task:running-active debug:none endowments:[
Aug 27 21:05:40.519778 runningboardd(RunningBoard)[33] <Debug>: Sending exit event for application<dev.selfhost.firstActivationProbe> to [daemon<com.apple.dasd>:94]
Aug 27 21:05:40.520861 runningboardd(RunningBoard)[33] <Debug>: Sending exit event for application<dev.selfhost.firstActivationProbe> to [daemon<com.apple.aggregated>:50213]
Aug 27 21:05:40.521189 dasd(RunningBoardServices)[94] <Info>: Update skipped for [application<dev.selfhost.firstActivationProbe>:50450] with state: <RBSProcessState| task:running-active debug:none endowments:[
Aug 27 21:05:40.521327 useractivityd(RunningBoardServices)[184] <Info>: Update skipped for [application<dev.selfhost.firstActivationProbe>:50450] with state: <RBSProcessState| task:running-active debug:none endowments:[
Aug 27 21:05:40.521398 aggregated(RunningBoardServices)[50213] <Info>: Update skipped for [application<dev.selfhost.firstActivationProbe>:50450] with state: <RBSProcessState| task:running-active debug:none endowments:[
Aug 27 21:05:40.521549 locationd(RunningBoardServices)[69] <Info>: Update skipped for [application<dev.selfhost.firstActivationProbe>:50450] with state: <RBSProcessState| task:running-active debug:none endowments:[
Aug 27 21:05:40.521627 contextstored(RunningBoardServices)[61] <Info>: Update skipped for [application<dev.selfhost.firstActivationProbe>:50450] with state: <RBSProcessState| task:running-active debug:none endowments:[
Aug 27 21:05:40.522632 watchdogd(RunningBoardServices)[57] <Debug>: Received message from server: async_observedProcessStatesDidChange:completion:
Aug 27 21:05:40.523662 CommCenter(RunningBoardServices)[90] <Info>: Update delivered for [application<dev.selfhost.firstActivationProbe>:50450] with taskState 1
Aug 27 21:05:40.524397 backboardd(RunningBoardServices)[65] <Info>: Update delivered for [application<dev.selfhost.firstActivationProbe>:50450] with taskState 1
Aug 27 21:05:40.525160 watchdogd(RunningBoardServices)[57] <Info>: observedProcessStatesDidChange
Aug 27 21:05:40.525228 watchdogd(RunningBoardServices)[57] <Debug>: Decoded RBSProcessHandle with IPC ID 1c22c04a0000c512
Aug 27 21:05:40.525874 watchdogd(RunningBoardServices)[57] <Notice>: Received state update for 50450
Aug 27 21:05:40.527952 locationd(RunningBoardServices)[69] <Info>: Update delivered for [application<dev.selfhost.firstActivationProbe>:50450] with taskState 1
Aug 27 21:05:40.529465 locationd[69] <Debug>: CLMM,locationApp backgrounded or terminated,<private>
Aug 27 21:05:40.534417 locationd[69] <Notice>: {"msg":"#CLIUA Marking change", "clientKey":"dev.selfhost.firstActivationProbe", "reason":"Process state from RunningBoard", "assertionLevel":5, "coming":0}
Aug 27 21:05:40.537385 locationd[69] <Info>: getClientEffectiveRegistrationResult, , dev.selfhost.firstActivationProbe, , CLClientRegistrationResult, kCLClientRegistrationResultFailedUnavailable, CLCommonLocationServicesEnabled, 1
Aug 27 21:05:40.537505 locationd[69] <Info>: getClientEffectiveRegistrationResult, , dev.selfhost.firstActivationProbe, , CLClientRegistrationResult, kCLClientRegistrationResultFailedUnavailable, CLCommonLocationServicesEnabled, 1
Aug 27 21:05:40.537651 locationd[69] <Debug>: {"msg":"Skip UpdateClientServiceTypeMasks #pla for zones. No InterestZones", "ClientKey":"dev.selfhost.firstActivationProbe"}
Aug 27 21:05:40.542053 SpringBoard(RunningBoardServices)[47602] <Info>: Update delivered for [application<dev.selfhost.firstActivationProbe>:50450] with taskState 1
Aug 27 21:05:40.542325 SpringBoard(UserNotificationsServer)[47602] <Notice>: [dev.selfhost.firstActivationProbe] dev.selfhost.firstActivationProbe application state changed to Terminated
Aug 27 21:05:40.542721 dasd(RunningBoardServices)[94] <Info>: Update skipped for [application<dev.selfhost.firstActivationProbe>:50450] with state: <RBSProcessState| task:running-active debug:none endowments:[
Aug 27 21:05:40.544593 symptomsd(SymptomNetworkUsage)[170] <Debug>: 50450 dev.selfhost.firstActivationProbe: Terminated (most elevated: Terminated)
Aug 27 21:05:40.544764 symptomsd(RunningBoardServices)[170] <Info>: Update delivered for [application<dev.selfhost.firstActivationProbe>:50450] with taskState 1
Aug 27 21:05:40.547831 contextstored(RunningBoardServices)[61] <Info>: Update delivered for [application<dev.selfhost.firstActivationProbe>:50450] with taskState 1
Aug 27 21:05:40.548466 kbd(RunningBoardServices)[303] <Info>: Update delivered for [application<dev.selfhost.firstActivationProbe>:50450] with taskState 1
Aug 27 21:05:40.548779 useractivityd(RunningBoardServices)[184] <Info>: Update delivered for [application<dev.selfhost.firstActivationProbe>:50450] with taskState 1
Aug 27 21:05:40.549353 runningboardd(RunningBoard)[33] <Info>: Received message from [daemon<com.apple.watchdogd>:57] (euid 0, auid 0): lastExitContextForInstance:error:
Aug 27 21:05:40.550257 wifid(RunningBoardServices)[52] <Info>: Update delivered for [application<dev.selfhost.firstActivationProbe>:50450] with taskState 1
Aug 27 21:05:40.550415 aggregated(RunningBoardServices)[50213] <Info>: Update delivered for [application<dev.selfhost.firstActivationProbe>:50450] with taskState 1
Aug 27 21:05:40.550901 callservicesd(RunningBoardServices)[131] <Info>: Update delivered for [application<dev.selfhost.firstActivationProbe>:50450] with taskState 1
Aug 27 21:05:40.551558 watchdogd(RunningBoardServices)[57] <Info>: Update delivered for [application<dev.selfhost.firstActivationProbe>:50450] with taskState 1
Aug 27 21:05:40.552536 watchdogd[57] <Info>: 1248788218346500: <private>
Aug 27 21:05:40.553018 SpringBoard(RunningBoardServices)[47602] <Info>: Update delivered for [application<dev.selfhost.firstActivationProbe>:50450] with taskState 1
Aug 27 21:05:40.553262 UserEventAgent(RunningBoardServices)[30] <Info>: Update delivered for [application<dev.selfhost.firstActivationProbe>:50450] with taskState 4
Aug 27 21:05:40.553846 UserEventAgent(RunningBoardServices)[30] <Info>: Update delivered for [application<dev.selfhost.firstActivationProbe>:50450] with taskState 1
Aug 27 21:05:40.554372 UserEventAgent(RunningBoardServices)[30] <Info>: Update delivered for [application<dev.selfhost.firstActivationProbe>:50450] with taskState 1
Aug 27 21:05:40.554480 UserEventAgent(ADEventListenerPlugin)[30] <Debug>: AppStateChange: <private> (50450) foregroundRunning => terminated
Aug 27 21:05:40.570971 dasd(RunningBoardServices)[94] <Info>: Update delivered for [application<dev.selfhost.firstActivationProbe>:50450] with taskState 1
Aug 27 21:05:40.571133 dasd(RunningBoardServices)[94] <Info>: Update skipped for [application<dev.selfhost.firstActivationProbe>:50450] with state: <RBSProcessState| task:running-active debug:none endowments:[
Aug 27 21:05:40.571385 dasd(RunningBoardServices)[94] <Info>: Update delivered for [application<dev.selfhost.firstActivationProbe>:50450] with taskState 1
Aug 27 21:05:40.572780 dasd(RunningBoardServices)[94] <Info>: Update delivered for [application<dev.selfhost.firstActivationProbe>:50450] with taskState 1
Aug 27 21:05:40.577788 symptomsd(SymptomNetworkUsage)[170] <Info>: handleApplicationStateChangeForDisplayName: name dev.selfhost.firstActivationProbe uuid (null) pid 50450 state BKSApplicationStateTerminated
Aug 27 21:05:40.578138 runningboardd(RunningBoard)[33] <Error>: RBSStateCapture remove item called for untracked item <RBConnectionClient| 50450 name:application<dev.selfhost.firstActivationProbe> entitlements:<RBEntitlements| [
Aug 27 21:05:40.578399 symptomsd(SymptomEvaluator)[170] <Info>: COSMCtrl foregroundAppObserver gets (null) for dev.selfhost.firstActivationProbe state 0
Aug 27 21:05:40.578470 symptomsd(SymptomEvaluator)[170] <Debug>: COSMCtrl _foregroundAppActivity entry for (null) -> dev.selfhost.firstActivationProbe  fg 0
Aug 27 21:05:40.578600 symptomsd(SymptomEvaluator)[170] <Error>: COSMCtrl _foregroundAppActivity incoming bundle dev.selfhost.firstActivationProbe has nil supplied UUID, finds existing E01B2FEA-36F1-3C21-AADE-93AC8E03F45C
Aug 27 21:05:40.578883 symptomsd(SymptomEvaluator)[170] <Debug>: COSMCtrl _foregroundAppActivity exit for E01B2FEA-36F1-3C21-AADE-93AC8E03F45C -> dev.selfhost.firstActivationProbe  policy id 0  fg 0 fg-activity 0
Aug 27 21:05:40.579790 symptomsd(SymptomEvaluator)[170] <Info>: changedForegroundState to 0 for dev.selfhost.firstActivationProbe
Aug 27 21:05:40.580164 symptomsd(SymptomEvaluator)[170] <Debug>: app name dev.selfhost.firstActivationProbe isForeground 0  hasForegroundApps 0, current idea of foreground 1 disp (null)
Aug 27 21:05:40.580443 symptomsd(SymptomEvaluator)[170] <Notice>: dev.selfhost.firstActivationProbe: Foreground: false
Aug 27 21:05:40.580823 symptomsd(SymptomEvaluator)[170] <Debug>: found LU hint (mode: 1) for dev.selfhost.firstActivationProbe: 0x102829350, subscriber tag: 0
Aug 27 21:05:40.581015 symptomsd(SymptomEvaluator)[170] <Info>: Remove appCompactState key dev.selfhost.firstActivationProbe
Aug 27 21:05:41.065158 SpringBoard(CoreMotion)[47602] <Debug>: Ping timer fired, resetting watchdog
<SBTransitionSwitcherModifierEvent: 0x28216c000; type: MainTransition; transitionID: D69F66F0-3171-426F-A43E-EE4FE4CFACDC; phase: Complete; animated: YES; fromAppLayout: <SBAppLayout: 0x28087bb80; primary: dev.selfhost.firstActivationProbe:default; environment: main>; toAppLayout: 0x0; fromEnvironmentMode: app-switcher; toEnvironmentMode: home-screen; pendingTermination: {(
    bundleIdentifier = dev.selfhost.firstActivationProbe;
    uniqueIdentifier = sceneID:dev.selfhost.firstActivationProbe-default;
Aug 27 21:05:41.242916 SpringBoard[47602] <Info>: Background status assertion invalidated for scene: <FBScene: 0x282859080; sceneID:dev.selfhost.firstActivationProbe-default>
Aug 27 21:05:41.244620 SpringBoard(BaseBoard)[47602] <Debug>:  *|machport|* invalidate <BSMachPortTaskNameRight:0x2808f91c0 usable=NO (47602:1e043:send task_name_for_pid:Runner.50450)> -> (<_NSMainThread: 0x280854640>{number = 1, name = main}) (
Aug 27 21:05:41.245204 SpringBoard(BaseBoard)[47602] <Debug>:  *|machport|* invalidate <BSMachPortTaskNameRight:0x280802d40 usable=NO (47602:1e043:send task_name_for_pid:Runner.50450)> -> (<_NSMainThread: 0x280854640>{number = 1, name = main}) (
Aug 27 21:05:41.286344 useractivityd[184] <Debug>: SCHEDULE:idleDetermination scheduleNext, interval=0
Aug 27 21:05:41.287008 useractivityd[184] <Debug>: SCHEDULE:idleDetermination, next=NOW ( was forever ) freq=0
Aug 27 21:05:41.287836 useractivityd[184] <Debug>: SCHEDULE:idleDetermination, run.
Aug 27 21:05:41.288451 useractivityd[184] <Debug>: Determining idleDetermination, entering.
Aug 27 21:05:41.338122 SpringBoard[47602] <Info>: attempted to deactivate overlay for dev.selfhost.firstActivationProbe, exiting early with state 0, 0, (null)
Aug 27 21:05:41.355317 useractivityd[184] <Debug>: SCHEDULE:idleDetermination, DONE run, next=forever
        <SBDeviceApplicationSceneEntity: 0x283ed2710; ID: sceneID:dev.selfhost.firstActivationProbe-default; layoutRole: primary>
        <SBDeviceApplicationSceneEntity: 0x283ed2710; ID: sceneID:dev.selfhost.firstActivationProbe-default; layoutRole: primary>
        <SBDeviceApplicationSceneEntity: 0x283ed2710; ID: sceneID:dev.selfhost.firstActivationProbe-default; layoutRole: primary>
Aug 27 21:05:41.380083 SpringBoard(SplashBoard)[47602] <Debug>: <XBApplicationSnapshotManifestImpl: 0x2833d2800> [dev.selfhost.firstActivationProbe] Cancelling reaping timer as we've just reaped
Aug 27 21:05:41.380184 SpringBoard(SplashBoard)[47602] <Info>: <XBApplicationSnapshotManifestImpl: 0x2833d2800> [dev.selfhost.firstActivationProbe] Archiving manifest (0x2833d2800).
Aug 27 21:05:41.510608 backboardd(CoreMotion)[65] <Debug>: Ping timer fired, resetting watchdog
Aug 27 21:05:41.907680 biometrickitd(CoreMotion)[109] <Debug>: Ping timer fired, resetting watchdog
Aug 27 21:05:42.551280 watchdogd[57] <Debug>: 1248790272330833: <private>
Aug 27 21:05:42.555397 watchdogd[57] <Info>: 1248790272901958: <private>
Aug 27 21:05:42.557326 watchdogd[57] <Debug>: 1248790273054666: <private>
Aug 27 21:05:42.559078 watchdogd[57] <Info>: 1248790273066541: <private>
Aug 27 21:05:42.560648 watchdogd[57] <Debug>: 1248790273188958: <private>
Aug 27 21:05:42.562341 watchdogd[57] <Debug>: 1248790273684583: <private>
Aug 27 21:05:42.563493 watchdogd[57] <Debug>: 1248790274322958: <private>
Aug 27 21:05:42.564363 watchdogd[57] <Debug>: 1248790274644625: <private>
Aug 27 21:05:42.565248 watchdogd[57] <Debug>: 1248790274798708: <private>
Aug 27 21:05:42.566102 watchdogd[57] <Debug>: 1248790275270291: <private>
Aug 27 21:05:42.567010 watchdogd[57] <Info>: 1248790275328666: <private>
Aug 27 21:05:42.568039 watchdogd[57] <Info>: 1248790275343500: <private>
Aug 27 21:05:42.568854 watchdogd[57] <Info>: 1248790275349583: <private>
Aug 27 21:05:42.569689 watchdogd[57] <Info>: 1248790275354708: <private>
Aug 27 21:05:42.570528 watchdogd[57] <Info>: 1248790275359375: <private>
Aug 27 21:05:42.571308 watchdogd[57] <Info>: 1248790275363583: <private>
Aug 27 21:05:42.573536 watchdogd[57] <Info>: 1248790275367916: <private>
Aug 27 21:05:42.574435 watchdogd[57] <Info>: 1248790275371916: <private>
Aug 27 21:05:44.085602 mediaserverd(CoreMotion)[36] <Debug>: Ping timer fired, resetting watchdog
Aug 27 21:05:44.118356 nearbyd(CoreMotion)[157] <Debug>: Ping timer fired, resetting watchdog
Aug 27 21:05:44.178872 locationd[69] <Debug>: Ping timer fired, resetting watchdog
Aug 27 21:05:46.093157 SpringBoard(CoreMotion)[47602] <Debug>: Ping timer fired, resetting watchdog
Aug 27 21:05:46.512467 backboardd(CoreMotion)[65] <Debug>: Ping timer fired, resetting watchdog
Aug 27 21:05:46.908346 biometrickitd(CoreMotion)[109] <Debug>: Ping timer fired, resetting watchdog
Aug 27 21:05:49.085489 mediaserverd(CoreMotion)[36] <Debug>: Ping timer fired, resetting watchdog
Aug 27 21:05:49.123156 nearbyd(CoreMotion)[157] <Debug>: Ping timer fired, resetting watchdog
Aug 27 21:05:49.179102 locationd[69] <Debug>: Ping timer fired, resetting watchdog
Aug 27 21:05:51.066391 SpringBoard(CoreMotion)[47602] <Debug>: Ping timer fired, resetting watchdog
Aug 27 21:05:51.512018 backboardd(CoreMotion)[65] <Debug>: Ping timer fired, resetting watchdog
Aug 27 21:05:51.908044 biometrickitd(CoreMotion)[109] <Debug>: Ping timer fired, resetting watchdog
Aug 27 21:05:52.551681 watchdogd[57] <Debug>: 1248800273056333: <private>
Aug 27 21:05:52.554102 watchdogd[57] <Info>: 1248800273649291: <private>
Aug 27 21:05:52.555028 watchdogd[57] <Debug>: 1248800273803333: <private>
Aug 27 21:05:52.555901 watchdogd[57] <Info>: 1248800273815500: <private>
Aug 27 21:05:52.556749 watchdogd[57] <Debug>: 1248800273937708: <private>
Aug 27 21:05:52.557579 watchdogd[57] <Debug>: 1248800274450083: <private>
Aug 27 21:05:52.558359 watchdogd[57] <Debug>: 1248800275277125: <private>
Aug 27 21:05:52.559219 watchdogd[57] <Debug>: 1248800275319541: <private>
Aug 27 21:05:52.560475 watchdogd[57] <Debug>: 1248800275969083: <private>
Aug 27 21:05:52.561229 watchdogd[57] <Debug>: 1248800276239083: <private>
Aug 27 21:05:52.562186 watchdogd[57] <Info>: 1248800276299083: <private>
Aug 27 21:05:52.563092 watchdogd[57] <Info>: 1248800276313958: <private>
Aug 27 21:05:52.563922 watchdogd[57] <Info>: 1248800276320041: <private>
Aug 27 21:05:52.564830 watchdogd[57] <Info>: 1248800276325208: <private>
Aug 27 21:05:52.565735 watchdogd[57] <Info>: 1248800276329833: <private>
Aug 27 21:05:52.566550 watchdogd[57] <Info>: 1248800276333958: <private>
Aug 27 21:05:52.567358 watchdogd[57] <Info>: 1248800276338583: <private>
Aug 27 21:05:52.568252 watchdogd[57] <Info>: 1248800276342541: <private>
Aug 27 21:05:52.569029 watchdogd[57] <Info>: 1248800277082125: <private>
Aug 27 21:05:54.085157 mediaserverd(CoreMotion)[36] <Debug>: Ping timer fired, resetting watchdog
Aug 27 21:05:54.117222 nearbyd(CoreMotion)[157] <Debug>: Ping timer fired, resetting watchdog
Aug 27 21:05:54.178408 locationd[69] <Debug>: Ping timer fired, resetting watchdog
Aug 27 21:05:56.066171 SpringBoard(CoreMotion)[47602] <Debug>: Ping timer fired, resetting watchdog
Aug 27 21:05:56.511575 backboardd(CoreMotion)[65] <Debug>: Ping timer fired, resetting watchdog
Aug 27 21:05:56.908261 biometrickitd(CoreMotion)[109] <Debug>: Ping timer fired, resetting watchdog
Aug 27 21:05:59.093033 mediaserverd(CoreMotion)[36] <Debug>: Ping timer fired, resetting watchdog
Aug 27 21:05:59.124844 nearbyd(CoreMotion)[157] <Debug>: Ping timer fired, resetting watchdog
Aug 27 21:05:59.312221 locationd[69] <Debug>: Ping timer fired, resetting watchdog
Aug 27 21:06:01.069677 SpringBoard(CoreMotion)[47602] <Debug>: Ping timer fired, resetting watchdog
Aug 27 21:06:01.509439 backboardd(CoreMotion)[65] <Debug>: Ping timer fired, resetting watchdog
Aug 27 21:06:01.909993 biometrickitd(CoreMotion)[109] <Debug>: Ping timer fired, resetting watchdog
Aug 27 21:06:02.554474 watchdogd[57] <Debug>: 1248810273813458: <private>
Aug 27 21:06:02.558321 watchdogd[57] <Info>: 1248810274340000: <private>
Aug 27 21:06:02.560623 watchdogd[57] <Debug>: 1248810274816000: <private>
Aug 27 21:06:02.562217 watchdogd[57] <Debug>: 1248810275524208: <private>
Aug 27 21:06:02.563346 watchdogd[57] <Info>: 1248810275535250: <private>
Aug 27 21:06:02.564935 watchdogd[57] <Debug>: 1248810275973541: <private>
Aug 27 21:06:02.565820 watchdogd[57] <Debug>: 1248810276012333: <private>
Aug 27 21:06:02.566881 watchdogd[57] <Debug>: 1248810276546041: <private>
Aug 27 21:06:02.567883 watchdogd[57] <Debug>: 1248810276586166: <private>
Aug 27 21:06:02.569012 watchdogd[57] <Debug>: 1248810277080375: <private>
Aug 27 21:06:02.570069 watchdogd[57] <Info>: 1248810277138500: <private>
Aug 27 21:06:02.571125 watchdogd[57] <Info>: 1248810277153458: <private>
Aug 27 21:06:02.572392 watchdogd[57] <Info>: 1248810277159666: <private>
Aug 27 21:06:02.573543 watchdogd[57] <Info>: 1248810277164375: <private>
Aug 27 21:06:02.574627 watchdogd[57] <Info>: 1248810277168833: <private>
Aug 27 21:06:02.575706 watchdogd[57] <Info>: 1248810277173375: <private>
Aug 27 21:06:02.576780 watchdogd[57] <Info>: 1248810277177791: <private>
Aug 27 21:06:02.577956 watchdogd[57] <Info>: 1248810277181833: <private>
Aug 27 21:06:04.082525 mediaserverd(CoreMotion)[36] <Debug>: Ping timer fired, resetting watchdog
Aug 27 21:06:04.118340 nearbyd(CoreMotion)[157] <Debug>: Ping timer fired, resetting watchdog
Aug 27 21:06:04.192313 locationd[69] <Debug>: Ping timer fired, resetting watchdog
Aug 27 21:06:06.059355 runningboardd(RunningBoard)[33] <Notice>: [daemon<com.apple.Safari.SafeBrowsing.Service>:38121] Ignoring jetsam update because this process is not memory-managed
Aug 27 21:06:06.060572 runningboardd(RunningBoard)[33] <Debug>: SUPPRESSING state update for daemon<com.apple.Safari.SafeBrowsing.Service>: <RBSProcessState| task:running debug:none terminationResistance:None rbAssertions:[
Aug 27 21:06:06.061689 runningboardd(RunningBoard)[33] <Debug>: Sending state update for daemon<com.apple.Safari.SafeBrowsing.Service>: <RBSProcessState| task:running debug:none terminationResistance:None rbAssertions:[
Aug 27 21:06:06.064917 SpringBoard(CoreMotion)[47602] <Debug>: Ping timer fired, resetting watchdog
Aug 27 21:06:06.513312 backboardd(CoreMotion)[65] <Debug>: Ping timer fired, resetting watchdog
Aug 27 21:06:06.905275 biometrickitd(CoreMotion)[109] <Debug>: Ping timer fired, resetting watchdog
Aug 27 21:06:07.273333 runningboardd(RunningBoard)[33] <Notice>: [daemon<com.apple.Safari.SafeBrowsing.Service>:38121] Ignoring jetsam update because this process is not memory-managed
Aug 27 21:06:07.277781 runningboardd(RunningBoard)[33] <Debug>: Sending state update for daemon<com.apple.Safari.SafeBrowsing.Service>: <RBSProcessState| task:running debug:none terminationResistance:None>
Aug 27 21:06:09.084312 mediaserverd(CoreMotion)[36] <Debug>: Ping timer fired, resetting watchdog
Aug 27 21:06:09.191614 nearbyd(CoreMotion)[157] <Debug>: Ping timer fired, resetting watchdog
Aug 27 21:06:09.192788 locationd[69] <Debug>: Ping timer fired, resetting watchdog
Aug 27 21:06:09.797369 runningboardd(RunningBoard)[33] <Notice>: [daemon<com.apple.backupd>:50461] termination reported by launchd (0, 0, 0)
Aug 27 21:06:09.803695 runningboardd(RunningBoard)[33] <Notice>: Removing assertions for terminated process: [daemon<com.apple.backupd>:50461]
Aug 27 21:06:09.806841 runningboardd(RunningBoard)[33] <Debug>: Sending state update for daemon<com.apple.backupd>: <RBSProcessState| task:none debug:none terminationResistance:None>
Aug 27 21:06:11.063349 SpringBoard(CoreMotion)[47602] <Debug>: Ping timer fired, resetting watchdog
Aug 27 21:06:11.509762 backboardd(CoreMotion)[65] <Debug>: Ping timer fired, resetting watchdog
Aug 27 21:06:11.908263 biometrickitd(CoreMotion)[109] <Debug>: Ping timer fired, resetting watchdog
Aug 27 21:06:12.554900 watchdogd[57] <Debug>: 1248820274505125: <private>
Aug 27 21:06:12.557021 watchdogd[57] <Info>: 1248820275080791: <private>
Aug 27 21:06:12.558991 watchdogd[57] <Debug>: 1248820275234333: <private>
Aug 27 21:06:12.561091 watchdogd[57] <Info>: 1248820275246250: <private>
Aug 27 21:06:12.562107 watchdogd[57] <Debug>: 1248820275371166: <private>
Aug 27 21:06:12.563308 watchdogd[57] <Debug>: 1248820275858166: <private>
Aug 27 21:06:12.565352 watchdogd[57] <Debug>: 1248820276602833: <private>
Aug 27 21:06:12.566426 watchdogd[57] <Debug>: 1248820276767583: <private>
Aug 27 21:06:12.567655 watchdogd[57] <Debug>: 1248820277254708: <private>
Aug 27 21:06:12.568531 watchdogd[57] <Debug>: 1248820277540541: <private>
Aug 27 21:06:12.569982 watchdogd[57] <Info>: 1248820277600333: <private>
Aug 27 21:06:12.571225 watchdogd[57] <Info>: 1248820277615833: <private>
Aug 27 21:06:12.572373 watchdogd[57] <Info>: 1248820277621791: <private>
Aug 27 21:06:12.573395 watchdogd[57] <Info>: 1248820277626708: <private>
Aug 27 21:06:12.574414 watchdogd[57] <Info>: 1248820277631250: <private>
Aug 27 21:06:12.575576 watchdogd[57] <Info>: 1248820277635375: <private>
Aug 27 21:06:12.576821 watchdogd[57] <Info>: 1248820277639750: <private>
Aug 27 21:06:12.577952 watchdogd[57] <Info>: 1248820277643708: <private>
Aug 27 21:06:14.083915 mediaserverd(CoreMotion)[36] <Debug>: Ping timer fired, resetting watchdog
Aug 27 21:06:14.115943 nearbyd(CoreMotion)[157] <Debug>: Ping timer fired, resetting watchdog
Aug 27 21:06:14.177101 locationd[69] <Debug>: Ping timer fired, resetting watchdog
Aug 27 21:06:16.064971 SpringBoard(CoreMotion)[47602] <Debug>: Ping timer fired, resetting watchdog
Aug 27 21:06:16.510526 backboardd(CoreMotion)[65] <Debug>: Ping timer fired, resetting watchdog
Aug 27 21:06:16.905268 biometrickitd(CoreMotion)[109] <Debug>: Ping timer fired, resetting watchdog
Aug 27 21:06:19.083703 mediaserverd(CoreMotion)[36] <Debug>: Ping timer fired, resetting watchdog
Aug 27 21:06:19.117301 nearbyd(CoreMotion)[157] <Debug>: Ping timer fired, resetting watchdog
Aug 27 21:06:19.177759 locationd[69] <Debug>: Ping timer fired, resetting watchdog
Aug 27 21:06:21.063612 SpringBoard(CoreMotion)[47602] <Debug>: Ping timer fired, resetting watchdog
Aug 27 21:06:21.510202 backboardd(CoreMotion)[65] <Debug>: Ping timer fired, resetting watchdog
Aug 27 21:06:21.906583 biometrickitd(CoreMotion)[109] <Debug>: Ping timer fired, resetting watchdog
Aug 27 21:06:22.567968 watchdogd[57] <Debug>: 1248830275230708: <private>
Aug 27 21:06:22.569109 watchdogd[57] <Info>: 1248830275617458: <private>
Aug 27 21:06:22.570273 watchdogd[57] <Debug>: 1248830275729916: <private>
Aug 27 21:06:22.570953 watchdogd[57] <Debug>: 1248830275921166: <private>
Aug 27 21:06:22.571719 watchdogd[57] <Info>: 1248830275926708: <private>
Aug 27 21:06:22.572380 watchdogd[57] <Debug>: 1248830276179000: <private>
Aug 27 21:06:22.573212 watchdogd[57] <Debug>: 1248830276574916: <private>
Aug 27 21:06:22.573951 watchdogd[57] <Debug>: 1248830276769125: <private>
Aug 27 21:06:22.574568 watchdogd[57] <Debug>: 1248830277085791: <private>
Aug 27 21:06:22.575635 watchdogd[57] <Debug>: 1248830277202666: <private>
Aug 27 21:06:22.576347 watchdogd[57] <Info>: 1248830277236583: <private>
Aug 27 21:06:22.577003 watchdogd[57] <Info>: 1248830277246041: <private>
Aug 27 21:06:22.577639 watchdogd[57] <Info>: 1248830277249458: <private>
Aug 27 21:06:22.578454 watchdogd[57] <Info>: 1248830277252166: <private>
Aug 27 21:06:22.579172 watchdogd[57] <Info>: 1248830277254666: <private>
Aug 27 21:06:22.579990 watchdogd[57] <Info>: 1248830277256916: <private>
Aug 27 21:06:22.580810 watchdogd[57] <Info>: 1248830277259291: <private>
Aug 27 21:06:22.581536 watchdogd[57] <Info>: 1248830277261541: <private>
Aug 27 21:06:22.582629 watchdogd[57] <Info>: 1248830277668250: <private>
Aug 27 21:06:24.083223 mediaserverd(CoreMotion)[36] <Debug>: Ping timer fired, resetting watchdog
Aug 27 21:06:24.128625 nearbyd(CoreMotion)[157] <Debug>: Ping timer fired, resetting watchdog
Aug 27 21:06:24.200300 locationd[69] <Debug>: Ping timer fired, resetting watchdog
Aug 27 21:06:26.081199 SpringBoard(CoreMotion)[47602] <Debug>: Ping timer fired, resetting watchdog
Aug 27 21:06:26.509431 backboardd(CoreMotion)[65] <Debug>: Ping timer fired, resetting watchdog
Aug 27 21:06:26.906548 biometrickitd(CoreMotion)[109] <Debug>: Ping timer fired, resetting watchdog
Aug 27 21:06:29.083702 mediaserverd(CoreMotion)[36] <Debug>: Ping timer fired, resetting watchdog
Aug 27 21:06:29.113166 nearbyd(CoreMotion)[157] <Debug>: Ping timer fired, resetting watchdog
Aug 27 21:06:29.176195 locationd[69] <Debug>: Ping timer fired, resetting watchdog
Aug 27 21:06:31.064621 SpringBoard(CoreMotion)[47602] <Debug>: Ping timer fired, resetting watchdog
Aug 27 21:06:31.509586 backboardd(CoreMotion)[65] <Debug>: Ping timer fired, resetting watchdog
Aug 27 21:06:31.906152 biometrickitd(CoreMotion)[109] <Debug>: Ping timer fired, resetting watchdog
Aug 27 21:06:32.552926 watchdogd[57] <Debug>: 1248840275791708: <private>
Aug 27 21:06:32.554394 watchdogd[57] <Info>: 1248840276333250: <private>
Aug 27 21:06:32.555388 watchdogd[57] <Debug>: 1248840276852000: <private>
Aug 27 21:06:32.556507 watchdogd[57] <Debug>: 1248840277441000: <private>
Aug 27 21:06:32.557542 watchdogd[57] <Info>: 1248840277451875: <private>
Aug 27 21:06:32.558799 watchdogd[57] <Debug>: 1248840278753083: <private>
Aug 27 21:06:32.559882 watchdogd[57] <Debug>: 1248840279276625: <private>
Aug 27 21:06:32.561418 watchdogd[57] <Debug>: 1248840279902333: <private>
Aug 27 21:06:32.562306 watchdogd[57] <Debug>: 1248840280665041: <private>
Aug 27 21:06:32.563405 watchdogd[57] <Debug>: 1248840280906208: <private>
Aug 27 21:06:32.564421 watchdogd[57] <Info>: 1248840280938750: <private>
Aug 27 21:06:32.565565 watchdogd[57] <Info>: 1248840280947750: <private>
Aug 27 21:06:32.566612 watchdogd[57] <Info>: 1248840280951375: <private>
Aug 27 21:06:32.567599 watchdogd[57] <Info>: 1248840280954083: <private>
Aug 27 21:06:32.568552 watchdogd[57] <Info>: 1248840280956500: <private>
Aug 27 21:06:32.569814 watchdogd[57] <Info>: 1248840280958750: <private>
Aug 27 21:06:32.570913 watchdogd[57] <Info>: 1248840280961041: <private>
Aug 27 21:06:32.572008 watchdogd[57] <Info>: 1248840280963333: <private>
Aug 27 21:06:34.082594 mediaserverd(CoreMotion)[36] <Debug>: Ping timer fired, resetting watchdog
Aug 27 21:06:34.111113 nearbyd(CoreMotion)[157] <Debug>: Ping timer fired, resetting watchdog
Aug 27 21:06:34.176015 locationd[69] <Debug>: Ping timer fired, resetting watchdog
Aug 27 21:06:36.064017 SpringBoard(CoreMotion)[47602] <Debug>: Ping timer fired, resetting watchdog
Aug 27 21:06:36.509386 backboardd(CoreMotion)[65] <Debug>: Ping timer fired, resetting watchdog
Aug 27 21:06:36.904907 biometrickitd(CoreMotion)[109] <Debug>: Ping timer fired, resetting watchdog
Aug 27 21:06:39.082296 mediaserverd(CoreMotion)[36] <Debug>: Ping timer fired, resetting watchdog
Aug 27 21:06:39.127754 nearbyd(CoreMotion)[157] <Debug>: Ping timer fired, resetting watchdog
Aug 27 21:06:39.175383 locationd[69] <Debug>: Ping timer fired, resetting watchdog
Aug 27 21:06:41.061750 SpringBoard(CoreMotion)[47602] <Debug>: Ping timer fired, resetting watchdog
Aug 27 21:06:41.520164 backboardd(CoreMotion)[65] <Debug>: Ping timer fired, resetting watchdog
Aug 27 21:06:41.905927 biometrickitd(CoreMotion)[109] <Debug>: Ping timer fired, resetting watchdog
Aug 27 21:06:42.549282 watchdogd[57] <Debug>: 1248850276415208: <private>
Aug 27 21:06:42.550071 watchdogd[57] <Info>: 1248850276646625: <private>
Aug 27 21:06:42.550707 watchdogd[57] <Debug>: 1248850276728041: <private>
Aug 27 21:06:42.551373 watchdogd[57] <Debug>: 1248850276866291: <private>
Aug 27 21:06:42.551942 watchdogd[57] <Info>: 1248850276870166: <private>
Aug 27 21:06:42.552304 watchdogd[57] <Debug>: 1248850277471458: <private>
Aug 27 21:06:42.552651 watchdogd[57] <Debug>: 1248850277587500: <private>
Aug 27 21:06:42.552995 watchdogd[57] <Debug>: 1248850277712541: <private>
Aug 27 21:06:42.553337 watchdogd[57] <Debug>: 1248850277932666: <private>
Aug 27 21:06:42.553682 watchdogd[57] <Debug>: 1248850278043250: <private>
Aug 27 21:06:42.554024 watchdogd[57] <Info>: 1248850278066041: <private>
Aug 27 21:06:42.554368 watchdogd[57] <Info>: 1248850278072833: <private>
Aug 27 21:06:42.554717 watchdogd[57] <Info>: 1248850278074958: <private>
Aug 27 21:06:42.555060 watchdogd[57] <Info>: 1248850278076833: <private>
Aug 27 21:06:42.555401 watchdogd[57] <Info>: 1248850278078500: <private>
Aug 27 21:06:42.555743 watchdogd[57] <Info>: 1248850278080000: <private>
Aug 27 21:06:42.556086 watchdogd[57] <Info>: 1248850278081541: <private>
Aug 27 21:06:42.556427 watchdogd[57] <Info>: 1248850278082916: <private>
Aug 27 21:06:44.080939 mediaserverd(CoreMotion)[36] <Debug>: Ping timer fired, resetting watchdog
Aug 27 21:06:44.114330 nearbyd(CoreMotion)[157] <Debug>: Ping timer fired, resetting watchdog
Aug 27 21:06:44.175334 locationd[69] <Debug>: Ping timer fired, resetting watchdog
Aug 27 21:06:45.888632 runningboardd(RunningBoard)[33] <Info>: _requestedJetsamPriority = 6, _executablePath = /System/Library/PrivateFrameworks/MobileBackup.framework/backupd
Aug 27 21:06:45.892707 runningboardd(RunningBoard)[33] <Info>: _requestedJetsamPriority = 6, _executablePath = /System/Library/PrivateFrameworks/MobileBackup.framework/backupd
Aug 27 21:06:45.898145 runningboardd(RunningBoard)[33] <Debug>: Sending state update for daemon<com.apple.backupd>: <RBSProcessState| task:running debug:none terminationResistance:None>
Aug 27 21:06:46.061662 SpringBoard(CoreMotion)[47602] <Debug>: Ping timer fired, resetting watchdog
Aug 27 21:06:46.509005 backboardd(CoreMotion)[65] <Debug>: Ping timer fired, resetting watchdog
Aug 27 21:06:46.904909 biometrickitd(CoreMotion)[109] <Debug>: Ping timer fired, resetting watchdog
Aug 27 21:06:49.081823 mediaserverd(CoreMotion)[36] <Debug>: Ping timer fired, resetting watchdog
Aug 27 21:06:49.114562 nearbyd(CoreMotion)[157] <Debug>: Ping timer fired, resetting watchdog
Aug 27 21:06:49.173869 locationd[69] <Debug>: Ping timer fired, resetting watchdog
Aug 27 21:06:51.063054 SpringBoard(CoreMotion)[47602] <Debug>: Ping timer fired, resetting watchdog
Aug 27 21:06:51.507201 backboardd(CoreMotion)[65] <Debug>: Ping timer fired, resetting watchdog
Aug 27 21:06:51.903685 biometrickitd(CoreMotion)[109] <Debug>: Ping timer fired, resetting watchdog
Aug 27 21:06:52.553340 watchdogd[57] <Debug>: 1248860276793708: <private>
Aug 27 21:06:52.555679 watchdogd[57] <Info>: 1248860277381833: <private>
Aug 27 21:06:52.557929 watchdogd[57] <Debug>: 1248860277536125: <private>
Aug 27 21:06:52.559838 watchdogd[57] <Info>: 1248860277548208: <private>
Aug 27 21:06:52.560918 watchdogd[57] <Debug>: 1248860277674208: <private>
Aug 27 21:06:52.563013 watchdogd[57] <Debug>: 1248860278199791: <private>
Aug 27 21:06:52.564156 watchdogd[57] <Debug>: 1248860278906166: <private>
Aug 27 21:06:52.565194 watchdogd[57] <Debug>: 1248860279246041: <private>
Aug 27 21:06:52.566165 watchdogd[57] <Debug>: 1248860279734416: <private>
Aug 27 21:06:52.567355 watchdogd[57] <Debug>: 1248860279976291: <private>
Aug 27 21:06:52.568321 watchdogd[57] <Info>: 1248860280037000: <private>
Aug 27 21:06:52.569380 watchdogd[57] <Info>: 1248860280053125: <private>
Aug 27 21:06:52.570917 watchdogd[57] <Info>: 1248860280059000: <private>
Aug 27 21:06:52.571914 watchdogd[57] <Info>: 1248860280064000: <private>
Aug 27 21:06:52.572989 watchdogd[57] <Info>: 1248860280068458: <private>
Aug 27 21:06:52.574161 watchdogd[57] <Info>: 1248860280072541: <private>
Aug 27 21:06:52.575136 watchdogd[57] <Info>: 1248860280076833: <private>
Aug 27 21:06:52.576274 watchdogd[57] <Info>: 1248860280080916: <private>
Aug 27 21:06:52.577360 watchdogd[57] <Info>: 1248860280800166: <private>
Aug 27 21:06:54.081528 mediaserverd(CoreMotion)[36] <Debug>: Ping timer fired, resetting watchdog
Aug 27 21:06:54.128433 nearbyd(CoreMotion)[157] <Debug>: Ping timer fired, resetting watchdog
Aug 27 21:06:54.184261 locationd[69] <Debug>: Ping timer fired, resetting watchdog
Aug 27 21:06:56.061434 SpringBoard(CoreMotion)[47602] <Debug>: Ping timer fired, resetting watchdog
Aug 27 21:06:56.508228 backboardd(CoreMotion)[65] <Debug>: Ping timer fired, resetting watchdog
Aug 27 21:06:56.902970 biometrickitd(CoreMotion)[109] <Debug>: Ping timer fired, resetting watchdog
Aug 27 21:06:59.081203 mediaserverd(CoreMotion)[36] <Debug>: Ping timer fired, resetting watchdog
Aug 27 21:06:59.112490 nearbyd(CoreMotion)[157] <Debug>: Ping timer fired, resetting watchdog
Aug 27 21:06:59.175091 locationd[69] <Debug>: Ping timer fired, resetting watchdog
Aug 27 21:07:01.062318 SpringBoard(CoreMotion)[47602] <Debug>: Ping timer fired, resetting watchdog
Aug 27 21:07:01.507968 backboardd(CoreMotion)[65] <Debug>: Ping timer fired, resetting watchdog
Aug 27 21:07:01.904007 biometrickitd(CoreMotion)[109] <Debug>: Ping timer fired, resetting watchdog
Aug 27 21:07:02.549827 watchdogd[57] <Debug>: 1248870277489291: <private>
Aug 27 21:07:02.553914 watchdogd[57] <Info>: 1248870277830166: <private>
Aug 27 21:07:02.556744 watchdogd[57] <Debug>: 1248870277916875: <private>
Aug 27 21:07:02.558286 watchdogd[57] <Info>: 1248870277923541: <private>
Aug 27 21:07:02.559479 watchdogd[57] <Debug>: 1248870278047708: <private>
Aug 27 21:07:02.560504 watchdogd[57] <Debug>: 1248870278303041: <private>
Aug 27 21:07:02.561506 watchdogd[57] <Debug>: 1248870278672416: <private>
Aug 27 21:07:02.562496 watchdogd[57] <Debug>: 1248870278889500: <private>
Aug 27 21:07:02.563551 watchdogd[57] <Debug>: 1248870278989708: <private>
Aug 27 21:07:02.564236 watchdogd[57] <Debug>: 1248870279177958: <private>
Aug 27 21:07:02.565404 watchdogd[57] <Info>: 1248870279213416: <private>
Aug 27 21:07:02.566646 watchdogd[57] <Info>: 1248870279222875: <private>
Aug 27 21:07:02.567679 watchdogd[57] <Info>: 1248870279226250: <private>
Aug 27 21:07:02.568692 watchdogd[57] <Info>: 1248870279228916: <private>
Aug 27 21:07:02.569871 watchdogd[57] <Info>: 1248870279231333: <private>
Aug 27 21:07:02.570854 watchdogd[57] <Info>: 1248870279233666: <private>
Aug 27 21:07:02.571679 watchdogd[57] <Info>: 1248870279235958: <private>
Aug 27 21:07:02.572288 watchdogd[57] <Info>: 1248870279238208: <private>
Aug 27 21:07:04.081535 mediaserverd(CoreMotion)[36] <Debug>: Ping timer fired, resetting watchdog
Aug 27 21:07:04.109419 nearbyd(CoreMotion)[157] <Debug>: Ping timer fired, resetting watchdog
Aug 27 21:07:04.173970 locationd[69] <Debug>: Ping timer fired, resetting watchdog
Aug 27 21:07:06.062269 SpringBoard(CoreMotion)[47602] <Debug>: Ping timer fired, resetting watchdog
Aug 27 21:07:06.507726 backboardd(CoreMotion)[65] <Debug>: Ping timer fired, resetting watchdog
Aug 27 21:07:06.904062 biometrickitd(CoreMotion)[109] <Debug>: Ping timer fired, resetting watchdog
Aug 27 21:07:09.084785 mediaserverd(CoreMotion)[36] <Debug>: Ping timer fired, resetting watchdog
Aug 27 21:07:09.108970 nearbyd(CoreMotion)[157] <Debug>: Ping timer fired, resetting watchdog
Aug 27 21:07:09.173638 locationd[69] <Debug>: Ping timer fired, resetting watchdog
Aug 27 21:07:11.060125 SpringBoard(CoreMotion)[47602] <Debug>: Ping timer fired, resetting watchdog
Aug 27 21:07:11.507297 backboardd(CoreMotion)[65] <Debug>: Ping timer fired, resetting watchdog
Aug 27 21:07:11.904687 biometrickitd(CoreMotion)[109] <Debug>: Ping timer fired, resetting watchdog
Aug 27 21:07:12.551236 watchdogd[57] <Debug>: 1248880277977416: <private>
Aug 27 21:07:12.555173 watchdogd[57] <Info>: 1248880278558000: <private>
Aug 27 21:07:12.557897 watchdogd[57] <Debug>: 1248880278710541: <private>
Aug 27 21:07:12.558952 watchdogd[57] <Info>: 1248880278722375: <private>
Aug 27 21:07:12.559949 watchdogd[57] <Debug>: 1248880278845583: <private>
Aug 27 21:07:12.561377 watchdogd[57] <Debug>: 1248880279350541: <private>
Aug 27 21:07:12.562298 watchdogd[57] <Debug>: 1248880280108166: <private>
Aug 27 21:07:12.563500 watchdogd[57] <Debug>: 1248880280409708: <private>
Aug 27 21:07:12.564634 watchdogd[57] <Debug>: 1248880280946333: <private>
Aug 27 21:07:12.565681 watchdogd[57] <Debug>: 1248880281116916: <private>
Aug 27 21:07:12.566637 watchdogd[57] <Info>: 1248880281175416: <private>
Aug 27 21:07:12.567772 watchdogd[57] <Info>: 1248880281191083: <private>
Aug 27 21:07:12.568892 watchdogd[57] <Info>: 1248880281197041: <private>
Aug 27 21:07:12.570366 watchdogd[57] <Info>: 1248880281202125: <private>
Aug 27 21:07:12.574240 watchdogd[57] <Info>: 1248880281206625: <private>
Aug 27 21:07:12.575235 watchdogd[57] <Info>: 1248880281210958: <private>
Aug 27 21:07:12.576168 watchdogd[57] <Info>: 1248880281215541: <private>
Aug 27 21:07:12.577041 watchdogd[57] <Info>: 1248880281219958: <private>
Aug 27 21:07:14.080127 mediaserverd(CoreMotion)[36] <Debug>: Ping timer fired, resetting watchdog
Aug 27 21:07:14.108504 nearbyd(CoreMotion)[157] <Debug>: Ping timer fired, resetting watchdog
Aug 27 21:07:14.173897 locationd[69] <Debug>: Ping timer fired, resetting watchdog
Aug 27 21:07:15.921576 runningboardd(RunningBoard)[33] <Notice>: [daemon<com.apple.backupd>:50471] termination reported by launchd (0, 0, 0)
Aug 27 21:07:15.923904 runningboardd(RunningBoard)[33] <Notice>: Removing assertions for terminated process: [daemon<com.apple.backupd>:50471]
Aug 27 21:07:15.926399 runningboardd(RunningBoard)[33] <Debug>: Sending state update for daemon<com.apple.backupd>: <RBSProcessState| task:none debug:none terminationResistance:None>
Aug 27 21:07:15.934620 runningboardd(RunningBoard)[33] <Info>: daemon<com.apple.watchdogd> has 0 targeting assertions. Debug log lines of their details follow.
Aug 27 21:07:16.059877 SpringBoard(CoreMotion)[47602] <Debug>: Ping timer fired, resetting watchdog
Aug 27 21:07:16.509174 backboardd(CoreMotion)[65] <Debug>: Ping timer fired, resetting watchdog
Aug 27 21:07:16.901436 biometrickitd(CoreMotion)[109] <Debug>: Ping timer fired, resetting watchdog
Aug 27 21:07:19.079228 mediaserverd(CoreMotion)[36] <Debug>: Ping timer fired, resetting watchdog
Aug 27 21:07:19.112232 nearbyd(CoreMotion)[157] <Debug>: Ping timer fired, resetting watchdog
Aug 27 21:07:19.172981 locationd[69] <Debug>: Ping timer fired, resetting watchdog
Aug 27 21:07:21.061060 SpringBoard(CoreMotion)[47602] <Debug>: Ping timer fired, resetting watchdog
Aug 27 21:07:21.508558 backboardd(CoreMotion)[65] <Debug>: Ping timer fired, resetting watchdog
Aug 27 21:07:21.903228 biometrickitd(CoreMotion)[109] <Debug>: Ping timer fired, resetting watchdog
Aug 27 21:07:22.563875 watchdogd[57] <Debug>: 1248890278735958: <private>
Aug 27 21:07:22.565398 watchdogd[57] <Info>: 1248890279272166: <private>
Aug 27 21:07:22.567145 watchdogd[57] <Debug>: 1248890279893291: <private>
Aug 27 21:07:22.568220 watchdogd[57] <Debug>: 1248890280280708: <private>
Aug 27 21:07:22.569335 watchdogd[57] <Info>: 1248890280291625: <private>
Aug 27 21:07:22.570418 watchdogd[57] <Debug>: 1248890280752166: <private>
Aug 27 21:07:22.582948 watchdogd[57] <Debug>: 1248890281194833: <private>
Aug 27 21:07:22.584002 watchdogd[57] <Debug>: 1248890281792458: <private>
Aug 27 21:07:22.585617 watchdogd[57] <Debug>: 1248890282268750: <private>
Aug 27 21:07:22.586894 watchdogd[57] <Debug>: 1248890282428166: <private>
Aug 27 21:07:22.587533 watchdogd[57] <Info>: 1248890282489458: <private>
Aug 27 21:07:22.588239 watchdogd[57] <Info>: 1248890282505708: <private>
Aug 27 21:07:22.588930 watchdogd[57] <Info>: 1248890282511708: <private>
Aug 27 21:07:22.589748 watchdogd[57] <Info>: 1248890282516958: <private>
Aug 27 21:07:22.591027 watchdogd[57] <Info>: 1248890282521291: <private>
Aug 27 21:07:22.591792 watchdogd[57] <Info>: 1248890282525375: <private>
Aug 27 21:07:22.592692 watchdogd[57] <Info>: 1248890282529625: <private>
Aug 27 21:07:22.593981 watchdogd[57] <Info>: 1248890282533541: <private>
Aug 27 21:07:22.594735 watchdogd[57] <Info>: 1248890283188000: <private>
Aug 27 21:07:24.079553 mediaserverd(CoreMotion)[36] <Debug>: Ping timer fired, resetting watchdog
Aug 27 21:07:24.107473 nearbyd(CoreMotion)[157] <Debug>: Ping timer fired, resetting watchdog
Aug 27 21:07:24.180641 locationd[69] <Debug>: Ping timer fired, resetting watchdog
Aug 27 21:07:26.059226 SpringBoard(CoreMotion)[47602] <Debug>: Ping timer fired, resetting watchdog
Aug 27 21:07:26.506172 backboardd(CoreMotion)[65] <Debug>: Ping timer fired, resetting watchdog
Aug 27 21:07:26.902422 biometrickitd(CoreMotion)[109] <Debug>: Ping timer fired, resetting watchdog
Aug 27 21:07:29.079424 mediaserverd(CoreMotion)[36] <Debug>: Ping timer fired, resetting watchdog
Aug 27 21:07:29.109309 nearbyd(CoreMotion)[157] <Debug>: Ping timer fired, resetting watchdog
Aug 27 21:07:29.172831 locationd[69] <Debug>: Ping timer fired, resetting watchdog
Aug 27 21:07:31.060522 SpringBoard(CoreMotion)[47602] <Debug>: Ping timer fired, resetting watchdog
Aug 27 21:07:31.505770 backboardd(CoreMotion)[65] <Debug>: Ping timer fired, resetting watchdog
Aug 27 21:07:31.902163 biometrickitd(CoreMotion)[109] <Debug>: Ping timer fired, resetting watchdog
Aug 27 21:07:32.548741 watchdogd[57] <Debug>: 1248900279393958: <private>
Aug 27 21:07:32.551259 watchdogd[57] <Info>: 1248900279728625: <private>
Aug 27 21:07:32.552347 watchdogd[57] <Debug>: 1248900279911833: <private>
Aug 27 21:07:32.553306 watchdogd[57] <Debug>: 1248900280091083: <private>
Aug 27 21:07:32.554523 watchdogd[57] <Info>: 1248900280096875: <private>
Aug 27 21:07:32.555506 watchdogd[57] <Debug>: 1248900280332000: <private>
Aug 27 21:07:32.556899 watchdogd[57] <Debug>: 1248900280685500: <private>
Aug 27 21:07:32.558002 watchdogd[57] <Debug>: 1248900280972791: <private>
Aug 27 21:07:32.559005 watchdogd[57] <Debug>: 1248900281038333: <private>
Aug 27 21:07:32.559969 watchdogd[57] <Debug>: 1248900281240041: <private>
Aug 27 21:07:32.560906 watchdogd[57] <Info>: 1248900281273041: <private>
Aug 27 21:07:32.562116 watchdogd[57] <Info>: 1248900281282416: <private>
Aug 27 21:07:32.563146 watchdogd[57] <Info>: 1248900281285791: <private>
Aug 27 21:07:32.564234 watchdogd[57] <Info>: 1248900281288500: <private>
Aug 27 21:07:32.565475 watchdogd[57] <Info>: 1248900281290833: <private>
Aug 27 21:07:32.567213 watchdogd[57] <Info>: 1248900281293708: <private>
Aug 27 21:07:32.567882 watchdogd[57] <Info>: 1248900281296000: <private>
Aug 27 21:07:32.568603 watchdogd[57] <Info>: 1248900281298166: <private>
Aug 27 21:07:34.095962 mediaserverd(CoreMotion)[36] <Debug>: Ping timer fired, resetting watchdog
Aug 27 21:07:34.110487 nearbyd(CoreMotion)[157] <Debug>: Ping timer fired, resetting watchdog
Aug 27 21:07:34.174062 locationd[69] <Debug>: Ping timer fired, resetting watchdog
Aug 27 21:07:34.781388 symptomsd(SymptomEvaluator)[170] <Debug>: COSMCtrl applyPolicyDelta for E01B2FEA-36F1-3C21-AADE-93AC8E03F45C -> dev.selfhost.firstActivationProbe  policy id 0  fg 0 fg-activity 0
Aug 27 21:07:34.783776 symptomsd(SymptomEvaluator)[170] <Error>: COSMCtrl applyPolicyDelta unexpected absence of policy on appRecord dev.selfhost.firstActivationProbe bg time + grace 2026-08-27 21:10:40.547 -0400  now 2026-08-27 21:07:34.776 -0400
Aug 27 21:07:34.787448 symptomsd(SymptomEvaluator)[170] <Notice>: COSMCtrl ensureMaintenanceTimer set delay 186.262 for eviction timer on dev.selfhost.firstActivationProbe
Aug 27 21:07:36.059062 SpringBoard(CoreMotion)[47602] <Debug>: Ping timer fired, resetting watchdog
Aug 27 21:07:36.505712 backboardd(CoreMotion)[65] <Debug>: Ping timer fired, resetting watchdog
Aug 27 21:07:36.901815 biometrickitd(CoreMotion)[109] <Debug>: Ping timer fired, resetting watchdog
Aug 27 21:07:39.078674 mediaserverd(CoreMotion)[36] <Debug>: Ping timer fired, resetting watchdog
Aug 27 21:07:39.108048 nearbyd(CoreMotion)[157] <Debug>: Ping timer fired, resetting watchdog
Aug 27 21:07:39.183548 locationd[69] <Debug>: Ping timer fired, resetting watchdog
Aug 27 21:07:41.058364 SpringBoard(CoreMotion)[47602] <Debug>: Ping timer fired, resetting watchdog
Aug 27 21:07:41.515251 backboardd(CoreMotion)[65] <Debug>: Ping timer fired, resetting watchdog
Aug 27 21:07:41.919291 biometrickitd(CoreMotion)[109] <Debug>: Ping timer fired, resetting watchdog
Aug 27 21:07:42.554514 watchdogd[57] <Debug>: 1248910279889083: <private>
Aug 27 21:07:42.556190 watchdogd[57] <Info>: 1248910280458875: <private>
Aug 27 21:07:42.557275 watchdogd[57] <Debug>: 1248910280614083: <private>
Aug 27 21:07:42.558362 watchdogd[57] <Debug>: 1248910281059625: <private>
Aug 27 21:07:42.559201 watchdogd[57] <Info>: 1248910281070041: <private>
Aug 27 21:07:42.560112 watchdogd[57] <Debug>: 1248910281401375: <private>
Aug 27 21:07:42.561120 watchdogd[57] <Debug>: 1248910281977166: <private>
Aug 27 21:07:42.561972 watchdogd[57] <Debug>: 1248910282243416: <private>
Aug 27 21:07:42.562988 watchdogd[57] <Debug>: 1248910282807291: <private>
Aug 27 21:07:42.563944 watchdogd[57] <Debug>: 1248910282962416: <private>
Aug 27 21:07:42.564680 watchdogd[57] <Info>: 1248910283022833: <private>
Aug 27 21:07:42.566090 watchdogd[57] <Info>: 1248910283038333: <private>
Aug 27 21:07:42.567263 watchdogd[57] <Info>: 1248910283044500: <private>
Aug 27 21:07:42.568367 watchdogd[57] <Info>: 1248910283049500: <private>
Aug 27 21:07:42.569287 watchdogd[57] <Info>: 1248910283053833: <private>
Aug 27 21:07:42.570213 watchdogd[57] <Info>: 1248910283057916: <private>
Aug 27 21:07:42.572532 watchdogd[57] <Info>: 1248910283062166: <private>
Aug 27 21:07:42.574035 watchdogd[57] <Info>: 1248910283066000: <private>
Aug 27 21:07:44.078898 mediaserverd(CoreMotion)[36] <Debug>: Ping timer fired, resetting watchdog
Aug 27 21:07:44.111537 nearbyd(CoreMotion)[157] <Debug>: Ping timer fired, resetting watchdog
Aug 27 21:07:44.171824 locationd[69] <Debug>: Ping timer fired, resetting watchdog
Aug 27 21:07:46.059805 SpringBoard(CoreMotion)[47602] <Debug>: Ping timer fired, resetting watchdog
Aug 27 21:07:46.503463 backboardd(CoreMotion)[65] <Debug>: Ping timer fired, resetting watchdog
Aug 27 21:07:46.901698 biometrickitd(CoreMotion)[109] <Debug>: Ping timer fired, resetting watchdog
Aug 27 21:07:49.077264 mediaserverd(CoreMotion)[36] <Debug>: Ping timer fired, resetting watchdog
Aug 27 21:07:49.105690 nearbyd(CoreMotion)[157] <Debug>: Ping timer fired, resetting watchdog
Aug 27 21:07:49.171301 locationd[69] <Debug>: Ping timer fired, resetting watchdog
Aug 27 21:07:51.063019 SpringBoard(CoreMotion)[47602] <Debug>: Ping timer fired, resetting watchdog
Aug 27 21:07:51.504617 backboardd(CoreMotion)[65] <Debug>: Ping timer fired, resetting watchdog
Aug 27 21:07:51.902953 biometrickitd(CoreMotion)[109] <Debug>: Ping timer fired, resetting watchdog
Aug 27 21:07:51.995845 runningboardd(RunningBoard)[33] <Info>: _requestedJetsamPriority = 6, _executablePath = /System/Library/PrivateFrameworks/MobileBackup.framework/backupd
Aug 27 21:07:52.000358 runningboardd(RunningBoard)[33] <Info>: _requestedJetsamPriority = 6, _executablePath = /System/Library/PrivateFrameworks/MobileBackup.framework/backupd
Aug 27 21:07:52.003849 runningboardd(RunningBoard)[33] <Debug>: Sending state update for daemon<com.apple.backupd>: <RBSProcessState| task:running debug:none terminationResistance:None>
Aug 27 21:07:52.553374 watchdogd[57] <Debug>: 1248920280615458: <private>
Aug 27 21:07:52.555541 watchdogd[57] <Info>: 1248920281205583: <private>
Aug 27 21:07:52.556664 watchdogd[57] <Debug>: 1248920281357541: <private>
Aug 27 21:07:52.558080 watchdogd[57] <Info>: 1248920281369125: <private>
Aug 27 21:07:52.559073 watchdogd[57] <Debug>: 1248920281490875: <private>
Aug 27 21:07:52.560123 watchdogd[57] <Debug>: 1248920281989416: <private>
Aug 27 21:07:52.561201 watchdogd[57] <Debug>: 1248920282664041: <private>
Aug 27 21:07:52.562196 watchdogd[57] <Debug>: 1248920282996625: <private>
Aug 27 21:07:52.563284 watchdogd[57] <Debug>: 1248920283121208: <private>
Aug 27 21:07:52.564367 watchdogd[57] <Debug>: 1248920283574875: <private>
Aug 27 21:07:52.565411 watchdogd[57] <Info>: 1248920283634916: <private>
Aug 27 21:07:52.566440 watchdogd[57] <Info>: 1248920283650166: <private>
Aug 27 21:07:52.567457 watchdogd[57] <Info>: 1248920283655916: <private>
Aug 27 21:07:52.568433 watchdogd[57] <Info>: 1248920283660875: <private>
Aug 27 21:07:52.569530 watchdogd[57] <Info>: 1248920283665250: <private>
Aug 27 21:07:52.570581 watchdogd[57] <Info>: 1248920283669791: <private>
Aug 27 21:07:52.571688 watchdogd[57] <Info>: 1248920283674333: <private>
Aug 27 21:07:52.572757 watchdogd[57] <Info>: 1248920283678291: <private>
Aug 27 21:07:52.573926 watchdogd[57] <Info>: 1248920284459708: <private>
Aug 27 21:07:54.077835 mediaserverd(CoreMotion)[36] <Debug>: Ping timer fired, resetting watchdog
Aug 27 21:07:54.105290 nearbyd(CoreMotion)[157] <Debug>: Ping timer fired, resetting watchdog
Aug 27 21:07:54.199599 locationd[69] <Debug>: Ping timer fired, resetting watchdog
Aug 27 21:07:54.546803 useractivityd[184] <Debug>: SCHEDULE:idleDetermination scheduleNext, interval=0
Aug 27 21:07:54.547452 useractivityd[184] <Debug>: SCHEDULE:idleDetermination, next=NOW ( was forever ) freq=0
Aug 27 21:07:54.548266 useractivityd[184] <Debug>: SCHEDULE:idleDetermination, run.
Aug 27 21:07:54.548729 useractivityd[184] <Debug>: Determining idleDetermination, entering.
Aug 27 21:07:54.561148 useractivityd[184] <Debug>: SCHEDULE:idleDetermination, DONE run, next=forever
Aug 27 21:07:54.569710 useractivityd[184] <Debug>: SCHEDULE:idleDetermination scheduleNext, interval=0
Aug 27 21:07:54.570078 useractivityd[184] <Debug>: SCHEDULE:idleDetermination, next=NOW ( was forever ) freq=0
Aug 27 21:07:54.570636 useractivityd[184] <Debug>: SCHEDULE:idleDetermination, run.
Aug 27 21:07:54.570977 useractivityd[184] <Debug>: Determining idleDetermination, entering.
Aug 27 21:07:54.578859 useractivityd[184] <Debug>: SCHEDULE:idleDetermination, DONE run, next=forever
Aug 27 21:07:56.057816 SpringBoard(CoreMotion)[47602] <Debug>: Ping timer fired, resetting watchdog
Aug 27 21:07:56.512818 backboardd(CoreMotion)[65] <Debug>: Ping timer fired, resetting watchdog
Aug 27 21:07:56.899233 biometrickitd(CoreMotion)[109] <Debug>: Ping timer fired, resetting watchdog
Aug 27 21:07:59.076506 mediaserverd(CoreMotion)[36] <Debug>: Ping timer fired, resetting watchdog
Aug 27 21:07:59.115160 nearbyd(CoreMotion)[157] <Debug>: Ping timer fired, resetting watchdog
Aug 27 21:07:59.170638 locationd[69] <Debug>: Ping timer fired, resetting watchdog
Aug 27 21:08:01.077258 SpringBoard(CoreMotion)[47602] <Debug>: Ping timer fired, resetting watchdog
Aug 27 21:08:01.503710 backboardd(CoreMotion)[65] <Debug>: Ping timer fired, resetting watchdog
Aug 27 21:08:01.898612 biometrickitd(CoreMotion)[109] <Debug>: Ping timer fired, resetting watchdog
Aug 27 21:08:02.552709 watchdogd[57] <Debug>: 1248930281355000: <private>
Aug 27 21:08:02.554622 watchdogd[57] <Info>: 1248930282034500: <private>
Aug 27 21:08:02.555961 watchdogd[57] <Debug>: 1248930282325083: <private>
Aug 27 21:08:02.557324 watchdogd[57] <Info>: 1248930282337583: <private>
Aug 27 21:08:02.558546 watchdogd[57] <Debug>: 1248930282601291: <private>
Aug 27 21:08:02.559539 watchdogd[57] <Debug>: 1248930283017750: <private>
Aug 27 21:08:02.560589 watchdogd[57] <Debug>: 1248930283254958: <private>
Aug 27 21:08:02.561502 watchdogd[57] <Debug>: 1248930284185791: <private>
Aug 27 21:08:02.562949 watchdogd[57] <Debug>: 1248930284458166: <private>
Aug 27 21:08:02.563793 watchdogd[57] <Debug>: 1248930284766500: <private>
Aug 27 21:08:02.564597 watchdogd[57] <Info>: 1248930284825500: <private>
Aug 27 21:08:02.565113 watchdogd[57] <Info>: 1248930284841041: <private>
Aug 27 21:08:02.565622 watchdogd[57] <Info>: 1248930284847416: <private>
Aug 27 21:08:02.566131 watchdogd[57] <Info>: 1248930284852333: <private>
Aug 27 21:08:02.566642 watchdogd[57] <Info>: 1248930284856833: <private>
Aug 27 21:08:02.567154 watchdogd[57] <Info>: 1248930284861125: <private>
Aug 27 21:08:02.567683 watchdogd[57] <Info>: 1248930284865333: <private>
Aug 27 21:08:02.568191 watchdogd[57] <Info>: 1248930284869375: <private>
Aug 27 21:08:04.077107 mediaserverd(CoreMotion)[36] <Debug>: Ping timer fired, resetting watchdog
Aug 27 21:08:04.109246 nearbyd(CoreMotion)[157] <Debug>: Ping timer fired, resetting watchdog
Aug 27 21:08:04.171014 locationd[69] <Debug>: Ping timer fired, resetting watchdog
Aug 27 21:08:06.059061 SpringBoard(CoreMotion)[47602] <Debug>: Ping timer fired, resetting watchdog
Aug 27 21:08:06.502707 backboardd(CoreMotion)[65] <Debug>: Ping timer fired, resetting watchdog
Aug 27 21:08:06.900540 biometrickitd(CoreMotion)[109] <Debug>: Ping timer fired, resetting watchdog
Aug 27 21:08:09.076976 mediaserverd(CoreMotion)[36] <Debug>: Ping timer fired, resetting watchdog
Aug 27 21:08:09.118892 nearbyd(CoreMotion)[157] <Debug>: Ping timer fired, resetting watchdog
Aug 27 21:08:09.170215 locationd[69] <Debug>: Ping timer fired, resetting watchdog
Aug 27 21:08:11.056597 SpringBoard(CoreMotion)[47602] <Debug>: Ping timer fired, resetting watchdog
Aug 27 21:08:11.502013 backboardd(CoreMotion)[65] <Debug>: Ping timer fired, resetting watchdog
Aug 27 21:08:11.900053 biometrickitd(CoreMotion)[109] <Debug>: Ping timer fired, resetting watchdog
Aug 27 21:08:12.556039 watchdogd[57] <Debug>: 1248940282201625: <private>
Aug 27 21:08:12.559067 watchdogd[57] <Info>: 1248940282766000: <private>
Aug 27 21:08:12.561117 watchdogd[57] <Debug>: 1248940282923541: <private>
Aug 27 21:08:12.563143 watchdogd[57] <Info>: 1248940282935416: <private>
Aug 27 21:08:12.564711 watchdogd[57] <Debug>: 1248940283061458: <private>
Aug 27 21:08:12.565659 watchdogd[57] <Debug>: 1248940283566208: <private>
Aug 27 21:08:12.567051 watchdogd[57] <Debug>: 1248940284667625: <private>
Aug 27 21:08:12.568285 watchdogd[57] <Debug>: 1248940285001625: <private>
Aug 27 21:08:12.569267 watchdogd[57] <Debug>: 1248940285191916: <private>
Aug 27 21:08:12.570180 watchdogd[57] <Debug>: 1248940285677916: <private>
Aug 27 21:08:12.571162 watchdogd[57] <Info>: 1248940285737708: <private>
Aug 27 21:08:12.572231 watchdogd[57] <Info>: 1248940285753083: <private>
Aug 27 21:08:12.573410 watchdogd[57] <Info>: 1248940285759000: <private>
Aug 27 21:08:12.574505 watchdogd[57] <Info>: 1248940285764041: <private>
Aug 27 21:08:12.575483 watchdogd[57] <Info>: 1248940285768375: <private>
Aug 27 21:08:12.576581 watchdogd[57] <Info>: 1248940285772416: <private>
Aug 27 21:08:12.577642 watchdogd[57] <Info>: 1248940285776791: <private>
Aug 27 21:08:12.578710 watchdogd[57] <Info>: 1248940285780833: <private>
Aug 27 21:08:14.074873 mediaserverd(CoreMotion)[36] <Debug>: Ping timer fired, resetting watchdog
Aug 27 21:08:14.105602 nearbyd(CoreMotion)[157] <Debug>: Ping timer fired, resetting watchdog
Aug 27 21:08:14.169816 locationd[69] <Debug>: Ping timer fired, resetting watchdog
Aug 27 21:08:16.057638 SpringBoard(CoreMotion)[47602] <Debug>: Ping timer fired, resetting watchdog
Aug 27 21:08:16.502100 backboardd(CoreMotion)[65] <Debug>: Ping timer fired, resetting watchdog
Aug 27 21:08:16.899377 biometrickitd(CoreMotion)[109] <Debug>: Ping timer fired, resetting watchdog
Aug 27 21:08:19.075258 mediaserverd(CoreMotion)[36] <Debug>: Ping timer fired, resetting watchdog
Aug 27 21:08:19.104594 nearbyd(CoreMotion)[157] <Debug>: Ping timer fired, resetting watchdog
Aug 27 21:08:19.169433 locationd[69] <Debug>: Ping timer fired, resetting watchdog
Aug 27 21:08:21.056319 SpringBoard(CoreMotion)[47602] <Debug>: Ping timer fired, resetting watchdog
Aug 27 21:08:21.501426 backboardd(CoreMotion)[65] <Debug>: Ping timer fired, resetting watchdog
Aug 27 21:08:21.899177 biometrickitd(CoreMotion)[109] <Debug>: Ping timer fired, resetting watchdog
Aug 27 21:08:22.045639 runningboardd(RunningBoard)[33] <Notice>: [daemon<com.apple.backupd>:50479] termination reported by launchd (0, 0, 0)
Aug 27 21:08:22.049411 runningboardd(RunningBoard)[33] <Notice>: Removing assertions for terminated process: [daemon<com.apple.backupd>:50479]
Aug 27 21:08:22.053844 runningboardd(RunningBoard)[33] <Debug>: Sending state update for daemon<com.apple.backupd>: <RBSProcessState| task:none debug:none terminationResistance:None>
Aug 27 21:08:22.576249 watchdogd[57] <Debug>: 1248950282908750: <private>
Aug 27 21:08:22.578225 watchdogd[57] <Info>: 1248950283490541: <private>
Aug 27 21:08:22.580345 watchdogd[57] <Debug>: 1248950283641958: <private>
Aug 27 21:08:22.581490 watchdogd[57] <Info>: 1248950283653833: <private>
Aug 27 21:08:22.582612 watchdogd[57] <Debug>: 1248950283776583: <private>
Aug 27 21:08:22.583565 watchdogd[57] <Debug>: 1248950284302583: <private>
Aug 27 21:08:22.584249 watchdogd[57] <Debug>: 1248950285003708: <private>
Aug 27 21:08:22.585018 watchdogd[57] <Debug>: 1248950285210291: <private>
Aug 27 21:08:22.585756 watchdogd[57] <Debug>: 1248950285701958: <private>
Aug 27 21:08:22.586546 watchdogd[57] <Debug>: 1248950285981625: <private>
Aug 27 21:08:22.587206 watchdogd[57] <Info>: 1248950286040541: <private>
Aug 27 21:08:22.587968 watchdogd[57] <Info>: 1248950286056041: <private>
Aug 27 21:08:22.588655 watchdogd[57] <Info>: 1248950286062333: <private>
Aug 27 21:08:22.589279 watchdogd[57] <Info>: 1248950286067541: <private>
Aug 27 21:08:22.589949 watchdogd[57] <Info>: 1248950286072041: <private>
Aug 27 21:08:22.590604 watchdogd[57] <Info>: 1248950286076291: <private>
Aug 27 21:08:22.591876 watchdogd[57] <Info>: 1248950286081416: <private>
Aug 27 21:08:22.592554 watchdogd[57] <Info>: 1248950286085500: <private>
Aug 27 21:08:22.593279 watchdogd[57] <Info>: 1248950286731583: <private>
Aug 27 21:08:24.077535 mediaserverd(CoreMotion)[36] <Debug>: Ping timer fired, resetting watchdog
Aug 27 21:08:24.104690 nearbyd(CoreMotion)[157] <Debug>: Ping timer fired, resetting watchdog
Aug 27 21:08:24.167793 locationd[69] <Debug>: Ping timer fired, resetting watchdog
Aug 27 21:08:26.056091 SpringBoard(CoreMotion)[47602] <Debug>: Ping timer fired, resetting watchdog
Aug 27 21:08:26.501092 backboardd(CoreMotion)[65] <Debug>: Ping timer fired, resetting watchdog
Aug 27 21:08:26.899262 biometrickitd(CoreMotion)[109] <Debug>: Ping timer fired, resetting watchdog
Aug 27 21:08:29.075836 mediaserverd(CoreMotion)[36] <Debug>: Ping timer fired, resetting watchdog
Aug 27 21:08:29.108070 nearbyd(CoreMotion)[157] <Debug>: Ping timer fired, resetting watchdog
Aug 27 21:08:29.168165 locationd[69] <Debug>: Ping timer fired, resetting watchdog
Aug 27 21:08:31.059169 SpringBoard(CoreMotion)[47602] <Debug>: Ping timer fired, resetting watchdog
Aug 27 21:08:31.502810 backboardd(CoreMotion)[65] <Debug>: Ping timer fired, resetting watchdog
Aug 27 21:08:31.900402 biometrickitd(CoreMotion)[109] <Debug>: Ping timer fired, resetting watchdog
Aug 27 21:08:32.596623 watchdogd[57] <Debug>: 1248960283587333: <private>
Aug 27 21:08:32.597188 watchdogd[57] <Info>: 1248960283917500: <private>
Aug 27 21:08:32.597643 watchdogd[57] <Debug>: 1248960284000833: <private>
Aug 27 21:08:32.598184 watchdogd[57] <Info>: 1248960284007625: <private>
Aug 27 21:08:32.598592 watchdogd[57] <Debug>: 1248960284128791: <private>
Aug 27 21:08:32.599091 watchdogd[57] <Debug>: 1248960284363250: <private>
Aug 27 21:08:32.599644 watchdogd[57] <Debug>: 1248960284751958: <private>
Aug 27 21:08:32.600110 watchdogd[57] <Debug>: 1248960285001583: <private>
Aug 27 21:08:32.600679 watchdogd[57] <Debug>: 1248960285059250: <private>
Aug 27 21:08:32.601269 watchdogd[57] <Debug>: 1248960285323833: <private>
Aug 27 21:08:32.601747 watchdogd[57] <Info>: 1248960285360666: <private>
Aug 27 21:08:32.602314 watchdogd[57] <Info>: 1248960285369833: <private>
Aug 27 21:08:32.602783 watchdogd[57] <Info>: 1248960285373625: <private>
Aug 27 21:08:32.603401 watchdogd[57] <Info>: 1248960285376458: <private>
Aug 27 21:08:32.603906 watchdogd[57] <Info>: 1248960285378875: <private>
Aug 27 21:08:32.604421 watchdogd[57] <Info>: 1248960285381166: <private>
Aug 27 21:08:32.605012 watchdogd[57] <Info>: 1248960285383541: <private>
Aug 27 21:08:32.605554 watchdogd[57] <Info>: 1248960285385708: <private>
Aug 27 21:08:34.076405 mediaserverd(CoreMotion)[36] <Debug>: Ping timer fired, resetting watchdog
Aug 27 21:08:34.118453 nearbyd(CoreMotion)[157] <Debug>: Ping timer fired, resetting watchdog
Aug 27 21:08:34.168642 locationd[69] <Debug>: Ping timer fired, resetting watchdog
Aug 27 21:08:34.532794 CommCenter(libSystemDetermination.dylib)[90] <Notice>: #I <private> = 0
Aug 27 21:08:36.055580 SpringBoard(CoreMotion)[47602] <Debug>: Ping timer fired, resetting watchdog
Aug 27 21:08:36.504866 backboardd(CoreMotion)[65] <Debug>: Ping timer fired, resetting watchdog
Aug 27 21:08:36.898650 biometrickitd(CoreMotion)[109] <Debug>: Ping timer fired, resetting watchdog
Aug 27 21:08:38.117861 appstored[180] <Info>: [ArcadeSummary] Could not find app metdata for: dev.selfhost.firstActivationProbe
Aug 27 21:08:38.118170 appstored[180] <Info>: [ArcadeSummary] Could not find app metdata for: dev.selfhost.firstActivationProbe
Aug 27 21:08:38.118407 appstored[180] <Info>: [ArcadeSummary] Could not find app metdata for: dev.selfhost.firstActivationProbe
Aug 27 21:08:38.118853 appstored[180] <Info>: [ArcadeSummary] Could not find app metdata for: dev.selfhost.firstActivationProbe
Aug 27 21:08:38.119104 appstored[180] <Info>: [ArcadeSummary] Could not find app metdata for: dev.selfhost.firstActivationProbe
Aug 27 21:08:38.119343 appstored[180] <Info>: [ArcadeSummary] Could not find app metdata for: dev.selfhost.firstActivationProbe
Aug 27 21:08:38.119574 appstored[180] <Info>: [ArcadeSummary] Could not find app metdata for: dev.selfhost.firstActivationProbe
Aug 27 21:08:38.119836 appstored[180] <Info>: [ArcadeSummary] Could not find app metdata for: dev.selfhost.firstActivationProbe
Aug 27 21:08:38.120079 appstored[180] <Info>: [ArcadeSummary] Could not find app metdata for: dev.selfhost.firstActivationProbe
Aug 27 21:08:38.120328 appstored[180] <Info>: [ArcadeSummary] Could not find app metdata for: dev.selfhost.firstActivationProbe
Aug 27 21:08:38.120562 appstored[180] <Info>: [ArcadeSummary] Could not find app metdata for: dev.selfhost.firstActivationProbe
Aug 27 21:08:38.120791 appstored[180] <Info>: [ArcadeSummary] Could not find app metdata for: dev.selfhost.firstActivationProbe
Aug 27 21:08:38.120990 appstored[180] <Info>: [ArcadeSummary] Could not find app metdata for: dev.selfhost.firstActivationProbe
Aug 27 21:08:38.121214 appstored[180] <Info>: [ArcadeSummary] Could not find app metdata for: dev.selfhost.firstActivationProbe
Aug 27 21:08:38.121431 appstored[180] <Info>: [ArcadeSummary] Could not find app metdata for: dev.selfhost.firstActivationProbe
Aug 27 21:08:38.121642 appstored[180] <Info>: [ArcadeSummary] Could not find app metdata for: dev.selfhost.firstActivationProbe
Aug 27 21:08:38.136063 appstored[180] <Info>: [Crossfire] Could not find app metdata for: dev.selfhost.firstActivationProbe
Aug 27 21:08:38.136327 appstored[180] <Info>: [Crossfire] Could not find app metdata for: dev.selfhost.firstActivationProbe
Aug 27 21:08:38.136572 appstored[180] <Info>: [Crossfire] Could not find app metdata for: dev.selfhost.firstActivationProbe
Aug 27 21:08:38.136754 appstored[180] <Info>: [Crossfire] Could not find app metdata for: dev.selfhost.firstActivationProbe
Aug 27 21:08:38.137061 appstored[180] <Info>: [Crossfire] Could not find app metdata for: dev.selfhost.firstActivationProbe
Aug 27 21:08:38.137381 appstored[180] <Info>: [Crossfire] Could not find app metdata for: dev.selfhost.firstActivationProbe
Aug 27 21:08:38.137633 appstored[180] <Info>: [Crossfire] Could not find app metdata for: dev.selfhost.firstActivationProbe
Aug 27 21:08:39.072741 mediaserverd(CoreMotion)[36] <Debug>: Ping timer fired, resetting watchdog
Aug 27 21:08:39.105408 nearbyd(CoreMotion)[157] <Debug>: Ping timer fired, resetting watchdog
Aug 27 21:08:39.168707 locationd[69] <Debug>: Ping timer fired, resetting watchdog
Aug 27 21:08:39.341488 runningboardd(RunningBoard)[33] <Debug>: SUPPRESSING state update for daemon<com.apple.appstored>: <RBSProcessState| task:running debug:none terminationResistance:None legacyAssertions:[
Aug 27 21:08:39.341958 runningboardd(RunningBoard)[33] <Debug>: Sending state update for daemon<com.apple.appstored>: <RBSProcessState| task:running debug:none terminationResistance:None legacyAssertions:[
Aug 27 21:08:39.387695 runningboardd(RunningBoard)[33] <Notice>: [daemon<com.apple.appstored>:180] Ignoring jetsam update because this process is not memory-managed
Aug 27 21:08:39.774010 runningboardd(RunningBoard)[33] <Notice>: [daemon<com.apple.appstored>:180] Ignoring jetsam update because this process is not memory-managed
Aug 27 21:08:39.775033 runningboardd(RunningBoard)[33] <Debug>: Sending state update for daemon<com.apple.appstored>: <RBSProcessState| task:running debug:none terminationResistance:None>
Aug 27 21:08:40.053866 runningboardd(RunningBoard)[33] <Notice>: [daemon<com.apple.appstored>:180] Ignoring jetsam update because this process is not memory-managed
Aug 27 21:08:40.055262 runningboardd(RunningBoard)[33] <Debug>: SUPPRESSING state update for daemon<com.apple.appstored>: <RBSProcessState| task:running debug:none terminationResistance:None legacyAssertions:[
Aug 27 21:08:40.056202 runningboardd(RunningBoard)[33] <Debug>: Sending state update for daemon<com.apple.appstored>: <RBSProcessState| task:running debug:none terminationResistance:None legacyAssertions:[
Aug 27 21:08:40.237299 runningboardd(RunningBoard)[33] <Notice>: [daemon<com.apple.appstored>:180] Ignoring jetsam update because this process is not memory-managed
Aug 27 21:08:40.237780 runningboardd(RunningBoard)[33] <Debug>: Sending state update for daemon<com.apple.appstored>: <RBSProcessState| task:running debug:none terminationResistance:None>
Aug 27 21:08:41.054708 SpringBoard(CoreMotion)[47602] <Debug>: Ping timer fired, resetting watchdog
Aug 27 21:08:41.504553 backboardd(CoreMotion)[65] <Debug>: Ping timer fired, resetting watchdog
Aug 27 21:08:41.898212 biometrickitd(CoreMotion)[109] <Debug>: Ping timer fired, resetting watchdog
Aug 27 21:08:42.553094 watchdogd[57] <Debug>: 1248970284068666: <private>
Aug 27 21:08:42.554234 watchdogd[57] <Info>: 1248970284657958: <private>
Aug 27 21:08:42.555191 watchdogd[57] <Debug>: 1248970284810666: <private>
Aug 27 21:08:42.556332 watchdogd[57] <Info>: 1248970284822083: <private>
Aug 27 21:08:42.557440 watchdogd[57] <Debug>: 1248970284942958: <private>
Aug 27 21:08:42.558419 watchdogd[57] <Debug>: 1248970285437625: <private>
Aug 27 21:08:42.559929 watchdogd[57] <Debug>: 1248970286207416: <private>
Aug 27 21:08:42.561089 watchdogd[57] <Debug>: 1248970286438708: <private>
Aug 27 21:08:42.562454 watchdogd[57] <Debug>: 1248970286742458: <private>
Aug 27 21:08:42.563667 watchdogd[57] <Debug>: 1248970287063958: <private>
Aug 27 21:08:42.564736 watchdogd[57] <Info>: 1248970287123541: <private>
Aug 27 21:08:42.565685 watchdogd[57] <Info>: 1248970287139458: <private>
Aug 27 21:08:42.566848 watchdogd[57] <Info>: 1248970287145583: <private>
Aug 27 21:08:42.567923 watchdogd[57] <Info>: 1248970287150500: <private>
Aug 27 21:08:42.569089 watchdogd[57] <Info>: 1248970287154791: <private>
Aug 27 21:08:42.570160 watchdogd[57] <Info>: 1248970287159000: <private>
Aug 27 21:08:42.571184 watchdogd[57] <Info>: 1248970287163208: <private>
Aug 27 21:08:42.572091 watchdogd[57] <Info>: 1248970287167125: <private>
Aug 27 21:08:44.076833 mediaserverd(CoreMotion)[36] <Debug>: Ping timer fired, resetting watchdog
Aug 27 21:08:44.102496 nearbyd(CoreMotion)[157] <Debug>: Ping timer fired, resetting watchdog
Aug 27 21:08:44.168116 locationd[69] <Debug>: Ping timer fired, resetting watchdog
Aug 27 21:08:46.055950 SpringBoard(CoreMotion)[47602] <Debug>: Ping timer fired, resetting watchdog
Aug 27 21:08:46.514777 backboardd(CoreMotion)[65] <Debug>: Ping timer fired, resetting watchdog
Aug 27 21:08:46.897929 biometrickitd(CoreMotion)[109] <Debug>: Ping timer fired, resetting watchdog
Aug 27 21:08:49.073624 mediaserverd(CoreMotion)[36] <Debug>: Ping timer fired, resetting watchdog
Aug 27 21:08:49.105605 nearbyd(CoreMotion)[157] <Debug>: Ping timer fired, resetting watchdog
Aug 27 21:08:49.166721 locationd[69] <Debug>: Ping timer fired, resetting watchdog
Aug 27 21:08:51.058012 SpringBoard(CoreMotion)[47602] <Debug>: Ping timer fired, resetting watchdog
Aug 27 21:08:51.502399 backboardd(CoreMotion)[65] <Debug>: Ping timer fired, resetting watchdog
Aug 27 21:08:51.896303 biometrickitd(CoreMotion)[109] <Debug>: Ping timer fired, resetting watchdog
Aug 27 21:08:52.554201 watchdogd[57] <Debug>: 1248980284830958: <private>
Aug 27 21:08:52.558202 watchdogd[57] <Info>: 1248980285482416: <private>
Aug 27 21:08:52.559981 watchdogd[57] <Debug>: 1248980285710958: <private>
Aug 27 21:08:52.561833 watchdogd[57] <Debug>: 1248980286173791: <private>
Aug 27 21:08:52.562808 watchdogd[57] <Info>: 1248980286187541: <private>
Aug 27 21:08:52.564321 watchdogd[57] <Debug>: 1248980286689708: <private>
Aug 27 21:08:52.565572 watchdogd[57] <Debug>: 1248980287243666: <private>
Aug 27 21:08:52.566569 watchdogd[57] <Debug>: 1248980287443041: <private>
Aug 27 21:08:52.567420 watchdogd[57] <Debug>: 1248980287945416: <private>
Aug 27 21:08:52.568585 watchdogd[57] <Debug>: 1248980288035833: <private>
Aug 27 21:08:52.569693 watchdogd[57] <Info>: 1248980288098208: <private>
Aug 27 21:08:52.570708 watchdogd[57] <Info>: 1248980288112916: <private>
Aug 27 21:08:52.571988 watchdogd[57] <Info>: 1248980288118708: <private>
Aug 27 21:08:52.572908 watchdogd[57] <Info>: 1248980288123750: <private>
Aug 27 21:08:52.574041 watchdogd[57] <Info>: 1248980288128208: <private>
Aug 27 21:08:52.575114 watchdogd[57] <Info>: 1248980288132291: <private>
Aug 27 21:08:52.576074 watchdogd[57] <Info>: 1248980288136500: <private>
Aug 27 21:08:52.577016 watchdogd[57] <Info>: 1248980288140458: <private>
Aug 27 21:08:52.578156 watchdogd[57] <Info>: 1248980288799416: <private>
Aug 27 21:08:54.074066 mediaserverd(CoreMotion)[36] <Debug>: Ping timer fired, resetting watchdog
Aug 27 21:08:54.103292 nearbyd(CoreMotion)[157] <Debug>: Ping timer fired, resetting watchdog
Aug 27 21:08:54.169701 locationd[69] <Debug>: Ping timer fired, resetting watchdog
Aug 27 21:08:56.056151 SpringBoard(CoreMotion)[47602] <Debug>: Ping timer fired, resetting watchdog
Aug 27 21:08:56.516792 backboardd(CoreMotion)[65] <Debug>: Ping timer fired, resetting watchdog
Aug 27 21:08:56.897096 biometrickitd(CoreMotion)[109] <Debug>: Ping timer fired, resetting watchdog
Aug 27 21:08:58.038289 runningboardd(RunningBoard)[33] <Info>: _requestedJetsamPriority = 6, _executablePath = /System/Library/PrivateFrameworks/MobileBackup.framework/backupd
Aug 27 21:08:58.042353 runningboardd(RunningBoard)[33] <Info>: _requestedJetsamPriority = 6, _executablePath = /System/Library/PrivateFrameworks/MobileBackup.framework/backupd
Aug 27 21:08:58.046282 runningboardd(RunningBoard)[33] <Debug>: Sending state update for daemon<com.apple.backupd>: <RBSProcessState| task:running debug:none terminationResistance:None>
Aug 27 21:08:59.072881 mediaserverd(CoreMotion)[36] <Debug>: Ping timer fired, resetting watchdog
Aug 27 21:08:59.108047 nearbyd(CoreMotion)[157] <Debug>: Ping timer fired, resetting watchdog
Aug 27 21:08:59.167587 locationd[69] <Debug>: Ping timer fired, resetting watchdog
Aug 27 21:09:01.069946 SpringBoard(CoreMotion)[47602] <Debug>: Ping timer fired, resetting watchdog
Aug 27 21:09:01.500297 backboardd(CoreMotion)[65] <Debug>: Ping timer fired, resetting watchdog
Aug 27 21:09:01.896787 biometrickitd(CoreMotion)[109] <Debug>: Ping timer fired, resetting watchdog
Aug 27 21:09:02.554537 watchdogd[57] <Debug>: 1248990285640041: <private>
Aug 27 21:09:02.555602 watchdogd[57] <Info>: 1248990286215083: <private>
Aug 27 21:09:02.556571 watchdogd[57] <Debug>: 1248990286368041: <private>
Aug 27 21:09:02.557521 watchdogd[57] <Info>: 1248990286379666: <private>
Aug 27 21:09:02.558614 watchdogd[57] <Debug>: 1248990286500750: <private>
Aug 27 21:09:02.559659 watchdogd[57] <Debug>: 1248990287004000: <private>
Aug 27 21:09:02.560980 watchdogd[57] <Debug>: 1248990288116875: <private>
Aug 27 21:09:02.562124 watchdogd[57] <Debug>: 1248990288581041: <private>
Aug 27 21:09:02.563195 watchdogd[57] <Debug>: 1248990288820125: <private>
Aug 27 21:09:02.564265 watchdogd[57] <Debug>: 1248990289109166: <private>
Aug 27 21:09:02.565349 watchdogd[57] <Info>: 1248990289169750: <private>
Aug 27 21:09:02.566471 watchdogd[57] <Info>: 1248990289185208: <private>
Aug 27 21:09:02.567809 watchdogd[57] <Info>: 1248990289191291: <private>
Aug 27 21:09:02.568819 watchdogd[57] <Info>: 1248990289196291: <private>
Aug 27 21:09:02.570132 watchdogd[57] <Info>: 1248990289200541: <private>
Aug 27 21:09:02.571182 watchdogd[57] <Info>: 1248990289204625: <private>
Aug 27 21:09:02.572383 watchdogd[57] <Info>: 1248990289208791: <private>
Aug 27 21:09:02.573820 watchdogd[57] <Info>: 1248990289212750: <private>
Aug 27 21:09:04.073738 mediaserverd(CoreMotion)[36] <Debug>: Ping timer fired, resetting watchdog
Aug 27 21:09:04.101017 nearbyd(CoreMotion)[157] <Debug>: Ping timer fired, resetting watchdog
Aug 27 21:09:04.166908 locationd[69] <Debug>: Ping timer fired, resetting watchdog
Aug 27 21:09:06.059702 SpringBoard(CoreMotion)[47602] <Debug>: Ping timer fired, resetting watchdog
Aug 27 21:09:06.500116 backboardd(CoreMotion)[65] <Debug>: Ping timer fired, resetting watchdog
Aug 27 21:09:06.896607 biometrickitd(CoreMotion)[109] <Debug>: Ping timer fired, resetting watchdog
Aug 27 21:09:06.947912 CommCenter(libBasebandManager.dylib)[90] <Notice>: #I Created rfs sync watchdog timer; timeout=9 sec
Aug 27 21:09:07.895557 CommCenter(libBasebandManager.dylib)[90] <Notice>: #I Clear watchdog timer
Aug 27 21:09:09.086987 mediaserverd(CoreMotion)[36] <Debug>: Ping timer fired, resetting watchdog
Aug 27 21:09:09.101371 nearbyd(CoreMotion)[157] <Debug>: Ping timer fired, resetting watchdog
Aug 27 21:09:09.166639 locationd[69] <Debug>: Ping timer fired, resetting watchdog
Aug 27 21:09:11.052693 SpringBoard(CoreMotion)[47602] <Debug>: Ping timer fired, resetting watchdog
Aug 27 21:09:11.498816 backboardd(CoreMotion)[65] <Debug>: Ping timer fired, resetting watchdog
Aug 27 21:09:11.896343 biometrickitd(CoreMotion)[109] <Debug>: Ping timer fired, resetting watchdog
Aug 27 21:09:12.555675 watchdogd[57] <Debug>: 1249000286377791: <private>
Aug 27 21:09:12.557906 watchdogd[57] <Info>: 1249000286948750: <private>
Aug 27 21:09:12.560257 watchdogd[57] <Debug>: 1249000287104083: <private>
Aug 27 21:09:12.561398 watchdogd[57] <Info>: 1249000287116125: <private>
Aug 27 21:09:12.562502 watchdogd[57] <Debug>: 1249000287240041: <private>
Aug 27 21:09:12.563544 watchdogd[57] <Debug>: 1249000287754750: <private>
Aug 27 21:09:12.564620 watchdogd[57] <Debug>: 1249000288018666: <private>
Aug 27 21:09:12.565653 watchdogd[57] <Debug>: 1249000288810958: <private>
Aug 27 21:09:12.566680 watchdogd[57] <Debug>: 1249000289129875: <private>
Aug 27 21:09:12.567704 watchdogd[57] <Debug>: 1249000289648208: <private>
Aug 27 21:09:12.569811 watchdogd[57] <Info>: 1249000289708875: <private>
Aug 27 21:09:12.571105 watchdogd[57] <Info>: 1249000289724625: <private>
Aug 27 21:09:12.572461 watchdogd[57] <Info>: 1249000289730708: <private>
Aug 27 21:09:12.573384 watchdogd[57] <Info>: 1249000289735666: <private>
Aug 27 21:09:12.574408 watchdogd[57] <Info>: 1249000289740125: <private>
Aug 27 21:09:12.575615 watchdogd[57] <Info>: 1249000289744541: <private>
Aug 27 21:09:12.577064 watchdogd[57] <Info>: 1249000289749541: <private>
Aug 27 21:09:12.579128 watchdogd[57] <Info>: 1249000289753666: <private>
Aug 27 21:09:14.073575 mediaserverd(CoreMotion)[36] <Debug>: Ping timer fired, resetting watchdog
Aug 27 21:09:14.120063 nearbyd(CoreMotion)[157] <Debug>: Ping timer fired, resetting watchdog
Aug 27 21:09:14.171192 locationd[69] <Debug>: Ping timer fired, resetting watchdog
Aug 27 21:09:16.062121 SpringBoard(CoreMotion)[47602] <Debug>: Ping timer fired, resetting watchdog
Aug 27 21:09:16.518665 backboardd(CoreMotion)[65] <Debug>: Ping timer fired, resetting watchdog
Aug 27 21:09:16.916686 biometrickitd(CoreMotion)[109] <Debug>: Ping timer fired, resetting watchdog
Aug 27 21:09:19.072903 mediaserverd(CoreMotion)[36] <Debug>: Ping timer fired, resetting watchdog
Aug 27 21:09:19.103221 nearbyd(CoreMotion)[157] <Debug>: Ping timer fired, resetting watchdog
Aug 27 21:09:19.166099 locationd[69] <Debug>: Ping timer fired, resetting watchdog
Aug 27 21:09:21.054381 SpringBoard(CoreMotion)[47602] <Debug>: Ping timer fired, resetting watchdog
Aug 27 21:09:21.500087 backboardd(CoreMotion)[65] <Debug>: Ping timer fired, resetting watchdog
Aug 27 21:09:21.896316 biometrickitd(CoreMotion)[109] <Debug>: Ping timer fired, resetting watchdog
Aug 27 21:09:22.553578 watchdogd[57] <Debug>: 1249010287105166: <private>
Aug 27 21:09:22.558579 watchdogd[57] <Info>: 1249010287689791: <private>
Aug 27 21:09:22.560127 watchdogd[57] <Debug>: 1249010287840750: <private>
Aug 27 21:09:22.561130 watchdogd[57] <Info>: 1249010287852166: <private>
Aug 27 21:09:22.562300 watchdogd[57] <Debug>: 1249010287973166: <private>
Aug 27 21:09:22.563287 watchdogd[57] <Debug>: 1249010288458250: <private>
Aug 27 21:09:22.564306 watchdogd[57] <Debug>: 1249010288856916: <private>
Aug 27 21:09:22.565281 watchdogd[57] <Debug>: 1249010289475291: <private>
Aug 27 21:09:22.566473 watchdogd[57] <Debug>: 1249010289797666: <private>
Aug 27 21:09:22.567328 watchdogd[57] <Debug>: 1249010290338000: <private>
Aug 27 21:09:22.568306 watchdogd[57] <Info>: 1249010290399625: <private>
Aug 27 21:09:22.569519 watchdogd[57] <Info>: 1249010290415500: <private>
Aug 27 21:09:22.570472 watchdogd[57] <Info>: 1249010290421375: <private>
Aug 27 21:09:22.571595 watchdogd[57] <Info>: 1249010290426250: <private>
Aug 27 21:09:22.573680 watchdogd[57] <Info>: 1249010290430750: <private>
Aug 27 21:09:22.574707 watchdogd[57] <Info>: 1249010290434958: <private>
Aug 27 21:09:22.576338 watchdogd[57] <Info>: 1249010290439333: <private>
Aug 27 21:09:22.577467 watchdogd[57] <Info>: 1249010290443375: <private>
Aug 27 21:09:22.578558 watchdogd[57] <Info>: 1249010291282250: <private>
Aug 27 21:09:24.071518 mediaserverd(CoreMotion)[36] <Debug>: Ping timer fired, resetting watchdog
Aug 27 21:09:24.104441 nearbyd(CoreMotion)[157] <Debug>: Ping timer fired, resetting watchdog
Aug 27 21:09:24.165690 locationd[69] <Debug>: Ping timer fired, resetting watchdog
Aug 27 21:09:26.053587 SpringBoard(CoreMotion)[47602] <Debug>: Ping timer fired, resetting watchdog
Aug 27 21:09:26.515870 backboardd(CoreMotion)[65] <Debug>: Ping timer fired, resetting watchdog
Aug 27 21:09:26.895687 biometrickitd(CoreMotion)[109] <Debug>: Ping timer fired, resetting watchdog
Aug 27 21:09:28.091941 runningboardd(RunningBoard)[33] <Notice>: [daemon<com.apple.backupd>:50486] termination reported by launchd (0, 0, 0)
Aug 27 21:09:28.096005 runningboardd(RunningBoard)[33] <Notice>: Removing assertions for terminated process: [daemon<com.apple.backupd>:50486]
Aug 27 21:09:28.100613 runningboardd(RunningBoard)[33] <Debug>: Sending state update for daemon<com.apple.backupd>: <RBSProcessState| task:none debug:none terminationResistance:None>
Aug 27 21:09:29.072862 mediaserverd(CoreMotion)[36] <Debug>: Ping timer fired, resetting watchdog
Aug 27 21:09:29.102868 nearbyd(CoreMotion)[157] <Debug>: Ping timer fired, resetting watchdog
Aug 27 21:09:29.165670 locationd[69] <Debug>: Ping timer fired, resetting watchdog
Aug 27 21:09:31.053279 SpringBoard(CoreMotion)[47602] <Debug>: Ping timer fired, resetting watchdog
Aug 27 21:09:31.518741 backboardd(CoreMotion)[65] <Debug>: Ping timer fired, resetting watchdog
Aug 27 21:09:31.893344 biometrickitd(CoreMotion)[109] <Debug>: Ping timer fired, resetting watchdog
Aug 27 21:09:32.552313 watchdogd[57] <Debug>: 1249020287787791: <private>
Aug 27 21:09:32.553249 watchdogd[57] <Info>: 1249020288113666: <private>
Aug 27 21:09:32.554129 watchdogd[57] <Debug>: 1249020288476541: <private>
Aug 27 21:09:32.554918 watchdogd[57] <Debug>: 1249020288618416: <private>
Aug 27 21:09:32.556189 watchdogd[57] <Info>: 1249020288624250: <private>
Aug 27 21:09:32.557296 watchdogd[57] <Debug>: 1249020289380250: <private>
Aug 27 21:09:32.558267 watchdogd[57] <Debug>: 1249020289447541: <private>
Aug 27 21:09:32.559253 watchdogd[57] <Debug>: 1249020289709000: <private>
Aug 27 21:09:32.560217 watchdogd[57] <Debug>: 1249020289750208: <private>
Aug 27 21:09:32.560850 watchdogd[57] <Debug>: 1249020290033500: <private>
Aug 27 21:09:32.561578 watchdogd[57] <Info>: 1249020290068458: <private>
Aug 27 21:09:32.562290 watchdogd[57] <Info>: 1249020290077833: <private>
Aug 27 21:09:32.562944 watchdogd[57] <Info>: 1249020290081291: <private>
Aug 27 21:09:32.563638 watchdogd[57] <Info>: 1249020290083958: <private>
Aug 27 21:09:32.564427 watchdogd[57] <Info>: 1249020290086333: <private>
Aug 27 21:09:32.565147 watchdogd[57] <Info>: 1249020290088583: <private>
Aug 27 21:09:32.565982 watchdogd[57] <Info>: 1249020290090916: <private>
Aug 27 21:09:32.566666 watchdogd[57] <Info>: 1249020290093083: <private>
Aug 27 21:09:34.082034 mediaserverd(CoreMotion)[36] <Debug>: Ping timer fired, resetting watchdog
Aug 27 21:09:34.098622 nearbyd(CoreMotion)[157] <Debug>: Ping timer fired, resetting watchdog
Aug 27 21:09:34.163597 locationd[69] <Debug>: Ping timer fired, resetting watchdog
Aug 27 21:09:36.066011 SpringBoard(CoreMotion)[47602] <Debug>: Ping timer fired, resetting watchdog
Aug 27 21:09:36.498713 backboardd(CoreMotion)[65] <Debug>: Ping timer fired, resetting watchdog
Aug 27 21:09:36.894708 biometrickitd(CoreMotion)[109] <Debug>: Ping timer fired, resetting watchdog
Aug 27 21:09:39.076183 mediaserverd(CoreMotion)[36] <Debug>: Ping timer fired, resetting watchdog
Aug 27 21:09:39.104035 nearbyd(CoreMotion)[157] <Debug>: Ping timer fired, resetting watchdog
Aug 27 21:09:39.206840 locationd[69] <Debug>: Ping timer fired, resetting watchdog
Aug 27 21:09:41.051084 SpringBoard(CoreMotion)[47602] <Debug>: Ping timer fired, resetting watchdog
Aug 27 21:09:41.497022 backboardd(CoreMotion)[65] <Debug>: Ping timer fired, resetting watchdog
Aug 27 21:09:41.895991 biometrickitd(CoreMotion)[109] <Debug>: Ping timer fired, resetting watchdog
Aug 27 21:09:42.555793 watchdogd[57] <Debug>: 1249030288271958: <private>
Aug 27 21:09:42.557642 watchdogd[57] <Info>: 1249030288924458: <private>
Aug 27 21:09:42.559114 watchdogd[57] <Debug>: 1249030289143541: <private>
Aug 27 21:09:42.560130 watchdogd[57] <Debug>: 1249030289602833: <private>
Aug 27 21:09:42.561130 watchdogd[57] <Info>: 1249030289613708: <private>
Aug 27 21:09:42.562164 watchdogd[57] <Debug>: 1249030289884291: <private>
Aug 27 21:09:42.563221 watchdogd[57] <Debug>: 1249030290992250: <private>
Aug 27 21:09:42.564927 watchdogd[57] <Debug>: 1249030291128375: <private>
Aug 27 21:09:42.565947 watchdogd[57] <Debug>: 1249030291610791: <private>
Aug 27 21:09:42.567062 watchdogd[57] <Debug>: 1249030291691833: <private>
Aug 27 21:09:42.568085 watchdogd[57] <Info>: 1249030291750500: <private>
Aug 27 21:09:42.569485 watchdogd[57] <Info>: 1249030291765416: <private>
Aug 27 21:09:42.570545 watchdogd[57] <Info>: 1249030291771333: <private>
Aug 27 21:09:42.571404 watchdogd[57] <Info>: 1249030291776291: <private>
Aug 27 21:09:42.572425 watchdogd[57] <Info>: 1249030291780750: <private>
Aug 27 21:09:42.573403 watchdogd[57] <Info>: 1249030291785500: <private>
Aug 27 21:09:42.574423 watchdogd[57] <Info>: 1249030291790166: <private>
Aug 27 21:09:42.575577 watchdogd[57] <Info>: 1249030291794208: <private>
Aug 27 21:09:44.075823 mediaserverd(CoreMotion)[36] <Debug>: Ping timer fired, resetting watchdog
Aug 27 21:09:44.118821 nearbyd(CoreMotion)[157] <Debug>: Ping timer fired, resetting watchdog
Aug 27 21:09:44.165191 locationd[69] <Debug>: Ping timer fired, resetting watchdog
Aug 27 21:09:46.052689 SpringBoard(CoreMotion)[47602] <Debug>: Ping timer fired, resetting watchdog
Aug 27 21:09:46.497866 backboardd(CoreMotion)[65] <Debug>: Ping timer fired, resetting watchdog
Aug 27 21:09:46.892561 biometrickitd(CoreMotion)[109] <Debug>: Ping timer fired, resetting watchdog
Aug 27 21:09:49.078379 mediaserverd(CoreMotion)[36] <Debug>: Ping timer fired, resetting watchdog
Aug 27 21:09:49.100131 nearbyd(CoreMotion)[157] <Debug>: Ping timer fired, resetting watchdog
Aug 27 21:09:49.163054 locationd[69] <Debug>: Ping timer fired, resetting watchdog
Aug 27 21:09:51.054491 SpringBoard(CoreMotion)[47602] <Debug>: Ping timer fired, resetting watchdog
Aug 27 21:09:51.497719 backboardd(CoreMotion)[65] <Debug>: Ping timer fired, resetting watchdog
Aug 27 21:09:51.893847 biometrickitd(CoreMotion)[109] <Debug>: Ping timer fired, resetting watchdog
Aug 27 21:09:52.558145 watchdogd[57] <Debug>: 1249040289089250: <private>
Aug 27 21:09:52.559159 watchdogd[57] <Info>: 1249040289659250: <private>
Aug 27 21:09:52.560163 watchdogd[57] <Debug>: 1249040289812041: <private>
Aug 27 21:09:52.561086 watchdogd[57] <Info>: 1249040289823583: <private>
Aug 27 21:09:52.561828 watchdogd[57] <Debug>: 1249040290060500: <private>
Aug 27 21:09:52.562349 watchdogd[57] <Debug>: 1249040290905250: <private>
Aug 27 21:09:52.562864 watchdogd[57] <Debug>: 1249040291669500: <private>
Aug 27 21:09:52.563375 watchdogd[57] <Debug>: 1249040292139833: <private>
Aug 27 21:09:52.564368 watchdogd[57] <Debug>: 1249040292215583: <private>
Aug 27 21:09:52.565728 watchdogd[57] <Debug>: 1249040292817875: <private>
Aug 27 21:09:52.566925 watchdogd[57] <Info>: 1249040292877375: <private>
Aug 27 21:09:52.568516 watchdogd[57] <Info>: 1249040292892833: <private>
Aug 27 21:09:52.569537 watchdogd[57] <Info>: 1249040292898291: <private>
Aug 27 21:09:52.570592 watchdogd[57] <Info>: 1249040292903291: <private>
Aug 27 21:09:52.571631 watchdogd[57] <Info>: 1249040292908625: <private>
Aug 27 21:09:52.572692 watchdogd[57] <Info>: 1249040292912875: <private>
Aug 27 21:09:52.573650 watchdogd[57] <Info>: 1249040292917208: <private>
Aug 27 21:09:52.574747 watchdogd[57] <Info>: 1249040292921375: <private>
Aug 27 21:09:52.575666 watchdogd[57] <Info>: 1249040293567708: <private>
Aug 27 21:09:54.072938 mediaserverd(CoreMotion)[36] <Debug>: Ping timer fired, resetting watchdog
Aug 27 21:09:54.099385 nearbyd(CoreMotion)[157] <Debug>: Ping timer fired, resetting watchdog
Aug 27 21:09:54.165943 locationd[69] <Debug>: Ping timer fired, resetting watchdog
Aug 27 21:09:54.686164 routined(libcoreroutine.dylib)[38] <Debug>: pipeline, com.apple.routined.visit.pipeline.realtime-low-confidence, iteration, 3374, is terminated by <private>
Aug 27 21:09:54.708424 routined(libcoreroutine.dylib)[38] <Debug>: pipeline, com.apple.routined.visit.pipeline.realtime-high-confidence, iteration, 3374, is terminated by <private>
Aug 27 21:09:56.053722 SpringBoard(CoreMotion)[47602] <Debug>: Ping timer fired, resetting watchdog
Aug 27 21:09:56.497620 backboardd(CoreMotion)[65] <Debug>: Ping timer fired, resetting watchdog
Aug 27 21:09:56.894335 biometrickitd(CoreMotion)[109] <Debug>: Ping timer fired, resetting watchdog
Aug 27 21:09:59.070657 mediaserverd(CoreMotion)[36] <Debug>: Ping timer fired, resetting watchdog
Aug 27 21:09:59.124498 nearbyd(CoreMotion)[157] <Debug>: Ping timer fired, resetting watchdog
Aug 27 21:09:59.164291 locationd[69] <Debug>: Ping timer fired, resetting watchdog
Aug 27 21:10:01.056093 SpringBoard(CoreMotion)[47602] <Debug>: Ping timer fired, resetting watchdog
Aug 27 21:10:01.495852 backboardd(CoreMotion)[65] <Debug>: Ping timer fired, resetting watchdog
Aug 27 21:10:01.898372 biometrickitd(CoreMotion)[109] <Debug>: Ping timer fired, resetting watchdog
Aug 27 21:10:02.555815 watchdogd[57] <Debug>: 1249050289830208: <private>
Aug 27 21:10:02.557543 watchdogd[57] <Info>: 1249050290386833: <private>
Aug 27 21:10:02.558612 watchdogd[57] <Debug>: 1249050290533666: <private>
Aug 27 21:10:02.559382 watchdogd[57] <Debug>: 1249050290816583: <private>
Aug 27 21:10:02.560439 watchdogd[57] <Info>: 1249050290827208: <private>
Aug 27 21:10:02.561619 watchdogd[57] <Debug>: 1249050291414458: <private>
Aug 27 21:10:02.562698 watchdogd[57] <Debug>: 1249050291966166: <private>
Aug 27 21:10:02.564974 watchdogd[57] <Debug>: 1249050292194083: <private>
Aug 27 21:10:02.565920 watchdogd[57] <Debug>: 1249050292682500: <private>
Aug 27 21:10:02.567110 watchdogd[57] <Debug>: 1249050292815166: <private>
Aug 27 21:10:02.568054 watchdogd[57] <Info>: 1249050292874375: <private>
Aug 27 21:10:02.569088 watchdogd[57] <Info>: 1249050292890458: <private>
Aug 27 21:10:02.570186 watchdogd[57] <Info>: 1249050292896583: <private>
Aug 27 21:10:02.571115 watchdogd[57] <Info>: 1249050292901541: <private>
Aug 27 21:10:02.572408 watchdogd[57] <Info>: 1249050292905916: <private>
Aug 27 21:10:02.573350 watchdogd[57] <Info>: 1249050292910083: <private>
Aug 27 21:10:02.574619 watchdogd[57] <Info>: 1249050292914166: <private>
Aug 27 21:10:02.575689 watchdogd[57] <Info>: 1249050292918250: <private>
Aug 27 21:10:04.068854 mediaserverd(CoreMotion)[36] <Debug>: Ping timer fired, resetting watchdog
Aug 27 21:10:04.085297 runningboardd(RunningBoard)[33] <Info>: _requestedJetsamPriority = 6, _executablePath = /System/Library/PrivateFrameworks/MobileBackup.framework/backupd
Aug 27 21:10:04.090537 runningboardd(RunningBoard)[33] <Info>: _requestedJetsamPriority = 6, _executablePath = /System/Library/PrivateFrameworks/MobileBackup.framework/backupd
Aug 27 21:10:04.095199 runningboardd(RunningBoard)[33] <Debug>: Sending state update for daemon<com.apple.backupd>: <RBSProcessState| task:running debug:none terminationResistance:None>
Aug 27 21:10:04.136709 nearbyd(CoreMotion)[157] <Debug>: Ping timer fired, resetting watchdog
Aug 27 21:10:04.161361 locationd[69] <Debug>: Ping timer fired, resetting watchdog
Aug 27 21:10:06.051014 SpringBoard(CoreMotion)[47602] <Debug>: Ping timer fired, resetting watchdog
Aug 27 21:10:06.498831 backboardd(CoreMotion)[65] <Debug>: Ping timer fired, resetting watchdog
Aug 27 21:10:06.892590 biometrickitd(CoreMotion)[109] <Debug>: Ping timer fired, resetting watchdog
Aug 27 21:10:09.056441 dasd[94] <Notice>: com.apple.widgetRefresh.bootstrap.refresh:F5A6C3:[
Aug 27 21:10:09.057293 dasd[94] <Notice>: 'com.apple.widgetRefresh.bootstrap.refresh:F5A6C3' CurrentScore: 0.859188, ThresholdScore: 0.818627 DecisionToRun:1
Aug 27 21:10:09.069736 mediaserverd(CoreMotion)[36] <Debug>: Ping timer fired, resetting watchdog
Aug 27 21:10:09.072454 SpringBoard(DuetActivityScheduler)[47602] <Notice>: STARTING: com.apple.widgetRefresh.bootstrap.refresh:F5A6C3
Aug 27 21:10:09.079006 dasd[94] <Notice>: COMPLETED com.apple.widgetRefresh.bootstrap.refresh:F5A6C3 at priority 10 <private>!
Aug 27 21:10:09.083154 SpringBoard(DuetActivityScheduler)[47602] <Notice>: SUBMITTING: com.apple.widgetRefresh.bootstrap.refresh:050E32
Aug 27 21:10:09.083720 dasd[94] <Notice>: NO LONGER RUNNING com.apple.widgetRefresh.bootstrap.refresh:F5A6C3 ...Tasks running in group [com.apple.dasd.default] are 0!
Aug 27 21:10:09.090367 dasd[94] <Notice>: Submitted Activity: com.apple.widgetRefresh.bootstrap.refresh:050E32 at priority 10 <private>
Aug 27 21:10:09.097556 dasd[94] <Notice>: CANCELED: com.apple.widgetRefresh.bootstrap.refresh:F5A6C3 at priority 10 <private>!
Aug 27 21:10:09.107612 nearbyd(CoreMotion)[157] <Debug>: Ping timer fired, resetting watchdog
Aug 27 21:10:09.162000 locationd[69] <Debug>: Ping timer fired, resetting watchdog
Aug 27 21:10:11.050381 SpringBoard(CoreMotion)[47602] <Debug>: Ping timer fired, resetting watchdog
Aug 27 21:10:11.496330 backboardd(CoreMotion)[65] <Debug>: Ping timer fired, resetting watchdog
Aug 27 21:10:11.894335 biometrickitd(CoreMotion)[109] <Debug>: Ping timer fired, resetting watchdog
Aug 27 21:10:12.551398 watchdogd[57] <Debug>: 1249060290473583: <private>
Aug 27 21:10:12.552177 watchdogd[57] <Info>: 1249060290710083: <private>
Aug 27 21:10:12.552867 watchdogd[57] <Debug>: 1249060290833583: <private>
Aug 27 21:10:12.553628 watchdogd[57] <Info>: 1249060290838375: <private>
Aug 27 21:10:12.554353 watchdogd[57] <Debug>: 1249060290883458: <private>
Aug 27 21:10:12.555021 watchdogd[57] <Debug>: 1249060291063833: <private>
Aug 27 21:10:12.555800 watchdogd[57] <Debug>: 1249060291358291: <private>
Aug 27 21:10:12.556399 watchdogd[57] <Debug>: 1249060291465625: <private>
Aug 27 21:10:12.557140 watchdogd[57] <Debug>: 1249060291601833: <private>
Aug 27 21:10:12.557860 watchdogd[57] <Debug>: 1249060291664250: <private>
Aug 27 21:10:12.559026 watchdogd[57] <Info>: 1249060291684916: <private>
Aug 27 21:10:12.559744 watchdogd[57] <Info>: 1249060291692000: <private>
Aug 27 21:10:12.560487 watchdogd[57] <Info>: 1249060291694500: <private>
Aug 27 21:10:12.561228 watchdogd[57] <Info>: 1249060291696333: <private>
Aug 27 21:10:12.561842 watchdogd[57] <Info>: 1249060291697958: <private>
Aug 27 21:10:12.562589 watchdogd[57] <Info>: 1249060291699458: <private>
Aug 27 21:10:12.563198 watchdogd[57] <Info>: 1249060291701041: <private>
Aug 27 21:10:12.563952 watchdogd[57] <Info>: 1249060291702500: <private>
Aug 27 21:10:14.071159 mediaserverd(CoreMotion)[36] <Debug>: Ping timer fired, resetting watchdog
Aug 27 21:10:14.100643 nearbyd(CoreMotion)[157] <Debug>: Ping timer fired, resetting watchdog
Aug 27 21:10:14.165081 locationd[69] <Debug>: Ping timer fired, resetting watchdog
Aug 27 21:10:16.053505 SpringBoard(CoreMotion)[47602] <Debug>: Ping timer fired, resetting watchdog
Aug 27 21:10:16.499308 backboardd(CoreMotion)[65] <Debug>: Ping timer fired, resetting watchdog
Aug 27 21:10:16.900224 biometrickitd(CoreMotion)[109] <Debug>: Ping timer fired, resetting watchdog
Aug 27 21:10:19.072036 mediaserverd(CoreMotion)[36] <Debug>: Ping timer fired, resetting watchdog
Aug 27 21:10:19.106634 nearbyd(CoreMotion)[157] <Debug>: Ping timer fired, resetting watchdog
Aug 27 21:10:19.167332 locationd[69] <Debug>: Ping timer fired, resetting watchdog
Aug 27 21:10:21.053489 SpringBoard(CoreMotion)[47602] <Debug>: Ping timer fired, resetting watchdog
Aug 27 21:10:21.500247 backboardd(CoreMotion)[65] <Debug>: Ping timer fired, resetting watchdog
Aug 27 21:10:21.895458 biometrickitd(CoreMotion)[109] <Debug>: Ping timer fired, resetting watchdog
Aug 27 21:10:22.571020 watchdogd[57] <Debug>: 1249070290857833: <private>
Aug 27 21:10:22.572036 watchdogd[57] <Info>: 1249070291433958: <private>
Aug 27 21:10:22.573255 watchdogd[57] <Debug>: 1249070291843500: <private>
Aug 27 21:10:22.574273 watchdogd[57] <Debug>: 1249070292117833: <private>
Aug 27 21:10:22.575197 watchdogd[57] <Info>: 1249070292128750: <private>
Aug 27 21:10:22.576301 watchdogd[57] <Debug>: 1249070292645125: <private>
Aug 27 21:10:22.577525 watchdogd[57] <Debug>: 1249070293638291: <private>
Aug 27 21:10:22.578565 watchdogd[57] <Debug>: 1249070294180500: <private>
Aug 27 21:10:22.587754 watchdogd[57] <Debug>: 1249070294325625: <private>
Aug 27 21:10:22.588793 watchdogd[57] <Debug>: 1249070294815208: <private>
Aug 27 21:10:22.589967 watchdogd[57] <Info>: 1249070294876416: <private>
Aug 27 21:10:22.591011 watchdogd[57] <Info>: 1249070294892291: <private>
Aug 27 21:10:22.591689 watchdogd[57] <Info>: 1249070294898291: <private>
Aug 27 21:10:22.592470 watchdogd[57] <Info>: 1249070294903500: <private>
Aug 27 21:10:22.593191 watchdogd[57] <Info>: 1249070294907791: <private>
Aug 27 21:10:22.593841 watchdogd[57] <Info>: 1249070294911916: <private>
Aug 27 21:10:22.594454 watchdogd[57] <Info>: 1249070294916083: <private>
Aug 27 21:10:22.594853 watchdogd[57] <Info>: 1249070294920083: <private>
Aug 27 21:10:22.597288 watchdogd[57] <Info>: 1249070295602958: <private>
Aug 27 21:10:24.075647 mediaserverd(CoreMotion)[36] <Debug>: Ping timer fired, resetting watchdog
Aug 27 21:10:24.104826 nearbyd(CoreMotion)[157] <Debug>: Ping timer fired, resetting watchdog
Aug 27 21:10:24.165998 locationd[69] <Debug>: Ping timer fired, resetting watchdog
Aug 27 21:10:26.055155 SpringBoard(CoreMotion)[47602] <Debug>: Ping timer fired, resetting watchdog
Aug 27 21:10:26.499568 backboardd(CoreMotion)[65] <Debug>: Ping timer fired, resetting watchdog
Aug 27 21:10:26.896032 biometrickitd(CoreMotion)[109] <Debug>: Ping timer fired, resetting watchdog
Aug 27 21:10:29.076123 mediaserverd(CoreMotion)[36] <Debug>: Ping timer fired, resetting watchdog
Aug 27 21:10:29.105277 nearbyd(CoreMotion)[157] <Debug>: Ping timer fired, resetting watchdog
Aug 27 21:10:29.167386 locationd[69] <Debug>: Ping timer fired, resetting watchdog
Aug 27 21:10:31.055569 SpringBoard(CoreMotion)[47602] <Debug>: Ping timer fired, resetting watchdog
Aug 27 21:10:31.501342 backboardd(CoreMotion)[65] <Debug>: Ping timer fired, resetting watchdog
Aug 27 21:10:31.896354 biometrickitd(CoreMotion)[109] <Debug>: Ping timer fired, resetting watchdog
Aug 27 21:10:32.559057 watchdogd[57] <Debug>: 1249080291604791: <private>
Aug 27 21:10:32.562538 watchdogd[57] <Info>: 1249080292195333: <private>
Aug 27 21:10:32.563775 watchdogd[57] <Debug>: 1249080292351250: <private>
Aug 27 21:10:32.564668 watchdogd[57] <Info>: 1249080292362875: <private>
Aug 27 21:10:32.565648 watchdogd[57] <Debug>: 1249080292599833: <private>
Aug 27 21:10:32.566980 watchdogd[57] <Debug>: 1249080293069041: <private>
Aug 27 21:10:32.568248 watchdogd[57] <Debug>: 1249080293721750: <private>
Aug 27 21:10:32.569305 watchdogd[57] <Debug>: 1249080294148083: <private>
Aug 27 21:10:32.570250 watchdogd[57] <Debug>: 1249080294338666: <private>
Aug 27 21:10:32.571229 watchdogd[57] <Debug>: 1249080294705666: <private>
Aug 27 21:10:32.572466 watchdogd[57] <Info>: 1249080294764000: <private>
Aug 27 21:10:32.573430 watchdogd[57] <Info>: 1249080294778666: <private>
Aug 27 21:10:32.574520 watchdogd[57] <Info>: 1249080294784958: <private>
Aug 27 21:10:32.575507 watchdogd[57] <Info>: 1249080294790000: <private>
Aug 27 21:10:32.576344 watchdogd[57] <Info>: 1249080294794500: <private>
Aug 27 21:10:32.576914 watchdogd[57] <Info>: 1249080294798708: <private>
Aug 27 21:10:32.577428 watchdogd[57] <Info>: 1249080294803250: <private>
Aug 27 21:10:32.577940 watchdogd[57] <Info>: 1249080294807166: <private>
Aug 27 21:10:34.075992 mediaserverd(CoreMotion)[36] <Debug>: Ping timer fired, resetting watchdog
Aug 27 21:10:34.107125 nearbyd(CoreMotion)[157] <Debug>: Ping timer fired, resetting watchdog
Aug 27 21:10:34.137834 runningboardd(RunningBoard)[33] <Notice>: [daemon<com.apple.backupd>:50494] termination reported by launchd (0, 0, 0)
Aug 27 21:10:34.145555 runningboardd(RunningBoard)[33] <Notice>: Removing assertions for terminated process: [daemon<com.apple.backupd>:50494]
Aug 27 21:10:34.150330 runningboardd(RunningBoard)[33] <Debug>: Sending state update for daemon<com.apple.backupd>: <RBSProcessState| task:none debug:none terminationResistance:None>
Aug 27 21:10:34.166550 locationd[69] <Debug>: Ping timer fired, resetting watchdog
Aug 27 21:10:36.055617 SpringBoard(CoreMotion)[47602] <Debug>: Ping timer fired, resetting watchdog
Aug 27 21:10:36.501567 backboardd(CoreMotion)[65] <Debug>: Ping timer fired, resetting watchdog
Aug 27 21:10:36.896434 biometrickitd(CoreMotion)[109] <Debug>: Ping timer fired, resetting watchdog
Aug 27 21:10:39.075179 mediaserverd(CoreMotion)[36] <Debug>: Ping timer fired, resetting watchdog
Aug 27 21:10:39.102823 nearbyd(CoreMotion)[157] <Debug>: Ping timer fired, resetting watchdog
Aug 27 21:10:39.167874 locationd[69] <Debug>: Ping timer fired, resetting watchdog
Aug 27 21:10:41.054379 SpringBoard(CoreMotion)[47602] <Debug>: Ping timer fired, resetting watchdog
Aug 27 21:10:41.500183 backboardd(CoreMotion)[65] <Debug>: Ping timer fired, resetting watchdog
Aug 27 21:10:41.896512 biometrickitd(CoreMotion)[109] <Debug>: Ping timer fired, resetting watchdog
Aug 27 21:10:42.562981 watchdogd[57] <Debug>: 1249090292346541: <private>
Aug 27 21:10:42.564141 watchdogd[57] <Info>: 1249090292922625: <private>
Aug 27 21:10:42.565110 watchdogd[57] <Debug>: 1249090293075083: <private>
Aug 27 21:10:42.566146 watchdogd[57] <Info>: 1249090293087416: <private>
Aug 27 21:10:42.567097 watchdogd[57] <Debug>: 1249090293211541: <private>
Aug 27 21:10:42.568183 watchdogd[57] <Debug>: 1249090293741875: <private>
Aug 27 21:10:42.569063 watchdogd[57] <Debug>: 1249090294020333: <private>
Aug 27 21:10:42.570003 watchdogd[57] <Debug>: 1249090294750291: <private>
Aug 27 21:10:42.570934 watchdogd[57] <Debug>: 1249090294956250: <private>
Aug 27 21:10:42.572480 watchdogd[57] <Debug>: 1249090295649791: <private>
Aug 27 21:10:42.573486 watchdogd[57] <Info>: 1249090295709000: <private>
Aug 27 21:10:42.574380 watchdogd[57] <Info>: 1249090295725000: <private>
Aug 27 21:10:42.575478 watchdogd[57] <Info>: 1249090295731208: <private>
Aug 27 21:10:42.576772 watchdogd[57] <Info>: 1249090295736333: <private>
Aug 27 21:10:42.577837 watchdogd[57] <Info>: 1249090295740875: <private>
Aug 27 21:10:42.578889 watchdogd[57] <Info>: 1249090295745666: <private>
Aug 27 21:10:42.580027 watchdogd[57] <Info>: 1249090295749916: <private>
Aug 27 21:10:42.580959 watchdogd[57] <Info>: 1249090295753708: <private>
Aug 27 21:10:44.083128 mediaserverd(CoreMotion)[36] <Debug>: Ping timer fired, resetting watchdog
Aug 27 21:10:44.101767 nearbyd(CoreMotion)[157] <Debug>: Ping timer fired, resetting watchdog
Aug 27 21:10:44.167910 locationd[69] <Debug>: Ping timer fired, resetting watchdog
Aug 27 21:10:44.775420 symptomsd(SymptomEvaluator)[170] <Debug>: COSMCtrl applyPolicyDelta for E01B2FEA-36F1-3C21-AADE-93AC8E03F45C -> dev.selfhost.firstActivationProbe  policy id 0  fg 0 fg-activity 0
Aug 27 21:10:46.055730 SpringBoard(CoreMotion)[47602] <Debug>: Ping timer fired, resetting watchdog
Aug 27 21:10:46.500122 backboardd(CoreMotion)[65] <Debug>: Ping timer fired, resetting watchdog
Aug 27 21:10:46.896130 biometrickitd(CoreMotion)[109] <Debug>: Ping timer fired, resetting watchdog
Aug 27 21:10:49.073731 mediaserverd(CoreMotion)[36] <Debug>: Ping timer fired, resetting watchdog
Aug 27 21:10:49.122345 nearbyd(CoreMotion)[157] <Debug>: Ping timer fired, resetting watchdog
Aug 27 21:10:49.166585 locationd[69] <Debug>: Ping timer fired, resetting watchdog
Aug 27 21:10:51.054601 SpringBoard(CoreMotion)[47602] <Debug>: Ping timer fired, resetting watchdog
Aug 27 21:10:51.512197 backboardd(CoreMotion)[65] <Debug>: Ping timer fired, resetting watchdog
Aug 27 21:10:51.895670 biometrickitd(CoreMotion)[109] <Debug>: Ping timer fired, resetting watchdog
Aug 27 21:10:52.566276 watchdogd[57] <Debug>: 1249100293088416: <private>
Aug 27 21:10:52.568358 watchdogd[57] <Info>: 1249100293652250: <private>
Aug 27 21:10:52.570428 watchdogd[57] <Debug>: 1249100293806291: <private>
Aug 27 21:10:52.572048 watchdogd[57] <Info>: 1249100293817916: <private>
Aug 27 21:10:52.573104 watchdogd[57] <Debug>: 1249100293943541: <private>
Aug 27 21:10:52.574160 watchdogd[57] <Debug>: 1249100294455375: <private>
Aug 27 21:10:52.575315 watchdogd[57] <Debug>: 1249100294731416: <private>
Aug 27 21:10:52.576272 watchdogd[57] <Debug>: 1249100295623416: <private>
Aug 27 21:10:52.577431 watchdogd[57] <Debug>: 1249100296094708: <private>
Aug 27 21:10:52.578240 watchdogd[57] <Debug>: 1249100296847250: <private>
Aug 27 21:10:52.579381 watchdogd[57] <Info>: 1249100296910250: <private>
Aug 27 21:10:52.580493 watchdogd[57] <Info>: 1249100296925458: <private>
Aug 27 21:10:52.581792 watchdogd[57] <Info>: 1249100296931583: <private>
Aug 27 21:10:52.582789 watchdogd[57] <Info>: 1249100296936625: <private>
Aug 27 21:10:52.583916 watchdogd[57] <Info>: 1249100296941041: <private>
Aug 27 21:10:52.584919 watchdogd[57] <Info>: 1249100296945250: <private>
Aug 27 21:10:52.585948 watchdogd[57] <Info>: 1249100296949541: <private>
Aug 27 21:10:52.586785 watchdogd[57] <Info>: 1249100296953416: <private>
Aug 27 21:10:52.587897 watchdogd[57] <Info>: 1249100297599833: <private>
Aug 27 21:10:54.074173 mediaserverd(CoreMotion)[36] <Debug>: Ping timer fired, resetting watchdog
Aug 27 21:10:54.109896 nearbyd(CoreMotion)[157] <Debug>: Ping timer fired, resetting watchdog
Aug 27 21:10:54.167562 locationd[69] <Debug>: Ping timer fired, resetting watchdog
Aug 27 21:10:56.074040 SpringBoard(CoreMotion)[47602] <Debug>: Ping timer fired, resetting watchdog
Aug 27 21:10:56.502746 backboardd(CoreMotion)[65] <Debug>: Ping timer fired, resetting watchdog
Aug 27 21:10:56.895907 biometrickitd(CoreMotion)[109] <Debug>: Ping timer fired, resetting watchdog
Aug 27 21:10:59.074084 mediaserverd(CoreMotion)[36] <Debug>: Ping timer fired, resetting watchdog
Aug 27 21:10:59.112334 nearbyd(CoreMotion)[157] <Debug>: Ping timer fired, resetting watchdog
Aug 27 21:10:59.167226 locationd[69] <Debug>: Ping timer fired, resetting watchdog
Aug 27 21:11:01.055208 SpringBoard(CoreMotion)[47602] <Debug>: Ping timer fired, resetting watchdog
Aug 27 21:11:01.501322 backboardd(CoreMotion)[65] <Debug>: Ping timer fired, resetting watchdog
Aug 27 21:11:01.895668 biometrickitd(CoreMotion)[109] <Debug>: Ping timer fired, resetting watchdog
Aug 27 21:11:02.560694 watchdogd[57] <Debug>: 1249110293823375: <private>
Aug 27 21:11:02.565628 watchdogd[57] <Info>: 1249110294395791: <private>
Aug 27 21:11:02.567620 watchdogd[57] <Debug>: 1249110294551333: <private>
Aug 27 21:11:02.569711 watchdogd[57] <Info>: 1249110294562791: <private>
Aug 27 21:11:02.571556 watchdogd[57] <Debug>: 1249110294689666: <private>
Aug 27 21:11:02.572661 watchdogd[57] <Debug>: 1249110295620708: <private>
Aug 27 21:11:02.573789 watchdogd[57] <Debug>: 1249110295806458: <private>
Aug 27 21:11:02.574909 watchdogd[57] <Debug>: 1249110296286500: <private>
Aug 27 21:11:02.575832 watchdogd[57] <Debug>: 1249110296384125: <private>
Aug 27 21:11:02.576887 watchdogd[57] <Debug>: 1249110296872625: <private>
Aug 27 21:11:02.577977 watchdogd[57] <Info>: 1249110296933125: <private>
Aug 27 21:11:02.579150 watchdogd[57] <Info>: 1249110296948125: <private>
Aug 27 21:11:02.580153 watchdogd[57] <Info>: 1249110296954166: <private>
Aug 27 21:11:02.582677 watchdogd[57] <Info>: 1249110296959250: <private>
Aug 27 21:11:02.583797 watchdogd[57] <Info>: 1249110296963833: <private>
Aug 27 21:11:02.584734 watchdogd[57] <Info>: 1249110296967958: <private>
Aug 27 21:11:02.585895 watchdogd[57] <Info>: 1249110296972291: <private>
Aug 27 21:11:02.586932 watchdogd[57] <Info>: 1249110296976375: <private>
Aug 27 21:11:04.073063 mediaserverd(CoreMotion)[36] <Debug>: Ping timer fired, resetting watchdog
Aug 27 21:11:04.113109 nearbyd(CoreMotion)[157] <Debug>: Ping timer fired, resetting watchdog
Aug 27 21:11:04.167283 locationd[69] <Debug>: Ping timer fired, resetting watchdog
Aug 27 21:11:06.055123 SpringBoard(CoreMotion)[47602] <Debug>: Ping timer fired, resetting watchdog
Aug 27 21:11:06.500485 backboardd(CoreMotion)[65] <Debug>: Ping timer fired, resetting watchdog
Aug 27 21:11:06.896985 biometrickitd(CoreMotion)[109] <Debug>: Ping timer fired, resetting watchdog
Aug 27 21:11:09.074828 mediaserverd(CoreMotion)[36] <Debug>: Ping timer fired, resetting watchdog
Aug 27 21:11:09.201834 nearbyd(CoreMotion)[157] <Debug>: Ping timer fired, resetting watchdog
Aug 27 21:11:09.202736 locationd[69] <Debug>: Ping timer fired, resetting watchdog
Aug 27 21:11:10.211889 runningboardd(RunningBoard)[33] <Info>: _requestedJetsamPriority = 6, _executablePath = /System/Library/PrivateFrameworks/MobileBackup.framework/backupd
Aug 27 21:11:10.216759 runningboardd(RunningBoard)[33] <Info>: _requestedJetsamPriority = 6, _executablePath = /System/Library/PrivateFrameworks/MobileBackup.framework/backupd
Aug 27 21:11:10.219544 runningboardd(RunningBoard)[33] <Debug>: Sending state update for daemon<com.apple.backupd>: <RBSProcessState| task:running debug:none terminationResistance:None>
Aug 27 21:11:11.054608 SpringBoard(CoreMotion)[47602] <Debug>: Ping timer fired, resetting watchdog
Aug 27 21:11:11.498804 backboardd(CoreMotion)[65] <Debug>: Ping timer fired, resetting watchdog
Aug 27 21:11:11.903561 biometrickitd(CoreMotion)[109] <Debug>: Ping timer fired, resetting watchdog
Aug 27 21:11:12.560758 watchdogd[57] <Debug>: 1249120294549750: <private>
Aug 27 21:11:12.563355 watchdogd[57] <Info>: 1249120295124750: <private>
Aug 27 21:11:12.564271 watchdogd[57] <Debug>: 1249120295276958: <private>
Aug 27 21:11:12.565272 watchdogd[57] <Info>: 1249120295288583: <private>
Aug 27 21:11:12.566744 watchdogd[57] <Debug>: 1249120295410958: <private>
Aug 27 21:11:12.567807 watchdogd[57] <Debug>: 1249120295894875: <private>
Aug 27 21:11:12.568775 watchdogd[57] <Debug>: 1249120296147125: <private>
Aug 27 21:11:12.569931 watchdogd[57] <Debug>: 1249120296993541: <private>
Aug 27 21:11:12.571042 watchdogd[57] <Debug>: 1249120297188333: <private>
Aug 27 21:11:12.572523 watchdogd[57] <Debug>: 1249120297752291: <private>
Aug 27 21:11:12.574151 watchdogd[57] <Info>: 1249120297812750: <private>
Aug 27 21:11:12.575120 watchdogd[57] <Info>: 1249120297827958: <private>
Aug 27 21:11:12.576110 watchdogd[57] <Info>: 1249120297834083: <private>
Aug 27 21:11:12.577217 watchdogd[57] <Info>: 1249120297838958: <private>
Aug 27 21:11:12.578213 watchdogd[57] <Info>: 1249120297843583: <private>
Aug 27 21:11:12.579340 watchdogd[57] <Info>: 1249120297847708: <private>
Aug 27 21:11:12.580457 watchdogd[57] <Info>: 1249120297852000: <private>
Aug 27 21:11:12.581435 watchdogd[57] <Info>: 1249120297856083: <private>
Aug 27 21:11:14.072735 mediaserverd(CoreMotion)[36] <Debug>: Ping timer fired, resetting watchdog
Aug 27 21:11:14.102597 nearbyd(CoreMotion)[157] <Debug>: Ping timer fired, resetting watchdog
Aug 27 21:11:14.181825 locationd[69] <Debug>: Ping timer fired, resetting watchdog
Aug 27 21:11:16.054427 SpringBoard(CoreMotion)[47602] <Debug>: Ping timer fired, resetting watchdog
Aug 27 21:11:16.545242 backboardd(CoreMotion)[65] <Debug>: Ping timer fired, resetting watchdog
Aug 27 21:11:16.913111 biometrickitd(CoreMotion)[109] <Debug>: Ping timer fired, resetting watchdog
Aug 27 21:11:19.116038 mediaserverd(CoreMotion)[36] <Debug>: Ping timer fired, resetting watchdog
Aug 27 21:11:19.129197 nearbyd(CoreMotion)[157] <Debug>: Ping timer fired, resetting watchdog
Aug 27 21:11:19.165039 locationd[69] <Debug>: Ping timer fired, resetting watchdog
Aug 27 21:11:21.055524 SpringBoard(CoreMotion)[47602] <Debug>: Ping timer fired, resetting watchdog
Aug 27 21:11:21.498574 backboardd(CoreMotion)[65] <Debug>: Ping timer fired, resetting watchdog
Aug 27 21:11:21.907190 biometrickitd(CoreMotion)[109] <Debug>: Ping timer fired, resetting watchdog
Aug 27 21:11:22.562758 watchdogd[57] <Debug>: 1249130295294750: <private>
Aug 27 21:11:22.565627 watchdogd[57] <Info>: 1249130295996291: <private>
Aug 27 21:11:22.567515 watchdogd[57] <Debug>: 1249130296258500: <private>
Aug 27 21:11:22.569334 watchdogd[57] <Debug>: 1249130296766916: <private>
Aug 27 21:11:22.570471 watchdogd[57] <Info>: 1249130296777666: <private>
Aug 27 21:11:22.571007 watchdogd[57] <Debug>: 1249130297357250: <private>
Aug 27 21:11:22.571699 watchdogd[57] <Debug>: 1249130297714291: <private>
Aug 27 21:11:22.572245 watchdogd[57] <Debug>: 1249130298097041: <private>
Aug 27 21:11:22.572786 watchdogd[57] <Debug>: 1249130298261083: <private>
Aug 27 21:11:22.573688 watchdogd[57] <Debug>: 1249130298620875: <private>
Aug 27 21:11:22.575038 watchdogd[57] <Info>: 1249130298684875: <private>
Aug 27 21:11:22.576065 watchdogd[57] <Info>: 1249130298699875: <private>
Aug 27 21:11:22.576961 watchdogd[57] <Info>: 1249130298705625: <private>
Aug 27 21:11:22.577678 watchdogd[57] <Info>: 1249130298710916: <private>
Aug 27 21:11:22.578203 watchdogd[57] <Info>: 1249130298715250: <private>
Aug 27 21:11:22.578715 watchdogd[57] <Info>: 1249130298719791: <private>
Aug 27 21:11:22.579244 watchdogd[57] <Info>: 1249130298724125: <private>
Aug 27 21:11:22.579815 watchdogd[57] <Info>: 1249130298728166: <private>
Aug 27 21:11:22.580332 watchdogd[57] <Info>: 1249130299409625: <private>
Aug 27 21:11:24.073719 mediaserverd(CoreMotion)[36] <Debug>: Ping timer fired, resetting watchdog
Aug 27 21:11:24.105011 nearbyd(CoreMotion)[157] <Debug>: Ping timer fired, resetting watchdog
Aug 27 21:11:24.164973 locationd[69] <Debug>: Ping timer fired, resetting watchdog
Aug 27 21:11:26.054886 SpringBoard(CoreMotion)[47602] <Debug>: Ping timer fired, resetting watchdog
Aug 27 21:11:26.499605 backboardd(CoreMotion)[65] <Debug>: Ping timer fired, resetting watchdog
Aug 27 21:11:26.895985 biometrickitd(CoreMotion)[109] <Debug>: Ping timer fired, resetting watchdog
Aug 27 21:11:29.071066 mediaserverd(CoreMotion)[36] <Debug>: Ping timer fired, resetting watchdog
Aug 27 21:11:29.099142 nearbyd(CoreMotion)[157] <Debug>: Ping timer fired, resetting watchdog
Aug 27 21:11:29.164825 locationd[69] <Debug>: Ping timer fired, resetting watchdog
Aug 27 21:11:31.053718 SpringBoard(CoreMotion)[47602] <Debug>: Ping timer fired, resetting watchdog
Aug 27 21:11:31.500599 backboardd(CoreMotion)[65] <Debug>: Ping timer fired, resetting watchdog
Aug 27 21:11:31.929384 biometrickitd(CoreMotion)[109] <Debug>: Ping timer fired, resetting watchdog
Aug 27 21:11:32.559129 watchdogd[57] <Debug>: 1249140296085125: <private>
Aug 27 21:11:32.559850 watchdogd[57] <Info>: 1249140296320916: <private>
Aug 27 21:11:32.560574 watchdogd[57] <Debug>: 1249140296378583: <private>
Aug 27 21:11:32.561331 watchdogd[57] <Debug>: 1249140296633041: <private>
Aug 27 21:11:32.562037 watchdogd[57] <Info>: 1249140296637000: <private>
Aug 27 21:11:32.562782 watchdogd[57] <Debug>: 1249140296812708: <private>
Aug 27 21:11:32.563505 watchdogd[57] <Debug>: 1249140296883125: <private>
Aug 27 21:11:32.564168 watchdogd[57] <Debug>: 1249140297135583: <private>
Aug 27 21:11:32.564812 watchdogd[57] <Debug>: 1249140297150958: <private>
Aug 27 21:11:32.565542 watchdogd[57] <Debug>: 1249140297376541: <private>
Aug 27 21:11:32.566217 watchdogd[57] <Info>: 1249140297399125: <private>
Aug 27 21:11:32.566908 watchdogd[57] <Info>: 1249140297406458: <private>
Aug 27 21:11:32.567683 watchdogd[57] <Info>: 1249140297408416: <private>
Aug 27 21:11:32.568357 watchdogd[57] <Info>: 1249140297410125: <private>
Aug 27 21:11:32.569115 watchdogd[57] <Info>: 1249140297411750: <private>
Aug 27 21:11:32.569954 watchdogd[57] <Info>: 1249140297413250: <private>
Aug 27 21:11:32.570659 watchdogd[57] <Info>: 1249140297414875: <private>
Aug 27 21:11:32.571397 watchdogd[57] <Info>: 1249140297416333: <private>
Aug 27 21:11:34.071464 mediaserverd(CoreMotion)[36] <Debug>: Ping timer fired, resetting watchdog
Aug 27 21:11:34.120867 nearbyd(CoreMotion)[157] <Debug>: Ping timer fired, resetting watchdog
Aug 27 21:11:34.164482 locationd[69] <Debug>: Ping timer fired, resetting watchdog
Aug 27 21:11:36.067834 SpringBoard(CoreMotion)[47602] <Debug>: Ping timer fired, resetting watchdog
Aug 27 21:11:36.498126 backboardd(CoreMotion)[65] <Debug>: Ping timer fired, resetting watchdog
Aug 27 21:11:36.895469 biometrickitd(CoreMotion)[109] <Debug>: Ping timer fired, resetting watchdog
Aug 27 21:11:39.071998 mediaserverd(CoreMotion)[36] <Debug>: Ping timer fired, resetting watchdog
Aug 27 21:11:39.104067 nearbyd(CoreMotion)[157] <Debug>: Ping timer fired, resetting watchdog
Aug 27 21:11:39.165377 locationd[69] <Debug>: Ping timer fired, resetting watchdog
Aug 27 21:11:40.264088 runningboardd(RunningBoard)[33] <Notice>: [daemon<com.apple.backupd>:50502] termination reported by launchd (0, 0, 0)
Aug 27 21:11:40.270610 runningboardd(RunningBoard)[33] <Notice>: Removing assertions for terminated process: [daemon<com.apple.backupd>:50502]
Aug 27 21:11:40.275113 runningboardd(RunningBoard)[33] <Debug>: Sending state update for daemon<com.apple.backupd>: <RBSProcessState| task:none debug:none terminationResistance:None>
Aug 27 21:11:41.051716 SpringBoard(CoreMotion)[47602] <Debug>: Ping timer fired, resetting watchdog
Aug 27 21:11:41.497464 backboardd(CoreMotion)[65] <Debug>: Ping timer fired, resetting watchdog
Aug 27 21:11:41.894856 biometrickitd(CoreMotion)[109] <Debug>: Ping timer fired, resetting watchdog
Aug 27 21:11:42.575603 watchdogd[57] <Debug>: 1249150296440958: <private>
Aug 27 21:11:42.576653 watchdogd[57] <Info>: 1249150296838708: <private>
Aug 27 21:11:42.577855 watchdogd[57] <Debug>: 1249150297060958: <private>
Aug 27 21:11:42.578560 watchdogd[57] <Debug>: 1249150297429583: <private>
Aug 27 21:11:42.579282 watchdogd[57] <Info>: 1249150297436000: <private>
Aug 27 21:11:42.579956 watchdogd[57] <Debug>: 1249150297837416: <private>
Aug 27 21:11:42.581129 watchdogd[57] <Debug>: 1249150298088625: <private>
Aug 27 21:11:42.581785 watchdogd[57] <Debug>: 1249150298214125: <private>
Aug 27 21:11:42.582535 watchdogd[57] <Debug>: 1249150298387250: <private>
Aug 27 21:11:42.583171 watchdogd[57] <Debug>: 1249150298555291: <private>
Aug 27 21:11:42.583781 watchdogd[57] <Info>: 1249150298589291: <private>
Aug 27 21:11:42.584411 watchdogd[57] <Info>: 1249150298598958: <private>
Aug 27 21:11:42.584959 watchdogd[57] <Info>: 1249150298602500: <private>
Aug 27 21:11:42.585752 watchdogd[57] <Info>: 1249150298605208: <private>
Aug 27 21:11:42.586500 watchdogd[57] <Info>: 1249150298607666: <private>
Aug 27 21:11:42.587213 watchdogd[57] <Info>: 1249150298609916: <private>
Aug 27 21:11:42.588061 watchdogd[57] <Info>: 1249150298612208: <private>
Aug 27 21:11:42.589475 watchdogd[57] <Info>: 1249150298614333: <private>
Aug 27 21:11:44.071554 mediaserverd(CoreMotion)[36] <Debug>: Ping timer fired, resetting watchdog
Aug 27 21:11:44.105632 nearbyd(CoreMotion)[157] <Debug>: Ping timer fired, resetting watchdog
Aug 27 21:11:44.165984 locationd[69] <Debug>: Ping timer fired, resetting watchdog
Aug 27 21:11:46.052809 SpringBoard(CoreMotion)[47602] <Debug>: Ping timer fired, resetting watchdog
Aug 27 21:11:46.497128 backboardd(CoreMotion)[65] <Debug>: Ping timer fired, resetting watchdog
Aug 27 21:11:46.894492 biometrickitd(CoreMotion)[109] <Debug>: Ping timer fired, resetting watchdog
Aug 27 21:11:49.071345 mediaserverd(CoreMotion)[36] <Debug>: Ping timer fired, resetting watchdog
Aug 27 21:11:49.109406 nearbyd(CoreMotion)[157] <Debug>: Ping timer fired, resetting watchdog
Aug 27 21:11:49.163854 locationd[69] <Debug>: Ping timer fired, resetting watchdog
Aug 27 21:11:51.053415 SpringBoard(CoreMotion)[47602] <Debug>: Ping timer fired, resetting watchdog
Aug 27 21:11:51.498150 backboardd(CoreMotion)[65] <Debug>: Ping timer fired, resetting watchdog
Aug 27 21:11:51.894190 biometrickitd(CoreMotion)[109] <Debug>: Ping timer fired, resetting watchdog
Aug 27 21:11:52.558447 watchdogd[57] <Debug>: 1249160296941250: <private>
Aug 27 21:11:52.560928 watchdogd[57] <Info>: 1249160297273875: <private>
Aug 27 21:11:52.561817 watchdogd[57] <Debug>: 1249160297358708: <private>
Aug 27 21:11:52.562941 watchdogd[57] <Info>: 1249160297365458: <private>
Aug 27 21:11:52.563808 watchdogd[57] <Debug>: 1249160297432041: <private>
Aug 27 21:11:52.565433 watchdogd[57] <Debug>: 1249160297740958: <private>
Aug 27 21:11:52.566479 watchdogd[57] <Debug>: 1249160297975666: <private>
Aug 27 21:11:52.567572 watchdogd[57] <Debug>: 1249160298280583: <private>
Aug 27 21:11:52.568698 watchdogd[57] <Debug>: 1249160298561250: <private>
Aug 27 21:11:52.569668 watchdogd[57] <Debug>: 1249160298614875: <private>
Aug 27 21:11:52.570692 watchdogd[57] <Info>: 1249160298648458: <private>
Aug 27 21:11:52.571748 watchdogd[57] <Info>: 1249160298657750: <private>
Aug 27 21:11:52.572884 watchdogd[57] <Info>: 1249160298661375: <private>
Aug 27 21:11:52.573813 watchdogd[57] <Info>: 1249160298664083: <private>
Aug 27 21:11:52.574679 watchdogd[57] <Info>: 1249160298666458: <private>
Aug 27 21:11:52.575890 watchdogd[57] <Info>: 1249160298668708: <private>
Aug 27 21:11:52.576855 watchdogd[57] <Info>: 1249160298670916: <private>
Aug 27 21:11:52.577875 watchdogd[57] <Info>: 1249160298673041: <private>
Aug 27 21:11:54.070062 mediaserverd(CoreMotion)[36] <Debug>: Ping timer fired, resetting watchdog
Aug 27 21:11:54.099959 nearbyd(CoreMotion)[157] <Debug>: Ping timer fired, resetting watchdog
Aug 27 21:11:54.164440 locationd[69] <Debug>: Ping timer fired, resetting watchdog
Aug 27 21:11:56.052107 SpringBoard(CoreMotion)[47602] <Debug>: Ping timer fired, resetting watchdog
Aug 27 21:11:56.497711 backboardd(CoreMotion)[65] <Debug>: Ping timer fired, resetting watchdog
Aug 27 21:11:56.893863 biometrickitd(CoreMotion)[109] <Debug>: Ping timer fired, resetting watchdog
Aug 27 21:11:59.071846 mediaserverd(CoreMotion)[36] <Debug>: Ping timer fired, resetting watchdog
Aug 27 21:11:59.099869 nearbyd(CoreMotion)[157] <Debug>: Ping timer fired, resetting watchdog
Aug 27 21:11:59.162963 locationd[69] <Debug>: Ping timer fired, resetting watchdog
Aug 27 21:12:01.052623 SpringBoard(CoreMotion)[47602] <Debug>: Ping timer fired, resetting watchdog
Aug 27 21:12:01.496046 backboardd(CoreMotion)[65] <Debug>: Ping timer fired, resetting watchdog
Aug 27 21:12:01.892743 biometrickitd(CoreMotion)[109] <Debug>: Ping timer fired, resetting watchdog
Aug 27 21:12:02.560075 watchdogd[57] <Debug>: 1249170297453416: <private>
Aug 27 21:12:02.561987 watchdogd[57] <Info>: 1249170298034208: <private>
Aug 27 21:12:02.562993 watchdogd[57] <Debug>: 1249170298185333: <private>
Aug 27 21:12:02.563942 watchdogd[57] <Info>: 1249170298196750: <private>
Aug 27 21:12:02.565106 watchdogd[57] <Debug>: 1249170298320166: <private>
Aug 27 21:12:02.565992 watchdogd[57] <Debug>: 1249170298880916: <private>
Aug 27 21:12:02.567143 watchdogd[57] <Debug>: 1249170299584125: <private>
Aug 27 21:12:02.568542 watchdogd[57] <Debug>: 1249170299927875: <private>
Aug 27 21:12:02.569813 watchdogd[57] <Debug>: 1249170300424541: <private>
Aug 27 21:12:02.570809 watchdogd[57] <Debug>: 1249170300540000: <private>
Aug 27 21:12:02.571876 watchdogd[57] <Info>: 1249170300574833: <private>
Aug 27 21:12:02.572923 watchdogd[57] <Info>: 1249170300583958: <private>
Aug 27 21:12:02.574110 watchdogd[57] <Info>: 1249170300587375: <private>
Aug 27 21:12:02.575238 watchdogd[57] <Info>: 1249170300590125: <private>
Aug 27 21:12:02.576246 watchdogd[57] <Info>: 1249170300592416: <private>
Aug 27 21:12:02.577239 watchdogd[57] <Info>: 1249170300594666: <private>
Aug 27 21:12:02.578456 watchdogd[57] <Info>: 1249170300597000: <private>
Aug 27 21:12:02.579537 watchdogd[57] <Info>: 1249170300599125: <private>
Aug 27 21:12:02.580553 watchdogd[57] <Info>: 1249170301063875: <private>
Aug 27 21:12:04.070897 mediaserverd(CoreMotion)[36] <Debug>: Ping timer fired, resetting watchdog
Aug 27 21:12:04.099358 nearbyd(CoreMotion)[157] <Debug>: Ping timer fired, resetting watchdog
Aug 27 21:12:04.163707 locationd[69] <Debug>: Ping timer fired, resetting watchdog
Aug 27 21:12:06.050361 SpringBoard(CoreMotion)[47602] <Debug>: Ping timer fired, resetting watchdog
Aug 27 21:12:06.495950 backboardd(CoreMotion)[65] <Debug>: Ping timer fired, resetting watchdog
Aug 27 21:12:06.897588 biometrickitd(CoreMotion)[109] <Debug>: Ping timer fired, resetting watchdog
Aug 27 21:12:09.069475 mediaserverd(CoreMotion)[36] <Debug>: Ping timer fired, resetting watchdog
Aug 27 21:12:09.102139 nearbyd(CoreMotion)[157] <Debug>: Ping timer fired, resetting watchdog
Aug 27 21:12:09.162352 locationd[69] <Debug>: Ping timer fired, resetting watchdog
Aug 27 21:12:11.050268 SpringBoard(CoreMotion)[47602] <Debug>: Ping timer fired, resetting watchdog
Aug 27 21:12:11.498533 backboardd(CoreMotion)[65] <Debug>: Ping timer fired, resetting watchdog
Aug 27 21:12:11.894069 biometrickitd(CoreMotion)[109] <Debug>: Ping timer fired, resetting watchdog
Aug 27 21:12:12.564656 watchdogd[57] <Debug>: 1249180298179458: <private>
Aug 27 21:12:12.567171 watchdogd[57] <Info>: 1249180298804750: <private>
Aug 27 21:12:12.568156 watchdogd[57] <Debug>: 1249180299348125: <private>
Aug 27 21:12:12.569326 watchdogd[57] <Debug>: 1249180299483166: <private>
Aug 27 21:12:12.570258 watchdogd[57] <Info>: 1249180299493083: <private>
Aug 27 21:12:12.571451 watchdogd[57] <Debug>: 1249180300019583: <private>
Aug 27 21:12:12.572356 watchdogd[57] <Debug>: 1249180300603041: <private>
Aug 27 21:12:12.574010 watchdogd[57] <Debug>: 1249180300944166: <private>
Aug 27 21:12:12.575127 watchdogd[57] <Debug>: 1249180301304625: <private>
Aug 27 21:12:12.576153 watchdogd[57] <Debug>: 1249180301497375: <private>
Aug 27 21:12:12.577360 watchdogd[57] <Info>: 1249180301560958: <private>
Aug 27 21:12:12.578382 watchdogd[57] <Info>: 1249180301576916: <private>
Aug 27 21:12:12.579372 watchdogd[57] <Info>: 1249180301582458: <private>
Aug 27 21:12:12.580422 watchdogd[57] <Info>: 1249180301587750: <private>
Aug 27 21:12:12.581518 watchdogd[57] <Info>: 1249180301592166: <private>
Aug 27 21:12:12.582490 watchdogd[57] <Info>: 1249180301596291: <private>
Aug 27 21:12:12.583457 watchdogd[57] <Info>: 1249180301600625: <private>
Aug 27 21:12:12.584702 watchdogd[57] <Info>: 1249180301604541: <private>
Aug 27 21:12:14.069177 mediaserverd(CoreMotion)[36] <Debug>: Ping timer fired, resetting watchdog
Aug 27 21:12:14.101126 nearbyd(CoreMotion)[157] <Debug>: Ping timer fired, resetting watchdog
Aug 27 21:12:14.162217 locationd[69] <Debug>: Ping timer fired, resetting watchdog
Aug 27 21:12:16.051121 SpringBoard(CoreMotion)[47602] <Debug>: Ping timer fired, resetting watchdog
Aug 27 21:12:16.283385 runningboardd(RunningBoard)[33] <Info>: _requestedJetsamPriority = 6, _executablePath = /System/Library/PrivateFrameworks/MobileBackup.framework/backupd
Aug 27 21:12:16.286809 runningboardd(RunningBoard)[33] <Info>: _requestedJetsamPriority = 6, _executablePath = /System/Library/PrivateFrameworks/MobileBackup.framework/backupd
Aug 27 21:12:16.292273 runningboardd(RunningBoard)[33] <Debug>: Sending state update for daemon<com.apple.backupd>: <RBSProcessState| task:running debug:none terminationResistance:None>
Aug 27 21:12:16.495276 backboardd(CoreMotion)[65] <Debug>: Ping timer fired, resetting watchdog
Aug 27 21:12:16.892810 biometrickitd(CoreMotion)[109] <Debug>: Ping timer fired, resetting watchdog
Aug 27 21:12:19.076808 mediaserverd(CoreMotion)[36] <Debug>: Ping timer fired, resetting watchdog
Aug 27 21:12:19.100709 nearbyd(CoreMotion)[157] <Debug>: Ping timer fired, resetting watchdog
Aug 27 21:12:19.162770 locationd[69] <Debug>: Ping timer fired, resetting watchdog
Aug 27 21:12:21.050199 SpringBoard(CoreMotion)[47602] <Debug>: Ping timer fired, resetting watchdog
Aug 27 21:12:21.495054 backboardd(CoreMotion)[65] <Debug>: Ping timer fired, resetting watchdog
Aug 27 21:12:21.892904 biometrickitd(CoreMotion)[109] <Debug>: Ping timer fired, resetting watchdog
Aug 27 21:12:22.569188 watchdogd[57] <Debug>: 1249190299014208: <private>
Aug 27 21:12:22.570291 watchdogd[57] <Info>: 1249190299580625: <private>
Aug 27 21:12:22.571206 watchdogd[57] <Debug>: 1249190299736000: <private>
Aug 27 21:12:22.572166 watchdogd[57] <Info>: 1249190299748000: <private>
Aug 27 21:12:22.573283 watchdogd[57] <Debug>: 1249190299872958: <private>
Aug 27 21:12:22.574387 watchdogd[57] <Debug>: 1249190300459708: <private>
Aug 27 21:12:22.575442 watchdogd[57] <Debug>: 1249190300929500: <private>
Aug 27 21:12:22.576578 watchdogd[57] <Debug>: 1249190301442791: <private>
Aug 27 21:12:22.587825 watchdogd[57] <Debug>: 1249190302324041: <private>
Aug 27 21:12:22.588940 watchdogd[57] <Debug>: 1249190302471416: <private>
Aug 27 21:12:22.590001 watchdogd[57] <Info>: 1249190302530041: <private>
Aug 27 21:12:22.591061 watchdogd[57] <Info>: 1249190302545458: <private>
Aug 27 21:12:22.591998 watchdogd[57] <Info>: 1249190302551625: <private>
Aug 27 21:12:22.593141 watchdogd[57] <Info>: 1249190302556500: <private>
Aug 27 21:12:22.595559 watchdogd[57] <Info>: 1249190302561041: <private>
Aug 27 21:12:22.597695 watchdogd[57] <Info>: 1249190302565333: <private>
Aug 27 21:12:22.599012 watchdogd[57] <Info>: 1249190302570000: <private>
Aug 27 21:12:22.600375 watchdogd[57] <Info>: 1249190302574041: <private>
Aug 27 21:12:24.069604 mediaserverd(CoreMotion)[36] <Debug>: Ping timer fired, resetting watchdog
Aug 27 21:12:24.102939 nearbyd(CoreMotion)[157] <Debug>: Ping timer fired, resetting watchdog
Aug 27 21:12:24.161524 locationd[69] <Debug>: Ping timer fired, resetting watchdog
Aug 27 21:12:26.050688 SpringBoard(CoreMotion)[47602] <Debug>: Ping timer fired, resetting watchdog
Aug 27 21:12:26.508807 backboardd(CoreMotion)[65] <Debug>: Ping timer fired, resetting watchdog
Aug 27 21:12:26.891170 biometrickitd(CoreMotion)[109] <Debug>: Ping timer fired, resetting watchdog
Aug 27 21:12:29.069321 mediaserverd(CoreMotion)[36] <Debug>: Ping timer fired, resetting watchdog
Aug 27 21:12:29.099555 nearbyd(CoreMotion)[157] <Debug>: Ping timer fired, resetting watchdog
Aug 27 21:12:29.162446 locationd[69] <Debug>: Ping timer fired, resetting watchdog
Aug 27 21:12:31.050177 SpringBoard(CoreMotion)[47602] <Debug>: Ping timer fired, resetting watchdog
Aug 27 21:12:31.494495 backboardd(CoreMotion)[65] <Debug>: Ping timer fired, resetting watchdog
Aug 27 21:12:31.890867 biometrickitd(CoreMotion)[109] <Debug>: Ping timer fired, resetting watchdog
Aug 27 21:12:32.564363 watchdogd[57] <Debug>: 1249200299784250: <private>
Aug 27 21:12:32.566603 watchdogd[57] <Info>: 1249200300350458: <private>
Aug 27 21:12:32.567601 watchdogd[57] <Debug>: 1249200300502208: <private>
Aug 27 21:12:32.568614 watchdogd[57] <Debug>: 1249200300933166: <private>
Aug 27 21:12:32.569636 watchdogd[57] <Info>: 1249200300943958: <private>
Aug 27 21:12:32.570652 watchdogd[57] <Debug>: 1249200301650916: <private>
Aug 27 21:12:32.571744 watchdogd[57] <Debug>: 1249200302082708: <private>
Aug 27 21:12:32.572799 watchdogd[57] <Debug>: 1249200302296458: <private>
Aug 27 21:12:32.573880 watchdogd[57] <Debug>: 1249200302711875: <private>
Aug 27 21:12:32.575050 watchdogd[57] <Debug>: 1249200302950291: <private>
Aug 27 21:12:32.576258 watchdogd[57] <Info>: 1249200303009083: <private>
Aug 27 21:12:32.577299 watchdogd[57] <Info>: 1249200303024500: <private>
Aug 27 21:12:32.579490 watchdogd[57] <Info>: 1249200303030666: <private>
Aug 27 21:12:32.580488 watchdogd[57] <Info>: 1249200303035583: <private>
Aug 27 21:12:32.581867 watchdogd[57] <Info>: 1249200303039958: <private>
Aug 27 21:12:32.583255 watchdogd[57] <Info>: 1249200303044208: <private>
Aug 27 21:12:32.584214 watchdogd[57] <Info>: 1249200303048541: <private>
Aug 27 21:12:32.585376 watchdogd[57] <Info>: 1249200303053125: <private>
Aug 27 21:12:32.586546 watchdogd[57] <Info>: 1249200303728041: <private>
Aug 27 21:12:34.067726 mediaserverd(CoreMotion)[36] <Debug>: Ping timer fired, resetting watchdog
Aug 27 21:12:34.097522 nearbyd(CoreMotion)[157] <Debug>: Ping timer fired, resetting watchdog
Aug 27 21:12:34.160911 locationd[69] <Debug>: Ping timer fired, resetting watchdog
Aug 27 21:12:36.049857 SpringBoard(CoreMotion)[47602] <Debug>: Ping timer fired, resetting watchdog
Aug 27 21:12:36.495052 backboardd(CoreMotion)[65] <Debug>: Ping timer fired, resetting watchdog
Aug 27 21:12:36.891655 biometrickitd(CoreMotion)[109] <Debug>: Ping timer fired, resetting watchdog
Aug 27 21:12:39.069604 mediaserverd(CoreMotion)[36] <Debug>: Ping timer fired, resetting watchdog
Aug 27 21:12:39.097171 nearbyd(CoreMotion)[157] <Debug>: Ping timer fired, resetting watchdog
Aug 27 21:12:39.160546 locationd[69] <Debug>: Ping timer fired, resetting watchdog
Aug 27 21:12:41.072647 SpringBoard(CoreMotion)[47602] <Debug>: Ping timer fired, resetting watchdog
Aug 27 21:12:41.501370 backboardd(CoreMotion)[65] <Debug>: Ping timer fired, resetting watchdog
Aug 27 21:12:41.891461 biometrickitd(CoreMotion)[109] <Debug>: Ping timer fired, resetting watchdog
Aug 27 21:12:42.572830 watchdogd[57] <Debug>: 1249210300566000: <private>
Aug 27 21:12:42.573981 watchdogd[57] <Info>: 1249210301000750: <private>
Aug 27 21:12:42.575237 watchdogd[57] <Debug>: 1249210301378791: <private>
Aug 27 21:12:42.575943 watchdogd[57] <Debug>: 1249210301716958: <private>
Aug 27 21:12:42.576662 watchdogd[57] <Info>: 1249210301723125: <private>
Aug 27 21:12:42.577442 watchdogd[57] <Debug>: 1249210302580458: <private>
Aug 27 21:12:42.578182 watchdogd[57] <Debug>: 1249210302766333: <private>
Aug 27 21:12:42.578934 watchdogd[57] <Debug>: 1249210303057416: <private>
Aug 27 21:12:42.579666 watchdogd[57] <Debug>: 1249210303177791: <private>
Aug 27 21:12:42.580295 watchdogd[57] <Debug>: 1249210303445208: <private>
Aug 27 21:12:42.580971 watchdogd[57] <Info>: 1249210303481416: <private>
Aug 27 21:12:42.581709 watchdogd[57] <Info>: 1249210303490875: <private>
Aug 27 21:12:42.582438 watchdogd[57] <Info>: 1249210303494250: <private>
Aug 27 21:12:42.583179 watchdogd[57] <Info>: 1249210303497500: <private>
Aug 27 21:12:42.583874 watchdogd[57] <Info>: 1249210303500375: <private>
Aug 27 21:12:42.584570 watchdogd[57] <Info>: 1249210303503250: <private>
Aug 27 21:12:42.585354 watchdogd[57] <Info>: 1249210303505791: <private>
Aug 27 21:12:42.586056 watchdogd[57] <Info>: 1249210303508041: <private>
Aug 27 21:12:44.072948 mediaserverd(CoreMotion)[36] <Debug>: Ping timer fired, resetting watchdog
Aug 27 21:12:44.098865 nearbyd(CoreMotion)[157] <Debug>: Ping timer fired, resetting watchdog
Aug 27 21:12:44.160315 locationd[69] <Debug>: Ping timer fired, resetting watchdog
Aug 27 21:12:46.048101 SpringBoard(CoreMotion)[47602] <Debug>: Ping timer fired, resetting watchdog
Aug 27 21:12:46.319024 runningboardd(RunningBoard)[33] <Notice>: [daemon<com.apple.backupd>:50510] termination reported by launchd (0, 0, 0)
Aug 27 21:12:46.325353 runningboardd(RunningBoard)[33] <Notice>: Removing assertions for terminated process: [daemon<com.apple.backupd>:50510]
Aug 27 21:12:46.329391 runningboardd(RunningBoard)[33] <Debug>: Sending state update for daemon<com.apple.backupd>: <RBSProcessState| task:none debug:none terminationResistance:None>
Aug 27 21:12:46.495781 backboardd(CoreMotion)[65] <Debug>: Ping timer fired, resetting watchdog
Aug 27 21:12:46.891156 biometrickitd(CoreMotion)[109] <Debug>: Ping timer fired, resetting watchdog
Aug 27 21:12:49.067743 mediaserverd(CoreMotion)[36] <Debug>: Ping timer fired, resetting watchdog
Aug 27 21:12:49.100364 nearbyd(CoreMotion)[157] <Debug>: Ping timer fired, resetting watchdog
Aug 27 21:12:49.176442 locationd[69] <Debug>: Ping timer fired, resetting watchdog
Aug 27 21:12:51.049145 SpringBoard(CoreMotion)[47602] <Debug>: Ping timer fired, resetting watchdog
Aug 27 21:12:51.499586 backboardd(CoreMotion)[65] <Debug>: Ping timer fired, resetting watchdog
Aug 27 21:12:51.906214 biometrickitd(CoreMotion)[109] <Debug>: Ping timer fired, resetting watchdog
Aug 27 21:12:52.562778 watchdogd[57] <Debug>: 1249220301150833: <private>
Aug 27 21:12:52.565433 watchdogd[57] <Info>: 1249220301720416: <private>
Aug 27 21:12:52.566534 watchdogd[57] <Debug>: 1249220301873541: <private>
Aug 27 21:12:52.567570 watchdogd[57] <Info>: 1249220301885375: <private>
Aug 27 21:12:52.568688 watchdogd[57] <Debug>: 1249220302115708: <private>
Aug 27 21:12:52.569527 watchdogd[57] <Debug>: 1249220302566791: <private>
Aug 27 21:12:52.570624 watchdogd[57] <Debug>: 1249220303295750: <private>
Aug 27 21:12:52.572228 watchdogd[57] <Debug>: 1249220303489666: <private>
Aug 27 21:12:52.573227 watchdogd[57] <Debug>: 1249220303997208: <private>
Aug 27 21:12:52.574219 watchdogd[57] <Debug>: 1249220304116041: <private>
Aug 27 21:12:52.575316 watchdogd[57] <Info>: 1249220304179750: <private>
Aug 27 21:12:52.576265 watchdogd[57] <Info>: 1249220304195875: <private>
Aug 27 21:12:52.577428 watchdogd[57] <Info>: 1249220304202166: <private>
Aug 27 21:12:52.578401 watchdogd[57] <Info>: 1249220304207166: <private>
Aug 27 21:12:52.579519 watchdogd[57] <Info>: 1249220304211833: <private>
Aug 27 21:12:52.580560 watchdogd[57] <Info>: 1249220304216291: <private>
Aug 27 21:12:52.581676 watchdogd[57] <Info>: 1249220304221125: <private>
Aug 27 21:12:52.582774 watchdogd[57] <Info>: 1249220304225083: <private>
Aug 27 21:12:54.067547 mediaserverd(CoreMotion)[36] <Debug>: Ping timer fired, resetting watchdog
Aug 27 21:12:54.099633 nearbyd(CoreMotion)[157] <Debug>: Ping timer fired, resetting watchdog
Aug 27 21:12:54.164764 locationd[69] <Debug>: Ping timer fired, resetting watchdog
Aug 27 21:12:56.048609 SpringBoard(CoreMotion)[47602] <Debug>: Ping timer fired, resetting watchdog
Aug 27 21:12:56.493097 backboardd(CoreMotion)[65] <Debug>: Ping timer fired, resetting watchdog
Aug 27 21:12:56.890351 biometrickitd(CoreMotion)[109] <Debug>: Ping timer fired, resetting watchdog
Aug 27 21:12:59.064918 mediaserverd(CoreMotion)[36] <Debug>: Ping timer fired, resetting watchdog
Aug 27 21:12:59.098331 nearbyd(CoreMotion)[157] <Debug>: Ping timer fired, resetting watchdog
Aug 27 21:12:59.165735 locationd[69] <Debug>: Ping timer fired, resetting watchdog
Aug 27 21:13:01.048579 SpringBoard(CoreMotion)[47602] <Debug>: Ping timer fired, resetting watchdog
Aug 27 21:13:01.518438 backboardd(CoreMotion)[65] <Debug>: Ping timer fired, resetting watchdog
Aug 27 21:13:01.890876 biometrickitd(CoreMotion)[109] <Debug>: Ping timer fired, resetting watchdog
Aug 27 21:13:02.568942 watchdogd[57] <Debug>: 1249230301885041: <private>
Aug 27 21:13:02.570928 watchdogd[57] <Info>: 1249230302433666: <private>
Aug 27 21:13:02.571943 watchdogd[57] <Debug>: 1249230303124458: <private>
Aug 27 21:13:02.573012 watchdogd[57] <Debug>: 1249230303644625: <private>
Aug 27 21:13:02.574203 watchdogd[57] <Debug>: 1249230304618416: <private>
Aug 27 21:13:02.575644 watchdogd[57] <Debug>: 1249230304957208: <private>
Aug 27 21:13:02.576825 watchdogd[57] <Debug>: 1249230305405416: <private>
Aug 27 21:13:02.577907 watchdogd[57] <Debug>: 1249230305566458: <private>
Aug 27 21:13:02.578952 watchdogd[57] <Debug>: 1249230305890916: <private>
Aug 27 21:13:02.583457 watchdogd[57] <Info>: 1249230305901166: <private>
Aug 27 21:13:02.584623 watchdogd[57] <Info>: 1249230305958166: <private>
Aug 27 21:13:02.585708 watchdogd[57] <Info>: 1249230305972250: <private>
Aug 27 21:13:02.586700 watchdogd[57] <Info>: 1249230305978208: <private>
Aug 27 21:13:02.587752 watchdogd[57] <Info>: 1249230305983500: <private>
Aug 27 21:13:02.588704 watchdogd[57] <Info>: 1249230305988041: <private>
Aug 27 21:13:02.589782 watchdogd[57] <Info>: 1249230305992250: <private>
Aug 27 21:13:02.590931 watchdogd[57] <Info>: 1249230305996666: <private>
Aug 27 21:13:02.591979 watchdogd[57] <Info>: 1249230306000791: <private>
Aug 27 21:13:02.593062 watchdogd[57] <Info>: 1249230306641625: <private>
Aug 27 21:13:04.099339 mediaserverd(CoreMotion)[36] <Debug>: Ping timer fired, resetting watchdog
Aug 27 21:13:04.133945 nearbyd(CoreMotion)[157] <Debug>: Ping timer fired, resetting watchdog
Aug 27 21:13:04.159591 locationd[69] <Debug>: Ping timer fired, resetting watchdog
Aug 27 21:13:06.048083 SpringBoard(CoreMotion)[47602] <Debug>: Ping timer fired, resetting watchdog
Aug 27 21:13:06.503358 backboardd(CoreMotion)[65] <Debug>: Ping timer fired, resetting watchdog
Aug 27 21:13:06.889809 biometrickitd(CoreMotion)[109] <Debug>: Ping timer fired, resetting watchdog
Aug 27 21:13:09.066759 mediaserverd(CoreMotion)[36] <Debug>: Ping timer fired, resetting watchdog
Aug 27 21:13:09.110891 nearbyd(CoreMotion)[157] <Debug>: Ping timer fired, resetting watchdog
Aug 27 21:13:09.162406 locationd[69] <Debug>: Ping timer fired, resetting watchdog
Aug 27 21:13:11.082202 SpringBoard(CoreMotion)[47602] <Debug>: Ping timer fired, resetting watchdog
Aug 27 21:13:11.498865 backboardd(CoreMotion)[65] <Debug>: Ping timer fired, resetting watchdog
Aug 27 21:13:11.796137 locationd[69] <Debug>: Fence: cancelLocationWatchdog, num fences, 1, location type, <private>
Aug 27 21:13:11.796451 locationd[69] <Debug>: Fence: cancelLocationWatchdog
Aug 27 21:13:11.957272 biometrickitd(CoreMotion)[109] <Debug>: Ping timer fired, resetting watchdog
Aug 27 21:13:12.557827 watchdogd[57] <Debug>: 1249240302506208: <private>
Aug 27 21:13:12.558301 watchdogd[57] <Info>: 1249240302644791: <private>
Aug 27 21:13:12.559097 watchdogd[57] <Debug>: 1249240302788916: <private>
Aug 27 21:13:12.559759 watchdogd[57] <Debug>: 1249240302873250: <private>
Aug 27 21:13:12.560226 watchdogd[57] <Info>: 1249240302876125: <private>
Aug 27 21:13:12.560796 watchdogd[57] <Debug>: 1249240303034583: <private>
Aug 27 21:13:12.561442 watchdogd[57] <Debug>: 1249240303237583: <private>
Aug 27 21:13:12.561992 watchdogd[57] <Debug>: 1249240303380333: <private>
Aug 27 21:13:12.562505 watchdogd[57] <Debug>: 1249240303441625: <private>
Aug 27 21:13:12.562918 watchdogd[57] <Debug>: 1249240303630500: <private>
Aug 27 21:13:12.563615 watchdogd[57] <Info>: 1249240303650208: <private>
Aug 27 21:13:12.564122 watchdogd[57] <Info>: 1249240303655708: <private>
Aug 27 21:13:12.564713 watchdogd[57] <Info>: 1249240303657791: <private>
Aug 27 21:13:12.565175 watchdogd[57] <Info>: 1249240303659333: <private>
Aug 27 21:13:12.565728 watchdogd[57] <Info>: 1249240303660750: <private>
Aug 27 21:13:12.566247 watchdogd[57] <Info>: 1249240303662083: <private>
Aug 27 21:13:12.566698 watchdogd[57] <Info>: 1249240303663375: <private>
Aug 27 21:13:12.567262 watchdogd[57] <Info>: 1249240303664625: <private>
Aug 27 21:13:14.064914 mediaserverd(CoreMotion)[36] <Debug>: Ping timer fired, resetting watchdog
Aug 27 21:13:14.098393 nearbyd(CoreMotion)[157] <Debug>: Ping timer fired, resetting watchdog
Aug 27 21:13:14.162178 locationd[69] <Debug>: Ping timer fired, resetting watchdog
Aug 27 21:13:16.046060 SpringBoard(CoreMotion)[47602] <Debug>: Ping timer fired, resetting watchdog
Aug 27 21:13:16.520628 backboardd(CoreMotion)[65] <Debug>: Ping timer fired, resetting watchdog
Aug 27 21:13:16.909889 biometrickitd(CoreMotion)[109] <Debug>: Ping timer fired, resetting watchdog
Aug 27 21:13:19.066697 mediaserverd(CoreMotion)[36] <Debug>: Ping timer fired, resetting watchdog
Aug 27 21:13:19.094754 nearbyd(CoreMotion)[157] <Debug>: Ping timer fired, resetting watchdog
Aug 27 21:13:19.159645 locationd[69] <Debug>: Ping timer fired, resetting watchdog
Aug 27 21:13:21.047814 SpringBoard(CoreMotion)[47602] <Debug>: Ping timer fired, resetting watchdog
Aug 27 21:13:21.493337 backboardd(CoreMotion)[65] <Debug>: Ping timer fired, resetting watchdog
Aug 27 21:13:21.896123 biometrickitd(CoreMotion)[109] <Debug>: Ping timer fired, resetting watchdog
Aug 27 21:13:22.381922 runningboardd(RunningBoard)[33] <Info>: _requestedJetsamPriority = 6, _executablePath = /System/Library/PrivateFrameworks/MobileBackup.framework/backupd
Aug 27 21:13:22.388858 runningboardd(RunningBoard)[33] <Info>: _requestedJetsamPriority = 6, _executablePath = /System/Library/PrivateFrameworks/MobileBackup.framework/backupd
Aug 27 21:13:22.390495 runningboardd(RunningBoard)[33] <Debug>: Sending state update for daemon<com.apple.backupd>: <RBSProcessState| task:running debug:none terminationResistance:None>
Aug 27 21:13:22.558102 watchdogd[57] <Debug>: 1249250302719125: <private>
Aug 27 21:13:22.559557 watchdogd[57] <Info>: 1249250302942916: <private>
Aug 27 21:13:22.560283 watchdogd[57] <Debug>: 1249250303111583: <private>
Aug 27 21:13:22.561070 watchdogd[57] <Debug>: 1249250303185666: <private>
Aug 27 21:13:22.561686 watchdogd[57] <Info>: 1249250303189541: <private>
Aug 27 21:13:22.562418 watchdogd[57] <Debug>: 1249250303332833: <private>
Aug 27 21:13:22.563339 watchdogd[57] <Debug>: 1249250303431041: <private>
Aug 27 21:13:22.564196 watchdogd[57] <Debug>: 1249250303793000: <private>
Aug 27 21:13:22.564940 watchdogd[57] <Debug>: 1249250303895166: <private>
Aug 27 21:13:22.565647 watchdogd[57] <Debug>: 1249250304015750: <private>
Aug 27 21:13:22.566452 watchdogd[57] <Info>: 1249250304037666: <private>
Aug 27 21:13:22.567130 watchdogd[57] <Info>: 1249250304044333: <private>
Aug 27 21:13:22.567781 watchdogd[57] <Info>: 1249250304046833: <private>
Aug 27 21:13:22.568587 watchdogd[57] <Info>: 1249250304048666: <private>
Aug 27 21:13:22.569181 watchdogd[57] <Info>: 1249250304050291: <private>
Aug 27 21:13:22.569857 watchdogd[57] <Info>: 1249250304051750: <private>
Aug 27 21:13:22.570571 watchdogd[57] <Info>: 1249250304053291: <private>
Aug 27 21:13:22.571273 watchdogd[57] <Info>: 1249250304054708: <private>
Aug 27 21:13:24.068098 mediaserverd(CoreMotion)[36] <Debug>: Ping timer fired, resetting watchdog
Aug 27 21:13:24.094959 nearbyd(CoreMotion)[157] <Debug>: Ping timer fired, resetting watchdog
Aug 27 21:13:24.159572 locationd[69] <Debug>: Ping timer fired, resetting watchdog
Aug 27 21:13:26.049465 SpringBoard(CoreMotion)[47602] <Debug>: Ping timer fired, resetting watchdog
Aug 27 21:13:26.493226 backboardd(CoreMotion)[65] <Debug>: Ping timer fired, resetting watchdog
Aug 27 21:13:26.890378 biometrickitd(CoreMotion)[109] <Debug>: Ping timer fired, resetting watchdog
Aug 27 21:13:27.664681 routined(libcoreroutine.dylib)[38] <Debug>: pipeline, com.apple.routined.visit.pipeline.realtime-low-confidence, iteration, 3375, is terminated by <private>
Aug 27 21:13:27.691213 routined(libcoreroutine.dylib)[38] <Debug>: pipeline, com.apple.routined.visit.pipeline.realtime-high-confidence, iteration, 3375, is terminated by <private>
Aug 27 21:13:29.065214 mediaserverd(CoreMotion)[36] <Debug>: Ping timer fired, resetting watchdog
Aug 27 21:13:29.098327 nearbyd(CoreMotion)[157] <Debug>: Ping timer fired, resetting watchdog
Aug 27 21:13:29.159353 locationd[69] <Debug>: Ping timer fired, resetting watchdog
Aug 27 21:13:31.048640 SpringBoard(CoreMotion)[47602] <Debug>: Ping timer fired, resetting watchdog
Aug 27 21:13:31.492832 backboardd(CoreMotion)[65] <Debug>: Ping timer fired, resetting watchdog
Aug 27 21:13:31.889827 biometrickitd(CoreMotion)[109] <Debug>: Ping timer fired, resetting watchdog
Aug 27 21:13:32.567260 watchdogd[57] <Debug>: 1249260303060625: <private>
Aug 27 21:13:32.568001 watchdogd[57] <Info>: 1249260303418250: <private>
Aug 27 21:13:32.569746 watchdogd[57] <Debug>: 1249260303504625: <private>
Aug 27 21:13:32.570858 watchdogd[57] <Info>: 1249260303511125: <private>
Aug 27 21:13:32.571828 watchdogd[57] <Debug>: 1249260303627291: <private>
Aug 27 21:13:32.572963 watchdogd[57] <Debug>: 1249260303943375: <private>
Aug 27 21:13:32.573599 watchdogd[57] <Debug>: 1249260304077750: <private>
Aug 27 21:13:32.574322 watchdogd[57] <Debug>: 1249260304574125: <private>
Aug 27 21:13:32.575105 watchdogd[57] <Debug>: 1249260304795083: <private>
Aug 27 21:13:32.575932 watchdogd[57] <Debug>: 1249260304884916: <private>
Aug 27 21:13:32.576529 watchdogd[57] <Info>: 1249260304919375: <private>
Aug 27 21:13:32.577159 watchdogd[57] <Info>: 1249260304929208: <private>
Aug 27 21:13:32.577606 watchdogd[57] <Info>: 1249260304932666: <private>
Aug 27 21:13:32.577954 watchdogd[57] <Info>: 1249260304935375: <private>
Aug 27 21:13:32.578666 watchdogd[57] <Info>: 1249260304937916: <private>
Aug 27 21:13:32.579303 watchdogd[57] <Info>: 1249260304940250: <private>
Aug 27 21:13:32.580042 watchdogd[57] <Info>: 1249260304942500: <private>
Aug 27 21:13:32.580701 watchdogd[57] <Info>: 1249260304944625: <private>
Aug 27 21:13:34.066221 mediaserverd(CoreMotion)[36] <Debug>: Ping timer fired, resetting watchdog
Aug 27 21:13:34.095377 nearbyd(CoreMotion)[157] <Debug>: Ping timer fired, resetting watchdog
Aug 27 21:13:34.158424 locationd[69] <Debug>: Ping timer fired, resetting watchdog
Aug 27 21:13:34.391372 CommCenter(libSystemDetermination.dylib)[90] <Notice>: #I <private> = 0
Aug 27 21:13:36.047449 SpringBoard(CoreMotion)[47602] <Debug>: Ping timer fired, resetting watchdog
Aug 27 21:13:36.492440 backboardd(CoreMotion)[65] <Debug>: Ping timer fired, resetting watchdog
Aug 27 21:13:36.889152 biometrickitd(CoreMotion)[109] <Debug>: Ping timer fired, resetting watchdog
Aug 27 21:13:39.064883 mediaserverd(CoreMotion)[36] <Debug>: Ping timer fired, resetting watchdog
Aug 27 21:13:39.098240 nearbyd(CoreMotion)[157] <Debug>: Ping timer fired, resetting watchdog
Aug 27 21:13:39.159252 locationd[69] <Debug>: Ping timer fired, resetting watchdog
Aug 27 21:13:41.045220 SpringBoard(CoreMotion)[47602] <Debug>: Ping timer fired, resetting watchdog
Aug 27 21:13:41.491216 backboardd(CoreMotion)[65] <Debug>: Ping timer fired, resetting watchdog
Aug 27 21:13:41.887753 biometrickitd(CoreMotion)[109] <Debug>: Ping timer fired, resetting watchdog
Aug 27 21:13:42.557923 watchdogd[57] <Debug>: 1249270303490375: <private>
Aug 27 21:13:42.558975 watchdogd[57] <Info>: 1249270303678666: <private>
Aug 27 21:13:42.559516 watchdogd[57] <Debug>: 1249270303770375: <private>
Aug 27 21:13:42.559988 watchdogd[57] <Debug>: 1249270303896666: <private>
Aug 27 21:13:42.560568 watchdogd[57] <Info>: 1249270303899916: <private>
Aug 27 21:13:42.561090 watchdogd[57] <Debug>: 1249270304019458: <private>
Aug 27 21:13:42.561628 watchdogd[57] <Debug>: 1249270304255250: <private>
Aug 27 21:13:42.562155 watchdogd[57] <Debug>: 1249270304403208: <private>
Aug 27 21:13:42.562739 watchdogd[57] <Debug>: 1249270304482791: <private>
Aug 27 21:13:42.563209 watchdogd[57] <Debug>: 1249270304493583: <private>
Aug 27 21:13:42.563814 watchdogd[57] <Info>: 1249270304510041: <private>
Aug 27 21:13:42.564341 watchdogd[57] <Info>: 1249270304515166: <private>
Aug 27 21:13:42.564861 watchdogd[57] <Info>: 1249270304517208: <private>
Aug 27 21:13:42.565374 watchdogd[57] <Info>: 1249270304518791: <private>
Aug 27 21:13:42.565790 watchdogd[57] <Info>: 1249270304520125: <private>
Aug 27 21:13:42.566311 watchdogd[57] <Info>: 1249270304521416: <private>
Aug 27 21:13:42.566824 watchdogd[57] <Info>: 1249270304522791: <private>
Aug 27 21:13:42.567368 watchdogd[57] <Info>: 1249270304524000: <private>
Aug 27 21:13:42.567888 watchdogd[57] <Info>: 1249270304765333: <private>
Aug 27 21:13:44.068466 mediaserverd(CoreMotion)[36] <Debug>: Ping timer fired, resetting watchdog
Aug 27 21:13:44.098203 nearbyd(CoreMotion)[157] <Debug>: Ping timer fired, resetting watchdog
Aug 27 21:13:44.158821 locationd[69] <Debug>: Ping timer fired, resetting watchdog
Aug 27 21:13:46.046778 SpringBoard(CoreMotion)[47602] <Debug>: Ping timer fired, resetting watchdog
Aug 27 21:13:46.492401 backboardd(CoreMotion)[65] <Debug>: Ping timer fired, resetting watchdog
Aug 27 21:13:46.888376 biometrickitd(CoreMotion)[109] <Debug>: Ping timer fired, resetting watchdog
    <UITouch: 0x10a1ee710> phase: Began tap count: 1 force: 0.000 window: <SBHomeScreenWindow: 0x1051b4220; HomeScreen-0x1051b4220-4; baseClass = UIWindow; frame = (0 0; 375 667); clipsToBounds = YES; opaque = NO; gestureRecognizers = <NSArray: 0x281278180>; layer = <UIWindowLayer: 0x281273180>> view: <SBIconView: 0x104917000; frame: {{114, 382}, {60, 74}}; icon: <SBApplicationIcon: 0x28337b880; nodeID: dev.selfhost.firstActivationProbe; bundleID: dev.selfhost.firstActivationProbe>; location: SBIconLocationRoot; isTouchDownInIcon: YES> location in window: {156, 420} previous location in window: {156, 420} location in view: {42, 38} previous location in view: {42, 38}
Aug 27 21:13:48.712574 SpringBoard(SplashBoard)[47602] <Info>: Loading image for <XBApplicationSnapshot: 0x109d3cb20; …A909693DA7E7> [dev.selfhost.firstActivationProbe]
Aug 27 21:13:48.717305 SpringBoard(SplashBoard)[47602] <Info>: <XBApplicationSnapshot: 0x109d3cb20; …A909693DA7E7> [dev.selfhost.firstActivationProbe] not purging the cached image; force: 0; _imageAccessCount: 0; _keepImageAccessUntilExpiration: 0; _hasProtectedContent: 0; _keepImageAccessForPreheat: 1
Aug 27 21:13:48.867418 SpringBoard(Security)[47602] <Debug>: open(/private/var/containers/Bundle/Application/1EC21BA9-82AA-4B85-B2FC-10B206BC5C35/Runner.app/Runner,0x0,0x1b6) = 35
Aug 27 21:13:48.871265 SpringBoard(Security)[47602] <Debug>: open(/private/var/containers/Bundle/Application/1EC21BA9-82AA-4B85-B2FC-10B206BC5C35/Runner.app/Runner,0x0,0x1b6) = 36
Aug 27 21:13:48.884683 SpringBoard(Security)[47602] <Debug>: 6151 signing bytes in 5 blob(s) from /private/var/containers/Bundle/Application/1EC21BA9-82AA-4B85-B2FC-10B206BC5C35/Runner.app/Runner(arm64)
Aug 27 21:13:48.957902 SpringBoard(Security)[47602] <Debug>: open(/private/var/containers/Bundle/Application/1EC21BA9-82AA-4B85-B2FC-10B206BC5C35/Runner.app/Info.plist,0x0,0x1b6) = 35
Aug 27 21:13:48.959793 SpringBoard(Security)[47602] <Debug>: 0x114928638 done serializing <?xml version="1.0" encoding="UTF-8"?><!DOCTYPE plist PUBLIC "-//Apple//DTD PLIST 1.0//EN" "https://www.apple.com/DTDs/PropertyList-1.0.dtd"><plist version="1.0"><dict><key>application-identifier</key><string>SK85S6YZP9.dev.selfhost.firstActivationProbe</string><key>com.apple.developer.team-identifier</key><string>SK85S6YZP9</string><key>get-task-allow</key><true/></dict></plist>
        <SBLayoutElement: 0x28084a440; uniqueIdentifier: sceneID:dev.selfhost.firstActivationProbe-default; layoutRole: primary> {
            SBLayoutRolePrimary = <SBDeviceApplicationSceneEntity: 0x283e96850; ID: sceneID:dev.selfhost.firstActivationProbe-default; layoutRole: primary> {
                        fromIconWithLeafIdentifier = dev.selfhost.firstActivationProbe;
Aug 27 21:13:48.965812 SpringBoard(FrontBoard)[47602] <Notice>: Asked to bootstrap a new process with identity: application<dev.selfhost.firstActivationProbe>
Aug 27 21:13:48.966071 SpringBoard(FrontBoard)[47602] <Notice>: Creating process (sync=true) with identity: application<dev.selfhost.firstActivationProbe>
Aug 27 21:13:48.966443 SpringBoard(FrontBoard)[47602] <Notice>: Created <FBWorkspace: 0x282a6bbd0; application<dev.selfhost.firstActivationProbe>>
Aug 27 21:13:48.966551 SpringBoard(FrontBoard)[47602] <Notice>: Bootstrapping application<dev.selfhost.firstActivationProbe> with intent foreground-interactive
Aug 27 21:13:48.970727 SpringBoard(RunningBoardServices)[47602] <Info>: Sending launch request: <RBSLaunchRequest| application<dev.selfhost.firstActivationProbe>; "FBApplicationProcess">
Aug 27 21:13:48.973285 runningboardd(RunningBoard)[33] <Notice>: Acquiring assertion targeting application<dev.selfhost.firstActivationProbe> from originator [daemon<com.apple.SpringBoard>:47602] with description <RBSAssertionDescriptor| "FBApplicationProcess" ID:33-47602-7480 target:application<dev.selfhost.firstActivationProbe> attributes:[
	<RBSDomainAttribute| domain:"com.apple.frontboard" name:"Bootstrap-Foreground" sourceEnvironment:"(null)">,
Aug 27 21:13:48.973417 runningboardd(RunningBoard)[33] <Notice>: Assertion 33-47602-7480 (target:application<dev.selfhost.firstActivationProbe>) will be created as active
Aug 27 21:13:48.973733 runningboardd(RunningBoard)[33] <Notice>: Executing launch request for application<dev.selfhost.firstActivationProbe> (FBApplicationProcess)
Aug 27 21:13:48.975099 runningboardd(RunningBoard)[33] <Notice>: Creating and launching job for: application<dev.selfhost.firstActivationProbe>
Aug 27 21:13:48.975344 runningboardd(RunningBoard)[33] <Notice>: _mutateContextIfNeeded called for dev.selfhost.firstActivationProbe
        <SBLayoutElement: 0x28084a440; uniqueIdentifier: sceneID:dev.selfhost.firstActivationProbe-default; layoutRole: primary> {
Aug 27 21:13:49.020988 SpringBoard(SplashBoard)[47602] <Info>: Loading image for <XBApplicationSnapshot: 0x109ddf7d0; …2F3B89D0D3F1> [dev.selfhost.firstActivationProbe]
Aug 27 21:13:49.021219 SpringBoard(SplashBoard)[47602] <Info>: <XBApplicationSnapshot: 0x109ddf7d0; …2F3B89D0D3F1> [dev.selfhost.firstActivationProbe] not purging the cached image; force: 0; _imageAccessCount: 2; _keepImageAccessUntilExpiration: 0; _hasProtectedContent: 0; _keepImageAccessForPreheat: 0
Aug 27 21:13:49.023385 SpringBoard[47602] <Info>: attempted to activate overlay for dev.selfhost.firstActivationProbe, exiting early because app is not blocked
Aug 27 21:13:49.030890 runningboardd(RunningBoard)[33] <Info>: No personas found for bundle identifier: dev.selfhost.firstActivationProbe
Aug 27 21:13:49.031451 runningboardd(RunningBoard)[33] <Debug>: BEGIN suppressing state updates for application<dev.selfhost.firstActivationProbe>
Aug 27 21:13:49.031700 runningboardd(RunningBoard)[33] <Debug>: Incrementing suppression state to 1 for application<dev.selfhost.firstActivationProbe>
Aug 27 21:13:49.033850 runningboardd(RunningBoard)[33] <Info>: _requestedJetsamPriority = 3, _executablePath = /var/containers/Bundle/Application/1EC21BA9-82AA-4B85-B2FC-10B206BC5C35/Runner.app/Runner
Aug 27 21:13:49.034250 runningboardd(RunningBoard)[33] <Info>: _doesOverrideManagement = 1, _overrideManageFlags = 255, _underlyingAssertion = (null), _variableEUID = 0, _specifiedIdenity = application<dev.selfhost.firstActivationProbe> _beforeTranslocationBundlePath = (null), _disableFreezing = 0
Aug 27 21:13:49.034602 runningboardd(RunningBoard)[33] <Notice>: [application<dev.selfhost.firstActivationProbe>:50521] This process will be managed.
Aug 27 21:13:49.037613 cfprefsd(CoreFoundation)[91] <Debug>: Process 50521 (Runner) sent a request related to { com.apple.UIKit, user: mobile, kCFPreferencesCurrentHost, /Library/Managed Preferences/mobile/com.apple.UIKit.plist, managed: 1 } (0x100362850)
Aug 27 21:13:49.037928 cfprefsd(CoreFoundation)[91] <Debug>: Process 50521 (Runner) sent a request related to { com.apple.UIKit, user: kCFPreferencesAnyUser, kCFPreferencesCurrentHost, /Library/Managed Preferences/com.apple.UIKit.plist, managed: 1 } (0x100362850)
Aug 27 21:13:49.038242 cfprefsd(CoreFoundation)[91] <Debug>: Process 50521 (Runner) sent a request related to { com.apple.UIKit, user: mobile, kCFPreferencesAnyHost, /var/mobile/Library/Preferences/com.apple.UIKit.plist, managed: 0 } (0x100317d00)
Aug 27 21:13:49.038468 cfprefsd(CoreFoundation)[91] <Debug>: Process 50521 (Runner) read data for { com.apple.UIKit, mobile, kCFPreferencesAnyHost, /var/mobile/Library/Preferences/com.apple.UIKit.plist, managed: 0 }, backed by /private/var/mobile/Library/Preferences/com.apple.UIKit.plist
Aug 27 21:13:49.039288 runningboardd(RunningBoard)[33] <Notice>: Now tracking process: [application<dev.selfhost.firstActivationProbe>:50521]
Aug 27 21:13:49.039458 runningboardd(RunningBoard)[33] <Notice>: Using default underlying assertion for app: [application<dev.selfhost.firstActivationProbe>:50521]
Aug 27 21:13:49.039567 runningboardd(RunningBoard)[33] <Notice>: Acquiring assertion targeting [application<dev.selfhost.firstActivationProbe>:50521] from originator [application<dev.selfhost.firstActivationProbe>:50521] with description <RBSAssertionDescriptor| "RB Underlying Assertion" ID:33-33-7481 target:50521 attributes:[
Aug 27 21:13:49.039678 runningboardd(RunningBoard)[33] <Notice>: Assertion 33-33-7481 (target:[application<dev.selfhost.firstActivationProbe>:50521]) will be created as active
Aug 27 21:13:49.039862 runningboardd(RunningBoard)[33] <Debug>: Adding assertion 33-47602-7480 (target:application<dev.selfhost.firstActivationProbe>)
Aug 27 21:13:49.040201 cfprefsd(CoreFoundation)[91] <Debug>: Process 50521 (Runner) sent a request related to { kCFPreferencesAnyApplication, user: mobile, kCFPreferencesCurrentHost, /Library/Managed Preferences/mobile/.GlobalPreferences.plist, managed: 1 } (0x10030c020)
Aug 27 21:13:49.040317 cfprefsd(CoreFoundation)[91] <Debug>: Process 50521 (Runner) read data for { kCFPreferencesAnyApplication, mobile, kCFPreferencesCurrentHost, /Library/Managed Preferences/mobile/.GlobalPreferences.plist, managed: 1 }, backed by /private/var/Managed Preferences/mobile/.GlobalPreferences.plist
Aug 27 21:13:49.040408 cfprefsd(CoreFoundation)[91] <Debug>: Process 50521 (Runner) sent a request related to { kCFPreferencesAnyApplication, user: mobile, kCFPreferencesAnyHost, /var/mobile/Library/Preferences/.GlobalPreferences.plist, managed: 0 } (0x10030c3f0)
Aug 27 21:13:49.040859 cfprefsd(CoreFoundation)[91] <Debug>: Process 50521 (Runner) read data for { kCFPreferencesAnyApplication, mobile, kCFPreferencesAnyHost, /var/mobile/Library/Preferences/.GlobalPreferences.plist, managed: 0 }, backed by /private/var/mobile/Library/Preferences/.GlobalPreferences.plist
Aug 27 21:13:49.041451 runningboardd(RunningBoard)[33] <Info>: application<dev.selfhost.firstActivationProbe> is now targeted by 1 assertions
Aug 27 21:13:49.042368 runningboardd(RunningBoard)[33] <Debug>: Adding assertion 33-33-7481 (target:[application<dev.selfhost.firstActivationProbe>:50521])
<SBTransitionSwitcherModifierEvent: 0x28217c100; type: MainTransition; transitionID: 19C46369-5A5A-49FE-8B40-8FAA2477DB44; phase: Prepare; animated: YES; fromAppLayout: 0x0; toAppLayout: <SBAppLayout: 0x28087bb80; primary: dev.selfhost.firstActivationProbe:default; environment: main>; fromEnvironmentMode: home-screen; toEnvironmentMode: application; pendingTermination: {(
)}; activating: <SBAppLayout: 0x28087bb80; primary: dev.selfhost.firstActivationProbe:default; environment: main>; dosidoTransitionDirection: 0>
	    <SBIconOverlayVisibilitySwitcherEventResponse: 0x2808e1500; visible: YES; appLayout: <SBAppLayout: 0x28087bb80; primary: dev.selfhost.firstActivationProbe:default; environment: main>>;
	    <SBIconViewVisibilitySwitcherEventResponse: 0x283e1cf00; visible: NO; animationSettings: 0x0; appLayout: <SBAppLayout: 0x28087bb80; primary: dev.selfhost.firstActivationProbe:default; environment: main>>;
Aug 27 21:13:49.043802 SpringBoard(FrontBoard)[47602] <Notice>: [application<dev.selfhost.firstActivationProbe>:-1] Bootstrap success!
Aug 27 21:13:49.044021 Runner(CoreFoundation)[50521] <Debug>: Using ~iphone resources
Aug 27 21:13:49.044123 Runner(CoreFoundation)[50521] <Debug>: CFPrefsManagedSource<0x282254980> (Domain: com.apple.UIKit, User: kCFPreferencesCurrentUser, ByHost: Yes, Container: (null), Contents Need Refresh: No) loaded: an empty base plist and no additional changes from the base plist
Aug 27 21:13:49.044281 Runner(CoreFoundation)[50521] <Debug>: CFPrefsManagedSource<0x282254a00> (Domain: com.apple.UIKit, User: kCFPreferencesAnyUser, ByHost: Yes, Container: (null), Contents Need Refresh: No) loaded: an empty base plist and no additional changes from the base plist
Aug 27 21:13:49.044492 Runner(CoreFoundation)[50521] <Debug>: CFPrefsPlistSource<0x282254900> (Domain: com.apple.UIKit, User: kCFPreferencesCurrentUser, ByHost: No, Container: (null), Contents Need Refresh: No) loaded: a new base plist and no additional changes from the base plist
Aug 27 21:13:49.044630 Runner(CoreFoundation)[50521] <Debug>: CFPrefsManagedSource<0x282254b80> (Domain: kCFPreferencesAnyApplication, User: kCFPreferencesCurrentUser, ByHost: Yes, Container: (null), Contents Need Refresh: No) loaded: a new base plist and no additional changes from the base plist
Aug 27 21:13:49.044843 Runner(CoreFoundation)[50521] <Debug>: CFPrefsPlistSource<0x282254a80> (Domain: kCFPreferencesAnyApplication, User: kCFPreferencesCurrentUser, ByHost: No, Container: (null), Contents Need Refresh: No) loaded: a new base plist and no additional changes from the base plist
Aug 27 21:13:49.047569 runningboardd(RunningBoard)[33] <Info>: application<dev.selfhost.firstActivationProbe> is now targeted by 2 assertions
Aug 27 21:13:49.047796 Runner(CoreFoundation)[50521] <Debug>: CFPrefsPlistSource<0x282254c00> (Domain: com.apple.UIKit, User: kCFPreferencesAnyUser, ByHost: Yes, Container: (null), Contents Need Refresh: No) loaded: an empty base plist and no additional changes from the base plist
Aug 27 21:13:49.048209 Runner(CoreFoundation)[50521] <Debug>: CFPrefsPlistSource<0x282254c80> (Domain: kCFPreferencesAnyApplication, User: kCFPreferencesAnyUser, ByHost: Yes, Container: (null), Contents Need Refresh: No) loaded: an empty base plist and no additional changes from the base plist
Aug 27 21:13:49.048395 runningboardd(RunningBoard)[33] <Info>: [application<dev.selfhost.firstActivationProbe>:50521] Applying updated state
Aug 27 21:13:49.048673 Runner(CoreFoundation)[50521] <Debug>: found no value for key LogHIDEventFiltered in CFPrefsSearchListSource<0x282254800> (Domain: com.apple.UIKit, Container: (null))
Aug 27 21:13:49.048938 runningboardd(RunningBoard)[33] <Notice>: [application<dev.selfhost.firstActivationProbe>:50521] Set jetsam priority to 10 [0] flag[1]
Aug 27 21:13:49.049127 Runner(CoreFoundation)[50521] <Debug>: found no value for key LogHIDEventIncoming in CFPrefsSearchListSource<0x282254800> (Domain: com.apple.UIKit, Container: (null))
Aug 27 21:13:49.049279 runningboardd(RunningBoard)[33] <Notice>: [application<dev.selfhost.firstActivationProbe>:50521] Resuming task.
Aug 27 21:13:49.049509 Runner(libMobileGestalt.dylib)[50521] <Notice>: Cache loaded with 4896 pre-cached in CacheData and 49 items in CacheExtra.
Aug 27 21:13:49.049735 runningboardd(RunningBoard)[33] <Notice>: [application<dev.selfhost.firstActivationProbe>:50521] Set darwin role to: UserInteractiveFocal
Aug 27 21:13:49.050158 SpringBoard(BaseBoard)[47602] <Debug>:  *|machport|* <BSMachPortTaskNameRight: 0x2808ecb00; usable: YES; (47602:f97b:send task_name_for_pid:Runner.50521)> -> (<NSThread: 0x280802b00>{number = 609, name = (null)}) (
Aug 27 21:13:49.050326 cfprefsd(CoreFoundation)[91] <Debug>: Process 50521 (Runner) sent a request related to { com.apple.UIKit, user: kCFPreferencesAnyUser, kCFPreferencesCurrentHost, /var/preferences/com.apple.UIKit.plist, managed: 0 } (0x100343240)
    bundleIdentifier = dev.selfhost.firstActivationProbe;
    uniqueIdentifier = sceneID:dev.selfhost.firstActivationProbe-default;
Aug 27 21:13:49.051048 cfprefsd(CoreFoundation)[91] <Debug>: Process 50521 (Runner) sent a request related to { kCFPreferencesAnyApplication, user: kCFPreferencesAnyUser, kCFPreferencesCurrentHost, /var/preferences/.GlobalPreferences.plist, managed: 0 } (0x100316b90)
Aug 27 21:13:49.052617 runningboardd(RunningBoard)[33] <Debug>: SUPPRESSING state update for application<dev.selfhost.firstActivationProbe>: <RBSProcessState| task:none debug:none terminationResistance:None endowments:[
	<RBSProcessAssertionInfo| type:2 reason:10000 name:"Domain" domain:"com.apple.frontboard:Bootstrap-Foreground,com.apple.frontboard:Visibility" expl:"FBApplicationProcess">
Aug 27 21:13:49.053038 runningboardd(RunningBoard)[33] <Debug>: Incrementing suppression state to 2 for application<dev.selfhost.firstActivationProbe>
Aug 27 21:13:49.053273 runningboardd(RunningBoard)[33] <Notice>: Calculated state for application<dev.selfhost.firstActivationProbe>: running-active (role: UserInteractiveFocal)
Aug 27 21:13:49.053545 Runner(CoreFoundation)[50521] <Debug>: found no value for key LogApplication in CFPrefsSearchListSource<0x282254800> (Domain: com.apple.UIKit, Container: (null))
Aug 27 21:13:49.053807 Runner(UIKitCore)[50521] <Notice>: Deactivation reason added: 10; deactivation reasons: 0 -> 1024; animating application lifecycle event: 0
Aug 27 21:13:49.054122 Runner(RunningBoardServices)[50521] <Notice>: Initializing connection
Aug 27 21:13:49.054412 Runner(RunningBoardServices)[50521] <Notice>: Removing all cached process handles
Aug 27 21:13:49.054716 Runner(BoardServices)[50521] <Notice>: activating monitor for service com.apple.frontboard.open
Aug 27 21:13:49.055140 Runner(BoardServices)[50521] <Notice>: activating monitor for service com.apple.frontboard.workspace-service
Aug 27 21:13:49.055388 runningboardd(RunningBoard)[33] <Debug>: Sending state update for application<dev.selfhost.firstActivationProbe>: <RBSProcessState| task:running-active debug:none terminationResistance:Interactive endowments:[
	<RBSProcessAssertionInfo| type:2 reason:10000 name:"Domain" domain:"com.apple.frontboard:Bootstrap-Foreground,com.apple.frontboard:Visibility" expl:"FBApplicationProcess">
Aug 27 21:13:49.055960 backboardd(IOKit)[65] <Notice>: Connection added: IOHIDEventSystemConnection uuid:596A3A4A-A4BC-42DF-A427-3EA7E046C964 pid:50521 process:Runner type:Passive entitlements:0x0 caller:BackBoardServices: <redacted> + 336 attributes:{
    bundleID = "dev.selfhost.firstActivationProbe";
Aug 27 21:13:49.056107 backboardd(BackBoardHIDEventFoundation)[65] <Debug>: Got a client addition callback: IOHIDEventSystemConnection uuid:596A3A4A-A4BC-42DF-A427-3EA7E046C964 pid:50521 process:Runner type:Passive entitlements:0x0 caller:BackBoardServices: <redacted> + 336 attributes:{
    bundleID = "dev.selfhost.firstActivationProbe";
Aug 27 21:13:49.056325 backboardd(BackBoardHIDEventFoundation)[65] <Info>: HID connection vpid:50521(v6DBEB) bundleID:dev.selfhost.firstActivationProbe successfully initialized: IOHIDEventSystemConnection uuid:596A3A4A-A4BC-42DF-A427-3EA7E046C964 pid:50521 process:Runner type:Passive entitlements:0x0 caller:BackBoardServices: <redacted> + 336 attributes:{
    bundleID = "dev.selfhost.firstActivationProbe";
Aug 27 21:13:49.056483 backboardd(BackBoardHIDEventFoundation)[65] <Notice>: Adding client connection: <BKHIDClientConnection: 0x1026df7f0; IOHIDEventSystemConnectionRef: 0x1077d40a0; vpid: 50521(v6DBEB); taskPort: 0x32BEF; bundleID: dev.selfhost.firstActivationProbe> for client: IOHIDEventSystemConnection uuid:596A3A4A-A4BC-42DF-A427-3EA7E046C964 pid:50521 process:Runner type:Passive entitlements:0x0 caller:BackBoardServices: <redacted> + 336 attributes:{
    bundleID = "dev.selfhost.firstActivationProbe";
Aug 27 21:13:49.060926 cfprefsd(CoreFoundation)[91] <Debug>: Process 50521 (Runner) sent a request related to { dev.selfhost.firstActivationProbe, user: mobile, kCFPreferencesCurrentHost, /Library/Managed Preferences/mobile/dev.selfhost.firstActivationProbe.plist, managed: 1 } (0x100362850)
Aug 27 21:13:49.072304 runningboardd(RunningBoard)[33] <Debug>: Incrementing suppression state to 3 for application<dev.selfhost.firstActivationProbe>
Aug 27 21:13:49.072397 runningboardd(RunningBoard)[33] <Info>: Ignoring insignificant state update for application<dev.selfhost.firstActivationProbe>
Aug 27 21:13:49.072647 runningboardd(RunningBoard)[33] <Notice>: Calculated state for application<dev.selfhost.firstActivationProbe>: running-active (role: UserInteractiveFocal)
Aug 27 21:13:49.075201 cfprefsd(CoreFoundation)[91] <Debug>: Process 50521 (Runner) sent a request related to { dev.selfhost.firstActivationProbe, user: kCFPreferencesAnyUser, kCFPreferencesCurrentHost, /Library/Managed Preferences/dev.selfhost.firstActivationProbe.plist, managed: 1 } (0x101854230)
Aug 27 21:13:49.075525 cfprefsd(CoreFoundation)[91] <Debug>: Process 50521 (Runner) sent a request related to { dev.selfhost.firstActivationProbe, user: mobile, kCFPreferencesAnyHost, /var/mobile/Containers/Data/Application/18E6667F-E66B-4E74-92D9-B14869861554/Library/Preferences/dev.selfhost.firstActivationProbe.plist, managed: 0 } (0x10032d7b0)
Aug 27 21:13:49.092708 Runner(FrontBoardServices)[50521] <Notice>: FBSWorkspace connecting to endpoint : <private>
Aug 27 21:13:49.092856 Runner(FrontBoardServices)[50521] <Notice>: FBSWorkspace registering source: <private>
Aug 27 21:13:49.093018 Runner(FrontBoardServices)[50521] <Notice>: FBSWorkspace connected to endpoint : <private>
Aug 27 21:13:49.093149 Runner(RunningBoardServices)[50521] <Notice>: Added observer for process assertions expiration warning: <_RBSExpirationWarningClient: 0x280c44780>
Aug 27 21:13:49.093269 Runner(CoreFoundation)[50521] <Debug>: CFPrefsManagedSource<0x282255400> (Domain: dev.selfhost.firstActivationProbe, User: kCFPreferencesCurrentUser, ByHost: Yes, Container: (null), Contents Need Refresh: No) loaded: an empty base plist and no additional changes from the base plist
Aug 27 21:13:49.093385 Runner(CoreFoundation)[50521] <Debug>: CFPrefsManagedSource<0x282255480> (Domain: dev.selfhost.firstActivationProbe, User: kCFPreferencesAnyUser, ByHost: Yes, Container: (null), Contents Need Refresh: No) loaded: an empty base plist and no additional changes from the base plist
Aug 27 21:13:49.093706 SpringBoard(BaseBoard)[47602] <Debug>:  *|machport|* <BSMachPortTaskNameRight: 0x2808cc300; usable: YES; (47602:f97b:send task_name_for_pid:Runner.50521)> -> (<NSThread: 0x2808cac40>{number = 611, name = (null)}) (
Aug 27 21:13:49.100158 runningboardd(RunningBoard)[33] <Debug>: SUPPRESSING state update for application<dev.selfhost.firstActivationProbe>: <RBSProcessState| task:running-active debug:none terminationResistance:Interactive endowments:[
	<RBSProcessAssertionInfo| type:2 reason:10000 name:"Domain" domain:"com.apple.frontboard:Bootstrap-Foreground,com.apple.frontboard:Visibility" expl:"FBApplicationProcess">,
Aug 27 21:13:49.100448 runningboardd(RunningBoard)[33] <Debug>: Decrementing suppression state to 2 for application<dev.selfhost.firstActivationProbe>
Aug 27 21:13:49.104082 SpringBoard(RunningBoardServices)[47602] <Notice>: Hit the server for a process handle 40bcbb50000c559 that resolved to: [application<dev.selfhost.firstActivationProbe>:50521]
Aug 27 21:13:49.106547 SpringBoard(FrontBoard)[47602] <Notice>: [application<dev.selfhost.firstActivationProbe>:50521] Setting process task state to: Running
Aug 27 21:13:49.107080 SpringBoard(FrontBoard)[47602] <Notice>: [application<dev.selfhost.firstActivationProbe>:50521] Setting process visibility to: Foreground
Aug 27 21:13:49.108509 SpringBoard(FrontBoard)[47602] <Notice>: Asked to bootstrap a new process for handle: [application<dev.selfhost.firstActivationProbe>:50521]
Aug 27 21:13:49.108815 SpringBoard(FrontBoard)[47602] <Notice>: [application<dev.selfhost.firstActivationProbe>:50521] Registering event dispatcher at connect
Aug 27 21:13:49.108991 SpringBoard(FrontBoard)[47602] <Info>: Registering workspace for processHandle: [application<dev.selfhost.firstActivationProbe>:50521]
Aug 27 21:13:49.109271 SpringBoard(FrontBoard)[47602] <Notice>: A pending process already exists for this handle: <FBApplicationProcess: 0x11493e920; application<dev.selfhost.firstActivationProbe>:50521(v6DBEB)>
Aug 27 21:13:49.109440 SpringBoard(FrontBoardServices)[47602] <Info>: [application<dev.selfhost.firstActivationProbe>:50521] [realTime] Now monitoring resource allowance of 20.00s (at refreshInterval -1.00s)
Aug 27 21:13:49.109790 SpringBoard(FrontBoard)[47602] <Notice>: [application<dev.selfhost.firstActivationProbe>:50521] Initial launch assertion state: ForegroundFocal.
Aug 27 21:13:49.110245 SpringBoard(FrontBoard)[47602] <Notice>: Adding: <FBApplicationProcess: 0x11493e920; application<dev.selfhost.firstActivationProbe>:50521(v6DBEB)>
Aug 27 21:13:49.110521 SpringBoard(FrontBoard)[47602] <Notice>: change foreground process from list:<FBApplicationProcess: 0x11493e920; application<dev.selfhost.firstActivationProbe>:50521(v6DBEB)>
Aug 27 21:13:49.110743 SpringBoard(FrontBoard)[47602] <Info>: Setting BKSEventFocusManager's foreground app to: <FBApplicationProcess: 0x11493e920; application<dev.selfhost.firstActivationProbe>:50521(v6DBEB)>
Aug 27 21:13:49.110870 SpringBoard(FrontBoard)[47602] <Info>: FBWorkspaceDomain: Assigning new workspace connection to workspace (0x282a6bbd0) owned by process: <FBApplicationProcess: 0x11493e920; application<dev.selfhost.firstActivationProbe>:50521(v6DBEB)>
Aug 27 21:13:49.111061 SpringBoard(FrontBoard)[47602] <Notice>: [application<dev.selfhost.firstActivationProbe>:50521] Connection established.
Aug 27 21:13:49.113441 SpringBoard(FrontBoard)[47602] <Notice>: [application<dev.selfhost.firstActivationProbe>:50521] Connection to remote process established!
Aug 27 21:13:49.114953 SpringBoard(FrontBoardServices)[47602] <Info>: [application<dev.selfhost.firstActivationProbe>:50521] [realTime] Stopped monitoring.
Aug 27 21:13:49.115713 Runner(CoreFoundation)[50521] <Debug>: CFPrefsPlistSource<0x282255380> (Domain: dev.selfhost.firstActivationProbe, User: kCFPreferencesCurrentUser, ByHost: No, Container: (null), Contents Need Refresh: No) loaded: an empty base plist and no additional changes from the base plist
Aug 27 21:13:49.116325 Runner(CoreFoundation)[50521] <Debug>: CFPrefsPlistSource<0x282255600> (Domain: dev.selfhost.firstActivationProbe, User: kCFPreferencesAnyUser, ByHost: Yes, Container: (null), Contents Need Refresh: No) loaded: an empty base plist and no additional changes from the base plist
Aug 27 21:13:49.116482 Runner(CoreFoundation)[50521] <Debug>: looked up value <private> for key AppleLanguages in CFPrefsPlistSource<0x282254a80> (Domain: kCFPreferencesAnyApplication, User: kCFPreferencesCurrentUser, ByHost: No, Container: (null), Contents Need Refresh: No) via CFPrefsSearchListSource<0x282255300> (Domain: dev.selfhost.firstActivationProbe, Container: (null))
Aug 27 21:13:49.116624 Runner(CoreFoundation)[50521] <Debug>: setting new value <private> for key <private> in CFPrefsSource<0x281954980> (Domain: Volatile, User: , ByHost: No, Container: , Contents Need Refresh: No)
Aug 27 21:13:49.116804 Runner(CoreFoundation)[50521] <Debug>: setting new value <private> for key <private> in CFPrefsSource<0x281954980> (Domain: Volatile, User: , ByHost: No, Container: , Contents Need Refresh: No)
Aug 27 21:13:49.116992 Runner(CoreFoundation)[50521] <Debug>: setting new value <private> for key <private> in CFPrefsSource<0x281954980> (Domain: Volatile, User: , ByHost: No, Container: , Contents Need Refresh: No)
Aug 27 21:13:49.117711 SpringBoard(FrontBoardServices)[47602] <Debug>: [application<dev.selfhost.firstActivationProbe>:50521] [realTime] Updated resource consumption: 0.001s (0.01%)
Aug 27 21:13:49.118050 SpringBoard(FrontBoard)[47602] <Info>: [application<dev.selfhost.firstActivationProbe>:50521] Provision <FBSProcessResourceProvision: 0x282f7bde0; allowance: <; FBSProcessResourceAllowance; type: realTime; timeValue: 20.0s>> has remainder <FBSProcessResourceProvision: 0x282f63960; allowance: <; FBSProcessResourceAllowance; type: realTime; timeValue: 20.00s>>
Aug 27 21:13:49.119004 SpringBoard(FrontBoard)[47602] <Info>: [application<dev.selfhost.firstActivationProbe>:50521] Made scene-create policy: <FBSProcessWatchdogPolicy: 0x281c04760; name: "scene create after launch"> {
Aug 27 21:13:49.119339 SpringBoard(FrontBoardServices)[47602] <Debug>: [application<dev.selfhost.firstActivationProbe>:50521] Invalidating <FBProcessWatchdog: 0x283edf3e0; name: process-launch; time: 20.0s>
Aug 27 21:13:49.119797 SpringBoard(FrontBoardServices)[47602] <Debug>: [application<dev.selfhost.firstActivationProbe>:50521] [realTime] Invalidated
Aug 27 21:13:49.121615 backboardd(IOKit)[65] <Debug>: SetProperty called IOHIDEventSystemClientIsUnresponsive=0 caller=IOHIDEventSystemConnection uuid:596A3A4A-A4BC-42DF-A427-3EA7E046C964 pid:50521 process:Runner type:Passive entitlements:0x0 caller:BackBoardServices: <redacted> + 336 attributes:{
    bundleID = "dev.selfhost.firstActivationProbe";
Aug 27 21:13:49.124554 Runner(CoreFoundation)[50521] <Debug>: found no value for key UIScreenIsCapturedValue in CFPrefsSearchListSource<0x282254800> (Domain: com.apple.UIKit, Container: (null))
Aug 27 21:13:49.124677 Runner(CoreFoundation)[50521] <Debug>: looked up value <private> for key AppleLanguages in CFPrefsPlistSource<0x282254a80> (Domain: kCFPreferencesAnyApplication, User: kCFPreferencesCurrentUser, ByHost: No, Container: (null), Contents Need Refresh: No) via CFPrefsSearchListSource<0x282255300> (Domain: dev.selfhost.firstActivationProbe, Container: (null))
Aug 27 21:13:49.124844 Runner(CoreFoundation)[50521] <Debug>: Language lookup at <private>
Aug 27 21:13:49.125009 Runner(CoreFoundation)[50521] <Debug>: Resource lookup at <private>
Aug 27 21:13:49.126658 Runner(CoreFoundation)[50521] <Debug>: found no value for key _UIEnableLegacyRTL in CFPrefsSearchListSource<0x282254800> (Domain: com.apple.UIKit, Container: (null))
Aug 27 21:13:49.127889 Runner(CoreFoundation)[50521] <Debug>: found no value for key NSTighteningFactorForTruncation in CFPrefsSearchListSource<0x282255300> (Domain: dev.selfhost.firstActivationProbe, Container: (null))
Aug 27 21:13:49.128616 Runner(CoreFoundation)[50521] <Debug>: found no value for key NSTighteningFactorForTruncation in CFPrefsSearchListSource<0x282255300> (Domain: dev.selfhost.firstActivationProbe, Container: (null))
Aug 27 21:13:49.141515 cfprefsd(CoreFoundation)[91] <Debug>: Process 50521 (Runner) sent a request related to { dev.selfhost.firstActivationProbe, user: kCFPreferencesAnyUser, kCFPreferencesCurrentHost, /var/preferences/dev.selfhost.firstActivationProbe.plist, managed: 0 } (0x100362850)
Aug 27 21:13:49.142139 cfprefsd(CoreFoundation)[91] <Debug>: Process 50521 (Runner) sent a request related to { com.apple.Accessibility, user: mobile, kCFPreferencesCurrentHost, /Library/Managed Preferences/mobile/com.apple.Accessibility.plist, managed: 1 } (0x101814050)
Aug 27 21:13:49.148381 Runner(CoreFoundation)[50521] <Debug>: found no value for key NSAllowsDefaultTighteningForTruncation in CFPrefsSearchListSource<0x282255300> (Domain: dev.selfhost.firstActivationProbe, Container: (null))
Aug 27 21:13:49.150132 Runner(CoreFoundation)[50521] <Debug>: found no value for key NSUsesDefaultHyphenation in CFPrefsSearchListSource<0x282255300> (Domain: dev.selfhost.firstActivationProbe, Container: (null))
Aug 27 21:13:49.150331 Runner(CoreFoundation)[50521] <Debug>: found no value for key NSDefaultHyphenationFactor in CFPrefsSearchListSource<0x282255300> (Domain: dev.selfhost.firstActivationProbe, Container: (null))
Aug 27 21:13:49.150585 Runner(CoreFoundation)[50521] <Debug>: found no value for key NSForceRightToLeftWritingDirection in CFPrefsSearchListSource<0x282255300> (Domain: dev.selfhost.firstActivationProbe, Container: (null))
Aug 27 21:13:49.150853 Runner(CoreFoundation)[50521] <Debug>: CFPrefsManagedSource<0x282257180> (Domain: com.apple.Accessibility, User: kCFPreferencesCurrentUser, ByHost: Yes, Container: (null), Contents Need Refresh: No) loaded: an empty base plist and no additional changes from the base plist
Aug 27 21:13:49.151055 Runner(CoreFoundation)[50521] <Debug>: CFPrefsManagedSource<0x282253500> (Domain: com.apple.Accessibility, User: kCFPreferencesAnyUser, ByHost: Yes, Container: (null), Contents Need Refresh: No) loaded: an empty base plist and no additional changes from the base plist
Aug 27 21:13:49.151250 Runner(CoreFoundation)[50521] <Debug>: CFPrefsPlistSource<0x282253280> (Domain: com.apple.Accessibility, User: kCFPreferencesCurrentUser, ByHost: No, Container: (null), Contents Need Refresh: No) loaded: a new base plist and no additional changes from the base plist
Aug 27 21:13:49.151466 Runner(CoreFoundation)[50521] <Debug>: CFPrefsPlistSource<0x282257280> (Domain: com.apple.Accessibility, User: kCFPreferencesAnyUser, ByHost: Yes, Container: (null), Contents Need Refresh: No) loaded: an empty base plist and no additional changes from the base plist
Aug 27 21:13:49.151669 Runner(CoreFoundation)[50521] <Debug>: found no value for key ForceTouchEnabled in CFPrefsSearchListSource<0x282257080> (Domain: com.apple.Accessibility, Container: (null))
Aug 27 21:13:49.151862 Runner(libAccessibility.dylib)[50521] <Debug>: CF Read: domain = com.apple.Accessibility, preference = ForceTouchEnabled, appID = (null) result = (null) (-1 - empty, 0 - false, 1 - true)
Aug 27 21:13:49.152049 Runner(CoreFoundation)[50521] <Debug>: found no value for key ForceTouchEnabled in CFPrefsPlistSource<0x282253280> (Domain: com.apple.Accessibility, User: kCFPreferencesCurrentUser, ByHost: No, Container: (null), Contents Need Refresh: No)
Aug 27 21:13:49.152457 Runner(CoreFoundation)[50521] <Debug>: found no value for key UIPreferredContentSizeCategoryName in CFPrefsSearchListSource<0x282255300> (Domain: dev.selfhost.firstActivationProbe, Container: (null))
Aug 27 21:13:49.152678 Runner(libAccessibility.dylib)[50521] <Debug>: CF Read Category Name: domain = dev.selfhost.firstActivationProbe, appID = dev.selfhost.firstActivationProbe value = (null)
Aug 27 21:13:49.154311 Runner(libAccessibility.dylib)[50521] <Notice>: Read CategoryName: per-app = 1, category name = (null)
Aug 27 21:13:49.154505 Runner(CoreFoundation)[50521] <Debug>: found no value for key UIPreferredContentSizeCategoryName in CFPrefsSearchListSource<0x282254800> (Domain: com.apple.UIKit, Container: (null))
Aug 27 21:13:49.154725 Runner(libAccessibility.dylib)[50521] <Debug>: CF Read Category Name: domain = /var/mobile/Library/Preferences/com.apple.UIKit, appID = (null) value = (null)
Aug 27 21:13:49.154918 Runner(libAccessibility.dylib)[50521] <Notice>: Read CategoryName: per-app = 0, category name = (null)
Aug 27 21:13:49.155203 Runner(CoreFoundation)[50521] <Debug>: found no value for key UICarPlayPreferredContentSizeCategoryName in CFPrefsSearchListSource<0x282254800> (Domain: com.apple.UIKit, Container: (null))
Aug 27 21:13:49.155412 Runner(CoreFoundation)[50521] <Debug>: found no value for key EnhancedTextLegibilityEnabled in CFPrefsSearchListSource<0x282257080> (Domain: com.apple.Accessibility, Container: (null))
Aug 27 21:13:49.155637 Runner(libAccessibility.dylib)[50521] <Debug>: CF Read: domain = com.apple.Accessibility, preference = EnhancedTextLegibilityEnabled, appID = (null) result = (null) (-1 - empty, 0 - false, 1 - true)
Aug 27 21:13:49.155792 Runner(CoreFoundation)[50521] <Debug>: found no value for key EnhancedTextLegibilityEnabled in CFPrefsPlistSource<0x282253280> (Domain: com.apple.Accessibility, User: kCFPreferencesCurrentUser, ByHost: No, Container: (null), Contents Need Refresh: No)
Aug 27 21:13:49.156034 Runner(CoreFoundation)[50521] <Debug>: found no value for key DarkenSystemColors in CFPrefsSearchListSource<0x282257080> (Domain: com.apple.Accessibility, Container: (null))
Aug 27 21:13:49.156218 Runner(libAccessibility.dylib)[50521] <Debug>: CF Read: domain = com.apple.Accessibility, preference = DarkenSystemColors, appID = (null) result = (null) (-1 - empty, 0 - false, 1 - true)
<SBTransitionSwitcherModifierEvent: 0x28216c800; type: MainTransition; transitionID: 19C46369-5A5A-49FE-8B40-8FAA2477DB44; phase: Animate; animated: YES; fromAppLayout: 0x0; toAppLayout: <SBAppLayout: 0x28087bb80; primary: dev.selfhost.firstActivationProbe:default; environment: main>; fromEnvironmentMode: home-screen; toEnvironmentMode: application; pendingTermination: {(
)}; activating: <SBAppLayout: 0x28087bb80; primary: dev.selfhost.firstActivationProbe:default; environment: main>; dosidoTransitionDirection: 0>
Aug 27 21:13:49.159098 Runner(CoreFoundation)[50521] <Debug>: found no value for key DarkenSystemColors in CFPrefsPlistSource<0x282253280> (Domain: com.apple.Accessibility, User: kCFPreferencesCurrentUser, ByHost: No, Container: (null), Contents Need Refresh: No)
Aug 27 21:13:49.159275 Runner(CoreFoundation)[50521] <Debug>: found no value for key UITraitCollectionChangeLoggingEnabled in CFPrefsSearchListSource<0x282255300> (Domain: dev.selfhost.firstActivationProbe, Container: (null))
Aug 27 21:13:49.159430 Runner(CoreFoundation)[50521] <Debug>: found no value for key UIStateRestorationDebugLogging in CFPrefsSearchListSource<0x282255300> (Domain: dev.selfhost.firstActivationProbe, Container: (null))
Aug 27 21:13:49.159552 Runner(CoreFoundation)[50521] <Debug>: Resource lookup at <private>
Aug 27 21:13:49.159735 Runner(CoreFoundation)[50521] <Debug>: looked up value <private> for key AccessibilityEnabled in CFPrefsPlistSource<0x282253280> (Domain: com.apple.Accessibility, User: kCFPreferencesCurrentUser, ByHost: No, Container: (null), Contents Need Refresh: No) via CFPrefsSearchListSource<0x282257080> (Domain: com.apple.Accessibility, Container: (null))
Aug 27 21:13:49.160069 Runner(libAccessibility.dylib)[50521] <Debug>: CF Read: domain = com.apple.Accessibility, preference = AccessibilityEnabled, appID = (null) result = 0 (-1 - empty, 0 - false, 1 - true)
Aug 27 21:13:49.160180 Runner(CoreFoundation)[50521] <Debug>: looked up value <private> for key InvertColorsEnabled in CFPrefsPlistSource<0x282253280> (Domain: com.apple.Accessibility, User: kCFPreferencesCurrentUser, ByHost: No, Container: (null), Contents Need Refresh: No) via CFPrefsSearchListSource<0x282257080> (Domain: com.apple.Accessibility, Container: (null))
Aug 27 21:13:49.160378 Runner(libAccessibility.dylib)[50521] <Debug>: CF Read: domain = com.apple.Accessibility, preference = InvertColorsEnabled, appID = (null) result = 0 (-1 - empty, 0 - false, 1 - true)
Aug 27 21:13:49.160557 Runner(libAccessibility.dylib)[50521] <Debug>: Read Global: preference = InvertColorsEnabled, result = 0 (-1 - empty, 0 - false, 1 - true)
Aug 27 21:13:49.162857 Runner(libAccessibility.dylib)[50521] <Debug>: Updated cache: preference = InvertColorsEnabled, result = 0 (-1 - empty, 0 - false, 1 - true)
Aug 27 21:13:49.162972 Runner(CoreFoundation)[50521] <Debug>: looked up value <private> for key ApplicationAccessibilityEnabled in CFPrefsPlistSource<0x282253280> (Domain: com.apple.Accessibility, User: kCFPreferencesCurrentUser, ByHost: No, Container: (null), Contents Need Refresh: No) via CFPrefsSearchListSource<0x282257080> (Domain: com.apple.Accessibility, Container: (null))
Aug 27 21:13:49.163059 Runner(libAccessibility.dylib)[50521] <Debug>: CF Read: domain = com.apple.Accessibility, preference = ApplicationAccessibilityEnabled, appID = (null) result = 0 (-1 - empty, 0 - false, 1 - true)
Aug 27 21:13:49.163139 Runner(XCTTargetBootstrap)[50521] <Notice>: Registering for test daemon availability notify post.
Aug 27 21:13:49.163216 Runner(XCTTargetBootstrap)[50521] <Notice>: notify_get_state check indicated test daemon not ready.
Aug 27 21:13:49.164250 runningboardd(RunningBoard)[33] <Debug>: [daemon<com.apple.SpringBoard>:47602] query resolved to [application<dev.selfhost.firstActivationProbe>:50521]
Aug 27 21:13:49.164544 kernel(Sandbox)[0] <Notice>: /private/var/containers/Bundle/Application/1EC21BA9-82AA-4B85-B2FC-10B206BC5C35/Runner.app/Runner[50521] ==> container
Aug 27 21:13:49.164586 kernel(Sandbox)[0] <Error>: Sandbox: Runner(50521) deny(2) file-test-existence /private/etc/.mdns_debug
Aug 27 21:13:49.164757 Runner(XCTTargetBootstrap)[50521] <Notice>: notify_get_state check indicated test daemon not ready.
Aug 27 21:13:49.165099 Runner(XCTTargetBootstrap)[50521] <Notice>: notify_get_state check indicated test daemon not ready.
Aug 27 21:13:49.165253 Runner(CoreFoundation)[50521] <Debug>: found no value for key UIRequireCrimsonLifecycle in CFPrefsSearchListSource<0x282254800> (Domain: com.apple.UIKit, Container: (null))
Aug 27 21:13:49.165370 Runner(UIKitCore)[50521] <Notice>: Deactivation reason added: 11; deactivation reasons: 1024 -> 3072; animating application lifecycle event: 0
Aug 27 21:13:49.165455 Runner(CoreFoundation)[50521] <Debug>: Resource lookup at <private>
Aug 27 21:13:49.166702 cfprefsd(CoreFoundation)[91] <Debug>: Process 50521 (Runner) sent a request related to { com.apple.Accessibility, user: kCFPreferencesAnyUser, kCFPreferencesCurrentHost, /Library/Managed Preferences/com.apple.Accessibility.plist, managed: 1 } (0x101814300)
Aug 27 21:13:49.166894 cfprefsd(CoreFoundation)[91] <Debug>: Process 50521 (Runner) sent a request related to { com.apple.Accessibility, user: mobile, kCFPreferencesAnyHost, /var/mobile/Library/Preferences/com.apple.Accessibility.plist, managed: 0 } (0x100311170)
Aug 27 21:13:49.166984 cfprefsd(CoreFoundation)[91] <Debug>: Process 50521 (Runner) read data for { com.apple.Accessibility, mobile, kCFPreferencesAnyHost, /var/mobile/Library/Preferences/com.apple.Accessibility.plist, managed: 0 }, backed by /private/var/mobile/Library/Preferences/com.apple.Accessibility.plist
Aug 27 21:13:49.167151 cfprefsd(CoreFoundation)[91] <Debug>: Process 50521 (Runner) sent a request related to { com.apple.Accessibility, user: kCFPreferencesAnyUser, kCFPreferencesCurrentHost, /var/preferences/com.apple.Accessibility.plist, managed: 0 } (0x1018145a0)
Aug 27 21:13:49.183659 SpringBoard(FrontBoard)[47602] <Notice>: [application<dev.selfhost.firstActivationProbe>:50521] Registered new scene: <FBUIApplicationWorkspaceScene: 0x282656cb0; sceneID:dev.selfhost.firstActivationProbe-default> (fromRemnant = 0)
Aug 27 21:13:49.183881 SpringBoard(FrontBoard)[47602] <Notice>: [sceneID:dev.selfhost.firstActivationProbe-default][1] Scene activated.
Aug 27 21:13:49.184020 SpringBoard(FrontBoard)[47602] <Debug>: [FBSceneManager] PENDING:   <BSEventQueueEvent: 0x281c0c080; didAdd-sceneID:dev.selfhost.firstActivationProbe-default(0)> @ back
Aug 27 21:13:49.184170 SpringBoard(FrontBoard)[47602] <Debug>: [FBSceneManager] EXECUTING: <BSEventQueueEvent: 0x281c0c080; didAdd-sceneID:dev.selfhost.firstActivationProbe-default(0)>
Aug 27 21:13:49.184416 SpringBoard(FrontBoard)[47602] <Notice>: [application<dev.selfhost.firstActivationProbe>:50521] Workspace interruption policy did change: reconnect
Aug 27 21:13:49.184545 SpringBoard(FrontBoard)[47602] <Debug>: [FBSceneManager] PENDING:   <BSEventQueueEvent: 0x281c0ec80; didAdd-sceneID:dev.selfhost.firstActivationProbe-default(0)> @ front
Aug 27 21:13:49.184877 SpringBoard(FrontBoard)[47602] <Debug>: [FBSceneManager] EXECUTING: <BSEventQueueEvent: 0x281c0ec80; didAdd-sceneID:dev.selfhost.firstActivationProbe-default(0)>
Aug 27 21:13:49.186162 SpringBoard(FrontBoard)[47602] <Info>: Client intercepting scene update for scene: sceneID:dev.selfhost.firstActivationProbe-default
Aug 27 21:13:49.186348 runningboardd(RunningBoard)[33] <Notice>: Acquiring assertion targeting [application<dev.selfhost.firstActivationProbe>:50521] from originator [daemon<com.apple.SpringBoard>:47602] with description <RBSAssertionDescriptor| "com.apple.frontboard.after-life.interrupted" ID:33-47602-7482 target:50521 attributes:[
Aug 27 21:13:49.186629 SpringBoard(UIKitCore)[47602] <Notice>: Now tracking: <FBScene: 0x28286ca80; sceneID:dev.selfhost.firstActivationProbe-default>
Aug 27 21:13:49.186948 SpringBoard(UIKitCore)[47602] <Notice>: [sceneID:dev.selfhost.firstActivationProbe-default] Setting deactivation reasons to: 'systemAnimation' for reason: scene settings update - settings are eligible for deactivation reasons.
Aug 27 21:13:49.187404 SpringBoard(FrontBoard)[47602] <Debug>: START SCENE MUTATION ------- sceneID:dev.selfhost.firstActivationProbe-default
Aug 27 21:13:49.187567 SpringBoard(FrontBoard)[47602] <Debug>: [FBSceneManager] PENDING:   <BSEventQueueEvent: 0x281c0ec80; sceneDidActivate-sceneID:dev.selfhost.firstActivationProbe-default(1)> @ back
Aug 27 21:13:49.187802 SpringBoard(FrontBoard)[47602] <Debug>: [FBSceneManager] PENDING:   <BSEventQueueEvent: 0x281c0eec0; sceneUpdatePrepared-sceneID:dev.selfhost.firstActivationProbe-default(1)> @ back
Aug 27 21:13:49.187950 SpringBoard(FrontBoard)[47602] <Debug>: [FBSceneManager] PENDING:   <BSEventQueueEvent: 0x281c6b4c0; applySettings-sceneID:dev.selfhost.firstActivationProbe-default(1)> @ back
Aug 27 21:13:49.188097 SpringBoard(FrontBoard)[47602] <Debug>: Flushing all events for sceneID:dev.selfhost.firstActivationProbe-default
Aug 27 21:13:49.188466 SpringBoard(FrontBoard)[47602] <Debug>: [FBSceneManager] EXECUTING: <BSEventQueueEvent: 0x281c0ec80; sceneDidActivate-sceneID:dev.selfhost.firstActivationProbe-default(1)>
Aug 27 21:13:49.188616 SpringBoard(FrontBoard)[47602] <Debug>: [FBSceneManager] PENDING:   <BSEventQueueEvent: 0x281c69ca0; sceneDidActivate-sceneID:dev.selfhost.firstActivationProbe-default(1)> @ front
Aug 27 21:13:49.188941 SpringBoard(FrontBoard)[47602] <Debug>: [FBSceneManager] EXECUTING: <BSEventQueueEvent: 0x281c69ca0; sceneDidActivate-sceneID:dev.selfhost.firstActivationProbe-default(1)>
Aug 27 21:13:49.190656 SpringBoard[47602] <Notice>: didAddExternalForegroundApplicationSceneHandle pid:50521 scene:com.apple.frontboard.systemappservices::sceneID%3Adev.selfhost.firstActivationProbe-default now:<recentPIDs: [50521]; recentSceneIdentityTokensByPID: {50521: [com.apple.frontboard.systemappservices::sceneID%3Adev.selfhost.firstActivationProbe-default]}>
Aug 27 21:13:49.190883 SpringBoard[47602] <Notice>: policy: MRU target:<pid=50521 token=com.apple.frontboard.systemappservices::sceneID%3Adev.selfhost.firstActivationProbe-default>
Aug 27 21:13:49.191130 SpringBoard[47602] <Notice>: policy: now generation: 253; keyboardFocusTarget: <token: com.apple.frontboard.systemappservices::sceneID%3Adev.selfhost.firstActivationProbe-default; pid: 50521>; recentlyUsedScenes: <recentPIDs: [50521]; recentSceneIdentityTokensByPID: {50521: [com.apple.frontboard.systemappservices::sceneID%3Adev.selfhost.firstActivationProbe-default]}>; selectionPolicy: KeyboardArbiter; shouldSuppressRemoteDeferring: 0
Aug 27 21:13:49.193136 SpringBoard(FrontBoard)[47602] <Debug>: [FBSceneManager] EXECUTING: <BSEventQueueEvent: 0x281c0eec0; sceneUpdatePrepared-sceneID:dev.selfhost.firstActivationProbe-default(1)>
Aug 27 21:13:49.193253 SpringBoard(FrontBoard)[47602] <Debug>: [FBSceneManager] PENDING:   <BSEventQueueEvent: 0x281c0c460; sceneUpdatePrepared-sceneID:dev.selfhost.firstActivationProbe-default(1)> @ front
Aug 27 21:13:49.193395 SpringBoard(FrontBoard)[47602] <Debug>: [FBSceneManager] EXECUTING: <BSEventQueueEvent: 0x281c0c460; sceneUpdatePrepared-sceneID:dev.selfhost.firstActivationProbe-default(1)>
Aug 27 21:13:49.193679 SpringBoard(FrontBoard)[47602] <Debug>: [FBSceneManager] EXECUTING: <BSEventQueueEvent: 0x281c6b4c0; applySettings-sceneID:dev.selfhost.firstActivationProbe-default(1)>
Aug 27 21:13:49.193823 SpringBoard(FrontBoard)[47602] <Notice>: [sceneID:dev.selfhost.firstActivationProbe-default] scene content state changed: preparing
Aug 27 21:13:49.194004 SpringBoard(FrontBoard)[47602] <Debug>: [FBSceneManager] PENDING:   <BSEventQueueEvent: 0x281c6d060; contentStateDidChange-sceneID:dev.selfhost.firstActivationProbe-default(1)> @ back
Aug 27 21:13:49.194139 SpringBoard(FrontBoard)[47602] <Debug>: [FBSceneManager] PENDING:   <BSEventQueueEvent: 0x281c6d340; sceneUpdateApplied-sceneID:dev.selfhost.firstActivationProbe-default(1)> @ back
Aug 27 21:13:49.194273 SpringBoard(FrontBoard)[47602] <Debug>: [FBSceneManager] PENDING:   <BSEventQueueEvent: 0x281c6ee20; sceneMutationCompletion-sceneID:dev.selfhost.firstActivationProbe-default(1)> @ back
Aug 27 21:13:49.194574 SpringBoard(FrontBoard)[47602] <Debug>: [FBSceneManager] EXECUTING: <BSEventQueueEvent: 0x281c6d060; contentStateDidChange-sceneID:dev.selfhost.firstActivationProbe-default(1)>
Aug 27 21:13:49.194706 SpringBoard(FrontBoard)[47602] <Notice>: [sceneID:dev.selfhost.firstActivationProbe-default] Scene lifecycle state did change: Foreground
Aug 27 21:13:49.194792 SpringBoard(FrontBoard)[47602] <Debug>: [FBSceneManager] PENDING:   <BSEventQueueEvent: 0x281c0d860; contentStateDidChange-sceneID:dev.selfhost.firstActivationProbe-default(1)> @ front
Aug 27 21:13:49.195273 SpringBoard(FrontBoard)[47602] <Notice>: [sceneID:dev.selfhost.firstActivationProbe-default] Scene assertion state did change: ForegroundFocal.
Aug 27 21:13:49.196632 SpringBoard(FrontBoard)[47602] <Debug>: [FBSceneManager] EXECUTING: <BSEventQueueEvent: 0x281c0d860; contentStateDidChange-sceneID:dev.selfhost.firstActivationProbe-default(1)>
Aug 27 21:13:49.197785 SpringBoard(FrontBoard)[47602] <Notice>: [application<dev.selfhost.firstActivationProbe>:50521] Launch assertion supersedes update of workspace assertion to ForegroundFocal.
Aug 27 21:13:49.199445 SpringBoard(FrontBoard)[47602] <Notice>: [application<dev.selfhost.firstActivationProbe>:50521] Workspace assertion state did change: ForegroundFocal (acquireAssertion = NO).
Aug 27 21:13:49.200188 SpringBoard(FrontBoard)[47602] <Debug>: [FBSceneManager] EXECUTING: <BSEventQueueEvent: 0x281c6d340; sceneUpdateApplied-sceneID:dev.selfhost.firstActivationProbe-default(1)>
Aug 27 21:13:49.200407 SpringBoard(FrontBoard)[47602] <Notice>: [sceneID:dev.selfhost.firstActivationProbe-default] Sending scene action [Logical Activate][0xa638] to process 0x11493e920 (watchdog: 20.00s)
Aug 27 21:13:49.200669 SpringBoard(FrontBoard)[47602] <Debug>: [FBSceneManager] PENDING:   <BSEventQueueEvent: 0x281c6d060; sceneUpdateApplied-sceneID:dev.selfhost.firstActivationProbe-default(1)> @ front
Aug 27 21:13:49.201148 SpringBoard(FrontBoard)[47602] <Debug>: [FBSceneManager] EXECUTING: <BSEventQueueEvent: 0x281c6d060; sceneUpdateApplied-sceneID:dev.selfhost.firstActivationProbe-default(1)>
Aug 27 21:13:49.201959 SpringBoard(FrontBoard)[47602] <Debug>: [FBSceneManager] EXECUTING: <BSEventQueueEvent: 0x281c6ee20; sceneMutationCompletion-sceneID:dev.selfhost.firstActivationProbe-default(1)>
Aug 27 21:13:49.202233 SpringBoard(FrontBoard)[47602] <Debug>: ---------- END SCENE MUTATION: sceneID:dev.selfhost.firstActivationProbe-default
Aug 27 21:13:49.202751 SpringBoard(FrontBoardServices)[47602] <Info>: [application<dev.selfhost.firstActivationProbe>:50521] [realTime] Now monitoring resource allowance of 20.00s (at refreshInterval -1.00s)
Aug 27 21:13:49.204712 runningboardd(RunningBoard)[33] <Notice>: Assertion 33-47602-7482 (target:[application<dev.selfhost.firstActivationProbe>:50521]) will be created as inactive as originator process has not exited
Aug 27 21:13:49.206181 runningboardd(RunningBoard)[33] <Info>: Received message from [application<dev.selfhost.firstActivationProbe>:50521] (euid 501, auid 501): handshakeWithRequest:
Aug 27 21:13:49.207241 runningboardd(RunningBoard)[33] <Notice>: Setting client for [application<dev.selfhost.firstActivationProbe>:50521] as ready
Aug 27 21:13:49.208773 Runner(RunningBoardServices)[50521] <Notice>: Sending handshake request attempt #1 to server
Aug 27 21:13:49.209065 Runner(RunningBoardServices)[50521] <Notice>: Creating connection to com.apple.runningboard
Aug 27 21:13:49.211809 Runner(CoreFoundation)[50521] <Debug>: found no value for key UIStateRestorationDeveloperMode in CFPrefsSearchListSource<0x282255300> (Domain: dev.selfhost.firstActivationProbe, Container: (null))
Aug 27 21:13:49.211931 Runner(UIKitCore)[50521] <Notice>: Deactivation reason removed: 10; deactivation reasons: 3072 -> 2048; animating application lifecycle event: 0
Aug 27 21:13:49.212136 Runner(RunningBoardServices)[50521] <Notice>: Handshake succeeded
Aug 27 21:13:49.212996 Runner(RunningBoardServices)[50521] <Notice>: Identity resolved as application<dev.selfhost.firstActivationProbe>
Aug 27 21:13:49.213377 Runner(FrontBoardServices)[50521] <Info>: [FBSScene] [sceneID:dev.selfhost.firstActivationProbe-default] Created client agent: <UIApplicationSceneClientAgent: 0x280e58920>
Aug 27 21:13:49.213694 Runner(CoreFoundation)[50521] <Debug>: Resource lookup at <private>
	Result        : file:///private/var/containers/Bundle/Application/1EC21BA9-82AA-4B85-B2FC-10B206BC5C35/Runner.app/Base.lproj/Main.storyboardc/
Aug 27 21:13:49.214043 Runner(CoreFoundation)[50521] <Debug>: Resource lookup at <private>
	Result        : file:///private/var/containers/Bundle/Application/1EC21BA9-82AA-4B85-B2FC-10B206BC5C35/Runner.app/Base.lproj/Main.storyboardc/
Aug 27 21:13:49.214266 Runner(CoreFoundation)[50521] <Debug>: found no value for key _UICanvasShouldDeliverCanvasActionsToCanvasDelegateOnlyKey in CFPrefsSearchListSource<0x282255300> (Domain: dev.selfhost.firstActivationProbe, Container: (null))
Aug 27 21:13:49.214478 Runner(CoreFoundation)[50521] <Debug>: found no value for key LogBackgroundTask in CFPrefsSearchListSource<0x282254800> (Domain: com.apple.UIKit, Container: (null))
Aug 27 21:13:49.214657 Runner(UIKitCore)[50521] <Notice>: <private>: Will add backgroundTask with taskName: <private>, expirationHandler: <__NSGlobalBlock__: 0x1ec737410>
Aug 27 21:13:49.214814 Runner(UIKitCore)[50521] <Notice>: <private>: Created background task <private>. Assertion will be assigned soon
Aug 27 21:13:49.215776 runningboardd(RunningBoard)[33] <Debug>: Adding assertion 33-47602-7482 (target:[application<dev.selfhost.firstActivationProbe>:50521])
Aug 27 21:13:49.215981 runningboardd(RunningBoard)[33] <Info>: Received message from [application<dev.selfhost.firstActivationProbe>:50521] (euid 501, auid 501): acquireAssertionWithDescriptor:error:
Aug 27 21:13:49.216585 runningboardd(RunningBoard)[33] <Info>: application<dev.selfhost.firstActivationProbe> is now targeted by 3 assertions
Aug 27 21:13:49.216967 runningboardd(RunningBoard)[33] <Notice>: Acquiring assertion targeting [application<dev.selfhost.firstActivationProbe>:50521] from originator [application<dev.selfhost.firstActivationProbe>:50521] with description <RBSAssertionDescriptor| "Shared Background Assertion 0 for dev.selfhost.firstActivationProbe" ID:33-50521-7483 target:50521 attributes:[
Aug 27 21:13:49.218255 Runner(UIKitCore)[50521] <Notice>: <private>: Creating new assertion since assertion is nil
Aug 27 21:13:49.218457 Runner(RunningBoardServices)[50521] <Info>: Acquiring assertion: <RBSAssertionDescriptor| "Shared Background Assertion 0 for dev.selfhost.firstActivationProbe" ID:(null) target:50521>
Aug 27 21:13:49.218598 Runner(RunningBoardServices)[50521] <Debug>: Adding assertion 33-50521-7483 to dictionary
Aug 27 21:13:49.218758 Runner(UIKitCore)[50521] <Notice>: <private>: Created new assertion <BKSProcessAssertion: 0x282f52620>
Aug 27 21:13:49.219059 Runner(UIKitCore)[50521] <Notice>: Deactivation reason added: 5; deactivation reasons: 2048 -> 2080; animating application lifecycle event: 1
Aug 27 21:13:49.219281 Runner(CoreFoundation)[50521] <Debug>: found no value for key LogEventDeferring in CFPrefsSearchListSource<0x282254800> (Domain: com.apple.UIKit, Container: (null))
Aug 27 21:13:49.219465 Runner(UIKitCore)[50521] <Notice>: [0x282756bc0] Initialized with scene: <UIWindowScene: 0x121f0e110>; behavior: <_UIEventDeferringBehavior_Default: 0x280c5d2e0>
Aug 27 21:13:49.219677 Runner(CoreFoundation)[50521] <Debug>: found no value for key LogKeyWindow in CFPrefsSearchListSource<0x282254800> (Domain: com.apple.UIKit, Container: (null))
Aug 27 21:13:49.220013 Runner(CoreFoundation)[50521] <Debug>: found no value for key FullKeyboardAccessEnabled in CFPrefsSearchListSource<0x282257080> (Domain: com.apple.Accessibility, Container: (null))
Aug 27 21:13:49.220235 Runner(libAccessibility.dylib)[50521] <Debug>: CF Read: domain = com.apple.Accessibility, preference = FullKeyboardAccessEnabled, appID = (null) result = (null) (-1 - empty, 0 - false, 1 - true)
Aug 27 21:13:49.220479 Runner(CoreFoundation)[50521] <Debug>: found no value for key FullKeyboardAccessEnabled in CFPrefsPlistSource<0x282253280> (Domain: com.apple.Accessibility, User: kCFPreferencesCurrentUser, ByHost: No, Container: (null), Contents Need Refresh: No)
Aug 27 21:13:49.220665 Runner(CoreFoundation)[50521] <Debug>: Resource lookup at <private>
        <SBDeviceApplicationSceneEntity: 0x283e96850; ID: sceneID:dev.selfhost.firstActivationProbe-default; layoutRole: primary>
Aug 27 21:13:49.221198 SpringBoard(FrontBoard)[47602] <Info>: [sceneID:dev.selfhost.firstActivationProbe-default] Client settings updated with diff: <private>
Aug 27 21:13:49.221468 SpringBoard(FrontBoard)[47602] <Info>: [sceneID:dev.selfhost.firstActivationProbe-default] Client settings updated with diff: <private>
        <SBDeviceApplicationSceneEntity: 0x283e96850; ID: sceneID:dev.selfhost.firstActivationProbe-default; layoutRole: primary>
Aug 27 21:13:49.222197 Runner(CoreFoundation)[50521] <Debug>: Resource lookup at <private>
	Result        : file:///private/var/containers/Bundle/Application/1EC21BA9-82AA-4B85-B2FC-10B206BC5C35/Runner.app/Base.lproj/Main.storyboardc/
Aug 27 21:13:49.222643 Runner(CoreFoundation)[50521] <Debug>: Resource lookup at <private>
	Result        : file:///private/var/containers/Bundle/Application/1EC21BA9-82AA-4B85-B2FC-10B206BC5C35/Runner.app/Base.lproj/Main.storyboardc/UIViewController-BYZ-38-t0r.nib
Aug 27 21:13:49.223016 Runner(RunningBoardServices)[50521] <Debug>: Received message from server: async_didChangeInheritances:completion:
Aug 27 21:13:49.223170 Runner(RunningBoardServices)[50521] <Info>: didChangeInheritances
Aug 27 21:13:49.223369 Runner(CoreFoundation)[50521] <Debug>: found no value for key UITraitCollectionInvalidationDebuggingModeEnabled in CFPrefsSearchListSource<0x282255300> (Domain: dev.selfhost.firstActivationProbe, Container: (null))
Aug 27 21:13:49.223658 Runner(CoreFoundation)[50521] <Debug>: Resource lookup at <private>
Aug 27 21:13:49.223927 Runner(CoreFoundation)[50521] <Debug>: Language lookup at <private>
Aug 27 21:13:49.224108 Runner(CoreFoundation)[50521] <Debug>: Resource lookup at <private>
	Result        : file:///var/containers/Bundle/Application/1EC21BA9-82AA-4B85-B2FC-10B206BC5C35/Runner.app/Frameworks/Flutter.framework/icudtl.dat
Aug 27 21:13:49.224343 Runner(Flutter)[50521] <Notice>: SANITY CHECK: Running precompiled code.
Aug 27 21:13:49.224550 Runner(CoreFoundation)[50521] <Debug>: Resource lookup at <private>
Aug 27 21:13:49.224763 Runner(CoreFoundation)[50521] <Debug>: Resource lookup at <private>
	Result        : file:///private/var/containers/Bundle/Application/1EC21BA9-82AA-4B85-B2FC-10B206BC5C35/Runner.app/Frameworks/App.framework/
Aug 27 21:13:49.224966 Runner(Flutter)[50521] <Notice>: Using App.framework from /private/var/containers/Bundle/Application/1EC21BA9-82AA-4B85-B2FC-10B206BC5C35/Runner.app/Frameworks/App.framework
Aug 27 21:13:49.225200 Runner(CoreFoundation)[50521] <Debug>: Language lookup at <private>
Aug 27 21:13:49.225433 Runner(CoreFoundation)[50521] <Debug>: Resource lookup at <private>
Aug 27 21:13:49.225657 Runner(CoreFoundation)[50521] <Debug>: Resource lookup at <private>
Aug 27 21:13:49.225843 Runner(CoreFoundation)[50521] <Debug>: Resource lookup at <private>
	Result        : file:///var/containers/Bundle/Application/1EC21BA9-82AA-4B85-B2FC-10B206BC5C35/Runner.app/Frameworks/App.framework/flutter_assets/
Aug 27 21:13:49.225973 Runner(Flutter)[50521] <Notice>: ASSET PATH /var/containers/Bundle/Application/1EC21BA9-82AA-4B85-B2FC-10B206BC5C35/Runner.app/Frameworks/App.framework/flutter_assets
Aug 27 21:13:49.226068 Runner(CoreFoundation)[50521] <Debug>: Resource lookup at <private>
Aug 27 21:13:49.226803 SpringBoard(SplashBoard)[47602] <Info>: <XBApplicationSnapshot: 0x109ddf7d0; …2F3B89D0D3F1> [dev.selfhost.firstActivationProbe] not purging the cached image; force: 0; _imageAccessCount: 1; _keepImageAccessUntilExpiration: 0; _hasProtectedContent: 0; _keepImageAccessForPreheat: 0
Aug 27 21:13:49.227015 SpringBoard[47602] <Notice>: Application process state changed for dev.selfhost.firstActivationProbe: <SBApplicationProcessState: 0x281dadb40; pid: 50521; taskState: Running; visibility: Foreground>
Aug 27 21:13:49.229825 SpringBoard[47602] <Info>: -[SBApplication _processWillLaunch:] dev.selfhost.firstActivationProbe
Aug 27 21:13:49.230117 SpringBoard[47602] <Notice>: Application process state changed for dev.selfhost.firstActivationProbe: <SBApplicationProcessState: 0x281c392a0; pid: 50521; taskState: Running; visibility: Foreground>
Aug 27 21:13:49.230285 SpringBoard[47602] <Info>: -[SBApplication _processDidLaunch:] dev.selfhost.firstActivationProbe
Aug 27 21:13:49.230390 SpringBoard[47602] <Notice>: Application process state changed for dev.selfhost.firstActivationProbe: <SBApplicationProcessState: 0x281da94e0; pid: 50521; taskState: Running; visibility: Foreground>
Aug 27 21:13:49.231916 SpringBoard(FrontBoard)[47602] <Info>: Client intercepting scene update for scene: sceneID:dev.selfhost.firstActivationProbe-default
Aug 27 21:13:49.232024 SpringBoard(FrontBoard)[47602] <Debug>: START SCENE MUTATION ------- sceneID:dev.selfhost.firstActivationProbe-default
Aug 27 21:13:49.232120 SpringBoard(FrontBoard)[47602] <Debug>: [FBSceneManager] PENDING:   <BSEventQueueEvent: 0x281c38000; sceneUpdatePrepared-sceneID:dev.selfhost.firstActivationProbe-default(2)> @ back
Aug 27 21:13:49.232204 SpringBoard(FrontBoard)[47602] <Debug>: [FBSceneManager] PENDING:   <BSEventQueueEvent: 0x281c39860; applySettings-sceneID:dev.selfhost.firstActivationProbe-default(2)> @ back
Aug 27 21:13:49.232294 SpringBoard(FrontBoard)[47602] <Debug>: Flushing all events for sceneID:dev.selfhost.firstActivationProbe-default
Aug 27 21:13:49.232379 SpringBoard(FrontBoard)[47602] <Debug>: [FBSceneManager] EXECUTING: <BSEventQueueEvent: 0x281c38000; sceneUpdatePrepared-sceneID:dev.selfhost.firstActivationProbe-default(2)>
Aug 27 21:13:49.232465 SpringBoard(FrontBoard)[47602] <Debug>: [FBSceneManager] PENDING:   <BSEventQueueEvent: 0x281c3a900; sceneUpdatePrepared-sceneID:dev.selfhost.firstActivationProbe-default(2)> @ front
Aug 27 21:13:49.232547 SpringBoard(FrontBoard)[47602] <Debug>: [FBSceneManager] EXECUTING: <BSEventQueueEvent: 0x281c3a900; sceneUpdatePrepared-sceneID:dev.selfhost.firstActivationProbe-default(2)>
Aug 27 21:13:49.232792 SpringBoard(FrontBoard)[47602] <Debug>: [FBSceneManager] EXECUTING: <BSEventQueueEvent: 0x281c39860; applySettings-sceneID:dev.selfhost.firstActivationProbe-default(2)>
Aug 27 21:13:49.232938 SpringBoard(FrontBoard)[47602] <Debug>: [FBSceneManager] PENDING:   <BSEventQueueEvent: 0x281c38a80; sceneUpdateApplied-sceneID:dev.selfhost.firstActivationProbe-default(2)> @ back
Aug 27 21:13:49.233111 Runner(CoreFoundation)[50521] <Debug>: Resource lookup at <private>
Aug 27 21:13:49.233197 Runner(RunningBoardServices)[50521] <Info>: didChangeInheritances: <RBSInheritanceChangeSet| gained:{(
Aug 27 21:13:49.233305 Runner(Flutter)[50521] <Notice>: [INFO:flutter/shell/common/shorebird/shorebird.cc(112)] [shorebird] SetBaseSnapshot mappings: vm_data_size=5178 iso_data_size=556021 vm_insns_size=43584 iso_insns_size=1818768 total=2423551
Aug 27 21:13:49.233390 Runner(Flutter)[50521] <Notice>: [shorebird] Preparing next boot.
Aug 27 21:13:49.233473 Runner(Flutter)[50521] <Notice>: [shorebird] No public key configured; skipping signature verification
Aug 27 21:13:49.233630 SpringBoard(FrontBoard)[47602] <Debug>: [FBSceneManager] PENDING:   <BSEventQueueEvent: 0x281c38a20; sceneMutationCompletion-sceneID:dev.selfhost.firstActivationProbe-default(2)> @ back
Aug 27 21:13:49.233752 SpringBoard(FrontBoard)[47602] <Debug>: [FBSceneManager] EXECUTING: <BSEventQueueEvent: 0x281c38a80; sceneUpdateApplied-sceneID:dev.selfhost.firstActivationProbe-default(2)>
Aug 27 21:13:49.233846 SpringBoard(FrontBoard)[47602] <Debug>: [FBSceneManager] PENDING:   <BSEventQueueEvent: 0x281db9000; sceneUpdateApplied-sceneID:dev.selfhost.firstActivationProbe-default(2)> @ front
Aug 27 21:13:49.233936 SpringBoard(FrontBoard)[47602] <Info>: [sceneID:dev.selfhost.firstActivationProbe-default] Sending scene action [Forward Event][0xc7e4] to process 0x11493e920 (watchdog: none)
Aug 27 21:13:49.234094 SpringBoard(FrontBoard)[47602] <Debug>: [FBSceneManager] EXECUTING: <BSEventQueueEvent: 0x281db9000; sceneUpdateApplied-sceneID:dev.selfhost.firstActivationProbe-default(2)>
Aug 27 21:13:49.234356 SpringBoard(FrontBoard)[47602] <Debug>: [FBSceneManager] EXECUTING: <BSEventQueueEvent: 0x281c38a20; sceneMutationCompletion-sceneID:dev.selfhost.firstActivationProbe-default(2)>
Aug 27 21:13:49.234440 SpringBoard(FrontBoard)[47602] <Debug>: ---------- END SCENE MUTATION: sceneID:dev.selfhost.firstActivationProbe-default
            SceneID: sceneID:dev.selfhost.firstActivationProbe-default
Aug 27 21:13:49.238805 cfprefsd(CoreFoundation)[91] <Debug>: Process 50521 (Runner) sent a request related to { com.apple.Metal, user: mobile, kCFPreferencesCurrentHost, /Library/Managed Preferences/mobile/com.apple.Metal.plist, managed: 1 } (0x100362850)
Aug 27 21:13:49.239201 cfprefsd(CoreFoundation)[91] <Debug>: Process 50521 (Runner) sent a request related to { com.apple.Metal, user: kCFPreferencesAnyUser, kCFPreferencesCurrentHost, /Library/Managed Preferences/com.apple.Metal.plist, managed: 1 } (0x100362850)
Aug 27 21:13:49.239552 cfprefsd(CoreFoundation)[91] <Debug>: Process 50521 (Runner) sent a request related to { com.apple.Metal, user: mobile, kCFPreferencesAnyHost, /var/mobile/Library/Preferences/com.apple.Metal.plist, managed: 0 } (0x100362850)
Aug 27 21:13:49.239936 Runner(Flutter)[50521] <Notice>: [shorebird] Prepared boot of patch 2.
Aug 27 21:13:49.240038 Runner(Flutter)[50521] <Notice>: [INFO:flutter/shell/common/shorebird/shorebird.cc(663)] Shorebird updater: active path: /private/var/mobile/Containers/Data/Application/18E6667F-E66B-4E74-92D9-B14869861554/Library/Application Support/shorebird/shorebird_updater/patches/2/dlc.vmcode
Aug 27 21:13:49.240252 Runner(Flutter)[50521] <Notice>: [INFO:flutter/shell/common/shorebird/shorebird.cc(686)] Shorebird updater: active patch is a Route B container
Aug 27 21:13:49.240415 Runner(Flutter)[50521] <Notice>: [INFO:flutter/shell/common/shorebird/shorebird.cc(762)] Starting Shorebird update
Aug 27 21:13:49.241872 Runner(CoreFoundation)[50521] <Debug>: Resource lookup at <private>
Aug 27 21:13:49.242026 Runner(CoreFoundation)[50521] <Debug>: setting new value <private> for key <private> in CFPrefsSource<0x281954980> (Domain: Volatile, User: , ByHost: No, Container: , Contents Need Refresh: No)
Aug 27 21:13:49.242146 Runner(CoreFoundation)[50521] <Debug>: looked up value <private> for key METAL_DEVICE_WRAPPER_TYPE in CFPrefsSource<0x281954980> (Domain: Volatile, User: , ByHost: No, Container: , Contents Need Refresh: No) via CFPrefsSearchListSource<0x282255300> (Domain: dev.selfhost.firstActivationProbe, Container: (null))
Aug 27 21:13:49.242253 Runner(CoreFoundation)[50521] <Debug>: CFPrefsManagedSource<0x28225a580> (Domain: com.apple.Metal, User: kCFPreferencesCurrentUser, ByHost: Yes, Container: (null), Contents Need Refresh: No) loaded: an empty base plist and no additional changes from the base plist
Aug 27 21:13:49.242416 Runner(CoreFoundation)[50521] <Debug>: CFPrefsManagedSource<0x28225a680> (Domain: com.apple.Metal, User: kCFPreferencesAnyUser, ByHost: Yes, Container: (null), Contents Need Refresh: No) loaded: an empty base plist and no additional changes from the base plist
Aug 27 21:13:49.242568 Runner(CoreFoundation)[50521] <Debug>: CFPrefsPlistSource<0x28225a500> (Domain: com.apple.Metal, User: kCFPreferencesCurrentUser, ByHost: No, Container: (null), Contents Need Refresh: No) loaded: an empty base plist and no additional changes from the base plist
Aug 27 21:13:49.242774 Runner(CoreFoundation)[50521] <Debug>: CFPrefsPlistSource<0x28225a800> (Domain: com.apple.Metal, User: kCFPreferencesAnyUser, ByHost: Yes, Container: (null), Contents Need Refresh: No) loaded: an empty base plist and no additional changes from the base plist
Aug 27 21:13:49.244081 SpringBoard(FrontBoard)[47602] <Info>: [sceneID:dev.selfhost.firstActivationProbe-default] didUpdateClientSettingsWithDiff: <private>
Aug 27 21:13:49.244200 SpringBoard(FrontBoard)[47602] <Debug>: [FBSceneManager] PENDING:   <BSEventQueueEvent: 0x281db2a40; handleDidUpdateClientSettings-sceneID:dev.selfhost.firstActivationProbe-default(2)> @ back
Aug 27 21:13:49.244367 SpringBoard(FrontBoard)[47602] <Debug>: [FBSceneManager] EXECUTING: <BSEventQueueEvent: 0x281db2a40; handleDidUpdateClientSettings-sceneID:dev.selfhost.firstActivationProbe-default(2)>
Aug 27 21:13:49.244757 SpringBoard(FrontBoard)[47602] <Debug>: [FBSceneManager] PENDING:   <BSEventQueueEvent: 0x281db2380; didUpdateClientSettings-sceneID:dev.selfhost.firstActivationProbe-default(2)> @ back
Aug 27 21:13:49.244917 SpringBoard(FrontBoard)[47602] <Debug>: [FBSceneManager] PENDING:   <BSEventQueueEvent: 0x281db2c40; didUpdateClientSettingsCompletion-sceneID:dev.selfhost.firstActivationProbe-default(2)> @ back
Aug 27 21:13:49.246738 SpringBoard(FrontBoard)[47602] <Debug>: [FBSceneManager] EXECUTING: <BSEventQueueEvent: 0x281db2380; didUpdateClientSettings-sceneID:dev.selfhost.firstActivationProbe-default(2)>
Aug 27 21:13:49.247425 SpringBoard(FrontBoard)[47602] <Debug>: [FBSceneManager] PENDING:   <BSEventQueueEvent: 0x281c38620; didUpdateClientSettings-sceneID:dev.selfhost.firstActivationProbe-default(2)> @ front
Aug 27 21:13:49.247823 SpringBoard(FrontBoard)[47602] <Debug>: [FBSceneManager] EXECUTING: <BSEventQueueEvent: 0x281c38620; didUpdateClientSettings-sceneID:dev.selfhost.firstActivationProbe-default(2)>
Aug 27 21:13:49.250846 SpringBoard(FrontBoard)[47602] <Debug>: [FBSceneManager] EXECUTING: <BSEventQueueEvent: 0x281db2c40; didUpdateClientSettingsCompletion-sceneID:dev.selfhost.firstActivationProbe-default(2)>
Aug 27 21:13:49.251625 SpringBoard(FrontBoard)[47602] <Info>: [sceneID:dev.selfhost.firstActivationProbe-default] didUpdateClientSettingsWithDiff: <private>
Aug 27 21:13:49.251752 SpringBoard(FrontBoard)[47602] <Debug>: [FBSceneManager] PENDING:   <BSEventQueueEvent: 0x281db2160; handleDidUpdateClientSettings-sceneID:dev.selfhost.firstActivationProbe-default(2)> @ back
Aug 27 21:13:49.251865 SpringBoard(FrontBoard)[47602] <Debug>: [FBSceneManager] EXECUTING: <BSEventQueueEvent: 0x281db2160; handleDidUpdateClientSettings-sceneID:dev.selfhost.firstActivationProbe-default(2)>
Aug 27 21:13:49.252298 SpringBoard(FrontBoard)[47602] <Debug>: [FBSceneManager] PENDING:   <BSEventQueueEvent: 0x281c38c20; didUpdateClientSettings-sceneID:dev.selfhost.firstActivationProbe-default(2)> @ back
Aug 27 21:13:49.252631 SpringBoard(FrontBoard)[47602] <Debug>: [FBSceneManager] PENDING:   <BSEventQueueEvent: 0x281c38ee0; didUpdateClientSettingsCompletion-sceneID:dev.selfhost.firstActivationProbe-default(2)> @ back
Aug 27 21:13:49.253162 SpringBoard(FrontBoard)[47602] <Debug>: [FBSceneManager] EXECUTING: <BSEventQueueEvent: 0x281c38c20; didUpdateClientSettings-sceneID:dev.selfhost.firstActivationProbe-default(2)>
Aug 27 21:13:49.253323 SpringBoard(FrontBoard)[47602] <Debug>: [FBSceneManager] PENDING:   <BSEventQueueEvent: 0x281c38800; didUpdateClientSettings-sceneID:dev.selfhost.firstActivationProbe-default(2)> @ front
Aug 27 21:13:49.254005 SpringBoard(FrontBoard)[47602] <Debug>: [FBSceneManager] EXECUTING: <BSEventQueueEvent: 0x281c38800; didUpdateClientSettings-sceneID:dev.selfhost.firstActivationProbe-default(2)>
Aug 27 21:13:49.254724 SpringBoard(FrontBoard)[47602] <Debug>: [FBSceneManager] EXECUTING: <BSEventQueueEvent: 0x281c38ee0; didUpdateClientSettingsCompletion-sceneID:dev.selfhost.firstActivationProbe-default(2)>
Aug 27 21:13:49.256211 Runner(CoreFoundation)[50521] <Debug>: found no value for key UseMetalTelemetry in CFPrefsSearchListSource<0x28225a600> (Domain: com.apple.Metal, Container: (null))
Aug 27 21:13:49.256334 Runner(CoreFoundation)[50521] <Debug>: Resource lookup at <private>
Aug 27 21:13:49.257342 runningboardd(RunningBoard)[33] <Notice>: Assertion 33-50521-7483 (target:[application<dev.selfhost.firstActivationProbe>:50521]) will be created as inactive as start-time-defining assertions exist
Aug 27 21:13:49.257534 Runner(CoreFoundation)[50521] <Debug>: found no value for key MetalForceCaptureEnabled in CFPrefsSearchListSource<0x282255300> (Domain: dev.selfhost.firstActivationProbe, Container: (null))
Aug 27 21:13:49.257687 Runner(CoreFoundation)[50521] <Debug>: found no value for key VertexInstanceBoundsCheckMode in CFPrefsSearchListSource<0x28225a600> (Domain: com.apple.Metal, Container: (null))
Aug 27 21:13:49.257827 Runner(CoreFoundation)[50521] <Debug>: found no value for key DisableDriverSuballocation in CFPrefsSearchListSource<0x28225a600> (Domain: com.apple.Metal, Container: (null))
Aug 27 21:13:49.257954 Runner(CoreFoundation)[50521] <Debug>: found no value for key CPUMappingForPrivateTexturesMode in CFPrefsSearchListSource<0x28225a600> (Domain: com.apple.Metal, Container: (null))
Aug 27 21:13:49.258065 Runner(CoreFoundation)[50521] <Debug>: found no value for key IOSurfaceCompressedWriteValidation in CFPrefsSearchListSource<0x28225a600> (Domain: com.apple.Metal, Container: (null))
Aug 27 21:13:49.258245 Runner(CoreFoundation)[50521] <Debug>: Language lookup at <private>
Aug 27 21:13:49.258415 Runner(CoreFoundation)[50521] <Debug>: Resource lookup at <private>
Aug 27 21:13:49.258589 Runner(CoreFoundation)[50521] <Debug>: Resource lookup at <private>
Aug 27 21:13:49.258711 Runner(CoreFoundation)[50521] <Debug>: Resource lookup at <private>
Aug 27 21:13:49.258817 Runner(CoreFoundation)[50521] <Debug>: Resource lookup at <private>
Aug 27 21:13:49.259098 runningboardd(RunningBoard)[33] <Info>: Finished acquiring assertion 33-47602-7482 (target:[application<dev.selfhost.firstActivationProbe>:50521])
Aug 27 21:13:49.259205 runningboardd(RunningBoard)[33] <Debug>: Sending state 0x1010f6d80 for application<dev.selfhost.firstActivationProbe> to [daemon<com.apple.SpringBoard>:47602]
Aug 27 21:13:49.259381 runningboardd(RunningBoard)[33] <Info>: Finished acquiring assertion 33-47602-7480 (target:application<dev.selfhost.firstActivationProbe>)
Aug 27 21:13:49.259465 Runner(CoreFoundation)[50521] <Debug>: Resource lookup at <private>
Aug 27 21:13:49.259584 Runner(CoreFoundation)[50521] <Debug>: Resource lookup at <private>
Aug 27 21:13:49.259959 Runner(CoreFoundation)[50521] <Debug>: Resource lookup at <private>
Aug 27 21:13:49.260083 Runner(CoreFoundation)[50521] <Debug>: Resource lookup at <private>
Aug 27 21:13:49.260327 Runner(CoreFoundation)[50521] <Debug>: Resource lookup at <private>
Aug 27 21:13:49.261341 Runner(CoreFoundation)[50521] <Debug>: Resource lookup at <private>
Aug 27 21:13:49.261518 Runner(CoreFoundation)[50521] <Debug>: Resource lookup at <private>
Aug 27 21:13:49.261632 Runner(CoreFoundation)[50521] <Debug>: Resource lookup at <private>
Aug 27 21:13:49.261725 Runner(CoreFoundation)[50521] <Debug>: Resource lookup at <private>
Aug 27 21:13:49.261819 Runner(CoreFoundation)[50521] <Debug>: Resource lookup at <private>
Aug 27 21:13:49.261932 Runner(CoreFoundation)[50521] <Debug>: Resource lookup at <private>
Aug 27 21:13:49.262079 Runner(CoreFoundation)[50521] <Debug>: Resource lookup at <private>
Aug 27 21:13:49.265233 runningboardd(RunningBoard)[33] <Debug>: Adding assertion 33-50521-7483 (target:[application<dev.selfhost.firstActivationProbe>:50521])
Aug 27 21:13:49.265446 useractivityd[184] <Debug>: userInactivePowerAssertion, setting to NO, so removing power assertion & triggering idle determination.
Aug 27 21:13:49.266336 runningboardd(RunningBoard)[33] <Info>: [application<dev.selfhost.firstActivationProbe>:50521] Disabled CPU monitoring
Aug 27 21:13:49.266449 SpringBoard(RunningBoardServices)[47602] <Info>: Update delivered for [application<dev.selfhost.firstActivationProbe>:50521] with taskState 4
Aug 27 21:13:49.266554 runningboardd(RunningBoard)[33] <Info>: application<dev.selfhost.firstActivationProbe> is now targeted by 4 assertions
Aug 27 21:13:49.266655 useractivityd[184] <Debug>: SCHEDULE:idleDetermination scheduleNext, interval=0
Aug 27 21:13:49.266748 runningboardd(RunningBoard)[33] <Info>: [application<dev.selfhost.firstActivationProbe>:50521] Reset CPU monitoring limits to defaults
Aug 27 21:13:49.266859 useractivityd[184] <Debug>: SCHEDULE:idleDetermination, next=NOW ( was forever ) freq=0
Aug 27 21:13:49.268238 runningboardd(RunningBoard)[33] <Info>: [application<dev.selfhost.firstActivationProbe>:50521] Resumed CPU monitoring
Aug 27 21:13:49.268431 kernel(Sandbox)[0] <Error>: Sandbox: Runner(50521) deny(1) sysctl-read kern.iossupportversion
Aug 27 21:13:49.268810 runningboardd(RunningBoard)[33] <Info>: Finished acquiring assertion 33-33-7481 (target:[application<dev.selfhost.firstActivationProbe>:50521])
Aug 27 21:13:49.268993 useractivityd[184] <Debug>: SCHEDULE:idleDetermination, run.
Aug 27 21:13:49.269351 runningboardd(RunningBoard)[33] <Info>: [application<dev.selfhost.firstActivationProbe>:50521] Applying updated state
Aug 27 21:13:49.269662 runningboardd(RunningBoard)[33] <Debug>: Decrementing suppression state to 1 for application<dev.selfhost.firstActivationProbe>
Aug 27 21:13:49.269838 SpringBoard(RunningBoardServices)[47602] <Info>: Update delivered for [application<dev.selfhost.firstActivationProbe>:50521] with taskState 4
Aug 27 21:13:49.269959 runningboardd(RunningBoard)[33] <Notice>: Successfully acquired underlying assertion for [application<dev.selfhost.firstActivationProbe>:50521]
Aug 27 21:13:49.271027 runningboardd(RunningBoard)[33] <Info>: Finished acquiring assertion 33-50521-7483 (target:[application<dev.selfhost.firstActivationProbe>:50521])
Aug 27 21:13:49.271420 runningboardd(RunningBoard)[33] <Debug>: Sending state 0x1010f6d80 for application<dev.selfhost.firstActivationProbe> to [daemon<com.apple.mediaserverd>:36]
Aug 27 21:13:49.272045 Runner(CoreFoundation)[50521] <Debug>: found no value for key UIViewLayoutFeedbackLoopDebuggingThreshold in CFPrefsSearchListSource<0x282255300> (Domain: dev.selfhost.firstActivationProbe, Container: (null))
Aug 27 21:13:49.272129 Runner(CoreFoundation)[50521] <Debug>: found no value for key UIViewUseStaleDelegateContentInsets in CFPrefsSearchListSource<0x282255300> (Domain: dev.selfhost.firstActivationProbe, Container: (null))
Aug 27 21:13:49.272284 Runner(CoreFoundation)[50521] <Debug>: found no value for key _UIConstraintBasedLayoutEngageNonLazily in CFPrefsSearchListSource<0x282255300> (Domain: dev.selfhost.firstActivationProbe, Container: (null))
Aug 27 21:13:49.272405 cfprefsd(CoreFoundation)[91] <Debug>: Process 50521 (Runner) sent a request related to { com.apple.Metal, user: kCFPreferencesAnyUser, kCFPreferencesCurrentHost, /var/preferences/com.apple.Metal.plist, managed: 0 } (0x100362850)
Aug 27 21:13:49.272492 Runner(CoreFoundation)[50521] <Debug>: Resource lookup at <private>
Aug 27 21:13:49.272576 Runner(CoreFoundation)[50521] <Debug>: Resource lookup at <private>
Aug 27 21:13:49.272709 Runner(CoreFoundation)[50521] <Debug>: setting new value <private> for key <private> in CFPrefsSource<0x281954980> (Domain: Volatile, User: , ByHost: No, Container: , Contents Need Refresh: No)
Aug 27 21:13:49.273072 Runner(CoreFoundation)[50521] <Debug>: looked up value <private> for key METAL_ERROR_MODE in CFPrefsSource<0x281954980> (Domain: Volatile, User: , ByHost: No, Container: , Contents Need Refresh: No) via CFPrefsSearchListSource<0x282255300> (Domain: dev.selfhost.firstActivationProbe, Container: (null))
Aug 27 21:13:49.273204 Runner(CoreFoundation)[50521] <Debug>: setting new value <private> for key <private> in CFPrefsSource<0x281954980> (Domain: Volatile, User: , ByHost: No, Container: , Contents Need Refresh: No)
Aug 27 21:13:49.273316 Runner(CoreFoundation)[50521] <Debug>: looked up value <private> for key METAL_DEBUG_ERROR_MODE in CFPrefsSource<0x281954980> (Domain: Volatile, User: , ByHost: No, Container: , Contents Need Refresh: No) via CFPrefsSearchListSource<0x282255300> (Domain: dev.selfhost.firstActivationProbe, Container: (null))
Aug 27 21:13:49.273423 Runner(CoreFoundation)[50521] <Debug>: setting new value <private> for key <private> in CFPrefsSource<0x281954980> (Domain: Volatile, User: , ByHost: No, Container: , Contents Need Refresh: No)
Aug 27 21:13:49.274035 runningboardd(RunningBoard)[33] <Debug>: Sending state 0x1010f6d80 for application<dev.selfhost.firstActivationProbe> to [daemon<com.apple.symptomsd>:170]
Aug 27 21:13:49.274393 runningboardd(RunningBoard)[33] <Debug>: Updating events for assertion: 33-47602-7480 (target:application<dev.selfhost.firstActivationProbe>)
Aug 27 21:13:49.274707 runningboardd(RunningBoard)[33] <Debug>: Removing events for context: 33-47602-7480 (target:application<dev.selfhost.firstActivationProbe>)
Aug 27 21:13:49.274878 kernel(Sandbox)[0] <Error>: Sandbox: Runner(50521) deny(1) sysctl-read machdep.cpu.brand_string
Aug 27 21:13:49.274994 runningboardd(RunningBoard)[33] <Notice>: [application<dev.selfhost.firstActivationProbe>:50521] reported to RB as running
Aug 27 21:13:49.275269 runningboardd(RunningBoard)[33] <Debug>: Enqueueing events for assertion: 33-47602-7480 (target:application<dev.selfhost.firstActivationProbe>)
Aug 27 21:13:49.275708 runningboardd(RunningBoard)[33] <Debug>: Updating events for assertion: 33-33-7481 (target:[application<dev.selfhost.firstActivationProbe>:50521])
Aug 27 21:13:49.276267 runningboardd(RunningBoard)[33] <Debug>: Removing events for context: 33-33-7481 (target:[application<dev.selfhost.firstActivationProbe>:50521])
Aug 27 21:13:49.276594 runningboardd(RunningBoard)[33] <Debug>: Enqueueing events for assertion: 33-33-7481 (target:[application<dev.selfhost.firstActivationProbe>:50521])
Aug 27 21:13:49.276899 runningboardd(RunningBoard)[33] <Debug>: Updating events for assertion: 33-47602-7482 (target:[application<dev.selfhost.firstActivationProbe>:50521])
Aug 27 21:13:49.277318 runningboardd(RunningBoard)[33] <Debug>: Removing events for context: 33-47602-7482 (target:[application<dev.selfhost.firstActivationProbe>:50521])
Aug 27 21:13:49.282551 Runner(CoreFoundation)[50521] <Debug>: looked up value <private> for key METAL_WARNING_MODE in CFPrefsSource<0x281954980> (Domain: Volatile, User: , ByHost: No, Container: , Contents Need Refresh: No) via CFPrefsSearchListSource<0x282255300> (Domain: dev.selfhost.firstActivationProbe, Container: (null))
Aug 27 21:13:49.282823 Runner(CoreFoundation)[50521] <Debug>: setting new value <private> for key <private> in CFPrefsSource<0x281954980> (Domain: Volatile, User: , ByHost: No, Container: , Contents Need Refresh: No)
Aug 27 21:13:49.283054 Runner(CoreFoundation)[50521] <Debug>: looked up value <private> for key METAL_ERROR_CHECK_EXTENDED_MODE in CFPrefsSource<0x281954980> (Domain: Volatile, User: , ByHost: No, Container: , Contents Need Refresh: No) via CFPrefsSearchListSource<0x282255300> (Domain: dev.selfhost.firstActivationProbe, Container: (null))
Aug 27 21:13:49.283312 Runner(CoreFoundation)[50521] <Debug>: found no value for key dataBufferCachingOverride in CFPrefsSearchListSource<0x28225a600> (Domain: com.apple.Metal, Container: (null))
Aug 27 21:13:49.283708 Runner(CoreFoundation)[50521] <Debug>: found no value for key disableBlitEncoderCoalescing in CFPrefsPlistSource<0x28225a500> (Domain: com.apple.Metal, User: kCFPreferencesCurrentUser, ByHost: No, Container: (null), Contents Need Refresh: No)
Aug 27 21:13:49.283881 Runner(CoreFoundation)[50521] <Debug>: found no value for key disableEncoderCoalescing in CFPrefsPlistSource<0x28225a500> (Domain: com.apple.Metal, User: kCFPreferencesCurrentUser, ByHost: No, Container: (null), Contents Need Refresh: No)
Aug 27 21:13:49.285470 Runner(CoreFoundation)[50521] <Debug>: Resource lookup at <private>
Aug 27 21:13:49.285700 Runner(Flutter)[50521] <Notice>: [shorebird] Sending patch check request: PatchCheckRequest { app_id: "235a9d93-ef97-6372-d78a-ce88f798a726", channel: "stable", release_version: "1.3.0+1", platform: "ios", arch: "aarch64", client_id: "eb65ad4b-0c7a-4c80-8d71-7e98c91af47a", current_patch_number: Some(2) }
Aug 27 21:13:49.285867 Runner(CoreFoundation)[50521] <Debug>: Resource lookup at <private>
Aug 27 21:13:49.286007 Runner(CoreFoundation)[50521] <Debug>: looked up value <private> for key AppleLanguages in CFPrefsPlistSource<0x282254a80> (Domain: kCFPreferencesAnyApplication, User: kCFPreferencesCurrentUser, ByHost: No, Container: (null), Contents Need Refresh: No) via CFPrefsSearchListSource<0x282255300> (Domain: dev.selfhost.firstActivationProbe, Container: (null))
Aug 27 21:13:49.286129 Runner(CoreFoundation)[50521] <Debug>: Resource lookup at <private>
Aug 27 21:13:49.286247 Runner(CoreFoundation)[50521] <Debug>: Resource lookup at <private>
Aug 27 21:13:49.286564 Runner(CoreFoundation)[50521] <Debug>: Resource lookup at <private>
Aug 27 21:13:49.286800 Runner(CoreFoundation)[50521] <Debug>: Resource lookup at <private>
Aug 27 21:13:49.287288 Runner(CoreFoundation)[50521] <Debug>: Resource lookup at <private>
Aug 27 21:13:49.290302 Runner(CoreFoundation)[50521] <Debug>: Resource lookup at <private>
Aug 27 21:13:49.290460 Runner(CoreFoundation)[50521] <Debug>: Resource lookup at <private>
	Result        : file:///private/var/containers/Bundle/Application/1EC21BA9-82AA-4B85-B2FC-10B206BC5C35/Runner.app/Base.lproj/LaunchScreen.storyboardc/
Aug 27 21:13:49.290638 runningboardd(RunningBoard)[33] <Debug>: Updating events for assertion: 33-50521-7483 (target:[application<dev.selfhost.firstActivationProbe>:50521])
Aug 27 21:13:49.290835 runningboardd(RunningBoard)[33] <Debug>: Removing events for context: 33-50521-7483 (target:[application<dev.selfhost.firstActivationProbe>:50521])
Aug 27 21:13:49.291311 Runner(CoreFoundation)[50521] <Debug>: Resource lookup at <private>
	Result        : file:///private/var/containers/Bundle/Application/1EC21BA9-82AA-4B85-B2FC-10B206BC5C35/Runner.app/Base.lproj/LaunchScreen.storyboardc/
Aug 27 21:13:49.291417 Runner(CoreFoundation)[50521] <Debug>: Resource lookup at <private>
	Result        : file:///private/var/containers/Bundle/Application/1EC21BA9-82AA-4B85-B2FC-10B206BC5C35/Runner.app/Base.lproj/LaunchScreen.storyboardc/UIViewController-01J-lp-oVM.nib
Aug 27 21:13:49.291536 Runner(CoreFoundation)[50521] <Debug>: Resource lookup at <private>
	Result        : file:///private/var/containers/Bundle/Application/1EC21BA9-82AA-4B85-B2FC-10B206BC5C35/Runner.app/Base.lproj/LaunchScreen.storyboardc/01J-lp-oVM-view-Ze5-6b-2t3.nib
Aug 27 21:13:49.291766 Runner(CoreFoundation)[50521] <Debug>: Resource lookup at <private>
	Result        : file:///private/var/containers/Bundle/Application/1EC21BA9-82AA-4B85-B2FC-10B206BC5C35/Runner.app/Base.lproj/LaunchScreen.storyboardc/
Aug 27 21:13:49.291901 Runner(CoreFoundation)[50521] <Debug>: Resource lookup at <private>
	Result        : file:///private/var/containers/Bundle/Application/1EC21BA9-82AA-4B85-B2FC-10B206BC5C35/Runner.app/Base.lproj/LaunchScreen.storyboardc/01J-lp-oVM-view-Ze5-6b-2t3.nib
Aug 27 21:13:49.292071 Runner(CoreFoundation)[50521] <Debug>: found no value for key _UIConstraintBasedLayout in CFPrefsSearchListSource<0x282255300> (Domain: dev.selfhost.firstActivationProbe, Container: (null))
Aug 27 21:13:49.292203 Runner(CoreFoundation)[50521] <Debug>: Resource lookup at <private>
	Result        : file:///private/var/containers/Bundle/Application/1EC21BA9-82AA-4B85-B2FC-10B206BC5C35/Runner.app/Assets.car
Aug 27 21:13:49.292317 Runner(CoreFoundation)[50521] <Debug>: found no value for key CUIShowDebugLogs in CFPrefsSearchListSource<0x282255300> (Domain: dev.selfhost.firstActivationProbe, Container: (null))
Aug 27 21:13:49.292516 Runner(CoreFoundation)[50521] <Debug>: found no value for key CGAllowDebuggingDefaults in CFPrefsPlistSource<0x282254a80> (Domain: kCFPreferencesAnyApplication, User: kCFPreferencesCurrentUser, ByHost: No, Container: (null), Contents Need Refresh: No)
Aug 27 21:13:49.292713 Runner(CoreFoundation)[50521] <Debug>: found no value for key NSConstraintBasedLayoutTrackAllocation in CFPrefsSearchListSource<0x282255300> (Domain: dev.selfhost.firstActivationProbe, Container: (null))
Aug 27 21:13:49.293246 runningboardd(RunningBoard)[33] <Debug>: [daemon<com.apple.CommCenter>:90] query resolved to [application<dev.selfhost.firstActivationProbe>:50521]
Aug 27 21:13:49.293910 Runner(CoreFoundation)[50521] <Debug>: found no value for key UIViewShowAlignmentRects in CFPrefsSearchListSource<0x282255300> (Domain: dev.selfhost.firstActivationProbe, Container: (null))
Aug 27 21:13:49.294036 Runner(CoreFoundation)[50521] <Debug>: found no value for key NSConstraintBasedLayoutAriadneTracepoints in CFPrefsSearchListSource<0x282255300> (Domain: dev.selfhost.firstActivationProbe, Container: (null))
Aug 27 21:13:49.294132 Runner(CoreFoundation)[50521] <Debug>: Resource lookup at <private>
Aug 27 21:13:49.294268 Runner(CoreFoundation)[50521] <Debug>: found no value for key ReduceMotionEnabled in CFPrefsSearchListSource<0x282257080> (Domain: com.apple.Accessibility, Container: (null))
Aug 27 21:13:49.294441 Runner(libAccessibility.dylib)[50521] <Debug>: CF Read: domain = com.apple.Accessibility, preference = ReduceMotionEnabled, appID = (null) result = (null) (-1 - empty, 0 - false, 1 - true)
Aug 27 21:13:49.294628 Runner(CoreFoundation)[50521] <Debug>: found no value for key ReduceMotionEnabled in CFPrefsPlistSource<0x282253280> (Domain: com.apple.Accessibility, User: kCFPreferencesCurrentUser, ByHost: No, Container: (null), Contents Need Refresh: No)
Aug 27 21:13:49.294761 SpringBoard(FrontBoard)[47602] <Info>: [sceneID:dev.selfhost.firstActivationProbe-default] Client settings updated with diff: <private>
Aug 27 21:13:49.294956 SpringBoard(FrontBoard)[47602] <Info>: [sceneID:dev.selfhost.firstActivationProbe-default] didUpdateClientSettingsWithDiff: <private>
Aug 27 21:13:49.295084 SpringBoard(FrontBoard)[47602] <Debug>: [FBSceneManager] PENDING:   <BSEventQueueEvent: 0x281d8c100; handleDidUpdateClientSettings-sceneID:dev.selfhost.firstActivationProbe-default(2)> @ back
Aug 27 21:13:49.295256 SpringBoard(FrontBoard)[47602] <Debug>: [FBSceneManager] EXECUTING: <BSEventQueueEvent: 0x281d8c100; handleDidUpdateClientSettings-sceneID:dev.selfhost.firstActivationProbe-default(2)>
Aug 27 21:13:49.296618 SpringBoard(FrontBoard)[47602] <Debug>: [FBSceneManager] PENDING:   <BSEventQueueEvent: 0x281d8d8e0; didUpdateClientSettings-sceneID:dev.selfhost.firstActivationProbe-default(2)> @ back
Aug 27 21:13:49.296966 SpringBoard(FrontBoard)[47602] <Debug>: [FBSceneManager] PENDING:   <BSEventQueueEvent: 0x281d8f640; didUpdateClientSettingsCompletion-sceneID:dev.selfhost.firstActivationProbe-default(2)> @ back
Aug 27 21:13:49.298079 SpringBoard(FrontBoard)[47602] <Debug>: [FBSceneManager] EXECUTING: <BSEventQueueEvent: 0x281d8d8e0; didUpdateClientSettings-sceneID:dev.selfhost.firstActivationProbe-default(2)>
Aug 27 21:13:49.298312 SpringBoard(FrontBoard)[47602] <Debug>: [FBSceneManager] PENDING:   <BSEventQueueEvent: 0x281d878a0; didUpdateClientSettings-sceneID:dev.selfhost.firstActivationProbe-default(2)> @ front
Aug 27 21:13:49.298524 SpringBoard(FrontBoard)[47602] <Debug>: [FBSceneManager] EXECUTING: <BSEventQueueEvent: 0x281d878a0; didUpdateClientSettings-sceneID:dev.selfhost.firstActivationProbe-default(2)>
Aug 27 21:13:49.299181 SpringBoard(FrontBoard)[47602] <Debug>: [FBSceneManager] EXECUTING: <BSEventQueueEvent: 0x281d8f640; didUpdateClientSettingsCompletion-sceneID:dev.selfhost.firstActivationProbe-default(2)>
Aug 27 21:13:49.301271 SpringBoard(FrontBoard)[47602] <Info>: [sceneID:dev.selfhost.firstActivationProbe-default] Client settings updated with diff: <private>
Aug 27 21:13:49.301538 SpringBoard(FrontBoard)[47602] <Info>: [sceneID:dev.selfhost.firstActivationProbe-default] didUpdateClientSettingsWithDiff: <private>
Aug 27 21:13:49.301824 SpringBoard(FrontBoard)[47602] <Debug>: [FBSceneManager] PENDING:   <BSEventQueueEvent: 0x281d84060; handleDidUpdateClientSettings-sceneID:dev.selfhost.firstActivationProbe-default(2)> @ back
Aug 27 21:13:49.306380 SpringBoard(FrontBoard)[47602] <Debug>: [FBSceneManager] EXECUTING: <BSEventQueueEvent: 0x281d84060; handleDidUpdateClientSettings-sceneID:dev.selfhost.firstActivationProbe-default(2)>
Aug 27 21:13:49.307183 SpringBoard(FrontBoard)[47602] <Debug>: [FBSceneManager] PENDING:   <BSEventQueueEvent: 0x281d84e80; didUpdateClientSettings-sceneID:dev.selfhost.firstActivationProbe-default(2)> @ back
Aug 27 21:13:49.307423 SpringBoard(FrontBoard)[47602] <Debug>: [FBSceneManager] PENDING:   <BSEventQueueEvent: 0x281d84ae0; didUpdateClientSettingsCompletion-sceneID:dev.selfhost.firstActivationProbe-default(2)> @ back
Aug 27 21:13:49.308160 SpringBoard(FrontBoard)[47602] <Debug>: [FBSceneManager] EXECUTING: <BSEventQueueEvent: 0x281d84e80; didUpdateClientSettings-sceneID:dev.selfhost.firstActivationProbe-default(2)>
Aug 27 21:13:49.308312 SpringBoard(FrontBoard)[47602] <Debug>: [FBSceneManager] PENDING:   <BSEventQueueEvent: 0x281c37640; didUpdateClientSettings-sceneID:dev.selfhost.firstActivationProbe-default(2)> @ front
Aug 27 21:13:49.308676 Runner(CoreFoundation)[50521] <Debug>: Resource lookup at <private>
Aug 27 21:13:49.308959 Runner(CoreFoundation)[50521] <Debug>: Resource lookup at <private>
Aug 27 21:13:49.309292 Runner(CoreFoundation)[50521] <Debug>: Resource lookup at <private>
Aug 27 21:13:49.309851 Runner(CoreFoundation)[50521] <Debug>: Resource lookup at <private>
Aug 27 21:13:49.310055 Runner(CoreFoundation)[50521] <Debug>: found no value for key UIScrollViewForceConvertSafeAreaToContentInsetPreference in CFPrefsSearchListSource<0x282255300> (Domain: dev.selfhost.firstActivationProbe, Container: (null))
Aug 27 21:13:49.310273 Runner(CoreFoundation)[50521] <Debug>: found no value for key UIBarsApplyChromelessEverywhere in CFPrefsSearchListSource<0x282255300> (Domain: dev.selfhost.firstActivationProbe, Container: (null))
Aug 27 21:13:49.310477 SpringBoard(FrontBoard)[47602] <Debug>: [FBSceneManager] EXECUTING: <BSEventQueueEvent: 0x281c37640; didUpdateClientSettings-sceneID:dev.selfhost.firstActivationProbe-default(2)>
Aug 27 21:13:49.310958 SpringBoard(FrontBoard)[47602] <Debug>: [FBSceneManager] EXECUTING: <BSEventQueueEvent: 0x281d84ae0; didUpdateClientSettingsCompletion-sceneID:dev.selfhost.firstActivationProbe-default(2)>
Aug 27 21:13:49.312212 SpringBoard(RunningBoardServices)[47602] <Info>: Update delivered for [application<dev.selfhost.firstActivationProbe>:50521] with taskState 4
Aug 27 21:13:49.348356 mediaserverd(RunningBoardServices)[36] <Notice>: Hit the server for a process handle 40bcbb50000c559 that resolved to: [application<dev.selfhost.firstActivationProbe>:50521]
Aug 27 21:13:49.354271 mediaserverd(RunningBoardServices)[36] <Info>: Update delivered for [application<dev.selfhost.firstActivationProbe>:50521] with taskState 4
Aug 27 21:13:49.359893 mediaserverd(MediaExperience)[36] <Notice>: -CMSessionMgr- CMSessionMgrHandleApplicationStateChange: Client dev.selfhost.firstActivationProbe with pid '50521' is now Foreground Running. Background entitlement: NO ActiveLongFormVideoSession: NO WhitelistedLongFormVideoApp NO
Aug 27 21:13:49.359982 mediaserverd(MediaExperience)[36] <Notice>: -CMSessionMgr- CMSessionMgrHandleApplicationStateChange: Sending EndInterruption to dev.selfhost.firstActivationProbe with pid '50521' because client moved to ForegroundRunning and is not allowed to play in the background
Aug 27 21:13:49.360055 mediaserverd(RunningBoardServices)[36] <Info>: Update delivered for [application<dev.selfhost.firstActivationProbe>:50521] with taskState 4
Aug 27 21:13:49.361381 Runner(RunningBoardServices)[50521] <Debug>: Received message from server: async_didChangeInheritances:completion:
Aug 27 21:13:49.362116 runningboardd(RunningBoard)[33] <Debug>: Sending state update for application<dev.selfhost.firstActivationProbe>: <RBSProcessState| task:running-active debug:none terminationResistance:Interactive endowments:[
	<RBSProcessAssertionInfo| type:2 reason:10000 name:"Domain" domain:"com.apple.frontboard:Bootstrap-Foreground,com.apple.frontboard:Visibility" expl:"FBApplicationProcess">,
	<RBSProcessAssertionInfo| type:1 reason:0 name:"Custom" domain:"(null)" expl:"injecting inherited from "UIScene:com.apple.frontboard.systemappservices::com.apple.springboard" to 50521<UIScene:com.apple.frontboard.systemappservices::sceneID%3Adev.selfhost.firstActivationProbe-default>">
Aug 27 21:13:49.364827 runningboardd(RunningBoard)[33] <Debug>: Sending state 0x1010f6d80 for application<dev.selfhost.firstActivationProbe> to [daemon<com.apple.backboardd>:65]
Aug 27 21:13:49.366844 runningboardd(RunningBoard)[33] <Debug>: Sending state 0x10107c1a0 for application<dev.selfhost.firstActivationProbe> to [daemon<com.apple.SpringBoard>:47602]
Aug 27 21:13:49.367163 runningboardd(RunningBoard)[33] <Debug>: Sending state 0x1010f6d80 for application<dev.selfhost.firstActivationProbe> to [daemon<com.apple.watchdogd>:57]
Aug 27 21:13:49.367526 Runner(RunningBoardServices)[50521] <Info>: didChangeInheritances
Aug 27 21:13:49.367820 Runner(RunningBoardServices)[50521] <Info>: didChangeInheritances: <RBSInheritanceChangeSet| gained:{(
    <RBSInheritance| environment:UIScene:com.apple.frontboard.systemappservices::sceneID%3Adev.selfhost.firstActivationProbe-default name:com.apple.frontboard.visibility origID:33-47602-7484 payload>
Aug 27 21:13:49.368049 Runner(CoreFoundation)[50521] <Debug>: looked up value <private> for key AppleLanguages in CFPrefsPlistSource<0x282254a80> (Domain: kCFPreferencesAnyApplication, User: kCFPreferencesCurrentUser, ByHost: No, Container: (null), Contents Need Refresh: No) via CFPrefsSearchListSource<0x282255300> (Domain: dev.selfhost.firstActivationProbe, Container: (null))
Aug 27 21:13:49.368347 Runner(CoreFoundation)[50521] <Debug>: looked up value <private> for key AppleLanguages in CFPrefsPlistSource<0x282254a80> (Domain: kCFPreferencesAnyApplication, User: kCFPreferencesCurrentUser, ByHost: No, Container: (null), Contents Need Refresh: No) via CFPrefsSearchListSource<0x282255300> (Domain: dev.selfhost.firstActivationProbe, Container: (null))
Aug 27 21:13:49.368813 runningboardd(RunningBoard)[33] <Info>: Received message from [application<dev.selfhost.firstActivationProbe>:50521] (euid 501, auid 501): statesForPredicate:descriptor:error:
Aug 27 21:13:49.369455 Runner(RunningBoardServices)[50521] <Debug>: Decoded RBSProcessHandle with IPC ID 40bcbb50000c559
Aug 27 21:13:49.370130 Runner(RunningBoardServices)[50521] <Notice>: Creating side-channel connection to com.apple.runningboard
Aug 27 21:13:49.370446 Runner(RunningBoardServices)[50521] <Notice>: Hit the server for a process handle 40bcbb50000c559 that resolved to: [application<dev.selfhost.firstActivationProbe>:50521]
Aug 27 21:13:49.370813 SpringBoard(RunningBoardServices)[47602] <Info>: Update skipped for [application<dev.selfhost.firstActivationProbe>:50521] with state: <RBSProcessState| task:running-active debug:none endowments:[
Aug 27 21:13:49.371060 SpringBoard(RunningBoardServices)[47602] <Info>: Update skipped for [application<dev.selfhost.firstActivationProbe>:50521] with state: <RBSProcessState| task:running-active debug:none endowments:[
Aug 27 21:13:49.371407 SpringBoard(FrontBoard)[47602] <Info>: [sceneID:dev.selfhost.firstActivationProbe-default] Client settings updated with diff: <private>
Aug 27 21:13:49.373827 SpringBoard(FrontBoard)[47602] <Info>: [sceneID:dev.selfhost.firstActivationProbe-default] didUpdateClientSettingsWithDiff: <private>
Aug 27 21:13:49.375917 Runner(CoreFoundation)[50521] <Debug>: Resource lookup at <private>
Aug 27 21:13:49.376231 Runner(CoreFoundation)[50521] <Debug>: looked up value <private> for key VoiceOverTouchEnabled in CFPrefsPlistSource<0x282253280> (Domain: com.apple.Accessibility, User: kCFPreferencesCurrentUser, ByHost: No, Container: (null), Contents Need Refresh: No) via CFPrefsSearchListSource<0x282257080> (Domain: com.apple.Accessibility, Container: (null))
Aug 27 21:13:49.377767 Runner(libAccessibility.dylib)[50521] <Debug>: CF Read: domain = com.apple.Accessibility, preference = VoiceOverTouchEnabled, appID = (null) result = 0 (-1 - empty, 0 - false, 1 - true)
Aug 27 21:13:49.378882 Runner(CoreFoundation)[50521] <Debug>: found no value for key AssistiveTouchScannerEnabled in CFPrefsSearchListSource<0x282257080> (Domain: com.apple.Accessibility, Container: (null))
Aug 27 21:13:49.382940 SpringBoard(FrontBoard)[47602] <Debug>: [FBSceneManager] PENDING:   <BSEventQueueEvent: 0x281d485c0; handleDidUpdateClientSettings-sceneID:dev.selfhost.firstActivationProbe-default(4)> @ back
Aug 27 21:13:49.383318 SpringBoard(FrontBoard)[47602] <Debug>: [FBSceneManager] EXECUTING: <BSEventQueueEvent: 0x281d485c0; handleDidUpdateClientSettings-sceneID:dev.selfhost.firstActivationProbe-default(4)>
Aug 27 21:13:49.384310 SpringBoard(FrontBoard)[47602] <Debug>: [FBSceneManager] PENDING:   <BSEventQueueEvent: 0x281d4b1a0; didUpdateClientSettings-sceneID:dev.selfhost.firstActivationProbe-default(4)> @ back
Aug 27 21:13:49.384647 SpringBoard(FrontBoard)[47602] <Debug>: [FBSceneManager] PENDING:   <BSEventQueueEvent: 0x281d48380; didUpdateClientSettingsCompletion-sceneID:dev.selfhost.firstActivationProbe-default(4)> @ back
Aug 27 21:13:49.384977 Runner(libAccessibility.dylib)[50521] <Debug>: CF Read: domain = com.apple.Accessibility, preference = AssistiveTouchScannerEnabled, appID = (null) result = (null) (-1 - empty, 0 - false, 1 - true)
Aug 27 21:13:49.385294 Runner(CoreFoundation)[50521] <Debug>: found no value for key AssistiveTouchScannerEnabled in CFPrefsPlistSource<0x282253280> (Domain: com.apple.Accessibility, User: kCFPreferencesCurrentUser, ByHost: No, Container: (null), Contents Need Refresh: No)
Aug 27 21:13:49.385726 Runner(CoreFoundation)[50521] <Debug>: found no value for key IncreaseButtonLegibilityEnabled in CFPrefsSearchListSource<0x282257080> (Domain: com.apple.Accessibility, Container: (null))
Aug 27 21:13:49.386066 Runner(libAccessibility.dylib)[50521] <Debug>: CF Read: domain = com.apple.Accessibility, preference = IncreaseButtonLegibilityEnabled, appID = (null) result = (null) (-1 - empty, 0 - false, 1 - true)
Aug 27 21:13:49.386421 Runner(CoreFoundation)[50521] <Debug>: found no value for key IncreaseButtonLegibilityEnabled in CFPrefsPlistSource<0x282253280> (Domain: com.apple.Accessibility, User: kCFPreferencesCurrentUser, ByHost: No, Container: (null), Contents Need Refresh: No)
Aug 27 21:13:49.389323 SpringBoard(FrontBoard)[47602] <Debug>: [FBSceneManager] EXECUTING: <BSEventQueueEvent: 0x281d4b1a0; didUpdateClientSettings-sceneID:dev.selfhost.firstActivationProbe-default(4)>
Aug 27 21:13:49.389716 SpringBoard(FrontBoard)[47602] <Debug>: [FBSceneManager] PENDING:   <BSEventQueueEvent: 0x281d483e0; didUpdateClientSettings-sceneID:dev.selfhost.firstActivationProbe-default(4)> @ front
Aug 27 21:13:49.390136 SpringBoard(FrontBoard)[47602] <Debug>: [FBSceneManager] EXECUTING: <BSEventQueueEvent: 0x281d483e0; didUpdateClientSettings-sceneID:dev.selfhost.firstActivationProbe-default(4)>
Aug 27 21:13:49.390880 Runner(CoreFoundation)[50521] <Debug>: found no value for key ReduceMotionAutoplayVideoPreviewsEnabled in CFPrefsSearchListSource<0x282257080> (Domain: com.apple.Accessibility, Container: (null))
Aug 27 21:13:49.391659 Runner(libAccessibility.dylib)[50521] <Debug>: CF Read: domain = com.apple.Accessibility, preference = ReduceMotionAutoplayVideoPreviewsEnabled, appID = (null) result = (null) (-1 - empty, 0 - false, 1 - true)
Aug 27 21:13:49.392077 Runner(CoreFoundation)[50521] <Debug>: found no value for key ReduceMotionAutoplayVideoPreviewsEnabled in CFPrefsPlistSource<0x282253280> (Domain: com.apple.Accessibility, User: kCFPreferencesCurrentUser, ByHost: No, Container: (null), Contents Need Refresh: No)
Aug 27 21:13:49.394477 Runner(CoreFoundation)[50521] <Debug>: looked up value <private> for key SpeechSettingsDisabledByManagedConfiguration in CFPrefsPlistSource<0x282253280> (Domain: com.apple.Accessibility, User: kCFPreferencesCurrentUser, ByHost: No, Container: (null), Contents Need Refresh: No) via CFPrefsSearchListSource<0x282257080> (Domain: com.apple.Accessibility, Container: (null))
Aug 27 21:13:49.394751 Runner(libAccessibility.dylib)[50521] <Debug>: CF Read: domain = com.apple.Accessibility, preference = SpeechSettingsDisabledByManagedConfiguration, appID = (null) result = 0 (-1 - empty, 0 - false, 1 - true)
Aug 27 21:13:49.396228 SpringBoard(FrontBoard)[47602] <Debug>: [FBSceneManager] EXECUTING: <BSEventQueueEvent: 0x281d48380; didUpdateClientSettingsCompletion-sceneID:dev.selfhost.firstActivationProbe-default(4)>
Aug 27 21:13:49.397770 Runner(CoreFoundation)[50521] <Debug>: looked up value <private> for key SpeakThisEnabled in CFPrefsPlistSource<0x282253280> (Domain: com.apple.Accessibility, User: kCFPreferencesCurrentUser, ByHost: No, Container: (null), Contents Need Refresh: No) via CFPrefsSearchListSource<0x282257080> (Domain: com.apple.Accessibility, Container: (null))
Aug 27 21:13:49.397919 Runner(libAccessibility.dylib)[50521] <Debug>: CF Read: domain = com.apple.Accessibility, preference = SpeakThisEnabled, appID = (null) result = 0 (-1 - empty, 0 - false, 1 - true)
Aug 27 21:13:49.398188 Runner(CoreFoundation)[50521] <Debug>: Resource lookup at <private>
Aug 27 21:13:49.398640 runningboardd(RunningBoard)[33] <Info>: _predicatesMatchOnlyAllowedProcess allowing predicate matching self <RBSProcessPredicate <RBSProcessHandlePredicateImpl| application<dev.selfhost.firstActivationProbe>:50521>> for process [application<dev.selfhost.firstActivationProbe>:50521]
Aug 27 21:13:49.399233 runningboardd(RunningBoard)[33] <Info>: Received message from [application<dev.selfhost.firstActivationProbe>:50521] (euid 501, auid 501): lookupHandleForKey:error:
Aug 27 21:13:49.399795 SpringBoard(FrontBoard)[47602] <Info>: [sceneID:dev.selfhost.firstActivationProbe-default] Scene action [Forward Event][0xc7e4] completed with success: 1
Aug 27 21:13:49.399926 SpringBoard(FrontBoard)[47602] <Info>: [sceneID:dev.selfhost.firstActivationProbe-default] Scene action [Forward Event][0xe849] completed with success: 1
Aug 27 21:13:49.400038 SpringBoard(FrontBoard)[47602] <Debug>: [FBSceneManager] PENDING:   <BSEventQueueEvent: 0x281df87c0; updateComplete-sceneID:dev.selfhost.firstActivationProbe-default(4)> @ back
Aug 27 21:13:49.400147 SpringBoard(FrontBoard)[47602] <Info>: [sceneID:dev.selfhost.firstActivationProbe-default] Scene action [Forward Event][0xfb09] completed with success: 1
Aug 27 21:13:49.400342 runningboardd(RunningBoard)[33] <Info>: _predicatesMatchOnlyAllowedProcess allowing predicate matching self <RBSProcessPredicate <RBSProcessHandlePredicateImpl| application<dev.selfhost.firstActivationProbe>:50521>> for process [application<dev.selfhost.firstActivationProbe>:50521]
Aug 27 21:13:49.400487 SpringBoard(FrontBoard)[47602] <Debug>: [FBSceneManager] EXECUTING: <BSEventQueueEvent: 0x281df87c0; updateComplete-sceneID:dev.selfhost.firstActivationProbe-default(4)>
Aug 27 21:13:49.400674 runningboardd(RunningBoard)[33] <Info>: Received message from [application<dev.selfhost.firstActivationProbe>:50521] (euid 501, auid 501): acquireAssertionWithDescriptor:error:
Aug 27 21:13:49.401408 runningboardd(RunningBoard)[33] <Notice>: Acquiring assertion targeting [application<dev.selfhost.firstActivationProbe>:50521] from originator [application<dev.selfhost.firstActivationProbe>:50521] with description <RBSAssertionDescriptor| "systemAnimationFence" ID:33-50521-7485 target:50521 attributes:[
Aug 27 21:13:49.401556 runningboardd(RunningBoard)[33] <Notice>: Assertion 33-50521-7485 (target:[application<dev.selfhost.firstActivationProbe>:50521]) will be created as inactive as start-time-defining assertions exist
Aug 27 21:13:49.401739 runningboardd(RunningBoard)[33] <Debug>: BEGIN suppressing state updates for application<dev.selfhost.firstActivationProbe>
Aug 27 21:13:49.402178 runningboardd(RunningBoard)[33] <Debug>: Incrementing suppression state to 1 for application<dev.selfhost.firstActivationProbe>
Aug 27 21:13:49.402467 runningboardd(RunningBoard)[33] <Debug>: Adding assertion 33-50521-7485 (target:[application<dev.selfhost.firstActivationProbe>:50521])
Aug 27 21:13:49.404958 runningboardd(RunningBoard)[33] <Info>: Received message from [application<dev.selfhost.firstActivationProbe>:50521] (euid 501, auid 501): async_invalidateAssertionWithIdentifier:
    SceneID: sceneID:dev.selfhost.firstActivationProbe-default
    SceneID: sceneID:dev.selfhost.firstActivationProbe-default
Aug 27 21:13:49.407450 SpringBoard(FrontBoard)[47602] <Debug>: [FBSceneManager] PENDING:   <BSEventQueueEvent: 0x281d78240; sceneUpdateCompleted-sceneID:dev.selfhost.firstActivationProbe-default(4)> @ back
Aug 27 21:13:49.407622 SpringBoard(FrontBoard)[47602] <Debug>: [FBSceneManager] EXECUTING: <BSEventQueueEvent: 0x281d78240; sceneUpdateCompleted-sceneID:dev.selfhost.firstActivationProbe-default(4)>
Aug 27 21:13:49.407800 SpringBoard(FrontBoard)[47602] <Debug>: [FBSceneManager] PENDING:   <BSEventQueueEvent: 0x281d484e0; sceneUpdateCompleted-sceneID:dev.selfhost.firstActivationProbe-default(4)> @ front
Aug 27 21:13:49.408060 SpringBoard(FrontBoard)[47602] <Debug>: [FBSceneManager] EXECUTING: <BSEventQueueEvent: 0x281d484e0; sceneUpdateCompleted-sceneID:dev.selfhost.firstActivationProbe-default(4)>
Aug 27 21:13:49.409163 SpringBoard(FrontBoard)[47602] <Debug>: [FBSceneManager] PENDING:   <BSEventQueueEvent: 0x281d486c0; updateComplete-sceneID:dev.selfhost.firstActivationProbe-default(4)> @ back
Aug 27 21:13:49.409320 SpringBoard(FrontBoard)[47602] <Debug>: [FBSceneManager] EXECUTING: <BSEventQueueEvent: 0x281d486c0; updateComplete-sceneID:dev.selfhost.firstActivationProbe-default(4)>
Aug 27 21:13:49.409490 SpringBoard(FrontBoard)[47602] <Debug>: [FBSceneManager] PENDING:   <BSEventQueueEvent: 0x281d483e0; sceneUpdateCompleted-sceneID:dev.selfhost.firstActivationProbe-default(4)> @ back
Aug 27 21:13:49.409618 SpringBoard(FrontBoard)[47602] <Debug>: [FBSceneManager] EXECUTING: <BSEventQueueEvent: 0x281d483e0; sceneUpdateCompleted-sceneID:dev.selfhost.firstActivationProbe-default(4)>
Aug 27 21:13:49.409784 SpringBoard(FrontBoard)[47602] <Debug>: [FBSceneManager] PENDING:   <BSEventQueueEvent: 0x281d48320; sceneUpdateCompleted-sceneID:dev.selfhost.firstActivationProbe-default(4)> @ front
Aug 27 21:13:49.409917 SpringBoard(FrontBoard)[47602] <Debug>: [FBSceneManager] EXECUTING: <BSEventQueueEvent: 0x281d48320; sceneUpdateCompleted-sceneID:dev.selfhost.firstActivationProbe-default(4)>
Aug 27 21:13:49.411914 Runner(RunningBoardServices)[50521] <Debug>: Adding assertion 33-50521-7485 to dictionary
Aug 27 21:13:49.412150 Runner(Flutter)[50521] <Notice>: [shorebird] Patch check response: PatchCheckResponse { patch_available: false, patch: None, rolled_back_patch_numbers: Some([]) }
Aug 27 21:13:49.413012 Runner(Flutter)[50521] <Notice>: [shorebird] Update thread finished with status: No update
Aug 27 21:13:49.415581 mediaserverd(RunningBoardServices)[36] <Info>: Update skipped for [application<dev.selfhost.firstActivationProbe>:50521] with state: <RBSProcessState| task:running-active debug:none endowments:[
Aug 27 21:13:49.415972 mediaserverd(RunningBoardServices)[36] <Info>: Update skipped for [application<dev.selfhost.firstActivationProbe>:50521] with state: <RBSProcessState| task:running-active debug:none endowments:[
Aug 27 21:13:49.418740 useractivityd[184] <Debug>: Determining idleDetermination, entering.
Aug 27 21:13:49.419823 powerd[43] <Notice>: Process runningboardd.33 Created SystemIsActive "application<dev.selfhost.firstActivationProbe>;(null):(null);33-47602-7480:FBApplicationProcess" age:00:00:00  id:51539649946 [System: SysAct]
Aug 27 21:13:49.420196 runningboardd(RunningBoard)[33] <Debug>: Updating events for assertion: 33-50521-7485 (target:[application<dev.selfhost.firstActivationProbe>:50521])
Aug 27 21:13:49.420451 runningboardd(RunningBoard)[33] <Notice>: Invalidating assertion 33-50521-7485 (target:[application<dev.selfhost.firstActivationProbe>:50521]) from originator [application<dev.selfhost.firstActivationProbe>:50521]
Aug 27 21:13:49.420807 runningboardd(RunningBoard)[33] <Debug>: Removing events for context: 33-50521-7485 (target:[application<dev.selfhost.firstActivationProbe>:50521])
Aug 27 21:13:49.421233 runningboardd(RunningBoard)[33] <Debug>: Decrementing suppression state to 0 for application<dev.selfhost.firstActivationProbe>
Aug 27 21:13:49.421949 runningboardd(RunningBoard)[33] <Debug>: END suppressing state updates for application<dev.selfhost.firstActivationProbe>
Aug 27 21:13:49.424111 watchdogd(RunningBoardServices)[57] <Debug>: Received message from server: async_observedProcessStatesDidChange:completion:
Aug 27 21:13:49.424250 SpringBoard(UserNotificationsServer)[47602] <Notice>: [dev.selfhost.firstActivationProbe] dev.selfhost.firstActivationProbe application state changed to ForegroundRunning
Aug 27 21:13:49.424351 SpringBoard(UserNotificationsServer)[47602] <Notice>: [dev.selfhost.firstActivationProbe] Ignore becoming foreground for application without push registration
Aug 27 21:13:49.439118 Runner(CoreFoundation)[50521] <Debug>: Resource lookup at <private>
        <SBSDisplayLayoutElement: 0x2836cd810; sceneID:dev.selfhost.firstActivationProbe-default; bundleID: dev.selfhost.firstActivationProbe; frame: {{0, 0}, {375, 667}}; level: 1; role: primary>;
Aug 27 21:13:49.441673 mediaserverd(CoreMotion)[36] <Debug>: Ping timer fired, resetting watchdog
Aug 27 21:13:49.450697 SpringBoard(UIKitCore)[47602] <Notice>: [sceneID:dev.selfhost.firstActivationProbe-default] Setting deactivation reasons to: '(none)' for reason: updateAllScenesForBand - Assertion removed.
Aug 27 21:13:49.451604 SpringBoard(FrontBoard)[47602] <Info>: Client intercepting scene update for scene: sceneID:dev.selfhost.firstActivationProbe-default
Aug 27 21:13:49.451711 SpringBoard(FrontBoard)[47602] <Debug>: START SCENE MUTATION ------- sceneID:dev.selfhost.firstActivationProbe-default
Aug 27 21:13:49.451867 SpringBoard(FrontBoard)[47602] <Debug>: [FBSceneManager] PENDING:   <BSEventQueueEvent: 0x281d1e340; sceneUpdatePrepared-sceneID:dev.selfhost.firstActivationProbe-default(5)> @ back
Aug 27 21:13:49.452008 SpringBoard(FrontBoard)[47602] <Debug>: [FBSceneManager] PENDING:   <BSEventQueueEvent: 0x281dddb40; applySettings-sceneID:dev.selfhost.firstActivationProbe-default(5)> @ back
Aug 27 21:13:49.452139 SpringBoard(FrontBoard)[47602] <Debug>: Flushing all events for sceneID:dev.selfhost.firstActivationProbe-default
Aug 27 21:13:49.452271 SpringBoard(FrontBoard)[47602] <Debug>: [FBSceneManager] EXECUTING: <BSEventQueueEvent: 0x281d1e340; sceneUpdatePrepared-sceneID:dev.selfhost.firstActivationProbe-default(5)>
Aug 27 21:13:49.452400 SpringBoard(FrontBoard)[47602] <Debug>: [FBSceneManager] PENDING:   <BSEventQueueEvent: 0x281dcb820; sceneUpdatePrepared-sceneID:dev.selfhost.firstActivationProbe-default(5)> @ front
Aug 27 21:13:49.452503 SpringBoard(FrontBoard)[47602] <Debug>: [FBSceneManager] EXECUTING: <BSEventQueueEvent: 0x281dcb820; sceneUpdatePrepared-sceneID:dev.selfhost.firstActivationProbe-default(5)>
Aug 27 21:13:49.452864 SpringBoard(FrontBoard)[47602] <Debug>: [FBSceneManager] EXECUTING: <BSEventQueueEvent: 0x281dddb40; applySettings-sceneID:dev.selfhost.firstActivationProbe-default(5)>
Aug 27 21:13:49.453027 SpringBoard(FrontBoard)[47602] <Debug>: [FBSceneManager] PENDING:   <BSEventQueueEvent: 0x281dc7be0; sceneUpdateApplied-sceneID:dev.selfhost.firstActivationProbe-default(5)> @ back
Aug 27 21:13:49.453244 SpringBoard(FrontBoard)[47602] <Debug>: [FBSceneManager] PENDING:   <BSEventQueueEvent: 0x281dc7c80; sceneMutationCompletion-sceneID:dev.selfhost.firstActivationProbe-default(5)> @ back
Aug 27 21:13:49.453341 SpringBoard(FrontBoard)[47602] <Debug>: [FBSceneManager] EXECUTING: <BSEventQueueEvent: 0x281dc7be0; sceneUpdateApplied-sceneID:dev.selfhost.firstActivationProbe-default(5)>
Aug 27 21:13:49.453552 SpringBoard(FrontBoard)[47602] <Info>: [sceneID:dev.selfhost.firstActivationProbe-default] Sending scene action [Forward Event][0x4eb] to process 0x11493e920 (watchdog: none)
Aug 27 21:13:49.453700 SpringBoard(FrontBoard)[47602] <Debug>: [FBSceneManager] PENDING:   <BSEventQueueEvent: 0x281dcb420; sceneUpdateApplied-sceneID:dev.selfhost.firstActivationProbe-default(5)> @ front
Aug 27 21:13:49.453799 SpringBoard(FrontBoard)[47602] <Debug>: [FBSceneManager] EXECUTING: <BSEventQueueEvent: 0x281dcb420; sceneUpdateApplied-sceneID:dev.selfhost.firstActivationProbe-default(5)>
Aug 27 21:13:49.454222 SpringBoard(FrontBoard)[47602] <Debug>: [FBSceneManager] EXECUTING: <BSEventQueueEvent: 0x281dc7c80; sceneMutationCompletion-sceneID:dev.selfhost.firstActivationProbe-default(5)>
Aug 27 21:13:49.454341 SpringBoard(FrontBoard)[47602] <Debug>: ---------- END SCENE MUTATION: sceneID:dev.selfhost.firstActivationProbe-default
Aug 27 21:13:49.455236 Runner(CoreFoundation)[50521] <Debug>: Resource lookup at <private>
Aug 27 21:13:49.455419 Runner(CoreFoundation)[50521] <Debug>: Resource lookup at <private>
Aug 27 21:13:49.455578 Runner(UIKitCore)[50521] <Notice>: sceneOfRecord: sceneID: sceneID:dev.selfhost.firstActivationProbe-default  persistentID: 38A6B0E8-D18B-43CA-916F-1BCC03B36967
Aug 27 21:13:49.455717 Runner(UIKitCore)[50521] <Notice>: Deactivation reason removed: 12; deactivation reasons: 4128 -> 32; animating application lifecycle event: 1
Aug 27 21:13:49.455873 Runner(UIKitCore)[50521] <Notice>: Deactivation reason removed: 5; deactivation reasons: 32 -> 0; animating application lifecycle event: 0
Aug 27 21:13:49.456032 Runner(CoreAnalytics)[50521] <Info>: Daemon status changed from 0 to 1
Aug 27 21:13:49.456415 Runner(CoreFoundation)[50521] <Debug>: Resource lookup at <private>
Aug 27 21:13:49.456697 Runner(CoreFoundation)[50521] <Debug>: Resource lookup at <private>
Aug 27 21:13:49.456872 Runner(HangTracer)[50521] <Info>: HTPrefs initialization
Aug 27 21:13:49.457053 Runner(CoreFoundation)[50521] <Info>: Loading Preferences From System CFPrefsD
Aug 27 21:13:49.457159 Runner(CoreFoundation)[50521] <Debug>: CFPrefsPlistSource<0x28225a100> (Domain: com.apple.da, User: kCFPreferencesCurrentUser, ByHost: No, Container: (null), Contents Need Refresh: No) loaded: a new base plist and no additional changes from the base plist
Aug 27 21:13:49.457297 Runner(CoreFoundation)[50521] <Debug>: found no value for key HTEPL.HangTracerEnableCustomerMode in CFPrefsPlistSource<0x28225a100> (Domain: com.apple.da, User: kCFPreferencesCurrentUser, ByHost: No, Container: (null), Contents Need Refresh: No)
Aug 27 21:13:49.457401 Runner(CoreFoundation)[50521] <Debug>: found no value for key PLTasking.HangTracerEnableCustomerMode in CFPrefsPlistSource<0x28225a100> (Domain: com.apple.da, User: kCFPreferencesCurrentUser, ByHost: No, Container: (null), Contents Need Refresh: No)
Aug 27 21:13:49.457567 Runner(CoreFoundation)[50521] <Debug>: found no value for key HangTracerEnableCustomerMode in CFPrefsPlistSource<0x28225a100> (Domain: com.apple.da, User: kCFPreferencesCurrentUser, ByHost: No, Container: (null), Contents Need Refresh: No)
Aug 27 21:13:49.457755 Runner(CoreFoundation)[50521] <Debug>: found no value for key PDSEHangTracer.HangTracerEnableCustomerMode in CFPrefsPlistSource<0x28225a100> (Domain: com.apple.da, User: kCFPreferencesCurrentUser, ByHost: No, Container: (null), Contents Need Refresh: No)
Aug 27 21:13:49.457885 Runner(CoreFoundation)[50521] <Debug>: found no value for key PDSEHTThirdParty.HangTracerEnableCustomerMode in CFPrefsPlistSource<0x28225a100> (Domain: com.apple.da, User: kCFPreferencesCurrentUser, ByHost: No, Container: (null), Contents Need Refresh: No)
Aug 27 21:13:49.458021 Runner(CoreFoundation)[50521] <Debug>: found no value for key PDSEHTRateOnly.HangTracerEnableCustomerMode in CFPrefsPlistSource<0x28225a100> (Domain: com.apple.da, User: kCFPreferencesCurrentUser, ByHost: No, Container: (null), Contents Need Refresh: No)
Aug 27 21:13:49.458148 Runner(CoreFoundation)[50521] <Debug>: found no value for key PDSESentry.HangTracerEnableCustomerMode in CFPrefsPlistSource<0x28225a100> (Domain: com.apple.da, User: kCFPreferencesCurrentUser, ByHost: No, Container: (null), Contents Need Refresh: No)
Aug 27 21:13:49.458307 Runner(HangTracer)[50521] <Debug>: HTPrefs: HangTracerEnableCustomerMode was not found in the com.apple.da domain, a profile, by EPL, by PowerLog Tasking domain, by HT Self Enablement or by HT Sentry Enablement
Aug 27 21:13:49.458461 Runner(HangTracer)[50521] <Info>: HTPrefs: Refreshing preferences
Aug 27 21:13:49.458669 Runner(CoreFoundation)[50521] <Debug>: found no value for key HTEPL.HangTracerEnableCustomerMode in CFPrefsPlistSource<0x28225a100> (Domain: com.apple.da, User: kCFPreferencesCurrentUser, ByHost: No, Container: (null), Contents Need Refresh: No)
Aug 27 21:13:49.458801 Runner(CoreFoundation)[50521] <Debug>: found no value for key PLTasking.HangTracerEnableCustomerMode in CFPrefsPlistSource<0x28225a100> (Domain: com.apple.da, User: kCFPreferencesCurrentUser, ByHost: No, Container: (null), Contents Need Refresh: No)
Aug 27 21:13:49.458965 Runner(CoreFoundation)[50521] <Debug>: found no value for key HangTracerEnableCustomerMode in CFPrefsPlistSource<0x28225a100> (Domain: com.apple.da, User: kCFPreferencesCurrentUser, ByHost: No, Container: (null), Contents Need Refresh: No)
Aug 27 21:13:49.459161 Runner(CoreFoundation)[50521] <Debug>: found no value for key PDSEHangTracer.HangTracerEnableCustomerMode in CFPrefsPlistSource<0x28225a100> (Domain: com.apple.da, User: kCFPreferencesCurrentUser, ByHost: No, Container: (null), Contents Need Refresh: No)
Aug 27 21:13:49.459297 Runner(CoreFoundation)[50521] <Debug>: found no value for key PDSEHTThirdParty.HangTracerEnableCustomerMode in CFPrefsPlistSource<0x28225a100> (Domain: com.apple.da, User: kCFPreferencesCurrentUser, ByHost: No, Container: (null), Contents Need Refresh: No)
Aug 27 21:13:49.459443 Runner(CoreFoundation)[50521] <Debug>: found no value for key PDSEHTRateOnly.HangTracerEnableCustomerMode in CFPrefsPlistSource<0x28225a100> (Domain: com.apple.da, User: kCFPreferencesCurrentUser, ByHost: No, Container: (null), Contents Need Refresh: No)
Aug 27 21:13:49.459602 Runner(CoreFoundation)[50521] <Debug>: found no value for key PDSESentry.HangTracerEnableCustomerMode in CFPrefsPlistSource<0x28225a100> (Domain: com.apple.da, User: kCFPreferencesCurrentUser, ByHost: No, Container: (null), Contents Need Refresh: No)
Aug 27 21:13:49.459716 Runner(HangTracer)[50521] <Debug>: HTPrefs: HangTracerEnableCustomerMode was not found in the com.apple.da domain, a profile, by EPL, by PowerLog Tasking domain, by HT Self Enablement or by HT Sentry Enablement
Aug 27 21:13:49.459852 Runner(HangTracer)[50521] <Debug>: Preparing prefInitList
Aug 27 21:13:49.460006 Runner(CoreFoundation)[50521] <Debug>: found no value for key HTEPL.HangTracerEnabled in CFPrefsPlistSource<0x28225a100> (Domain: com.apple.da, User: kCFPreferencesCurrentUser, ByHost: No, Container: (null), Contents Need Refresh: No)
Aug 27 21:13:49.460188 Runner(CoreFoundation)[50521] <Debug>: found no value for key PLTasking.HangTracerEnabled in CFPrefsPlistSource<0x28225a100> (Domain: com.apple.da, User: kCFPreferencesCurrentUser, ByHost: No, Container: (null), Contents Need Refresh: No)
Aug 27 21:13:49.460299 cfprefsd(CoreFoundation)[91] <Debug>: Process 50521 (Runner) sent a request related to { com.apple.da, user: mobile, kCFPreferencesAnyHost, /var/mobile/Library/Preferences/com.apple.da.plist, managed: 0 } (0x100307ae0)
Aug 27 21:13:49.460442 cfprefsd(CoreFoundation)[91] <Debug>: Process 50521 (Runner) read data for { com.apple.da, mobile, kCFPreferencesAnyHost, /var/mobile/Library/Preferences/com.apple.da.plist, managed: 0 }, backed by /private/var/mobile/Library/Preferences/com.apple.da.plist
Aug 27 21:13:49.462721 Runner(CoreFoundation)[50521] <Debug>: found no value for key HangTracerEnabled in CFPrefsPlistSource<0x28225a100> (Domain: com.apple.da, User: kCFPreferencesCurrentUser, ByHost: No, Container: (null), Contents Need Refresh: No)
Aug 27 21:13:49.462867 Runner(CoreFoundation)[50521] <Debug>: found no value for key PDSEHangTracer.HangTracerEnabled in CFPrefsPlistSource<0x28225a100> (Domain: com.apple.da, User: kCFPreferencesCurrentUser, ByHost: No, Container: (null), Contents Need Refresh: No)
Aug 27 21:13:49.463030 Runner(CoreFoundation)[50521] <Debug>: found no value for key PDSEHTThirdParty.HangTracerEnabled in CFPrefsPlistSource<0x28225a100> (Domain: com.apple.da, User: kCFPreferencesCurrentUser, ByHost: No, Container: (null), Contents Need Refresh: No)
Aug 27 21:13:49.463156 Runner(CoreFoundation)[50521] <Debug>: found no value for key PDSEHTRateOnly.HangTracerEnabled in CFPrefsPlistSource<0x28225a100> (Domain: com.apple.da, User: kCFPreferencesCurrentUser, ByHost: No, Container: (null), Contents Need Refresh: No)
Aug 27 21:13:49.463280 Runner(CoreFoundation)[50521] <Debug>: found no value for key PDSESentry.HangTracerEnabled in CFPrefsPlistSource<0x28225a100> (Domain: com.apple.da, User: kCFPreferencesCurrentUser, ByHost: No, Container: (null), Contents Need Refresh: No)
Aug 27 21:13:49.463408 Runner(HangTracer)[50521] <Debug>: HTPrefs: HangTracerEnabled was not found in the com.apple.da domain, a profile, by EPL, by PowerLog Tasking domain, by HT Self Enablement or by HT Sentry Enablement
Aug 27 21:13:49.463539 Runner(HangTracer)[50521] <Info>: Posting notification com.apple.hangtracer.htprefs.refreshed
Aug 27 21:13:49.464011 SpringBoard(FrontBoard)[47602] <Info>: [sceneID:dev.selfhost.firstActivationProbe-default] Scene action [Forward Event][0x4eb] completed with success: 1
Aug 27 21:13:49.464116 SpringBoard(FrontBoard)[47602] <Debug>: [FBSceneManager] PENDING:   <BSEventQueueEvent: 0x281dd6e80; updateComplete-sceneID:dev.selfhost.firstActivationProbe-default(5)> @ back
Aug 27 21:13:49.464220 SpringBoard(FrontBoard)[47602] <Debug>: [FBSceneManager] EXECUTING: <BSEventQueueEvent: 0x281dd6e80; updateComplete-sceneID:dev.selfhost.firstActivationProbe-default(5)>
Aug 27 21:13:49.464340 SpringBoard(FrontBoard)[47602] <Debug>: [FBSceneManager] PENDING:   <BSEventQueueEvent: 0x281d486c0; sceneUpdateCompleted-sceneID:dev.selfhost.firstActivationProbe-default(5)> @ back
Aug 27 21:13:49.464449 SpringBoard(FrontBoard)[47602] <Debug>: [FBSceneManager] EXECUTING: <BSEventQueueEvent: 0x281d486c0; sceneUpdateCompleted-sceneID:dev.selfhost.firstActivationProbe-default(5)>
Aug 27 21:13:49.464615 SpringBoard(FrontBoard)[47602] <Debug>: [FBSceneManager] PENDING:   <BSEventQueueEvent: 0x281d146a0; sceneUpdateCompleted-sceneID:dev.selfhost.firstActivationProbe-default(5)> @ front
Aug 27 21:13:49.464826 SpringBoard(FrontBoard)[47602] <Debug>: [FBSceneManager] EXECUTING: <BSEventQueueEvent: 0x281d146a0; sceneUpdateCompleted-sceneID:dev.selfhost.firstActivationProbe-default(5)>
Aug 27 21:13:49.464966 SpringBoard(FrontBoard)[47602] <Info>: [sceneID:dev.selfhost.firstActivationProbe-default] Client settings updated with diff: <private>
Aug 27 21:13:49.465316 SpringBoard(FrontBoard)[47602] <Info>: [sceneID:dev.selfhost.firstActivationProbe-default] didUpdateClientSettingsWithDiff: <private>
Aug 27 21:13:49.465417 SpringBoard(FrontBoard)[47602] <Debug>: [FBSceneManager] PENDING:   <BSEventQueueEvent: 0x281d48a40; handleDidUpdateClientSettings-sceneID:dev.selfhost.firstActivationProbe-default(5)> @ back
Aug 27 21:13:49.465979 SpringBoard(FrontBoard)[47602] <Debug>: [FBSceneManager] EXECUTING: <BSEventQueueEvent: 0x281d48a40; handleDidUpdateClientSettings-sceneID:dev.selfhost.firstActivationProbe-default(5)>
Aug 27 21:13:49.466454 SpringBoard(FrontBoard)[47602] <Debug>: [FBSceneManager] PENDING:   <BSEventQueueEvent: 0x281d1ef20; didUpdateClientSettings-sceneID:dev.selfhost.firstActivationProbe-default(5)> @ back
Aug 27 21:13:49.466703 SpringBoard(FrontBoard)[47602] <Debug>: [FBSceneManager] PENDING:   <BSEventQueueEvent: 0x281d48820; didUpdateClientSettingsCompletion-sceneID:dev.selfhost.firstActivationProbe-default(5)> @ back
Aug 27 21:13:49.467546 SpringBoard(FrontBoard)[47602] <Debug>: [FBSceneManager] EXECUTING: <BSEventQueueEvent: 0x281d1ef20; didUpdateClientSettings-sceneID:dev.selfhost.firstActivationProbe-default(5)>
Aug 27 21:13:49.467728 SpringBoard(FrontBoard)[47602] <Debug>: [FBSceneManager] PENDING:   <BSEventQueueEvent: 0x281d1e340; didUpdateClientSettings-sceneID:dev.selfhost.firstActivationProbe-default(5)> @ front
Aug 27 21:13:49.467877 SpringBoard(FrontBoard)[47602] <Debug>: [FBSceneManager] EXECUTING: <BSEventQueueEvent: 0x281d1e340; didUpdateClientSettings-sceneID:dev.selfhost.firstActivationProbe-default(5)>
Aug 27 21:13:49.468318 SpringBoard(FrontBoard)[47602] <Debug>: [FBSceneManager] EXECUTING: <BSEventQueueEvent: 0x281d48820; didUpdateClientSettingsCompletion-sceneID:dev.selfhost.firstActivationProbe-default(5)>
Aug 27 21:13:49.469294 chronod(ChronoCore)[102] <Notice>: noting foreground launch for dev.selfhost.firstActivationProbe with widget extension; trigger metadata query
Aug 27 21:13:49.469405 runningboardd(RunningBoard)[33] <Debug>: Sending state 0x1010f6d80 for application<dev.selfhost.firstActivationProbe> to [daemon<com.apple.wifid>:52]
Aug 27 21:13:49.482054 runningboardd(RunningBoard)[33] <Debug>: Removing assertion 33-50521-7485 on [application<dev.selfhost.firstActivationProbe>:50521]
Aug 27 21:13:49.482212 runningboardd(RunningBoard)[33] <Debug>: Updating events for assertion: 33-50521-7485 (target:[application<dev.selfhost.firstActivationProbe>:50521])
Aug 27 21:13:49.482380 runningboardd(RunningBoard)[33] <Debug>: Removing events for context: 33-50521-7485 (target:[application<dev.selfhost.firstActivationProbe>:50521])
Aug 27 21:13:49.482488 runningboardd(RunningBoard)[33] <Debug>: > application<dev.selfhost.firstActivationProbe> ['RB Underlying Assertion'] [33-33-7481]
Aug 27 21:13:49.482701 runningboardd(RunningBoard)[33] <Debug>: > application<dev.selfhost.firstActivationProbe> ['Shared Background Assertion 0 for dev.selfhost.firstActivationProbe'] [33-50521-7483]
Aug 27 21:13:49.482848 runningboardd(RunningBoard)[33] <Info>: application<dev.selfhost.firstActivationProbe> is now targeted by 5 assertions
Aug 27 21:13:49.482999 runningboardd(RunningBoard)[33] <Debug>: > 50521 ['injecting inherited from "UIScene:com.apple.frontboard.systemappservices::com.apple.springboard" to 50521<UIScene:com.apple.frontboard.systemappservices::sceneID%3Adev.selfhost.firstActivationProbe-default>'] [33-47602-7484]
Aug 27 21:13:49.483645 runningboardd(RunningBoard)[33] <Debug>: > 50521 ['Shared Background Assertion 0 for dev.selfhost.firstActivationProbe'] [33-50521-7483]
Aug 27 21:13:49.496079 SpringBoard(RunningBoardServices)[47602] <Info>: Update skipped for [application<dev.selfhost.firstActivationProbe>:50521] with state: <RBSProcessState| task:running-active debug:none endowments:[
Aug 27 21:13:49.496289 SpringBoard(RunningBoardServices)[47602] <Info>: Update skipped for [application<dev.selfhost.firstActivationProbe>:50521] with state: <RBSProcessState| task:running-active debug:none endowments:[
Aug 27 21:13:49.496723 SpringBoard(RunningBoardServices)[47602] <Info>: Update skipped for [application<dev.selfhost.firstActivationProbe>:50521] with state: <RBSProcessState| task:running-active debug:none endowments:[
Aug 27 21:13:49.496917 SpringBoard(RunningBoardServices)[47602] <Info>: Update skipped for [application<dev.selfhost.firstActivationProbe>:50521] with state: <RBSProcessState| task:running-active debug:none endowments:[
Aug 27 21:13:49.497719 locationd[69] <Debug>: Ping timer fired, resetting watchdog
Aug 27 21:13:49.516955 watchdogd(RunningBoardServices)[57] <Info>: observedProcessStatesDidChange
Aug 27 21:13:49.517138 watchdogd(RunningBoardServices)[57] <Debug>: Decoded RBSProcessHandle with IPC ID 40bcbb50000c559
Aug 27 21:13:49.517660 bluetoothd(CoreUtils)[86] <Notice>: SystemUI unknown identifier: 'sceneID:dev.selfhost.firstActivationProbe-default' / 'dev.selfhost.firstActivationProbe'
Aug 27 21:13:49.517816 runningboardd(RunningBoard)[33] <Debug>: Sending state 0x1010f6d80 for application<dev.selfhost.firstActivationProbe> to [daemon<com.apple.CommCenter>:90]
Aug 27 21:13:49.518610 CommCenter(RunningBoardServices)[90] <Info>: Update delivered for [application<dev.selfhost.firstActivationProbe>:50521] with taskState 4
Aug 27 21:13:49.519874 sharingd[66] <Debug>: SystemUI unknown identifier: 'sceneID:dev.selfhost.firstActivationProbe-default'/ 'dev.selfhost.firstActivationProbe'
Aug 27 21:13:49.520072 runningboardd(RunningBoard)[33] <Debug>: Sending state 0x1010f6d80 for application<dev.selfhost.firstActivationProbe> to [daemon<com.apple.coreservices.useractivityd>:184]
Aug 27 21:13:49.521834 useractivityd[184] <Debug>: SCHEDULE:idleDetermination, DONE run, next=forever
Aug 27 21:13:49.546572 runningboardd(RunningBoard)[33] <Debug>: Sending state 0x1010f6d80 for application<dev.selfhost.firstActivationProbe> to [daemon<com.apple.locationd>:69]
Aug 27 21:13:49.546836 runningboardd(RunningBoard)[33] <Debug>: Sending state 0x1010f6d80 for application<dev.selfhost.firstActivationProbe> to [daemon<com.apple.dasd>:94]
Aug 27 21:13:49.546972 runningboardd(RunningBoard)[33] <Debug>: Sending state 0x1010f6d80 for application<dev.selfhost.firstActivationProbe> to [daemon<com.apple.aggregated>:50213]
Aug 27 21:13:49.548198 CommCenter(RunningBoardServices)[90] <Info>: Update skipped for [application<dev.selfhost.firstActivationProbe>:50521] with state: <RBSProcessState| task:running-active debug:none endowments:[
Aug 27 21:13:49.549338 kbd(RunningBoardServices)[303] <Notice>: Hit the server for a process handle 40bcbb50000c559 that resolved to: [application<dev.selfhost.firstActivationProbe>:50521]
Aug 27 21:13:49.549715 kbd(RunningBoardServices)[303] <Info>: Update delivered for [application<dev.selfhost.firstActivationProbe>:50521] with taskState 4
Aug 27 21:13:49.550414 kbd(RunningBoardServices)[303] <Info>: Update skipped for [application<dev.selfhost.firstActivationProbe>:50521] with state: <RBSProcessState| task:running-active debug:none endowments:[
Aug 27 21:13:49.551083 UserEventAgent(RunningBoardServices)[30] <Notice>: Hit the server for a process handle 40bcbb50000c559 that resolved to: [application<dev.selfhost.firstActivationProbe>:50521]
Aug 27 21:13:49.551649 UserEventAgent(ADEventListenerPlugin)[30] <Debug>: AppStateChange: <private> (50521) terminated => foregroundRunning
Aug 27 21:13:49.552195 UserEventAgent(RunningBoardServices)[30] <Info>: Update delivered for [application<dev.selfhost.firstActivationProbe>:50521] with taskState 4
Aug 27 21:13:49.552546 nearbyd(CoreMotion)[157] <Debug>: Ping timer fired, resetting watchdog
Aug 27 21:13:49.554218 backboardd(RunningBoardServices)[65] <Notice>: Hit the server for a process handle 40bcbb50000c559 that resolved to: [application<dev.selfhost.firstActivationProbe>:50521]
Aug 27 21:13:49.554686 backboardd(RunningBoardServices)[65] <Info>: Update delivered for [application<dev.selfhost.firstActivationProbe>:50521] with taskState 4
Aug 27 21:13:49.555705 backboardd(RunningBoardServices)[65] <Info>: Update skipped for [application<dev.selfhost.firstActivationProbe>:50521] with state: <RBSProcessState| task:running-active debug:none endowments:[
Aug 27 21:13:49.556500 runningboardd(RunningBoard)[33] <Info>: Received message from [daemon<com.apple.watchdogd>:57] (euid 0, auid 0): lookupHandleForKey:error:
Aug 27 21:13:49.556600 wifid(RunningBoardServices)[52] <Notice>: Hit the server for a process handle 40bcbb50000c559 that resolved to: [application<dev.selfhost.firstActivationProbe>:50521]
Aug 27 21:13:49.557810 watchdogd(RunningBoardServices)[57] <Notice>: Hit the server for a process handle 40bcbb50000c559 that resolved to: [application<dev.selfhost.firstActivationProbe>:50521]
Aug 27 21:13:49.557977 watchdogd(RunningBoardServices)[57] <Notice>: Received state update for 50521
Aug 27 21:13:49.561577 callservicesd(RunningBoardServices)[131] <Notice>: Hit the server for a process handle 40bcbb50000c559 that resolved to: [application<dev.selfhost.firstActivationProbe>:50521]
Aug 27 21:13:49.562677 SpringBoard(SplashBoard)[47602] <Info>: <XBApplicationSnapshot: 0x109ddf7d0; …2F3B89D0D3F1> [dev.selfhost.firstActivationProbe] Purging the cached image; force: 0; _imageAccessCount: 0; _keepImageAccessUntilExpiration: 0; _hasProtectedContent: 0; _keepImageAccessForPreheat: 0
Aug 27 21:13:49.563709 callservicesd(RunningBoardServices)[131] <Info>: Update delivered for [application<dev.selfhost.firstActivationProbe>:50521] with taskState 4
Aug 27 21:13:49.563938 symptomsd(RunningBoardServices)[170] <Notice>: Hit the server for a process handle 40bcbb50000c559 that resolved to: [application<dev.selfhost.firstActivationProbe>:50521]
Aug 27 21:13:49.564217 watchdogd(RunningBoardServices)[57] <Info>: Update delivered for [application<dev.selfhost.firstActivationProbe>:50521] with taskState 4
Aug 27 21:13:49.565755 watchdogd[57] <Info>: 1249277030461291: <private>
Aug 27 21:13:49.585322 Runner(CoreFoundation)[50521] <Debug>: Resource lookup at <private>
Aug 27 21:13:49.585738 useractivityd(RunningBoardServices)[184] <Notice>: Hit the server for a process handle 40bcbb50000c559 that resolved to: [application<dev.selfhost.firstActivationProbe>:50521]
Aug 27 21:13:49.585874 symptomsd(SymptomNetworkUsage)[170] <Debug>: 50521 dev.selfhost.firstActivationProbe: ForegroundRunning (most elevated: ForegroundRunning)
Aug 27 21:13:49.586624 symptomsd(RunningBoardServices)[170] <Info>: Update delivered for [application<dev.selfhost.firstActivationProbe>:50521] with taskState 4
Aug 27 21:13:49.586810 Runner(CoreFoundation)[50521] <Debug>: found no value for key EnhancedTextLegibilityEnabled in CFPrefsSearchListSource<0x282255300> (Domain: dev.selfhost.firstActivationProbe, Container: (null))
Aug 27 21:13:49.587156 Runner(libAccessibility.dylib)[50521] <Debug>: CF Read: domain = dev.selfhost.firstActivationProbe, preference = EnhancedTextLegibilityEnabled, appID = dev.selfhost.firstActivationProbe result = (null) (-1 - empty, 0 - false, 1 - true)
Aug 27 21:13:49.587715 Runner(CoreFoundation)[50521] <Debug>: found no value for key DarkenSystemColors in CFPrefsSearchListSource<0x282255300> (Domain: dev.selfhost.firstActivationProbe, Container: (null))
Aug 27 21:13:49.588169 Runner(libAccessibility.dylib)[50521] <Debug>: CF Read: domain = dev.selfhost.firstActivationProbe, preference = DarkenSystemColors, appID = dev.selfhost.firstActivationProbe result = (null) (-1 - empty, 0 - false, 1 - true)
Aug 27 21:13:49.588411 Runner(CoreFoundation)[50521] <Debug>: found no value for key InvertColorsEnabled in CFPrefsSearchListSource<0x282255300> (Domain: dev.selfhost.firstActivationProbe, Container: (null))
Aug 27 21:13:49.588583 Runner(libAccessibility.dylib)[50521] <Debug>: CF Read: domain = dev.selfhost.firstActivationProbe, preference = InvertColorsEnabled, appID = dev.selfhost.firstActivationProbe result = (null) (-1 - empty, 0 - false, 1 - true)
Aug 27 21:13:49.589117 Runner(UIKitCore)[50521] <Notice>: <private>: Ending background task with UIBackgroundTaskIdentifier: 1
Aug 27 21:13:49.589772 Runner(UIKitCore)[50521] <Notice>: <private>: Ending task with identifier 1 and description: <private>, _expireHandler: <__NSGlobalBlock__: 0x1ec737410>
Aug 27 21:13:49.590187 Runner(UIKitCore)[50521] <Notice>: <private>: Decrementing reference count for assertion used by background task with identifier 1: <private>
Aug 27 21:13:49.590438 Runner(UIKitCore)[50521] <Notice>: <private>: Will invalidate assertion: <BKSProcessAssertion: 0x282f52620> for task identifier: 1
Aug 27 21:13:49.590560 runningboardd(RunningBoard)[33] <Info>: Received message from [application<dev.selfhost.firstActivationProbe>:50521] (euid 501, auid 501): async_invalidateAssertionWithIdentifier:
Aug 27 21:13:49.590724 runningboardd(RunningBoard)[33] <Notice>: Invalidating assertion 33-50521-7483 (target:[application<dev.selfhost.firstActivationProbe>:50521]) from originator [application<dev.selfhost.firstActivationProbe>:50521]
Aug 27 21:13:49.590876 aggregated(RunningBoardServices)[50213] <Notice>: Hit the server for a process handle 40bcbb50000c559 that resolved to: [application<dev.selfhost.firstActivationProbe>:50521]
Aug 27 21:13:49.592582 watchdogd(RunningBoardServices)[57] <Debug>: Received message from server: async_observedProcessStatesDidChange:completion:
Aug 27 21:13:49.593104 watchdogd(RunningBoardServices)[57] <Info>: observedProcessStatesDidChange
Aug 27 21:13:49.593296 watchdogd(RunningBoardServices)[57] <Debug>: Decoded RBSProcessHandle with IPC ID 40bcbb50000c559
Aug 27 21:13:49.593466 watchdogd(RunningBoardServices)[57] <Notice>: Received state update for 50521
Aug 27 21:13:49.594767 dasd(RunningBoardServices)[94] <Notice>: Hit the server for a process handle 40bcbb50000c559 that resolved to: [application<dev.selfhost.firstActivationProbe>:50521]
Aug 27 21:13:49.595098 useractivityd(RunningBoardServices)[184] <Info>: Update delivered for [application<dev.selfhost.firstActivationProbe>:50521] with taskState 4
Aug 27 21:13:49.595425 watchdogd(RunningBoardServices)[57] <Info>: Update skipped for [application<dev.selfhost.firstActivationProbe>:50521] with state: <RBSProcessState| task:running-active debug:none endowments:[
Aug 27 21:13:49.596206 aggregated(RunningBoardServices)[50213] <Info>: Update delivered for [application<dev.selfhost.firstActivationProbe>:50521] with taskState 4
Aug 27 21:13:49.596947 symptomsd(RunningBoardServices)[170] <Info>: Update skipped for [application<dev.selfhost.firstActivationProbe>:50521] with state: <RBSProcessState| task:running-active debug:none endowments:[
Aug 27 21:13:49.597077 callservicesd(RunningBoardServices)[131] <Info>: Update skipped for [application<dev.selfhost.firstActivationProbe>:50521] with state: <RBSProcessState| task:running-active debug:none endowments:[
Aug 27 21:13:49.600721 runningboardd(RunningBoard)[33] <Debug>: [daemon<com.apple.SpringBoard>:47602] query resolved to [application<dev.selfhost.firstActivationProbe>:50521]
<SBTransitionSwitcherModifierEvent: 0x282167f00; type: MainTransition; transitionID: 19C46369-5A5A-49FE-8B40-8FAA2477DB44; phase: Complete; animated: YES; fromAppLayout: 0x0; toAppLayout: <SBAppLayout: 0x28087bb80; primary: dev.selfhost.firstActivationProbe:default; environment: main>; fromEnvironmentMode: home-screen; toEnvironmentMode: application; pendingTermination: {(
)}; activating: <SBAppLayout: 0x28087bb80; primary: dev.selfhost.firstActivationProbe:default; environment: main>; dosidoTransitionDirection: 0>
		    <SBIconOverlayVisibilitySwitcherEventResponse: 0x2808c6600; visible: NO; appLayout: <SBAppLayout: 0x28087bb80; primary: dev.selfhost.firstActivationProbe:default; environment: main>>;
		    <SBIconViewVisibilitySwitcherEventResponse: 0x283e72440; visible: YES; animationSettings: 0x0; appLayout: <SBAppLayout: 0x28087bb80; primary: dev.selfhost.firstActivationProbe:default; environment: main>>;
		    <SBMatchMoveToIconViewSwitcherEventResponse: 0x2808c6100; active: NO; appLayout: <SBAppLayout: 0x28087bb80; primary: dev.selfhost.firstActivationProbe:default; environment: main>>;
Aug 27 21:13:49.614929 SpringBoard[47602] <Notice>: Front display did change: <SBApplication: 0x28242b100; dev.selfhost.firstActivationProbe>
        <SBDeviceApplicationSceneEntity: 0x283e96850; ID: sceneID:dev.selfhost.firstActivationProbe-default; layoutRole: primary>
                            Application: <SBDeviceApplicationSceneEntity: 0x283e96850; ID: sceneID:dev.selfhost.firstActivationProbe-default; layoutRole: primary>
                            SceneID: sceneID:dev.selfhost.firstActivationProbe-default
                                    Process: <FBApplicationProcess: 0x11493e920; application<dev.selfhost.firstActivationProbe>:50521(v6DBEB)>
                                    SceneID: sceneID:dev.selfhost.firstActivationProbe-default
                                        TIME: 21:13:48.794; DESCRIPTION: Updating scene with watchdog policy: RunWatchdog
        <SBDeviceApplicationSceneEntity: 0x283e96850; ID: sceneID:dev.selfhost.firstActivationProbe-default; layoutRole: primary>
        <SBDeviceApplicationSceneEntity: 0x283e96850; ID: sceneID:dev.selfhost.firstActivationProbe-default; layoutRole: primary>
Aug 27 21:13:49.655004 runningboardd(RunningBoard)[33] <Debug>: [daemon<com.apple.CommCenter>:90] query resolved to [application<dev.selfhost.firstActivationProbe>:50521]
Aug 27 21:13:49.655958 Runner(CoreFoundation)[50521] <Debug>: found no value for key ReduceMotionEnabled in CFPrefsSearchListSource<0x282255300> (Domain: dev.selfhost.firstActivationProbe, Container: (null))
Aug 27 21:13:49.657324 Runner(libAccessibility.dylib)[50521] <Debug>: CF Read: domain = dev.selfhost.firstActivationProbe, preference = ReduceMotionEnabled, appID = dev.selfhost.firstActivationProbe result = (null) (-1 - empty, 0 - false, 1 - true)
Aug 27 21:13:49.661309 symptomsd(SymptomNetworkUsage)[170] <Debug>: Dynamic lookup for E01B2FEA-36F1-3C21-AADE-93AC8E03F45C found entry dev.selfhost.firstActivationProbe
Aug 27 21:13:49.661813 wifid(RunningBoardServices)[52] <Info>: Update delivered for [application<dev.selfhost.firstActivationProbe>:50521] with taskState 4
Aug 27 21:13:49.661945 contextstored(RunningBoardServices)[61] <Notice>: Hit the server for a process handle 40bcbb50000c559 that resolved to: [application<dev.selfhost.firstActivationProbe>:50521]
Aug 27 21:13:49.662047 bluetoothd(CoreUtils)[86] <Notice>: SystemUI unknown identifier: 'sceneID:dev.selfhost.firstActivationProbe-default' / 'dev.selfhost.firstActivationProbe'
        <SBSDisplayLayoutElement: 0x2836cf640; sceneID:dev.selfhost.firstActivationProbe-default; bundleID: dev.selfhost.firstActivationProbe; frame: {{0, 0}, {375, 667}}; level: 1; role: primary>;
Aug 27 21:13:49.665001 runningboardd(RunningBoard)[33] <Debug>: Updating events for assertion: 33-50521-7483 (target:[application<dev.selfhost.firstActivationProbe>:50521])
Aug 27 21:13:49.665125 runningboardd(RunningBoard)[33] <Debug>: Removing assertion 33-50521-7483 on [application<dev.selfhost.firstActivationProbe>:50521]
Aug 27 21:13:49.665277 runningboardd(RunningBoard)[33] <Debug>: Removing events for context: 33-50521-7483 (target:[application<dev.selfhost.firstActivationProbe>:50521])
Aug 27 21:13:49.665464 runningboardd(RunningBoard)[33] <Debug>: > application<dev.selfhost.firstActivationProbe> ['RB Underlying Assertion'] [33-33-7481]
Aug 27 21:13:49.665746 runningboardd(RunningBoard)[33] <Info>: application<dev.selfhost.firstActivationProbe> is now targeted by 4 assertions
Aug 27 21:13:49.665965 runningboardd(RunningBoard)[33] <Debug>: > 50521 ['injecting inherited from "UIScene:com.apple.frontboard.systemappservices::com.apple.springboard" to 50521<UIScene:com.apple.frontboard.systemappservices::sceneID%3Adev.selfhost.firstActivationProbe-default>'] [33-47602-7484]
Aug 27 21:13:49.667826 locationd(RunningBoardServices)[69] <Notice>: Hit the server for a process handle 40bcbb50000c559 that resolved to: [application<dev.selfhost.firstActivationProbe>:50521]
Aug 27 21:13:49.668179 wifid(RunningBoardServices)[52] <Info>: Update skipped for [application<dev.selfhost.firstActivationProbe>:50521] with state: <RBSProcessState| task:running-active debug:none endowments:[
Aug 27 21:13:49.668308 useractivityd(RunningBoardServices)[184] <Info>: Update skipped for [application<dev.selfhost.firstActivationProbe>:50521] with state: <RBSProcessState| task:running-active debug:none endowments:[
Aug 27 21:13:49.668530 sharingd[66] <Debug>: SystemUI unknown identifier: 'sceneID:dev.selfhost.firstActivationProbe-default'/ 'dev.selfhost.firstActivationProbe'
Aug 27 21:13:49.668796 wifid(WiFiPolicy)[52] <Notice>: WifiDeviceManagerCatsWhitelistedApp: CATS en0:  deviceManager:0x10582dc00 FgApp:dev.selfhost.firstActivationProbe stateChange:1 whitelisted=1
Aug 27 21:13:49.669902 wifid(WiFiPolicy)[52] <Notice>: WiFiDeviceManagerCatsSetLowLatencyApp: CATSUpdate en0: fgApp:dev.selfhost.firstActivationProbe b=0x0 rc=0
Aug 27 21:13:49.670062 locationd(RunningBoardServices)[69] <Info>: Update delivered for [application<dev.selfhost.firstActivationProbe>:50521] with taskState 4
Aug 27 21:13:49.675515 locationd[69] <Notice>: {"msg":"#CLIUA Marking change", "clientKey":"dev.selfhost.firstActivationProbe", "reason":"Process state from RunningBoard", "assertionLevel":5, "coming":1}
Aug 27 21:13:49.680956 locationd[69] <Info>: getClientEffectiveRegistrationResult, , dev.selfhost.firstActivationProbe, , CLClientRegistrationResult, kCLClientRegistrationResultFailedUnavailable, CLCommonLocationServicesEnabled, 1
Aug 27 21:13:49.681070 locationd[69] <Info>: getClientEffectiveRegistrationResult, , dev.selfhost.firstActivationProbe, , CLClientRegistrationResult, kCLClientRegistrationResultFailedUnavailable, CLCommonLocationServicesEnabled, 1
Aug 27 21:13:49.681369 locationd[69] <Debug>: {"msg":"Skip UpdateClientServiceTypeMasks #pla for zones. No InterestZones", "ClientKey":"dev.selfhost.firstActivationProbe"}
Aug 27 21:13:49.691759 wifid(WiFiPolicy)[52] <Notice>: WiFiDeviceManagerCatsSetForegroundApp: CATSUpdate en0: fgApp:dev.selfhost.firstActivationProbe hs=0 t=1 wl=1 rc=1
Aug 27 21:13:49.693005 aggregated(RunningBoardServices)[50213] <Info>: Update skipped for [application<dev.selfhost.firstActivationProbe>:50521] with state: <RBSProcessState| task:running-active debug:none endowments:[
Aug 27 21:13:49.693241 contextstored(RunningBoardServices)[61] <Info>: Update delivered for [application<dev.selfhost.firstActivationProbe>:50521] with taskState 4
Aug 27 21:13:49.693567 runningboardd(RunningBoard)[33] <Debug>: [daemon<com.apple.SpringBoard>:47602] query resolved to [application<dev.selfhost.firstActivationProbe>:50521]
Aug 27 21:13:49.694642 UserEventAgent(RunningBoardServices)[30] <Info>: Update delivered for [application<dev.selfhost.firstActivationProbe>:50521] with taskState 4
Aug 27 21:13:49.698903 Runner(CoreFoundation)[50521] <Debug>: found no value for key IncreaseButtonLegibilityEnabled in CFPrefsSearchListSource<0x282255300> (Domain: dev.selfhost.firstActivationProbe, Container: (null))
Aug 27 21:13:49.699028 Runner(libAccessibility.dylib)[50521] <Debug>: CF Read: domain = dev.selfhost.firstActivationProbe, preference = IncreaseButtonLegibilityEnabled, appID = dev.selfhost.firstActivationProbe result = (null) (-1 - empty, 0 - false, 1 - true)
Aug 27 21:13:49.699168 Runner(CoreFoundation)[50521] <Debug>: found no value for key ReduceMotionAutoplayVideoPreviewsEnabled in CFPrefsSearchListSource<0x282255300> (Domain: dev.selfhost.firstActivationProbe, Container: (null))
Aug 27 21:13:49.699286 Runner(libAccessibility.dylib)[50521] <Debug>: CF Read: domain = dev.selfhost.firstActivationProbe, preference = ReduceMotionAutoplayVideoPreviewsEnabled, appID = dev.selfhost.firstActivationProbe result = (null) (-1 - empty, 0 - false, 1 - true)
Aug 27 21:13:49.700159 wifid(WiFiPolicy)[52] <Notice>: -[WiFiUsageApplicationSession applicationStateDidChange:withAttributes:]: application session started:dev.selfhost.firstActivationProbe
Aug 27 21:13:49.702953 UserEventAgent(RunningBoardServices)[30] <Info>: Update delivered for [application<dev.selfhost.firstActivationProbe>:50521] with taskState 4
Aug 27 21:13:49.703144 UserEventAgent(RunningBoardServices)[30] <Info>: Update skipped for [application<dev.selfhost.firstActivationProbe>:50521] with state: <RBSProcessState| task:running-active debug:none endowments:[
	<RBSProcessAssertionInfo| type:2 reason:10000 name:"Domain" domain:"com.apple.frontboard:Bootstrap-Foreground,com.apple.frontboard:Visibility" expl:"FBApplicationProcess">,
	<RBSProcessAssertionInfo| type:1 reason:0 name:"Custom" domain:"(null)" expl:"injecting inherited from "UIScene:com.apple.frontboard.systemappservices::com.apple.springboard" to 50521<UIScene:com.apple.frontboard.systemappservices::sceneID%3Adev.selfhost.firstActivationProbe-default>">
Aug 27 21:13:49.725062 locationd(RunningBoardServices)[69] <Info>: Update skipped for [application<dev.selfhost.firstActivationProbe>:50521] with state: <RBSProcessState| task:running-active debug:none endowments:[
Aug 27 21:13:49.736322 contextstored(RunningBoardServices)[61] <Info>: Update skipped for [application<dev.selfhost.firstActivationProbe>:50521] with state: <RBSProcessState| task:running-active debug:none endowments:[
Aug 27 21:13:49.747061 dasd(RunningBoardServices)[94] <Info>: Update delivered for [application<dev.selfhost.firstActivationProbe>:50521] with taskState 4
Aug 27 21:13:49.747251 dasd(RunningBoardServices)[94] <Info>: Update skipped for [application<dev.selfhost.firstActivationProbe>:50521] with state: <RBSProcessState| task:running-active debug:none endowments:[
Aug 27 21:13:49.767552 dasd(RunningBoardServices)[94] <Info>: Update delivered for [application<dev.selfhost.firstActivationProbe>:50521] with taskState 4
Aug 27 21:13:49.767651 dasd(RunningBoardServices)[94] <Info>: Update skipped for [application<dev.selfhost.firstActivationProbe>:50521] with state: <RBSProcessState| task:running-active debug:none endowments:[
Aug 27 21:13:49.767782 dasd(RunningBoardServices)[94] <Info>: Update delivered for [application<dev.selfhost.firstActivationProbe>:50521] with taskState 4
Aug 27 21:13:49.767915 dasd(RunningBoardServices)[94] <Info>: Update skipped for [application<dev.selfhost.firstActivationProbe>:50521] with state: <RBSProcessState| task:running-active debug:none endowments:[
Aug 27 21:13:49.772874 symptomsd(SymptomNetworkUsage)[170] <Info>: handleApplicationStateChangeForDisplayName: name dev.selfhost.firstActivationProbe uuid E01B2FEA-36F1-3C21-AADE-93AC8E03F45C pid 50521 state BKSApplicationStateForegroundRunning
Aug 27 21:13:49.774607 symptomsd(SymptomNetworkUsage)[170] <Debug>: Dynamic lookup for E01B2FEA-36F1-3C21-AADE-93AC8E03F45C found entry dev.selfhost.firstActivationProbe
Aug 27 21:13:49.775547 symptomsd(SymptomEvaluator)[170] <Info>: COSMCtrl foregroundAppObserver gets E01B2FEA-36F1-3C21-AADE-93AC8E03F45C for dev.selfhost.firstActivationProbe state 1
Aug 27 21:13:49.775647 symptomsd(SymptomEvaluator)[170] <Debug>: COSMCtrl _foregroundAppActivity entry for E01B2FEA-36F1-3C21-AADE-93AC8E03F45C -> dev.selfhost.firstActivationProbe  fg 1
Aug 27 21:13:49.775771 symptomsd(SymptomEvaluator)[170] <Debug>: COSMCtrl _updateExploitNumbers new count as non exploit dev.selfhost.firstActivationProbe
Aug 27 21:13:49.775995 symptomsd(SymptomEvaluator)[170] <Debug>: COSMCtrl _foregroundAppActivity exit for E01B2FEA-36F1-3C21-AADE-93AC8E03F45C -> dev.selfhost.firstActivationProbe  policy id 0  fg 1 fg-activity 0
Aug 27 21:13:49.777454 symptomsd(SymptomEvaluator)[170] <Debug>: Flow data on entry is Runner TCP4 flow id 1184731 (close) so pkts rx 2 tx 2, bytes 311 424 cell 0 0 wifi 391 504 wired 0 0 deltas 311 424 0 0 391 504 0 0
src 1184731 snapshot: Runner TCP4 flow id 1184731 (close) so pkts rx 2 tx 2, bytes 311 424 cell 0 0 wifi 391 504 wired 0 0 deltas 311 424 0 0 391 504 0 0
Aug 27 21:13:49.779572 symptomsd(SymptomEvaluator)[170] <Debug>: --> activityBitmaps: adding new bitmaps for app [dev.selfhost.firstActivationProbe] with bitmaps starting at 1249272: [             0x1] [               0]
Aug 27 21:13:49.780597 symptomsd(SymptomEvaluator)[170] <Debug>: --> activityBitmaps for dev.selfhost.firstActivationProbe: current bitmaps stored before adding new bitmap: [Activity time: 11:04:05.000 -0400 (1246520) ] [wordOffset: 0, numOfWords:5] <  0x400000000009                0                0 0x2000000000001000          0x40000 >
Aug 27 21:13:49.780705 symptomsd(SymptomEvaluator)[170] <Debug>: --> activityBitmaps for dev.selfhost.firstActivationProbe: flowId 1184731, startTime 1249272, new bitmap part1:              0x1, part2:                0
Aug 27 21:13:49.780955 SpringBoard(SplashBoard)[47602] <Info>: <XBApplicationSnapshot: 0x109d3cb20; …A909693DA7E7> [dev.selfhost.firstActivationProbe] Purging the cached image; force: 0; _imageAccessCount: 0; _keepImageAccessUntilExpiration: 0; _hasProtectedContent: 0; _keepImageAccessForPreheat: 0
Aug 27 21:13:49.781649 symptomsd(SymptomEvaluator)[170] <Debug>: --> activityBitmaps for dev.selfhost.firstActivationProbe: current bitmaps stored after adding new bitmap: [Activity time: 11:04:05.000 -0400 (1246520) ] [wordOffset: 0, numOfWords:8] <  0x400000000009                0                0 0x2000000000001000          0x40000        0x1000000                0                0 >
Aug 27 21:13:49.790225 symptomsd(SymptomEvaluator)[170] <Debug>: found LU hint (mode: 1) for dev.selfhost.firstActivationProbe: 0x102829350, subscriber tag: 0
Aug 27 21:13:49.791791 symptomsd(SymptomEvaluator)[170] <Notice>: Data Usage for dev.selfhost.firstActivationProbe on flow 1184731 - WiFi in/out: 7520/6535, WiFi delta_in/delta_out: 391/504, Cell in/out: 0/0, Cell delta_in/delta_out: 0/0, RNF: 0, subscriber tag: 0
Aug 27 21:13:49.792277 symptomsd(SymptomEvaluator)[170] <Debug>: Data Usage for dev.selfhost.firstActivationProbe on flow 1184731 - Wired in/out: 0/0, Wired delta_in/delta_out: 0/0, subscriber tag: 0
Aug 27 21:13:49.794272 symptomsd(SymptomEvaluator)[170] <Info>: changedForegroundState to 1 for dev.selfhost.firstActivationProbe
Aug 27 21:13:49.794393 symptomsd(SymptomEvaluator)[170] <Debug>: app name dev.selfhost.firstActivationProbe isForeground 1  hasForegroundApps 1, current idea of foreground 0 disp (null)
Aug 27 21:13:49.794754 symptomsd(SymptomEvaluator)[170] <Notice>: dev.selfhost.firstActivationProbe: Foreground: true
Aug 27 21:13:49.794877 symptomsd(SymptomEvaluator)[170] <Debug>: found LU hint (mode: 1) for dev.selfhost.firstActivationProbe: 0x102829350, subscriber tag: 0
Aug 27 21:13:49.795045 symptomsd(SymptomEvaluator)[170] <Info>: Set appCompactState object 14055 for key dev.selfhost.firstActivationProbe
Aug 27 21:13:49.841599 SpringBoard(FrontBoard)[47602] <Notice>: [application<dev.selfhost.firstActivationProbe>:50521] Now acquiring workspace assertion with state: ForegroundFocal.
Aug 27 21:13:49.844798 runningboardd(RunningBoard)[33] <Notice>: Acquiring assertion targeting [application<dev.selfhost.firstActivationProbe>:50521] from originator [daemon<com.apple.SpringBoard>:47602] with description <RBSAssertionDescriptor| "FBWorkspace (ForegroundFocal)" ID:33-47602-7486 target:50521 attributes:[
Aug 27 21:13:49.845013 runningboardd(RunningBoard)[33] <Notice>: Assertion 33-47602-7486 (target:[application<dev.selfhost.firstActivationProbe>:50521]) will be created as active
Aug 27 21:13:49.845274 runningboardd(RunningBoard)[33] <Debug>: BEGIN suppressing state updates for application<dev.selfhost.firstActivationProbe>
Aug 27 21:13:49.845443 runningboardd(RunningBoard)[33] <Debug>: Adding assertion 33-47602-7486 (target:[application<dev.selfhost.firstActivationProbe>:50521])
Aug 27 21:13:49.845903 runningboardd(RunningBoard)[33] <Info>: application<dev.selfhost.firstActivationProbe> is now targeted by 5 assertions
Aug 27 21:13:49.846091 runningboardd(RunningBoard)[33] <Debug>: Incrementing suppression state to 1 for application<dev.selfhost.firstActivationProbe>
Aug 27 21:13:49.846461 runningboardd(RunningBoard)[33] <Debug>: Updating events for assertion: 33-47602-7486 (target:[application<dev.selfhost.firstActivationProbe>:50521])
Aug 27 21:13:49.846629 runningboardd(RunningBoard)[33] <Info>: [application<dev.selfhost.firstActivationProbe>:50521] Applying updated state
Aug 27 21:13:49.846811 runningboardd(RunningBoard)[33] <Notice>: Calculated state for application<dev.selfhost.firstActivationProbe>: running-active (role: UserInteractiveFocal)
Aug 27 21:13:49.847005 runningboardd(RunningBoard)[33] <Debug>: Removing events for context: 33-47602-7486 (target:[application<dev.selfhost.firstActivationProbe>:50521])
Aug 27 21:13:49.847184 runningboardd(RunningBoard)[33] <Debug>: Enqueueing events for assertion: 33-47602-7486 (target:[application<dev.selfhost.firstActivationProbe>:50521])
Aug 27 21:13:49.847336 runningboardd(RunningBoard)[33] <Debug>: SUPPRESSING state update for application<dev.selfhost.firstActivationProbe>: <RBSProcessState| task:running-active debug:none terminationResistance:Interactive endowments:[
	<RBSProcessAssertionInfo| type:2 reason:10000 name:"Domain" domain:"com.apple.frontboard:Bootstrap-Foreground,com.apple.frontboard:Visibility" expl:"FBApplicationProcess">,
	<RBSProcessAssertionInfo| type:1 reason:0 name:"Custom" domain:"(null)" expl:"injecting inherited from "UIScene:com.apple.frontboard.systemappservices::com.apple.springboard" to 50521<UIScene:com.apple.frontboard.systemappservices::sceneID%3Adev.selfhost.firstActivationProbe-default>">
    <RBSInheritance| environment:UIScene:com.apple.frontboard.systemappservices::sceneID%3Adev.selfhost.firstActivationProbe-default name:com.apple.frontboard.visibility origID:33-47602-7484 payload>,
Aug 27 21:13:49.847839 runningboardd(RunningBoard)[33] <Info>: Finished acquiring assertion 33-47602-7486 (target:[application<dev.selfhost.firstActivationProbe>:50521])
Aug 27 21:13:49.847977 runningboardd(RunningBoard)[33] <Debug>: Decrementing suppression state to 0 for application<dev.selfhost.firstActivationProbe>
Aug 27 21:13:49.848169 runningboardd(RunningBoard)[33] <Debug>: END suppressing state updates for application<dev.selfhost.firstActivationProbe>
Aug 27 21:13:49.848288 runningboardd(RunningBoard)[33] <Debug>: Sending state update for application<dev.selfhost.firstActivationProbe>: <RBSProcessState| task:running-active debug:none terminationResistance:Interactive endowments:[
	<RBSProcessAssertionInfo| type:2 reason:10000 name:"Domain" domain:"com.apple.frontboard:Bootstrap-Foreground,com.apple.frontboard:Visibility" expl:"FBApplicationProcess">,
	<RBSProcessAssertionInfo| type:1 reason:0 name:"Custom" domain:"(null)" expl:"injecting inherited from "UIScene:com.apple.frontboard.systemappservices::com.apple.springboard" to 50521<UIScene:com.apple.frontboard.systemappservices::sceneID%3Adev.selfhost.firstActivationProbe-default>">
Aug 27 21:13:49.848642 SpringBoard(FrontBoard)[47602] <Notice>: [application<dev.selfhost.firstActivationProbe>:50521] Dropping launch assertion.
Aug 27 21:13:49.849677 SpringBoard(RunningBoardServices)[47602] <Info>: Update skipped for [application<dev.selfhost.firstActivationProbe>:50521] with state: <RBSProcessState| task:running-active debug:none endowments:[
Aug 27 21:13:49.850176 Runner(RunningBoardServices)[50521] <Debug>: Received message from server: async_didChangeInheritances:completion:
Aug 27 21:13:49.850315 runningboardd(RunningBoard)[33] <Notice>: Invalidating assertion 33-47602-7480 (target:application<dev.selfhost.firstActivationProbe>) from originator [daemon<com.apple.SpringBoard>:47602]
Aug 27 21:13:49.850422 Runner(RunningBoardServices)[50521] <Info>: didChangeInheritances
Aug 27 21:13:49.850581 Runner(RunningBoardServices)[50521] <Info>: didChangeInheritances: <RBSInheritanceChangeSet| gained:{(
Aug 27 21:13:49.851067 SpringBoard(RunningBoardServices)[47602] <Info>: Update skipped for [application<dev.selfhost.firstActivationProbe>:50521] with state: <RBSProcessState| task:running-active debug:none endowments:[
Aug 27 21:13:49.851292 SpringBoard(RunningBoardServices)[47602] <Info>: Update skipped for [application<dev.selfhost.firstActivationProbe>:50521] with state: <RBSProcessState| task:running-active debug:none endowments:[
Aug 27 21:13:49.851408 mediaserverd(RunningBoardServices)[36] <Info>: Update skipped for [application<dev.selfhost.firstActivationProbe>:50521] with state: <RBSProcessState| task:running-active debug:none endowments:[
Aug 27 21:13:49.851540 mediaserverd(RunningBoardServices)[36] <Info>: Update skipped for [application<dev.selfhost.firstActivationProbe>:50521] with state: <RBSProcessState| task:running-active debug:none endowments:[
Aug 27 21:13:49.852059 kbd(RunningBoardServices)[303] <Info>: Update skipped for [application<dev.selfhost.firstActivationProbe>:50521] with state: <RBSProcessState| task:running-active debug:none endowments:[
Aug 27 21:13:49.852277 SpringBoard(RunningBoardServices)[47602] <Info>: Update skipped for [application<dev.selfhost.firstActivationProbe>:50521] with state: <RBSProcessState| task:running-active debug:none endowments:[
Aug 27 21:13:49.852494 SpringBoard(RunningBoardServices)[47602] <Info>: Update skipped for [application<dev.selfhost.firstActivationProbe>:50521] with state: <RBSProcessState| task:running-active debug:none endowments:[
Aug 27 21:13:49.853293 UserEventAgent(RunningBoardServices)[30] <Info>: Update skipped for [application<dev.selfhost.firstActivationProbe>:50521] with state: <RBSProcessState| task:running-active debug:none endowments:[
	<RBSProcessAssertionInfo| type:2 reason:10000 name:"Domain" domain:"com.apple.frontboard:Bootstrap-Foreground,com.apple.frontboard:Visibility" expl:"FBApplicationProcess">,
	<RBSProcessAssertionInfo| type:1 reason:0 name:"Custom" domain:"(null)" expl:"injecting inherited from "UIScene:com.apple.frontboard.systemappservices::com.apple.springboard" to 50521<UIScene:com.apple.frontboard.systemappservices::sceneID%3Adev.selfhost.firstActivationProbe-default>">
Aug 27 21:13:49.854365 backboardd(RunningBoardServices)[65] <Info>: Update skipped for [application<dev.selfhost.firstActivationProbe>:50521] with state: <RBSProcessState| task:running-active debug:none endowments:[
Aug 27 21:13:49.856630 CommCenter(RunningBoardServices)[90] <Info>: Update skipped for [application<dev.selfhost.firstActivationProbe>:50521] with state: <RBSProcessState| task:running-active debug:none endowments:[
Aug 27 21:13:49.860507 watchdogd(RunningBoardServices)[57] <Debug>: Received message from server: async_observedProcessStatesDidChange:completion:
Aug 27 21:13:49.860989 watchdogd(RunningBoardServices)[57] <Info>: observedProcessStatesDidChange
Aug 27 21:13:49.862058 watchdogd(RunningBoardServices)[57] <Debug>: Decoded RBSProcessHandle with IPC ID 40bcbb50000c559
Aug 27 21:13:49.864744 dasd(RunningBoardServices)[94] <Info>: Update skipped for [application<dev.selfhost.firstActivationProbe>:50521] with state: <RBSProcessState| task:running-active debug:none endowments:[
Aug 27 21:13:49.865084 wifid(RunningBoardServices)[52] <Info>: Update skipped for [application<dev.selfhost.firstActivationProbe>:50521] with state: <RBSProcessState| task:running-active debug:none endowments:[
Aug 27 21:13:49.865186 useractivityd(RunningBoardServices)[184] <Info>: Update skipped for [application<dev.selfhost.firstActivationProbe>:50521] with state: <RBSProcessState| task:running-active debug:none endowments:[
Aug 27 21:13:49.865383 watchdogd(RunningBoardServices)[57] <Notice>: Received state update for 50521
Aug 27 21:13:49.865518 callservicesd(RunningBoardServices)[131] <Info>: Update skipped for [application<dev.selfhost.firstActivationProbe>:50521] with state: <RBSProcessState| task:running-active debug:none endowments:[
Aug 27 21:13:49.865752 contextstored(RunningBoardServices)[61] <Info>: Update skipped for [application<dev.selfhost.firstActivationProbe>:50521] with state: <RBSProcessState| task:running-active debug:none endowments:[
Aug 27 21:13:49.866166 locationd(RunningBoardServices)[69] <Info>: Update skipped for [application<dev.selfhost.firstActivationProbe>:50521] with state: <RBSProcessState| task:running-active debug:none endowments:[
Aug 27 21:13:49.867120 symptomsd(RunningBoardServices)[170] <Info>: Update skipped for [application<dev.selfhost.firstActivationProbe>:50521] with state: <RBSProcessState| task:running-active debug:none endowments:[
Aug 27 21:13:49.867814 aggregated(RunningBoardServices)[50213] <Info>: Update skipped for [application<dev.selfhost.firstActivationProbe>:50521] with state: <RBSProcessState| task:running-active debug:none endowments:[
Aug 27 21:13:49.868814 dasd(RunningBoardServices)[94] <Info>: Update skipped for [application<dev.selfhost.firstActivationProbe>:50521] with state: <RBSProcessState| task:running-active debug:none endowments:[
Aug 27 21:13:49.869846 watchdogd(RunningBoardServices)[57] <Info>: Update skipped for [application<dev.selfhost.firstActivationProbe>:50521] with state: <RBSProcessState| task:running-active debug:none endowments:[
Aug 27 21:13:49.871171 UserEventAgent(RunningBoardServices)[30] <Info>: Update delivered for [application<dev.selfhost.firstActivationProbe>:50521] with taskState 4
Aug 27 21:13:49.871787 dasd(RunningBoardServices)[94] <Info>: Update skipped for [application<dev.selfhost.firstActivationProbe>:50521] with state: <RBSProcessState| task:running-active debug:none endowments:[
Aug 27 21:13:49.957162 runningboardd(RunningBoard)[33] <Debug>: Updating events for assertion: 33-47602-7480 (target:application<dev.selfhost.firstActivationProbe>)
Aug 27 21:13:49.957409 runningboardd(RunningBoard)[33] <Debug>: Removing events for context: 33-47602-7480 (target:application<dev.selfhost.firstActivationProbe>)
Aug 27 21:13:49.957709 runningboardd(RunningBoard)[33] <Debug>: Removing assertion 33-47602-7480 on application<dev.selfhost.firstActivationProbe>
Aug 27 21:13:49.960204 runningboardd(RunningBoard)[33] <Debug>: > application<dev.selfhost.firstActivationProbe> ['com.apple.frontboard.after-life.interrupted'] [33-47602-7482]
Aug 27 21:13:49.960459 runningboardd(RunningBoard)[33] <Debug>: > application<dev.selfhost.firstActivationProbe> ['FBWorkspace (ForegroundFocal)'] [33-47602-7486]
Aug 27 21:13:49.962465 runningboardd(RunningBoard)[33] <Debug>: > application<dev.selfhost.firstActivationProbe> ['injecting inherited from "UIScene:com.apple.frontboard.systemappservices::com.apple.springboard" to 50521<UIScene:com.apple.frontboard.systemappservices::sceneID%3Adev.selfhost.firstActivationProbe-default>'] [33-47602-7484]
Aug 27 21:13:49.964913 runningboardd(RunningBoard)[33] <Info>: application<dev.selfhost.firstActivationProbe> is now targeted by 4 assertions
Aug 27 21:13:49.965135 runningboardd(RunningBoard)[33] <Debug>: > 47602 ['injecting inherited from "UIScene:com.apple.frontboard.systemappservices::com.apple.springboard" to 50521<UIScene:com.apple.frontboard.systemappservices::sceneID%3Adev.selfhost.firstActivationProbe-default>'] [33-47602-7484]
Aug 27 21:13:49.966303 runningboardd(RunningBoard)[33] <Info>: [application<dev.selfhost.firstActivationProbe>:50521] Applying updated state
Aug 27 21:13:49.967421 SpringBoard(RunningBoardServices)[47602] <Info>: Update skipped for [application<dev.selfhost.firstActivationProbe>:50521] with state: <RBSProcessState| task:running-active debug:none endowments:[
Aug 27 21:13:49.967606 SpringBoard(RunningBoardServices)[47602] <Info>: Update skipped for [application<dev.selfhost.firstActivationProbe>:50521] with state: <RBSProcessState| task:running-active debug:none endowments:[
Aug 27 21:13:49.968047 Runner(RunningBoardServices)[50521] <Debug>: Received message from server: async_didChangeInheritances:completion:
Aug 27 21:13:49.968153 Runner(RunningBoardServices)[50521] <Info>: didChangeInheritances
Aug 27 21:13:49.968321 Runner(RunningBoardServices)[50521] <Info>: didChangeInheritances: <RBSInheritanceChangeSet| gained:(null) lost:{(
Aug 27 21:13:49.968610 SpringBoard(RunningBoardServices)[47602] <Info>: Update skipped for [application<dev.selfhost.firstActivationProbe>:50521] with state: <RBSProcessState| task:running-active debug:none endowments:[
Aug 27 21:13:49.968809 powerd[43] <Notice>: Process runningboardd.33 Released SystemIsActive "application<dev.selfhost.firstActivationProbe>;(null):(null);33-47602-7480:FBApplicationProcess" age:00:00:01  id:51539649946 [System: SysAct]
Aug 27 21:13:49.969907 mediaserverd(RunningBoardServices)[36] <Info>: Update skipped for [application<dev.selfhost.firstActivationProbe>:50521] with state: <RBSProcessState| task:running-active debug:none endowments:[
Aug 27 21:13:49.970055 mediaserverd(RunningBoardServices)[36] <Info>: Update skipped for [application<dev.selfhost.firstActivationProbe>:50521] with state: <RBSProcessState| task:running-active debug:none endowments:[
Aug 27 21:13:49.970305 runningboardd(RunningBoard)[33] <Notice>: Calculated state for application<dev.selfhost.firstActivationProbe>: running-active (role: UserInteractiveFocal)
    <RBSInheritance| environment:UIScene:com.apple.frontboard.systemappservices::sceneID%3Adev.selfhost.firstActivationProbe-default name:com.apple.frontboard.visibility origID:33-47602-7484 payload>,
Aug 27 21:13:49.971085 runningboardd(RunningBoard)[33] <Debug>: Sending state update for application<dev.selfhost.firstActivationProbe>: <RBSProcessState| task:running-active debug:none terminationResistance:Interactive endowments:[
	<RBSProcessAssertionInfo| type:1 reason:0 name:"Custom" domain:"(null)" expl:"injecting inherited from "UIScene:com.apple.frontboard.systemappservices::com.apple.springboard" to 50521<UIScene:com.apple.frontboard.systemappservices::sceneID%3Adev.selfhost.firstActivationProbe-default>">,
Aug 27 21:13:49.971340 runningboardd(RunningBoard)[33] <Debug>: BEGIN suppressing state updates for application<dev.selfhost.firstActivationProbe>
Aug 27 21:13:49.971547 runningboardd(RunningBoard)[33] <Debug>: Incrementing suppression state to 1 for application<dev.selfhost.firstActivationProbe>
Aug 27 21:13:49.972041 SpringBoard(RunningBoardServices)[47602] <Info>: Update skipped for [application<dev.selfhost.firstActivationProbe>:50521] with state: <RBSProcessState| task:running-active debug:none endowments:[
Aug 27 21:13:49.972324 SpringBoard(RunningBoardServices)[47602] <Info>: Update skipped for [application<dev.selfhost.firstActivationProbe>:50521] with state: <RBSProcessState| task:running-active debug:none endowments:[
Aug 27 21:13:49.974151 kbd(RunningBoardServices)[303] <Info>: Update skipped for [application<dev.selfhost.firstActivationProbe>:50521] with state: <RBSProcessState| task:running-active debug:none endowments:[
Aug 27 21:13:49.977040 UserEventAgent(RunningBoardServices)[30] <Info>: Update skipped for [application<dev.selfhost.firstActivationProbe>:50521] with state: <RBSProcessState| task:running-active debug:none endowments:[
	<RBSProcessAssertionInfo| type:1 reason:0 name:"Custom" domain:"(null)" expl:"injecting inherited from "UIScene:com.apple.frontboard.systemappservices::com.apple.springboard" to 50521<UIScene:com.apple.frontboard.systemappservices::sceneID%3Adev.selfhost.firstActivationProbe-default>">,
Aug 27 21:13:49.977230 CommCenter(RunningBoardServices)[90] <Info>: Update skipped for [application<dev.selfhost.firstActivationProbe>:50521] with state: <RBSProcessState| task:running-active debug:none endowments:[
Aug 27 21:13:49.977409 backboardd(RunningBoardServices)[65] <Info>: Update skipped for [application<dev.selfhost.firstActivationProbe>:50521] with state: <RBSProcessState| task:running-active debug:none endowments:[
Aug 27 21:13:49.980398 watchdogd(RunningBoardServices)[57] <Debug>: Received message from server: async_observedProcessStatesDidChange:completion:
Aug 27 21:13:49.980568 watchdogd(RunningBoardServices)[57] <Info>: observedProcessStatesDidChange
Aug 27 21:13:49.980815 watchdogd(RunningBoardServices)[57] <Debug>: Decoded RBSProcessHandle with IPC ID 40bcbb50000c559
Aug 27 21:13:49.981191 watchdogd(RunningBoardServices)[57] <Notice>: Received state update for 50521
Aug 27 21:13:49.983931 aggregated(RunningBoardServices)[50213] <Info>: Update skipped for [application<dev.selfhost.firstActivationProbe>:50521] with state: <RBSProcessState| task:running-active debug:none endowments:[
Aug 27 21:13:49.984204 locationd(RunningBoardServices)[69] <Info>: Update skipped for [application<dev.selfhost.firstActivationProbe>:50521] with state: <RBSProcessState| task:running-active debug:none endowments:[
Aug 27 21:13:49.984663 wifid(RunningBoardServices)[52] <Info>: Update skipped for [application<dev.selfhost.firstActivationProbe>:50521] with state: <RBSProcessState| task:running-active debug:none endowments:[
Aug 27 21:13:49.984883 watchdogd(RunningBoardServices)[57] <Info>: Update skipped for [application<dev.selfhost.firstActivationProbe>:50521] with state: <RBSProcessState| task:running-active debug:none endowments:[
Aug 27 21:13:49.985838 callservicesd(RunningBoardServices)[131] <Info>: Update skipped for [application<dev.selfhost.firstActivationProbe>:50521] with state: <RBSProcessState| task:running-active debug:none endowments:[
Aug 27 21:13:49.986117 symptomsd(RunningBoardServices)[170] <Info>: Update skipped for [application<dev.selfhost.firstActivationProbe>:50521] with state: <RBSProcessState| task:running-active debug:none endowments:[
Aug 27 21:13:49.987523 dasd(RunningBoardServices)[94] <Info>: Update skipped for [application<dev.selfhost.firstActivationProbe>:50521] with state: <RBSProcessState| task:running-active debug:none endowments:[
Aug 27 21:13:49.987852 contextstored(RunningBoardServices)[61] <Info>: Update skipped for [application<dev.selfhost.firstActivationProbe>:50521] with state: <RBSProcessState| task:running-active debug:none endowments:[
Aug 27 21:13:49.988528 dasd(RunningBoardServices)[94] <Info>: Update skipped for [application<dev.selfhost.firstActivationProbe>:50521] with state: <RBSProcessState| task:running-active debug:none endowments:[
Aug 27 21:13:49.988883 useractivityd(RunningBoardServices)[184] <Info>: Update skipped for [application<dev.selfhost.firstActivationProbe>:50521] with state: <RBSProcessState| task:running-active debug:none endowments:[
Aug 27 21:13:49.990505 dasd(RunningBoardServices)[94] <Info>: Update skipped for [application<dev.selfhost.firstActivationProbe>:50521] with state: <RBSProcessState| task:running-active debug:none endowments:[
Aug 27 21:13:49.992063 UserEventAgent(RunningBoardServices)[30] <Info>: Update delivered for [application<dev.selfhost.firstActivationProbe>:50521] with taskState 4
Aug 27 21:13:50.062736 runningboardd(RunningBoard)[33] <Debug>: Decrementing suppression state to 0 for application<dev.selfhost.firstActivationProbe>
Aug 27 21:13:50.063000 runningboardd(RunningBoard)[33] <Debug>: END suppressing state updates for application<dev.selfhost.firstActivationProbe>
Aug 27 21:13:50.285884 Runner(CoreFoundation)[50521] <Debug>: found no value for key QuickSpeak in CFPrefsSearchListSource<0x282257080> (Domain: com.apple.Accessibility, Container: (null))
Aug 27 21:13:50.286538 Runner(libAccessibility.dylib)[50521] <Debug>: CF Read: domain = com.apple.Accessibility, preference = QuickSpeak, appID = (null) result = (null) (-1 - empty, 0 - false, 1 - true)
Aug 27 21:13:50.287398 Runner(CoreFoundation)[50521] <Debug>: found no value for key QuickSpeak in CFPrefsPlistSource<0x282253280> (Domain: com.apple.Accessibility, User: kCFPreferencesCurrentUser, ByHost: No, Container: (null), Contents Need Refresh: No)
Aug 27 21:13:51.046685 SpringBoard(CoreMotion)[47602] <Debug>: Ping timer fired, resetting watchdog
Aug 27 21:13:51.492318 backboardd(CoreMotion)[65] <Debug>: Ping timer fired, resetting watchdog
Aug 27 21:13:51.888656 biometrickitd(CoreMotion)[109] <Debug>: Ping timer fired, resetting watchdog
Aug 27 21:13:52.299405 wifid(WiFiPolicy)[52] <Notice>: __WiFiLQAMgrLogStats(tech support:Stationary): Rssi: -37 {-36 0} Channel: 44 Bandwidth: 80Mhz Snr: 35 Cca: 19 (S:0 O:0 I:0) TxPer: 0.0% (7) BcnPer: 1.0% (98, 50.5%) RxFrms: 10 RxRetryFrames: 0 TxRate: 24000 RxRate: 780000 FBRate: 468000 TxFwFrms: 2 TxFwFail: 0 TxReTrans: 0 time: 1941.0secs fgApp: dev.selfhost.firstActivationProbe
Aug 27 21:13:52.424289 runningboardd(RunningBoard)[33] <Notice>: [daemon<com.apple.backupd>:50518] termination reported by launchd (0, 0, 0)
Aug 27 21:13:52.426783 runningboardd(RunningBoard)[33] <Notice>: Removing assertions for terminated process: [daemon<com.apple.backupd>:50518]
Aug 27 21:13:52.429884 runningboardd(RunningBoard)[33] <Debug>: Sending state update for daemon<com.apple.backupd>: <RBSProcessState| task:none debug:none terminationResistance:None>
Aug 27 21:13:52.560732 watchdogd[57] <Debug>: 1249280303793500: <private>
Aug 27 21:13:52.561750 watchdogd[57] <Info>: 1249280304131875: <private>
Aug 27 21:13:52.563106 watchdogd[57] <Debug>: 1249280304219333: <private>
Aug 27 21:13:52.564164 watchdogd[57] <Info>: 1249280304225541: <private>
Aug 27 21:13:52.565440 watchdogd[57] <Debug>: 1249280304308666: <private>
Aug 27 21:13:52.566457 watchdogd[57] <Debug>: 1249280304720541: <private>
Aug 27 21:13:52.567494 watchdogd[57] <Debug>: 1249280304997208: <private>
Aug 27 21:13:52.568526 watchdogd[57] <Debug>: 1249280305177500: <private>
Aug 27 21:13:52.569442 watchdogd[57] <Debug>: 1249280305327208: <private>
Aug 27 21:13:52.570244 watchdogd[57] <Debug>: 1249280305536625: <private>
Aug 27 21:13:52.571181 watchdogd[57] <Info>: 1249280305569500: <private>
Aug 27 21:13:52.572866 watchdogd[57] <Info>: 1249280305578583: <private>
Aug 27 21:13:52.574407 watchdogd[57] <Info>: 1249280305582166: <private>
Aug 27 21:13:52.581631 watchdogd[57] <Info>: 1249280305584916: <private>
Aug 27 21:13:52.582796 watchdogd[57] <Info>: 1249280305587375: <private>
Aug 27 21:13:52.584203 watchdogd[57] <Info>: 1249280305589666: <private>
Aug 27 21:13:52.585358 watchdogd[57] <Info>: 1249280305592000: <private>
Aug 27 21:13:52.586545 watchdogd[57] <Info>: 1249280305594166: <private>
Aug 27 21:13:54.064180 mediaserverd(CoreMotion)[36] <Debug>: Ping timer fired, resetting watchdog
Aug 27 21:13:54.093417 nearbyd(CoreMotion)[157] <Debug>: Ping timer fired, resetting watchdog
Aug 27 21:13:54.158410 locationd[69] <Debug>: Ping timer fired, resetting watchdog
Aug 27 21:13:56.044497 SpringBoard(CoreMotion)[47602] <Debug>: Ping timer fired, resetting watchdog
Aug 27 21:13:56.490024 backboardd(CoreMotion)[65] <Debug>: Ping timer fired, resetting watchdog
Aug 27 21:13:56.886913 biometrickitd(CoreMotion)[109] <Debug>: Ping timer fired, resetting watchdog
Aug 27 21:13:57.307233 wifid(WiFiPolicy)[52] <Notice>: __WiFiLQAMgrLogStats(tech support:Stationary): Rssi: -38 {-37 0} Channel: 44 Bandwidth: 80Mhz Snr: 35 Cca: 27 (S:0 O:0 I:0) TxPer: 0.0% (0) BcnPer: 0.0% (0, 50.5%) RxFrms: 2 RxRetryFrames: 0 TxRate: 24000 RxRate: 780000 FBRate: 468000 TxFwFrms: 0 TxFwFail: 0 TxReTrans: 0 time: 1946.0secs fgApp: dev.selfhost.firstActivationProbe
Aug 27 21:13:59.063460 mediaserverd(CoreMotion)[36] <Debug>: Ping timer fired, resetting watchdog
Aug 27 21:13:59.091754 nearbyd(CoreMotion)[157] <Debug>: Ping timer fired, resetting watchdog
Aug 27 21:13:59.160522 locationd[69] <Debug>: Ping timer fired, resetting watchdog
Aug 27 21:14:01.046082 SpringBoard(CoreMotion)[47602] <Debug>: Ping timer fired, resetting watchdog
Aug 27 21:14:01.490655 backboardd(CoreMotion)[65] <Debug>: Ping timer fired, resetting watchdog
Aug 27 21:14:01.886941 biometrickitd(CoreMotion)[109] <Debug>: Ping timer fired, resetting watchdog
Aug 27 21:14:02.319533 wifid(WiFiPolicy)[52] <Notice>: __WiFiLQAMgrLogStats(tech support:Stationary): Rssi: -38 {-37 0} Channel: 44 Bandwidth: 80Mhz Snr: 35 Cca: 58 (S:0 O:0 I:0) TxPer: 0.0% (0) BcnPer: 0.0% (98, 50.5%) RxFrms: 38 RxRetryFrames: 0 TxRate: 24000 RxRate: 780000 FBRate: 468000 TxFwFrms: 0 TxFwFail: 0 TxReTrans: 0 time: 1951.0secs fgApp: dev.selfhost.firstActivationProbe
Aug 27 21:14:02.561020 watchdogd[57] <Debug>: 1249290304281583: <private>
Aug 27 21:14:02.563698 watchdogd[57] <Info>: 1249290304860791: <private>
Aug 27 21:14:02.565555 watchdogd[57] <Debug>: 1249290305013125: <private>
Aug 27 21:14:02.570083 watchdogd[57] <Info>: 1249290305025333: <private>
Aug 27 21:14:02.571995 watchdogd[57] <Debug>: 1249290305148666: <private>
Aug 27 21:14:02.573203 watchdogd[57] <Debug>: 1249290305667458: <private>
Aug 27 21:14:02.574387 watchdogd[57] <Debug>: 1249290306373333: <private>
Aug 27 21:14:02.575407 watchdogd[57] <Debug>: 1249290306706833: <private>
Aug 27 21:14:02.576047 watchdogd[57] <Debug>: 1249290307111291: <private>
Aug 27 21:14:02.576559 watchdogd[57] <Debug>: 1249290307431375: <private>
Aug 27 21:14:02.577330 watchdogd[57] <Info>: 1249290307488375: <private>
Aug 27 21:14:02.577976 watchdogd[57] <Info>: 1249290307502500: <private>
Aug 27 21:14:02.578819 watchdogd[57] <Info>: 1249290307508375: <private>
Aug 27 21:14:02.580049 watchdogd[57] <Info>: 1249290307513625: <private>
Aug 27 21:14:02.581440 watchdogd[57] <Info>: 1249290307518041: <private>
Aug 27 21:14:02.582841 watchdogd[57] <Info>: 1249290307522125: <private>
Aug 27 21:14:02.584080 watchdogd[57] <Info>: 1249290307526375: <private>
Aug 27 21:14:02.585239 watchdogd[57] <Info>: 1249290307530250: <private>
Aug 27 21:14:04.064737 mediaserverd(CoreMotion)[36] <Debug>: Ping timer fired, resetting watchdog
Aug 27 21:14:04.096637 nearbyd(CoreMotion)[157] <Debug>: Ping timer fired, resetting watchdog
Aug 27 21:14:04.158024 locationd[69] <Debug>: Ping timer fired, resetting watchdog
Aug 27 21:14:04.924511 runningboardd(RunningBoard)[33] <Info>: _requestedJetsamPriority = 4, _executablePath = /Developer/usr/bin/ScreenShotr
Aug 27 21:14:04.931841 runningboardd(RunningBoard)[33] <Info>: _requestedJetsamPriority = 4, _executablePath = /Developer/usr/bin/ScreenShotr
Aug 27 21:14:04.934978 SpringBoard(FrontBoard)[47602] <Notice>: Asked to bootstrap a new process for handle: [anon<ScreenShotr>:50524]
Aug 27 21:14:04.938518 SpringBoard(FrontBoard)[47602] <Notice>: Bootstrapping anon<ScreenShotr>
Aug 27 21:14:04.939173 SpringBoard(FrontBoard)[47602] <Notice>: [anon<ScreenShotr>:50524] Bootstrap success!
Aug 27 21:14:04.942184 runningboardd(RunningBoard)[33] <Debug>: Sending state update for anon<ScreenShotr>: <RBSProcessState| task:running debug:none terminationResistance:None>
Aug 27 21:14:05.140052 runningboardd(RunningBoard)[33] <Notice>: [anon<ScreenShotr>:50524] termination reported by launchd (0, 0, 0)
Aug 27 21:14:05.140823 runningboardd(RunningBoard)[33] <Notice>: Removing assertions for terminated process: [anon<ScreenShotr>:50524]
Aug 27 21:14:05.142480 runningboardd(RunningBoard)[33] <Debug>: Sending state update for anon<ScreenShotr>: <RBSProcessState| task:none debug:none terminationResistance:None>
Aug 27 21:14:06.044309 SpringBoard(CoreMotion)[47602] <Debug>: Ping timer fired, resetting watchdog
Aug 27 21:14:06.489220 backboardd(CoreMotion)[65] <Debug>: Ping timer fired, resetting watchdog
Aug 27 21:14:06.886013 biometrickitd(CoreMotion)[109] <Debug>: Ping timer fired, resetting watchdog
Aug 27 21:14:07.337140 wifid(WiFiPolicy)[52] <Notice>: __WiFiLQAMgrLogStats(tech support:Stationary): Rssi: -38 {-37 0} Channel: 44 Bandwidth: 80Mhz Snr: 35 Cca: 30 (S:0 O:0 I:0) TxPer: 0.0% (0) BcnPer: 0.0% (0, 50.5%) RxFrms: 9 RxRetryFrames: 0 TxRate: 24000 RxRate: 780000 FBRate: 468000 TxFwFrms: 0 TxFwFail: 0 TxReTrans: 0 time: 1956.0secs fgApp: dev.selfhost.firstActivationProbe
Aug 27 21:14:09.064515 mediaserverd(CoreMotion)[36] <Debug>: Ping timer fired, resetting watchdog
Aug 27 21:14:09.093294 nearbyd(CoreMotion)[157] <Debug>: Ping timer fired, resetting watchdog
Aug 27 21:14:09.157530 locationd[69] <Debug>: Ping timer fired, resetting watchdog
Aug 27 21:14:11.043048 SpringBoard(CoreMotion)[47602] <Debug>: Ping timer fired, resetting watchdog
Aug 27 21:14:11.489441 backboardd(CoreMotion)[65] <Debug>: Ping timer fired, resetting watchdog
Aug 27 21:14:11.886951 biometrickitd(CoreMotion)[109] <Debug>: Ping timer fired, resetting watchdog
Aug 27 21:14:12.337095 wifid(WiFiPolicy)[52] <Notice>: __WiFiLQAMgrLogStats(tech support:Stationary): Rssi: -38 {-37 0} Channel: 44 Bandwidth: 80Mhz Snr: 35 Cca: 30 (S:0 O:0 I:0) TxPer: 0.0% (0) BcnPer: 2.0% (98, 50.5%) RxFrms: 4 RxRetryFrames: 0 TxRate: 24000 RxRate: 780000 FBRate: 468000 TxFwFrms: 5 TxFwFail: 0 TxReTrans: 0 time: 1961.0secs fgApp: dev.selfhost.firstActivationProbe
Aug 27 21:14:12.562884 watchdogd[57] <Debug>: 1249300305026458: <private>
Aug 27 21:14:12.567025 watchdogd[57] <Info>: 1249300305596250: <private>
Aug 27 21:14:12.568845 watchdogd[57] <Debug>: 1249300305758250: <private>
Aug 27 21:14:12.570653 watchdogd[57] <Info>: 1249300305769500: <private>
Aug 27 21:14:12.571878 watchdogd[57] <Debug>: 1249300305892833: <private>
Aug 27 21:14:12.573086 watchdogd[57] <Debug>: 1249300306383625: <private>
Aug 27 21:14:12.574107 watchdogd[57] <Debug>: 1249300307072250: <private>
Aug 27 21:14:12.575109 watchdogd[57] <Debug>: 1249300307359958: <private>
Aug 27 21:14:12.576436 watchdogd[57] <Debug>: 1249300307810333: <private>
Aug 27 21:14:12.577523 watchdogd[57] <Debug>: 1249300308118166: <private>
Aug 27 21:14:12.578322 watchdogd[57] <Info>: 1249300308178083: <private>
Aug 27 21:14:12.579551 watchdogd[57] <Info>: 1249300308193125: <private>
Aug 27 21:14:12.580652 watchdogd[57] <Info>: 1249300308199125: <private>
Aug 27 21:14:12.581760 watchdogd[57] <Info>: 1249300308204125: <private>
Aug 27 21:14:12.582890 watchdogd[57] <Info>: 1249300308209375: <private>
Aug 27 21:14:12.584040 watchdogd[57] <Info>: 1249300308213791: <private>
Aug 27 21:14:12.584975 watchdogd[57] <Info>: 1249300308218375: <private>
Aug 27 21:14:12.586224 watchdogd[57] <Info>: 1249300308222541: <private>
Aug 27 21:14:12.587268 watchdogd[57] <Info>: 1249300308923291: <private>
Aug 27 21:14:14.064220 mediaserverd(CoreMotion)[36] <Debug>: Ping timer fired, resetting watchdog
Aug 27 21:14:14.099312 nearbyd(CoreMotion)[157] <Debug>: Ping timer fired, resetting watchdog
Aug 27 21:14:14.157305 locationd[69] <Debug>: Ping timer fired, resetting watchdog
Aug 27 21:14:16.045134 SpringBoard(CoreMotion)[47602] <Debug>: Ping timer fired, resetting watchdog
Aug 27 21:14:16.490621 backboardd(CoreMotion)[65] <Debug>: Ping timer fired, resetting watchdog
Aug 27 21:14:16.887043 biometrickitd(CoreMotion)[109] <Debug>: Ping timer fired, resetting watchdog
Aug 27 21:14:17.357448 wifid(WiFiPolicy)[52] <Notice>: __WiFiLQAMgrLogStats(tech support:Stationary): Rssi: -38 {-37 0} Channel: 44 Bandwidth: 80Mhz Snr: 35 Cca: 30 (S:0 O:0 I:0) TxPer: 0.0% (0) BcnPer: 0.0% (0, 50.5%) RxFrms: 1 RxRetryFrames: 0 TxRate: 24000 RxRate: 780000 FBRate: 468000 TxFwFrms: 0 TxFwFail: 0 TxReTrans: 0 time: 1966.0secs fgApp: dev.selfhost.firstActivationProbe
Aug 27 21:14:19.077897 mediaserverd(CoreMotion)[36] <Debug>: Ping timer fired, resetting watchdog
Aug 27 21:14:19.094888 nearbyd(CoreMotion)[157] <Debug>: Ping timer fired, resetting watchdog
Aug 27 21:14:19.156952 locationd[69] <Debug>: Ping timer fired, resetting watchdog
Aug 27 21:14:21.043453 SpringBoard(CoreMotion)[47602] <Debug>: Ping timer fired, resetting watchdog
Aug 27 21:14:21.504192 backboardd(CoreMotion)[65] <Debug>: Ping timer fired, resetting watchdog
Aug 27 21:14:21.887116 biometrickitd(CoreMotion)[109] <Debug>: Ping timer fired, resetting watchdog
Aug 27 21:14:22.368186 wifid(WiFiPolicy)[52] <Notice>: __WiFiLQAMgrLogStats(tech support:Stationary): Rssi: -38 {-37 0} Channel: 44 Bandwidth: 80Mhz Snr: 35 Cca: 30 (S:0 O:0 I:0) TxPer: 0.0% (0) BcnPer: 4.1% (98, 50.5%) RxFrms: 8 RxRetryFrames: 0 TxRate: 24000 RxRate: 780000 FBRate: 468000 TxFwFrms: 0 TxFwFail: 0 TxReTrans: 0 time: 1971.0secs fgApp: dev.selfhost.firstActivationProbe
Aug 27 21:14:22.560637 watchdogd[57] <Debug>: 1249310305741875: <private>
Aug 27 21:14:22.562247 watchdogd[57] <Info>: 1249310306115583: <private>
Aug 27 21:14:22.563591 watchdogd[57] <Debug>: 1249310306285541: <private>
Aug 27 21:14:22.565053 watchdogd[57] <Debug>: 1249310306583041: <private>
Aug 27 21:14:22.567768 watchdogd[57] <Info>: 1249310306589291: <private>
Aug 27 21:14:22.569665 watchdogd[57] <Debug>: 1249310306862250: <private>
Aug 27 21:14:22.570663 watchdogd[57] <Debug>: 1249310307168083: <private>
Aug 27 21:14:22.571260 watchdogd[57] <Debug>: 1249310307371500: <private>
Aug 27 21:14:22.572123 watchdogd[57] <Debug>: 1249310307591375: <private>
Aug 27 21:14:22.572820 watchdogd[57] <Debug>: 1249310307683583: <private>
Aug 27 21:14:22.573634 watchdogd[57] <Info>: 1249310307719041: <private>
Aug 27 21:14:22.574321 watchdogd[57] <Info>: 1249310307728541: <private>
Aug 27 21:14:22.575059 watchdogd[57] <Info>: 1249310307731916: <private>
Aug 27 21:14:22.575800 watchdogd[57] <Info>: 1249310307734750: <private>
Aug 27 21:14:22.576455 watchdogd[57] <Info>: 1249310307737708: <private>
Aug 27 21:14:22.577159 watchdogd[57] <Info>: 1249310307740083: <private>
Aug 27 21:14:22.577918 watchdogd[57] <Info>: 1249310307742500: <private>
Aug 27 21:14:22.578720 watchdogd[57] <Info>: 1249310307744791: <private>
Aug 27 21:14:24.063252 mediaserverd(CoreMotion)[36] <Debug>: Ping timer fired, resetting watchdog
Aug 27 21:14:24.095811 nearbyd(CoreMotion)[157] <Debug>: Ping timer fired, resetting watchdog
Aug 27 21:14:24.158346 locationd[69] <Debug>: Ping timer fired, resetting watchdog
Aug 27 21:14:26.086033 SpringBoard(CoreMotion)[47602] <Debug>: Ping timer fired, resetting watchdog
Aug 27 21:14:26.505650 backboardd(CoreMotion)[65] <Debug>: Ping timer fired, resetting watchdog
Aug 27 21:14:26.894977 biometrickitd(CoreMotion)[109] <Debug>: Ping timer fired, resetting watchdog
Aug 27 21:14:27.381125 wifid(WiFiPolicy)[52] <Notice>: __WiFiLQAMgrLogStats(tech support:Stationary): Rssi: -38 {-37 0} Channel: 44 Bandwidth: 80Mhz Snr: 35 Cca: 30 (S:0 O:0 I:0) TxPer: 0.0% (0) BcnPer: 0.0% (0, 50.5%) RxFrms: 3 RxRetryFrames: 0 TxRate: 24000 RxRate: 780000 FBRate: 468000 TxFwFrms: 0 TxFwFail: 0 TxReTrans: 0 time: 1976.0secs fgApp: dev.selfhost.firstActivationProbe
Aug 27 21:14:28.492899 runningboardd(RunningBoard)[33] <Info>: _requestedJetsamPriority = 6, _executablePath = /System/Library/PrivateFrameworks/MobileBackup.framework/backupd
Aug 27 21:14:28.499398 runningboardd(RunningBoard)[33] <Info>: _requestedJetsamPriority = 6, _executablePath = /System/Library/PrivateFrameworks/MobileBackup.framework/backupd
Aug 27 21:14:28.504958 runningboardd(RunningBoard)[33] <Debug>: Sending state update for daemon<com.apple.backupd>: <RBSProcessState| task:running debug:none terminationResistance:None>
Aug 27 21:14:29.063327 mediaserverd(CoreMotion)[36] <Debug>: Ping timer fired, resetting watchdog
Aug 27 21:14:29.101007 nearbyd(CoreMotion)[157] <Debug>: Ping timer fired, resetting watchdog
Aug 27 21:14:29.156517 locationd[69] <Debug>: Ping timer fired, resetting watchdog
Aug 27 21:14:31.044455 SpringBoard(CoreMotion)[47602] <Debug>: Ping timer fired, resetting watchdog
Aug 27 21:14:31.490000 backboardd(CoreMotion)[65] <Debug>: Ping timer fired, resetting watchdog
Aug 27 21:14:31.886424 biometrickitd(CoreMotion)[109] <Debug>: Ping timer fired, resetting watchdog
Aug 27 21:14:32.391734 wifid(WiFiPolicy)[52] <Notice>: __WiFiLQAMgrLogStats(tech support:Stationary): Rssi: -38 {-37 -43} Channel: 44 Bandwidth: 80Mhz Snr: 35 Cca: 12 (S:0 O:0 I:0) TxPer: 0.0% (0) BcnPer: 0.0% (98, 50.5%) RxFrms: 2 RxRetryFrames: 0 TxRate: 24000 RxRate: 6000 FBRate: 468000 TxFwFrms: 2 TxFwFail: 0 TxReTrans: 0 time: 1981.1secs fgApp: dev.selfhost.firstActivationProbe
Aug 27 21:14:32.561448 watchdogd[57] <Debug>: 1249320306239000: <private>
Aug 27 21:14:32.563894 watchdogd[57] <Info>: 1249320306729083: <private>
Aug 27 21:14:32.565897 watchdogd[57] <Debug>: 1249320306885541: <private>
Aug 27 21:14:32.570472 watchdogd[57] <Info>: 1249320306897333: <private>
Aug 27 21:14:32.571718 watchdogd[57] <Debug>: 1249320307036375: <private>
Aug 27 21:14:32.572777 watchdogd[57] <Debug>: 1249320307607208: <private>
Aug 27 21:14:32.574014 watchdogd[57] <Debug>: 1249320308014083: <private>
Aug 27 21:14:32.575039 watchdogd[57] <Debug>: 1249320308534708: <private>
Aug 27 21:14:32.577471 watchdogd[57] <Debug>: 1249320308956958: <private>
Aug 27 21:14:32.578926 watchdogd[57] <Debug>: 1249320309112583: <private>
Aug 27 21:14:32.580822 watchdogd[57] <Info>: 1249320309172208: <private>
Aug 27 21:14:32.585021 watchdogd[57] <Info>: 1249320309187416: <private>
Aug 27 21:14:32.586134 watchdogd[57] <Info>: 1249320309193833: <private>
Aug 27 21:14:32.587316 watchdogd[57] <Info>: 1249320309199000: <private>
Aug 27 21:14:32.588345 watchdogd[57] <Info>: 1249320309203625: <private>
Aug 27 21:14:32.589575 watchdogd[57] <Info>: 1249320309208000: <private>
Aug 27 21:14:32.591912 watchdogd[57] <Info>: 1249320309212250: <private>
Aug 27 21:14:32.593895 watchdogd[57] <Info>: 1249320309216291: <private>
Aug 27 21:14:34.062981 mediaserverd(CoreMotion)[36] <Debug>: Ping timer fired, resetting watchdog
Aug 27 21:14:34.092299 nearbyd(CoreMotion)[157] <Debug>: Ping timer fired, resetting watchdog
Aug 27 21:14:34.156091 locationd[69] <Debug>: Ping timer fired, resetting watchdog
Aug 27 21:14:36.044007 SpringBoard(CoreMotion)[47602] <Debug>: Ping timer fired, resetting watchdog
Aug 27 21:14:36.489469 backboardd(CoreMotion)[65] <Debug>: Ping timer fired, resetting watchdog
Aug 27 21:14:36.884867 biometrickitd(CoreMotion)[109] <Debug>: Ping timer fired, resetting watchdog
Aug 27 21:14:37.399011 wifid(WiFiPolicy)[52] <Notice>: __WiFiLQAMgrLogStats(tech support:Stationary): Rssi: -38 {-37 0} Channel: 44 Bandwidth: 80Mhz Snr: 35 Cca: 29 (S:0 O:0 I:0) TxPer: 0.0% (0) BcnPer: 0.0% (0, 50.5%) RxFrms: 2 RxRetryFrames: 0 TxRate: 24000 RxRate: 6000 FBRate: 468000 TxFwFrms: 0 TxFwFail: 0 TxReTrans: 0 time: 1986.1secs fgApp: dev.selfhost.firstActivationProbe
Aug 27 21:14:39.062680 mediaserverd(CoreMotion)[36] <Debug>: Ping timer fired, resetting watchdog
Aug 27 21:14:39.091792 nearbyd(CoreMotion)[157] <Debug>: Ping timer fired, resetting watchdog
Aug 27 21:14:39.155646 locationd[69] <Debug>: Ping timer fired, resetting watchdog
Aug 27 21:14:41.041683 SpringBoard(CoreMotion)[47602] <Debug>: Ping timer fired, resetting watchdog
Aug 27 21:14:41.487747 backboardd(CoreMotion)[65] <Debug>: Ping timer fired, resetting watchdog
Aug 27 21:14:41.884557 biometrickitd(CoreMotion)[109] <Debug>: Ping timer fired, resetting watchdog
Aug 27 21:14:42.411944 wifid(WiFiPolicy)[52] <Notice>: __WiFiLQAMgrLogStats(tech support:Stationary): Rssi: -38 {-37 0} Channel: 44 Bandwidth: 80Mhz Snr: 35 Cca: 29 (S:0 O:0 I:0) TxPer: 0.0% (0) BcnPer: 1.0% (98, 50.5%) RxFrms: 4 RxRetryFrames: 0 TxRate: 24000 RxRate: 6000 FBRate: 468000 TxFwFrms: 0 TxFwFail: 0 TxReTrans: 0 time: 1991.1secs fgApp: dev.selfhost.firstActivationProbe
Aug 27 21:14:42.559793 watchdogd[57] <Debug>: 1249330306847416: <private>
Aug 27 21:14:42.561741 watchdogd[57] <Info>: 1249330307179916: <private>
Aug 27 21:14:42.562783 watchdogd[57] <Debug>: 1249330307267291: <private>
Aug 27 21:14:42.563711 watchdogd[57] <Info>: 1249330307273750: <private>
Aug 27 21:14:42.564665 watchdogd[57] <Debug>: 1249330307399166: <private>
Aug 27 21:14:42.565491 watchdogd[57] <Debug>: 1249330307689041: <private>
Aug 27 21:14:42.566166 watchdogd[57] <Debug>: 1249330308046000: <private>
Aug 27 21:14:42.567249 watchdogd[57] <Debug>: 1249330308242666: <private>
Aug 27 21:14:42.568494 watchdogd[57] <Debug>: 1249330308541500: <private>
Aug 27 21:14:42.569369 watchdogd[57] <Debug>: 1249330308669833: <private>
Aug 27 21:14:42.570400 watchdogd[57] <Info>: 1249330308703500: <private>
Aug 27 21:14:42.571320 watchdogd[57] <Info>: 1249330308712875: <private>
Aug 27 21:14:42.572484 watchdogd[57] <Info>: 1249330308716333: <private>
Aug 27 21:14:42.573402 watchdogd[57] <Info>: 1249330308719416: <private>
Aug 27 21:14:42.574393 watchdogd[57] <Info>: 1249330308721916: <private>
Aug 27 21:14:42.575507 watchdogd[57] <Info>: 1249330308724250: <private>
Aug 27 21:14:42.576638 watchdogd[57] <Info>: 1249330308726583: <private>
Aug 27 21:14:42.577797 watchdogd[57] <Info>: 1249330308729000: <private>
