Aug 28 14:08:06.055396 SpringBoard(CoreMotion)[47602] <Debug>: Ping timer fired, resetting watchdog
Aug 28 14:08:06.506706 backboardd(CoreMotion)[65] <Debug>: Ping timer fired, resetting watchdog
Aug 28 14:08:06.664303 watchdogd[57] <Debug>: 1310134396588666: <private>
Aug 28 14:08:06.665811 watchdogd[57] <Info>: 1310134397063083: <private>
Aug 28 14:08:06.666679 watchdogd[57] <Debug>: 1310134397213833: <private>
Aug 28 14:08:06.667937 watchdogd[57] <Debug>: 1310134397522458: <private>
Aug 28 14:08:06.668768 watchdogd[57] <Info>: 1310134397533291: <private>
Aug 28 14:08:06.669680 watchdogd[57] <Debug>: 1310134397978000: <private>
Aug 28 14:08:06.670135 watchdogd[57] <Debug>: 1310134399052916: <private>
Aug 28 14:08:06.670862 watchdogd[57] <Debug>: 1310134399551708: <private>
Aug 28 14:08:06.671219 watchdogd[57] <Debug>: 1310134399662625: <private>
Aug 28 14:08:06.671771 watchdogd[57] <Debug>: 1310134400048875: <private>
Aug 28 14:08:06.672308 watchdogd[57] <Info>: 1310134400108791: <private>
Aug 28 14:08:06.672453 watchdogd[57] <Info>: 1310134400124000: <private>
Aug 28 14:08:06.672753 watchdogd[57] <Info>: 1310134400129750: <private>
Aug 28 14:08:06.673004 watchdogd[57] <Info>: 1310134400134750: <private>
Aug 28 14:08:06.673158 watchdogd[57] <Info>: 1310134400139125: <private>
Aug 28 14:08:06.673436 watchdogd[57] <Info>: 1310134400143291: <private>
Aug 28 14:08:06.673686 watchdogd[57] <Info>: 1310134400147541: <private>
Aug 28 14:08:06.673841 watchdogd[57] <Info>: 1310134400151500: <private>
Aug 28 14:08:06.897716 biometrickitd(CoreMotion)[109] <Debug>: Ping timer fired, resetting watchdog
Aug 28 14:08:06.949117 routined(libcoreroutine.dylib)[38] <Debug>: pipeline, com.apple.routined.visit.pipeline.realtime-low-confidence, iteration, 3507, is terminated by <private>
Aug 28 14:08:06.961967 routined(libcoreroutine.dylib)[38] <Debug>: pipeline, com.apple.routined.visit.pipeline.realtime-high-confidence, iteration, 3507, is terminated by <private>
Aug 28 14:08:09.073079 mediaserverd(CoreMotion)[36] <Debug>: Ping timer fired, resetting watchdog
Aug 28 14:08:09.120076 nearbyd(CoreMotion)[157] <Debug>: Ping timer fired, resetting watchdog
Aug 28 14:08:09.167129 locationd[69] <Debug>: Ping timer fired, resetting watchdog
Aug 28 14:08:11.054239 SpringBoard(CoreMotion)[47602] <Debug>: Ping timer fired, resetting watchdog
Aug 28 14:08:11.499905 backboardd(CoreMotion)[65] <Debug>: Ping timer fired, resetting watchdog
Aug 28 14:08:11.896891 biometrickitd(CoreMotion)[109] <Debug>: Ping timer fired, resetting watchdog
Aug 28 14:08:14.073840 mediaserverd(CoreMotion)[36] <Debug>: Ping timer fired, resetting watchdog
Aug 28 14:08:14.103081 nearbyd(CoreMotion)[157] <Debug>: Ping timer fired, resetting watchdog
Aug 28 14:08:14.167036 locationd[69] <Debug>: Ping timer fired, resetting watchdog
Aug 28 14:08:16.057325 SpringBoard(CoreMotion)[47602] <Debug>: Ping timer fired, resetting watchdog
Aug 28 14:08:16.499764 backboardd(CoreMotion)[65] <Debug>: Ping timer fired, resetting watchdog
Aug 28 14:08:16.666788 watchdogd[57] <Debug>: 1310144397139791: <private>
Aug 28 14:08:16.666959 watchdogd[57] <Info>: 1310144397393083: <private>
Aug 28 14:08:16.667242 watchdogd[57] <Debug>: 1310144397546958: <private>
Aug 28 14:08:16.667492 watchdogd[57] <Debug>: 1310144397594500: <private>
Aug 28 14:08:16.667650 watchdogd[57] <Info>: 1310144397598166: <private>
Aug 28 14:08:16.667938 watchdogd[57] <Debug>: 1310144397744541: <private>
Aug 28 14:08:16.668189 watchdogd[57] <Debug>: 1310144398078458: <private>
Aug 28 14:08:16.668343 watchdogd[57] <Debug>: 1310144398138541: <private>
Aug 28 14:08:16.668554 watchdogd[57] <Debug>: 1310144398382750: <private>
Aug 28 14:08:16.668767 watchdogd[57] <Debug>: 1310144398398250: <private>
Aug 28 14:08:16.669045 watchdogd[57] <Info>: 1310144398418666: <private>
Aug 28 14:08:16.669180 watchdogd[57] <Info>: 1310144398425791: <private>
Aug 28 14:08:16.669292 watchdogd[57] <Info>: 1310144398427791: <private>
Aug 28 14:08:16.669571 watchdogd[57] <Info>: 1310144398429625: <private>
Aug 28 14:08:16.669841 watchdogd[57] <Info>: 1310144398431291: <private>
Aug 28 14:08:16.670000 watchdogd[57] <Info>: 1310144398432833: <private>
Aug 28 14:08:16.670270 watchdogd[57] <Info>: 1310144398434333: <private>
Aug 28 14:08:16.670437 watchdogd[57] <Info>: 1310144398435750: <private>
Aug 28 14:08:16.896733 biometrickitd(CoreMotion)[109] <Debug>: Ping timer fired, resetting watchdog
Aug 28 14:08:17.625412 runningboardd(RunningBoard)[33] <Notice>: [daemon<com.apple.backupd>:57855] termination reported by launchd (0, 0, 0)
Aug 28 14:08:17.629911 runningboardd(RunningBoard)[33] <Notice>: Removing assertions for terminated process: [daemon<com.apple.backupd>:57855]
Aug 28 14:08:17.631597 runningboardd(RunningBoard)[33] <Debug>: Sending state update for daemon<com.apple.backupd>: <RBSProcessState| task:none debug:none terminationResistance:None>
Aug 28 14:08:19.072884 mediaserverd(CoreMotion)[36] <Debug>: Ping timer fired, resetting watchdog
Aug 28 14:08:19.102880 nearbyd(CoreMotion)[157] <Debug>: Ping timer fired, resetting watchdog
Aug 28 14:08:19.166875 locationd[69] <Debug>: Ping timer fired, resetting watchdog
Aug 28 14:08:21.054824 SpringBoard(CoreMotion)[47602] <Debug>: Ping timer fired, resetting watchdog
Aug 28 14:08:21.500287 backboardd(CoreMotion)[65] <Debug>: Ping timer fired, resetting watchdog
Aug 28 14:08:21.896862 biometrickitd(CoreMotion)[109] <Debug>: Ping timer fired, resetting watchdog
Aug 28 14:08:24.073084 mediaserverd(CoreMotion)[36] <Debug>: Ping timer fired, resetting watchdog
Aug 28 14:08:24.101359 nearbyd(CoreMotion)[157] <Debug>: Ping timer fired, resetting watchdog
Aug 28 14:08:24.166717 locationd[69] <Debug>: Ping timer fired, resetting watchdog
Aug 28 14:08:26.061632 SpringBoard(CoreMotion)[47602] <Debug>: Ping timer fired, resetting watchdog
Aug 28 14:08:26.499980 backboardd(CoreMotion)[65] <Debug>: Ping timer fired, resetting watchdog
Aug 28 14:08:26.665427 watchdogd[57] <Debug>: 1310154397537958: <private>
Aug 28 14:08:26.666083 watchdogd[57] <Info>: 1310154398148208: <private>
Aug 28 14:08:26.667561 watchdogd[57] <Debug>: 1310154398492958: <private>
Aug 28 14:08:26.668665 watchdogd[57] <Debug>: 1310154399408833: <private>
Aug 28 14:08:26.669402 watchdogd[57] <Info>: 1310154399420041: <private>
Aug 28 14:08:26.671434 watchdogd[57] <Debug>: 1310154399802625: <private>
Aug 28 14:08:26.671969 watchdogd[57] <Debug>: 1310154400728708: <private>
Aug 28 14:08:26.672657 watchdogd[57] <Debug>: 1310154401193416: <private>
Aug 28 14:08:26.673026 watchdogd[57] <Debug>: 1310154401431708: <private>
Aug 28 14:08:26.673316 watchdogd[57] <Debug>: 1310154401698458: <private>
Aug 28 14:08:26.673477 watchdogd[57] <Info>: 1310154401756416: <private>
Aug 28 14:08:26.673678 watchdogd[57] <Info>: 1310154401772041: <private>
Aug 28 14:08:26.673865 watchdogd[57] <Info>: 1310154401777958: <private>
Aug 28 14:08:26.674106 watchdogd[57] <Info>: 1310154401782875: <private>
Aug 28 14:08:26.674314 watchdogd[57] <Info>: 1310154401787500: <private>
Aug 28 14:08:26.674523 watchdogd[57] <Info>: 1310154401791708: <private>
Aug 28 14:08:26.674735 watchdogd[57] <Info>: 1310154401795958: <private>
Aug 28 14:08:26.675026 watchdogd[57] <Info>: 1310154401799958: <private>
Aug 28 14:08:26.675171 watchdogd[57] <Info>: 1310154402659000: <private>
Aug 28 14:08:26.896447 biometrickitd(CoreMotion)[109] <Debug>: Ping timer fired, resetting watchdog
Aug 28 14:08:29.073540 mediaserverd(CoreMotion)[36] <Debug>: Ping timer fired, resetting watchdog
Aug 28 14:08:29.105552 nearbyd(CoreMotion)[157] <Debug>: Ping timer fired, resetting watchdog
Aug 28 14:08:29.166685 locationd[69] <Debug>: Ping timer fired, resetting watchdog
Aug 28 14:08:31.054585 SpringBoard(CoreMotion)[47602] <Debug>: Ping timer fired, resetting watchdog
Aug 28 14:08:31.500039 backboardd(CoreMotion)[65] <Debug>: Ping timer fired, resetting watchdog
Aug 28 14:08:31.896302 biometrickitd(CoreMotion)[109] <Debug>: Ping timer fired, resetting watchdog
Aug 28 14:08:34.072453 mediaserverd(CoreMotion)[36] <Debug>: Ping timer fired, resetting watchdog
Aug 28 14:08:34.101458 nearbyd(CoreMotion)[157] <Debug>: Ping timer fired, resetting watchdog
Aug 28 14:08:34.166412 locationd[69] <Debug>: Ping timer fired, resetting watchdog
Aug 28 14:08:34.816015 CommCenter(libSystemDetermination.dylib)[90] <Notice>: #I <private> = 0
Aug 28 14:08:36.054516 SpringBoard(CoreMotion)[47602] <Debug>: Ping timer fired, resetting watchdog
Aug 28 14:08:36.499950 backboardd(CoreMotion)[65] <Debug>: Ping timer fired, resetting watchdog
Aug 28 14:08:36.661643 watchdogd[57] <Debug>: 1310164398257208: <private>
Aug 28 14:08:36.662539 watchdogd[57] <Info>: 1310164398593750: <private>
Aug 28 14:08:36.663085 watchdogd[57] <Debug>: 1310164398681000: <private>
Aug 28 14:08:36.663474 watchdogd[57] <Info>: 1310164398687666: <private>
Aug 28 14:08:36.664209 watchdogd[57] <Debug>: 1310164398838708: <private>
Aug 28 14:08:36.664666 watchdogd[57] <Debug>: 1310164399144333: <private>
Aug 28 14:08:36.665066 watchdogd[57] <Debug>: 1310164399869375: <private>
Aug 28 14:08:36.665203 watchdogd[57] <Debug>: 1310164400064416: <private>
Aug 28 14:08:36.665491 watchdogd[57] <Debug>: 1310164400407250: <private>
Aug 28 14:08:36.665640 watchdogd[57] <Debug>: 1310164400515708: <private>
Aug 28 14:08:36.665935 watchdogd[57] <Info>: 1310164400548500: <private>
Aug 28 14:08:36.666134 watchdogd[57] <Info>: 1310164400557666: <private>
Aug 28 14:08:36.666389 watchdogd[57] <Info>: 1310164400560875: <private>
Aug 28 14:08:36.666528 watchdogd[57] <Info>: 1310164400563583: <private>
Aug 28 14:08:36.666652 watchdogd[57] <Info>: 1310164400566000: <private>
Aug 28 14:08:36.666888 watchdogd[57] <Info>: 1310164400568208: <private>
Aug 28 14:08:36.667106 watchdogd[57] <Info>: 1310164400570625: <private>
Aug 28 14:08:36.667265 watchdogd[57] <Info>: 1310164400572750: <private>
Aug 28 14:08:36.896434 biometrickitd(CoreMotion)[109] <Debug>: Ping timer fired, resetting watchdog
Aug 28 14:08:39.073212 mediaserverd(CoreMotion)[36] <Debug>: Ping timer fired, resetting watchdog
Aug 28 14:08:39.105262 nearbyd(CoreMotion)[157] <Debug>: Ping timer fired, resetting watchdog
Aug 28 14:08:39.165805 locationd[69] <Debug>: Ping timer fired, resetting watchdog
Aug 28 14:08:41.053579 SpringBoard(CoreMotion)[47602] <Debug>: Ping timer fired, resetting watchdog
Aug 28 14:08:41.499752 backboardd(CoreMotion)[65] <Debug>: Ping timer fired, resetting watchdog
Aug 28 14:08:41.896025 biometrickitd(CoreMotion)[109] <Debug>: Ping timer fired, resetting watchdog
Aug 28 14:08:44.072971 mediaserverd(CoreMotion)[36] <Debug>: Ping timer fired, resetting watchdog
Aug 28 14:08:44.101922 nearbyd(CoreMotion)[157] <Debug>: Ping timer fired, resetting watchdog
Aug 28 14:08:44.166744 locationd[69] <Debug>: Ping timer fired, resetting watchdog
Aug 28 14:08:46.054155 SpringBoard(CoreMotion)[47602] <Debug>: Ping timer fired, resetting watchdog
Aug 28 14:08:46.499567 backboardd(CoreMotion)[65] <Debug>: Ping timer fired, resetting watchdog
Aug 28 14:08:46.663106 watchdogd[57] <Debug>: 1310174398756291: <private>
Aug 28 14:08:46.663534 watchdogd[57] <Info>: 1310174399314708: <private>
Aug 28 14:08:46.664349 watchdogd[57] <Debug>: 1310174399468000: <private>
Aug 28 14:08:46.664824 watchdogd[57] <Info>: 1310174399480291: <private>
Aug 28 14:08:46.666150 watchdogd[57] <Debug>: 1310174399603708: <private>
Aug 28 14:08:46.666662 watchdogd[57] <Debug>: 1310174400120458: <private>
Aug 28 14:08:46.667645 watchdogd[57] <Debug>: 1310174400859375: <private>
Aug 28 14:08:46.668189 watchdogd[57] <Debug>: 1310174401163625: <private>
Aug 28 14:08:46.670201 watchdogd[57] <Debug>: 1310174401284250: <private>
Aug 28 14:08:46.670688 watchdogd[57] <Debug>: 1310174401767083: <private>
Aug 28 14:08:46.671182 watchdogd[57] <Info>: 1310174401825958: <private>
Aug 28 14:08:46.671345 watchdogd[57] <Info>: 1310174401841458: <private>
Aug 28 14:08:46.671612 watchdogd[57] <Info>: 1310174401847500: <private>
Aug 28 14:08:46.671769 watchdogd[57] <Info>: 1310174401852375: <private>
Aug 28 14:08:46.672005 watchdogd[57] <Info>: 1310174401856875: <private>
Aug 28 14:08:46.672213 watchdogd[57] <Info>: 1310174401861083: <private>
Aug 28 14:08:46.672687 watchdogd[57] <Info>: 1310174401865500: <private>
Aug 28 14:08:46.672919 watchdogd[57] <Info>: 1310174401869541: <private>
Aug 28 14:08:46.895887 biometrickitd(CoreMotion)[109] <Debug>: Ping timer fired, resetting watchdog
Aug 28 14:08:49.072641 mediaserverd(CoreMotion)[36] <Debug>: Ping timer fired, resetting watchdog
Aug 28 14:08:49.101973 nearbyd(CoreMotion)[157] <Debug>: Ping timer fired, resetting watchdog
Aug 28 14:08:49.166043 locationd[69] <Debug>: Ping timer fired, resetting watchdog
Aug 28 14:08:51.053990 SpringBoard(CoreMotion)[47602] <Debug>: Ping timer fired, resetting watchdog
Aug 28 14:08:51.499420 backboardd(CoreMotion)[65] <Debug>: Ping timer fired, resetting watchdog
Aug 28 14:08:51.896019 biometrickitd(CoreMotion)[109] <Debug>: Ping timer fired, resetting watchdog
    <UITouch: 0x105124c10> phase: Began tap count: 1 force: 0.000 window: <SBHomeScreenWindow: 0x1051b4220; HomeScreen-0x1051b4220-4; baseClass = UIWindow; frame = (0 0; 375 667); clipsToBounds = YES; opaque = NO; gestureRecognizers = <NSArray: 0x281278180>; layer = <UIWindowLayer: 0x281273180>> view: <SBIconView: 0x104917000; frame: {{114, 382}, {60, 74}}; icon: <SBApplicationIcon: 0x28337b880; nodeID: dev.selfhost.firstActivationProbe; bundleID: dev.selfhost.firstActivationProbe>; location: SBIconLocationRoot; isTouchDownInIcon: YES> location in window: {144, 422} previous location in window: {144, 422} location in view: {30, 40} previous location in view: {30, 40}
Aug 28 14:08:52.465468 SpringBoard(SplashBoard)[47602] <Info>: Loading image for <XBApplicationSnapshot: 0x109d3cb20; …A909693DA7E7> [dev.selfhost.firstActivationProbe]
Aug 28 14:08:52.471842 SpringBoard(SplashBoard)[47602] <Info>: <XBApplicationSnapshot: 0x109d3cb20; …A909693DA7E7> [dev.selfhost.firstActivationProbe] not purging the cached image; force: 0; _imageAccessCount: 0; _keepImageAccessUntilExpiration: 0; _hasProtectedContent: 0; _keepImageAccessForPreheat: 1
Aug 28 14:08:52.480471 SpringBoard(Security)[47602] <Debug>: open(/private/var/containers/Bundle/Application/1EC21BA9-82AA-4B85-B2FC-10B206BC5C35/Runner.app/Runner,0x0,0x1b6) = 35
Aug 28 14:08:52.480942 SpringBoard(Security)[47602] <Debug>: open(/private/var/containers/Bundle/Application/1EC21BA9-82AA-4B85-B2FC-10B206BC5C35/Runner.app/Runner,0x0,0x1b6) = 36
Aug 28 14:08:52.481436 SpringBoard(Security)[47602] <Debug>: 6151 signing bytes in 5 blob(s) from /private/var/containers/Bundle/Application/1EC21BA9-82AA-4B85-B2FC-10B206BC5C35/Runner.app/Runner(arm64)
Aug 28 14:08:52.487188 SpringBoard(Security)[47602] <Debug>: open(/private/var/containers/Bundle/Application/1EC21BA9-82AA-4B85-B2FC-10B206BC5C35/Runner.app/Info.plist,0x0,0x1b6) = 35
Aug 28 14:08:52.488996 SpringBoard(Security)[47602] <Debug>: 0x10a183498 done serializing <?xml version="1.0" encoding="UTF-8"?><!DOCTYPE plist PUBLIC "-//Apple//DTD PLIST 1.0//EN" "https://www.apple.com/DTDs/PropertyList-1.0.dtd"><plist version="1.0"><dict><key>application-identifier</key><string>SK85S6YZP9.dev.selfhost.firstActivationProbe</string><key>com.apple.developer.team-identifier</key><string>SK85S6YZP9</string><key>get-task-allow</key><true/></dict></plist>
        <SBLayoutElement: 0x28082df80; uniqueIdentifier: sceneID:dev.selfhost.firstActivationProbe-default; layoutRole: primary> {
            SBLayoutRolePrimary = <SBDeviceApplicationSceneEntity: 0x283e82170; ID: sceneID:dev.selfhost.firstActivationProbe-default; layoutRole: primary> {
                        fromIconWithLeafIdentifier = dev.selfhost.firstActivationProbe;
Aug 28 14:08:52.570303 SpringBoard(FrontBoard)[47602] <Notice>: Asked to bootstrap a new process with identity: application<dev.selfhost.firstActivationProbe>
Aug 28 14:08:52.570449 SpringBoard(FrontBoard)[47602] <Notice>: Creating process (sync=true) with identity: application<dev.selfhost.firstActivationProbe>
Aug 28 14:08:52.603950 SpringBoard(FrontBoard)[47602] <Notice>: Created <FBWorkspace: 0x282a7b440; application<dev.selfhost.firstActivationProbe>>
Aug 28 14:08:52.604007 SpringBoard(FrontBoard)[47602] <Notice>: Bootstrapping application<dev.selfhost.firstActivationProbe> with intent foreground-interactive
Aug 28 14:08:52.605004 SpringBoard(RunningBoardServices)[47602] <Info>: Sending launch request: <RBSLaunchRequest| application<dev.selfhost.firstActivationProbe>; "FBApplicationProcess">
Aug 28 14:08:52.605525 runningboardd(RunningBoard)[33] <Notice>: Acquiring assertion targeting application<dev.selfhost.firstActivationProbe> from originator [daemon<com.apple.SpringBoard>:47602] with description <RBSAssertionDescriptor| "FBApplicationProcess" ID:33-47602-7805 target:application<dev.selfhost.firstActivationProbe> attributes:[
	<RBSDomainAttribute| domain:"com.apple.frontboard" name:"Bootstrap-Foreground" sourceEnvironment:"(null)">,
Aug 28 14:08:52.605543 runningboardd(RunningBoard)[33] <Notice>: Assertion 33-47602-7805 (target:application<dev.selfhost.firstActivationProbe>) will be created as active
Aug 28 14:08:52.605629 runningboardd(RunningBoard)[33] <Notice>: Executing launch request for application<dev.selfhost.firstActivationProbe> (FBApplicationProcess)
Aug 28 14:08:52.605935 runningboardd(RunningBoard)[33] <Notice>: Creating and launching job for: application<dev.selfhost.firstActivationProbe>
Aug 28 14:08:52.606013 runningboardd(RunningBoard)[33] <Notice>: _mutateContextIfNeeded called for dev.selfhost.firstActivationProbe
        <SBLayoutElement: 0x28082df80; uniqueIdentifier: sceneID:dev.selfhost.firstActivationProbe-default; layoutRole: primary> {
Aug 28 14:08:52.612452 SpringBoard(SplashBoard)[47602] <Info>: Loading image for <XBApplicationSnapshot: 0x109ddf7d0; …2F3B89D0D3F1> [dev.selfhost.firstActivationProbe]
Aug 28 14:08:52.612564 runningboardd(RunningBoard)[33] <Info>: No personas found for bundle identifier: dev.selfhost.firstActivationProbe
Aug 28 14:08:52.612876 SpringBoard(SplashBoard)[47602] <Info>: <XBApplicationSnapshot: 0x109ddf7d0; …2F3B89D0D3F1> [dev.selfhost.firstActivationProbe] not purging the cached image; force: 0; _imageAccessCount: 2; _keepImageAccessUntilExpiration: 0; _hasProtectedContent: 0; _keepImageAccessForPreheat: 0
Aug 28 14:08:52.613257 SpringBoard[47602] <Info>: attempted to activate overlay for dev.selfhost.firstActivationProbe, exiting early because app is not blocked
Aug 28 14:08:52.614908 runningboardd(RunningBoard)[33] <Info>: _requestedJetsamPriority = 3, _executablePath = /var/containers/Bundle/Application/1EC21BA9-82AA-4B85-B2FC-10B206BC5C35/Runner.app/Runner
Aug 28 14:08:52.614975 runningboardd(RunningBoard)[33] <Info>: _doesOverrideManagement = 1, _overrideManageFlags = 255, _underlyingAssertion = (null), _variableEUID = 0, _specifiedIdenity = application<dev.selfhost.firstActivationProbe> _beforeTranslocationBundlePath = (null), _disableFreezing = 0
Aug 28 14:08:52.617335 runningboardd(RunningBoard)[33] <Notice>: [application<dev.selfhost.firstActivationProbe>:57866] This process will be managed.
Aug 28 14:08:52.617458 runningboardd(RunningBoard)[33] <Notice>: Now tracking process: [application<dev.selfhost.firstActivationProbe>:57866]
Aug 28 14:08:52.617529 runningboardd(RunningBoard)[33] <Notice>: Using default underlying assertion for app: [application<dev.selfhost.firstActivationProbe>:57866]
Aug 28 14:08:52.617616 runningboardd(RunningBoard)[33] <Notice>: Acquiring assertion targeting [application<dev.selfhost.firstActivationProbe>:57866] from originator [application<dev.selfhost.firstActivationProbe>:57866] with description <RBSAssertionDescriptor| "RB Underlying Assertion" ID:33-33-7806 target:57866 attributes:[
<SBTransitionSwitcherModifierEvent: 0x282168300; type: MainTransition; transitionID: 94D0319A-3583-44BE-B019-7CC8474C745F; phase: Prepare; animated: YES; fromAppLayout: 0x0; toAppLayout: <SBAppLayout: 0x2808e2980; primary: dev.selfhost.firstActivationProbe:default; environment: main>; fromEnvironmentMode: home-screen; toEnvironmentMode: application; pendingTermination: {(
)}; activating: <SBAppLayout: 0x2808e2980; primary: dev.selfhost.firstActivationProbe:default; environment: main>; dosidoTransitionDirection: 0>
Aug 28 14:08:52.618130 cfprefsd(CoreFoundation)[91] <Debug>: Process 57866 (Runner) sent a request related to { com.apple.UIKit, user: mobile, kCFPreferencesCurrentHost, /Library/Managed Preferences/mobile/com.apple.UIKit.plist, managed: 1 } (0x1003679d0)
Aug 28 14:08:52.618251 cfprefsd(CoreFoundation)[91] <Debug>: Process 57866 (Runner) sent a request related to { com.apple.UIKit, user: kCFPreferencesAnyUser, kCFPreferencesCurrentHost, /Library/Managed Preferences/com.apple.UIKit.plist, managed: 1 } (0x1003679d0)
Aug 28 14:08:52.618383 cfprefsd(CoreFoundation)[91] <Debug>: Process 57866 (Runner) sent a request related to { com.apple.UIKit, user: mobile, kCFPreferencesAnyHost, /var/mobile/Library/Preferences/com.apple.UIKit.plist, managed: 0 } (0x100317d00)
Aug 28 14:08:52.618513 cfprefsd(CoreFoundation)[91] <Debug>: Process 57866 (Runner) read data for { com.apple.UIKit, mobile, kCFPreferencesAnyHost, /var/mobile/Library/Preferences/com.apple.UIKit.plist, managed: 0 }, backed by /private/var/mobile/Library/Preferences/com.apple.UIKit.plist
Aug 28 14:08:52.618592 runningboardd(RunningBoard)[33] <Notice>: Assertion 33-33-7806 (target:[application<dev.selfhost.firstActivationProbe>:57866]) will be created as active
Aug 28 14:08:52.618924 runningboardd(RunningBoard)[33] <Debug>: Adding assertion 33-47602-7805 (target:application<dev.selfhost.firstActivationProbe>)
Aug 28 14:08:52.619077 runningboardd(RunningBoard)[33] <Info>: application<dev.selfhost.firstActivationProbe> is now targeted by 1 assertions
Aug 28 14:08:52.619283 runningboardd(RunningBoard)[33] <Debug>: Adding assertion 33-33-7806 (target:[application<dev.selfhost.firstActivationProbe>:57866])
Aug 28 14:08:52.619414 runningboardd(RunningBoard)[33] <Info>: application<dev.selfhost.firstActivationProbe> is now targeted by 2 assertions
Aug 28 14:08:52.619470 cfprefsd(CoreFoundation)[91] <Debug>: Process 57866 (Runner) sent a request related to { kCFPreferencesAnyApplication, user: mobile, kCFPreferencesCurrentHost, /Library/Managed Preferences/mobile/.GlobalPreferences.plist, managed: 1 } (0x10030c020)
Aug 28 14:08:52.619748 cfprefsd(CoreFoundation)[91] <Debug>: Process 57866 (Runner) read data for { kCFPreferencesAnyApplication, mobile, kCFPreferencesCurrentHost, /Library/Managed Preferences/mobile/.GlobalPreferences.plist, managed: 1 }, backed by /private/var/Managed Preferences/mobile/.GlobalPreferences.plist
Aug 28 14:08:52.619948 cfprefsd(CoreFoundation)[91] <Debug>: Process 57866 (Runner) sent a request related to { kCFPreferencesAnyApplication, user: mobile, kCFPreferencesAnyHost, /var/mobile/Library/Preferences/.GlobalPreferences.plist, managed: 0 } (0x10030c3f0)
Aug 28 14:08:52.620019 cfprefsd(CoreFoundation)[91] <Debug>: Process 57866 (Runner) read data for { kCFPreferencesAnyApplication, mobile, kCFPreferencesAnyHost, /var/mobile/Library/Preferences/.GlobalPreferences.plist, managed: 0 }, backed by /private/var/mobile/Library/Preferences/.GlobalPreferences.plist
Aug 28 14:08:52.620157 cfprefsd(CoreFoundation)[91] <Debug>: Process 57866 (Runner) sent a request related to { com.apple.UIKit, user: kCFPreferencesAnyUser, kCFPreferencesCurrentHost, /var/preferences/com.apple.UIKit.plist, managed: 0 } (0x10035c690)
	    <SBIconOverlayVisibilitySwitcherEventResponse: 0x2808c60c0; visible: YES; appLayout: <SBAppLayout: 0x2808e2980; primary: dev.selfhost.firstActivationProbe:default; environment: main>>;
	    <SBIconViewVisibilitySwitcherEventResponse: 0x283e2b160; visible: NO; animationSettings: 0x0; appLayout: <SBAppLayout: 0x2808e2980; primary: dev.selfhost.firstActivationProbe:default; environment: main>>;
    bundleIdentifier = dev.selfhost.firstActivationProbe;
    uniqueIdentifier = sceneID:dev.selfhost.firstActivationProbe-default;
Aug 28 14:08:52.621288 Runner(CoreFoundation)[57866] <Debug>: Using ~iphone resources
Aug 28 14:08:52.621327 Runner(CoreFoundation)[57866] <Debug>: CFPrefsManagedSource<0x283954980> (Domain: com.apple.UIKit, User: kCFPreferencesCurrentUser, ByHost: Yes, Container: (null), Contents Need Refresh: No) loaded: an empty base plist and no additional changes from the base plist
Aug 28 14:08:52.621367 Runner(CoreFoundation)[57866] <Debug>: CFPrefsManagedSource<0x283954a00> (Domain: com.apple.UIKit, User: kCFPreferencesAnyUser, ByHost: Yes, Container: (null), Contents Need Refresh: No) loaded: an empty base plist and no additional changes from the base plist
Aug 28 14:08:52.621400 Runner(CoreFoundation)[57866] <Debug>: CFPrefsPlistSource<0x283954900> (Domain: com.apple.UIKit, User: kCFPreferencesCurrentUser, ByHost: No, Container: (null), Contents Need Refresh: No) loaded: a new base plist and no additional changes from the base plist
Aug 28 14:08:52.621420 Runner(CoreFoundation)[57866] <Debug>: CFPrefsManagedSource<0x283954b80> (Domain: kCFPreferencesAnyApplication, User: kCFPreferencesCurrentUser, ByHost: Yes, Container: (null), Contents Need Refresh: No) loaded: a new base plist and no additional changes from the base plist
Aug 28 14:08:52.621446 Runner(CoreFoundation)[57866] <Debug>: CFPrefsPlistSource<0x283954a80> (Domain: kCFPreferencesAnyApplication, User: kCFPreferencesCurrentUser, ByHost: No, Container: (null), Contents Need Refresh: No) loaded: a new base plist and no additional changes from the base plist
Aug 28 14:08:52.621499 runningboardd(RunningBoard)[33] <Info>: [application<dev.selfhost.firstActivationProbe>:57866] Applying updated state
Aug 28 14:08:52.621537 runningboardd(RunningBoard)[33] <Notice>: [application<dev.selfhost.firstActivationProbe>:57866] Set jetsam priority to 10 [0] flag[1]
Aug 28 14:08:52.621556 runningboardd(RunningBoard)[33] <Notice>: [application<dev.selfhost.firstActivationProbe>:57866] Resuming task.
Aug 28 14:08:52.621575 runningboardd(RunningBoard)[33] <Notice>: [application<dev.selfhost.firstActivationProbe>:57866] Set darwin role to: UserInteractiveFocal
Aug 28 14:08:52.621707 SpringBoard(FrontBoard)[47602] <Notice>: [application<dev.selfhost.firstActivationProbe>:-1] Bootstrap success!
Aug 28 14:08:52.621728 cfprefsd(CoreFoundation)[91] <Debug>: Process 57866 (Runner) sent a request related to { kCFPreferencesAnyApplication, user: kCFPreferencesAnyUser, kCFPreferencesCurrentHost, /var/preferences/.GlobalPreferences.plist, managed: 0 } (0x100316b90)
Aug 28 14:08:52.621838 cfprefsd(CoreFoundation)[91] <Debug>: Process 57866 (Runner) sent a request related to { dev.selfhost.firstActivationProbe, user: mobile, kCFPreferencesCurrentHost, /Library/Managed Preferences/mobile/dev.selfhost.firstActivationProbe.plist, managed: 1 } (0x10183db90)
Aug 28 14:08:52.621914 cfprefsd(CoreFoundation)[91] <Debug>: Process 57866 (Runner) sent a request related to { dev.selfhost.firstActivationProbe, user: kCFPreferencesAnyUser, kCFPreferencesCurrentHost, /Library/Managed Preferences/dev.selfhost.firstActivationProbe.plist, managed: 1 } (0x10183db90)
Aug 28 14:08:52.621950 Runner(CoreFoundation)[57866] <Debug>: CFPrefsPlistSource<0x283954c00> (Domain: com.apple.UIKit, User: kCFPreferencesAnyUser, ByHost: Yes, Container: (null), Contents Need Refresh: No) loaded: an empty base plist and no additional changes from the base plist
Aug 28 14:08:52.621987 Runner(CoreFoundation)[57866] <Debug>: CFPrefsPlistSource<0x283954c80> (Domain: kCFPreferencesAnyApplication, User: kCFPreferencesAnyUser, ByHost: Yes, Container: (null), Contents Need Refresh: No) loaded: an empty base plist and no additional changes from the base plist
Aug 28 14:08:52.622093 Runner(CoreFoundation)[57866] <Debug>: found no value for key LogHIDEventFiltered in CFPrefsSearchListSource<0x283954800> (Domain: com.apple.UIKit, Container: (null))
Aug 28 14:08:52.622166 Runner(CoreFoundation)[57866] <Debug>: found no value for key LogHIDEventIncoming in CFPrefsSearchListSource<0x283954800> (Domain: com.apple.UIKit, Container: (null))
Aug 28 14:08:52.622203 Runner(libMobileGestalt.dylib)[57866] <Notice>: Cache loaded with 4896 pre-cached in CacheData and 49 items in CacheExtra.
Aug 28 14:08:52.623125 Runner(CoreFoundation)[57866] <Debug>: found no value for key LogApplication in CFPrefsSearchListSource<0x283954800> (Domain: com.apple.UIKit, Container: (null))
Aug 28 14:08:52.623169 runningboardd(RunningBoard)[33] <Debug>: BEGIN suppressing state updates for application<dev.selfhost.firstActivationProbe>
Aug 28 14:08:52.623224 runningboardd(RunningBoard)[33] <Debug>: Incrementing suppression state to 1 for application<dev.selfhost.firstActivationProbe>
Aug 28 14:08:52.623265 runningboardd(RunningBoard)[33] <Debug>: SUPPRESSING state update for application<dev.selfhost.firstActivationProbe>: <RBSProcessState| task:none debug:none terminationResistance:None endowments:[
	<RBSProcessAssertionInfo| type:2 reason:10000 name:"Domain" domain:"com.apple.frontboard:Bootstrap-Foreground,com.apple.frontboard:Visibility" expl:"FBApplicationProcess">
Aug 28 14:08:52.623308 runningboardd(RunningBoard)[33] <Debug>: Incrementing suppression state to 2 for application<dev.selfhost.firstActivationProbe>
Aug 28 14:08:52.623340 runningboardd(RunningBoard)[33] <Notice>: Calculated state for application<dev.selfhost.firstActivationProbe>: running-active (role: UserInteractiveFocal)
Aug 28 14:08:52.623384 runningboardd(RunningBoard)[33] <Debug>: Sending state update for application<dev.selfhost.firstActivationProbe>: <RBSProcessState| task:running-active debug:none terminationResistance:Interactive endowments:[
	<RBSProcessAssertionInfo| type:2 reason:10000 name:"Domain" domain:"com.apple.frontboard:Bootstrap-Foreground,com.apple.frontboard:Visibility" expl:"FBApplicationProcess">
Aug 28 14:08:52.623443 Runner(UIKitCore)[57866] <Notice>: Deactivation reason added: 10; deactivation reasons: 0 -> 1024; animating application lifecycle event: 0
Aug 28 14:08:52.623512 Runner(RunningBoardServices)[57866] <Notice>: Initializing connection
Aug 28 14:08:52.623566 Runner(RunningBoardServices)[57866] <Notice>: Removing all cached process handles
Aug 28 14:08:52.623616 Runner(BoardServices)[57866] <Notice>: activating monitor for service com.apple.frontboard.open
Aug 28 14:08:52.623665 Runner(BoardServices)[57866] <Notice>: activating monitor for service com.apple.frontboard.workspace-service
Aug 28 14:08:52.623718 Runner(FrontBoardServices)[57866] <Notice>: FBSWorkspace connecting to endpoint : <private>
Aug 28 14:08:52.623772 SpringBoard(BaseBoard)[47602] <Debug>:  *|machport|* <BSMachPortTaskNameRight: 0x280898ac0; usable: YES; (47602:3368f:send task_name_for_pid:Runner.57866)> -> (<NSThread: 0x280845800>{number = 1159, name = (null)}) (
Aug 28 14:08:52.623912 backboardd(IOKit)[65] <Notice>: Connection added: IOHIDEventSystemConnection uuid:A7E1E347-178A-4179-95C4-CF5F5EEC6B1B pid:57866 process:Runner type:Passive entitlements:0x0 caller:BackBoardServices: <redacted> + 336 attributes:{
    bundleID = "dev.selfhost.firstActivationProbe";
Aug 28 14:08:52.623936 backboardd(BackBoardHIDEventFoundation)[65] <Debug>: Got a client addition callback: IOHIDEventSystemConnection uuid:A7E1E347-178A-4179-95C4-CF5F5EEC6B1B pid:57866 process:Runner type:Passive entitlements:0x0 caller:BackBoardServices: <redacted> + 336 attributes:{
    bundleID = "dev.selfhost.firstActivationProbe";
Aug 28 14:08:52.623954 backboardd(BackBoardHIDEventFoundation)[65] <Info>: HID connection vpid:57866(v731DA) bundleID:dev.selfhost.firstActivationProbe successfully initialized: IOHIDEventSystemConnection uuid:A7E1E347-178A-4179-95C4-CF5F5EEC6B1B pid:57866 process:Runner type:Passive entitlements:0x0 caller:BackBoardServices: <redacted> + 336 attributes:{
    bundleID = "dev.selfhost.firstActivationProbe";
Aug 28 14:08:52.624261 backboardd(BackBoardHIDEventFoundation)[65] <Notice>: Adding client connection: <BKHIDClientConnection: 0x102778490; IOHIDEventSystemConnectionRef: 0x10dc148b0; vpid: 57866(v731DA); taskPort: 0x36A1F; bundleID: dev.selfhost.firstActivationProbe> for client: IOHIDEventSystemConnection uuid:A7E1E347-178A-4179-95C4-CF5F5EEC6B1B pid:57866 process:Runner type:Passive entitlements:0x0 caller:BackBoardServices: <redacted> + 336 attributes:{
    bundleID = "dev.selfhost.firstActivationProbe";
Aug 28 14:08:52.630340 SpringBoard(BaseBoard)[47602] <Debug>:  *|machport|* <BSMachPortTaskNameRight: 0x2808eb740; usable: YES; (47602:3368f:send task_name_for_pid:Runner.57866)> -> (<NSThread: 0x2808ebe00>{number = 1160, name = (null)}) (
Aug 28 14:08:52.630506 Runner(FrontBoardServices)[57866] <Notice>: FBSWorkspace registering source: <private>
Aug 28 14:08:52.631562 Runner(FrontBoardServices)[57866] <Notice>: FBSWorkspace connected to endpoint : <private>
Aug 28 14:08:52.639244 Runner(CoreFoundation)[57866] <Debug>: CFPrefsManagedSource<0x283955e80> (Domain: dev.selfhost.firstActivationProbe, User: kCFPreferencesCurrentUser, ByHost: Yes, Container: (null), Contents Need Refresh: No) loaded: an empty base plist and no additional changes from the base plist
Aug 28 14:08:52.639341 Runner(CoreFoundation)[57866] <Debug>: CFPrefsManagedSource<0x283955f00> (Domain: dev.selfhost.firstActivationProbe, User: kCFPreferencesAnyUser, ByHost: Yes, Container: (null), Contents Need Refresh: No) loaded: an empty base plist and no additional changes from the base plist
Aug 28 14:08:52.639459 Runner(CoreFoundation)[57866] <Debug>: CFPrefsPlistSource<0x283955e00> (Domain: dev.selfhost.firstActivationProbe, User: kCFPreferencesCurrentUser, ByHost: No, Container: (null), Contents Need Refresh: No) loaded: an empty base plist and no additional changes from the base plist
Aug 28 14:08:52.642259 SpringBoard(FrontBoard)[47602] <Notice>: Asked to bootstrap a new process for handle: [application<dev.selfhost.firstActivationProbe>:57866]
Aug 28 14:08:52.642958 runningboardd(RunningBoard)[33] <Debug>: [daemon<com.apple.SpringBoard>:47602] query resolved to [application<dev.selfhost.firstActivationProbe>:57866]
Aug 28 14:08:52.643074 runningboardd(RunningBoard)[33] <Debug>: Incrementing suppression state to 3 for application<dev.selfhost.firstActivationProbe>
Aug 28 14:08:52.643302 SpringBoard(FrontBoard)[47602] <Notice>: A pending process already exists for this handle: <FBApplicationProcess: 0x114bd7b20; application<dev.selfhost.firstActivationProbe>:57866(v731DA)>
Aug 28 14:08:52.646923 SpringBoard(FrontBoard)[47602] <Notice>: [application<dev.selfhost.firstActivationProbe>:57866] Setting process task state to: Running
Aug 28 14:08:52.646943 SpringBoard(FrontBoard)[47602] <Notice>: [application<dev.selfhost.firstActivationProbe>:57866] Setting process visibility to: Foreground
Aug 28 14:08:52.647142 SpringBoard(FrontBoard)[47602] <Notice>: [application<dev.selfhost.firstActivationProbe>:57866] Registering event dispatcher at connect
Aug 28 14:08:52.647160 SpringBoard(FrontBoard)[47602] <Info>: Registering workspace for processHandle: [application<dev.selfhost.firstActivationProbe>:57866]
Aug 28 14:08:52.647273 SpringBoard(FrontBoard)[47602] <Notice>: [application<dev.selfhost.firstActivationProbe>:57866] Initial launch assertion state: ForegroundFocal.
Aug 28 14:08:52.647407 runningboardd(RunningBoard)[33] <Info>: Ignoring insignificant state update for application<dev.selfhost.firstActivationProbe>
Aug 28 14:08:52.647428 runningboardd(RunningBoard)[33] <Notice>: Calculated state for application<dev.selfhost.firstActivationProbe>: running-active (role: UserInteractiveFocal)
Aug 28 14:08:52.647447 runningboardd(RunningBoard)[33] <Debug>: SUPPRESSING state update for application<dev.selfhost.firstActivationProbe>: <RBSProcessState| task:running-active debug:none terminationResistance:Interactive endowments:[
	<RBSProcessAssertionInfo| type:2 reason:10000 name:"Domain" domain:"com.apple.frontboard:Bootstrap-Foreground,com.apple.frontboard:Visibility" expl:"FBApplicationProcess">,
Aug 28 14:08:52.647466 runningboardd(RunningBoard)[33] <Debug>: Decrementing suppression state to 2 for application<dev.selfhost.firstActivationProbe>
Aug 28 14:08:52.647526 SpringBoard(FrontBoardServices)[47602] <Info>: [application<dev.selfhost.firstActivationProbe>:57866] [realTime] Now monitoring resource allowance of 20.00s (at refreshInterval -1.00s)
Aug 28 14:08:52.647671 SpringBoard(FrontBoard)[47602] <Notice>: Adding: <FBApplicationProcess: 0x114bd7b20; application<dev.selfhost.firstActivationProbe>:57866(v731DA)>
Aug 28 14:08:52.647725 SpringBoard(FrontBoard)[47602] <Info>: FBWorkspaceDomain: Assigning new workspace connection to workspace (0x282a7b440) owned by process: <FBApplicationProcess: 0x114bd7b20; application<dev.selfhost.firstActivationProbe>:57866(v731DA)>
Aug 28 14:08:52.647743 SpringBoard(FrontBoard)[47602] <Notice>: [application<dev.selfhost.firstActivationProbe>:57866] Connection established.
Aug 28 14:08:52.647820 SpringBoard(FrontBoard)[47602] <Notice>: [application<dev.selfhost.firstActivationProbe>:57866] Connection to remote process established!
Aug 28 14:08:52.647842 SpringBoard(FrontBoardServices)[47602] <Info>: [application<dev.selfhost.firstActivationProbe>:57866] [realTime] Stopped monitoring.
Aug 28 14:08:52.647970 SpringBoard(FrontBoardServices)[47602] <Debug>: [application<dev.selfhost.firstActivationProbe>:57866] [realTime] Updated resource consumption: 0.001s (0.01%)
Aug 28 14:08:52.648044 SpringBoard(FrontBoard)[47602] <Info>: [application<dev.selfhost.firstActivationProbe>:57866] Provision <FBSProcessResourceProvision: 0x282f29710; allowance: <; FBSProcessResourceAllowance; type: realTime; timeValue: 20.0s>> has remainder <FBSProcessResourceProvision: 0x282f226d0; allowance: <; FBSProcessResourceAllowance; type: realTime; timeValue: 20.00s>>
Aug 28 14:08:52.648083 SpringBoard(FrontBoard)[47602] <Notice>: change foreground process from list:<FBApplicationProcess: 0x114bd7b20; application<dev.selfhost.firstActivationProbe>:57866(v731DA)>
Aug 28 14:08:52.648475 backboardd(IOKit)[65] <Debug>: SetProperty called IOHIDEventSystemClientIsUnresponsive=0 caller=IOHIDEventSystemConnection uuid:A7E1E347-178A-4179-95C4-CF5F5EEC6B1B pid:57866 process:Runner type:Passive entitlements:0x0 caller:BackBoardServices: <redacted> + 336 attributes:{
    bundleID = "dev.selfhost.firstActivationProbe";
Aug 28 14:08:52.648612 SpringBoard(FrontBoard)[47602] <Info>: Setting BKSEventFocusManager's foreground app to: <FBApplicationProcess: 0x114bd7b20; application<dev.selfhost.firstActivationProbe>:57866(v731DA)>
Aug 28 14:08:52.648631 SpringBoard(FrontBoard)[47602] <Info>: [application<dev.selfhost.firstActivationProbe>:57866] Made scene-create policy: <FBSProcessWatchdogPolicy: 0x281c353e0; name: "scene create after launch"> {
Aug 28 14:08:52.648677 SpringBoard(FrontBoardServices)[47602] <Debug>: [application<dev.selfhost.firstActivationProbe>:57866] Invalidating <FBProcessWatchdog: 0x283e83250; name: process-launch; time: 20.0s>
Aug 28 14:08:52.648901 Runner(CoreFoundation)[57866] <Debug>: CFPrefsPlistSource<0x283956080> (Domain: dev.selfhost.firstActivationProbe, User: kCFPreferencesAnyUser, ByHost: Yes, Container: (null), Contents Need Refresh: No) loaded: an empty base plist and no additional changes from the base plist
Aug 28 14:08:52.648920 Runner(CoreFoundation)[57866] <Debug>: looked up value <private> for key AppleLanguages in CFPrefsPlistSource<0x283954a80> (Domain: kCFPreferencesAnyApplication, User: kCFPreferencesCurrentUser, ByHost: No, Container: (null), Contents Need Refresh: No) via CFPrefsSearchListSource<0x283955d80> (Domain: dev.selfhost.firstActivationProbe, Container: (null))
Aug 28 14:08:52.648938 Runner(CoreFoundation)[57866] <Debug>: setting new value <private> for key <private> in CFPrefsSource<0x280254980> (Domain: Volatile, User: , ByHost: No, Container: , Contents Need Refresh: No)
Aug 28 14:08:52.648956 Runner(RunningBoardServices)[57866] <Notice>: Added observer for process assertions expiration warning: <_RBSExpirationWarningClient: 0x281744f00>
Aug 28 14:08:52.650833 Runner(CoreFoundation)[57866] <Debug>: setting new value <private> for key <private> in CFPrefsSource<0x280254980> (Domain: Volatile, User: , ByHost: No, Container: , Contents Need Refresh: No)
Aug 28 14:08:52.663478 SpringBoard(FrontBoardServices)[47602] <Debug>: [application<dev.selfhost.firstActivationProbe>:57866] [realTime] Invalidated
Aug 28 14:08:52.715412 Runner(CoreFoundation)[57866] <Debug>: setting new value <private> for key <private> in CFPrefsSource<0x280254980> (Domain: Volatile, User: , ByHost: No, Container: , Contents Need Refresh: No)
Aug 28 14:08:52.716706 Runner(CoreFoundation)[57866] <Debug>: found no value for key UIScreenIsCapturedValue in CFPrefsSearchListSource<0x283954800> (Domain: com.apple.UIKit, Container: (null))
Aug 28 14:08:52.717519 Runner(CoreFoundation)[57866] <Debug>: looked up value <private> for key AppleLanguages in CFPrefsPlistSource<0x283954a80> (Domain: kCFPreferencesAnyApplication, User: kCFPreferencesCurrentUser, ByHost: No, Container: (null), Contents Need Refresh: No) via CFPrefsSearchListSource<0x283955d80> (Domain: dev.selfhost.firstActivationProbe, Container: (null))
Aug 28 14:08:52.725312 Runner(CoreFoundation)[57866] <Debug>: Language lookup at <private>
Aug 28 14:08:52.725614 Runner(CoreFoundation)[57866] <Debug>: Resource lookup at <private>
Aug 28 14:08:52.725832 Runner(CoreFoundation)[57866] <Debug>: found no value for key _UIEnableLegacyRTL in CFPrefsSearchListSource<0x283954800> (Domain: com.apple.UIKit, Container: (null))
Aug 28 14:08:52.726602 Runner(CoreFoundation)[57866] <Debug>: found no value for key NSTighteningFactorForTruncation in CFPrefsSearchListSource<0x283955d80> (Domain: dev.selfhost.firstActivationProbe, Container: (null))
Aug 28 14:08:52.726689 Runner(CoreFoundation)[57866] <Debug>: found no value for key NSTighteningFactorForTruncation in CFPrefsSearchListSource<0x283955d80> (Domain: dev.selfhost.firstActivationProbe, Container: (null))
Aug 28 14:08:52.734194 cfprefsd(CoreFoundation)[91] <Debug>: Process 57866 (Runner) sent a request related to { dev.selfhost.firstActivationProbe, user: mobile, kCFPreferencesAnyHost, /var/mobile/Containers/Data/Application/18E6667F-E66B-4E74-92D9-B14869861554/Library/Preferences/dev.selfhost.firstActivationProbe.plist, managed: 0 } (0x1003580b0)
Aug 28 14:08:52.734306 cfprefsd(CoreFoundation)[91] <Debug>: Process 57866 (Runner) sent a request related to { dev.selfhost.firstActivationProbe, user: kCFPreferencesAnyUser, kCFPreferencesCurrentHost, /var/preferences/dev.selfhost.firstActivationProbe.plist, managed: 0 } (0x10034f970)
Aug 28 14:08:52.734449 cfprefsd(CoreFoundation)[91] <Debug>: Process 57866 (Runner) sent a request related to { com.apple.Accessibility, user: mobile, kCFPreferencesCurrentHost, /Library/Managed Preferences/mobile/com.apple.Accessibility.plist, managed: 1 } (0x101814050)
Aug 28 14:08:52.735437 cfprefsd(CoreFoundation)[91] <Debug>: Process 57866 (Runner) sent a request related to { com.apple.Accessibility, user: kCFPreferencesAnyUser, kCFPreferencesCurrentHost, /Library/Managed Preferences/com.apple.Accessibility.plist, managed: 1 } (0x101814300)
Aug 28 14:08:52.735549 cfprefsd(CoreFoundation)[91] <Debug>: Process 57866 (Runner) sent a request related to { com.apple.Accessibility, user: mobile, kCFPreferencesAnyHost, /var/mobile/Library/Preferences/com.apple.Accessibility.plist, managed: 0 } (0x100311170)
Aug 28 14:08:52.735616 cfprefsd(CoreFoundation)[91] <Debug>: Process 57866 (Runner) read data for { com.apple.Accessibility, mobile, kCFPreferencesAnyHost, /var/mobile/Library/Preferences/com.apple.Accessibility.plist, managed: 0 }, backed by /private/var/mobile/Library/Preferences/com.apple.Accessibility.plist
Aug 28 14:08:52.735671 cfprefsd(CoreFoundation)[91] <Debug>: Process 57866 (Runner) sent a request related to { com.apple.Accessibility, user: kCFPreferencesAnyUser, kCFPreferencesCurrentHost, /var/preferences/com.apple.Accessibility.plist, managed: 0 } (0x1018145a0)
Aug 28 14:08:52.735728 Runner(CoreFoundation)[57866] <Debug>: found no value for key NSAllowsDefaultTighteningForTruncation in CFPrefsSearchListSource<0x283955d80> (Domain: dev.selfhost.firstActivationProbe, Container: (null))
Aug 28 14:08:52.735783 Runner(CoreFoundation)[57866] <Debug>: found no value for key NSUsesDefaultHyphenation in CFPrefsSearchListSource<0x283955d80> (Domain: dev.selfhost.firstActivationProbe, Container: (null))
Aug 28 14:08:52.735847 Runner(CoreFoundation)[57866] <Debug>: found no value for key NSDefaultHyphenationFactor in CFPrefsSearchListSource<0x283955d80> (Domain: dev.selfhost.firstActivationProbe, Container: (null))
Aug 28 14:08:52.735900 Runner(CoreFoundation)[57866] <Debug>: found no value for key NSForceRightToLeftWritingDirection in CFPrefsSearchListSource<0x283955d80> (Domain: dev.selfhost.firstActivationProbe, Container: (null))
Aug 28 14:08:52.735959 Runner(CoreFoundation)[57866] <Debug>: CFPrefsManagedSource<0x283951300> (Domain: com.apple.Accessibility, User: kCFPreferencesCurrentUser, ByHost: Yes, Container: (null), Contents Need Refresh: No) loaded: an empty base plist and no additional changes from the base plist
Aug 28 14:08:52.736022 Runner(CoreFoundation)[57866] <Debug>: CFPrefsManagedSource<0x283951500> (Domain: com.apple.Accessibility, User: kCFPreferencesAnyUser, ByHost: Yes, Container: (null), Contents Need Refresh: No) loaded: an empty base plist and no additional changes from the base plist
<SBTransitionSwitcherModifierEvent: 0x282115100; type: MainTransition; transitionID: 94D0319A-3583-44BE-B019-7CC8474C745F; phase: Animate; animated: YES; fromAppLayout: 0x0; toAppLayout: <SBAppLayout: 0x2808e2980; primary: dev.selfhost.firstActivationProbe:default; environment: main>; fromEnvironmentMode: home-screen; toEnvironmentMode: application; pendingTermination: {(
)}; activating: <SBAppLayout: 0x2808e2980; primary: dev.selfhost.firstActivationProbe:default; environment: main>; dosidoTransitionDirection: 0>
Aug 28 14:08:52.736373 Runner(CoreFoundation)[57866] <Debug>: CFPrefsPlistSource<0x283950a00> (Domain: com.apple.Accessibility, User: kCFPreferencesCurrentUser, ByHost: No, Container: (null), Contents Need Refresh: No) loaded: a new base plist and no additional changes from the base plist
Aug 28 14:08:52.736392 Runner(CoreFoundation)[57866] <Debug>: CFPrefsPlistSource<0x283957780> (Domain: com.apple.Accessibility, User: kCFPreferencesAnyUser, ByHost: Yes, Container: (null), Contents Need Refresh: No) loaded: an empty base plist and no additional changes from the base plist
Aug 28 14:08:52.736409 Runner(CoreFoundation)[57866] <Debug>: found no value for key ForceTouchEnabled in CFPrefsSearchListSource<0x283957580> (Domain: com.apple.Accessibility, Container: (null))
Aug 28 14:08:52.736429 Runner(libAccessibility.dylib)[57866] <Debug>: CF Read: domain = com.apple.Accessibility, preference = ForceTouchEnabled, appID = (null) result = (null) (-1 - empty, 0 - false, 1 - true)
Aug 28 14:08:52.736448 Runner(CoreFoundation)[57866] <Debug>: found no value for key ForceTouchEnabled in CFPrefsPlistSource<0x283950a00> (Domain: com.apple.Accessibility, User: kCFPreferencesCurrentUser, ByHost: No, Container: (null), Contents Need Refresh: No)
Aug 28 14:08:52.736466 Runner(CoreFoundation)[57866] <Debug>: found no value for key UIPreferredContentSizeCategoryName in CFPrefsSearchListSource<0x283955d80> (Domain: dev.selfhost.firstActivationProbe, Container: (null))
Aug 28 14:08:52.736608 Runner(libAccessibility.dylib)[57866] <Debug>: CF Read Category Name: domain = dev.selfhost.firstActivationProbe, appID = dev.selfhost.firstActivationProbe value = (null)
Aug 28 14:08:52.736626 Runner(libAccessibility.dylib)[57866] <Notice>: Read CategoryName: per-app = 1, category name = (null)
Aug 28 14:08:52.736644 Runner(CoreFoundation)[57866] <Debug>: found no value for key UIPreferredContentSizeCategoryName in CFPrefsSearchListSource<0x283954800> (Domain: com.apple.UIKit, Container: (null))
Aug 28 14:08:52.736662 Runner(libAccessibility.dylib)[57866] <Debug>: CF Read Category Name: domain = /var/mobile/Library/Preferences/com.apple.UIKit, appID = (null) value = (null)
Aug 28 14:08:52.736682 Runner(libAccessibility.dylib)[57866] <Notice>: Read CategoryName: per-app = 0, category name = (null)
Aug 28 14:08:52.736865 Runner(CoreFoundation)[57866] <Debug>: found no value for key UICarPlayPreferredContentSizeCategoryName in CFPrefsSearchListSource<0x283954800> (Domain: com.apple.UIKit, Container: (null))
Aug 28 14:08:52.736937 Runner(CoreFoundation)[57866] <Debug>: found no value for key EnhancedTextLegibilityEnabled in CFPrefsSearchListSource<0x283957580> (Domain: com.apple.Accessibility, Container: (null))
Aug 28 14:08:52.736968 Runner(libAccessibility.dylib)[57866] <Debug>: CF Read: domain = com.apple.Accessibility, preference = EnhancedTextLegibilityEnabled, appID = (null) result = (null) (-1 - empty, 0 - false, 1 - true)
Aug 28 14:08:52.736987 Runner(CoreFoundation)[57866] <Debug>: found no value for key EnhancedTextLegibilityEnabled in CFPrefsPlistSource<0x283950a00> (Domain: com.apple.Accessibility, User: kCFPreferencesCurrentUser, ByHost: No, Container: (null), Contents Need Refresh: No)
Aug 28 14:08:52.737040 Runner(CoreFoundation)[57866] <Debug>: found no value for key DarkenSystemColors in CFPrefsSearchListSource<0x283957580> (Domain: com.apple.Accessibility, Container: (null))
Aug 28 14:08:52.737060 Runner(libAccessibility.dylib)[57866] <Debug>: CF Read: domain = com.apple.Accessibility, preference = DarkenSystemColors, appID = (null) result = (null) (-1 - empty, 0 - false, 1 - true)
Aug 28 14:08:52.737078 Runner(CoreFoundation)[57866] <Debug>: found no value for key DarkenSystemColors in CFPrefsPlistSource<0x283950a00> (Domain: com.apple.Accessibility, User: kCFPreferencesCurrentUser, ByHost: No, Container: (null), Contents Need Refresh: No)
Aug 28 14:08:52.737306 Runner(CoreFoundation)[57866] <Debug>: found no value for key UITraitCollectionChangeLoggingEnabled in CFPrefsSearchListSource<0x283955d80> (Domain: dev.selfhost.firstActivationProbe, Container: (null))
Aug 28 14:08:52.737519 Runner(CoreFoundation)[57866] <Debug>: found no value for key UIStateRestorationDebugLogging in CFPrefsSearchListSource<0x283955d80> (Domain: dev.selfhost.firstActivationProbe, Container: (null))
Aug 28 14:08:52.737635 Runner(CoreFoundation)[57866] <Debug>: Resource lookup at <private>
Aug 28 14:08:52.737680 Runner(CoreFoundation)[57866] <Debug>: looked up value <private> for key AccessibilityEnabled in CFPrefsPlistSource<0x283950a00> (Domain: com.apple.Accessibility, User: kCFPreferencesCurrentUser, ByHost: No, Container: (null), Contents Need Refresh: No) via CFPrefsSearchListSource<0x283957580> (Domain: com.apple.Accessibility, Container: (null))
Aug 28 14:08:52.737716 Runner(libAccessibility.dylib)[57866] <Debug>: CF Read: domain = com.apple.Accessibility, preference = AccessibilityEnabled, appID = (null) result = 0 (-1 - empty, 0 - false, 1 - true)
Aug 28 14:08:52.737735 Runner(CoreFoundation)[57866] <Debug>: looked up value <private> for key InvertColorsEnabled in CFPrefsPlistSource<0x283950a00> (Domain: com.apple.Accessibility, User: kCFPreferencesCurrentUser, ByHost: No, Container: (null), Contents Need Refresh: No) via CFPrefsSearchListSource<0x283957580> (Domain: com.apple.Accessibility, Container: (null))
Aug 28 14:08:52.737754 Runner(libAccessibility.dylib)[57866] <Debug>: CF Read: domain = com.apple.Accessibility, preference = InvertColorsEnabled, appID = (null) result = 0 (-1 - empty, 0 - false, 1 - true)
Aug 28 14:08:52.737773 Runner(libAccessibility.dylib)[57866] <Debug>: Read Global: preference = InvertColorsEnabled, result = 0 (-1 - empty, 0 - false, 1 - true)
Aug 28 14:08:52.737791 Runner(libAccessibility.dylib)[57866] <Debug>: Updated cache: preference = InvertColorsEnabled, result = 0 (-1 - empty, 0 - false, 1 - true)
Aug 28 14:08:52.737809 Runner(CoreFoundation)[57866] <Debug>: looked up value <private> for key ApplicationAccessibilityEnabled in CFPrefsPlistSource<0x283950a00> (Domain: com.apple.Accessibility, User: kCFPreferencesCurrentUser, ByHost: No, Container: (null), Contents Need Refresh: No) via CFPrefsSearchListSource<0x283957580> (Domain: com.apple.Accessibility, Container: (null))
Aug 28 14:08:52.737878 Runner(libAccessibility.dylib)[57866] <Debug>: CF Read: domain = com.apple.Accessibility, preference = ApplicationAccessibilityEnabled, appID = (null) result = 0 (-1 - empty, 0 - false, 1 - true)
Aug 28 14:08:52.737947 Runner(XCTTargetBootstrap)[57866] <Notice>: Registering for test daemon availability notify post.
Aug 28 14:08:52.738476 Runner(XCTTargetBootstrap)[57866] <Notice>: notify_get_state check indicated test daemon not ready.
Aug 28 14:08:52.738493 Runner(XCTTargetBootstrap)[57866] <Notice>: notify_get_state check indicated test daemon not ready.
Aug 28 14:08:52.738508 Runner(XCTTargetBootstrap)[57866] <Notice>: notify_get_state check indicated test daemon not ready.
Aug 28 14:08:52.738528 Runner(CoreFoundation)[57866] <Debug>: found no value for key UIRequireCrimsonLifecycle in CFPrefsSearchListSource<0x283954800> (Domain: com.apple.UIKit, Container: (null))
Aug 28 14:08:52.738549 Runner(UIKitCore)[57866] <Notice>: Deactivation reason added: 11; deactivation reasons: 1024 -> 3072; animating application lifecycle event: 0
Aug 28 14:08:52.738595 Runner(CoreFoundation)[57866] <Debug>: Resource lookup at <private>
Aug 28 14:08:52.741321 SpringBoard(FrontBoard)[47602] <Notice>: [application<dev.selfhost.firstActivationProbe>:57866] Registered new scene: <FBUIApplicationWorkspaceScene: 0x2826439b0; sceneID:dev.selfhost.firstActivationProbe-default> (fromRemnant = 0)
Aug 28 14:08:52.741340 SpringBoard(FrontBoard)[47602] <Notice>: [sceneID:dev.selfhost.firstActivationProbe-default][1] Scene activated.
Aug 28 14:08:52.741359 SpringBoard(FrontBoard)[47602] <Debug>: [FBSceneManager] PENDING:   <BSEventQueueEvent: 0x281c02d20; didAdd-sceneID:dev.selfhost.firstActivationProbe-default(0)> @ back
Aug 28 14:08:52.741377 SpringBoard(FrontBoard)[47602] <Debug>: [FBSceneManager] EXECUTING: <BSEventQueueEvent: 0x281c02d20; didAdd-sceneID:dev.selfhost.firstActivationProbe-default(0)>
Aug 28 14:08:52.741395 SpringBoard(FrontBoard)[47602] <Debug>: [FBSceneManager] PENDING:   <BSEventQueueEvent: 0x281c02440; didAdd-sceneID:dev.selfhost.firstActivationProbe-default(0)> @ front
Aug 28 14:08:52.741422 SpringBoard(FrontBoard)[47602] <Notice>: [application<dev.selfhost.firstActivationProbe>:57866] Workspace interruption policy did change: reconnect
Aug 28 14:08:52.741449 SpringBoard(FrontBoard)[47602] <Debug>: [FBSceneManager] EXECUTING: <BSEventQueueEvent: 0x281c02440; didAdd-sceneID:dev.selfhost.firstActivationProbe-default(0)>
Aug 28 14:08:52.741598 runningboardd(RunningBoard)[33] <Debug>: Sending state 0x1010f36f0 for application<dev.selfhost.firstActivationProbe> to [daemon<com.apple.SpringBoard>:47602]
Aug 28 14:08:52.741617 runningboardd(RunningBoard)[33] <Info>: Finished acquiring assertion 33-47602-7805 (target:application<dev.selfhost.firstActivationProbe>)
Aug 28 14:08:52.741634 runningboardd(RunningBoard)[33] <Info>: Finished acquiring assertion 33-33-7806 (target:[application<dev.selfhost.firstActivationProbe>:57866])
Aug 28 14:08:52.741713 SpringBoard(FrontBoard)[47602] <Info>: Client intercepting scene update for scene: sceneID:dev.selfhost.firstActivationProbe-default
Aug 28 14:08:52.741731 SpringBoard(UIKitCore)[47602] <Notice>: Now tracking: <FBScene: 0x28286c180; sceneID:dev.selfhost.firstActivationProbe-default>
Aug 28 14:08:52.741786 SpringBoard(UIKitCore)[47602] <Notice>: [sceneID:dev.selfhost.firstActivationProbe-default] Setting deactivation reasons to: 'systemAnimation' for reason: scene settings update - settings are eligible for deactivation reasons.
Aug 28 14:08:52.741823 SpringBoard(FrontBoard)[47602] <Debug>: START SCENE MUTATION ------- sceneID:dev.selfhost.firstActivationProbe-default
Aug 28 14:08:52.741841 SpringBoard(FrontBoard)[47602] <Debug>: [FBSceneManager] PENDING:   <BSEventQueueEvent: 0x281c0bd80; sceneDidActivate-sceneID:dev.selfhost.firstActivationProbe-default(1)> @ back
Aug 28 14:08:52.741859 SpringBoard(FrontBoard)[47602] <Debug>: [FBSceneManager] PENDING:   <BSEventQueueEvent: 0x281c03140; sceneUpdatePrepared-sceneID:dev.selfhost.firstActivationProbe-default(1)> @ back
Aug 28 14:08:52.741876 SpringBoard(FrontBoard)[47602] <Debug>: [FBSceneManager] PENDING:   <BSEventQueueEvent: 0x281c08900; applySettings-sceneID:dev.selfhost.firstActivationProbe-default(1)> @ back
Aug 28 14:08:52.741903 SpringBoard(FrontBoard)[47602] <Debug>: Flushing all events for sceneID:dev.selfhost.firstActivationProbe-default
Aug 28 14:08:52.741951 SpringBoard(FrontBoard)[47602] <Debug>: [FBSceneManager] EXECUTING: <BSEventQueueEvent: 0x281c0bd80; sceneDidActivate-sceneID:dev.selfhost.firstActivationProbe-default(1)>
Aug 28 14:08:52.741985 SpringBoard(FrontBoard)[47602] <Debug>: [FBSceneManager] PENDING:   <BSEventQueueEvent: 0x281c0b1e0; sceneDidActivate-sceneID:dev.selfhost.firstActivationProbe-default(1)> @ front
Aug 28 14:08:52.742013 SpringBoard(FrontBoard)[47602] <Debug>: [FBSceneManager] EXECUTING: <BSEventQueueEvent: 0x281c0b1e0; sceneDidActivate-sceneID:dev.selfhost.firstActivationProbe-default(1)>
Aug 28 14:08:52.742162 Runner(RunningBoardServices)[57866] <Notice>: Sending handshake request attempt #1 to server
Aug 28 14:08:52.742222 Runner(RunningBoardServices)[57866] <Notice>: Creating connection to com.apple.runningboard
Aug 28 14:08:52.742408 powerd[43] <Notice>: Process runningboardd.33 Created SystemIsActive "application<dev.selfhost.firstActivationProbe>;(null):(null);33-47602-7805:FBApplicationProcess" age:00:00:00  id:51539650444 [System: PrevIdle SysAct]
Aug 28 14:08:52.742494 runningboardd(RunningBoard)[33] <Notice>: Acquiring assertion targeting [application<dev.selfhost.firstActivationProbe>:57866] from originator [daemon<com.apple.SpringBoard>:47602] with description <RBSAssertionDescriptor| "com.apple.frontboard.after-life.interrupted" ID:33-47602-7807 target:57866 attributes:[
Aug 28 14:08:52.742512 runningboardd(RunningBoard)[33] <Notice>: Assertion 33-47602-7807 (target:[application<dev.selfhost.firstActivationProbe>:57866]) will be created as inactive as originator process has not exited
Aug 28 14:08:52.742573 Runner(CoreFoundation)[57866] <Debug>: found no value for key UIStateRestorationDeveloperMode in CFPrefsSearchListSource<0x283955d80> (Domain: dev.selfhost.firstActivationProbe, Container: (null))
Aug 28 14:08:52.742723 SpringBoard[47602] <Notice>: didAddExternalForegroundApplicationSceneHandle pid:57866 scene:com.apple.frontboard.systemappservices::sceneID%3Adev.selfhost.firstActivationProbe-default now:<recentPIDs: [57866]; recentSceneIdentityTokensByPID: {57866: [com.apple.frontboard.systemappservices::sceneID%3Adev.selfhost.firstActivationProbe-default]}>
Aug 28 14:08:52.742823 SpringBoard[47602] <Notice>: policy: MRU target:<pid=57866 token=com.apple.frontboard.systemappservices::sceneID%3Adev.selfhost.firstActivationProbe-default>
Aug 28 14:08:52.742866 SpringBoard[47602] <Notice>: policy: now generation: 395; keyboardFocusTarget: <token: com.apple.frontboard.systemappservices::sceneID%3Adev.selfhost.firstActivationProbe-default; pid: 57866>; recentlyUsedScenes: <recentPIDs: [57866]; recentSceneIdentityTokensByPID: {57866: [com.apple.frontboard.systemappservices::sceneID%3Adev.selfhost.firstActivationProbe-default]}>; selectionPolicy: KeyboardArbiter; shouldSuppressRemoteDeferring: 0
Aug 28 14:08:52.743198 SpringBoard(FrontBoard)[47602] <Debug>: [FBSceneManager] EXECUTING: <BSEventQueueEvent: 0x281c03140; sceneUpdatePrepared-sceneID:dev.selfhost.firstActivationProbe-default(1)>
Aug 28 14:08:52.743216 SpringBoard(FrontBoard)[47602] <Debug>: [FBSceneManager] PENDING:   <BSEventQueueEvent: 0x281c0bb60; sceneUpdatePrepared-sceneID:dev.selfhost.firstActivationProbe-default(1)> @ front
Aug 28 14:08:52.743329 SpringBoard(FrontBoard)[47602] <Debug>: [FBSceneManager] EXECUTING: <BSEventQueueEvent: 0x281c0bb60; sceneUpdatePrepared-sceneID:dev.selfhost.firstActivationProbe-default(1)>
Aug 28 14:08:52.743403 SpringBoard(FrontBoard)[47602] <Debug>: [FBSceneManager] EXECUTING: <BSEventQueueEvent: 0x281c08900; applySettings-sceneID:dev.selfhost.firstActivationProbe-default(1)>
Aug 28 14:08:52.743421 SpringBoard(FrontBoard)[47602] <Notice>: [sceneID:dev.selfhost.firstActivationProbe-default] scene content state changed: preparing
Aug 28 14:08:52.743440 SpringBoard(FrontBoard)[47602] <Debug>: [FBSceneManager] PENDING:   <BSEventQueueEvent: 0x281c1e200; contentStateDidChange-sceneID:dev.selfhost.firstActivationProbe-default(1)> @ back
Aug 28 14:08:52.743519 SpringBoard(FrontBoard)[47602] <Debug>: [FBSceneManager] PENDING:   <BSEventQueueEvent: 0x281c1cd20; sceneUpdateApplied-sceneID:dev.selfhost.firstActivationProbe-default(1)> @ back
Aug 28 14:08:52.743587 SpringBoard(FrontBoard)[47602] <Debug>: [FBSceneManager] PENDING:   <BSEventQueueEvent: 0x281c1e0a0; sceneMutationCompletion-sceneID:dev.selfhost.firstActivationProbe-default(1)> @ back
Aug 28 14:08:52.743655 SpringBoard(FrontBoard)[47602] <Debug>: [FBSceneManager] EXECUTING: <BSEventQueueEvent: 0x281c1e200; contentStateDidChange-sceneID:dev.selfhost.firstActivationProbe-default(1)>
Aug 28 14:08:52.743738 SpringBoard(FrontBoard)[47602] <Debug>: [FBSceneManager] PENDING:   <BSEventQueueEvent: 0x281c1dda0; contentStateDidChange-sceneID:dev.selfhost.firstActivationProbe-default(1)> @ front
Aug 28 14:08:52.743801 SpringBoard(FrontBoard)[47602] <Debug>: [FBSceneManager] EXECUTING: <BSEventQueueEvent: 0x281c1dda0; contentStateDidChange-sceneID:dev.selfhost.firstActivationProbe-default(1)>
Aug 28 14:08:52.743918 SpringBoard(FrontBoard)[47602] <Notice>: [sceneID:dev.selfhost.firstActivationProbe-default] Scene lifecycle state did change: Foreground
Aug 28 14:08:52.743962 SpringBoard(FrontBoard)[47602] <Notice>: [sceneID:dev.selfhost.firstActivationProbe-default] Scene assertion state did change: ForegroundFocal.
Aug 28 14:08:52.744075 SpringBoard(FrontBoard)[47602] <Notice>: [application<dev.selfhost.firstActivationProbe>:57866] Launch assertion supersedes update of workspace assertion to ForegroundFocal.
Aug 28 14:08:52.744113 SpringBoard(FrontBoard)[47602] <Notice>: [application<dev.selfhost.firstActivationProbe>:57866] Workspace assertion state did change: ForegroundFocal (acquireAssertion = NO).
Aug 28 14:08:52.744131 SpringBoard(FrontBoard)[47602] <Debug>: [FBSceneManager] EXECUTING: <BSEventQueueEvent: 0x281c1cd20; sceneUpdateApplied-sceneID:dev.selfhost.firstActivationProbe-default(1)>
Aug 28 14:08:52.744149 SpringBoard(FrontBoard)[47602] <Debug>: [FBSceneManager] PENDING:   <BSEventQueueEvent: 0x281c1d600; sceneUpdateApplied-sceneID:dev.selfhost.firstActivationProbe-default(1)> @ front
Aug 28 14:08:52.744271 SpringBoard(FrontBoard)[47602] <Notice>: [sceneID:dev.selfhost.firstActivationProbe-default] Sending scene action [Logical Activate][0xa795] to process 0x114bd7b20 (watchdog: 20.00s)
Aug 28 14:08:52.744293 SpringBoard(FrontBoard)[47602] <Debug>: [FBSceneManager] EXECUTING: <BSEventQueueEvent: 0x281c1d600; sceneUpdateApplied-sceneID:dev.selfhost.firstActivationProbe-default(1)>
Aug 28 14:08:52.744384 SpringBoard(FrontBoardServices)[47602] <Info>: [application<dev.selfhost.firstActivationProbe>:57866] [realTime] Now monitoring resource allowance of 20.00s (at refreshInterval -1.00s)
Aug 28 14:08:52.744461 SpringBoard(FrontBoard)[47602] <Debug>: [FBSceneManager] EXECUTING: <BSEventQueueEvent: 0x281c1e0a0; sceneMutationCompletion-sceneID:dev.selfhost.firstActivationProbe-default(1)>
Aug 28 14:08:52.744501 SpringBoard(FrontBoard)[47602] <Debug>: ---------- END SCENE MUTATION: sceneID:dev.selfhost.firstActivationProbe-default
Aug 28 14:08:52.753608 runningboardd(RunningBoard)[33] <Info>: Received message from [application<dev.selfhost.firstActivationProbe>:57866] (euid 501, auid 501): handshakeWithRequest:
Aug 28 14:08:52.753747 runningboardd(RunningBoard)[33] <Notice>: Setting client for [application<dev.selfhost.firstActivationProbe>:57866] as ready
Aug 28 14:08:52.755355 Runner(UIKitCore)[57866] <Notice>: Deactivation reason removed: 10; deactivation reasons: 3072 -> 2048; animating application lifecycle event: 0
Aug 28 14:08:52.755426 Runner(RunningBoardServices)[57866] <Notice>: Handshake succeeded
Aug 28 14:08:52.755504 Runner(RunningBoardServices)[57866] <Notice>: Identity resolved as application<dev.selfhost.firstActivationProbe>
Aug 28 14:08:52.755792 Runner(FrontBoardServices)[57866] <Info>: [FBSScene] [sceneID:dev.selfhost.firstActivationProbe-default] Created client agent: <UIApplicationSceneClientAgent: 0x281558480>
Aug 28 14:08:52.755864 Runner(CoreFoundation)[57866] <Debug>: Resource lookup at <private>
	Result        : file:///private/var/containers/Bundle/Application/1EC21BA9-82AA-4B85-B2FC-10B206BC5C35/Runner.app/Base.lproj/Main.storyboardc/
Aug 28 14:08:52.755921 Runner(CoreFoundation)[57866] <Debug>: Resource lookup at <private>
	Result        : file:///private/var/containers/Bundle/Application/1EC21BA9-82AA-4B85-B2FC-10B206BC5C35/Runner.app/Base.lproj/Main.storyboardc/
Aug 28 14:08:52.755973 Runner(CoreFoundation)[57866] <Debug>: Resource lookup at <private>
	Result        : file:///private/var/containers/Bundle/Application/1EC21BA9-82AA-4B85-B2FC-10B206BC5C35/Runner.app/Base.lproj/Main.storyboardc/
Aug 28 14:08:52.756013 Runner(CoreFoundation)[57866] <Debug>: Resource lookup at <private>
	Result        : file:///private/var/containers/Bundle/Application/1EC21BA9-82AA-4B85-B2FC-10B206BC5C35/Runner.app/Base.lproj/Main.storyboardc/
Aug 28 14:08:52.756092 Runner(CoreFoundation)[57866] <Debug>: Resource lookup at <private>
	Result        : file:///private/var/containers/Bundle/Application/1EC21BA9-82AA-4B85-B2FC-10B206BC5C35/Runner.app/Base.lproj/Main.storyboardc/
Aug 28 14:08:52.756161 Runner(CoreFoundation)[57866] <Debug>: Resource lookup at <private>
	Result        : file:///private/var/containers/Bundle/Application/1EC21BA9-82AA-4B85-B2FC-10B206BC5C35/Runner.app/Base.lproj/Main.storyboardc/
Aug 28 14:08:52.756203 Runner(CoreFoundation)[57866] <Debug>: Resource lookup at <private>
	Result        : file:///private/var/containers/Bundle/Application/1EC21BA9-82AA-4B85-B2FC-10B206BC5C35/Runner.app/Base.lproj/Main.storyboardc/
Aug 28 14:08:52.756246 Runner(CoreFoundation)[57866] <Debug>: found no value for key _UICanvasShouldDeliverCanvasActionsToCanvasDelegateOnlyKey in CFPrefsSearchListSource<0x283955d80> (Domain: dev.selfhost.firstActivationProbe, Container: (null))
Aug 28 14:08:52.756293 Runner(CoreFoundation)[57866] <Debug>: found no value for key LogBackgroundTask in CFPrefsSearchListSource<0x283954800> (Domain: com.apple.UIKit, Container: (null))
Aug 28 14:08:52.756334 Runner(UIKitCore)[57866] <Notice>: <private>: Will add backgroundTask with taskName: <private>, expirationHandler: <__NSGlobalBlock__: 0x1ec737410>
Aug 28 14:08:52.756365 Runner(UIKitCore)[57866] <Notice>: <private>: Created background task <private>. Assertion will be assigned soon
Aug 28 14:08:52.756413 Runner(UIKitCore)[57866] <Notice>: <private>: Creating new assertion since assertion is nil
Aug 28 14:08:52.756700 runningboardd(RunningBoard)[33] <Debug>: Decrementing suppression state to 1 for application<dev.selfhost.firstActivationProbe>
Aug 28 14:08:52.756755 runningboardd(RunningBoard)[33] <Info>: Received message from [application<dev.selfhost.firstActivationProbe>:57866] (euid 501, auid 501): acquireAssertionWithDescriptor:error:
Aug 28 14:08:52.756858 runningboardd(RunningBoard)[33] <Notice>: Acquiring assertion targeting [application<dev.selfhost.firstActivationProbe>:57866] from originator [application<dev.selfhost.firstActivationProbe>:57866] with description <RBSAssertionDescriptor| "Shared Background Assertion 0 for dev.selfhost.firstActivationProbe" ID:33-57866-7808 target:57866 attributes:[
Aug 28 14:08:52.757012 Runner(RunningBoardServices)[57866] <Info>: Acquiring assertion: <RBSAssertionDescriptor| "Shared Background Assertion 0 for dev.selfhost.firstActivationProbe" ID:(null) target:57866>
Aug 28 14:08:52.757057 Runner(RunningBoardServices)[57866] <Debug>: Adding assertion 33-57866-7808 to dictionary
Aug 28 14:08:52.757095 Runner(UIKitCore)[57866] <Notice>: <private>: Created new assertion <BKSProcessAssertion: 0x283455680>
Aug 28 14:08:52.757125 Runner(UIKitCore)[57866] <Notice>: Deactivation reason added: 5; deactivation reasons: 2048 -> 2080; animating application lifecycle event: 1
Aug 28 14:08:52.757148 Runner(CoreFoundation)[57866] <Debug>: found no value for key LogEventDeferring in CFPrefsSearchListSource<0x283954800> (Domain: com.apple.UIKit, Container: (null))
        <SBDeviceApplicationSceneEntity: 0x283e82170; ID: sceneID:dev.selfhost.firstActivationProbe-default; layoutRole: primary>
Aug 28 14:08:52.757259 SpringBoard(FrontBoard)[47602] <Info>: [sceneID:dev.selfhost.firstActivationProbe-default] Client settings updated with diff: <private>
Aug 28 14:08:52.757288 Runner(UIKitCore)[57866] <Notice>: [0x283c56220] Initialized with scene: <UIWindowScene: 0x153f16910>; behavior: <_UIEventDeferringBehavior_Default: 0x281740980>
Aug 28 14:08:52.757311 Runner(CoreFoundation)[57866] <Debug>: found no value for key LogKeyWindow in CFPrefsSearchListSource<0x283954800> (Domain: com.apple.UIKit, Container: (null))
Aug 28 14:08:52.757335 Runner(CoreFoundation)[57866] <Debug>: found no value for key FullKeyboardAccessEnabled in CFPrefsSearchListSource<0x283957580> (Domain: com.apple.Accessibility, Container: (null))
Aug 28 14:08:52.757355 Runner(libAccessibility.dylib)[57866] <Debug>: CF Read: domain = com.apple.Accessibility, preference = FullKeyboardAccessEnabled, appID = (null) result = (null) (-1 - empty, 0 - false, 1 - true)
Aug 28 14:08:52.757373 Runner(CoreFoundation)[57866] <Debug>: found no value for key FullKeyboardAccessEnabled in CFPrefsPlistSource<0x283950a00> (Domain: com.apple.Accessibility, User: kCFPreferencesCurrentUser, ByHost: No, Container: (null), Contents Need Refresh: No)
Aug 28 14:08:52.757391 SpringBoard(FrontBoard)[47602] <Info>: [sceneID:dev.selfhost.firstActivationProbe-default] Client settings updated with diff: <private>
        <SBDeviceApplicationSceneEntity: 0x283e82170; ID: sceneID:dev.selfhost.firstActivationProbe-default; layoutRole: primary>
Aug 28 14:08:52.757527 Runner(CoreFoundation)[57866] <Debug>: Resource lookup at <private>
Aug 28 14:08:52.757603 Runner(CoreFoundation)[57866] <Debug>: Resource lookup at <private>
	Result        : file:///private/var/containers/Bundle/Application/1EC21BA9-82AA-4B85-B2FC-10B206BC5C35/Runner.app/Base.lproj/Main.storyboardc/
Aug 28 14:08:52.757633 Runner(CoreFoundation)[57866] <Debug>: Resource lookup at <private>
	Result        : file:///private/var/containers/Bundle/Application/1EC21BA9-82AA-4B85-B2FC-10B206BC5C35/Runner.app/Base.lproj/Main.storyboardc/UIViewController-BYZ-38-t0r.nib
Aug 28 14:08:52.757656 Runner(RunningBoardServices)[57866] <Debug>: Received message from server: async_didChangeInheritances:completion:
Aug 28 14:08:52.757670 Runner(RunningBoardServices)[57866] <Info>: didChangeInheritances
Aug 28 14:08:52.757730 Runner(CoreFoundation)[57866] <Debug>: found no value for key UITraitCollectionInvalidationDebuggingModeEnabled in CFPrefsSearchListSource<0x283955d80> (Domain: dev.selfhost.firstActivationProbe, Container: (null))
Aug 28 14:08:52.757765 Runner(CoreFoundation)[57866] <Debug>: Resource lookup at <private>
Aug 28 14:08:52.757813 Runner(RunningBoardServices)[57866] <Info>: didChangeInheritances: <RBSInheritanceChangeSet| gained:{(
Aug 28 14:08:52.757862 Runner(CoreFoundation)[57866] <Debug>: Language lookup at <private>
Aug 28 14:08:52.757903 Runner(CoreFoundation)[57866] <Debug>: Resource lookup at <private>
	Result        : file:///var/containers/Bundle/Application/1EC21BA9-82AA-4B85-B2FC-10B206BC5C35/Runner.app/Frameworks/Flutter.framework/icudtl.dat
Aug 28 14:08:52.757936 Runner(Flutter)[57866] <Notice>: SANITY CHECK: Running precompiled code.
Aug 28 14:08:52.757969 Runner(CoreFoundation)[57866] <Debug>: Resource lookup at <private>
Aug 28 14:08:52.758005 Runner(CoreFoundation)[57866] <Debug>: Resource lookup at <private>
	Result        : file:///private/var/containers/Bundle/Application/1EC21BA9-82AA-4B85-B2FC-10B206BC5C35/Runner.app/Frameworks/App.framework/
Aug 28 14:08:52.758024 Runner(Flutter)[57866] <Notice>: Using App.framework from /private/var/containers/Bundle/Application/1EC21BA9-82AA-4B85-B2FC-10B206BC5C35/Runner.app/Frameworks/App.framework
Aug 28 14:08:52.758044 Runner(CoreFoundation)[57866] <Debug>: Language lookup at <private>
Aug 28 14:08:52.758065 Runner(CoreFoundation)[57866] <Debug>: Resource lookup at <private>
Aug 28 14:08:52.758153 SpringBoard(SplashBoard)[47602] <Info>: <XBApplicationSnapshot: 0x109ddf7d0; …2F3B89D0D3F1> [dev.selfhost.firstActivationProbe] not purging the cached image; force: 0; _imageAccessCount: 1; _keepImageAccessUntilExpiration: 0; _hasProtectedContent: 0; _keepImageAccessForPreheat: 0
Aug 28 14:08:52.758210 Runner(CoreFoundation)[57866] <Debug>: Resource lookup at <private>
Aug 28 14:08:52.758228 Runner(CoreFoundation)[57866] <Debug>: Resource lookup at <private>
	Result        : file:///var/containers/Bundle/Application/1EC21BA9-82AA-4B85-B2FC-10B206BC5C35/Runner.app/Frameworks/App.framework/flutter_assets/
Aug 28 14:08:52.758247 Runner(Flutter)[57866] <Notice>: ASSET PATH /var/containers/Bundle/Application/1EC21BA9-82AA-4B85-B2FC-10B206BC5C35/Runner.app/Frameworks/App.framework/flutter_assets
Aug 28 14:08:52.758265 Runner(CoreFoundation)[57866] <Debug>: Resource lookup at <private>
Aug 28 14:08:52.758283 Runner(CoreFoundation)[57866] <Debug>: Resource lookup at <private>
Aug 28 14:08:52.758301 Runner(Flutter)[57866] <Notice>: [INFO:flutter/shell/common/shorebird/shorebird.cc(112)] [shorebird] SetBaseSnapshot mappings: vm_data_size=5178 iso_data_size=556021 vm_insns_size=43584 iso_insns_size=1818768 total=2423551
Aug 28 14:08:52.758412 SpringBoard[47602] <Notice>: Application process state changed for dev.selfhost.firstActivationProbe: <SBApplicationProcessState: 0x281c24900; pid: 57866; taskState: Running; visibility: Foreground>
Aug 28 14:08:52.758649 SpringBoard[47602] <Info>: -[SBApplication _processWillLaunch:] dev.selfhost.firstActivationProbe
Aug 28 14:08:52.758698 SpringBoard[47602] <Notice>: Application process state changed for dev.selfhost.firstActivationProbe: <SBApplicationProcessState: 0x281c26500; pid: 57866; taskState: Running; visibility: Foreground>
Aug 28 14:08:52.758850 SpringBoard[47602] <Info>: -[SBApplication _processDidLaunch:] dev.selfhost.firstActivationProbe
Aug 28 14:08:52.758892 SpringBoard[47602] <Notice>: Application process state changed for dev.selfhost.firstActivationProbe: <SBApplicationProcessState: 0x281c27540; pid: 57866; taskState: Running; visibility: Foreground>
Aug 28 14:08:52.759126 SpringBoard(FrontBoard)[47602] <Info>: [sceneID:dev.selfhost.firstActivationProbe-default] didUpdateClientSettingsWithDiff: <private>
Aug 28 14:08:52.759145 SpringBoard(FrontBoard)[47602] <Debug>: [FBSceneManager] PENDING:   <BSEventQueueEvent: 0x281c24e80; handleDidUpdateClientSettings-sceneID:dev.selfhost.firstActivationProbe-default(1)> @ back
Aug 28 14:08:52.759166 SpringBoard(FrontBoard)[47602] <Debug>: [FBSceneManager] EXECUTING: <BSEventQueueEvent: 0x281c24e80; handleDidUpdateClientSettings-sceneID:dev.selfhost.firstActivationProbe-default(1)>
Aug 28 14:08:52.759230 SpringBoard(FrontBoard)[47602] <Debug>: [FBSceneManager] PENDING:   <BSEventQueueEvent: 0x281d1ef20; didUpdateClientSettings-sceneID:dev.selfhost.firstActivationProbe-default(1)> @ back
Aug 28 14:08:52.759249 SpringBoard(FrontBoard)[47602] <Debug>: [FBSceneManager] PENDING:   <BSEventQueueEvent: 0x281c25120; didUpdateClientSettingsCompletion-sceneID:dev.selfhost.firstActivationProbe-default(1)> @ back
Aug 28 14:08:52.759348 SpringBoard(FrontBoard)[47602] <Debug>: [FBSceneManager] EXECUTING: <BSEventQueueEvent: 0x281d1ef20; didUpdateClientSettings-sceneID:dev.selfhost.firstActivationProbe-default(1)>
Aug 28 14:08:52.759380 Runner(Flutter)[57866] <Notice>: [shorebird] Preparing next boot.
Aug 28 14:08:52.759406 Runner(Flutter)[57866] <Notice>: [shorebird] No public key configured; skipping signature verification
Aug 28 14:08:52.759425 Runner(Flutter)[57866] <Notice>: [shorebird] Prepared boot of patch 7.
Aug 28 14:08:52.759446 Runner(Flutter)[57866] <Notice>: [INFO:flutter/shell/common/shorebird/shorebird.cc(663)] Shorebird updater: active path: /private/var/mobile/Containers/Data/Application/18E6667F-E66B-4E74-92D9-B14869861554/Library/Application Support/shorebird/shorebird_updater/patches/7/dlc.vmcode
Aug 28 14:08:52.759463 Runner(Flutter)[57866] <Notice>: [INFO:flutter/shell/common/shorebird/shorebird.cc(686)] Shorebird updater: active patch is a Route B container
Aug 28 14:08:52.759480 Runner(Flutter)[57866] <Notice>: [INFO:flutter/shell/common/shorebird/shorebird.cc(762)] Starting Shorebird update
Aug 28 14:08:52.759500 SpringBoard(FrontBoard)[47602] <Debug>: [FBSceneManager] PENDING:   <BSEventQueueEvent: 0x281c240e0; didUpdateClientSettings-sceneID:dev.selfhost.firstActivationProbe-default(1)> @ front
Aug 28 14:08:52.759518 SpringBoard(FrontBoard)[47602] <Debug>: [FBSceneManager] EXECUTING: <BSEventQueueEvent: 0x281c240e0; didUpdateClientSettings-sceneID:dev.selfhost.firstActivationProbe-default(1)>
Aug 28 14:08:52.759899 SpringBoard(FrontBoard)[47602] <Debug>: [FBSceneManager] EXECUTING: <BSEventQueueEvent: 0x281c25120; didUpdateClientSettingsCompletion-sceneID:dev.selfhost.firstActivationProbe-default(1)>
Aug 28 14:08:52.760118 SpringBoard(FrontBoard)[47602] <Info>: [sceneID:dev.selfhost.firstActivationProbe-default] didUpdateClientSettingsWithDiff: <private>
Aug 28 14:08:52.760158 SpringBoard(FrontBoard)[47602] <Debug>: [FBSceneManager] PENDING:   <BSEventQueueEvent: 0x281c27a60; handleDidUpdateClientSettings-sceneID:dev.selfhost.firstActivationProbe-default(1)> @ back
Aug 28 14:08:52.760186 SpringBoard(FrontBoard)[47602] <Debug>: [FBSceneManager] EXECUTING: <BSEventQueueEvent: 0x281c27a60; handleDidUpdateClientSettings-sceneID:dev.selfhost.firstActivationProbe-default(1)>
Aug 28 14:08:52.760250 SpringBoard(FrontBoard)[47602] <Debug>: [FBSceneManager] PENDING:   <BSEventQueueEvent: 0x281c24a00; didUpdateClientSettings-sceneID:dev.selfhost.firstActivationProbe-default(1)> @ back
Aug 28 14:08:52.760287 cfprefsd(CoreFoundation)[91] <Debug>: Process 57866 (Runner) sent a request related to { com.apple.Metal, user: mobile, kCFPreferencesCurrentHost, /Library/Managed Preferences/mobile/com.apple.Metal.plist, managed: 1 } (0x10183db90)
Aug 28 14:08:52.760345 cfprefsd(CoreFoundation)[91] <Debug>: Process 57866 (Runner) sent a request related to { com.apple.Metal, user: kCFPreferencesAnyUser, kCFPreferencesCurrentHost, /Library/Managed Preferences/com.apple.Metal.plist, managed: 1 } (0x10183db90)
Aug 28 14:08:52.760392 cfprefsd(CoreFoundation)[91] <Debug>: Process 57866 (Runner) sent a request related to { com.apple.Metal, user: mobile, kCFPreferencesAnyHost, /var/mobile/Library/Preferences/com.apple.Metal.plist, managed: 0 } (0x10183db90)
Aug 28 14:08:52.760458 SpringBoard(FrontBoard)[47602] <Debug>: [FBSceneManager] PENDING:   <BSEventQueueEvent: 0x281c24580; didUpdateClientSettingsCompletion-sceneID:dev.selfhost.firstActivationProbe-default(1)> @ back
Aug 28 14:08:52.760551 SpringBoard(FrontBoard)[47602] <Debug>: [FBSceneManager] EXECUTING: <BSEventQueueEvent: 0x281c24a00; didUpdateClientSettings-sceneID:dev.selfhost.firstActivationProbe-default(1)>
Aug 28 14:08:52.760569 SpringBoard(FrontBoard)[47602] <Debug>: [FBSceneManager] PENDING:   <BSEventQueueEvent: 0x281c27a00; didUpdateClientSettings-sceneID:dev.selfhost.firstActivationProbe-default(1)> @ front
Aug 28 14:08:52.760587 Runner(CoreFoundation)[57866] <Debug>: Resource lookup at <private>
Aug 28 14:08:52.760605 Runner(CoreFoundation)[57866] <Debug>: setting new value <private> for key <private> in CFPrefsSource<0x280254980> (Domain: Volatile, User: , ByHost: No, Container: , Contents Need Refresh: No)
Aug 28 14:08:52.760674 Runner(CoreFoundation)[57866] <Debug>: looked up value <private> for key METAL_DEVICE_WRAPPER_TYPE in CFPrefsSource<0x280254980> (Domain: Volatile, User: , ByHost: No, Container: , Contents Need Refresh: No) via CFPrefsSearchListSource<0x283955d80> (Domain: dev.selfhost.firstActivationProbe, Container: (null))
Aug 28 14:08:52.760718 Runner(CoreFoundation)[57866] <Debug>: CFPrefsManagedSource<0x283951880> (Domain: com.apple.Metal, User: kCFPreferencesCurrentUser, ByHost: Yes, Container: (null), Contents Need Refresh: No) loaded: an empty base plist and no additional changes from the base plist
Aug 28 14:08:52.760747 Runner(CoreFoundation)[57866] <Debug>: CFPrefsManagedSource<0x283952980> (Domain: com.apple.Metal, User: kCFPreferencesAnyUser, ByHost: Yes, Container: (null), Contents Need Refresh: No) loaded: an empty base plist and no additional changes from the base plist
Aug 28 14:08:52.760765 Runner(CoreFoundation)[57866] <Debug>: CFPrefsPlistSource<0x283950380> (Domain: com.apple.Metal, User: kCFPreferencesCurrentUser, ByHost: No, Container: (null), Contents Need Refresh: No) loaded: an empty base plist and no additional changes from the base plist
Aug 28 14:08:52.760783 SpringBoard(FrontBoard)[47602] <Debug>: [FBSceneManager] EXECUTING: <BSEventQueueEvent: 0x281c27a00; didUpdateClientSettings-sceneID:dev.selfhost.firstActivationProbe-default(1)>
Aug 28 14:08:52.760892 SpringBoard(FrontBoard)[47602] <Debug>: [FBSceneManager] EXECUTING: <BSEventQueueEvent: 0x281c24580; didUpdateClientSettingsCompletion-sceneID:dev.selfhost.firstActivationProbe-default(1)>
Aug 28 14:08:52.761449 SpringBoard(FrontBoard)[47602] <Info>: Client intercepting scene update for scene: sceneID:dev.selfhost.firstActivationProbe-default
Aug 28 14:08:52.761467 SpringBoard(FrontBoard)[47602] <Debug>: START SCENE MUTATION ------- sceneID:dev.selfhost.firstActivationProbe-default
Aug 28 14:08:52.761485 SpringBoard(FrontBoard)[47602] <Debug>: [FBSceneManager] PENDING:   <BSEventQueueEvent: 0x281c541e0; sceneUpdatePrepared-sceneID:dev.selfhost.firstActivationProbe-default(2)> @ back
Aug 28 14:08:52.761503 SpringBoard(FrontBoard)[47602] <Debug>: [FBSceneManager] PENDING:   <BSEventQueueEvent: 0x281c77160; applySettings-sceneID:dev.selfhost.firstActivationProbe-default(2)> @ back
Aug 28 14:08:52.761528 SpringBoard(FrontBoard)[47602] <Debug>: Flushing all events for sceneID:dev.selfhost.firstActivationProbe-default
Aug 28 14:08:52.761546 SpringBoard(FrontBoard)[47602] <Debug>: [FBSceneManager] EXECUTING: <BSEventQueueEvent: 0x281c541e0; sceneUpdatePrepared-sceneID:dev.selfhost.firstActivationProbe-default(2)>
Aug 28 14:08:52.761564 SpringBoard(FrontBoard)[47602] <Debug>: [FBSceneManager] PENDING:   <BSEventQueueEvent: 0x281c7a400; sceneUpdatePrepared-sceneID:dev.selfhost.firstActivationProbe-default(2)> @ front
Aug 28 14:08:52.761600 SpringBoard(FrontBoard)[47602] <Debug>: [FBSceneManager] EXECUTING: <BSEventQueueEvent: 0x281c7a400; sceneUpdatePrepared-sceneID:dev.selfhost.firstActivationProbe-default(2)>
Aug 28 14:08:52.761635 SpringBoard(FrontBoard)[47602] <Debug>: [FBSceneManager] EXECUTING: <BSEventQueueEvent: 0x281c77160; applySettings-sceneID:dev.selfhost.firstActivationProbe-default(2)>
Aug 28 14:08:52.761653 SpringBoard(FrontBoard)[47602] <Debug>: [FBSceneManager] PENDING:   <BSEventQueueEvent: 0x281c7e120; sceneUpdateApplied-sceneID:dev.selfhost.firstActivationProbe-default(2)> @ back
Aug 28 14:08:52.761671 SpringBoard(FrontBoard)[47602] <Debug>: [FBSceneManager] PENDING:   <BSEventQueueEvent: 0x281c26960; sceneMutationCompletion-sceneID:dev.selfhost.firstActivationProbe-default(2)> @ back
Aug 28 14:08:52.761689 SpringBoard(FrontBoard)[47602] <Debug>: [FBSceneManager] EXECUTING: <BSEventQueueEvent: 0x281c7e120; sceneUpdateApplied-sceneID:dev.selfhost.firstActivationProbe-default(2)>
Aug 28 14:08:52.761707 SpringBoard(FrontBoard)[47602] <Debug>: [FBSceneManager] PENDING:   <BSEventQueueEvent: 0x281c24a00; sceneUpdateApplied-sceneID:dev.selfhost.firstActivationProbe-default(2)> @ front
Aug 28 14:08:52.761724 SpringBoard(FrontBoard)[47602] <Debug>: [FBSceneManager] EXECUTING: <BSEventQueueEvent: 0x281c24a00; sceneUpdateApplied-sceneID:dev.selfhost.firstActivationProbe-default(2)>
Aug 28 14:08:52.761743 SpringBoard(FrontBoard)[47602] <Info>: [sceneID:dev.selfhost.firstActivationProbe-default] Sending scene action [Forward Event][0x78f6] to process 0x114bd7b20 (watchdog: none)
Aug 28 14:08:52.761860 SpringBoard(FrontBoard)[47602] <Debug>: [FBSceneManager] EXECUTING: <BSEventQueueEvent: 0x281c26960; sceneMutationCompletion-sceneID:dev.selfhost.firstActivationProbe-default(2)>
Aug 28 14:08:52.761921 SpringBoard(FrontBoard)[47602] <Debug>: ---------- END SCENE MUTATION: sceneID:dev.selfhost.firstActivationProbe-default
Aug 28 14:08:52.762131 Runner(CoreFoundation)[57866] <Debug>: CFPrefsPlistSource<0x283953780> (Domain: com.apple.Metal, User: kCFPreferencesAnyUser, ByHost: Yes, Container: (null), Contents Need Refresh: No) loaded: an empty base plist and no additional changes from the base plist
Aug 28 14:08:52.762149 Runner(CoreFoundation)[57866] <Debug>: found no value for key UseMetalTelemetry in CFPrefsSearchListSource<0x283952a80> (Domain: com.apple.Metal, Container: (null))
Aug 28 14:08:52.762168 Runner(CoreFoundation)[57866] <Debug>: Resource lookup at <private>
Aug 28 14:08:52.762213 Runner(CoreFoundation)[57866] <Debug>: found no value for key MetalForceCaptureEnabled in CFPrefsSearchListSource<0x283955d80> (Domain: dev.selfhost.firstActivationProbe, Container: (null))
Aug 28 14:08:52.762247 Runner(CoreFoundation)[57866] <Debug>: found no value for key VertexInstanceBoundsCheckMode in CFPrefsSearchListSource<0x283952a80> (Domain: com.apple.Metal, Container: (null))
Aug 28 14:08:52.762274 Runner(CoreFoundation)[57866] <Debug>: found no value for key DisableDriverSuballocation in CFPrefsSearchListSource<0x283952a80> (Domain: com.apple.Metal, Container: (null))
            SceneID: sceneID:dev.selfhost.firstActivationProbe-default
Aug 28 14:08:52.763068 Runner(CoreFoundation)[57866] <Debug>: found no value for key CPUMappingForPrivateTexturesMode in CFPrefsSearchListSource<0x283952a80> (Domain: com.apple.Metal, Container: (null))
Aug 28 14:08:52.763087 Runner(CoreFoundation)[57866] <Debug>: found no value for key IOSurfaceCompressedWriteValidation in CFPrefsSearchListSource<0x283952a80> (Domain: com.apple.Metal, Container: (null))
Aug 28 14:08:52.763107 Runner(CoreFoundation)[57866] <Debug>: Language lookup at <private>
Aug 28 14:08:52.763125 Runner(CoreFoundation)[57866] <Debug>: Resource lookup at <private>
Aug 28 14:08:52.763144 Runner(CoreFoundation)[57866] <Debug>: Resource lookup at <private>
Aug 28 14:08:52.763162 Runner(CoreFoundation)[57866] <Debug>: Resource lookup at <private>
Aug 28 14:08:52.763329 Runner(CoreFoundation)[57866] <Debug>: Resource lookup at <private>
Aug 28 14:08:52.763347 Runner(CoreFoundation)[57866] <Debug>: Resource lookup at <private>
Aug 28 14:08:52.763365 Runner(CoreFoundation)[57866] <Debug>: Resource lookup at <private>
Aug 28 14:08:52.763383 Runner(CoreFoundation)[57866] <Debug>: Resource lookup at <private>
Aug 28 14:08:52.763404 Runner(CoreFoundation)[57866] <Debug>: Resource lookup at <private>
Aug 28 14:08:52.763422 Runner(CoreFoundation)[57866] <Debug>: Resource lookup at <private>
Aug 28 14:08:52.763439 Runner(CoreFoundation)[57866] <Debug>: Resource lookup at <private>
Aug 28 14:08:52.763456 Runner(CoreFoundation)[57866] <Debug>: Resource lookup at <private>
Aug 28 14:08:52.763474 Runner(CoreFoundation)[57866] <Debug>: Resource lookup at <private>
Aug 28 14:08:52.763521 Runner(CoreFoundation)[57866] <Debug>: Resource lookup at <private>
Aug 28 14:08:52.763896 kernel(Sandbox)[0] <Notice>: /private/var/containers/Bundle/Application/1EC21BA9-82AA-4B85-B2FC-10B206BC5C35/Runner.app/Runner[57866] ==> container
Aug 28 14:08:52.763962 kernel(Sandbox)[0] <Error>: Sandbox: Runner(57866) deny(2) file-test-existence /private/etc/.mdns_debug
Aug 28 14:08:52.764154 kernel(Sandbox)[0] <Error>: Sandbox: Runner(57866) deny(1) sysctl-read kern.iossupportversion
Aug 28 14:08:52.764239 SpringBoard(RunningBoardServices)[47602] <Info>: Update delivered for [application<dev.selfhost.firstActivationProbe>:57866] with taskState 4
Aug 28 14:08:52.764405 SpringBoard(RunningBoardServices)[47602] <Info>: Update delivered for [application<dev.selfhost.firstActivationProbe>:57866] with taskState 4
Aug 28 14:08:52.764467 runningboardd(RunningBoard)[33] <Notice>: Assertion 33-57866-7808 (target:[application<dev.selfhost.firstActivationProbe>:57866]) will be created as inactive as start-time-defining assertions exist
Aug 28 14:08:52.764542 runningboardd(RunningBoard)[33] <Debug>: Incrementing suppression state to 2 for application<dev.selfhost.firstActivationProbe>
Aug 28 14:08:52.764765 runningboardd(RunningBoard)[33] <Debug>: Adding assertion 33-47602-7807 (target:[application<dev.selfhost.firstActivationProbe>:57866])
Aug 28 14:08:52.764819 runningboardd(RunningBoard)[33] <Info>: application<dev.selfhost.firstActivationProbe> is now targeted by 3 assertions
Aug 28 14:08:52.764837 runningboardd(RunningBoard)[33] <Notice>: Successfully acquired underlying assertion for [application<dev.selfhost.firstActivationProbe>:57866]
Aug 28 14:08:52.764855 runningboardd(RunningBoard)[33] <Debug>: Updating events for assertion: 33-47602-7805 (target:application<dev.selfhost.firstActivationProbe>)
Aug 28 14:08:52.764873 runningboardd(RunningBoard)[33] <Debug>: Removing events for context: 33-47602-7805 (target:application<dev.selfhost.firstActivationProbe>)
Aug 28 14:08:52.764890 runningboardd(RunningBoard)[33] <Debug>: Enqueueing events for assertion: 33-47602-7805 (target:application<dev.selfhost.firstActivationProbe>)
Aug 28 14:08:52.764935 runningboardd(RunningBoard)[33] <Info>: Finished acquiring assertion 33-47602-7807 (target:[application<dev.selfhost.firstActivationProbe>:57866])
Aug 28 14:08:52.764972 runningboardd(RunningBoard)[33] <Debug>: Adding assertion 33-57866-7808 (target:[application<dev.selfhost.firstActivationProbe>:57866])
Aug 28 14:08:52.765017 runningboardd(RunningBoard)[33] <Debug>: Sending state 0x1010f36f0 for application<dev.selfhost.firstActivationProbe> to [daemon<com.apple.mediaserverd>:36]
Aug 28 14:08:52.765063 runningboardd(RunningBoard)[33] <Info>: [application<dev.selfhost.firstActivationProbe>:57866] Disabled CPU monitoring
Aug 28 14:08:52.765081 runningboardd(RunningBoard)[33] <Info>: [application<dev.selfhost.firstActivationProbe>:57866] Reset CPU monitoring limits to defaults
Aug 28 14:08:52.765099 runningboardd(RunningBoard)[33] <Info>: [application<dev.selfhost.firstActivationProbe>:57866] Resumed CPU monitoring
Aug 28 14:08:52.765364 mediaserverd(RunningBoardServices)[36] <Notice>: Hit the server for a process handle ea441ee0000e20a that resolved to: [application<dev.selfhost.firstActivationProbe>:57866]
Aug 28 14:08:52.765536 runningboardd(RunningBoard)[33] <Debug>: Sending state 0x1010f36f0 for application<dev.selfhost.firstActivationProbe> to [daemon<com.apple.symptomsd>:170]
Aug 28 14:08:52.765578 runningboardd(RunningBoard)[33] <Info>: [application<dev.selfhost.firstActivationProbe>:57866] Applying updated state
Aug 28 14:08:52.766324 runningboardd(RunningBoard)[33] <Info>: application<dev.selfhost.firstActivationProbe> is now targeted by 4 assertions
Aug 28 14:08:52.766485 runningboardd(RunningBoard)[33] <Notice>: [application<dev.selfhost.firstActivationProbe>:57866] reported to RB as running
Aug 28 14:08:52.766545 runningboardd(RunningBoard)[33] <Debug>: Decrementing suppression state to 1 for application<dev.selfhost.firstActivationProbe>
Aug 28 14:08:52.766602 runningboardd(RunningBoard)[33] <Info>: Finished acquiring assertion 33-57866-7808 (target:[application<dev.selfhost.firstActivationProbe>:57866])
Aug 28 14:08:52.766722 runningboardd(RunningBoard)[33] <Debug>: Updating events for assertion: 33-33-7806 (target:[application<dev.selfhost.firstActivationProbe>:57866])
Aug 28 14:08:52.766781 runningboardd(RunningBoard)[33] <Debug>: Removing events for context: 33-33-7806 (target:[application<dev.selfhost.firstActivationProbe>:57866])
Aug 28 14:08:52.766841 runningboardd(RunningBoard)[33] <Debug>: Enqueueing events for assertion: 33-33-7806 (target:[application<dev.selfhost.firstActivationProbe>:57866])
Aug 28 14:08:52.766901 runningboardd(RunningBoard)[33] <Debug>: Updating events for assertion: 33-47602-7807 (target:[application<dev.selfhost.firstActivationProbe>:57866])
Aug 28 14:08:52.767026 Runner(CoreFoundation)[57866] <Debug>: Resource lookup at <private>
Aug 28 14:08:52.767320 Runner(CoreFoundation)[57866] <Debug>: Resource lookup at <private>
Aug 28 14:08:52.767338 Runner(CoreFoundation)[57866] <Debug>: Resource lookup at <private>
Aug 28 14:08:52.767357 Runner(CoreFoundation)[57866] <Debug>: found no value for key UIViewLayoutFeedbackLoopDebuggingThreshold in CFPrefsSearchListSource<0x283955d80> (Domain: dev.selfhost.firstActivationProbe, Container: (null))
Aug 28 14:08:52.767376 Runner(CoreFoundation)[57866] <Debug>: found no value for key UIViewUseStaleDelegateContentInsets in CFPrefsSearchListSource<0x283955d80> (Domain: dev.selfhost.firstActivationProbe, Container: (null))
Aug 28 14:08:52.767395 Runner(CoreFoundation)[57866] <Debug>: found no value for key _UIConstraintBasedLayoutEngageNonLazily in CFPrefsSearchListSource<0x283955d80> (Domain: dev.selfhost.firstActivationProbe, Container: (null))
Aug 28 14:08:52.767413 Runner(CoreFoundation)[57866] <Debug>: Resource lookup at <private>
Aug 28 14:08:52.767432 Runner(CoreFoundation)[57866] <Debug>: Resource lookup at <private>
Aug 28 14:08:52.767460 Runner(CoreFoundation)[57866] <Debug>: setting new value <private> for key <private> in CFPrefsSource<0x280254980> (Domain: Volatile, User: , ByHost: No, Container: , Contents Need Refresh: No)
Aug 28 14:08:52.767479 Runner(CoreFoundation)[57866] <Debug>: looked up value <private> for key METAL_ERROR_MODE in CFPrefsSource<0x280254980> (Domain: Volatile, User: , ByHost: No, Container: , Contents Need Refresh: No) via CFPrefsSearchListSource<0x283955d80> (Domain: dev.selfhost.firstActivationProbe, Container: (null))
Aug 28 14:08:52.767498 Runner(CoreFoundation)[57866] <Debug>: setting new value <private> for key <private> in CFPrefsSource<0x280254980> (Domain: Volatile, User: , ByHost: No, Container: , Contents Need Refresh: No)
Aug 28 14:08:52.767517 Runner(CoreFoundation)[57866] <Debug>: looked up value <private> for key METAL_DEBUG_ERROR_MODE in CFPrefsSource<0x280254980> (Domain: Volatile, User: , ByHost: No, Container: , Contents Need Refresh: No) via CFPrefsSearchListSource<0x283955d80> (Domain: dev.selfhost.firstActivationProbe, Container: (null))
Aug 28 14:08:52.767538 kernel(Sandbox)[0] <Error>: Sandbox: Runner(57866) deny(1) sysctl-read machdep.cpu.brand_string
Aug 28 14:08:52.767565 Runner(CoreFoundation)[57866] <Debug>: setting new value <private> for key <private> in CFPrefsSource<0x280254980> (Domain: Volatile, User: , ByHost: No, Container: , Contents Need Refresh: No)
Aug 28 14:08:52.767786 Runner(CoreFoundation)[57866] <Debug>: looked up value <private> for key METAL_WARNING_MODE in CFPrefsSource<0x280254980> (Domain: Volatile, User: , ByHost: No, Container: , Contents Need Refresh: No) via CFPrefsSearchListSource<0x283955d80> (Domain: dev.selfhost.firstActivationProbe, Container: (null))
Aug 28 14:08:52.767805 Runner(CoreFoundation)[57866] <Debug>: setting new value <private> for key <private> in CFPrefsSource<0x280254980> (Domain: Volatile, User: , ByHost: No, Container: , Contents Need Refresh: No)
Aug 28 14:08:52.767824 Runner(CoreFoundation)[57866] <Debug>: looked up value <private> for key METAL_ERROR_CHECK_EXTENDED_MODE in CFPrefsSource<0x280254980> (Domain: Volatile, User: , ByHost: No, Container: , Contents Need Refresh: No) via CFPrefsSearchListSource<0x283955d80> (Domain: dev.selfhost.firstActivationProbe, Container: (null))
Aug 28 14:08:52.767975 Runner(CoreFoundation)[57866] <Debug>: found no value for key dataBufferCachingOverride in CFPrefsSearchListSource<0x283952a80> (Domain: com.apple.Metal, Container: (null))
Aug 28 14:08:52.767994 Runner(CoreFoundation)[57866] <Debug>: found no value for key disableBlitEncoderCoalescing in CFPrefsPlistSource<0x283950380> (Domain: com.apple.Metal, User: kCFPreferencesCurrentUser, ByHost: No, Container: (null), Contents Need Refresh: No)
Aug 28 14:08:52.768012 Runner(CoreFoundation)[57866] <Debug>: found no value for key disableEncoderCoalescing in CFPrefsPlistSource<0x283950380> (Domain: com.apple.Metal, User: kCFPreferencesCurrentUser, ByHost: No, Container: (null), Contents Need Refresh: No)
Aug 28 14:08:52.768052 Runner(Flutter)[57866] <Notice>: [shorebird] Sending patch check request: PatchCheckRequest { app_id: "235a9d93-ef97-6372-d78a-ce88f798a726", channel: "stable", release_version: "1.3.0+1", platform: "ios", arch: "aarch64", client_id: "eb65ad4b-0c7a-4c80-8d71-7e98c91af47a", current_patch_number: Some(7) }
Aug 28 14:08:52.768073 Runner(CoreFoundation)[57866] <Debug>: Resource lookup at <private>
Aug 28 14:08:52.768091 Runner(CoreFoundation)[57866] <Debug>: Resource lookup at <private>
Aug 28 14:08:52.768169 Runner(CoreFoundation)[57866] <Debug>: looked up value <private> for key AppleLanguages in CFPrefsPlistSource<0x283954a80> (Domain: kCFPreferencesAnyApplication, User: kCFPreferencesCurrentUser, ByHost: No, Container: (null), Contents Need Refresh: No) via CFPrefsSearchListSource<0x283955d80> (Domain: dev.selfhost.firstActivationProbe, Container: (null))
Aug 28 14:08:52.768217 Runner(CoreFoundation)[57866] <Debug>: Resource lookup at <private>
Aug 28 14:08:52.768242 Runner(CoreFoundation)[57866] <Debug>: Resource lookup at <private>
Aug 28 14:08:52.768281 Runner(CoreFoundation)[57866] <Debug>: Resource lookup at <private>
Aug 28 14:08:52.768308 Runner(CoreFoundation)[57866] <Debug>: Resource lookup at <private>
Aug 28 14:08:52.768328 Runner(CoreFoundation)[57866] <Debug>: Resource lookup at <private>
Aug 28 14:08:52.768356 Runner(CoreFoundation)[57866] <Debug>: Resource lookup at <private>
Aug 28 14:08:52.768400 Runner(CoreFoundation)[57866] <Debug>: Resource lookup at <private>
	Result        : file:///private/var/containers/Bundle/Application/1EC21BA9-82AA-4B85-B2FC-10B206BC5C35/Runner.app/Base.lproj/LaunchScreen.storyboardc/
Aug 28 14:08:52.768420 Runner(CoreFoundation)[57866] <Debug>: Resource lookup at <private>
	Result        : file:///private/var/containers/Bundle/Application/1EC21BA9-82AA-4B85-B2FC-10B206BC5C35/Runner.app/Base.lproj/LaunchScreen.storyboardc/
Aug 28 14:08:52.768439 Runner(CoreFoundation)[57866] <Debug>: Resource lookup at <private>
	Result        : file:///private/var/containers/Bundle/Application/1EC21BA9-82AA-4B85-B2FC-10B206BC5C35/Runner.app/Base.lproj/LaunchScreen.storyboardc/UIViewController-01J-lp-oVM.nib
Aug 28 14:08:52.768460 runningboardd(RunningBoard)[33] <Debug>: Removing events for context: 33-47602-7807 (target:[application<dev.selfhost.firstActivationProbe>:57866])
Aug 28 14:08:52.768480 runningboardd(RunningBoard)[33] <Debug>: Updating events for assertion: 33-57866-7808 (target:[application<dev.selfhost.firstActivationProbe>:57866])
Aug 28 14:08:52.768499 runningboardd(RunningBoard)[33] <Debug>: Removing events for context: 33-57866-7808 (target:[application<dev.selfhost.firstActivationProbe>:57866])
Aug 28 14:08:52.768556 runningboardd(RunningBoard)[33] <Debug>: [daemon<com.apple.CommCenter>:90] query resolved to [application<dev.selfhost.firstActivationProbe>:57866]
Aug 28 14:08:52.768575 Runner(CoreFoundation)[57866] <Debug>: Resource lookup at <private>
	Result        : file:///private/var/containers/Bundle/Application/1EC21BA9-82AA-4B85-B2FC-10B206BC5C35/Runner.app/Base.lproj/LaunchScreen.storyboardc/01J-lp-oVM-view-Ze5-6b-2t3.nib
Aug 28 14:08:52.768594 Runner(CoreFoundation)[57866] <Debug>: Resource lookup at <private>
	Result        : file:///private/var/containers/Bundle/Application/1EC21BA9-82AA-4B85-B2FC-10B206BC5C35/Runner.app/Base.lproj/LaunchScreen.storyboardc/
Aug 28 14:08:52.768613 Runner(CoreFoundation)[57866] <Debug>: Resource lookup at <private>
	Result        : file:///private/var/containers/Bundle/Application/1EC21BA9-82AA-4B85-B2FC-10B206BC5C35/Runner.app/Base.lproj/LaunchScreen.storyboardc/01J-lp-oVM-view-Ze5-6b-2t3.nib
Aug 28 14:08:52.768631 Runner(CoreFoundation)[57866] <Debug>: found no value for key _UIConstraintBasedLayout in CFPrefsSearchListSource<0x283955d80> (Domain: dev.selfhost.firstActivationProbe, Container: (null))
Aug 28 14:08:52.768650 Runner(CoreFoundation)[57866] <Debug>: Resource lookup at <private>
	Result        : file:///private/var/containers/Bundle/Application/1EC21BA9-82AA-4B85-B2FC-10B206BC5C35/Runner.app/Assets.car
Aug 28 14:08:52.768668 Runner(CoreFoundation)[57866] <Debug>: found no value for key CUIShowDebugLogs in CFPrefsSearchListSource<0x283955d80> (Domain: dev.selfhost.firstActivationProbe, Container: (null))
Aug 28 14:08:52.768850 Runner(CoreFoundation)[57866] <Debug>: found no value for key CGAllowDebuggingDefaults in CFPrefsPlistSource<0x283954a80> (Domain: kCFPreferencesAnyApplication, User: kCFPreferencesCurrentUser, ByHost: No, Container: (null), Contents Need Refresh: No)
Aug 28 14:08:52.768878 Runner(CoreFoundation)[57866] <Debug>: found no value for key NSConstraintBasedLayoutTrackAllocation in CFPrefsSearchListSource<0x283955d80> (Domain: dev.selfhost.firstActivationProbe, Container: (null))
Aug 28 14:08:52.768959 Runner(CoreFoundation)[57866] <Debug>: found no value for key UIViewShowAlignmentRects in CFPrefsSearchListSource<0x283955d80> (Domain: dev.selfhost.firstActivationProbe, Container: (null))
Aug 28 14:08:52.769021 Runner(CoreFoundation)[57866] <Debug>: found no value for key NSConstraintBasedLayoutAriadneTracepoints in CFPrefsSearchListSource<0x283955d80> (Domain: dev.selfhost.firstActivationProbe, Container: (null))
Aug 28 14:08:52.769059 Runner(CoreFoundation)[57866] <Debug>: Resource lookup at <private>
Aug 28 14:08:52.769103 Runner(CoreFoundation)[57866] <Debug>: found no value for key ReduceMotionEnabled in CFPrefsSearchListSource<0x283957580> (Domain: com.apple.Accessibility, Container: (null))
Aug 28 14:08:52.769157 Runner(libAccessibility.dylib)[57866] <Debug>: CF Read: domain = com.apple.Accessibility, preference = ReduceMotionEnabled, appID = (null) result = (null) (-1 - empty, 0 - false, 1 - true)
Aug 28 14:08:52.769196 Runner(CoreFoundation)[57866] <Debug>: found no value for key ReduceMotionEnabled in CFPrefsPlistSource<0x283950a00> (Domain: com.apple.Accessibility, User: kCFPreferencesCurrentUser, ByHost: No, Container: (null), Contents Need Refresh: No)
Aug 28 14:08:52.769255 SpringBoard(FrontBoard)[47602] <Info>: [sceneID:dev.selfhost.firstActivationProbe-default] Client settings updated with diff: <private>
Aug 28 14:08:52.769318 SpringBoard(FrontBoard)[47602] <Info>: [sceneID:dev.selfhost.firstActivationProbe-default] didUpdateClientSettingsWithDiff: <private>
Aug 28 14:08:52.769367 SpringBoard(FrontBoard)[47602] <Debug>: [FBSceneManager] PENDING:   <BSEventQueueEvent: 0x281d1ef20; handleDidUpdateClientSettings-sceneID:dev.selfhost.firstActivationProbe-default(2)> @ back
Aug 28 14:08:52.769397 SpringBoard(FrontBoard)[47602] <Debug>: [FBSceneManager] EXECUTING: <BSEventQueueEvent: 0x281d1ef20; handleDidUpdateClientSettings-sceneID:dev.selfhost.firstActivationProbe-default(2)>
Aug 28 14:08:52.769480 SpringBoard(FrontBoard)[47602] <Debug>: [FBSceneManager] PENDING:   <BSEventQueueEvent: 0x281d39000; didUpdateClientSettings-sceneID:dev.selfhost.firstActivationProbe-default(2)> @ back
Aug 28 14:08:52.769525 SpringBoard(FrontBoard)[47602] <Debug>: [FBSceneManager] PENDING:   <BSEventQueueEvent: 0x281d0dda0; didUpdateClientSettingsCompletion-sceneID:dev.selfhost.firstActivationProbe-default(2)> @ back
Aug 28 14:08:52.769669 SpringBoard(FrontBoard)[47602] <Debug>: [FBSceneManager] EXECUTING: <BSEventQueueEvent: 0x281d39000; didUpdateClientSettings-sceneID:dev.selfhost.firstActivationProbe-default(2)>
Aug 28 14:08:52.769724 SpringBoard(FrontBoard)[47602] <Debug>: [FBSceneManager] PENDING:   <BSEventQueueEvent: 0x281c27560; didUpdateClientSettings-sceneID:dev.selfhost.firstActivationProbe-default(2)> @ front
Aug 28 14:08:52.769763 SpringBoard(FrontBoard)[47602] <Debug>: [FBSceneManager] EXECUTING: <BSEventQueueEvent: 0x281c27560; didUpdateClientSettings-sceneID:dev.selfhost.firstActivationProbe-default(2)>
Aug 28 14:08:52.769840 SpringBoard(FrontBoard)[47602] <Debug>: [FBSceneManager] EXECUTING: <BSEventQueueEvent: 0x281d0dda0; didUpdateClientSettingsCompletion-sceneID:dev.selfhost.firstActivationProbe-default(2)>
Aug 28 14:08:52.769957 SpringBoard(FrontBoard)[47602] <Info>: [sceneID:dev.selfhost.firstActivationProbe-default] Client settings updated with diff: <private>
Aug 28 14:08:52.769997 SpringBoard(FrontBoard)[47602] <Info>: [sceneID:dev.selfhost.firstActivationProbe-default] didUpdateClientSettingsWithDiff: <private>
Aug 28 14:08:52.770019 SpringBoard(FrontBoard)[47602] <Debug>: [FBSceneManager] PENDING:   <BSEventQueueEvent: 0x281c25180; handleDidUpdateClientSettings-sceneID:dev.selfhost.firstActivationProbe-default(2)> @ back
Aug 28 14:08:52.770038 SpringBoard(FrontBoard)[47602] <Debug>: [FBSceneManager] EXECUTING: <BSEventQueueEvent: 0x281c25180; handleDidUpdateClientSettings-sceneID:dev.selfhost.firstActivationProbe-default(2)>
Aug 28 14:08:52.770137 SpringBoard(FrontBoard)[47602] <Debug>: [FBSceneManager] PENDING:   <BSEventQueueEvent: 0x281c24680; didUpdateClientSettings-sceneID:dev.selfhost.firstActivationProbe-default(2)> @ back
Aug 28 14:08:52.770156 SpringBoard(FrontBoard)[47602] <Debug>: [FBSceneManager] PENDING:   <BSEventQueueEvent: 0x281c24580; didUpdateClientSettingsCompletion-sceneID:dev.selfhost.firstActivationProbe-default(2)> @ back
Aug 28 14:08:52.770249 SpringBoard(FrontBoard)[47602] <Debug>: [FBSceneManager] EXECUTING: <BSEventQueueEvent: 0x281c24680; didUpdateClientSettings-sceneID:dev.selfhost.firstActivationProbe-default(2)>
Aug 28 14:08:52.770268 SpringBoard(FrontBoard)[47602] <Debug>: [FBSceneManager] PENDING:   <BSEventQueueEvent: 0x281c27220; didUpdateClientSettings-sceneID:dev.selfhost.firstActivationProbe-default(2)> @ front
Aug 28 14:08:52.770285 SpringBoard(FrontBoard)[47602] <Debug>: [FBSceneManager] EXECUTING: <BSEventQueueEvent: 0x281c27220; didUpdateClientSettings-sceneID:dev.selfhost.firstActivationProbe-default(2)>
Aug 28 14:08:52.770321 Runner(CoreFoundation)[57866] <Debug>: Resource lookup at <private>
Aug 28 14:08:52.770339 Runner(CoreFoundation)[57866] <Debug>: Resource lookup at <private>
Aug 28 14:08:52.770358 Runner(CoreFoundation)[57866] <Debug>: Resource lookup at <private>
Aug 28 14:08:52.770376 Runner(CoreFoundation)[57866] <Debug>: Resource lookup at <private>
Aug 28 14:08:52.770394 Runner(CoreFoundation)[57866] <Debug>: found no value for key UIScrollViewForceConvertSafeAreaToContentInsetPreference in CFPrefsSearchListSource<0x283955d80> (Domain: dev.selfhost.firstActivationProbe, Container: (null))
Aug 28 14:08:52.770413 Runner(CoreFoundation)[57866] <Debug>: found no value for key UIBarsApplyChromelessEverywhere in CFPrefsSearchListSource<0x283955d80> (Domain: dev.selfhost.firstActivationProbe, Container: (null))
Aug 28 14:08:52.770458 SpringBoard(FrontBoard)[47602] <Debug>: [FBSceneManager] EXECUTING: <BSEventQueueEvent: 0x281c24580; didUpdateClientSettingsCompletion-sceneID:dev.selfhost.firstActivationProbe-default(2)>
Aug 28 14:08:52.770795 runningboardd(RunningBoard)[33] <Debug>: Decrementing suppression state to 0 for application<dev.selfhost.firstActivationProbe>
Aug 28 14:08:52.770918 SpringBoard(RunningBoardServices)[47602] <Info>: Update delivered for [application<dev.selfhost.firstActivationProbe>:57866] with taskState 4
Aug 28 14:08:52.771978 mediaserverd(RunningBoardServices)[36] <Info>: Update delivered for [application<dev.selfhost.firstActivationProbe>:57866] with taskState 4
Aug 28 14:08:52.772078 mediaserverd(MediaExperience)[36] <Notice>: -CMSessionMgr- CMSessionMgrHandleApplicationStateChange: Client dev.selfhost.firstActivationProbe with pid '57866' is now Foreground Running. Background entitlement: NO ActiveLongFormVideoSession: NO WhitelistedLongFormVideoApp NO
Aug 28 14:08:52.772126 mediaserverd(MediaExperience)[36] <Notice>: -CMSessionMgr- CMSessionMgrHandleApplicationStateChange: Sending EndInterruption to dev.selfhost.firstActivationProbe with pid '57866' because client moved to ForegroundRunning and is not allowed to play in the background
Aug 28 14:08:52.772174 mediaserverd(RunningBoardServices)[36] <Info>: Update delivered for [application<dev.selfhost.firstActivationProbe>:57866] with taskState 4
Aug 28 14:08:52.777979 Runner(CoreFoundation)[57866] <Debug>: looked up value <private> for key AppleLanguages in CFPrefsPlistSource<0x283954a80> (Domain: kCFPreferencesAnyApplication, User: kCFPreferencesCurrentUser, ByHost: No, Container: (null), Contents Need Refresh: No) via CFPrefsSearchListSource<0x283955d80> (Domain: dev.selfhost.firstActivationProbe, Container: (null))
Aug 28 14:08:52.778020 Runner(Flutter)[57866] <Notice>: [ERROR:flutter/shell/common/shorebird/shorebird.cc(210)] ROUTEB: hook entered
Aug 28 14:08:52.778042 Runner(Flutter)[57866] <Notice>: [ERROR:flutter/shell/common/shorebird/shorebird.cc(210)] ROUTEB: parsed, targets=1, built-for=1db897c72e9c358db599a2d62fbb2a68
Aug 28 14:08:52.778076 Runner(Flutter)[57866] <Notice>: [ERROR:flutter/shell/common/shorebird/shorebird.cc(210)] ROUTEB: running=1db897c72e9c358db599a2d62fbb2a68
Aug 28 14:08:52.778102 Runner(Flutter)[57866] <Notice>: [ERROR:flutter/shell/common/shorebird/shorebird.cc(210)] ROUTEB: assert-pool-offset supplied=0xd4a8
Aug 28 14:08:52.778132 Runner(Flutter)[57866] <Notice>: ROUTEB: activated activationState in package:first_activation_probe/main.dart before main
Aug 28 14:08:52.779480 SpringBoard(SpringBoardServices)[47602] <Debug>: [SBMig] Runner:57866 calling _SBXXDeactivateReachability (msgID 100052) --> implemented by SpringBoard.
Aug 28 14:08:52.779939 Runner(Flutter)[57866] <Notice>: [ERROR:flutter/shell/common/shorebird/shorebird.cc(210)] ROUTEB: applied 1/1 targets, entering main
Aug 28 14:08:52.779998 Runner(CoreFoundation)[57866] <Debug>: found no value for key UseSingleSystemColor in CFPrefsSearchListSource<0x283957580> (Domain: com.apple.Accessibility, Container: (null))
Aug 28 14:08:52.780026 Runner(libAccessibility.dylib)[57866] <Debug>: CF Read: domain = com.apple.Accessibility, preference = UseSingleSystemColor, appID = (null) result = (null) (-1 - empty, 0 - false, 1 - true)
Aug 28 14:08:52.780124 Runner(CoreFoundation)[57866] <Debug>: found no value for key UseSingleSystemColor in CFPrefsPlistSource<0x283950a00> (Domain: com.apple.Accessibility, User: kCFPreferencesCurrentUser, ByHost: No, Container: (null), Contents Need Refresh: No)
Aug 28 14:08:52.780205 Runner(CoreFoundation)[57866] <Debug>: found no value for key UIViewLocalizeOverrideLayoutEngine in CFPrefsSearchListSource<0x283955d80> (Domain: dev.selfhost.firstActivationProbe, Container: (null))
Aug 28 14:08:52.783793 Runner(CoreFoundation)[57866] <Debug>: found no value for key NSPreTigerAttributedStringHash in CFPrefsSearchListSource<0x283955d80> (Domain: dev.selfhost.firstActivationProbe, Container: (null))
Aug 28 14:08:52.783856 Runner(CoreFoundation)[57866] <Debug>: looked up value <private> for key AppleLanguages in CFPrefsPlistSource<0x283954a80> (Domain: kCFPreferencesAnyApplication, User: kCFPreferencesCurrentUser, ByHost: No, Container: (null), Contents Need Refresh: No) via CFPrefsSearchListSource<0x283955d80> (Domain: dev.selfhost.firstActivationProbe, Container: (null))
Aug 28 14:08:52.783925 Runner(CoreFoundation)[57866] <Debug>: looked up value <private> for key AppleLanguages in CFPrefsPlistSource<0x283954a80> (Domain: kCFPreferencesAnyApplication, User: kCFPreferencesCurrentUser, ByHost: No, Container: (null), Contents Need Refresh: No) via CFPrefsSearchListSource<0x283955d80> (Domain: dev.selfhost.firstActivationProbe, Container: (null))
Aug 28 14:08:52.783978 Runner(CoreFoundation)[57866] <Debug>: Resource lookup at <private>
Aug 28 14:08:52.784038 Runner(CoreFoundation)[57866] <Debug>: found no value for key NSConstraintBasedLayoutDebug in CFPrefsSearchListSource<0x283955d80> (Domain: dev.selfhost.firstActivationProbe, Container: (null))
Aug 28 14:08:52.784090 Runner(CoreFoundation)[57866] <Debug>: found no value for key NSConstraintBasedLayoutAllowUnoptimizedReads in CFPrefsSearchListSource<0x283955d80> (Domain: dev.selfhost.firstActivationProbe, Container: (null))
Aug 28 14:08:52.785114 Runner(CoreFoundation)[57866] <Debug>: found no value for key NSConstraintBasedLayoutDebugEngineConsistency in CFPrefsSearchListSource<0x283955d80> (Domain: dev.selfhost.firstActivationProbe, Container: (null))
Aug 28 14:08:52.785184 Runner(CoreFoundation)[57866] <Debug>: found no value for key NSConstraintBasedLayoutVariableChangeTransactions in CFPrefsSearchListSource<0x283955d80> (Domain: dev.selfhost.firstActivationProbe, Container: (null))
Aug 28 14:08:52.785238 Runner(CoreFoundation)[57866] <Debug>: found no value for key NSConstraintBasedLayoutDeferOptimization in CFPrefsSearchListSource<0x283955d80> (Domain: dev.selfhost.firstActivationProbe, Container: (null))
Aug 28 14:08:52.785280 Runner(CoreFoundation)[57866] <Debug>: found no value for key UIViewControllerDetachedInheritsContentOverlayInsetsFromSuperview in CFPrefsSearchListSource<0x283955d80> (Domain: dev.selfhost.firstActivationProbe, Container: (null))
Aug 28 14:08:52.785332 Runner(CoreFoundation)[57866] <Debug>: found no value for key ModernContentOverlayInsetsPropagation in CFPrefsSearchListSource<0x283955d80> (Domain: dev.selfhost.firstActivationProbe, Container: (null))
Aug 28 14:08:52.786208 SpringBoard(FrontBoard)[47602] <Info>: [sceneID:dev.selfhost.firstActivationProbe-default] Client settings updated with diff: <private>
Aug 28 14:08:52.786258 SpringBoard(FrontBoard)[47602] <Info>: [sceneID:dev.selfhost.firstActivationProbe-default] didUpdateClientSettingsWithDiff: <private>
Aug 28 14:08:52.786295 SpringBoard(FrontBoard)[47602] <Debug>: [FBSceneManager] PENDING:   <BSEventQueueEvent: 0x281c3f500; handleDidUpdateClientSettings-sceneID:dev.selfhost.firstActivationProbe-default(2)> @ back
Aug 28 14:08:52.786324 SpringBoard(FrontBoard)[47602] <Debug>: [FBSceneManager] EXECUTING: <BSEventQueueEvent: 0x281c3f500; handleDidUpdateClientSettings-sceneID:dev.selfhost.firstActivationProbe-default(2)>
Aug 28 14:08:52.786391 SpringBoard(FrontBoard)[47602] <Info>: [sceneID:dev.selfhost.firstActivationProbe-default] Client settings updated with diff: <private>
Aug 28 14:08:52.786434 SpringBoard(FrontBoard)[47602] <Info>: [sceneID:dev.selfhost.firstActivationProbe-default] Client settings updated with diff: <private>
Aug 28 14:08:52.786485 SpringBoard(FrontBoard)[47602] <Debug>: [FBSceneManager] PENDING:   <BSEventQueueEvent: 0x281dce8c0; didUpdateClientSettings-sceneID:dev.selfhost.firstActivationProbe-default(2)> @ back
Aug 28 14:08:52.786505 SpringBoard(FrontBoard)[47602] <Debug>: [FBSceneManager] PENDING:   <BSEventQueueEvent: 0x281dc5bc0; didUpdateClientSettingsCompletion-sceneID:dev.selfhost.firstActivationProbe-default(2)> @ back
Aug 28 14:08:52.786524 SpringBoard(FrontBoard)[47602] <Info>: [sceneID:dev.selfhost.firstActivationProbe-default] Client settings updated with diff: <private>
Aug 28 14:08:52.786657 SpringBoard(FrontBoard)[47602] <Debug>: [FBSceneManager] EXECUTING: <BSEventQueueEvent: 0x281dce8c0; didUpdateClientSettings-sceneID:dev.selfhost.firstActivationProbe-default(2)>
Aug 28 14:08:52.786696 SpringBoard(FrontBoard)[47602] <Debug>: [FBSceneManager] PENDING:   <BSEventQueueEvent: 0x281c3c380; didUpdateClientSettings-sceneID:dev.selfhost.firstActivationProbe-default(2)> @ front
Aug 28 14:08:52.786815 SpringBoard(FrontBoard)[47602] <Debug>: [FBSceneManager] EXECUTING: <BSEventQueueEvent: 0x281c3c380; didUpdateClientSettings-sceneID:dev.selfhost.firstActivationProbe-default(2)>
Aug 28 14:08:52.787656 SpringBoard(FrontBoard)[47602] <Debug>: [FBSceneManager] EXECUTING: <BSEventQueueEvent: 0x281dc5bc0; didUpdateClientSettingsCompletion-sceneID:dev.selfhost.firstActivationProbe-default(2)>
Aug 28 14:08:52.788145 SpringBoard(FrontBoard)[47602] <Info>: [sceneID:dev.selfhost.firstActivationProbe-default] didUpdateClientSettingsWithDiff: (null)
Aug 28 14:08:52.788366 SpringBoard(FrontBoard)[47602] <Debug>: [FBSceneManager] PENDING:   <BSEventQueueEvent: 0x281c3c8e0; handleDidUpdateClientSettings-sceneID:dev.selfhost.firstActivationProbe-default(2)> @ back
Aug 28 14:08:52.788471 SpringBoard(FrontBoard)[47602] <Debug>: [FBSceneManager] EXECUTING: <BSEventQueueEvent: 0x281c3c8e0; handleDidUpdateClientSettings-sceneID:dev.selfhost.firstActivationProbe-default(2)>
Aug 28 14:08:52.788694 SpringBoard(FrontBoard)[47602] <Debug>: [FBSceneManager] PENDING:   <BSEventQueueEvent: 0x281d484c0; didUpdateClientSettings-sceneID:dev.selfhost.firstActivationProbe-default(2)> @ back
Aug 28 14:08:52.788771 SpringBoard(FrontBoard)[47602] <Debug>: [FBSceneManager] PENDING:   <BSEventQueueEvent: 0x281d167a0; didUpdateClientSettingsCompletion-sceneID:dev.selfhost.firstActivationProbe-default(2)> @ back
Aug 28 14:08:52.789041 SpringBoard(FrontBoard)[47602] <Debug>: [FBSceneManager] EXECUTING: <BSEventQueueEvent: 0x281d484c0; didUpdateClientSettings-sceneID:dev.selfhost.firstActivationProbe-default(2)>
Aug 28 14:08:52.789208 SpringBoard(FrontBoard)[47602] <Debug>: [FBSceneManager] PENDING:   <BSEventQueueEvent: 0x281d483e0; didUpdateClientSettings-sceneID:dev.selfhost.firstActivationProbe-default(2)> @ front
Aug 28 14:08:52.789352 SpringBoard(FrontBoard)[47602] <Debug>: [FBSceneManager] EXECUTING: <BSEventQueueEvent: 0x281d483e0; didUpdateClientSettings-sceneID:dev.selfhost.firstActivationProbe-default(2)>
Aug 28 14:08:52.789547 SpringBoard(FrontBoard)[47602] <Debug>: [FBSceneManager] EXECUTING: <BSEventQueueEvent: 0x281d167a0; didUpdateClientSettingsCompletion-sceneID:dev.selfhost.firstActivationProbe-default(2)>
Aug 28 14:08:52.789823 SpringBoard(FrontBoard)[47602] <Info>: [sceneID:dev.selfhost.firstActivationProbe-default] didUpdateClientSettingsWithDiff: <private>
Aug 28 14:08:52.789922 SpringBoard(FrontBoard)[47602] <Debug>: [FBSceneManager] PENDING:   <BSEventQueueEvent: 0x281d64300; handleDidUpdateClientSettings-sceneID:dev.selfhost.firstActivationProbe-default(2)> @ back
Aug 28 14:08:52.789992 backboardd(BackBoardHIDEventFoundation)[65] <Notice>: new deferring rules for pid:57866: [<environment: keyboardFocus; display: builtin; token: com.apple.frontboard.systemappservices::sceneID%3Adev.selfhost.firstActivationProbe-default> -> <pid: 57866; token: 0x54C22C35> reason: "1-deferDiscrete: UIWindowScene: 0x153f16910: Begin event deferring in keyboardFocus for window: 0x153f2fb20"]
Aug 28 14:08:52.790091 SpringBoard(FrontBoard)[47602] <Debug>: [FBSceneManager] EXECUTING: <BSEventQueueEvent: 0x281d64300; handleDidUpdateClientSettings-sceneID:dev.selfhost.firstActivationProbe-default(2)>
Aug 28 14:08:52.790570 SpringBoard(FrontBoard)[47602] <Debug>: [FBSceneManager] PENDING:   <BSEventQueueEvent: 0x281c3e460; didUpdateClientSettings-sceneID:dev.selfhost.firstActivationProbe-default(2)> @ back
Aug 28 14:08:52.790594 SpringBoard(FrontBoard)[47602] <Debug>: [FBSceneManager] PENDING:   <BSEventQueueEvent: 0x281c3ec20; didUpdateClientSettingsCompletion-sceneID:dev.selfhost.firstActivationProbe-default(2)> @ back
Aug 28 14:08:52.791275 SpringBoard(FrontBoard)[47602] <Debug>: [FBSceneManager] EXECUTING: <BSEventQueueEvent: 0x281c3e460; didUpdateClientSettings-sceneID:dev.selfhost.firstActivationProbe-default(2)>
Aug 28 14:08:52.791467 SpringBoard(FrontBoard)[47602] <Debug>: [FBSceneManager] PENDING:   <BSEventQueueEvent: 0x281c3cf60; didUpdateClientSettings-sceneID:dev.selfhost.firstActivationProbe-default(2)> @ front
Aug 28 14:08:52.791540 SpringBoard(FrontBoard)[47602] <Debug>: [FBSceneManager] EXECUTING: <BSEventQueueEvent: 0x281c3cf60; didUpdateClientSettings-sceneID:dev.selfhost.firstActivationProbe-default(2)>
Aug 28 14:08:52.791951 SpringBoard(FrontBoard)[47602] <Debug>: [FBSceneManager] EXECUTING: <BSEventQueueEvent: 0x281c3ec20; didUpdateClientSettingsCompletion-sceneID:dev.selfhost.firstActivationProbe-default(2)>
Aug 28 14:08:52.792579 SpringBoard(FrontBoard)[47602] <Info>: [sceneID:dev.selfhost.firstActivationProbe-default] didUpdateClientSettingsWithDiff: <private>
Aug 28 14:08:52.792803 SpringBoard(FrontBoard)[47602] <Debug>: [FBSceneManager] PENDING:   <BSEventQueueEvent: 0x281c3d4e0; handleDidUpdateClientSettings-sceneID:dev.selfhost.firstActivationProbe-default(2)> @ back
Aug 28 14:08:52.792879 SpringBoard(FrontBoard)[47602] <Debug>: [FBSceneManager] EXECUTING: <BSEventQueueEvent: 0x281c3d4e0; handleDidUpdateClientSettings-sceneID:dev.selfhost.firstActivationProbe-default(2)>
Aug 28 14:08:52.794065 SpringBoard(FrontBoard)[47602] <Debug>: [FBSceneManager] PENDING:   <BSEventQueueEvent: 0x281d1f900; didUpdateClientSettings-sceneID:dev.selfhost.firstActivationProbe-default(2)> @ back
Aug 28 14:08:52.794105 SpringBoard(FrontBoard)[47602] <Debug>: [FBSceneManager] PENDING:   <BSEventQueueEvent: 0x281d64300; didUpdateClientSettingsCompletion-sceneID:dev.selfhost.firstActivationProbe-default(2)> @ back
Aug 28 14:08:52.795032 SpringBoard(FrontBoard)[47602] <Debug>: [FBSceneManager] EXECUTING: <BSEventQueueEvent: 0x281d1f900; didUpdateClientSettings-sceneID:dev.selfhost.firstActivationProbe-default(2)>
Aug 28 14:08:52.795186 SpringBoard(FrontBoard)[47602] <Debug>: [FBSceneManager] PENDING:   <BSEventQueueEvent: 0x281dcce00; didUpdateClientSettings-sceneID:dev.selfhost.firstActivationProbe-default(2)> @ front
Aug 28 14:08:52.795305 SpringBoard(FrontBoard)[47602] <Debug>: [FBSceneManager] EXECUTING: <BSEventQueueEvent: 0x281dcce00; didUpdateClientSettings-sceneID:dev.selfhost.firstActivationProbe-default(2)>
Aug 28 14:08:52.795836 SpringBoard(FrontBoard)[47602] <Debug>: [FBSceneManager] EXECUTING: <BSEventQueueEvent: 0x281d64300; didUpdateClientSettingsCompletion-sceneID:dev.selfhost.firstActivationProbe-default(2)>
Aug 28 14:08:52.796686 SpringBoard(FrontBoard)[47602] <Info>: [sceneID:dev.selfhost.firstActivationProbe-default] didUpdateClientSettingsWithDiff: <private>
Aug 28 14:08:52.796777 SpringBoard(FrontBoard)[47602] <Debug>: [FBSceneManager] PENDING:   <BSEventQueueEvent: 0x281d1f820; handleDidUpdateClientSettings-sceneID:dev.selfhost.firstActivationProbe-default(2)> @ back
Aug 28 14:08:52.796818 SpringBoard(FrontBoard)[47602] <Debug>: [FBSceneManager] EXECUTING: <BSEventQueueEvent: 0x281d1f820; handleDidUpdateClientSettings-sceneID:dev.selfhost.firstActivationProbe-default(2)>
Aug 28 14:08:52.797067 SpringBoard(FrontBoard)[47602] <Debug>: [FBSceneManager] PENDING:   <BSEventQueueEvent: 0x281dcce00; didUpdateClientSettings-sceneID:dev.selfhost.firstActivationProbe-default(2)> @ back
Aug 28 14:08:52.797091 SpringBoard(FrontBoard)[47602] <Debug>: [FBSceneManager] PENDING:   <BSEventQueueEvent: 0x281d1f200; didUpdateClientSettingsCompletion-sceneID:dev.selfhost.firstActivationProbe-default(2)> @ back
Aug 28 14:08:52.797517 SpringBoard(FrontBoard)[47602] <Debug>: [FBSceneManager] EXECUTING: <BSEventQueueEvent: 0x281dcce00; didUpdateClientSettings-sceneID:dev.selfhost.firstActivationProbe-default(2)>
Aug 28 14:08:52.797783 SpringBoard(FrontBoard)[47602] <Debug>: [FBSceneManager] PENDING:   <BSEventQueueEvent: 0x281c3ca20; didUpdateClientSettings-sceneID:dev.selfhost.firstActivationProbe-default(2)> @ front
Aug 28 14:08:52.797858 SpringBoard(FrontBoard)[47602] <Debug>: [FBSceneManager] EXECUTING: <BSEventQueueEvent: 0x281c3ca20; didUpdateClientSettings-sceneID:dev.selfhost.firstActivationProbe-default(2)>
Aug 28 14:08:52.798411 SpringBoard(FrontBoard)[47602] <Debug>: [FBSceneManager] EXECUTING: <BSEventQueueEvent: 0x281d1f200; didUpdateClientSettingsCompletion-sceneID:dev.selfhost.firstActivationProbe-default(2)>
Aug 28 14:08:52.798844 Runner(CoreFoundation)[57866] <Debug>: found no value for key LogStatusBar in CFPrefsSearchListSource<0x283954800> (Domain: com.apple.UIKit, Container: (null))
Aug 28 14:08:52.798913 Runner(UIKitCore)[57866] <Notice>: Key window API is scene-level: YES
Aug 28 14:08:52.798969 Runner(UIKitCore)[57866] <Notice>: UIWindowScene: 0x153f16910: Window became key in scene: UIWindow: 0x153f2fb20; contextId: 0x54C22C35: reason: UIWindowScene: 0x153f16910: Window requested to become key in scene: 0x153f2fb20
Aug 28 14:08:52.799511 Runner(UIKitCore)[57866] <Notice>: Key window needs update: 1; currentKeyWindowScene: 0x0; evaluatedKeyWindowScene: 0x153f16910; currentApplicationKeyWindow: 0x0; evaluatedApplicationKeyWindow: 0x153f2fb20; reason: UIWindowScene: 0x153f16910: Window requested to become key in scene: 0x153f2fb20
Aug 28 14:08:52.799613 Runner(UIKitCore)[57866] <Notice>: Window did become application key: UIWindow: 0x153f2fb20; contextId: 0x54C22C35; scene identity: com.apple.frontboard.systemappservices::sceneID%3Adev.selfhost.firstActivationProbe-default
Aug 28 14:08:52.799696 Runner(UIKitCore)[57866] <Notice>: [0x283c56220] Begin local event deferring requested for token: 0x28344afd0; environments: 1; reason: UIWindowScene: 0x153f16910: Begin event deferring in keyboardFocus for window: 0x153f2fb20
Aug 28 14:08:52.801592 Runner(CoreFoundation)[57866] <Debug>: found no value for key LogKeyboardFocus in CFPrefsSearchListSource<0x283954800> (Domain: com.apple.UIKit, Container: (null))
Aug 28 14:08:52.801633 Runner(CoreFoundation)[57866] <Debug>: Resource lookup at <private>
Aug 28 14:08:52.801720 Runner(CoreFoundation)[57866] <Debug>: Resource lookup at <private>
Aug 28 14:08:52.801771 Runner(CoreFoundation)[57866] <Debug>: Resource lookup at <private>
Aug 28 14:08:52.801865 Runner(CoreFoundation)[57866] <Debug>: found no value for key NSConstraintBasedLayoutLogPivotCounts in CFPrefsSearchListSource<0x283955d80> (Domain: dev.selfhost.firstActivationProbe, Container: (null))
Aug 28 14:08:52.801960 Runner(CoreFoundation)[57866] <Debug>: Resource lookup at <private>
Aug 28 14:08:52.802699 Runner(CoreFoundation)[57866] <Debug>: found no value for key NSConstraintBasedLayoutTrackDirtyObservables in CFPrefsSearchListSource<0x283955d80> (Domain: dev.selfhost.firstActivationProbe, Container: (null))
Aug 28 14:08:52.802743 Runner(CoreFoundation)[57866] <Debug>: found no value for key LogAppLifecycle in CFPrefsSearchListSource<0x283954800> (Domain: com.apple.UIKit, Container: (null))
Aug 28 14:08:52.802794 Runner(UIKitCore)[57866] <Notice>: sceneOfRecord: sceneID: sceneID:dev.selfhost.firstActivationProbe-default  persistentID: E58381BF-9609-426A-9CBF-219636271D47
Aug 28 14:08:52.802842 Runner(UIKitCore)[57866] <Notice>: Ignoring already applied deactivation reason: 5; deactivation reasons: 2080
Aug 28 14:08:52.802878 Runner(UIKitCore)[57866] <Debug>: Setting device orientation to 1 and sending notification.
Aug 28 14:08:52.802919 Runner(UIKitCore)[57866] <Notice>: Deactivation reason added: 12; deactivation reasons: 2080 -> 6176; animating application lifecycle event: 1
Aug 28 14:08:52.804149 SpringBoard(UserNotificationsServer)[47602] <Notice>: [dev.selfhost.firstActivationProbe] Foreground app will not request ephemeral notifications isAppClip: NO wantsEphemeral notifications: NO
Aug 28 14:08:52.804188 SpringBoard(RunningBoardServices)[47602] <Info>: Update delivered for [application<dev.selfhost.firstActivationProbe>:57866] with taskState 4
Aug 28 14:08:52.804225 SpringBoard(RunningBoardServices)[47602] <Info>: Update skipped for [application<dev.selfhost.firstActivationProbe>:57866] with state: <RBSProcessState| task:running-active debug:none endowments:[
Aug 28 14:08:52.804295 SpringBoard(FrontBoard)[47602] <Notice>: [sceneID:dev.selfhost.firstActivationProbe-default] Scene action [Logical Activate][0xa795] completed with success: 1
Aug 28 14:08:52.804350 SpringBoard(FrontBoardServices)[47602] <Info>: [application<dev.selfhost.firstActivationProbe>:57866] [realTime] Stopped monitoring.
Aug 28 14:08:52.804389 Runner(CoreFoundation)[57866] <Debug>: Resource lookup at <private>
Aug 28 14:08:52.804429 Runner(UIKitCore)[57866] <Notice>: Deactivation reason removed: 11; deactivation reasons: 6176 -> 4128; animating application lifecycle event: 1
Aug 28 14:08:52.804476 Runner(CoreFoundation)[57866] <Debug>: found no value for key CAEnableDeepFramebuffer in CFPrefsSearchListSource<0x283955d80> (Domain: dev.selfhost.firstActivationProbe, Container: (null))
Aug 28 14:08:52.804563 SpringBoard(FrontBoardServices)[47602] <Debug>: [application<dev.selfhost.firstActivationProbe>:57866] [realTime] Updated resource consumption: 0.119s (0.60%)
Aug 28 14:08:52.804610 SpringBoard(FrontBoardServices)[47602] <Debug>: [application<dev.selfhost.firstActivationProbe>:57866] Invalidating <FBProcessWatchdog: 0x283efd2c0; name: scene-create; time: 20.00s>
Aug 28 14:08:52.804655 SpringBoard(FrontBoardServices)[47602] <Debug>: [application<dev.selfhost.firstActivationProbe>:57866] [realTime] Invalidated
Aug 28 14:08:52.804703 SpringBoard(FrontBoard)[47602] <Notice>: [sceneID:dev.selfhost.firstActivationProbe-default] scene content state changed: ready
Aug 28 14:08:52.804749 SpringBoard(FrontBoard)[47602] <Info>: [sceneID:dev.selfhost.firstActivationProbe-default] Client settings updated with diff: <private>
Aug 28 14:08:52.804789 SpringBoard(FrontBoard)[47602] <Debug>: [FBSceneManager] PENDING:   <BSEventQueueEvent: 0x281dcce00; contentStateDidChange-sceneID:dev.selfhost.firstActivationProbe-default(2)> @ back
Aug 28 14:08:52.804827 SpringBoard(FrontBoard)[47602] <Debug>: [FBSceneManager] EXECUTING: <BSEventQueueEvent: 0x281dcce00; contentStateDidChange-sceneID:dev.selfhost.firstActivationProbe-default(2)>
Aug 28 14:08:52.804885 SpringBoard(FrontBoard)[47602] <Debug>: [FBSceneManager] PENDING:   <BSEventQueueEvent: 0x281c37080; contentStateDidChange-sceneID:dev.selfhost.firstActivationProbe-default(2)> @ front
Aug 28 14:08:52.804976 SpringBoard(FrontBoard)[47602] <Debug>: [FBSceneManager] EXECUTING: <BSEventQueueEvent: 0x281c37080; contentStateDidChange-sceneID:dev.selfhost.firstActivationProbe-default(2)>
Aug 28 14:08:52.805238 SpringBoard(FrontBoard)[47602] <Info>: Client intercepting scene update for scene: sceneID:dev.selfhost.firstActivationProbe-default
Aug 28 14:08:52.805276 SpringBoard(FrontBoard)[47602] <Debug>: START SCENE MUTATION ------- sceneID:dev.selfhost.firstActivationProbe-default
Aug 28 14:08:52.805315 SpringBoard(FrontBoard)[47602] <Debug>: [FBSceneManager] PENDING:   <BSEventQueueEvent: 0x281c333e0; sceneUpdatePrepared-sceneID:dev.selfhost.firstActivationProbe-default(3)> @ back
Aug 28 14:08:52.805356 SpringBoard(FrontBoard)[47602] <Debug>: Executing pended events before sceneID:dev.selfhost.firstActivationProbe-default: (
Aug 28 14:08:52.805471 SpringBoard(FrontBoard)[47602] <Debug>: [FBSceneManager] PENDING:   <BSEventQueueEvent: 0x281c33d60; applySettings-sceneID:dev.selfhost.firstActivationProbe-default(3)> @ back
Aug 28 14:08:52.805506 SpringBoard(FrontBoard)[47602] <Debug>: Flushing all events for sceneID:dev.selfhost.firstActivationProbe-default
Aug 28 14:08:52.805602 SpringBoard(FrontBoard)[47602] <Debug>: [FBSceneManager] EXECUTING: <BSEventQueueEvent: 0x281c333e0; sceneUpdatePrepared-sceneID:dev.selfhost.firstActivationProbe-default(3)>
Aug 28 14:08:52.805648 SpringBoard(FrontBoard)[47602] <Debug>: [FBSceneManager] PENDING:   <BSEventQueueEvent: 0x281d1d1a0; sceneUpdatePrepared-sceneID:dev.selfhost.firstActivationProbe-default(3)> @ front
Aug 28 14:08:52.805689 SpringBoard(FrontBoard)[47602] <Debug>: [FBSceneManager] EXECUTING: <BSEventQueueEvent: 0x281d1d1a0; sceneUpdatePrepared-sceneID:dev.selfhost.firstActivationProbe-default(3)>
Aug 28 14:08:52.805728 SpringBoard(KeyboardArbiter)[47602] <Debug>: [_UIKeyboardArbiter] Received new connection [<_UIKeyboardArbiterHandle: 0x282a77910; PID 57866: dev.selfhost.firstActivationProbe <(null)>; hosting PIDs {(
Aug 28 14:08:52.806020 SpringBoard(FrontBoard)[47602] <Debug>: [FBSceneManager] EXECUTING: <BSEventQueueEvent: 0x281c33d60; applySettings-sceneID:dev.selfhost.firstActivationProbe-default(3)>
Aug 28 14:08:52.806052 SpringBoard(FrontBoard)[47602] <Debug>: [FBSceneManager] PENDING:   <BSEventQueueEvent: 0x281d7ad20; sceneUpdateApplied-sceneID:dev.selfhost.firstActivationProbe-default(3)> @ back
Aug 28 14:08:52.806085 SpringBoard(FrontBoard)[47602] <Debug>: [FBSceneManager] PENDING:   <BSEventQueueEvent: 0x281d483e0; sceneMutationCompletion-sceneID:dev.selfhost.firstActivationProbe-default(3)> @ back
Aug 28 14:08:52.806135 SpringBoard(FrontBoard)[47602] <Debug>: [FBSceneManager] EXECUTING: <BSEventQueueEvent: 0x281d7ad20; sceneUpdateApplied-sceneID:dev.selfhost.firstActivationProbe-default(3)>
Aug 28 14:08:52.806166 SpringBoard(FrontBoard)[47602] <Debug>: [FBSceneManager] PENDING:   <BSEventQueueEvent: 0x281d45720; sceneUpdateApplied-sceneID:dev.selfhost.firstActivationProbe-default(3)> @ front
Aug 28 14:08:52.806209 SpringBoard(FrontBoard)[47602] <Debug>: [FBSceneManager] EXECUTING: <BSEventQueueEvent: 0x281d45720; sceneUpdateApplied-sceneID:dev.selfhost.firstActivationProbe-default(3)>
Aug 28 14:08:52.806332 runningboardd(RunningBoard)[33] <Debug>: END suppressing state updates for application<dev.selfhost.firstActivationProbe>
Aug 28 14:08:52.806371 runningboardd(RunningBoard)[33] <Debug>: Sending state update for application<dev.selfhost.firstActivationProbe>: <RBSProcessState| task:running-active debug:none terminationResistance:Interactive endowments:[
	<RBSProcessAssertionInfo| type:2 reason:10000 name:"Domain" domain:"com.apple.frontboard:Bootstrap-Foreground,com.apple.frontboard:Visibility" expl:"FBApplicationProcess">,
Aug 28 14:08:52.806410 runningboardd(RunningBoard)[33] <Debug>: Sending state 0x1010f36f0 for application<dev.selfhost.firstActivationProbe> to [daemon<com.apple.UserEventAgent-System>:30]
Aug 28 14:08:52.806464 runningboardd(RunningBoard)[33] <Debug>: Sending state 0x1010f36f0 for application<dev.selfhost.firstActivationProbe> to [daemon<com.apple.TextInput.kbd>:303]
Aug 28 14:08:52.806634 SpringBoard(FrontBoard)[47602] <Info>: [sceneID:dev.selfhost.firstActivationProbe-default] Sending scene action [Forward Event][0xd35] to process 0x114bd7b20 (watchdog: none)
Aug 28 14:08:52.806697 SpringBoard(FrontBoard)[47602] <Debug>: [FBSceneManager] EXECUTING: <BSEventQueueEvent: 0x281d483e0; sceneMutationCompletion-sceneID:dev.selfhost.firstActivationProbe-default(3)>
Aug 28 14:08:52.806752 SpringBoard(FrontBoard)[47602] <Debug>: ---------- END SCENE MUTATION: sceneID:dev.selfhost.firstActivationProbe-default
Aug 28 14:08:52.806932 SpringBoard(RunningBoardServices)[47602] <Notice>: Updating configuration of monitor <RBSProcessMonitorConfiguration| id:M47602-8 qos:25 predicates:[<RBSProcessPredicate <RBSCompoundAllPredicate [<RBSCompoundAllPredicate [<RBSProcessEUIDPredicate 501>, <RBSProcessBKSLegacyPredicate>]>, <RBSProcessBundleIdentifierPredicate "com.apple.springboard">]>>, <RBSProcessPredicate <RBSCompoundAllPredicate [<RBSCompoundAllPredicate [<RBSProcessEUIDPredicate 501>, <RBSProcessBKSLegacyPredicate>]>, <RBSProcessBundleIdentifierPredicate "dev.selfhost.firstActivationProbe">]>>] descriptor:<RBSProcessStateDescriptor| values:9 namespaces:[com.apple.frontboard.visibility]> events:0x0>
Aug 28 14:08:52.807231 SpringBoard(KeyboardArbiter)[47602] <Debug>: [<_UIKeyboardArbiterHandle: 0x282a77910; PID 57866: dev.selfhost.firstActivationProbe <(null)>; hosting PIDs {(
)}; level 0.000000; active NO [wants NO]; suppression 0; iav 0.000000; on screen NO>] startArbitrationWithExpectedState:sceneIdentity:hostingPIDs:usingFence:withSuppression:onConnected:: currentKeyboard: (null); sceneIdentity: com.apple.frontboard.systemappservices::sceneID%3Adev.selfhost.firstActivationProbe-default; pids: (
Aug 28 14:08:52.807281 SpringBoard(FrontBoard)[47602] <Debug>: [FBSceneManager] PENDING:   <BSEventQueueEvent: 0x281c0d760; updateComplete-sceneID:dev.selfhost.firstActivationProbe-default(3)> @ back
Aug 28 14:08:52.807325 SpringBoard(FrontBoard)[47602] <Debug>: [FBSceneManager] EXECUTING: <BSEventQueueEvent: 0x281c0d760; updateComplete-sceneID:dev.selfhost.firstActivationProbe-default(3)>
Aug 28 14:08:52.807454 SpringBoard(KeyboardArbiter)[47602] <Debug>: [_UIKeyboardArbiter] Handler requested focus: <_UIKeyboardArbiterHandle: 0x282a77910; PID 57866: dev.selfhost.firstActivationProbe <com.apple.frontboard.systemappservices::sceneID%3Adev.selfhost.firstActivationProbe-default>; hosting PIDs {(
Aug 28 14:08:52.807573 SpringBoard(KeyboardArbiter)[47602] <Debug>: [_UIKeyboardArbiter] _focusRequestedHandle is now <_UIKeyboardArbiterHandle: 0x282a77910; PID 57866: dev.selfhost.firstActivationProbe <com.apple.frontboard.systemappservices::sceneID%3Adev.selfhost.firstActivationProbe-default>; hosting PIDs {(
Aug 28 14:08:52.807613 SpringBoard(KeyboardArbiter)[47602] <Debug>: Advisor: Triggering reevaluation. Active PID: 57866, activeHandleID: com.apple.frontboard.systemappservices::sceneID%3Adev.selfhost.firstActivationProbe-default
Aug 28 14:08:52.807644 SpringBoard(KeyboardArbiter)[47602] <Debug>: Advisor: KeyboardFocus from _activeHandleForFocusEvaluation [<_UIKeyboardArbiterHandle: 0x282a77910; PID 57866: dev.selfhost.firstActivationProbe <com.apple.frontboard.systemappservices::sceneID%3Adev.selfhost.firstActivationProbe-default>; hosting PIDs {(
Aug 28 14:08:52.807770 SpringBoard[47602] <Notice>: advisor: gen:395 arbiter spec pid 57866 / com.apple.frontboard.systemappservices::sceneID%3Adev.selfhost.firstActivationProbe-default
Aug 28 14:08:52.807845 SpringBoard(KeyboardArbiter)[47602] <Debug>: Advisor: Deliberation result: com.apple.frontboard.systemappservices::sceneID%3Adev.selfhost.firstActivationProbe-default
<SBSceneReadySwitcherModifierEvent: 0x281dcd7a0; type: SceneReady; appLayout: <SBAppLayout: 0x2808e2980; primary: dev.selfhost.firstActivationProbe:default; environment: main> {
            bundleIdentifier = dev.selfhost.firstActivationProbe;
            uniqueIdentifier = sceneID:dev.selfhost.firstActivationProbe-default;
Aug 28 14:08:52.808297 SpringBoard(FrontBoard)[47602] <Debug>: [FBSceneManager] PENDING:   <BSEventQueueEvent: 0x281d27200; sceneUpdateCompleted-sceneID:dev.selfhost.firstActivationProbe-default(3)> @ back
Aug 28 14:08:52.808336 SpringBoard(FrontBoard)[47602] <Debug>: [FBSceneManager] EXECUTING: <BSEventQueueEvent: 0x281d27200; sceneUpdateCompleted-sceneID:dev.selfhost.firstActivationProbe-default(3)>
Aug 28 14:08:52.808367 SpringBoard(FrontBoard)[47602] <Debug>: [FBSceneManager] PENDING:   <BSEventQueueEvent: 0x281dcce00; sceneUpdateCompleted-sceneID:dev.selfhost.firstActivationProbe-default(3)> @ front
Aug 28 14:08:52.808416 SpringBoard(FrontBoard)[47602] <Debug>: [FBSceneManager] EXECUTING: <BSEventQueueEvent: 0x281dcce00; sceneUpdateCompleted-sceneID:dev.selfhost.firstActivationProbe-default(3)>
        jetsamMode = default;
    "<_UIKeyboardArbiterHandle: 0x282a77910; PID 57866: dev.selfhost.firstActivationProbe <com.apple.frontboard.systemappservices::sceneID%3Adev.selfhost.firstActivationProbe-default>; hosting PIDs {(\n)}; level 0.000000; active NO [wants NO]; suppression 0; iav 0.000000; on screen NO>"
Aug 28 14:08:52.808557 SpringBoard[47602] <Notice>: advisor: target (from arbiter advice): <pid=57866 token=com.apple.frontboard.systemappservices::sceneID%3Adev.selfhost.firstActivationProbe-default>
Aug 28 14:08:52.808597 SpringBoard[47602] <Notice>: policy: input target:<pid=57866 token=com.apple.frontboard.systemappservices::sceneID%3Adev.selfhost.firstActivationProbe-default>
Aug 28 14:08:52.808651 SpringBoard[47602] <Notice>: rules: target changed from:(null) to <pid=57866 token=com.apple.frontboard.systemappservices::sceneID%3Adev.selfhost.firstActivationProbe-default>
Aug 28 14:08:52.808766 SpringBoard[47602] <Notice>: rules: defer (b4a8982e) -> <pid=57866 token=com.apple.frontboard.systemappservices::sceneID%3Adev.selfhost.firstActivationProbe-default>
Aug 28 14:08:52.808961 SpringBoard(FrontBoard)[47602] <Info>: [sceneID:dev.selfhost.firstActivationProbe-default] didUpdateClientSettingsWithDiff: <private>
Aug 28 14:08:52.809008 SpringBoard(FrontBoard)[47602] <Debug>: [FBSceneManager] PENDING:   <BSEventQueueEvent: 0x281c04000; handleDidUpdateClientSettings-sceneID:dev.selfhost.firstActivationProbe-default(3)> @ back
Aug 28 14:08:52.809045 SpringBoard(FrontBoard)[47602] <Debug>: [FBSceneManager] EXECUTING: <BSEventQueueEvent: 0x281c04000; handleDidUpdateClientSettings-sceneID:dev.selfhost.firstActivationProbe-default(3)>
    <environment: keyboardFocus; token: 0xB4A8982E> -> <pid: 57866; token: com.apple.frontboard.systemappservices::sceneID%3Adev.selfhost.firstActivationProbe-default> reason: "177-deferDiscrete: SpringBoard: outbound"
Aug 28 14:08:52.809683 backboardd(BackBoardHIDEventFoundation)[65] <Debug>:   SELECT: reject (doesn't match environment:keyboardFocus display:(null)) deferringRule:{<environment: keyboardFocus; token: 0xB4A8982E> -> <pid=57866 token=com.apple.frontboard.systemappservices::sceneID%3Adev.selfhost.firstActivationProbe-default> : 177-deferDiscrete: SpringBoard: outbound} (main)
Aug 28 14:08:52.810102 backboardd(BackBoardHIDEventFoundation)[65] <Debug>:   SELECT: reject (doesn't match environment:keyboardFocus display:builtin) deferringRule:{<environment: keyboardFocus; token: 0xB4A8982E> -> <pid=57866 token=com.apple.frontboard.systemappservices::sceneID%3Adev.selfhost.firstActivationProbe-default> : 177-deferDiscrete: SpringBoard: outbound} (main)
Aug 28 14:08:52.810533 SpringBoard(FrontBoard)[47602] <Debug>: [FBSceneManager] PENDING:   <BSEventQueueEvent: 0x281c06da0; didUpdateClientSettings-sceneID:dev.selfhost.firstActivationProbe-default(3)> @ back
Aug 28 14:08:52.810614 backboardd(BackBoardHIDEventFoundation)[65] <Debug>:   SELECT: complete deferringRule:{<environment: keyboardFocus; token: 0xB4A8982E> -> <pid=57866 token=com.apple.frontboard.systemappservices::sceneID%3Adev.selfhost.firstActivationProbe-default> : 177-deferDiscrete: SpringBoard: outbound}
Aug 28 14:08:52.811025 Runner(RunningBoardServices)[57866] <Debug>: Received message from server: async_didChangeInheritances:completion:
Aug 28 14:08:52.811049 Runner(RunningBoardServices)[57866] <Info>: didChangeInheritances
Aug 28 14:08:52.811108 Runner(RunningBoardServices)[57866] <Info>: didChangeInheritances: <RBSInheritanceChangeSet| gained:{(
    <RBSInheritance| environment:UIScene:com.apple.frontboard.systemappservices::sceneID%3Adev.selfhost.firstActivationProbe-default name:com.apple.frontboard.visibility origID:33-47602-7809 payload>
Aug 28 14:08:52.811158 Runner(CoreFoundation)[57866] <Debug>: looked up value <private> for key AppleLanguages in CFPrefsPlistSource<0x283954a80> (Domain: kCFPreferencesAnyApplication, User: kCFPreferencesCurrentUser, ByHost: No, Container: (null), Contents Need Refresh: No) via CFPrefsSearchListSource<0x283955d80> (Domain: dev.selfhost.firstActivationProbe, Container: (null))
Aug 28 14:08:52.811381 cfprefsd(CoreFoundation)[91] <Debug>: Process 57866 (Runner) sent a request related to { com.apple.Metal, user: kCFPreferencesAnyUser, kCFPreferencesCurrentHost, /var/preferences/com.apple.Metal.plist, managed: 0 } (0x10183db90)
Aug 28 14:08:52.811674 runningboardd(RunningBoard)[33] <Debug>: Sending state 0x1010f36f0 for application<dev.selfhost.firstActivationProbe> to [daemon<com.apple.backboardd>:65]
Aug 28 14:08:52.811713 runningboardd(RunningBoard)[33] <Debug>: END suppressing state updates for application<dev.selfhost.firstActivationProbe>
Aug 28 14:08:52.811751 runningboardd(RunningBoard)[33] <Debug>: Sending state update for application<dev.selfhost.firstActivationProbe>: <RBSProcessState| task:running-active debug:none terminationResistance:Interactive endowments:[
	<RBSProcessAssertionInfo| type:2 reason:10000 name:"Domain" domain:"com.apple.frontboard:Bootstrap-Foreground,com.apple.frontboard:Visibility" expl:"FBApplicationProcess">,
	<RBSProcessAssertionInfo| type:1 reason:0 name:"Custom" domain:"(null)" expl:"injecting inherited from "UIScene:com.apple.frontboard.systemappservices::com.apple.springboard" to 57866<UIScene:com.apple.frontboard.systemappservices::sceneID%3Adev.selfhost.firstActivationProbe-default>">
Aug 28 14:08:52.811789 runningboardd(RunningBoard)[33] <Debug>: Sending state 0x1010f36f0 for application<dev.selfhost.firstActivationProbe> to [daemon<com.apple.watchdogd>:57]
Aug 28 14:08:52.811826 runningboardd(RunningBoard)[33] <Debug>: Sending state 0x1010909e0 for application<dev.selfhost.firstActivationProbe> to [daemon<com.apple.SpringBoard>:47602]
Aug 28 14:08:52.811877 runningboardd(RunningBoard)[33] <Info>: Received message from [application<dev.selfhost.firstActivationProbe>:57866] (euid 501, auid 501): statesForPredicate:descriptor:error:
Aug 28 14:08:52.811966 Runner(RunningBoardServices)[57866] <Debug>: Decoded RBSProcessHandle with IPC ID ea441ee0000e20a
Aug 28 14:08:52.812062 SpringBoard(RunningBoardServices)[47602] <Info>: Update skipped for [application<dev.selfhost.firstActivationProbe>:57866] with state: <RBSProcessState| task:running-active debug:none endowments:[
Aug 28 14:08:52.812101 SpringBoard(RunningBoardServices)[47602] <Info>: Update skipped for [application<dev.selfhost.firstActivationProbe>:57866] with state: <RBSProcessState| task:running-active debug:none endowments:[
Aug 28 14:08:52.812142 Runner(RunningBoardServices)[57866] <Notice>: Creating side-channel connection to com.apple.runningboard
Aug 28 14:08:52.812177 Runner(RunningBoardServices)[57866] <Notice>: Hit the server for a process handle ea441ee0000e20a that resolved to: [application<dev.selfhost.firstActivationProbe>:57866]
Aug 28 14:08:52.812199 Runner(RunningBoardServices)[57866] <Info>: Acquiring assertion: <RBSAssertionDescriptor| "systemAnimationFence" ID:(null) target:57866>
Aug 28 14:08:52.812254 Runner(CoreFoundation)[57866] <Debug>: Resource lookup at <private>
Aug 28 14:08:52.812278 Runner(CoreFoundation)[57866] <Debug>: looked up value <private> for key VoiceOverTouchEnabled in CFPrefsPlistSource<0x283950a00> (Domain: com.apple.Accessibility, User: kCFPreferencesCurrentUser, ByHost: No, Container: (null), Contents Need Refresh: No) via CFPrefsSearchListSource<0x283957580> (Domain: com.apple.Accessibility, Container: (null))
Aug 28 14:08:52.812314 SpringBoard(FrontBoard)[47602] <Info>: [sceneID:dev.selfhost.firstActivationProbe-default] Client settings updated with diff: <private>
Aug 28 14:08:52.812336 SpringBoard(FrontBoard)[47602] <Info>: [sceneID:dev.selfhost.firstActivationProbe-default] didUpdateClientSettingsWithDiff: <private>
Aug 28 14:08:52.812369 SpringBoard(FrontBoard)[47602] <Debug>: [FBSceneManager] PENDING:   <BSEventQueueEvent: 0x281c67bc0; handleDidUpdateClientSettings-sceneID:dev.selfhost.firstActivationProbe-default(4)> @ back
Aug 28 14:08:52.812427 SpringBoard(FrontBoard)[47602] <Debug>: [FBSceneManager] EXECUTING: <BSEventQueueEvent: 0x281c67bc0; handleDidUpdateClientSettings-sceneID:dev.selfhost.firstActivationProbe-default(4)>
Aug 28 14:08:52.812550 Runner(libAccessibility.dylib)[57866] <Debug>: CF Read: domain = com.apple.Accessibility, preference = VoiceOverTouchEnabled, appID = (null) result = 0 (-1 - empty, 0 - false, 1 - true)
Aug 28 14:08:52.812573 Runner(CoreFoundation)[57866] <Debug>: found no value for key AssistiveTouchScannerEnabled in CFPrefsSearchListSource<0x283957580> (Domain: com.apple.Accessibility, Container: (null))
Aug 28 14:08:52.812624 Runner(libAccessibility.dylib)[57866] <Debug>: CF Read: domain = com.apple.Accessibility, preference = AssistiveTouchScannerEnabled, appID = (null) result = (null) (-1 - empty, 0 - false, 1 - true)
Aug 28 14:08:52.812661 Runner(CoreFoundation)[57866] <Debug>: found no value for key AssistiveTouchScannerEnabled in CFPrefsPlistSource<0x283950a00> (Domain: com.apple.Accessibility, User: kCFPreferencesCurrentUser, ByHost: No, Container: (null), Contents Need Refresh: No)
Aug 28 14:08:52.812684 Runner(CoreFoundation)[57866] <Debug>: found no value for key IncreaseButtonLegibilityEnabled in CFPrefsSearchListSource<0x283957580> (Domain: com.apple.Accessibility, Container: (null))
Aug 28 14:08:52.812733 Runner(libAccessibility.dylib)[57866] <Debug>: CF Read: domain = com.apple.Accessibility, preference = IncreaseButtonLegibilityEnabled, appID = (null) result = (null) (-1 - empty, 0 - false, 1 - true)
Aug 28 14:08:52.812779 SpringBoard(FrontBoard)[47602] <Debug>: [FBSceneManager] PENDING:   <BSEventQueueEvent: 0x281c64b80; didUpdateClientSettings-sceneID:dev.selfhost.firstActivationProbe-default(4)> @ back
Aug 28 14:08:52.812816 SpringBoard(FrontBoard)[47602] <Debug>: [FBSceneManager] PENDING:   <BSEventQueueEvent: 0x281c646e0; didUpdateClientSettingsCompletion-sceneID:dev.selfhost.firstActivationProbe-default(4)> @ back
Aug 28 14:08:52.813011 SpringBoard(FrontBoard)[47602] <Debug>: [FBSceneManager] EXECUTING: <BSEventQueueEvent: 0x281c64b80; didUpdateClientSettings-sceneID:dev.selfhost.firstActivationProbe-default(4)>
Aug 28 14:08:52.813048 SpringBoard(FrontBoard)[47602] <Debug>: [FBSceneManager] PENDING:   <BSEventQueueEvent: 0x281c66b00; didUpdateClientSettings-sceneID:dev.selfhost.firstActivationProbe-default(4)> @ front
Aug 28 14:08:52.813083 Runner(CoreFoundation)[57866] <Debug>: found no value for key IncreaseButtonLegibilityEnabled in CFPrefsPlistSource<0x283950a00> (Domain: com.apple.Accessibility, User: kCFPreferencesCurrentUser, ByHost: No, Container: (null), Contents Need Refresh: No)
Aug 28 14:08:52.813106 Runner(CoreFoundation)[57866] <Debug>: found no value for key ReduceMotionAutoplayVideoPreviewsEnabled in CFPrefsSearchListSource<0x283957580> (Domain: com.apple.Accessibility, Container: (null))
Aug 28 14:08:52.813132 Runner(libAccessibility.dylib)[57866] <Debug>: CF Read: domain = com.apple.Accessibility, preference = ReduceMotionAutoplayVideoPreviewsEnabled, appID = (null) result = (null) (-1 - empty, 0 - false, 1 - true)
Aug 28 14:08:52.813178 Runner(CoreFoundation)[57866] <Debug>: found no value for key ReduceMotionAutoplayVideoPreviewsEnabled in CFPrefsPlistSource<0x283950a00> (Domain: com.apple.Accessibility, User: kCFPreferencesCurrentUser, ByHost: No, Container: (null), Contents Need Refresh: No)
Aug 28 14:08:52.813217 Runner(CoreFoundation)[57866] <Debug>: looked up value <private> for key SpeechSettingsDisabledByManagedConfiguration in CFPrefsPlistSource<0x283950a00> (Domain: com.apple.Accessibility, User: kCFPreferencesCurrentUser, ByHost: No, Container: (null), Contents Need Refresh: No) via CFPrefsSearchListSource<0x283957580> (Domain: com.apple.Accessibility, Container: (null))
Aug 28 14:08:52.813255 Runner(libAccessibility.dylib)[57866] <Debug>: CF Read: domain = com.apple.Accessibility, preference = SpeechSettingsDisabledByManagedConfiguration, appID = (null) result = 0 (-1 - empty, 0 - false, 1 - true)
Aug 28 14:08:52.813288 runningboardd(RunningBoard)[33] <Info>: _predicatesMatchOnlyAllowedProcess allowing predicate matching self <RBSProcessPredicate <RBSProcessHandlePredicateImpl| application<dev.selfhost.firstActivationProbe>:57866>> for process [application<dev.selfhost.firstActivationProbe>:57866]
Aug 28 14:08:52.813422 runningboardd(RunningBoard)[33] <Info>: Received message from [application<dev.selfhost.firstActivationProbe>:57866] (euid 501, auid 501): lookupHandleForKey:error:
Aug 28 14:08:52.813509 runningboardd(RunningBoard)[33] <Info>: _predicatesMatchOnlyAllowedProcess allowing predicate matching self <RBSProcessPredicate <RBSProcessHandlePredicateImpl| application<dev.selfhost.firstActivationProbe>:57866>> for process [application<dev.selfhost.firstActivationProbe>:57866]
Aug 28 14:08:52.813548 runningboardd(RunningBoard)[33] <Info>: Received message from [application<dev.selfhost.firstActivationProbe>:57866] (euid 501, auid 501): acquireAssertionWithDescriptor:error:
Aug 28 14:08:52.813596 SpringBoard(FrontBoard)[47602] <Debug>: [FBSceneManager] EXECUTING: <BSEventQueueEvent: 0x281c66b00; didUpdateClientSettings-sceneID:dev.selfhost.firstActivationProbe-default(4)>
Aug 28 14:08:52.813732 runningboardd(RunningBoard)[33] <Notice>: Acquiring assertion targeting [application<dev.selfhost.firstActivationProbe>:57866] from originator [application<dev.selfhost.firstActivationProbe>:57866] with description <RBSAssertionDescriptor| "systemAnimationFence" ID:33-57866-7810 target:57866 attributes:[
Aug 28 14:08:52.813786 runningboardd(RunningBoard)[33] <Notice>: Assertion 33-57866-7810 (target:[application<dev.selfhost.firstActivationProbe>:57866]) will be created as inactive as start-time-defining assertions exist
Aug 28 14:08:52.813847 runningboardd(RunningBoard)[33] <Debug>: Adding assertion 33-57866-7810 (target:[application<dev.selfhost.firstActivationProbe>:57866])
Aug 28 14:08:52.814211 SpringBoard(FrontBoard)[47602] <Debug>: [FBSceneManager] EXECUTING: <BSEventQueueEvent: 0x281c646e0; didUpdateClientSettingsCompletion-sceneID:dev.selfhost.firstActivationProbe-default(4)>
Aug 28 14:08:52.814459 Runner(CoreFoundation)[57866] <Debug>: looked up value <private> for key SpeakThisEnabled in CFPrefsPlistSource<0x283950a00> (Domain: com.apple.Accessibility, User: kCFPreferencesCurrentUser, ByHost: No, Container: (null), Contents Need Refresh: No) via CFPrefsSearchListSource<0x283957580> (Domain: com.apple.Accessibility, Container: (null))
Aug 28 14:08:52.814526 Runner(libAccessibility.dylib)[57866] <Debug>: CF Read: domain = com.apple.Accessibility, preference = SpeakThisEnabled, appID = (null) result = 0 (-1 - empty, 0 - false, 1 - true)
Aug 28 14:08:52.814593 Runner(CoreFoundation)[57866] <Debug>: Resource lookup at <private>
Aug 28 14:08:52.814695 Runner(RunningBoardServices)[57866] <Debug>: Adding assertion 33-57866-7810 to dictionary
Aug 28 14:08:52.814860 SpringBoard(FrontBoard)[47602] <Info>: [sceneID:dev.selfhost.firstActivationProbe-default] Scene action [Forward Event][0x78f6] completed with success: 1
Aug 28 14:08:52.814921 SpringBoard(FrontBoard)[47602] <Info>: [sceneID:dev.selfhost.firstActivationProbe-default] Scene action [Forward Event][0xd35] completed with success: 1
Aug 28 14:08:52.814985 SpringBoard(FrontBoard)[47602] <Debug>: [FBSceneManager] PENDING:   <BSEventQueueEvent: 0x281c6eda0; updateComplete-sceneID:dev.selfhost.firstActivationProbe-default(4)> @ back
Aug 28 14:08:52.815076 SpringBoard(FrontBoard)[47602] <Info>: [sceneID:dev.selfhost.firstActivationProbe-default] Scene action [Forward Event][0x89e2] completed with success: 1
Aug 28 14:08:52.815146 SpringBoard(FrontBoard)[47602] <Debug>: [FBSceneManager] EXECUTING: <BSEventQueueEvent: 0x281c6eda0; updateComplete-sceneID:dev.selfhost.firstActivationProbe-default(4)>
Aug 28 14:08:52.816485 runningboardd(RunningBoard)[33] <Info>: application<dev.selfhost.firstActivationProbe> is now targeted by 6 assertions
    SceneID: sceneID:dev.selfhost.firstActivationProbe-default
    SceneID: sceneID:dev.selfhost.firstActivationProbe-default
Aug 28 14:08:52.816837 SpringBoard(FrontBoard)[47602] <Debug>: [FBSceneManager] PENDING:   <BSEventQueueEvent: 0x281d1df80; sceneUpdateCompleted-sceneID:dev.selfhost.firstActivationProbe-default(4)> @ back
Aug 28 14:08:52.816904 SpringBoard(FrontBoard)[47602] <Debug>: [FBSceneManager] EXECUTING: <BSEventQueueEvent: 0x281d1df80; sceneUpdateCompleted-sceneID:dev.selfhost.firstActivationProbe-default(4)>
Aug 28 14:08:52.816971 SpringBoard(FrontBoard)[47602] <Debug>: [FBSceneManager] PENDING:   <BSEventQueueEvent: 0x281c6f0a0; sceneUpdateCompleted-sceneID:dev.selfhost.firstActivationProbe-default(4)> @ front
Aug 28 14:08:52.817039 SpringBoard(FrontBoard)[47602] <Debug>: [FBSceneManager] EXECUTING: <BSEventQueueEvent: 0x281c6f0a0; sceneUpdateCompleted-sceneID:dev.selfhost.firstActivationProbe-default(4)>
Aug 28 14:08:52.817168 runningboardd(RunningBoard)[33] <Info>: Finished acquiring assertion 33-57866-7810 (target:[application<dev.selfhost.firstActivationProbe>:57866])
Aug 28 14:08:52.817282 runningboardd(RunningBoard)[33] <Debug>: Updating events for assertion: 33-57866-7810 (target:[application<dev.selfhost.firstActivationProbe>:57866])
Aug 28 14:08:52.817330 runningboardd(RunningBoard)[33] <Debug>: Removing events for context: 33-57866-7810 (target:[application<dev.selfhost.firstActivationProbe>:57866])
Aug 28 14:08:52.817384 runningboardd(RunningBoard)[33] <Debug>: BEGIN suppressing state updates for application<dev.selfhost.firstActivationProbe>
Aug 28 14:08:52.817658 SpringBoard(FrontBoard)[47602] <Debug>: [FBSceneManager] PENDING:   <BSEventQueueEvent: 0x281c6f0c0; updateComplete-sceneID:dev.selfhost.firstActivationProbe-default(4)> @ back
Aug 28 14:08:52.817731 SpringBoard(FrontBoard)[47602] <Debug>: [FBSceneManager] EXECUTING: <BSEventQueueEvent: 0x281c6f0c0; updateComplete-sceneID:dev.selfhost.firstActivationProbe-default(4)>
Aug 28 14:08:52.817785 SpringBoard(FrontBoard)[47602] <Debug>: [FBSceneManager] PENDING:   <BSEventQueueEvent: 0x281d1df80; sceneUpdateCompleted-sceneID:dev.selfhost.firstActivationProbe-default(4)> @ back
Aug 28 14:08:52.817826 SpringBoard(FrontBoard)[47602] <Debug>: [FBSceneManager] EXECUTING: <BSEventQueueEvent: 0x281d1df80; sceneUpdateCompleted-sceneID:dev.selfhost.firstActivationProbe-default(4)>
Aug 28 14:08:52.817884 SpringBoard(FrontBoard)[47602] <Debug>: [FBSceneManager] PENDING:   <BSEventQueueEvent: 0x281c6cf00; sceneUpdateCompleted-sceneID:dev.selfhost.firstActivationProbe-default(4)> @ front
Aug 28 14:08:52.817933 SpringBoard(FrontBoard)[47602] <Debug>: [FBSceneManager] EXECUTING: <BSEventQueueEvent: 0x281c6cf00; sceneUpdateCompleted-sceneID:dev.selfhost.firstActivationProbe-default(4)>
Aug 28 14:08:52.818013 SpringBoard(FrontBoard)[47602] <Debug>: [FBSceneManager] PENDING:   <BSEventQueueEvent: 0x281d1d120; updateComplete-sceneID:dev.selfhost.firstActivationProbe-default(4)> @ back
Aug 28 14:08:52.818044 SpringBoard(FrontBoard)[47602] <Debug>: [FBSceneManager] EXECUTING: <BSEventQueueEvent: 0x281d1d120; updateComplete-sceneID:dev.selfhost.firstActivationProbe-default(4)>
Aug 28 14:08:52.818085 SpringBoard(FrontBoard)[47602] <Debug>: [FBSceneManager] PENDING:   <BSEventQueueEvent: 0x281d1df80; sceneUpdateCompleted-sceneID:dev.selfhost.firstActivationProbe-default(4)> @ back
Aug 28 14:08:52.818120 SpringBoard(FrontBoard)[47602] <Debug>: [FBSceneManager] EXECUTING: <BSEventQueueEvent: 0x281d1df80; sceneUpdateCompleted-sceneID:dev.selfhost.firstActivationProbe-default(4)>
Aug 28 14:08:52.818171 runningboardd(RunningBoard)[33] <Info>: Received message from [application<dev.selfhost.firstActivationProbe>:57866] (euid 501, auid 501): async_invalidateAssertionWithIdentifier:
Aug 28 14:08:52.818359 symptomsd(SymptomNetworkUsage)[170] <Debug>: 57866 dev.selfhost.firstActivationProbe: ForegroundRunning (most elevated: ForegroundRunning)
Aug 28 14:08:52.820225 mediaserverd(RunningBoardServices)[36] <Info>: Update skipped for [application<dev.selfhost.firstActivationProbe>:57866] with state: <RBSProcessState| task:running-active debug:none endowments:[
Aug 28 14:08:52.820311 mediaserverd(RunningBoardServices)[36] <Info>: Update skipped for [application<dev.selfhost.firstActivationProbe>:57866] with state: <RBSProcessState| task:running-active debug:none endowments:[
Aug 28 14:08:52.820461 SpringBoard(FrontBoard)[47602] <Debug>: [FBSceneManager] PENDING:   <BSEventQueueEvent: 0x281d1f740; sceneUpdateCompleted-sceneID:dev.selfhost.firstActivationProbe-default(4)> @ front
Aug 28 14:08:52.820544 SpringBoard(FrontBoard)[47602] <Debug>: [FBSceneManager] EXECUTING: <BSEventQueueEvent: 0x281d1f740; sceneUpdateCompleted-sceneID:dev.selfhost.firstActivationProbe-default(4)>
Aug 28 14:08:52.820580 UserEventAgent(RunningBoardServices)[30] <Notice>: Hit the server for a process handle ea441ee0000e20a that resolved to: [application<dev.selfhost.firstActivationProbe>:57866]
Aug 28 14:08:52.820780 runningboardd(RunningBoard)[33] <Notice>: Invalidating assertion 33-57866-7810 (target:[application<dev.selfhost.firstActivationProbe>:57866]) from originator [application<dev.selfhost.firstActivationProbe>:57866]
Aug 28 14:08:52.820822 UserEventAgent(RunningBoardServices)[30] <Info>: Update delivered for [application<dev.selfhost.firstActivationProbe>:57866] with taskState 4
Aug 28 14:08:52.820876 UserEventAgent(ADEventListenerPlugin)[30] <Debug>: AppStateChange: <private> (57866) terminated => foregroundRunning
Aug 28 14:08:52.820914 runningboardd(RunningBoard)[33] <Debug>: Incrementing suppression state to 1 for application<dev.selfhost.firstActivationProbe>
Aug 28 14:08:52.820938 runningboardd(RunningBoard)[33] <Debug>: Decrementing suppression state to 0 for application<dev.selfhost.firstActivationProbe>
Aug 28 14:08:52.820984 runningboardd(RunningBoard)[33] <Debug>: END suppressing state updates for application<dev.selfhost.firstActivationProbe>
Aug 28 14:08:52.821280 watchdogd(RunningBoardServices)[57] <Debug>: Received message from server: async_observedProcessStatesDidChange:completion:
Aug 28 14:08:52.821463 SpringBoard(RunningBoardServices)[47602] <Info>: Update skipped for [application<dev.selfhost.firstActivationProbe>:57866] with state: <RBSProcessState| task:running-active debug:none endowments:[
Aug 28 14:08:52.821502 SpringBoard(RunningBoardServices)[47602] <Info>: Update skipped for [application<dev.selfhost.firstActivationProbe>:57866] with state: <RBSProcessState| task:running-active debug:none endowments:[
Aug 28 14:08:52.821564 SpringBoard(UserNotificationsServer)[47602] <Notice>: [dev.selfhost.firstActivationProbe] dev.selfhost.firstActivationProbe application state changed to ForegroundRunning
Aug 28 14:08:52.821602 SpringBoard(UserNotificationsServer)[47602] <Notice>: [dev.selfhost.firstActivationProbe] Ignore becoming foreground for application without push registration
Aug 28 14:08:52.824969 bluetoothd(CoreUtils)[86] <Notice>: SystemUI unknown identifier: 'sceneID:dev.selfhost.firstActivationProbe-default' / 'dev.selfhost.firstActivationProbe'
        <SBSDisplayLayoutElement: 0x28363ab50; sceneID:dev.selfhost.firstActivationProbe-default; bundleID: dev.selfhost.firstActivationProbe; frame: {{0, 0}, {375, 667}}; level: 1; role: primary>;
Aug 28 14:08:52.828145 chronod(ChronoCore)[102] <Notice>: noting foreground launch for dev.selfhost.firstActivationProbe with widget extension; trigger metadata query
Aug 28 14:08:52.828465 Runner(Flutter)[57866] <Notice>: [shorebird] Patch check response: PatchCheckResponse { patch_available: false, patch: None, rolled_back_patch_numbers: Some([]) }
Aug 28 14:08:52.828507 Runner(Flutter)[57866] <Notice>: [shorebird] Update thread finished with status: No update
Aug 28 14:08:52.830365 watchdogd(RunningBoardServices)[57] <Info>: observedProcessStatesDidChange
Aug 28 14:08:52.830571 watchdogd(RunningBoardServices)[57] <Debug>: Decoded RBSProcessHandle with IPC ID ea441ee0000e20a
Aug 28 14:08:52.830793 runningboardd(RunningBoard)[33] <Debug>: Sending state 0x1010f36f0 for application<dev.selfhost.firstActivationProbe> to [daemon<com.apple.wifid>:52]
Aug 28 14:08:52.831669 symptomsd(RunningBoardServices)[170] <Info>: Update delivered for [application<dev.selfhost.firstActivationProbe>:57866] with taskState 4
Aug 28 14:08:52.832087 sharingd[66] <Debug>: SystemUI unknown identifier: 'sceneID:dev.selfhost.firstActivationProbe-default'/ 'dev.selfhost.firstActivationProbe'
Aug 28 14:08:52.834947 runningboardd(RunningBoard)[33] <Debug>: Sending state 0x1010f36f0 for application<dev.selfhost.firstActivationProbe> to [daemon<com.apple.CommCenter>:90]
Aug 28 14:08:52.836975 Runner(CoreFoundation)[57866] <Debug>: Resource lookup at <private>
Aug 28 14:08:52.837678 symptomsd(SymptomNetworkUsage)[170] <Debug>: Dynamic lookup for E01B2FEA-36F1-3C21-AADE-93AC8E03F45C found entry dev.selfhost.firstActivationProbe
Aug 28 14:08:52.839150 runningboardd(RunningBoard)[33] <Debug>: Sending state 0x1010f36f0 for application<dev.selfhost.firstActivationProbe> to [daemon<com.apple.coreservices.useractivityd>:184]
Aug 28 14:08:52.839465 runningboardd(RunningBoard)[33] <Debug>: Sending state 0x1010f36f0 for application<dev.selfhost.firstActivationProbe> to [daemon<com.apple.locationd>:69]
Aug 28 14:08:52.839549 CommCenter(RunningBoardServices)[90] <Info>: Update delivered for [application<dev.selfhost.firstActivationProbe>:57866] with taskState 4
Aug 28 14:08:52.841733 runningboardd(RunningBoard)[33] <Debug>: Sending state 0x1010f36f0 for application<dev.selfhost.firstActivationProbe> to [daemon<com.apple.dasd>:94]
Aug 28 14:08:52.843268 runningboardd(RunningBoard)[33] <Debug>: Sending state 0x1010f36f0 for application<dev.selfhost.firstActivationProbe> to [daemon<com.apple.aggregated>:50213]
Aug 28 14:08:52.846295 CommCenter(RunningBoardServices)[90] <Info>: Update skipped for [application<dev.selfhost.firstActivationProbe>:57866] with state: <RBSProcessState| task:running-active debug:none endowments:[
Aug 28 14:08:52.848912 kbd(RunningBoardServices)[303] <Notice>: Hit the server for a process handle ea441ee0000e20a that resolved to: [application<dev.selfhost.firstActivationProbe>:57866]
Aug 28 14:08:52.851643 SpringBoard(UIKitCore)[47602] <Notice>: [sceneID:dev.selfhost.firstActivationProbe-default] Setting deactivation reasons to: '(none)' for reason: updateAllScenesForBand - Assertion removed.
Aug 28 14:08:52.859035 SpringBoard(FrontBoard)[47602] <Info>: Client intercepting scene update for scene: sceneID:dev.selfhost.firstActivationProbe-default
Aug 28 14:08:52.859147 SpringBoard(FrontBoard)[47602] <Debug>: START SCENE MUTATION ------- sceneID:dev.selfhost.firstActivationProbe-default
Aug 28 14:08:52.859420 SpringBoard(FrontBoard)[47602] <Debug>: [FBSceneManager] PENDING:   <BSEventQueueEvent: 0x281c646e0; sceneUpdatePrepared-sceneID:dev.selfhost.firstActivationProbe-default(5)> @ back
Aug 28 14:08:52.859471 SpringBoard(FrontBoard)[47602] <Debug>: [FBSceneManager] PENDING:   <BSEventQueueEvent: 0x281c64540; applySettings-sceneID:dev.selfhost.firstActivationProbe-default(5)> @ back
Aug 28 14:08:52.859516 SpringBoard(FrontBoard)[47602] <Debug>: Flushing all events for sceneID:dev.selfhost.firstActivationProbe-default
Aug 28 14:08:52.859566 SpringBoard(FrontBoard)[47602] <Debug>: [FBSceneManager] EXECUTING: <BSEventQueueEvent: 0x281c646e0; sceneUpdatePrepared-sceneID:dev.selfhost.firstActivationProbe-default(5)>
Aug 28 14:08:52.859627 SpringBoard(FrontBoard)[47602] <Debug>: [FBSceneManager] PENDING:   <BSEventQueueEvent: 0x281d16aa0; sceneUpdatePrepared-sceneID:dev.selfhost.firstActivationProbe-default(5)> @ front
Aug 28 14:08:52.859669 SpringBoard(FrontBoard)[47602] <Debug>: [FBSceneManager] EXECUTING: <BSEventQueueEvent: 0x281d16aa0; sceneUpdatePrepared-sceneID:dev.selfhost.firstActivationProbe-default(5)>
Aug 28 14:08:52.859786 SpringBoard(FrontBoard)[47602] <Debug>: [FBSceneManager] EXECUTING: <BSEventQueueEvent: 0x281c64540; applySettings-sceneID:dev.selfhost.firstActivationProbe-default(5)>
Aug 28 14:08:52.859826 SpringBoard(FrontBoard)[47602] <Debug>: [FBSceneManager] PENDING:   <BSEventQueueEvent: 0x281d16aa0; sceneUpdateApplied-sceneID:dev.selfhost.firstActivationProbe-default(5)> @ back
Aug 28 14:08:52.859870 SpringBoard(FrontBoard)[47602] <Debug>: [FBSceneManager] PENDING:   <BSEventQueueEvent: 0x281c646e0; sceneMutationCompletion-sceneID:dev.selfhost.firstActivationProbe-default(5)> @ back
Aug 28 14:08:52.859922 SpringBoard(FrontBoard)[47602] <Debug>: [FBSceneManager] EXECUTING: <BSEventQueueEvent: 0x281d16aa0; sceneUpdateApplied-sceneID:dev.selfhost.firstActivationProbe-default(5)>
Aug 28 14:08:52.859972 SpringBoard(FrontBoard)[47602] <Debug>: [FBSceneManager] PENDING:   <BSEventQueueEvent: 0x281c64540; sceneUpdateApplied-sceneID:dev.selfhost.firstActivationProbe-default(5)> @ front
Aug 28 14:08:52.860011 SpringBoard(FrontBoard)[47602] <Debug>: [FBSceneManager] EXECUTING: <BSEventQueueEvent: 0x281c64540; sceneUpdateApplied-sceneID:dev.selfhost.firstActivationProbe-default(5)>
Aug 28 14:08:52.860062 SpringBoard(FrontBoard)[47602] <Info>: [sceneID:dev.selfhost.firstActivationProbe-default] Sending scene action [Forward Event][0x799f] to process 0x114bd7b20 (watchdog: none)
Aug 28 14:08:52.860178 SpringBoard(FrontBoard)[47602] <Debug>: [FBSceneManager] EXECUTING: <BSEventQueueEvent: 0x281c646e0; sceneMutationCompletion-sceneID:dev.selfhost.firstActivationProbe-default(5)>
Aug 28 14:08:52.860238 SpringBoard(FrontBoard)[47602] <Debug>: ---------- END SCENE MUTATION: sceneID:dev.selfhost.firstActivationProbe-default
Aug 28 14:08:52.860611 Runner(CoreFoundation)[57866] <Debug>: Resource lookup at <private>
Aug 28 14:08:52.860668 Runner(CoreFoundation)[57866] <Debug>: Resource lookup at <private>
Aug 28 14:08:52.860727 Runner(UIKitCore)[57866] <Notice>: sceneOfRecord: sceneID: sceneID:dev.selfhost.firstActivationProbe-default  persistentID: E58381BF-9609-426A-9CBF-219636271D47
Aug 28 14:08:52.860788 Runner(UIKitCore)[57866] <Notice>: Deactivation reason removed: 12; deactivation reasons: 4128 -> 32; animating application lifecycle event: 1
Aug 28 14:08:52.860873 Runner(UIKitCore)[57866] <Notice>: Deactivation reason removed: 5; deactivation reasons: 32 -> 0; animating application lifecycle event: 0
Aug 28 14:08:52.860938 Runner(CoreAnalytics)[57866] <Info>: Daemon status changed from 0 to 1
Aug 28 14:08:52.860993 Runner(CoreFoundation)[57866] <Debug>: Resource lookup at <private>
Aug 28 14:08:52.861050 Runner(CoreFoundation)[57866] <Debug>: Resource lookup at <private>
Aug 28 14:08:52.861077 Runner(HangTracer)[57866] <Info>: HTPrefs initialization
Aug 28 14:08:52.861132 Runner(CoreFoundation)[57866] <Info>: Loading Preferences From System CFPrefsD
Aug 28 14:08:52.861181 Runner(CoreFoundation)[57866] <Debug>: CFPrefsPlistSource<0x283944e00> (Domain: com.apple.da, User: kCFPreferencesCurrentUser, ByHost: No, Container: (null), Contents Need Refresh: No) loaded: a new base plist and no additional changes from the base plist
Aug 28 14:08:52.861221 Runner(CoreFoundation)[57866] <Debug>: found no value for key HTEPL.HangTracerEnableCustomerMode in CFPrefsPlistSource<0x283944e00> (Domain: com.apple.da, User: kCFPreferencesCurrentUser, ByHost: No, Container: (null), Contents Need Refresh: No)
Aug 28 14:08:52.861265 Runner(CoreFoundation)[57866] <Debug>: found no value for key PLTasking.HangTracerEnableCustomerMode in CFPrefsPlistSource<0x283944e00> (Domain: com.apple.da, User: kCFPreferencesCurrentUser, ByHost: No, Container: (null), Contents Need Refresh: No)
Aug 28 14:08:52.861308 Runner(CoreFoundation)[57866] <Debug>: found no value for key HangTracerEnableCustomerMode in CFPrefsPlistSource<0x283944e00> (Domain: com.apple.da, User: kCFPreferencesCurrentUser, ByHost: No, Container: (null), Contents Need Refresh: No)
Aug 28 14:08:52.861345 Runner(CoreFoundation)[57866] <Debug>: found no value for key PDSEHangTracer.HangTracerEnableCustomerMode in CFPrefsPlistSource<0x283944e00> (Domain: com.apple.da, User: kCFPreferencesCurrentUser, ByHost: No, Container: (null), Contents Need Refresh: No)
Aug 28 14:08:52.861392 Runner(CoreFoundation)[57866] <Debug>: found no value for key PDSEHTThirdParty.HangTracerEnableCustomerMode in CFPrefsPlistSource<0x283944e00> (Domain: com.apple.da, User: kCFPreferencesCurrentUser, ByHost: No, Container: (null), Contents Need Refresh: No)
Aug 28 14:08:52.861440 Runner(CoreFoundation)[57866] <Debug>: found no value for key PDSEHTRateOnly.HangTracerEnableCustomerMode in CFPrefsPlistSource<0x283944e00> (Domain: com.apple.da, User: kCFPreferencesCurrentUser, ByHost: No, Container: (null), Contents Need Refresh: No)
Aug 28 14:08:52.861487 Runner(CoreFoundation)[57866] <Debug>: found no value for key PDSESentry.HangTracerEnableCustomerMode in CFPrefsPlistSource<0x283944e00> (Domain: com.apple.da, User: kCFPreferencesCurrentUser, ByHost: No, Container: (null), Contents Need Refresh: No)
Aug 28 14:08:52.861626 Runner(HangTracer)[57866] <Debug>: HTPrefs: HangTracerEnableCustomerMode was not found in the com.apple.da domain, a profile, by EPL, by PowerLog Tasking domain, by HT Self Enablement or by HT Sentry Enablement
Aug 28 14:08:52.861668 Runner(HangTracer)[57866] <Info>: HTPrefs: Refreshing preferences
Aug 28 14:08:52.861707 Runner(CoreFoundation)[57866] <Debug>: found no value for key HTEPL.HangTracerEnableCustomerMode in CFPrefsPlistSource<0x283944e00> (Domain: com.apple.da, User: kCFPreferencesCurrentUser, ByHost: No, Container: (null), Contents Need Refresh: No)
Aug 28 14:08:52.861757 Runner(CoreFoundation)[57866] <Debug>: found no value for key PLTasking.HangTracerEnableCustomerMode in CFPrefsPlistSource<0x283944e00> (Domain: com.apple.da, User: kCFPreferencesCurrentUser, ByHost: No, Container: (null), Contents Need Refresh: No)
Aug 28 14:08:52.861812 cfprefsd(CoreFoundation)[91] <Debug>: Process 57866 (Runner) sent a request related to { com.apple.da, user: mobile, kCFPreferencesAnyHost, /var/mobile/Library/Preferences/com.apple.da.plist, managed: 0 } (0x100307ae0)
Aug 28 14:08:52.861853 cfprefsd(CoreFoundation)[91] <Debug>: Process 57866 (Runner) read data for { com.apple.da, mobile, kCFPreferencesAnyHost, /var/mobile/Library/Preferences/com.apple.da.plist, managed: 0 }, backed by /private/var/mobile/Library/Preferences/com.apple.da.plist
Aug 28 14:08:52.861908 Runner(CoreFoundation)[57866] <Debug>: found no value for key HangTracerEnableCustomerMode in CFPrefsPlistSource<0x283944e00> (Domain: com.apple.da, User: kCFPreferencesCurrentUser, ByHost: No, Container: (null), Contents Need Refresh: No)
Aug 28 14:08:52.861969 Runner(CoreFoundation)[57866] <Debug>: found no value for key PDSEHangTracer.HangTracerEnableCustomerMode in CFPrefsPlistSource<0x283944e00> (Domain: com.apple.da, User: kCFPreferencesCurrentUser, ByHost: No, Container: (null), Contents Need Refresh: No)
Aug 28 14:08:52.862162 Runner(CoreFoundation)[57866] <Debug>: found no value for key PDSEHTThirdParty.HangTracerEnableCustomerMode in CFPrefsPlistSource<0x283944e00> (Domain: com.apple.da, User: kCFPreferencesCurrentUser, ByHost: No, Container: (null), Contents Need Refresh: No)
Aug 28 14:08:52.862358 Runner(CoreFoundation)[57866] <Debug>: found no value for key PDSEHTRateOnly.HangTracerEnableCustomerMode in CFPrefsPlistSource<0x283944e00> (Domain: com.apple.da, User: kCFPreferencesCurrentUser, ByHost: No, Container: (null), Contents Need Refresh: No)
Aug 28 14:08:52.862399 Runner(CoreFoundation)[57866] <Debug>: found no value for key PDSESentry.HangTracerEnableCustomerMode in CFPrefsPlistSource<0x283944e00> (Domain: com.apple.da, User: kCFPreferencesCurrentUser, ByHost: No, Container: (null), Contents Need Refresh: No)
Aug 28 14:08:52.862457 Runner(HangTracer)[57866] <Debug>: HTPrefs: HangTracerEnableCustomerMode was not found in the com.apple.da domain, a profile, by EPL, by PowerLog Tasking domain, by HT Self Enablement or by HT Sentry Enablement
Aug 28 14:08:52.862515 Runner(HangTracer)[57866] <Debug>: Preparing prefInitList
Aug 28 14:08:52.862586 Runner(CoreFoundation)[57866] <Debug>: found no value for key HTEPL.HangTracerEnabled in CFPrefsPlistSource<0x283944e00> (Domain: com.apple.da, User: kCFPreferencesCurrentUser, ByHost: No, Container: (null), Contents Need Refresh: No)
Aug 28 14:08:52.862655 Runner(CoreFoundation)[57866] <Debug>: found no value for key PLTasking.HangTracerEnabled in CFPrefsPlistSource<0x283944e00> (Domain: com.apple.da, User: kCFPreferencesCurrentUser, ByHost: No, Container: (null), Contents Need Refresh: No)
Aug 28 14:08:52.862836 SpringBoard(FrontBoard)[47602] <Info>: [sceneID:dev.selfhost.firstActivationProbe-default] Scene action [Forward Event][0x799f] completed with success: 1
Aug 28 14:08:52.862885 SpringBoard(FrontBoard)[47602] <Debug>: [FBSceneManager] PENDING:   <BSEventQueueEvent: 0x281c6e800; updateComplete-sceneID:dev.selfhost.firstActivationProbe-default(5)> @ back
Aug 28 14:08:52.862951 Runner(CoreFoundation)[57866] <Debug>: found no value for key HangTracerEnabled in CFPrefsPlistSource<0x283944e00> (Domain: com.apple.da, User: kCFPreferencesCurrentUser, ByHost: No, Container: (null), Contents Need Refresh: No)
Aug 28 14:08:52.863031 Runner(CoreFoundation)[57866] <Debug>: found no value for key PDSEHangTracer.HangTracerEnabled in CFPrefsPlistSource<0x283944e00> (Domain: com.apple.da, User: kCFPreferencesCurrentUser, ByHost: No, Container: (null), Contents Need Refresh: No)
Aug 28 14:08:52.863088 Runner(CoreFoundation)[57866] <Debug>: found no value for key PDSEHTThirdParty.HangTracerEnabled in CFPrefsPlistSource<0x283944e00> (Domain: com.apple.da, User: kCFPreferencesCurrentUser, ByHost: No, Container: (null), Contents Need Refresh: No)
Aug 28 14:08:52.863157 Runner(CoreFoundation)[57866] <Debug>: found no value for key PDSEHTRateOnly.HangTracerEnabled in CFPrefsPlistSource<0x283944e00> (Domain: com.apple.da, User: kCFPreferencesCurrentUser, ByHost: No, Container: (null), Contents Need Refresh: No)
Aug 28 14:08:52.863205 Runner(CoreFoundation)[57866] <Debug>: found no value for key PDSESentry.HangTracerEnabled in CFPrefsPlistSource<0x283944e00> (Domain: com.apple.da, User: kCFPreferencesCurrentUser, ByHost: No, Container: (null), Contents Need Refresh: No)
Aug 28 14:08:52.863278 SpringBoard(FrontBoard)[47602] <Info>: [sceneID:dev.selfhost.firstActivationProbe-default] Client settings updated with diff: <private>
Aug 28 14:08:52.863319 SpringBoard(FrontBoard)[47602] <Debug>: [FBSceneManager] EXECUTING: <BSEventQueueEvent: 0x281c6e800; updateComplete-sceneID:dev.selfhost.firstActivationProbe-default(5)>
Aug 28 14:08:52.863367 SpringBoard(FrontBoard)[47602] <Debug>: [FBSceneManager] PENDING:   <BSEventQueueEvent: 0x281c6fea0; sceneUpdateCompleted-sceneID:dev.selfhost.firstActivationProbe-default(5)> @ back
Aug 28 14:08:52.863407 SpringBoard(FrontBoard)[47602] <Debug>: [FBSceneManager] EXECUTING: <BSEventQueueEvent: 0x281c6fea0; sceneUpdateCompleted-sceneID:dev.selfhost.firstActivationProbe-default(5)>
Aug 28 14:08:52.863468 SpringBoard(FrontBoard)[47602] <Debug>: [FBSceneManager] PENDING:   <BSEventQueueEvent: 0x281c6e3a0; sceneUpdateCompleted-sceneID:dev.selfhost.firstActivationProbe-default(5)> @ front
Aug 28 14:08:52.863507 SpringBoard(FrontBoard)[47602] <Debug>: [FBSceneManager] EXECUTING: <BSEventQueueEvent: 0x281c6e3a0; sceneUpdateCompleted-sceneID:dev.selfhost.firstActivationProbe-default(5)>
Aug 28 14:08:52.863586 SpringBoard(FrontBoard)[47602] <Info>: [sceneID:dev.selfhost.firstActivationProbe-default] didUpdateClientSettingsWithDiff: <private>
Aug 28 14:08:52.863609 Runner(HangTracer)[57866] <Debug>: HTPrefs: HangTracerEnabled was not found in the com.apple.da domain, a profile, by EPL, by PowerLog Tasking domain, by HT Self Enablement or by HT Sentry Enablement
Aug 28 14:08:52.863657 Runner(HangTracer)[57866] <Info>: Posting notification com.apple.hangtracer.htprefs.refreshed
Aug 28 14:08:52.863702 SpringBoard(FrontBoard)[47602] <Debug>: [FBSceneManager] PENDING:   <BSEventQueueEvent: 0x281c66ba0; handleDidUpdateClientSettings-sceneID:dev.selfhost.firstActivationProbe-default(5)> @ back
Aug 28 14:08:52.863753 SpringBoard(FrontBoard)[47602] <Debug>: [FBSceneManager] EXECUTING: <BSEventQueueEvent: 0x281c66ba0; handleDidUpdateClientSettings-sceneID:dev.selfhost.firstActivationProbe-default(5)>
Aug 28 14:08:52.863892 SpringBoard(FrontBoard)[47602] <Debug>: [FBSceneManager] PENDING:   <BSEventQueueEvent: 0x281c64cc0; didUpdateClientSettings-sceneID:dev.selfhost.firstActivationProbe-default(5)> @ back
Aug 28 14:08:52.863931 SpringBoard(FrontBoard)[47602] <Debug>: [FBSceneManager] PENDING:   <BSEventQueueEvent: 0x281c669c0; didUpdateClientSettingsCompletion-sceneID:dev.selfhost.firstActivationProbe-default(5)> @ back
Aug 28 14:08:52.864098 SpringBoard(FrontBoard)[47602] <Debug>: [FBSceneManager] EXECUTING: <BSEventQueueEvent: 0x281c64cc0; didUpdateClientSettings-sceneID:dev.selfhost.firstActivationProbe-default(5)>
Aug 28 14:08:52.864137 SpringBoard(FrontBoard)[47602] <Debug>: [FBSceneManager] PENDING:   <BSEventQueueEvent: 0x281c6e1c0; didUpdateClientSettings-sceneID:dev.selfhost.firstActivationProbe-default(5)> @ front
Aug 28 14:08:52.864186 SpringBoard(FrontBoard)[47602] <Debug>: [FBSceneManager] EXECUTING: <BSEventQueueEvent: 0x281c6e1c0; didUpdateClientSettings-sceneID:dev.selfhost.firstActivationProbe-default(5)>
Aug 28 14:08:52.864316 SpringBoard(FrontBoard)[47602] <Debug>: [FBSceneManager] EXECUTING: <BSEventQueueEvent: 0x281c669c0; didUpdateClientSettingsCompletion-sceneID:dev.selfhost.firstActivationProbe-default(5)>
Aug 28 14:08:52.864694 kbd(RunningBoardServices)[303] <Info>: Update delivered for [application<dev.selfhost.firstActivationProbe>:57866] with taskState 4
Aug 28 14:08:52.865163 runningboardd(RunningBoard)[33] <Debug>: Removing assertion 33-57866-7810 on [application<dev.selfhost.firstActivationProbe>:57866]
Aug 28 14:08:52.865212 runningboardd(RunningBoard)[33] <Debug>: Updating events for assertion: 33-57866-7810 (target:[application<dev.selfhost.firstActivationProbe>:57866])
Aug 28 14:08:52.865259 runningboardd(RunningBoard)[33] <Debug>: > application<dev.selfhost.firstActivationProbe> ['RB Underlying Assertion'] [33-33-7806]
Aug 28 14:08:52.865305 runningboardd(RunningBoard)[33] <Debug>: Removing events for context: 33-57866-7810 (target:[application<dev.selfhost.firstActivationProbe>:57866])
Aug 28 14:08:52.865356 runningboardd(RunningBoard)[33] <Debug>: > application<dev.selfhost.firstActivationProbe> ['Shared Background Assertion 0 for dev.selfhost.firstActivationProbe'] [33-57866-7808]
Aug 28 14:08:52.865402 runningboardd(RunningBoard)[33] <Info>: application<dev.selfhost.firstActivationProbe> is now targeted by 5 assertions
Aug 28 14:08:52.865596 runningboardd(RunningBoard)[33] <Debug>: > 57866 ['Shared Background Assertion 0 for dev.selfhost.firstActivationProbe'] [33-57866-7808]
Aug 28 14:08:52.865636 runningboardd(RunningBoard)[33] <Debug>: > 57866 ['injecting inherited from "UIScene:com.apple.frontboard.systemappservices::com.apple.springboard" to 57866<UIScene:com.apple.frontboard.systemappservices::sceneID%3Adev.selfhost.firstActivationProbe-default>'] [33-47602-7809]
Aug 28 14:08:52.868855 kbd(RunningBoardServices)[303] <Info>: Update skipped for [application<dev.selfhost.firstActivationProbe>:57866] with state: <RBSProcessState| task:running-active debug:none endowments:[
Aug 28 14:08:52.875576 symptomsd(RunningBoardServices)[170] <Info>: Update skipped for [application<dev.selfhost.firstActivationProbe>:57866] with state: <RBSProcessState| task:running-active debug:none endowments:[
Aug 28 14:08:52.877791 symptomsd(RunningBoardServices)[170] <Info>: Update skipped for [application<dev.selfhost.firstActivationProbe>:57866] with state: <RBSProcessState| task:running-active debug:none endowments:[
Aug 28 14:08:52.880041 runningboardd(RunningBoard)[33] <Info>: Received message from [daemon<com.apple.watchdogd>:57] (euid 0, auid 0): lookupHandleForKey:error:
Aug 28 14:08:52.880245 backboardd(RunningBoardServices)[65] <Notice>: Hit the server for a process handle ea441ee0000e20a that resolved to: [application<dev.selfhost.firstActivationProbe>:57866]
Aug 28 14:08:52.881282 backboardd(RunningBoardServices)[65] <Info>: Update delivered for [application<dev.selfhost.firstActivationProbe>:57866] with taskState 4
Aug 28 14:08:52.881485 backboardd(RunningBoardServices)[65] <Info>: Update skipped for [application<dev.selfhost.firstActivationProbe>:57866] with state: <RBSProcessState| task:running-active debug:none endowments:[
Aug 28 14:08:52.887394 watchdogd(RunningBoardServices)[57] <Notice>: Hit the server for a process handle ea441ee0000e20a that resolved to: [application<dev.selfhost.firstActivationProbe>:57866]
Aug 28 14:08:52.887565 watchdogd(RunningBoardServices)[57] <Notice>: Received state update for 57866
Aug 28 14:08:52.888718 callservicesd(RunningBoardServices)[131] <Notice>: Hit the server for a process handle ea441ee0000e20a that resolved to: [application<dev.selfhost.firstActivationProbe>:57866]
Aug 28 14:08:52.890168 wifid(RunningBoardServices)[52] <Notice>: Hit the server for a process handle ea441ee0000e20a that resolved to: [application<dev.selfhost.firstActivationProbe>:57866]
Aug 28 14:08:52.890988 callservicesd(RunningBoardServices)[131] <Info>: Update delivered for [application<dev.selfhost.firstActivationProbe>:57866] with taskState 4
Aug 28 14:08:52.891619 watchdogd(RunningBoardServices)[57] <Info>: Update delivered for [application<dev.selfhost.firstActivationProbe>:57866] with taskState 4
Aug 28 14:08:52.891922 useractivityd(RunningBoardServices)[184] <Notice>: Hit the server for a process handle ea441ee0000e20a that resolved to: [application<dev.selfhost.firstActivationProbe>:57866]
Aug 28 14:08:52.892208 useractivityd(RunningBoardServices)[184] <Info>: Update delivered for [application<dev.selfhost.firstActivationProbe>:57866] with taskState 4
Aug 28 14:08:52.893300 dasd(RunningBoardServices)[94] <Notice>: Hit the server for a process handle ea441ee0000e20a that resolved to: [application<dev.selfhost.firstActivationProbe>:57866]
Aug 28 14:08:52.893607 watchdogd[57] <Info>: 1310180631550583: <private>
Aug 28 14:08:52.896557 aggregated(RunningBoardServices)[50213] <Notice>: Hit the server for a process handle ea441ee0000e20a that resolved to: [application<dev.selfhost.firstActivationProbe>:57866]
Aug 28 14:08:52.896800 locationd(RunningBoardServices)[69] <Notice>: Hit the server for a process handle ea441ee0000e20a that resolved to: [application<dev.selfhost.firstActivationProbe>:57866]
Aug 28 14:08:52.897066 locationd(RunningBoardServices)[69] <Info>: Update delivered for [application<dev.selfhost.firstActivationProbe>:57866] with taskState 4
Aug 28 14:08:52.903827 locationd[69] <Notice>: {"msg":"#CLIUA Marking change", "clientKey":"dev.selfhost.firstActivationProbe", "reason":"Process state from RunningBoard", "assertionLevel":5, "coming":1}
Aug 28 14:08:52.905456 locationd[69] <Info>: getClientEffectiveRegistrationResult, , dev.selfhost.firstActivationProbe, , CLClientRegistrationResult, kCLClientRegistrationResultFailedUnavailable, CLCommonLocationServicesEnabled, 1
Aug 28 14:08:52.905592 locationd[69] <Info>: getClientEffectiveRegistrationResult, , dev.selfhost.firstActivationProbe, , CLClientRegistrationResult, kCLClientRegistrationResultFailedUnavailable, CLCommonLocationServicesEnabled, 1
Aug 28 14:08:52.905664 locationd[69] <Debug>: {"msg":"Skip UpdateClientServiceTypeMasks #pla for zones. No InterestZones", "ClientKey":"dev.selfhost.firstActivationProbe"}
Aug 28 14:08:52.908771 runningboardd(RunningBoard)[33] <Debug>: [daemon<com.apple.SpringBoard>:47602] query resolved to [application<dev.selfhost.firstActivationProbe>:57866]
Aug 28 14:08:52.913036 useractivityd(RunningBoardServices)[184] <Info>: Update skipped for [application<dev.selfhost.firstActivationProbe>:57866] with state: <RBSProcessState| task:running-active debug:none endowments:[
Aug 28 14:08:52.914165 aggregated(RunningBoardServices)[50213] <Info>: Update delivered for [application<dev.selfhost.firstActivationProbe>:57866] with taskState 4
Aug 28 14:08:52.914645 watchdogd(RunningBoardServices)[57] <Debug>: Received message from server: async_observedProcessStatesDidChange:completion:
Aug 28 14:08:52.914743 watchdogd(RunningBoardServices)[57] <Info>: observedProcessStatesDidChange
Aug 28 14:08:52.914931 watchdogd(RunningBoardServices)[57] <Debug>: Decoded RBSProcessHandle with IPC ID ea441ee0000e20a
Aug 28 14:08:52.915041 watchdogd(RunningBoardServices)[57] <Notice>: Received state update for 57866
Aug 28 14:08:52.915284 watchdogd(RunningBoardServices)[57] <Info>: Update skipped for [application<dev.selfhost.firstActivationProbe>:57866] with state: <RBSProcessState| task:running-active debug:none endowments:[
Aug 28 14:08:52.918252 callservicesd(RunningBoardServices)[131] <Info>: Update skipped for [application<dev.selfhost.firstActivationProbe>:57866] with state: <RBSProcessState| task:running-active debug:none endowments:[
Aug 28 14:08:52.919113 contextstored(RunningBoardServices)[61] <Notice>: Hit the server for a process handle ea441ee0000e20a that resolved to: [application<dev.selfhost.firstActivationProbe>:57866]
Aug 28 14:08:52.919482 contextstored(RunningBoardServices)[61] <Info>: Update delivered for [application<dev.selfhost.firstActivationProbe>:57866] with taskState 4
Aug 28 14:08:52.922074 locationd(RunningBoardServices)[69] <Info>: Update skipped for [application<dev.selfhost.firstActivationProbe>:57866] with state: <RBSProcessState| task:running-active debug:none endowments:[
Aug 28 14:08:52.922892 aggregated(RunningBoardServices)[50213] <Info>: Update skipped for [application<dev.selfhost.firstActivationProbe>:57866] with state: <RBSProcessState| task:running-active debug:none endowments:[
Aug 28 14:08:52.925475 dasd(RunningBoardServices)[94] <Info>: Update delivered for [application<dev.selfhost.firstActivationProbe>:57866] with taskState 4
Aug 28 14:08:52.925688 dasd(RunningBoardServices)[94] <Info>: Update skipped for [application<dev.selfhost.firstActivationProbe>:57866] with state: <RBSProcessState| task:running-active debug:none endowments:[
Aug 28 14:08:52.927965 contextstored(RunningBoardServices)[61] <Info>: Update skipped for [application<dev.selfhost.firstActivationProbe>:57866] with state: <RBSProcessState| task:running-active debug:none endowments:[
Aug 28 14:08:52.930968 UserEventAgent(RunningBoardServices)[30] <Info>: Update delivered for [application<dev.selfhost.firstActivationProbe>:57866] with taskState 4
Aug 28 14:08:52.934732 wifid(WiFiPolicy)[52] <Notice>: WifiDeviceManagerCatsWhitelistedApp: CATS en0:  deviceManager:0x10582dc00 FgApp:dev.selfhost.firstActivationProbe stateChange:1 whitelisted=1
Aug 28 14:08:52.935427 wifid(WiFiPolicy)[52] <Notice>: WiFiDeviceManagerCatsSetLowLatencyApp: CATSUpdate en0: fgApp:dev.selfhost.firstActivationProbe b=0x0 rc=0
Aug 28 14:08:52.935731 wifid(WiFiPolicy)[52] <Notice>: WiFiDeviceManagerCatsSetForegroundApp: CATSUpdate en0: fgApp:dev.selfhost.firstActivationProbe hs=0 t=1 wl=1 rc=1
Aug 28 14:08:52.936742 wifid(RunningBoardServices)[52] <Info>: Update delivered for [application<dev.selfhost.firstActivationProbe>:57866] with taskState 4
Aug 28 14:08:52.937771 wifid(RunningBoardServices)[52] <Info>: Update skipped for [application<dev.selfhost.firstActivationProbe>:57866] with state: <RBSProcessState| task:running-active debug:none endowments:[
Aug 28 14:08:52.942715 dasd(RunningBoardServices)[94] <Info>: Update delivered for [application<dev.selfhost.firstActivationProbe>:57866] with taskState 4
Aug 28 14:08:52.943188 dasd(RunningBoardServices)[94] <Info>: Update skipped for [application<dev.selfhost.firstActivationProbe>:57866] with state: <RBSProcessState| task:running-active debug:none endowments:[
Aug 28 14:08:52.943317 dasd(RunningBoardServices)[94] <Info>: Update delivered for [application<dev.selfhost.firstActivationProbe>:57866] with taskState 4
Aug 28 14:08:52.943697 dasd(RunningBoardServices)[94] <Info>: Update skipped for [application<dev.selfhost.firstActivationProbe>:57866] with state: <RBSProcessState| task:running-active debug:none endowments:[
Aug 28 14:08:52.949677 UserEventAgent(RunningBoardServices)[30] <Info>: Update delivered for [application<dev.selfhost.firstActivationProbe>:57866] with taskState 4
Aug 28 14:08:52.954817 UserEventAgent(RunningBoardServices)[30] <Info>: Update delivered for [application<dev.selfhost.firstActivationProbe>:57866] with taskState 4
Aug 28 14:08:52.955173 UserEventAgent(RunningBoardServices)[30] <Info>: Update skipped for [application<dev.selfhost.firstActivationProbe>:57866] with state: <RBSProcessState| task:running-active debug:none endowments:[
	<RBSProcessAssertionInfo| type:2 reason:10000 name:"Domain" domain:"com.apple.frontboard:Bootstrap-Foreground,com.apple.frontboard:Visibility" expl:"FBApplicationProcess">,
Aug 28 14:08:52.956144 UserEventAgent(RunningBoardServices)[30] <Info>: Update skipped for [application<dev.selfhost.firstActivationProbe>:57866] with state: <RBSProcessState| task:running-active debug:none endowments:[
	<RBSProcessAssertionInfo| type:2 reason:10000 name:"Domain" domain:"com.apple.frontboard:Bootstrap-Foreground,com.apple.frontboard:Visibility" expl:"FBApplicationProcess">,
	<RBSProcessAssertionInfo| type:1 reason:0 name:"Custom" domain:"(null)" expl:"injecting inherited from "UIScene:com.apple.frontboard.systemappservices::com.apple.springboard" to 57866<UIScene:com.apple.frontboard.systemappservices::sceneID%3Adev.selfhost.firstActivationProbe-default>">
Aug 28 14:08:52.963304 symptomsd(SymptomNetworkUsage)[170] <Info>: handleApplicationStateChangeForDisplayName: name dev.selfhost.firstActivationProbe uuid E01B2FEA-36F1-3C21-AADE-93AC8E03F45C pid 57866 state BKSApplicationStateForegroundRunning
Aug 28 14:08:52.964572 symptomsd(SymptomNetworkUsage)[170] <Debug>: Dynamic lookup for E01B2FEA-36F1-3C21-AADE-93AC8E03F45C found entry dev.selfhost.firstActivationProbe
Aug 28 14:08:52.967134 symptomsd(SymptomEvaluator)[170] <Info>: COSMCtrl foregroundAppObserver gets E01B2FEA-36F1-3C21-AADE-93AC8E03F45C for dev.selfhost.firstActivationProbe state 1
Aug 28 14:08:52.967382 symptomsd(SymptomEvaluator)[170] <Debug>: COSMCtrl _foregroundAppActivity entry for E01B2FEA-36F1-3C21-AADE-93AC8E03F45C -> dev.selfhost.firstActivationProbe  fg 1
Aug 28 14:08:52.967550 symptomsd(SymptomEvaluator)[170] <Debug>: COSMCtrl _foregroundAppActivity exit for E01B2FEA-36F1-3C21-AADE-93AC8E03F45C -> dev.selfhost.firstActivationProbe  policy id 0  fg 1 fg-activity 0
Aug 28 14:08:52.971793 symptomsd(SymptomEvaluator)[170] <Debug>: Flow data on entry is Runner TCP4 flow id 1235094 (close) so pkts rx 2 tx 2, bytes 311 424 cell 0 0 wifi 391 504 wired 0 0 deltas 311 424 0 0 391 504 0 0
src 1235094 snapshot: Runner TCP4 flow id 1235094 (close) so pkts rx 2 tx 2, bytes 311 424 cell 0 0 wifi 391 504 wired 0 0 deltas 311 424 0 0 391 504 0 0
Aug 28 14:08:52.972511 symptomsd(SymptomEvaluator)[170] <Debug>: --> activityBitmaps: adding new bitmaps for app [dev.selfhost.firstActivationProbe] with bitmaps starting at 1310176: [             0x1] [               0]
Aug 28 14:08:52.972839 symptomsd(SymptomEvaluator)[170] <Debug>: --> activityBitmaps for dev.selfhost.firstActivationProbe: current bitmaps stored before adding new bitmap: [Activity time: 03:50:13.000 -0400 (1306888) ] [wordOffset: 2, numOfWords:8] <   0x40000000000                0          0x10010 0x1000000000000000                0 0x800008000000000                0                0 >
Aug 28 14:08:52.972980 symptomsd(SymptomEvaluator)[170] <Debug>: --> activityBitmaps for dev.selfhost.firstActivationProbe: flowId 1235094, startTime 1310176, new bitmap part1:              0x1, part2:                0
Aug 28 14:08:52.973109 symptomsd(SymptomEvaluator)[170] <Debug>: --> activityBitmaps for dev.selfhost.firstActivationProbe: current bitmaps stored after adding new bitmap: [Activity time: 03:58:45.000 -0400 (1307400) ] [wordOffset: 3, numOfWords:8] <               0          0x10010 0x1000000000000000                0 0x800008000000000        0x8000000                0                0 >
Aug 28 14:08:52.974909 symptomsd(SymptomEvaluator)[170] <Debug>: found LU hint (mode: 1) for dev.selfhost.firstActivationProbe: 0x102829350, subscriber tag: 0
Aug 28 14:08:52.975086 symptomsd(SymptomEvaluator)[170] <Notice>: Data Usage for dev.selfhost.firstActivationProbe on flow 1235094 - WiFi in/out: 27666/23426, WiFi delta_in/delta_out: 391/504, Cell in/out: 0/0, Cell delta_in/delta_out: 0/0, RNF: 0, subscriber tag: 0
Aug 28 14:08:52.975311 symptomsd(SymptomEvaluator)[170] <Debug>: Data Usage for dev.selfhost.firstActivationProbe on flow 1235094 - Wired in/out: 0/0, Wired delta_in/delta_out: 0/0, subscriber tag: 0
Aug 28 14:08:52.975425 symptomsd(SymptomEvaluator)[170] <Info>: changedForegroundState to 1 for dev.selfhost.firstActivationProbe
Aug 28 14:08:52.975583 symptomsd(SymptomEvaluator)[170] <Debug>: app name dev.selfhost.firstActivationProbe isForeground 1  hasForegroundApps 1, current idea of foreground 0 disp (null)
Aug 28 14:08:52.975710 symptomsd(SymptomEvaluator)[170] <Notice>: dev.selfhost.firstActivationProbe: Foreground: true
Aug 28 14:08:52.975906 symptomsd(SymptomEvaluator)[170] <Debug>: found LU hint (mode: 1) for dev.selfhost.firstActivationProbe: 0x102829350, subscriber tag: 0
Aug 28 14:08:52.975993 symptomsd(SymptomEvaluator)[170] <Info>: Set appCompactState object 51092 for key dev.selfhost.firstActivationProbe
Aug 28 14:08:53.074485 SpringBoard(SplashBoard)[47602] <Info>: <XBApplicationSnapshot: 0x109ddf7d0; …2F3B89D0D3F1> [dev.selfhost.firstActivationProbe] Purging the cached image; force: 0; _imageAccessCount: 0; _keepImageAccessUntilExpiration: 0; _hasProtectedContent: 0; _keepImageAccessForPreheat: 0
Aug 28 14:08:53.077620 Runner(CoreFoundation)[57866] <Debug>: Resource lookup at <private>
Aug 28 14:08:53.085985 Runner(CoreFoundation)[57866] <Debug>: found no value for key EnhancedTextLegibilityEnabled in CFPrefsSearchListSource<0x283955d80> (Domain: dev.selfhost.firstActivationProbe, Container: (null))
Aug 28 14:08:53.086558 Runner(libAccessibility.dylib)[57866] <Debug>: CF Read: domain = dev.selfhost.firstActivationProbe, preference = EnhancedTextLegibilityEnabled, appID = dev.selfhost.firstActivationProbe result = (null) (-1 - empty, 0 - false, 1 - true)
Aug 28 14:08:53.086694 Runner(CoreFoundation)[57866] <Debug>: found no value for key DarkenSystemColors in CFPrefsSearchListSource<0x283955d80> (Domain: dev.selfhost.firstActivationProbe, Container: (null))
Aug 28 14:08:53.087281 Runner(libAccessibility.dylib)[57866] <Debug>: CF Read: domain = dev.selfhost.firstActivationProbe, preference = DarkenSystemColors, appID = dev.selfhost.firstActivationProbe result = (null) (-1 - empty, 0 - false, 1 - true)
Aug 28 14:08:53.087403 Runner(CoreFoundation)[57866] <Debug>: found no value for key InvertColorsEnabled in CFPrefsSearchListSource<0x283955d80> (Domain: dev.selfhost.firstActivationProbe, Container: (null))
Aug 28 14:08:53.087515 Runner(libAccessibility.dylib)[57866] <Debug>: CF Read: domain = dev.selfhost.firstActivationProbe, preference = InvertColorsEnabled, appID = dev.selfhost.firstActivationProbe result = (null) (-1 - empty, 0 - false, 1 - true)
Aug 28 14:08:53.090480 Runner(UIKitCore)[57866] <Notice>: <private>: Ending background task with UIBackgroundTaskIdentifier: 1
Aug 28 14:08:53.090843 Runner(UIKitCore)[57866] <Notice>: <private>: Ending task with identifier 1 and description: <private>, _expireHandler: <__NSGlobalBlock__: 0x1ec737410>
Aug 28 14:08:53.091397 Runner(UIKitCore)[57866] <Notice>: <private>: Decrementing reference count for assertion used by background task with identifier 1: <private>
Aug 28 14:08:53.091465 Runner(UIKitCore)[57866] <Notice>: <private>: Will invalidate assertion: <BKSProcessAssertion: 0x283455680> for task identifier: 1
Aug 28 14:08:53.091521 runningboardd(RunningBoard)[33] <Info>: Received message from [application<dev.selfhost.firstActivationProbe>:57866] (euid 501, auid 501): async_invalidateAssertionWithIdentifier:
Aug 28 14:08:53.091778 runningboardd(RunningBoard)[33] <Notice>: Invalidating assertion 33-57866-7808 (target:[application<dev.selfhost.firstActivationProbe>:57866]) from originator [application<dev.selfhost.firstActivationProbe>:57866]
<SBTransitionSwitcherModifierEvent: 0x282179200; type: MainTransition; transitionID: 94D0319A-3583-44BE-B019-7CC8474C745F; phase: Complete; animated: YES; fromAppLayout: 0x0; toAppLayout: <SBAppLayout: 0x2808e2980; primary: dev.selfhost.firstActivationProbe:default; environment: main>; fromEnvironmentMode: home-screen; toEnvironmentMode: application; pendingTermination: {(
)}; activating: <SBAppLayout: 0x2808e2980; primary: dev.selfhost.firstActivationProbe:default; environment: main>; dosidoTransitionDirection: 0>
		    <SBIconOverlayVisibilitySwitcherEventResponse: 0x2808432c0; visible: NO; appLayout: <SBAppLayout: 0x2808e2980; primary: dev.selfhost.firstActivationProbe:default; environment: main>>;
		    <SBIconViewVisibilitySwitcherEventResponse: 0x283e9cf00; visible: YES; animationSettings: 0x0; appLayout: <SBAppLayout: 0x2808e2980; primary: dev.selfhost.firstActivationProbe:default; environment: main>>;
		    <SBMatchMoveToIconViewSwitcherEventResponse: 0x280850b40; active: NO; appLayout: <SBAppLayout: 0x2808e2980; primary: dev.selfhost.firstActivationProbe:default; environment: main>>;
Aug 28 14:08:53.146804 SpringBoard[47602] <Notice>: Front display did change: <SBApplication: 0x28242b100; dev.selfhost.firstActivationProbe>
        <SBDeviceApplicationSceneEntity: 0x283e82170; ID: sceneID:dev.selfhost.firstActivationProbe-default; layoutRole: primary>
                            Application: <SBDeviceApplicationSceneEntity: 0x283e82170; ID: sceneID:dev.selfhost.firstActivationProbe-default; layoutRole: primary>
                            SceneID: sceneID:dev.selfhost.firstActivationProbe-default
                                    Process: <FBApplicationProcess: 0x114bd7b20; application<dev.selfhost.firstActivationProbe>:57866(v731DA)>
                                    SceneID: sceneID:dev.selfhost.firstActivationProbe-default
                                        TIME: 14:08:52.567; DESCRIPTION: Updating scene with watchdog policy: RunWatchdog
        <SBDeviceApplicationSceneEntity: 0x283e82170; ID: sceneID:dev.selfhost.firstActivationProbe-default; layoutRole: primary>
        <SBDeviceApplicationSceneEntity: 0x283e82170; ID: sceneID:dev.selfhost.firstActivationProbe-default; layoutRole: primary>
Aug 28 14:08:53.185940 runningboardd(RunningBoard)[33] <Debug>: [daemon<com.apple.CommCenter>:90] query resolved to [application<dev.selfhost.firstActivationProbe>:57866]
Aug 28 14:08:53.186185 Runner(CoreFoundation)[57866] <Debug>: found no value for key ReduceMotionEnabled in CFPrefsSearchListSource<0x283955d80> (Domain: dev.selfhost.firstActivationProbe, Container: (null))
Aug 28 14:08:53.186205 Runner(libAccessibility.dylib)[57866] <Debug>: CF Read: domain = dev.selfhost.firstActivationProbe, preference = ReduceMotionEnabled, appID = dev.selfhost.firstActivationProbe result = (null) (-1 - empty, 0 - false, 1 - true)
Aug 28 14:08:53.186240 sharingd[66] <Debug>: SystemUI unknown identifier: 'sceneID:dev.selfhost.firstActivationProbe-default'/ 'dev.selfhost.firstActivationProbe'
        <SBSDisplayLayoutElement: 0x2836c0cb0; sceneID:dev.selfhost.firstActivationProbe-default; bundleID: dev.selfhost.firstActivationProbe; frame: {{0, 0}, {375, 667}}; level: 1; role: primary>;
Aug 28 14:08:53.189094 runningboardd(RunningBoard)[33] <Debug>: [daemon<com.apple.SpringBoard>:47602] query resolved to [application<dev.selfhost.firstActivationProbe>:57866]
Aug 28 14:08:53.190353 bluetoothd(CoreUtils)[86] <Notice>: SystemUI unknown identifier: 'sceneID:dev.selfhost.firstActivationProbe-default' / 'dev.selfhost.firstActivationProbe'
Aug 28 14:08:53.200507 runningboardd(RunningBoard)[33] <Debug>: Updating events for assertion: 33-57866-7808 (target:[application<dev.selfhost.firstActivationProbe>:57866])
Aug 28 14:08:53.200530 runningboardd(RunningBoard)[33] <Debug>: Removing assertion 33-57866-7808 on [application<dev.selfhost.firstActivationProbe>:57866]
Aug 28 14:08:53.200549 runningboardd(RunningBoard)[33] <Debug>: > application<dev.selfhost.firstActivationProbe> ['RB Underlying Assertion'] [33-33-7806]
Aug 28 14:08:53.200568 runningboardd(RunningBoard)[33] <Info>: application<dev.selfhost.firstActivationProbe> is now targeted by 4 assertions
Aug 28 14:08:53.200676 runningboardd(RunningBoard)[33] <Debug>: Removing events for context: 33-57866-7808 (target:[application<dev.selfhost.firstActivationProbe>:57866])
Aug 28 14:08:53.200713 runningboardd(RunningBoard)[33] <Debug>: > 57866 ['injecting inherited from "UIScene:com.apple.frontboard.systemappservices::com.apple.springboard" to 57866<UIScene:com.apple.frontboard.systemappservices::sceneID%3Adev.selfhost.firstActivationProbe-default>'] [33-47602-7809]
Aug 28 14:08:53.285564 Runner(CoreFoundation)[57866] <Debug>: found no value for key IncreaseButtonLegibilityEnabled in CFPrefsSearchListSource<0x283955d80> (Domain: dev.selfhost.firstActivationProbe, Container: (null))
Aug 28 14:08:53.285687 Runner(libAccessibility.dylib)[57866] <Debug>: CF Read: domain = dev.selfhost.firstActivationProbe, preference = IncreaseButtonLegibilityEnabled, appID = dev.selfhost.firstActivationProbe result = (null) (-1 - empty, 0 - false, 1 - true)
Aug 28 14:08:53.285745 Runner(CoreFoundation)[57866] <Debug>: found no value for key ReduceMotionAutoplayVideoPreviewsEnabled in CFPrefsSearchListSource<0x283955d80> (Domain: dev.selfhost.firstActivationProbe, Container: (null))
Aug 28 14:08:53.285803 Runner(libAccessibility.dylib)[57866] <Debug>: CF Read: domain = dev.selfhost.firstActivationProbe, preference = ReduceMotionAutoplayVideoPreviewsEnabled, appID = dev.selfhost.firstActivationProbe result = (null) (-1 - empty, 0 - false, 1 - true)
Aug 28 14:08:53.449825 SpringBoard(SplashBoard)[47602] <Info>: <XBApplicationSnapshot: 0x109d3cb20; …A909693DA7E7> [dev.selfhost.firstActivationProbe] Purging the cached image; force: 0; _imageAccessCount: 0; _keepImageAccessUntilExpiration: 0; _hasProtectedContent: 0; _keepImageAccessForPreheat: 0
Aug 28 14:08:53.596176 runningboardd(RunningBoard)[33] <Notice>: Acquiring assertion targeting [application<dev.selfhost.firstActivationProbe>:57866] from originator [daemon<com.apple.SpringBoard>:47602] with description <RBSAssertionDescriptor| "FBWorkspace (ForegroundFocal)" ID:33-47602-7811 target:57866 attributes:[
Aug 28 14:08:53.596356 runningboardd(RunningBoard)[33] <Notice>: Assertion 33-47602-7811 (target:[application<dev.selfhost.firstActivationProbe>:57866]) will be created as active
Aug 28 14:08:53.596539 runningboardd(RunningBoard)[33] <Debug>: BEGIN suppressing state updates for application<dev.selfhost.firstActivationProbe>
Aug 28 14:08:53.596679 runningboardd(RunningBoard)[33] <Debug>: Incrementing suppression state to 1 for application<dev.selfhost.firstActivationProbe>
Aug 28 14:08:53.596819 runningboardd(RunningBoard)[33] <Debug>: Adding assertion 33-47602-7811 (target:[application<dev.selfhost.firstActivationProbe>:57866])
Aug 28 14:08:53.596962 SpringBoard(FrontBoard)[47602] <Notice>: [application<dev.selfhost.firstActivationProbe>:57866] Now acquiring workspace assertion with state: ForegroundFocal.
Aug 28 14:08:53.597405 runningboardd(RunningBoard)[33] <Info>: application<dev.selfhost.firstActivationProbe> is now targeted by 5 assertions
Aug 28 14:08:53.597688 runningboardd(RunningBoard)[33] <Debug>: Updating events for assertion: 33-47602-7811 (target:[application<dev.selfhost.firstActivationProbe>:57866])
Aug 28 14:08:53.597826 runningboardd(RunningBoard)[33] <Debug>: Removing events for context: 33-47602-7811 (target:[application<dev.selfhost.firstActivationProbe>:57866])
Aug 28 14:08:53.597991 runningboardd(RunningBoard)[33] <Info>: [application<dev.selfhost.firstActivationProbe>:57866] Applying updated state
Aug 28 14:08:53.598117 runningboardd(RunningBoard)[33] <Debug>: Enqueueing events for assertion: 33-47602-7811 (target:[application<dev.selfhost.firstActivationProbe>:57866])
Aug 28 14:08:53.598247 runningboardd(RunningBoard)[33] <Notice>: Calculated state for application<dev.selfhost.firstActivationProbe>: running-active (role: UserInteractiveFocal)
    <RBSInheritance| environment:UIScene:com.apple.frontboard.systemappservices::sceneID%3Adev.selfhost.firstActivationProbe-default name:com.apple.frontboard.visibility origID:33-47602-7809 payload>,
Aug 28 14:08:53.598574 runningboardd(RunningBoard)[33] <Debug>: SUPPRESSING state update for application<dev.selfhost.firstActivationProbe>: <RBSProcessState| task:running-active debug:none terminationResistance:Interactive endowments:[
	<RBSProcessAssertionInfo| type:2 reason:10000 name:"Domain" domain:"com.apple.frontboard:Bootstrap-Foreground,com.apple.frontboard:Visibility" expl:"FBApplicationProcess">,
	<RBSProcessAssertionInfo| type:1 reason:0 name:"Custom" domain:"(null)" expl:"injecting inherited from "UIScene:com.apple.frontboard.systemappservices::com.apple.springboard" to 57866<UIScene:com.apple.frontboard.systemappservices::sceneID%3Adev.selfhost.firstActivationProbe-default>">
Aug 28 14:08:53.598979 SpringBoard(FrontBoard)[47602] <Notice>: [application<dev.selfhost.firstActivationProbe>:57866] Dropping launch assertion.
Aug 28 14:08:53.599652 SpringBoard(RunningBoardServices)[47602] <Info>: Update skipped for [application<dev.selfhost.firstActivationProbe>:57866] with state: <RBSProcessState| task:running-active debug:none endowments:[
Aug 28 14:08:53.599945 runningboardd(RunningBoard)[33] <Info>: Finished acquiring assertion 33-47602-7811 (target:[application<dev.selfhost.firstActivationProbe>:57866])
Aug 28 14:08:53.600070 runningboardd(RunningBoard)[33] <Debug>: Decrementing suppression state to 0 for application<dev.selfhost.firstActivationProbe>
Aug 28 14:08:53.600195 runningboardd(RunningBoard)[33] <Debug>: END suppressing state updates for application<dev.selfhost.firstActivationProbe>
Aug 28 14:08:53.600328 runningboardd(RunningBoard)[33] <Debug>: Sending state update for application<dev.selfhost.firstActivationProbe>: <RBSProcessState| task:running-active debug:none terminationResistance:Interactive endowments:[
	<RBSProcessAssertionInfo| type:2 reason:10000 name:"Domain" domain:"com.apple.frontboard:Bootstrap-Foreground,com.apple.frontboard:Visibility" expl:"FBApplicationProcess">,
	<RBSProcessAssertionInfo| type:1 reason:0 name:"Custom" domain:"(null)" expl:"injecting inherited from "UIScene:com.apple.frontboard.systemappservices::com.apple.springboard" to 57866<UIScene:com.apple.frontboard.systemappservices::sceneID%3Adev.selfhost.firstActivationProbe-default>">
Aug 28 14:08:53.601138 runningboardd(RunningBoard)[33] <Notice>: Invalidating assertion 33-47602-7805 (target:application<dev.selfhost.firstActivationProbe>) from originator [daemon<com.apple.SpringBoard>:47602]
Aug 28 14:08:53.601235 mediaserverd(RunningBoardServices)[36] <Info>: Update skipped for [application<dev.selfhost.firstActivationProbe>:57866] with state: <RBSProcessState| task:running-active debug:none endowments:[
Aug 28 14:08:53.601396 mediaserverd(RunningBoardServices)[36] <Info>: Update skipped for [application<dev.selfhost.firstActivationProbe>:57866] with state: <RBSProcessState| task:running-active debug:none endowments:[
Aug 28 14:08:53.601539 Runner(RunningBoardServices)[57866] <Debug>: Received message from server: async_didChangeInheritances:completion:
Aug 28 14:08:53.601629 Runner(RunningBoardServices)[57866] <Info>: didChangeInheritances
Aug 28 14:08:53.601743 Runner(RunningBoardServices)[57866] <Info>: didChangeInheritances: <RBSInheritanceChangeSet| gained:{(
Aug 28 14:08:53.601850 SpringBoard(RunningBoardServices)[47602] <Info>: Update skipped for [application<dev.selfhost.firstActivationProbe>:57866] with state: <RBSProcessState| task:running-active debug:none endowments:[
Aug 28 14:08:53.601926 SpringBoard(RunningBoardServices)[47602] <Info>: Update skipped for [application<dev.selfhost.firstActivationProbe>:57866] with state: <RBSProcessState| task:running-active debug:none endowments:[
Aug 28 14:08:53.603660 SpringBoard(RunningBoardServices)[47602] <Info>: Update skipped for [application<dev.selfhost.firstActivationProbe>:57866] with state: <RBSProcessState| task:running-active debug:none endowments:[
Aug 28 14:08:53.604101 SpringBoard(RunningBoardServices)[47602] <Info>: Update skipped for [application<dev.selfhost.firstActivationProbe>:57866] with state: <RBSProcessState| task:running-active debug:none endowments:[
Aug 28 14:08:53.608447 kbd(RunningBoardServices)[303] <Info>: Update skipped for [application<dev.selfhost.firstActivationProbe>:57866] with state: <RBSProcessState| task:running-active debug:none endowments:[
Aug 28 14:08:53.611332 watchdogd(RunningBoardServices)[57] <Debug>: Received message from server: async_observedProcessStatesDidChange:completion:
Aug 28 14:08:53.620109 CommCenter(RunningBoardServices)[90] <Info>: Update skipped for [application<dev.selfhost.firstActivationProbe>:57866] with state: <RBSProcessState| task:running-active debug:none endowments:[
Aug 28 14:08:53.623980 backboardd(RunningBoardServices)[65] <Info>: Update skipped for [application<dev.selfhost.firstActivationProbe>:57866] with state: <RBSProcessState| task:running-active debug:none endowments:[
Aug 28 14:08:53.625118 UserEventAgent(RunningBoardServices)[30] <Info>: Update skipped for [application<dev.selfhost.firstActivationProbe>:57866] with state: <RBSProcessState| task:running-active debug:none endowments:[
	<RBSProcessAssertionInfo| type:2 reason:10000 name:"Domain" domain:"com.apple.frontboard:Bootstrap-Foreground,com.apple.frontboard:Visibility" expl:"FBApplicationProcess">,
	<RBSProcessAssertionInfo| type:1 reason:0 name:"Custom" domain:"(null)" expl:"injecting inherited from "UIScene:com.apple.frontboard.systemappservices::com.apple.springboard" to 57866<UIScene:com.apple.frontboard.systemappservices::sceneID%3Adev.selfhost.firstActivationProbe-default>">
Aug 28 14:08:53.627035 watchdogd(RunningBoardServices)[57] <Info>: observedProcessStatesDidChange
Aug 28 14:08:53.627299 watchdogd(RunningBoardServices)[57] <Debug>: Decoded RBSProcessHandle with IPC ID ea441ee0000e20a
Aug 28 14:08:53.627600 watchdogd(RunningBoardServices)[57] <Notice>: Received state update for 57866
Aug 28 14:08:53.629845 aggregated(RunningBoardServices)[50213] <Info>: Update skipped for [application<dev.selfhost.firstActivationProbe>:57866] with state: <RBSProcessState| task:running-active debug:none endowments:[
Aug 28 14:08:53.630429 dasd(RunningBoardServices)[94] <Info>: Update skipped for [application<dev.selfhost.firstActivationProbe>:57866] with state: <RBSProcessState| task:running-active debug:none endowments:[
Aug 28 14:08:53.630992 locationd(RunningBoardServices)[69] <Info>: Update skipped for [application<dev.selfhost.firstActivationProbe>:57866] with state: <RBSProcessState| task:running-active debug:none endowments:[
Aug 28 14:08:53.631373 contextstored(RunningBoardServices)[61] <Info>: Update skipped for [application<dev.selfhost.firstActivationProbe>:57866] with state: <RBSProcessState| task:running-active debug:none endowments:[
Aug 28 14:08:53.631758 useractivityd(RunningBoardServices)[184] <Info>: Update skipped for [application<dev.selfhost.firstActivationProbe>:57866] with state: <RBSProcessState| task:running-active debug:none endowments:[
Aug 28 14:08:53.632172 watchdogd(RunningBoardServices)[57] <Info>: Update skipped for [application<dev.selfhost.firstActivationProbe>:57866] with state: <RBSProcessState| task:running-active debug:none endowments:[
Aug 28 14:08:53.632384 callservicesd(RunningBoardServices)[131] <Info>: Update skipped for [application<dev.selfhost.firstActivationProbe>:57866] with state: <RBSProcessState| task:running-active debug:none endowments:[
Aug 28 14:08:53.632482 wifid(RunningBoardServices)[52] <Info>: Update skipped for [application<dev.selfhost.firstActivationProbe>:57866] with state: <RBSProcessState| task:running-active debug:none endowments:[
Aug 28 14:08:53.632883 symptomsd(RunningBoardServices)[170] <Info>: Update skipped for [application<dev.selfhost.firstActivationProbe>:57866] with state: <RBSProcessState| task:running-active debug:none endowments:[
Aug 28 14:08:53.634290 dasd(RunningBoardServices)[94] <Info>: Update skipped for [application<dev.selfhost.firstActivationProbe>:57866] with state: <RBSProcessState| task:running-active debug:none endowments:[
Aug 28 14:08:53.634995 dasd(RunningBoardServices)[94] <Info>: Update skipped for [application<dev.selfhost.firstActivationProbe>:57866] with state: <RBSProcessState| task:running-active debug:none endowments:[
Aug 28 14:08:53.635778 UserEventAgent(RunningBoardServices)[30] <Info>: Update delivered for [application<dev.selfhost.firstActivationProbe>:57866] with taskState 4
Aug 28 14:08:53.656225 runningboardd(RunningBoard)[33] <Info>: _requestedJetsamPriority = 6, _executablePath = /System/Library/PrivateFrameworks/MobileBackup.framework/backupd
Aug 28 14:08:53.658866 runningboardd(RunningBoard)[33] <Info>: _requestedJetsamPriority = 6, _executablePath = /System/Library/PrivateFrameworks/MobileBackup.framework/backupd
Aug 28 14:08:53.660744 runningboardd(RunningBoard)[33] <Debug>: Sending state update for daemon<com.apple.backupd>: <RBSProcessState| task:running debug:none terminationResistance:None>
Aug 28 14:08:53.706955 runningboardd(RunningBoard)[33] <Debug>: Updating events for assertion: 33-47602-7805 (target:application<dev.selfhost.firstActivationProbe>)
Aug 28 14:08:53.707327 runningboardd(RunningBoard)[33] <Debug>: Removing events for context: 33-47602-7805 (target:application<dev.selfhost.firstActivationProbe>)
Aug 28 14:08:53.707494 runningboardd(RunningBoard)[33] <Debug>: Removing assertion 33-47602-7805 on application<dev.selfhost.firstActivationProbe>
Aug 28 14:08:53.708413 runningboardd(RunningBoard)[33] <Debug>: > application<dev.selfhost.firstActivationProbe> ['injecting inherited from "UIScene:com.apple.frontboard.systemappservices::com.apple.springboard" to 57866<UIScene:com.apple.frontboard.systemappservices::sceneID%3Adev.selfhost.firstActivationProbe-default>'] [33-47602-7809]
Aug 28 14:08:53.711159 runningboardd(RunningBoard)[33] <Debug>: > application<dev.selfhost.firstActivationProbe> ['com.apple.frontboard.after-life.interrupted'] [33-47602-7807]
Aug 28 14:08:53.711727 runningboardd(RunningBoard)[33] <Debug>: > application<dev.selfhost.firstActivationProbe> ['FBWorkspace (ForegroundFocal)'] [33-47602-7811]
Aug 28 14:08:53.712276 runningboardd(RunningBoard)[33] <Info>: application<dev.selfhost.firstActivationProbe> is now targeted by 4 assertions
Aug 28 14:08:53.712444 runningboardd(RunningBoard)[33] <Debug>: > 47602 ['injecting inherited from "UIScene:com.apple.frontboard.systemappservices::com.apple.springboard" to 57866<UIScene:com.apple.frontboard.systemappservices::sceneID%3Adev.selfhost.firstActivationProbe-default>'] [33-47602-7809]
Aug 28 14:08:53.712531 runningboardd(RunningBoard)[33] <Info>: [application<dev.selfhost.firstActivationProbe>:57866] Applying updated state
Aug 28 14:08:53.712564 runningboardd(RunningBoard)[33] <Notice>: Calculated state for application<dev.selfhost.firstActivationProbe>: running-active (role: UserInteractiveFocal)
    <RBSInheritance| environment:UIScene:com.apple.frontboard.systemappservices::sceneID%3Adev.selfhost.firstActivationProbe-default name:com.apple.frontboard.visibility origID:33-47602-7809 payload>
Aug 28 14:08:53.712626 runningboardd(RunningBoard)[33] <Debug>: Sending state update for application<dev.selfhost.firstActivationProbe>: <RBSProcessState| task:running-active debug:none terminationResistance:Interactive endowments:[
	<RBSProcessAssertionInfo| type:1 reason:0 name:"Custom" domain:"(null)" expl:"injecting inherited from "UIScene:com.apple.frontboard.systemappservices::com.apple.springboard" to 57866<UIScene:com.apple.frontboard.systemappservices::sceneID%3Adev.selfhost.firstActivationProbe-default>">
Aug 28 14:08:53.712698 runningboardd(RunningBoard)[33] <Debug>: BEGIN suppressing state updates for application<dev.selfhost.firstActivationProbe>
Aug 28 14:08:53.712840 SpringBoard(RunningBoardServices)[47602] <Info>: Update skipped for [application<dev.selfhost.firstActivationProbe>:57866] with state: <RBSProcessState| task:running-active debug:none endowments:[
Aug 28 14:08:53.712901 Runner(RunningBoardServices)[57866] <Debug>: Received message from server: async_didChangeInheritances:completion:
Aug 28 14:08:53.712949 Runner(RunningBoardServices)[57866] <Info>: didChangeInheritances
Aug 28 14:08:53.713015 Runner(RunningBoardServices)[57866] <Info>: didChangeInheritances: <RBSInheritanceChangeSet| gained:(null) lost:{(
Aug 28 14:08:53.713067 powerd[43] <Notice>: Process runningboardd.33 Released SystemIsActive "application<dev.selfhost.firstActivationProbe>;(null):(null);33-47602-7805:FBApplicationProcess" age:00:00:01  id:51539650444 [System: PrevIdle SysAct]
Aug 28 14:08:53.713102 SpringBoard(RunningBoardServices)[47602] <Info>: Update skipped for [application<dev.selfhost.firstActivationProbe>:57866] with state: <RBSProcessState| task:running-active debug:none endowments:[
Aug 28 14:08:53.713162 runningboardd(RunningBoard)[33] <Debug>: Incrementing suppression state to 1 for application<dev.selfhost.firstActivationProbe>
Aug 28 14:08:53.713224 runningboardd(RunningBoard)[33] <Debug>: Sending state 0x1011c0770 for application<dev.selfhost.firstActivationProbe> to [daemon<com.apple.SpringBoard>:47602]
Aug 28 14:08:53.713400 mediaserverd(RunningBoardServices)[36] <Info>: Update skipped for [application<dev.selfhost.firstActivationProbe>:57866] with state: <RBSProcessState| task:running-active debug:none endowments:[
Aug 28 14:08:53.713432 mediaserverd(RunningBoardServices)[36] <Info>: Update skipped for [application<dev.selfhost.firstActivationProbe>:57866] with state: <RBSProcessState| task:running-active debug:none endowments:[
Aug 28 14:08:53.713468 SpringBoard(RunningBoardServices)[47602] <Info>: Update skipped for [application<dev.selfhost.firstActivationProbe>:57866] with state: <RBSProcessState| task:running-active debug:none endowments:[
Aug 28 14:08:53.713499 SpringBoard(RunningBoardServices)[47602] <Info>: Update skipped for [application<dev.selfhost.firstActivationProbe>:57866] with state: <RBSProcessState| task:running-active debug:none endowments:[
Aug 28 14:08:53.713536 SpringBoard(RunningBoardServices)[47602] <Info>: Update skipped for [application<dev.selfhost.firstActivationProbe>:57866] with state: <RBSProcessState| task:running-active debug:none endowments:[
Aug 28 14:08:53.713636 runningboardd(RunningBoard)[33] <Debug>: Sending state 0x1011c0770 for application<dev.selfhost.firstActivationProbe> to [daemon<com.apple.UserEventAgent-System>:30]
Aug 28 14:08:53.714002 kbd(RunningBoardServices)[303] <Info>: Update skipped for [application<dev.selfhost.firstActivationProbe>:57866] with state: <RBSProcessState| task:running-active debug:none endowments:[
Aug 28 14:08:53.715626 watchdogd(RunningBoardServices)[57] <Debug>: Received message from server: async_observedProcessStatesDidChange:completion:
Aug 28 14:08:53.715703 watchdogd(RunningBoardServices)[57] <Info>: observedProcessStatesDidChange
Aug 28 14:08:53.718287 CommCenter(RunningBoardServices)[90] <Info>: Update skipped for [application<dev.selfhost.firstActivationProbe>:57866] with state: <RBSProcessState| task:running-active debug:none endowments:[
Aug 28 14:08:53.718788 backboardd(RunningBoardServices)[65] <Info>: Update skipped for [application<dev.selfhost.firstActivationProbe>:57866] with state: <RBSProcessState| task:running-active debug:none endowments:[
Aug 28 14:08:53.718950 UserEventAgent(RunningBoardServices)[30] <Info>: Update skipped for [application<dev.selfhost.firstActivationProbe>:57866] with state: <RBSProcessState| task:running-active debug:none endowments:[
	<RBSProcessAssertionInfo| type:1 reason:0 name:"Custom" domain:"(null)" expl:"injecting inherited from "UIScene:com.apple.frontboard.systemappservices::com.apple.springboard" to 57866<UIScene:com.apple.frontboard.systemappservices::sceneID%3Adev.selfhost.firstActivationProbe-default>">
Aug 28 14:08:53.720792 watchdogd(RunningBoardServices)[57] <Debug>: Decoded RBSProcessHandle with IPC ID ea441ee0000e20a
Aug 28 14:08:53.720996 watchdogd(RunningBoardServices)[57] <Notice>: Received state update for 57866
Aug 28 14:08:53.722370 symptomsd(RunningBoardServices)[170] <Info>: Update skipped for [application<dev.selfhost.firstActivationProbe>:57866] with state: <RBSProcessState| task:running-active debug:none endowments:[
Aug 28 14:08:53.722623 dasd(RunningBoardServices)[94] <Info>: Update skipped for [application<dev.selfhost.firstActivationProbe>:57866] with state: <RBSProcessState| task:running-active debug:none endowments:[
Aug 28 14:08:53.722939 aggregated(RunningBoardServices)[50213] <Info>: Update skipped for [application<dev.selfhost.firstActivationProbe>:57866] with state: <RBSProcessState| task:running-active debug:none endowments:[
Aug 28 14:08:53.723716 watchdogd(RunningBoardServices)[57] <Info>: Update skipped for [application<dev.selfhost.firstActivationProbe>:57866] with state: <RBSProcessState| task:running-active debug:none endowments:[
Aug 28 14:08:53.723889 useractivityd(RunningBoardServices)[184] <Info>: Update skipped for [application<dev.selfhost.firstActivationProbe>:57866] with state: <RBSProcessState| task:running-active debug:none endowments:[
Aug 28 14:08:53.724013 dasd(RunningBoardServices)[94] <Info>: Update skipped for [application<dev.selfhost.firstActivationProbe>:57866] with state: <RBSProcessState| task:running-active debug:none endowments:[
Aug 28 14:08:53.724302 locationd(RunningBoardServices)[69] <Info>: Update skipped for [application<dev.selfhost.firstActivationProbe>:57866] with state: <RBSProcessState| task:running-active debug:none endowments:[
Aug 28 14:08:53.724665 callservicesd(RunningBoardServices)[131] <Info>: Update skipped for [application<dev.selfhost.firstActivationProbe>:57866] with state: <RBSProcessState| task:running-active debug:none endowments:[
Aug 28 14:08:53.724744 contextstored(RunningBoardServices)[61] <Info>: Update skipped for [application<dev.selfhost.firstActivationProbe>:57866] with state: <RBSProcessState| task:running-active debug:none endowments:[
Aug 28 14:08:53.725064 dasd(RunningBoardServices)[94] <Info>: Update skipped for [application<dev.selfhost.firstActivationProbe>:57866] with state: <RBSProcessState| task:running-active debug:none endowments:[
Aug 28 14:08:53.725532 wifid(RunningBoardServices)[52] <Info>: Update skipped for [application<dev.selfhost.firstActivationProbe>:57866] with state: <RBSProcessState| task:running-active debug:none endowments:[
Aug 28 14:08:53.727361 UserEventAgent(RunningBoardServices)[30] <Info>: Update delivered for [application<dev.selfhost.firstActivationProbe>:57866] with taskState 4
Aug 28 14:08:53.811000 runningboardd(RunningBoard)[33] <Debug>: Decrementing suppression state to 0 for application<dev.selfhost.firstActivationProbe>
Aug 28 14:08:53.811101 runningboardd(RunningBoard)[33] <Debug>: END suppressing state updates for application<dev.selfhost.firstActivationProbe>
Aug 28 14:08:54.060489 Runner(CoreFoundation)[57866] <Debug>: found no value for key QuickSpeak in CFPrefsSearchListSource<0x283957580> (Domain: com.apple.Accessibility, Container: (null))
Aug 28 14:08:54.061182 Runner(libAccessibility.dylib)[57866] <Debug>: CF Read: domain = com.apple.Accessibility, preference = QuickSpeak, appID = (null) result = (null) (-1 - empty, 0 - false, 1 - true)
Aug 28 14:08:54.061596 Runner(CoreFoundation)[57866] <Debug>: found no value for key QuickSpeak in CFPrefsPlistSource<0x283950a00> (Domain: com.apple.Accessibility, User: kCFPreferencesCurrentUser, ByHost: No, Container: (null), Contents Need Refresh: No)
Aug 28 14:08:54.071790 mediaserverd(CoreMotion)[36] <Debug>: Ping timer fired, resetting watchdog
Aug 28 14:08:54.104826 nearbyd(CoreMotion)[157] <Debug>: Ping timer fired, resetting watchdog
Aug 28 14:08:54.165897 locationd[69] <Debug>: Ping timer fired, resetting watchdog
Aug 28 14:08:55.142632 wifid(WiFiPolicy)[52] <Notice>: __WiFiLQAMgrLogStats(tech support:Stationary): Rssi: -40 {-38 0} Channel: 44 Bandwidth: 80Mhz Snr: 35 Cca: 21 (S:0 O:0 I:0) TxPer: 0.0% (7) BcnPer: 0.0% (0, 50.5%) RxFrms: 13 RxRetryFrames: 0 TxRate: 24000 RxRate: 702000 FBRate: 468000 TxFwFrms: 4 TxFwFail: 0 TxReTrans: 2 time: 292.6secs fgApp: dev.selfhost.firstActivationProbe
Aug 28 14:08:56.053883 SpringBoard(CoreMotion)[47602] <Debug>: Ping timer fired, resetting watchdog
Aug 28 14:08:56.499213 backboardd(CoreMotion)[65] <Debug>: Ping timer fired, resetting watchdog
Aug 28 14:08:56.663133 watchdogd[57] <Debug>: 1310184399516875: <private>
Aug 28 14:08:56.664215 watchdogd[57] <Info>: 1310184400107916: <private>
Aug 28 14:08:56.664679 watchdogd[57] <Debug>: 1310184400488458: <private>
Aug 28 14:08:56.665238 watchdogd[57] <Debug>: 1310184400634291: <private>
Aug 28 14:08:56.666637 watchdogd[57] <Info>: 1310184400644250: <private>
Aug 28 14:08:56.667021 watchdogd[57] <Debug>: 1310184401104083: <private>
Aug 28 14:08:56.667718 watchdogd[57] <Debug>: 1310184401497125: <private>
Aug 28 14:08:56.668092 watchdogd[57] <Debug>: 1310184401766125: <private>
Aug 28 14:08:56.668344 watchdogd[57] <Debug>: 1310184401954666: <private>
Aug 28 14:08:56.669561 watchdogd[57] <Debug>: 1310184402391208: <private>
Aug 28 14:08:56.670260 watchdogd[57] <Info>: 1310184402450250: <private>
Aug 28 14:08:56.670887 watchdogd[57] <Info>: 1310184402465041: <private>
Aug 28 14:08:56.671079 watchdogd[57] <Info>: 1310184402470625: <private>
Aug 28 14:08:56.671292 watchdogd[57] <Info>: 1310184402475333: <private>
Aug 28 14:08:56.671678 watchdogd[57] <Info>: 1310184402480333: <private>
Aug 28 14:08:56.671891 watchdogd[57] <Info>: 1310184402484500: <private>
Aug 28 14:08:56.672119 watchdogd[57] <Info>: 1310184402488750: <private>
Aug 28 14:08:56.672369 watchdogd[57] <Info>: 1310184402492666: <private>
Aug 28 14:08:56.895767 biometrickitd(CoreMotion)[109] <Debug>: Ping timer fired, resetting watchdog
Aug 28 14:08:59.072406 mediaserverd(CoreMotion)[36] <Debug>: Ping timer fired, resetting watchdog
Aug 28 14:08:59.104680 nearbyd(CoreMotion)[157] <Debug>: Ping timer fired, resetting watchdog
Aug 28 14:08:59.165693 locationd[69] <Debug>: Ping timer fired, resetting watchdog
Aug 28 14:09:00.155315 wifid(WiFiPolicy)[52] <Notice>: __WiFiLQAMgrLogStats(tech support:Stationary): Rssi: -40 {-39 0} Channel: 44 Bandwidth: 80Mhz Snr: 35 Cca: 27 (S:0 O:0 I:0) TxPer: 0.0% (0) BcnPer: 0.0% (98, 50.5%) RxFrms: 3 RxRetryFrames: 0 TxRate: 24000 RxRate: 702000 FBRate: 468000 TxFwFrms: 0 TxFwFail: 0 TxReTrans: 0 time: 297.6secs fgApp: dev.selfhost.firstActivationProbe
Aug 28 14:09:01.053641 SpringBoard(CoreMotion)[47602] <Debug>: Ping timer fired, resetting watchdog
Aug 28 14:09:01.499134 backboardd(CoreMotion)[65] <Debug>: Ping timer fired, resetting watchdog
Aug 28 14:09:01.895933 biometrickitd(CoreMotion)[109] <Debug>: Ping timer fired, resetting watchdog
Aug 28 14:09:04.072436 mediaserverd(CoreMotion)[36] <Debug>: Ping timer fired, resetting watchdog
Aug 28 14:09:04.105748 nearbyd(CoreMotion)[157] <Debug>: Ping timer fired, resetting watchdog
Aug 28 14:09:04.165700 locationd[69] <Debug>: Ping timer fired, resetting watchdog
Aug 28 14:09:04.763662 symptomsd(SymptomEvaluator)[170] <Debug>: COSMCtrl applyPolicyDelta for E01B2FEA-36F1-3C21-AADE-93AC8E03F45C -> dev.selfhost.firstActivationProbe  policy id 0  fg 1 fg-activity 0
Aug 28 14:09:05.040028 symptomsd(SymptomEvaluator)[170] <Debug>: --> activityBitmaps for dev.selfhost.firstActivationProbe on interface WiFi: [ 0x2002000000000                0 ]
Aug 28 14:09:05.163151 wifid(WiFiPolicy)[52] <Notice>: __WiFiLQAMgrLogStats(tech support:Stationary): Rssi: -39 {-38 0} Channel: 44 Bandwidth: 80Mhz Snr: 35 Cca: 21 (S:0 O:0 I:0) TxPer: 0.0% (0) BcnPer: 0.0% (0, 50.5%) RxFrms: 4 RxRetryFrames: 0 TxRate: 24000 RxRate: 702000 FBRate: 468000 TxFwFrms: 0 TxFwFail: 0 TxReTrans: 0 time: 302.6secs fgApp: dev.selfhost.firstActivationProbe
Aug 28 14:09:06.053639 SpringBoard(CoreMotion)[47602] <Debug>: Ping timer fired, resetting watchdog
Aug 28 14:09:06.498981 backboardd(CoreMotion)[65] <Debug>: Ping timer fired, resetting watchdog
Aug 28 14:09:06.664664 watchdogd[57] <Debug>: 1310194400294541: <private>
Aug 28 14:09:06.665204 watchdogd[57] <Info>: 1310194400859875: <private>
Aug 28 14:09:06.666001 watchdogd[57] <Debug>: 1310194401040541: <private>
Aug 28 14:09:06.666702 watchdogd[57] <Info>: 1310194401052791: <private>
Aug 28 14:09:06.668326 watchdogd[57] <Debug>: 1310194401461708: <private>
Aug 28 14:09:06.668718 watchdogd[57] <Debug>: 1310194402487166: <private>
Aug 28 14:09:06.669247 watchdogd[57] <Debug>: 1310194402781583: <private>
Aug 28 14:09:06.669878 watchdogd[57] <Debug>: 1310194403178250: <private>
Aug 28 14:09:06.670365 watchdogd[57] <Debug>: 1310194403337250: <private>
Aug 28 14:09:06.670654 watchdogd[57] <Debug>: 1310194403698750: <private>
Aug 28 14:09:06.670919 watchdogd[57] <Info>: 1310194403760791: <private>
Aug 28 14:09:06.671779 watchdogd[57] <Info>: 1310194403774958: <private>
Aug 28 14:09:06.671925 watchdogd[57] <Info>: 1310194403780791: <private>
Aug 28 14:09:06.672197 watchdogd[57] <Info>: 1310194403785916: <private>
Aug 28 14:09:06.672420 watchdogd[57] <Info>: 1310194403790333: <private>
Aug 28 14:09:06.672576 watchdogd[57] <Info>: 1310194403794833: <private>
Aug 28 14:09:06.672776 watchdogd[57] <Info>: 1310194403799083: <private>
Aug 28 14:09:06.673065 watchdogd[57] <Info>: 1310194403802958: <private>
Aug 28 14:09:06.673196 watchdogd[57] <Info>: 1310194404528791: <private>
Aug 28 14:09:06.895380 biometrickitd(CoreMotion)[109] <Debug>: Ping timer fired, resetting watchdog
Aug 28 14:09:09.072305 mediaserverd(CoreMotion)[36] <Debug>: Ping timer fired, resetting watchdog
Aug 28 14:09:09.106125 nearbyd(CoreMotion)[157] <Debug>: Ping timer fired, resetting watchdog
Aug 28 14:09:09.165471 locationd[69] <Debug>: Ping timer fired, resetting watchdog
Aug 28 14:09:10.171705 wifid(WiFiPolicy)[52] <Notice>: __WiFiLQAMgrLogStats(tech support:Stationary): Rssi: -40 {-39 0} Channel: 44 Bandwidth: 80Mhz Snr: 35 Cca: 27 (S:0 O:0 I:0) TxPer: 0.0% (0) BcnPer: 1.0% (98, 50.5%) RxFrms: 5 RxRetryFrames: 0 TxRate: 24000 RxRate: 702000 FBRate: 468000 TxFwFrms: 0 TxFwFail: 0 TxReTrans: 0 time: 307.6secs fgApp: dev.selfhost.firstActivationProbe
Aug 28 14:09:11.052708 SpringBoard(CoreMotion)[47602] <Debug>: Ping timer fired, resetting watchdog
Aug 28 14:09:11.498202 backboardd(CoreMotion)[65] <Debug>: Ping timer fired, resetting watchdog
Aug 28 14:09:11.894732 biometrickitd(CoreMotion)[109] <Debug>: Ping timer fired, resetting watchdog
Aug 28 14:09:12.189179 runningboardd(RunningBoard)[33] <Info>: _requestedJetsamPriority = 4, _executablePath = /Developer/usr/bin/ScreenShotr
Aug 28 14:09:12.190617 runningboardd(RunningBoard)[33] <Info>: _requestedJetsamPriority = 4, _executablePath = /Developer/usr/bin/ScreenShotr
Aug 28 14:09:12.190832 SpringBoard(FrontBoard)[47602] <Notice>: Asked to bootstrap a new process for handle: [anon<ScreenShotr>:57870]
Aug 28 14:09:12.192100 runningboardd(RunningBoard)[33] <Info>: _requestedJetsamPriority = 4, _executablePath = /Developer/usr/bin/ScreenShotr
Aug 28 14:09:12.193315 SpringBoard(FrontBoard)[47602] <Notice>: Bootstrapping anon<ScreenShotr>
Aug 28 14:09:12.193422 SpringBoard(FrontBoard)[47602] <Notice>: [anon<ScreenShotr>:57870] Bootstrap success!
Aug 28 14:09:12.193825 runningboardd(RunningBoard)[33] <Debug>: Sending state update for anon<ScreenShotr>: <RBSProcessState| task:running debug:none terminationResistance:None>
Aug 28 14:09:13.434391 runningboardd(RunningBoard)[33] <Notice>: [anon<ScreenShotr>:57870] termination reported by launchd (0, 0, 0)
Aug 28 14:09:13.434960 runningboardd(RunningBoard)[33] <Notice>: Removing assertions for terminated process: [anon<ScreenShotr>:57870]
Aug 28 14:09:13.437344 runningboardd(RunningBoard)[33] <Debug>: Sending state update for anon<ScreenShotr>: <RBSProcessState| task:none debug:none terminationResistance:None>
