Aug 28 13:34:19.110587 mediaserverd(CoreMotion)[36] <Debug>: Ping timer fired, resetting watchdog
Aug 28 13:34:19.154617 nearbyd(CoreMotion)[157] <Debug>: Ping timer fired, resetting watchdog
Aug 28 13:34:19.204464 locationd[69] <Debug>: Ping timer fired, resetting watchdog
Aug 28 13:34:21.092307 SpringBoard(CoreMotion)[47602] <Debug>: Ping timer fired, resetting watchdog
Aug 28 13:34:21.537540 backboardd(CoreMotion)[65] <Debug>: Ping timer fired, resetting watchdog
Aug 28 13:34:21.935160 biometrickitd(CoreMotion)[109] <Debug>: Ping timer fired, resetting watchdog
Aug 28 13:34:24.110921 mediaserverd(CoreMotion)[36] <Debug>: Ping timer fired, resetting watchdog
Aug 28 13:34:24.142656 nearbyd(CoreMotion)[157] <Debug>: Ping timer fired, resetting watchdog
Aug 28 13:34:24.203689 locationd[69] <Debug>: Ping timer fired, resetting watchdog
Aug 28 13:34:26.091390 SpringBoard(CoreMotion)[47602] <Debug>: Ping timer fired, resetting watchdog
Aug 28 13:34:26.536835 backboardd(CoreMotion)[65] <Debug>: Ping timer fired, resetting watchdog
Aug 28 13:34:26.562864 watchdogd[57] <Debug>: 1308114259321458: <private>
Aug 28 13:34:26.563310 watchdogd[57] <Info>: 1308114259919958: <private>
Aug 28 13:34:26.564370 watchdogd[57] <Debug>: 1308114260155541: <private>
Aug 28 13:34:26.565082 watchdogd[57] <Info>: 1308114260167500: <private>
Aug 28 13:34:26.565691 watchdogd[57] <Debug>: 1308114260289041: <private>
Aug 28 13:34:26.567704 watchdogd[57] <Debug>: 1308114260821916: <private>
Aug 28 13:34:26.568513 watchdogd[57] <Debug>: 1308114261228958: <private>
Aug 28 13:34:26.568773 watchdogd[57] <Debug>: 1308114261804833: <private>
Aug 28 13:34:26.568918 watchdogd[57] <Debug>: 1308114262228875: <private>
Aug 28 13:34:26.569152 watchdogd[57] <Debug>: 1308114262510666: <private>
Aug 28 13:34:26.569400 watchdogd[57] <Info>: 1308114262574291: <private>
Aug 28 13:34:26.569649 watchdogd[57] <Info>: 1308114262589791: <private>
Aug 28 13:34:26.569783 watchdogd[57] <Info>: 1308114262596333: <private>
Aug 28 13:34:26.570317 watchdogd[57] <Info>: 1308114262601750: <private>
Aug 28 13:34:26.570453 watchdogd[57] <Info>: 1308114262606125: <private>
Aug 28 13:34:26.570732 watchdogd[57] <Info>: 1308114262610208: <private>
Aug 28 13:34:26.571152 watchdogd[57] <Info>: 1308114262614416: <private>
Aug 28 13:34:26.571410 watchdogd[57] <Info>: 1308114262618375: <private>
Aug 28 13:34:26.933115 biometrickitd(CoreMotion)[109] <Debug>: Ping timer fired, resetting watchdog
Aug 28 13:34:29.110286 mediaserverd(CoreMotion)[36] <Debug>: Ping timer fired, resetting watchdog
Aug 28 13:34:29.142864 nearbyd(CoreMotion)[157] <Debug>: Ping timer fired, resetting watchdog
Aug 28 13:34:29.203074 locationd[69] <Debug>: Ping timer fired, resetting watchdog
Aug 28 13:34:31.091095 SpringBoard(CoreMotion)[47602] <Debug>: Ping timer fired, resetting watchdog
Aug 28 13:34:31.537612 backboardd(CoreMotion)[65] <Debug>: Ping timer fired, resetting watchdog
Aug 28 13:34:31.937300 biometrickitd(CoreMotion)[109] <Debug>: Ping timer fired, resetting watchdog
Aug 28 13:34:34.109490 mediaserverd(CoreMotion)[36] <Debug>: Ping timer fired, resetting watchdog
Aug 28 13:34:34.144036 nearbyd(CoreMotion)[157] <Debug>: Ping timer fired, resetting watchdog
Aug 28 13:34:34.202538 locationd[69] <Debug>: Ping timer fired, resetting watchdog
Aug 28 13:34:36.090478 SpringBoard(CoreMotion)[47602] <Debug>: Ping timer fired, resetting watchdog
Aug 28 13:34:36.535859 backboardd(CoreMotion)[65] <Debug>: Ping timer fired, resetting watchdog
Aug 28 13:34:36.560873 watchdogd[57] <Debug>: 1308124260078291: <private>
Aug 28 13:34:36.561272 watchdogd[57] <Info>: 1308124260657583: <private>
Aug 28 13:34:36.562230 watchdogd[57] <Debug>: 1308124260809833: <private>
Aug 28 13:34:36.563009 watchdogd[57] <Info>: 1308124260821625: <private>
Aug 28 13:34:36.564215 watchdogd[57] <Debug>: 1308124260944625: <private>
Aug 28 13:34:36.564918 watchdogd[57] <Debug>: 1308124261427625: <private>
Aug 28 13:34:36.565289 watchdogd[57] <Debug>: 1308124262160791: <private>
Aug 28 13:34:36.565550 watchdogd[57] <Debug>: 1308124262410666: <private>
Aug 28 13:34:36.565980 watchdogd[57] <Debug>: 1308124262765500: <private>
Aug 28 13:34:36.567352 watchdogd[57] <Debug>: 1308124263061916: <private>
Aug 28 13:34:36.567631 watchdogd[57] <Info>: 1308124263121833: <private>
Aug 28 13:34:36.567911 watchdogd[57] <Info>: 1308124263137166: <private>
Aug 28 13:34:36.568258 watchdogd[57] <Info>: 1308124263143125: <private>
Aug 28 13:34:36.568408 watchdogd[57] <Info>: 1308124263147958: <private>
Aug 28 13:34:36.568793 watchdogd[57] <Info>: 1308124263152750: <private>
Aug 28 13:34:36.569123 watchdogd[57] <Info>: 1308124263157125: <private>
Aug 28 13:34:36.569280 watchdogd[57] <Info>: 1308124263161416: <private>
Aug 28 13:34:36.569482 watchdogd[57] <Info>: 1308124263165416: <private>
Aug 28 13:34:36.569758 watchdogd[57] <Info>: 1308124263859791: <private>
Aug 28 13:34:36.932378 biometrickitd(CoreMotion)[109] <Debug>: Ping timer fired, resetting watchdog
Aug 28 13:34:39.108076 mediaserverd(CoreMotion)[36] <Debug>: Ping timer fired, resetting watchdog
Aug 28 13:34:39.141056 nearbyd(CoreMotion)[157] <Debug>: Ping timer fired, resetting watchdog
Aug 28 13:34:39.202100 locationd[69] <Debug>: Ping timer fired, resetting watchdog
Aug 28 13:34:41.089297 SpringBoard(CoreMotion)[47602] <Debug>: Ping timer fired, resetting watchdog
Aug 28 13:34:41.534957 backboardd(CoreMotion)[65] <Debug>: Ping timer fired, resetting watchdog
Aug 28 13:34:41.932022 biometrickitd(CoreMotion)[109] <Debug>: Ping timer fired, resetting watchdog
Aug 28 13:34:44.108637 mediaserverd(CoreMotion)[36] <Debug>: Ping timer fired, resetting watchdog
Aug 28 13:34:44.155246 nearbyd(CoreMotion)[157] <Debug>: Ping timer fired, resetting watchdog
Aug 28 13:34:44.201765 locationd[69] <Debug>: Ping timer fired, resetting watchdog
Aug 28 13:34:46.089754 SpringBoard(CoreMotion)[47602] <Debug>: Ping timer fired, resetting watchdog
Aug 28 13:34:46.535074 backboardd(CoreMotion)[65] <Debug>: Ping timer fired, resetting watchdog
Aug 28 13:34:46.561406 watchdogd[57] <Debug>: 1308134260827250: <private>
Aug 28 13:34:46.562866 watchdogd[57] <Info>: 1308134261390375: <private>
Aug 28 13:34:46.563369 watchdogd[57] <Debug>: 1308134261546625: <private>
Aug 28 13:34:46.563819 watchdogd[57] <Info>: 1308134261558375: <private>
Aug 28 13:34:46.564882 watchdogd[57] <Debug>: 1308134261682375: <private>
Aug 28 13:34:46.565578 watchdogd[57] <Debug>: 1308134262190000: <private>
Aug 28 13:34:46.566019 watchdogd[57] <Debug>: 1308134263216291: <private>
Aug 28 13:34:46.567108 watchdogd[57] <Debug>: 1308134263734958: <private>
Aug 28 13:34:46.567358 watchdogd[57] <Debug>: 1308134263915000: <private>
Aug 28 13:34:46.567607 watchdogd[57] <Debug>: 1308134264472250: <private>
Aug 28 13:34:46.567846 watchdogd[57] <Info>: 1308134264532666: <private>
Aug 28 13:34:46.568112 watchdogd[57] <Info>: 1308134264547875: <private>
Aug 28 13:34:46.568376 watchdogd[57] <Info>: 1308134264553791: <private>
Aug 28 13:34:46.568990 watchdogd[57] <Info>: 1308134264558791: <private>
Aug 28 13:34:46.569226 watchdogd[57] <Info>: 1308134264563208: <private>
Aug 28 13:34:46.569480 watchdogd[57] <Info>: 1308134264567541: <private>
Aug 28 13:34:46.569677 watchdogd[57] <Info>: 1308134264571791: <private>
Aug 28 13:34:46.569938 watchdogd[57] <Info>: 1308134264575833: <private>
Aug 28 13:34:46.931505 biometrickitd(CoreMotion)[109] <Debug>: Ping timer fired, resetting watchdog
Aug 28 13:34:47.153042 runningboardd(RunningBoard)[33] <Info>: _requestedJetsamPriority = 6, _executablePath = /System/Library/PrivateFrameworks/MobileBackup.framework/backupd
Aug 28 13:34:47.167248 runningboardd(RunningBoard)[33] <Info>: _requestedJetsamPriority = 6, _executablePath = /System/Library/PrivateFrameworks/MobileBackup.framework/backupd
Aug 28 13:34:47.169471 runningboardd(RunningBoard)[33] <Debug>: Sending state update for daemon<com.apple.backupd>: <RBSProcessState| task:running debug:none terminationResistance:None>
Aug 28 13:34:49.108327 mediaserverd(CoreMotion)[36] <Debug>: Ping timer fired, resetting watchdog
Aug 28 13:34:49.138064 nearbyd(CoreMotion)[157] <Debug>: Ping timer fired, resetting watchdog
Aug 28 13:34:49.201815 locationd[69] <Debug>: Ping timer fired, resetting watchdog
Aug 28 13:34:51.088576 SpringBoard(CoreMotion)[47602] <Debug>: Ping timer fired, resetting watchdog
Aug 28 13:34:51.534826 backboardd(CoreMotion)[65] <Debug>: Ping timer fired, resetting watchdog
Aug 28 13:34:51.930483 biometrickitd(CoreMotion)[109] <Debug>: Ping timer fired, resetting watchdog
Aug 28 13:34:54.108427 mediaserverd(CoreMotion)[36] <Debug>: Ping timer fired, resetting watchdog
Aug 28 13:34:54.137145 nearbyd(CoreMotion)[157] <Debug>: Ping timer fired, resetting watchdog
Aug 28 13:34:54.201421 locationd[69] <Debug>: Ping timer fired, resetting watchdog
Aug 28 13:34:56.089056 SpringBoard(CoreMotion)[47602] <Debug>: Ping timer fired, resetting watchdog
Aug 28 13:34:56.534903 backboardd(CoreMotion)[65] <Debug>: Ping timer fired, resetting watchdog
Aug 28 13:34:56.570377 watchdogd[57] <Debug>: 1308144261532958: <private>
Aug 28 13:34:56.570705 watchdogd[57] <Info>: 1308144262090791: <private>
Aug 28 13:34:56.570847 watchdogd[57] <Debug>: 1308144262239041: <private>
Aug 28 13:34:56.571129 watchdogd[57] <Info>: 1308144262250291: <private>
Aug 28 13:34:56.571276 watchdogd[57] <Debug>: 1308144262374083: <private>
Aug 28 13:34:56.571713 watchdogd[57] <Debug>: 1308144262820250: <private>
Aug 28 13:34:56.571963 watchdogd[57] <Debug>: 1308144263523416: <private>
Aug 28 13:34:56.572096 watchdogd[57] <Debug>: 1308144263937458: <private>
Aug 28 13:34:56.572367 watchdogd[57] <Debug>: 1308144264056833: <private>
Aug 28 13:34:56.572501 watchdogd[57] <Debug>: 1308144264458291: <private>
Aug 28 13:34:56.572763 watchdogd[57] <Info>: 1308144264517333: <private>
Aug 28 13:34:56.572897 watchdogd[57] <Info>: 1308144264532000: <private>
Aug 28 13:34:56.573126 watchdogd[57] <Info>: 1308144264538000: <private>
Aug 28 13:34:56.573259 watchdogd[57] <Info>: 1308144264542958: <private>
Aug 28 13:34:56.573380 watchdogd[57] <Info>: 1308144264547500: <private>
Aug 28 13:34:56.573490 watchdogd[57] <Info>: 1308144264551666: <private>
Aug 28 13:34:56.573618 watchdogd[57] <Info>: 1308144264555791: <private>
Aug 28 13:34:56.573726 watchdogd[57] <Info>: 1308144264559791: <private>
Aug 28 13:34:56.930784 biometrickitd(CoreMotion)[109] <Debug>: Ping timer fired, resetting watchdog
Aug 28 13:34:59.108326 mediaserverd(CoreMotion)[36] <Debug>: Ping timer fired, resetting watchdog
Aug 28 13:34:59.137159 nearbyd(CoreMotion)[157] <Debug>: Ping timer fired, resetting watchdog
Aug 28 13:34:59.201392 locationd[69] <Debug>: Ping timer fired, resetting watchdog
Aug 28 13:35:01.089970 SpringBoard(CoreMotion)[47602] <Debug>: Ping timer fired, resetting watchdog
Aug 28 13:35:01.534959 backboardd(CoreMotion)[65] <Debug>: Ping timer fired, resetting watchdog
Aug 28 13:35:01.931241 biometrickitd(CoreMotion)[109] <Debug>: Ping timer fired, resetting watchdog
Aug 28 13:35:04.108242 mediaserverd(CoreMotion)[36] <Debug>: Ping timer fired, resetting watchdog
Aug 28 13:35:04.135763 nearbyd(CoreMotion)[157] <Debug>: Ping timer fired, resetting watchdog
Aug 28 13:35:04.201344 locationd[69] <Debug>: Ping timer fired, resetting watchdog
Aug 28 13:35:06.089394 SpringBoard(CoreMotion)[47602] <Debug>: Ping timer fired, resetting watchdog
Aug 28 13:35:06.534837 backboardd(CoreMotion)[65] <Debug>: Ping timer fired, resetting watchdog
Aug 28 13:35:06.562235 watchdogd[57] <Debug>: 1308154262257708: <private>
Aug 28 13:35:06.562871 watchdogd[57] <Info>: 1308154262830833: <private>
Aug 28 13:35:06.564235 watchdogd[57] <Debug>: 1308154262982041: <private>
Aug 28 13:35:06.564939 watchdogd[57] <Info>: 1308154262993958: <private>
Aug 28 13:35:06.565306 watchdogd[57] <Debug>: 1308154263116666: <private>
Aug 28 13:35:06.565805 watchdogd[57] <Debug>: 1308154263634875: <private>
Aug 28 13:35:06.566094 watchdogd[57] <Debug>: 1308154264316166: <private>
Aug 28 13:35:06.567481 watchdogd[57] <Debug>: 1308154264733708: <private>
Aug 28 13:35:06.568904 watchdogd[57] <Debug>: 1308154265198833: <private>
Aug 28 13:35:06.569440 watchdogd[57] <Debug>: 1308154265393625: <private>
Aug 28 13:35:06.569948 watchdogd[57] <Info>: 1308154265456541: <private>
Aug 28 13:35:06.570451 watchdogd[57] <Info>: 1308154265471166: <private>
Aug 28 13:35:06.571264 watchdogd[57] <Info>: 1308154265477458: <private>
Aug 28 13:35:06.571824 watchdogd[57] <Info>: 1308154265482958: <private>
Aug 28 13:35:06.572181 watchdogd[57] <Info>: 1308154265487833: <private>
Aug 28 13:35:06.572726 watchdogd[57] <Info>: 1308154265491791: <private>
Aug 28 13:35:06.573187 watchdogd[57] <Info>: 1308154265496250: <private>
Aug 28 13:35:06.573696 watchdogd[57] <Info>: 1308154265500125: <private>
Aug 28 13:35:06.574109 watchdogd[57] <Info>: 1308154266159250: <private>
Aug 28 13:35:06.933435 biometrickitd(CoreMotion)[109] <Debug>: Ping timer fired, resetting watchdog
Aug 28 13:35:09.107203 mediaserverd(CoreMotion)[36] <Debug>: Ping timer fired, resetting watchdog
Aug 28 13:35:09.152852 nearbyd(CoreMotion)[157] <Debug>: Ping timer fired, resetting watchdog
Aug 28 13:35:09.201297 locationd[69] <Debug>: Ping timer fired, resetting watchdog
Aug 28 13:35:11.088381 SpringBoard(CoreMotion)[47602] <Debug>: Ping timer fired, resetting watchdog
Aug 28 13:35:11.534201 backboardd(CoreMotion)[65] <Debug>: Ping timer fired, resetting watchdog
Aug 28 13:35:11.931466 biometrickitd(CoreMotion)[109] <Debug>: Ping timer fired, resetting watchdog
Aug 28 13:35:14.108943 mediaserverd(CoreMotion)[36] <Debug>: Ping timer fired, resetting watchdog
Aug 28 13:35:14.140023 nearbyd(CoreMotion)[157] <Debug>: Ping timer fired, resetting watchdog
Aug 28 13:35:14.201221 locationd[69] <Debug>: Ping timer fired, resetting watchdog
Aug 28 13:35:16.090211 SpringBoard(CoreMotion)[47602] <Debug>: Ping timer fired, resetting watchdog
Aug 28 13:35:16.536723 backboardd(CoreMotion)[65] <Debug>: Ping timer fired, resetting watchdog
Aug 28 13:35:16.562583 watchdogd[57] <Debug>: 1308164263025791: <private>
Aug 28 13:35:16.563112 watchdogd[57] <Info>: 1308164263640083: <private>
Aug 28 13:35:16.564446 watchdogd[57] <Debug>: 1308164263982000: <private>
Aug 28 13:35:16.564923 watchdogd[57] <Debug>: 1308164264125250: <private>
Aug 28 13:35:16.565384 watchdogd[57] <Info>: 1308164264135458: <private>
Aug 28 13:35:16.565626 watchdogd[57] <Debug>: 1308164264633250: <private>
Aug 28 13:35:16.566923 watchdogd[57] <Debug>: 1308164265245500: <private>
Aug 28 13:35:16.567373 watchdogd[57] <Debug>: 1308164265563291: <private>
Aug 28 13:35:16.568022 watchdogd[57] <Debug>: 1308164265936541: <private>
Aug 28 13:35:16.568624 watchdogd[57] <Debug>: 1308164266118333: <private>
Aug 28 13:35:16.569920 watchdogd[57] <Info>: 1308164266177208: <private>
Aug 28 13:35:16.570376 watchdogd[57] <Info>: 1308164266191625: <private>
Aug 28 13:35:16.570956 watchdogd[57] <Info>: 1308164266197041: <private>
Aug 28 13:35:16.571396 watchdogd[57] <Info>: 1308164266202083: <private>
Aug 28 13:35:16.571825 watchdogd[57] <Info>: 1308164266206458: <private>
Aug 28 13:35:16.572252 watchdogd[57] <Info>: 1308164266210541: <private>
Aug 28 13:35:16.572644 watchdogd[57] <Info>: 1308164266214666: <private>
Aug 28 13:35:16.572929 watchdogd[57] <Info>: 1308164266218541: <private>
Aug 28 13:35:16.931118 biometrickitd(CoreMotion)[109] <Debug>: Ping timer fired, resetting watchdog
Aug 28 13:35:17.180662 runningboardd(RunningBoard)[33] <Notice>: [daemon<com.apple.backupd>:57593] termination reported by launchd (0, 0, 0)
Aug 28 13:35:17.185643 runningboardd(RunningBoard)[33] <Notice>: Removing assertions for terminated process: [daemon<com.apple.backupd>:57593]
Aug 28 13:35:17.187840 runningboardd(RunningBoard)[33] <Debug>: Sending state update for daemon<com.apple.backupd>: <RBSProcessState| task:none debug:none terminationResistance:None>
Aug 28 13:35:19.108055 mediaserverd(CoreMotion)[36] <Debug>: Ping timer fired, resetting watchdog
Aug 28 13:35:19.136631 nearbyd(CoreMotion)[157] <Debug>: Ping timer fired, resetting watchdog
Aug 28 13:35:19.201203 locationd[69] <Debug>: Ping timer fired, resetting watchdog
Aug 28 13:35:21.090999 SpringBoard(CoreMotion)[47602] <Debug>: Ping timer fired, resetting watchdog
Aug 28 13:35:21.534540 backboardd(CoreMotion)[65] <Debug>: Ping timer fired, resetting watchdog
Aug 28 13:35:21.930830 biometrickitd(CoreMotion)[109] <Debug>: Ping timer fired, resetting watchdog
Aug 28 13:35:24.106556 mediaserverd(CoreMotion)[36] <Debug>: Ping timer fired, resetting watchdog
Aug 28 13:35:24.139948 nearbyd(CoreMotion)[157] <Debug>: Ping timer fired, resetting watchdog
Aug 28 13:35:24.201000 locationd[69] <Debug>: Ping timer fired, resetting watchdog
Aug 28 13:35:26.097726 SpringBoard(CoreMotion)[47602] <Debug>: Ping timer fired, resetting watchdog
Aug 28 13:35:26.533998 backboardd(CoreMotion)[65] <Debug>: Ping timer fired, resetting watchdog
Aug 28 13:35:26.564040 watchdogd[57] <Debug>: 1308174263808375: <private>
Aug 28 13:35:26.564940 watchdogd[57] <Info>: 1308174264392083: <private>
Aug 28 13:35:26.565433 watchdogd[57] <Debug>: 1308174264546375: <private>
Aug 28 13:35:26.566155 watchdogd[57] <Info>: 1308174264558583: <private>
Aug 28 13:35:26.567204 watchdogd[57] <Debug>: 1308174264786833: <private>
Aug 28 13:35:26.567579 watchdogd[57] <Debug>: 1308174265225958: <private>
Aug 28 13:35:26.569562 watchdogd[57] <Debug>: 1308174265928500: <private>
Aug 28 13:35:26.569940 watchdogd[57] <Debug>: 1308174266204875: <private>
Aug 28 13:35:26.570194 watchdogd[57] <Debug>: 1308174266878916: <private>
Aug 28 13:35:26.570626 watchdogd[57] <Debug>: 1308174267007125: <private>
Aug 28 13:35:26.571185 watchdogd[57] <Info>: 1308174267064708: <private>
Aug 28 13:35:26.571619 watchdogd[57] <Info>: 1308174267078958: <private>
Aug 28 13:35:26.572088 watchdogd[57] <Info>: 1308174267084916: <private>
Aug 28 13:35:26.572379 watchdogd[57] <Info>: 1308174267089958: <private>
Aug 28 13:35:26.572899 watchdogd[57] <Info>: 1308174267094458: <private>
Aug 28 13:35:26.573175 watchdogd[57] <Info>: 1308174267098666: <private>
Aug 28 13:35:26.573669 watchdogd[57] <Info>: 1308174267102958: <private>
Aug 28 13:35:26.574138 watchdogd[57] <Info>: 1308174267107041: <private>
Aug 28 13:35:26.930096 biometrickitd(CoreMotion)[109] <Debug>: Ping timer fired, resetting watchdog
Aug 28 13:35:29.107676 mediaserverd(CoreMotion)[36] <Debug>: Ping timer fired, resetting watchdog
Aug 28 13:35:29.160796 nearbyd(CoreMotion)[157] <Debug>: Ping timer fired, resetting watchdog
Aug 28 13:35:29.200398 locationd[69] <Debug>: Ping timer fired, resetting watchdog
Aug 28 13:35:31.088871 SpringBoard(CoreMotion)[47602] <Debug>: Ping timer fired, resetting watchdog
Aug 28 13:35:31.535268 backboardd(CoreMotion)[65] <Debug>: Ping timer fired, resetting watchdog
Aug 28 13:35:31.930588 biometrickitd(CoreMotion)[109] <Debug>: Ping timer fired, resetting watchdog
Aug 28 13:35:34.107863 mediaserverd(CoreMotion)[36] <Debug>: Ping timer fired, resetting watchdog
Aug 28 13:35:34.139689 nearbyd(CoreMotion)[157] <Debug>: Ping timer fired, resetting watchdog
Aug 28 13:35:34.200690 locationd[69] <Debug>: Ping timer fired, resetting watchdog
Aug 28 13:35:36.088953 SpringBoard(CoreMotion)[47602] <Debug>: Ping timer fired, resetting watchdog
Aug 28 13:35:36.534164 backboardd(CoreMotion)[65] <Debug>: Ping timer fired, resetting watchdog
Aug 28 13:35:36.563641 watchdogd[57] <Debug>: 1308184264562458: <private>
Aug 28 13:35:36.564144 watchdogd[57] <Info>: 1308184265132375: <private>
Aug 28 13:35:36.565124 watchdogd[57] <Debug>: 1308184265283708: <private>
Aug 28 13:35:36.565590 watchdogd[57] <Info>: 1308184265295375: <private>
Aug 28 13:35:36.567020 watchdogd[57] <Debug>: 1308184265419708: <private>
Aug 28 13:35:36.567407 watchdogd[57] <Debug>: 1308184265920166: <private>
Aug 28 13:35:36.567661 watchdogd[57] <Debug>: 1308184266591458: <private>
Aug 28 13:35:36.568084 watchdogd[57] <Debug>: 1308184266859500: <private>
Aug 28 13:35:36.568862 watchdogd[57] <Debug>: 1308184267205708: <private>
Aug 28 13:35:36.570446 watchdogd[57] <Debug>: 1308184267496333: <private>
Aug 28 13:35:36.571164 watchdogd[57] <Info>: 1308184267555500: <private>
Aug 28 13:35:36.571852 watchdogd[57] <Info>: 1308184267570083: <private>
Aug 28 13:35:36.572219 watchdogd[57] <Info>: 1308184267576208: <private>
Aug 28 13:35:36.573168 watchdogd[57] <Info>: 1308184267581333: <private>
Aug 28 13:35:36.573775 watchdogd[57] <Info>: 1308184267585708: <private>
Aug 28 13:35:36.574201 watchdogd[57] <Info>: 1308184267589791: <private>
Aug 28 13:35:36.574714 watchdogd[57] <Info>: 1308184267594041: <private>
Aug 28 13:35:36.575082 watchdogd[57] <Info>: 1308184267597875: <private>
Aug 28 13:35:36.575326 watchdogd[57] <Info>: 1308184268292583: <private>
Aug 28 13:35:36.930728 biometrickitd(CoreMotion)[109] <Debug>: Ping timer fired, resetting watchdog
Aug 28 13:35:39.107348 mediaserverd(CoreMotion)[36] <Debug>: Ping timer fired, resetting watchdog
Aug 28 13:35:39.139552 nearbyd(CoreMotion)[157] <Debug>: Ping timer fired, resetting watchdog
Aug 28 13:35:39.200585 locationd[69] <Debug>: Ping timer fired, resetting watchdog
Aug 28 13:35:41.087743 SpringBoard(CoreMotion)[47602] <Debug>: Ping timer fired, resetting watchdog
Aug 28 13:35:41.533516 backboardd(CoreMotion)[65] <Debug>: Ping timer fired, resetting watchdog
Aug 28 13:35:41.930370 biometrickitd(CoreMotion)[109] <Debug>: Ping timer fired, resetting watchdog
Aug 28 13:35:44.107386 mediaserverd(CoreMotion)[36] <Debug>: Ping timer fired, resetting watchdog
Aug 28 13:35:44.139351 nearbyd(CoreMotion)[157] <Debug>: Ping timer fired, resetting watchdog
Aug 28 13:35:44.200421 locationd[69] <Debug>: Ping timer fired, resetting watchdog
Aug 28 13:35:46.088530 SpringBoard(CoreMotion)[47602] <Debug>: Ping timer fired, resetting watchdog
Aug 28 13:35:46.533198 backboardd(CoreMotion)[65] <Debug>: Ping timer fired, resetting watchdog
Aug 28 13:35:46.561242 watchdogd[57] <Debug>: 1308194265210375: <private>
Aug 28 13:35:46.561368 watchdogd[57] <Info>: 1308194265387166: <private>
Aug 28 13:35:46.561515 watchdogd[57] <Debug>: 1308194265458875: <private>
Aug 28 13:35:46.561672 watchdogd[57] <Debug>: 1308194265571541: <private>
Aug 28 13:35:46.562026 watchdogd[57] <Info>: 1308194265574666: <private>
Aug 28 13:35:46.562174 watchdogd[57] <Debug>: 1308194265728333: <private>
Aug 28 13:35:46.562292 watchdogd[57] <Debug>: 1308194265822750: <private>
Aug 28 13:35:46.562594 watchdogd[57] <Debug>: 1308194266083125: <private>
Aug 28 13:35:46.563032 watchdogd[57] <Debug>: 1308194266190833: <private>
Aug 28 13:35:46.563141 watchdogd[57] <Debug>: 1308194266264166: <private>
Aug 28 13:35:46.563306 watchdogd[57] <Info>: 1308194266282625: <private>
Aug 28 13:35:46.563424 watchdogd[57] <Info>: 1308194266287500: <private>
Aug 28 13:35:46.563581 watchdogd[57] <Info>: 1308194266289416: <private>
Aug 28 13:35:46.563687 watchdogd[57] <Info>: 1308194266290958: <private>
Aug 28 13:35:46.563971 watchdogd[57] <Info>: 1308194266292416: <private>
Aug 28 13:35:46.564038 watchdogd[57] <Info>: 1308194266293708: <private>
Aug 28 13:35:46.564092 watchdogd[57] <Info>: 1308194266294958: <private>
Aug 28 13:35:46.564206 watchdogd[57] <Info>: 1308194266296083: <private>
Aug 28 13:35:46.930330 biometrickitd(CoreMotion)[109] <Debug>: Ping timer fired, resetting watchdog
Aug 28 13:35:49.109317 mediaserverd(CoreMotion)[36] <Debug>: Ping timer fired, resetting watchdog
Aug 28 13:35:49.174636 nearbyd(CoreMotion)[157] <Debug>: Ping timer fired, resetting watchdog
Aug 28 13:35:49.199726 locationd[69] <Debug>: Ping timer fired, resetting watchdog
Aug 28 13:35:51.088340 SpringBoard(CoreMotion)[47602] <Debug>: Ping timer fired, resetting watchdog
Aug 28 13:35:51.533669 backboardd(CoreMotion)[65] <Debug>: Ping timer fired, resetting watchdog
Aug 28 13:35:51.930144 biometrickitd(CoreMotion)[109] <Debug>: Ping timer fired, resetting watchdog
Aug 28 13:35:53.257660 runningboardd(RunningBoard)[33] <Info>: _requestedJetsamPriority = 6, _executablePath = /System/Library/PrivateFrameworks/MobileBackup.framework/backupd
Aug 28 13:35:53.261652 runningboardd(RunningBoard)[33] <Info>: _requestedJetsamPriority = 6, _executablePath = /System/Library/PrivateFrameworks/MobileBackup.framework/backupd
Aug 28 13:35:53.263972 runningboardd(RunningBoard)[33] <Debug>: Sending state update for daemon<com.apple.backupd>: <RBSProcessState| task:running debug:none terminationResistance:None>
Aug 28 13:35:54.106907 mediaserverd(CoreMotion)[36] <Debug>: Ping timer fired, resetting watchdog
Aug 28 13:35:54.139182 nearbyd(CoreMotion)[157] <Debug>: Ping timer fired, resetting watchdog
Aug 28 13:35:54.200723 locationd[69] <Debug>: Ping timer fired, resetting watchdog
Aug 28 13:35:56.088167 SpringBoard(CoreMotion)[47602] <Debug>: Ping timer fired, resetting watchdog
Aug 28 13:35:56.533538 backboardd(CoreMotion)[65] <Debug>: Ping timer fired, resetting watchdog
Aug 28 13:35:56.564495 watchdogd[57] <Debug>: 1308204265537250: <private>
Aug 28 13:35:56.565381 watchdogd[57] <Info>: 1308204266155041: <private>
Aug 28 13:35:56.566151 watchdogd[57] <Debug>: 1308204266350416: <private>
Aug 28 13:35:56.566846 watchdogd[57] <Info>: 1308204266362041: <private>
Aug 28 13:35:56.567565 watchdogd[57] <Debug>: 1308204266765916: <private>
Aug 28 13:35:56.568900 watchdogd[57] <Debug>: 1308204267489666: <private>
Aug 28 13:35:56.569282 watchdogd[57] <Debug>: 1308204268225416: <private>
Aug 28 13:35:56.569871 watchdogd[57] <Debug>: 1308204268419416: <private>
Aug 28 13:35:56.570715 watchdogd[57] <Debug>: 1308204268846333: <private>
Aug 28 13:35:56.572117 watchdogd[57] <Debug>: 1308204269052458: <private>
Aug 28 13:35:56.572490 watchdogd[57] <Info>: 1308204269111916: <private>
Aug 28 13:35:56.572851 watchdogd[57] <Info>: 1308204269126166: <private>
Aug 28 13:35:56.573392 watchdogd[57] <Info>: 1308204269131791: <private>
Aug 28 13:35:56.573636 watchdogd[57] <Info>: 1308204269136791: <private>
Aug 28 13:35:56.574073 watchdogd[57] <Info>: 1308204269141083: <private>
Aug 28 13:35:56.574576 watchdogd[57] <Info>: 1308204269145291: <private>
Aug 28 13:35:56.575058 watchdogd[57] <Info>: 1308204269149541: <private>
Aug 28 13:35:56.575235 watchdogd[57] <Info>: 1308204269153708: <private>
Aug 28 13:35:56.929785 biometrickitd(CoreMotion)[109] <Debug>: Ping timer fired, resetting watchdog
Aug 28 13:35:59.112806 mediaserverd(CoreMotion)[36] <Debug>: Ping timer fired, resetting watchdog
Aug 28 13:35:59.141720 nearbyd(CoreMotion)[157] <Debug>: Ping timer fired, resetting watchdog
Aug 28 13:35:59.200083 locationd[69] <Debug>: Ping timer fired, resetting watchdog
Aug 28 13:36:01.088023 SpringBoard(CoreMotion)[47602] <Debug>: Ping timer fired, resetting watchdog
Aug 28 13:36:01.533457 backboardd(CoreMotion)[65] <Debug>: Ping timer fired, resetting watchdog
Aug 28 13:36:01.929855 biometrickitd(CoreMotion)[109] <Debug>: Ping timer fired, resetting watchdog
Aug 28 13:36:04.107186 mediaserverd(CoreMotion)[36] <Debug>: Ping timer fired, resetting watchdog
Aug 28 13:36:04.135879 nearbyd(CoreMotion)[157] <Debug>: Ping timer fired, resetting watchdog
Aug 28 13:36:04.199413 locationd[69] <Debug>: Ping timer fired, resetting watchdog
Aug 28 13:36:06.088048 SpringBoard(CoreMotion)[47602] <Debug>: Ping timer fired, resetting watchdog
Aug 28 13:36:06.537395 backboardd(CoreMotion)[65] <Debug>: Ping timer fired, resetting watchdog
Aug 28 13:36:06.564367 watchdogd[57] <Debug>: 1308214266314416: <private>
Aug 28 13:36:06.565630 watchdogd[57] <Info>: 1308214266889083: <private>
Aug 28 13:36:06.566179 watchdogd[57] <Debug>: 1308214267040041: <private>
Aug 28 13:36:06.567093 watchdogd[57] <Info>: 1308214267051791: <private>
Aug 28 13:36:06.569076 watchdogd[57] <Debug>: 1308214267174125: <private>
Aug 28 13:36:06.570343 watchdogd[57] <Debug>: 1308214267663125: <private>
Aug 28 13:36:06.570799 watchdogd[57] <Debug>: 1308214268346666: <private>
Aug 28 13:36:06.573885 watchdogd[57] <Debug>: 1308214268722208: <private>
Aug 28 13:36:06.574512 watchdogd[57] <Debug>: 1308214268899958: <private>
Aug 28 13:36:06.574911 watchdogd[57] <Debug>: 1308214269262041: <private>
Aug 28 13:36:06.575200 watchdogd[57] <Info>: 1308214269320416: <private>
Aug 28 13:36:06.575435 watchdogd[57] <Info>: 1308214269335916: <private>
Aug 28 13:36:06.575675 watchdogd[57] <Info>: 1308214269341958: <private>
Aug 28 13:36:06.575920 watchdogd[57] <Info>: 1308214269347125: <private>
Aug 28 13:36:06.576109 watchdogd[57] <Info>: 1308214269351666: <private>
Aug 28 13:36:06.576319 watchdogd[57] <Info>: 1308214269355791: <private>
Aug 28 13:36:06.576613 watchdogd[57] <Info>: 1308214269360375: <private>
Aug 28 13:36:06.576771 watchdogd[57] <Info>: 1308214269364291: <private>
Aug 28 13:36:06.576976 watchdogd[57] <Info>: 1308214270014250: <private>
Aug 28 13:36:06.929209 biometrickitd(CoreMotion)[109] <Debug>: Ping timer fired, resetting watchdog
Aug 28 13:36:09.106574 mediaserverd(CoreMotion)[36] <Debug>: Ping timer fired, resetting watchdog
Aug 28 13:36:09.134888 nearbyd(CoreMotion)[157] <Debug>: Ping timer fired, resetting watchdog
Aug 28 13:36:09.199759 locationd[69] <Debug>: Ping timer fired, resetting watchdog
Aug 28 13:36:11.087183 SpringBoard(CoreMotion)[47602] <Debug>: Ping timer fired, resetting watchdog
Aug 28 13:36:11.533191 backboardd(CoreMotion)[65] <Debug>: Ping timer fired, resetting watchdog
Aug 28 13:36:11.929459 biometrickitd(CoreMotion)[109] <Debug>: Ping timer fired, resetting watchdog
Aug 28 13:36:14.106540 mediaserverd(CoreMotion)[36] <Debug>: Ping timer fired, resetting watchdog
Aug 28 13:36:14.151085 nearbyd(CoreMotion)[157] <Debug>: Ping timer fired, resetting watchdog
Aug 28 13:36:14.199677 locationd[69] <Debug>: Ping timer fired, resetting watchdog
Aug 28 13:36:16.087662 SpringBoard(CoreMotion)[47602] <Debug>: Ping timer fired, resetting watchdog
Aug 28 13:36:16.533240 backboardd(CoreMotion)[65] <Debug>: Ping timer fired, resetting watchdog
Aug 28 13:36:16.565114 watchdogd[57] <Debug>: 1308224267049333: <private>
Aug 28 13:36:16.565623 watchdogd[57] <Info>: 1308224267625125: <private>
Aug 28 13:36:16.566505 watchdogd[57] <Debug>: 1308224267778916: <private>
Aug 28 13:36:16.567110 watchdogd[57] <Info>: 1308224267790666: <private>
Aug 28 13:36:16.567991 watchdogd[57] <Debug>: 1308224267915250: <private>
Aug 28 13:36:16.568688 watchdogd[57] <Debug>: 1308224268393416: <private>
Aug 28 13:36:16.569881 watchdogd[57] <Debug>: 1308224269114583: <private>
Aug 28 13:36:16.570601 watchdogd[57] <Debug>: 1308224269517041: <private>
Aug 28 13:36:16.571491 watchdogd[57] <Debug>: 1308224269999791: <private>
Aug 28 13:36:16.571963 watchdogd[57] <Debug>: 1308224270278416: <private>
Aug 28 13:36:16.572223 watchdogd[57] <Info>: 1308224270341208: <private>
Aug 28 13:36:16.575231 watchdogd[57] <Info>: 1308224270356875: <private>
Aug 28 13:36:16.575526 watchdogd[57] <Info>: 1308224270363000: <private>
Aug 28 13:36:16.575661 watchdogd[57] <Info>: 1308224270368208: <private>
Aug 28 13:36:16.575907 watchdogd[57] <Info>: 1308224270372541: <private>
Aug 28 13:36:16.576357 watchdogd[57] <Info>: 1308224270376791: <private>
Aug 28 13:36:16.576530 watchdogd[57] <Info>: 1308224270381125: <private>
Aug 28 13:36:16.576803 watchdogd[57] <Info>: 1308224270385083: <private>
Aug 28 13:36:16.929577 biometrickitd(CoreMotion)[109] <Debug>: Ping timer fired, resetting watchdog
Aug 28 13:36:19.106283 mediaserverd(CoreMotion)[36] <Debug>: Ping timer fired, resetting watchdog
Aug 28 13:36:19.134657 nearbyd(CoreMotion)[157] <Debug>: Ping timer fired, resetting watchdog
Aug 28 13:36:19.199437 locationd[69] <Debug>: Ping timer fired, resetting watchdog
Aug 28 13:36:21.087443 SpringBoard(CoreMotion)[47602] <Debug>: Ping timer fired, resetting watchdog
Aug 28 13:36:21.532817 backboardd(CoreMotion)[65] <Debug>: Ping timer fired, resetting watchdog
Aug 28 13:36:21.929150 biometrickitd(CoreMotion)[109] <Debug>: Ping timer fired, resetting watchdog
Aug 28 13:36:23.289034 runningboardd(RunningBoard)[33] <Notice>: [daemon<com.apple.backupd>:57601] termination reported by launchd (0, 0, 0)
Aug 28 13:36:23.294382 runningboardd(RunningBoard)[33] <Notice>: Removing assertions for terminated process: [daemon<com.apple.backupd>:57601]
Aug 28 13:36:23.296132 runningboardd(RunningBoard)[33] <Debug>: Sending state update for daemon<com.apple.backupd>: <RBSProcessState| task:none debug:none terminationResistance:None>
Aug 28 13:36:24.106145 mediaserverd(CoreMotion)[36] <Debug>: Ping timer fired, resetting watchdog
Aug 28 13:36:24.134834 nearbyd(CoreMotion)[157] <Debug>: Ping timer fired, resetting watchdog
Aug 28 13:36:24.199462 locationd[69] <Debug>: Ping timer fired, resetting watchdog
Aug 28 13:36:26.086777 SpringBoard(CoreMotion)[47602] <Debug>: Ping timer fired, resetting watchdog
Aug 28 13:36:26.532651 backboardd(CoreMotion)[65] <Debug>: Ping timer fired, resetting watchdog
Aug 28 13:36:26.565457 watchdogd[57] <Debug>: 1308234267778916: <private>
Aug 28 13:36:26.565883 watchdogd[57] <Info>: 1308234268349666: <private>
Aug 28 13:36:26.567260 watchdogd[57] <Debug>: 1308234268496291: <private>
Aug 28 13:36:26.567729 watchdogd[57] <Debug>: 1308234269137791: <private>
Aug 28 13:36:26.569464 watchdogd[57] <Debug>: 1308234269821125: <private>
Aug 28 13:36:26.570650 watchdogd[57] <Info>: 1308234269832083: <private>
Aug 28 13:36:26.571223 watchdogd[57] <Debug>: 1308234269867791: <private>
Aug 28 13:36:26.571686 watchdogd[57] <Debug>: 1308234270364083: <private>
Aug 28 13:36:26.572182 watchdogd[57] <Debug>: 1308234270557458: <private>
Aug 28 13:36:26.572782 watchdogd[57] <Debug>: 1308234271063166: <private>
Aug 28 13:36:26.573065 watchdogd[57] <Info>: 1308234271121000: <private>
Aug 28 13:36:26.573509 watchdogd[57] <Info>: 1308234271135583: <private>
Aug 28 13:36:26.573976 watchdogd[57] <Info>: 1308234271141583: <private>
Aug 28 13:36:26.574378 watchdogd[57] <Info>: 1308234271146541: <private>
Aug 28 13:36:26.574549 watchdogd[57] <Info>: 1308234271150916: <private>
Aug 28 13:36:26.574840 watchdogd[57] <Info>: 1308234271155000: <private>
Aug 28 13:36:26.575105 watchdogd[57] <Info>: 1308234271159291: <private>
Aug 28 13:36:26.575265 watchdogd[57] <Info>: 1308234271163208: <private>
Aug 28 13:36:26.928765 biometrickitd(CoreMotion)[109] <Debug>: Ping timer fired, resetting watchdog
Aug 28 13:36:29.105975 mediaserverd(CoreMotion)[36] <Debug>: Ping timer fired, resetting watchdog
Aug 28 13:36:29.140928 nearbyd(CoreMotion)[157] <Debug>: Ping timer fired, resetting watchdog
Aug 28 13:36:29.206162 locationd[69] <Debug>: Ping timer fired, resetting watchdog
Aug 28 13:36:31.087126 SpringBoard(CoreMotion)[47602] <Debug>: Ping timer fired, resetting watchdog
Aug 28 13:36:31.532523 backboardd(CoreMotion)[65] <Debug>: Ping timer fired, resetting watchdog
Aug 28 13:36:31.928752 biometrickitd(CoreMotion)[109] <Debug>: Ping timer fired, resetting watchdog
Aug 28 13:36:34.105808 mediaserverd(CoreMotion)[36] <Debug>: Ping timer fired, resetting watchdog
Aug 28 13:36:34.138080 nearbyd(CoreMotion)[157] <Debug>: Ping timer fired, resetting watchdog
Aug 28 13:36:34.199067 locationd[69] <Debug>: Ping timer fired, resetting watchdog
Aug 28 13:36:36.086992 SpringBoard(CoreMotion)[47602] <Debug>: Ping timer fired, resetting watchdog
Aug 28 13:36:36.532375 backboardd(CoreMotion)[65] <Debug>: Ping timer fired, resetting watchdog
Aug 28 13:36:36.567699 watchdogd[57] <Debug>: 1308244268518166: <private>
Aug 28 13:36:36.568171 watchdogd[57] <Info>: 1308244269086791: <private>
Aug 28 13:36:36.568634 watchdogd[57] <Debug>: 1308244269241166: <private>
Aug 28 13:36:36.568907 watchdogd[57] <Info>: 1308244269253166: <private>
Aug 28 13:36:36.569341 watchdogd[57] <Debug>: 1308244269376000: <private>
Aug 28 13:36:36.570758 watchdogd[57] <Debug>: 1308244269879875: <private>
Aug 28 13:36:36.571139 watchdogd[57] <Debug>: 1308244270317000: <private>
Aug 28 13:36:36.571411 watchdogd[57] <Debug>: 1308244270881250: <private>
Aug 28 13:36:36.571832 watchdogd[57] <Debug>: 1308244271318583: <private>
Aug 28 13:36:36.572237 watchdogd[57] <Debug>: 1308244272038375: <private>
Aug 28 13:36:36.573696 watchdogd[57] <Info>: 1308244272098083: <private>
Aug 28 13:36:36.574161 watchdogd[57] <Info>: 1308244272113791: <private>
Aug 28 13:36:36.574405 watchdogd[57] <Info>: 1308244272120208: <private>
Aug 28 13:36:36.574578 watchdogd[57] <Info>: 1308244272125083: <private>
Aug 28 13:36:36.574933 watchdogd[57] <Info>: 1308244272129875: <private>
Aug 28 13:36:36.575397 watchdogd[57] <Info>: 1308244272134000: <private>
Aug 28 13:36:36.575591 watchdogd[57] <Info>: 1308244272138166: <private>
Aug 28 13:36:36.575789 watchdogd[57] <Info>: 1308244272142208: <private>
Aug 28 13:36:36.575997 watchdogd[57] <Info>: 1308244272798333: <private>
Aug 28 13:36:36.928734 biometrickitd(CoreMotion)[109] <Debug>: Ping timer fired, resetting watchdog
Aug 28 13:36:39.105824 mediaserverd(CoreMotion)[36] <Debug>: Ping timer fired, resetting watchdog
Aug 28 13:36:39.134561 nearbyd(CoreMotion)[157] <Debug>: Ping timer fired, resetting watchdog
Aug 28 13:36:39.198837 locationd[69] <Debug>: Ping timer fired, resetting watchdog
Aug 28 13:36:41.086099 SpringBoard(CoreMotion)[47602] <Debug>: Ping timer fired, resetting watchdog
Aug 28 13:36:41.532290 backboardd(CoreMotion)[65] <Debug>: Ping timer fired, resetting watchdog
Aug 28 13:36:41.930338 biometrickitd(CoreMotion)[109] <Debug>: Ping timer fired, resetting watchdog
Aug 28 13:36:44.104887 mediaserverd(CoreMotion)[36] <Debug>: Ping timer fired, resetting watchdog
Aug 28 13:36:44.144504 nearbyd(CoreMotion)[157] <Debug>: Ping timer fired, resetting watchdog
Aug 28 13:36:44.197855 locationd[69] <Debug>: Ping timer fired, resetting watchdog
Aug 28 13:36:46.086706 SpringBoard(CoreMotion)[47602] <Debug>: Ping timer fired, resetting watchdog
Aug 28 13:36:46.532319 backboardd(CoreMotion)[65] <Debug>: Ping timer fired, resetting watchdog
Aug 28 13:36:46.566382 watchdogd[57] <Debug>: 1308254269273041: <private>
Aug 28 13:36:46.566922 watchdogd[57] <Info>: 1308254269870916: <private>
Aug 28 13:36:46.568202 watchdogd[57] <Debug>: 1308254270116375: <private>
Aug 28 13:36:46.568674 watchdogd[57] <Info>: 1308254270128041: <private>
Aug 28 13:36:46.569388 watchdogd[57] <Debug>: 1308254270509666: <private>
Aug 28 13:36:46.570084 watchdogd[57] <Debug>: 1308254271166375: <private>
Aug 28 13:36:46.572244 watchdogd[57] <Debug>: 1308254271343208: <private>
Aug 28 13:36:46.573167 watchdogd[57] <Debug>: 1308254271853583: <private>
Aug 28 13:36:46.573640 watchdogd[57] <Debug>: 1308254271965000: <private>
Aug 28 13:36:46.573852 watchdogd[57] <Debug>: 1308254272453875: <private>
Aug 28 13:36:46.574004 watchdogd[57] <Info>: 1308254272514166: <private>
Aug 28 13:36:46.574116 watchdogd[57] <Info>: 1308254272529333: <private>
Aug 28 13:36:46.574382 watchdogd[57] <Info>: 1308254272535541: <private>
Aug 28 13:36:46.574568 watchdogd[57] <Info>: 1308254272540666: <private>
Aug 28 13:36:46.575110 watchdogd[57] <Info>: 1308254272545166: <private>
Aug 28 13:36:46.575272 watchdogd[57] <Info>: 1308254272549291: <private>
Aug 28 13:36:46.575483 watchdogd[57] <Info>: 1308254272553625: <private>
Aug 28 13:36:46.575745 watchdogd[57] <Info>: 1308254272557666: <private>
Aug 28 13:36:46.928548 biometrickitd(CoreMotion)[109] <Debug>: Ping timer fired, resetting watchdog
Aug 28 13:36:49.105525 mediaserverd(CoreMotion)[36] <Debug>: Ping timer fired, resetting watchdog
Aug 28 13:36:49.146509 nearbyd(CoreMotion)[157] <Debug>: Ping timer fired, resetting watchdog
Aug 28 13:36:49.198580 locationd[69] <Debug>: Ping timer fired, resetting watchdog
Aug 28 13:36:51.085943 SpringBoard(CoreMotion)[47602] <Debug>: Ping timer fired, resetting watchdog
Aug 28 13:36:51.532105 backboardd(CoreMotion)[65] <Debug>: Ping timer fired, resetting watchdog
Aug 28 13:36:51.928380 biometrickitd(CoreMotion)[109] <Debug>: Ping timer fired, resetting watchdog
Aug 28 13:36:54.105266 mediaserverd(CoreMotion)[36] <Debug>: Ping timer fired, resetting watchdog
Aug 28 13:36:54.137263 nearbyd(CoreMotion)[157] <Debug>: Ping timer fired, resetting watchdog
Aug 28 13:36:54.198563 locationd[69] <Debug>: Ping timer fired, resetting watchdog
Aug 28 13:36:54.805895 symptomsd(SymptomEvaluator)[170] <Debug>: COSMCtrl applyPolicyDelta for E01B2FEA-36F1-3C21-AADE-93AC8E03F45C -> dev.selfhost.firstActivationProbe  policy id 0  fg 0 fg-activity 0
Aug 28 13:36:54.806723 symptomsd(SymptomEvaluator)[170] <Error>: COSMCtrl applyPolicyDelta unexpected absence of policy on appRecord dev.selfhost.firstActivationProbe bg time + grace 2026-08-28 13:39:00.072 -0400  now 2026-08-28 13:36:54.804 -0400
Aug 28 13:36:54.808245 symptomsd(SymptomEvaluator)[170] <Notice>: COSMCtrl ensureMaintenanceTimer set delay 125.765 for eviction timer on dev.selfhost.firstActivationProbe
Aug 28 13:36:56.086401 SpringBoard(CoreMotion)[47602] <Debug>: Ping timer fired, resetting watchdog
Aug 28 13:36:56.531832 backboardd(CoreMotion)[65] <Debug>: Ping timer fired, resetting watchdog
Aug 28 13:36:56.573309 watchdogd[57] <Debug>: 1308264270011833: <private>
Aug 28 13:36:56.574137 watchdogd[57] <Info>: 1308264270569666: <private>
Aug 28 13:36:56.574575 watchdogd[57] <Debug>: 1308264270716416: <private>
Aug 28 13:36:56.575110 watchdogd[57] <Info>: 1308264270727916: <private>
Aug 28 13:36:56.575819 watchdogd[57] <Debug>: 1308264270850875: <private>
Aug 28 13:36:56.576538 watchdogd[57] <Debug>: 1308264271308791: <private>
Aug 28 13:36:56.577182 watchdogd[57] <Debug>: 1308264272010000: <private>
Aug 28 13:36:56.579084 watchdogd[57] <Debug>: 1308264272461875: <private>
Aug 28 13:36:56.579356 watchdogd[57] <Debug>: 1308264272500000: <private>
Aug 28 13:36:56.579589 watchdogd[57] <Debug>: 1308264272879875: <private>
Aug 28 13:36:56.579831 watchdogd[57] <Info>: 1308264272943333: <private>
Aug 28 13:36:56.579984 watchdogd[57] <Info>: 1308264272958333: <private>
Aug 28 13:36:56.580095 watchdogd[57] <Info>: 1308264272964083: <private>
Aug 28 13:36:56.580367 watchdogd[57] <Info>: 1308264272969375: <private>
Aug 28 13:36:56.580514 watchdogd[57] <Info>: 1308264272974083: <private>
Aug 28 13:36:56.580799 watchdogd[57] <Info>: 1308264272978333: <private>
Aug 28 13:36:56.580944 watchdogd[57] <Info>: 1308264272982791: <private>
Aug 28 13:36:56.581153 watchdogd[57] <Info>: 1308264272987083: <private>
Aug 28 13:36:56.927697 biometrickitd(CoreMotion)[109] <Debug>: Ping timer fired, resetting watchdog
Aug 28 13:36:59.105102 mediaserverd(CoreMotion)[36] <Debug>: Ping timer fired, resetting watchdog
Aug 28 13:36:59.134302 nearbyd(CoreMotion)[157] <Debug>: Ping timer fired, resetting watchdog
Aug 28 13:36:59.198750 locationd[69] <Debug>: Ping timer fired, resetting watchdog
Aug 28 13:36:59.351950 runningboardd(RunningBoard)[33] <Info>: _requestedJetsamPriority = 6, _executablePath = /System/Library/PrivateFrameworks/MobileBackup.framework/backupd
Aug 28 13:36:59.358041 runningboardd(RunningBoard)[33] <Info>: _requestedJetsamPriority = 6, _executablePath = /System/Library/PrivateFrameworks/MobileBackup.framework/backupd
Aug 28 13:36:59.360465 runningboardd(RunningBoard)[33] <Debug>: Sending state update for daemon<com.apple.backupd>: <RBSProcessState| task:running debug:none terminationResistance:None>
Aug 28 13:37:01.086319 SpringBoard(CoreMotion)[47602] <Debug>: Ping timer fired, resetting watchdog
Aug 28 13:37:01.531814 backboardd(CoreMotion)[65] <Debug>: Ping timer fired, resetting watchdog
Aug 28 13:37:01.927984 biometrickitd(CoreMotion)[109] <Debug>: Ping timer fired, resetting watchdog
Aug 28 13:37:04.105042 mediaserverd(CoreMotion)[36] <Debug>: Ping timer fired, resetting watchdog
Aug 28 13:37:04.134150 nearbyd(CoreMotion)[157] <Debug>: Ping timer fired, resetting watchdog
Aug 28 13:37:04.198100 locationd[69] <Debug>: Ping timer fired, resetting watchdog
Aug 28 13:37:06.087153 SpringBoard(CoreMotion)[47602] <Debug>: Ping timer fired, resetting watchdog
Aug 28 13:37:06.531540 backboardd(CoreMotion)[65] <Debug>: Ping timer fired, resetting watchdog
Aug 28 13:37:06.567193 watchdogd[57] <Debug>: 1308274270726291: <private>
Aug 28 13:37:06.568056 watchdogd[57] <Info>: 1308274271311125: <private>
Aug 28 13:37:06.569800 watchdogd[57] <Debug>: 1308274271463958: <private>
Aug 28 13:37:06.570433 watchdogd[57] <Info>: 1308274271476083: <private>
Aug 28 13:37:06.570887 watchdogd[57] <Debug>: 1308274271598625: <private>
Aug 28 13:37:06.571480 watchdogd[57] <Debug>: 1308274272078500: <private>
Aug 28 13:37:06.572160 watchdogd[57] <Debug>: 1308274272773625: <private>
Aug 28 13:37:06.572533 watchdogd[57] <Debug>: 1308274273044375: <private>
Aug 28 13:37:06.572803 watchdogd[57] <Debug>: 1308274273362541: <private>
Aug 28 13:37:06.573312 watchdogd[57] <Debug>: 1308274273677708: <private>
Aug 28 13:37:06.573977 watchdogd[57] <Info>: 1308274273735958: <private>
Aug 28 13:37:06.574226 watchdogd[57] <Info>: 1308274273750458: <private>
Aug 28 13:37:06.574508 watchdogd[57] <Info>: 1308274273756458: <private>
Aug 28 13:37:06.574755 watchdogd[57] <Info>: 1308274273761458: <private>
Aug 28 13:37:06.575009 watchdogd[57] <Info>: 1308274273765708: <private>
Aug 28 13:37:06.575162 watchdogd[57] <Info>: 1308274273769958: <private>
Aug 28 13:37:06.575440 watchdogd[57] <Info>: 1308274273774291: <private>
Aug 28 13:37:06.575698 watchdogd[57] <Info>: 1308274273778208: <private>
Aug 28 13:37:06.575852 watchdogd[57] <Info>: 1308274274506708: <private>
Aug 28 13:37:06.928139 biometrickitd(CoreMotion)[109] <Debug>: Ping timer fired, resetting watchdog
Aug 28 13:37:09.104715 mediaserverd(CoreMotion)[36] <Debug>: Ping timer fired, resetting watchdog
Aug 28 13:37:09.136948 nearbyd(CoreMotion)[157] <Debug>: Ping timer fired, resetting watchdog
Aug 28 13:37:09.198069 locationd[69] <Debug>: Ping timer fired, resetting watchdog
Aug 28 13:37:11.085183 SpringBoard(CoreMotion)[47602] <Debug>: Ping timer fired, resetting watchdog
Aug 28 13:37:11.530906 backboardd(CoreMotion)[65] <Debug>: Ping timer fired, resetting watchdog
Aug 28 13:37:11.927715 biometrickitd(CoreMotion)[109] <Debug>: Ping timer fired, resetting watchdog
Aug 28 13:37:14.105048 mediaserverd(CoreMotion)[36] <Debug>: Ping timer fired, resetting watchdog
Aug 28 13:37:14.133518 nearbyd(CoreMotion)[157] <Debug>: Ping timer fired, resetting watchdog
Aug 28 13:37:14.197792 locationd[69] <Debug>: Ping timer fired, resetting watchdog
Aug 28 13:37:16.086235 SpringBoard(CoreMotion)[47602] <Debug>: Ping timer fired, resetting watchdog
Aug 28 13:37:16.531205 backboardd(CoreMotion)[65] <Debug>: Ping timer fired, resetting watchdog
Aug 28 13:37:16.568443 watchdogd[57] <Debug>: 1308284271468208: <private>
Aug 28 13:37:16.569188 watchdogd[57] <Info>: 1308284272046625: <private>
Aug 28 13:37:16.570544 watchdogd[57] <Debug>: 1308284272197000: <private>
Aug 28 13:37:16.571239 watchdogd[57] <Info>: 1308284272208583: <private>
Aug 28 13:37:16.571622 watchdogd[57] <Debug>: 1308284272331500: <private>
Aug 28 13:37:16.571885 watchdogd[57] <Debug>: 1308284272817541: <private>
Aug 28 13:37:16.572317 watchdogd[57] <Debug>: 1308284273458958: <private>
Aug 28 13:37:16.572926 watchdogd[57] <Debug>: 1308284274072750: <private>
Aug 28 13:37:16.573566 watchdogd[57] <Debug>: 1308284274726166: <private>
Aug 28 13:37:16.573823 watchdogd[57] <Debug>: 1308284274945750: <private>
Aug 28 13:37:16.574436 watchdogd[57] <Info>: 1308284275005458: <private>
Aug 28 13:37:16.574680 watchdogd[57] <Info>: 1308284275020791: <private>
Aug 28 13:37:16.574933 watchdogd[57] <Info>: 1308284275026958: <private>
Aug 28 13:37:16.575102 watchdogd[57] <Info>: 1308284275031833: <private>
Aug 28 13:37:16.575370 watchdogd[57] <Info>: 1308284275036250: <private>
Aug 28 13:37:16.575526 watchdogd[57] <Info>: 1308284275040541: <private>
Aug 28 13:37:16.575636 watchdogd[57] <Info>: 1308284275044833: <private>
Aug 28 13:37:16.575921 watchdogd[57] <Info>: 1308284275048833: <private>
Aug 28 13:37:16.927933 biometrickitd(CoreMotion)[109] <Debug>: Ping timer fired, resetting watchdog
Aug 28 13:37:19.104425 mediaserverd(CoreMotion)[36] <Debug>: Ping timer fired, resetting watchdog
Aug 28 13:37:19.136660 nearbyd(CoreMotion)[157] <Debug>: Ping timer fired, resetting watchdog
Aug 28 13:37:19.197684 locationd[69] <Debug>: Ping timer fired, resetting watchdog
Aug 28 13:37:21.085727 SpringBoard(CoreMotion)[47602] <Debug>: Ping timer fired, resetting watchdog
Aug 28 13:37:21.531347 backboardd(CoreMotion)[65] <Debug>: Ping timer fired, resetting watchdog
Aug 28 13:37:21.927535 biometrickitd(CoreMotion)[109] <Debug>: Ping timer fired, resetting watchdog
Aug 28 13:37:24.104304 mediaserverd(CoreMotion)[36] <Debug>: Ping timer fired, resetting watchdog
Aug 28 13:37:24.133885 nearbyd(CoreMotion)[157] <Debug>: Ping timer fired, resetting watchdog
Aug 28 13:37:24.197518 locationd[69] <Debug>: Ping timer fired, resetting watchdog
Aug 28 13:37:26.085545 SpringBoard(CoreMotion)[47602] <Debug>: Ping timer fired, resetting watchdog
Aug 28 13:37:26.530562 backboardd(CoreMotion)[65] <Debug>: Ping timer fired, resetting watchdog
Aug 28 13:37:26.567869 watchdogd[57] <Debug>: 1308294272217625: <private>
Aug 28 13:37:26.568794 watchdogd[57] <Info>: 1308294272781333: <private>
Aug 28 13:37:26.569545 watchdogd[57] <Debug>: 1308294272933375: <private>
Aug 28 13:37:26.570240 watchdogd[57] <Info>: 1308294272944750: <private>
Aug 28 13:37:26.573054 watchdogd[57] <Debug>: 1308294273067833: <private>
Aug 28 13:37:26.573934 watchdogd[57] <Debug>: 1308294273558583: <private>
Aug 28 13:37:26.574742 watchdogd[57] <Debug>: 1308294274228041: <private>
Aug 28 13:37:26.575113 watchdogd[57] <Debug>: 1308294274681625: <private>
Aug 28 13:37:26.575415 watchdogd[57] <Debug>: 1308294274767958: <private>
Aug 28 13:37:26.575883 watchdogd[57] <Debug>: 1308294275186000: <private>
Aug 28 13:37:26.576300 watchdogd[57] <Info>: 1308294275244666: <private>
Aug 28 13:37:26.576583 watchdogd[57] <Info>: 1308294275259666: <private>
Aug 28 13:37:26.577474 watchdogd[57] <Info>: 1308294275265541: <private>
Aug 28 13:37:26.577751 watchdogd[57] <Info>: 1308294275270416: <private>
Aug 28 13:37:26.578202 watchdogd[57] <Info>: 1308294275274833: <private>
Aug 28 13:37:26.578620 watchdogd[57] <Info>: 1308294275279541: <private>
Aug 28 13:37:26.579102 watchdogd[57] <Info>: 1308294275283750: <private>
Aug 28 13:37:26.579383 watchdogd[57] <Info>: 1308294275287833: <private>
Aug 28 13:37:26.927350 biometrickitd(CoreMotion)[109] <Debug>: Ping timer fired, resetting watchdog
Aug 28 13:37:29.104248 mediaserverd(CoreMotion)[36] <Debug>: Ping timer fired, resetting watchdog
Aug 28 13:37:29.133698 nearbyd(CoreMotion)[157] <Debug>: Ping timer fired, resetting watchdog
Aug 28 13:37:29.197348 locationd[69] <Debug>: Ping timer fired, resetting watchdog
Aug 28 13:37:29.383643 runningboardd(RunningBoard)[33] <Notice>: [daemon<com.apple.backupd>:57608] termination reported by launchd (0, 0, 0)
Aug 28 13:37:29.387030 runningboardd(RunningBoard)[33] <Notice>: Removing assertions for terminated process: [daemon<com.apple.backupd>:57608]
Aug 28 13:37:29.389376 runningboardd(RunningBoard)[33] <Debug>: Sending state update for daemon<com.apple.backupd>: <RBSProcessState| task:none debug:none terminationResistance:None>
Aug 28 13:37:31.085379 SpringBoard(CoreMotion)[47602] <Debug>: Ping timer fired, resetting watchdog
Aug 28 13:37:31.530762 backboardd(CoreMotion)[65] <Debug>: Ping timer fired, resetting watchdog
Aug 28 13:37:31.927114 biometrickitd(CoreMotion)[109] <Debug>: Ping timer fired, resetting watchdog
Aug 28 13:37:34.102688 mediaserverd(CoreMotion)[36] <Debug>: Ping timer fired, resetting watchdog
Aug 28 13:37:34.136426 nearbyd(CoreMotion)[157] <Debug>: Ping timer fired, resetting watchdog
Aug 28 13:37:34.196886 locationd[69] <Debug>: Ping timer fired, resetting watchdog
Aug 28 13:37:36.085229 SpringBoard(CoreMotion)[47602] <Debug>: Ping timer fired, resetting watchdog
Aug 28 13:37:36.530872 backboardd(CoreMotion)[65] <Debug>: Ping timer fired, resetting watchdog
Aug 28 13:37:36.568710 watchdogd[57] <Debug>: 1308304272926041: <private>
Aug 28 13:37:36.570244 watchdogd[57] <Info>: 1308304273510125: <private>
Aug 28 13:37:36.571631 watchdogd[57] <Debug>: 1308304273692125: <private>
Aug 28 13:37:36.572504 watchdogd[57] <Info>: 1308304273704041: <private>
Aug 28 13:37:36.573401 watchdogd[57] <Debug>: 1308304273947333: <private>
Aug 28 13:37:36.573877 watchdogd[57] <Debug>: 1308304274756125: <private>
Aug 28 13:37:36.574101 watchdogd[57] <Debug>: 1308304275078208: <private>
Aug 28 13:37:36.574239 watchdogd[57] <Debug>: 1308304275533625: <private>
Aug 28 13:37:36.574587 watchdogd[57] <Debug>: 1308304275573166: <private>
Aug 28 13:37:36.574888 watchdogd[57] <Debug>: 1308304276094375: <private>
Aug 28 13:37:36.575043 watchdogd[57] <Info>: 1308304276155291: <private>
Aug 28 13:37:36.575255 watchdogd[57] <Info>: 1308304276170458: <private>
Aug 28 13:37:36.575549 watchdogd[57] <Info>: 1308304276176583: <private>
Aug 28 13:37:36.575732 watchdogd[57] <Info>: 1308304276181625: <private>
Aug 28 13:37:36.576005 watchdogd[57] <Info>: 1308304276186083: <private>
Aug 28 13:37:36.576255 watchdogd[57] <Info>: 1308304276190250: <private>
Aug 28 13:37:36.576421 watchdogd[57] <Info>: 1308304276194333: <private>
Aug 28 13:37:36.577021 watchdogd[57] <Info>: 1308304276198250: <private>
Aug 28 13:37:36.577356 watchdogd[57] <Info>: 1308304276883000: <private>
Aug 28 13:37:36.927137 biometrickitd(CoreMotion)[109] <Debug>: Ping timer fired, resetting watchdog
Aug 28 13:37:39.104044 mediaserverd(CoreMotion)[36] <Debug>: Ping timer fired, resetting watchdog
Aug 28 13:37:39.133125 nearbyd(CoreMotion)[157] <Debug>: Ping timer fired, resetting watchdog
Aug 28 13:37:39.196670 locationd[69] <Debug>: Ping timer fired, resetting watchdog
Aug 28 13:37:41.084517 SpringBoard(CoreMotion)[47602] <Debug>: Ping timer fired, resetting watchdog
Aug 28 13:37:41.530078 backboardd(CoreMotion)[65] <Debug>: Ping timer fired, resetting watchdog
Aug 28 13:37:41.926576 biometrickitd(CoreMotion)[109] <Debug>: Ping timer fired, resetting watchdog
Aug 28 13:37:44.103910 mediaserverd(CoreMotion)[36] <Debug>: Ping timer fired, resetting watchdog
Aug 28 13:37:44.135988 nearbyd(CoreMotion)[157] <Debug>: Ping timer fired, resetting watchdog
Aug 28 13:37:44.197057 locationd[69] <Debug>: Ping timer fired, resetting watchdog
Aug 28 13:37:46.085046 SpringBoard(CoreMotion)[47602] <Debug>: Ping timer fired, resetting watchdog
Aug 28 13:37:46.530329 backboardd(CoreMotion)[65] <Debug>: Ping timer fired, resetting watchdog
Aug 28 13:37:46.568705 watchdogd[57] <Debug>: 1308314273667958: <private>
Aug 28 13:37:46.569130 watchdogd[57] <Info>: 1308314274235083: <private>
Aug 28 13:37:46.569970 watchdogd[57] <Debug>: 1308314274388708: <private>
Aug 28 13:37:46.570446 watchdogd[57] <Info>: 1308314274400583: <private>
Aug 28 13:37:46.571188 watchdogd[57] <Debug>: 1308314274523541: <private>
Aug 28 13:37:46.572086 watchdogd[57] <Debug>: 1308314274993958: <private>
Aug 28 13:37:46.572475 watchdogd[57] <Debug>: 1308314275717166: <private>
Aug 28 13:37:46.572670 watchdogd[57] <Debug>: 1308314275956000: <private>
Aug 28 13:37:46.573677 watchdogd[57] <Debug>: 1308314276308000: <private>
Aug 28 13:37:46.573890 watchdogd[57] <Debug>: 1308314276598041: <private>
Aug 28 13:37:46.574104 watchdogd[57] <Info>: 1308314276656208: <private>
Aug 28 13:37:46.574400 watchdogd[57] <Info>: 1308314276671250: <private>
Aug 28 13:37:46.574663 watchdogd[57] <Info>: 1308314276677916: <private>
Aug 28 13:37:46.574862 watchdogd[57] <Info>: 1308314276682750: <private>
Aug 28 13:37:46.575023 watchdogd[57] <Info>: 1308314276687500: <private>
Aug 28 13:37:46.575136 watchdogd[57] <Info>: 1308314276691750: <private>
Aug 28 13:37:46.575429 watchdogd[57] <Info>: 1308314276696083: <private>
Aug 28 13:37:46.575694 watchdogd[57] <Info>: 1308314276700083: <private>
Aug 28 13:37:46.926705 biometrickitd(CoreMotion)[109] <Debug>: Ping timer fired, resetting watchdog
Aug 28 13:37:49.102928 mediaserverd(CoreMotion)[36] <Debug>: Ping timer fired, resetting watchdog
Aug 28 13:37:49.132840 nearbyd(CoreMotion)[157] <Debug>: Ping timer fired, resetting watchdog
Aug 28 13:37:49.196805 locationd[69] <Debug>: Ping timer fired, resetting watchdog
Aug 28 13:37:51.085095 SpringBoard(CoreMotion)[47602] <Debug>: Ping timer fired, resetting watchdog
Aug 28 13:37:51.530428 backboardd(CoreMotion)[65] <Debug>: Ping timer fired, resetting watchdog
Aug 28 13:37:51.926809 biometrickitd(CoreMotion)[109] <Debug>: Ping timer fired, resetting watchdog
Aug 28 13:37:54.102773 mediaserverd(CoreMotion)[36] <Debug>: Ping timer fired, resetting watchdog
Aug 28 13:37:54.132012 nearbyd(CoreMotion)[157] <Debug>: Ping timer fired, resetting watchdog
Aug 28 13:37:54.196749 locationd[69] <Debug>: Ping timer fired, resetting watchdog
Aug 28 13:37:56.084654 SpringBoard(CoreMotion)[47602] <Debug>: Ping timer fired, resetting watchdog
Aug 28 13:37:56.530078 backboardd(CoreMotion)[65] <Debug>: Ping timer fired, resetting watchdog
Aug 28 13:37:56.570184 watchdogd[57] <Debug>: 1308324274401666: <private>
Aug 28 13:37:56.571479 watchdogd[57] <Info>: 1308324274962208: <private>
Aug 28 13:37:56.571870 watchdogd[57] <Debug>: 1308324275119916: <private>
Aug 28 13:37:56.572604 watchdogd[57] <Info>: 1308324275131333: <private>
Aug 28 13:37:56.573213 watchdogd[57] <Debug>: 1308324275254000: <private>
Aug 28 13:37:56.574645 watchdogd[57] <Debug>: 1308324275757166: <private>
Aug 28 13:37:56.575346 watchdogd[57] <Debug>: 1308324276231500: <private>
Aug 28 13:37:56.575715 watchdogd[57] <Debug>: 1308324276921708: <private>
Aug 28 13:37:56.575987 watchdogd[57] <Debug>: 1308324277751958: <private>
Aug 28 13:37:56.576410 watchdogd[57] <Debug>: 1308324277830958: <private>
Aug 28 13:37:56.577016 watchdogd[57] <Info>: 1308324277894083: <private>
Aug 28 13:37:56.577388 watchdogd[57] <Info>: 1308324277909791: <private>
Aug 28 13:37:56.578472 watchdogd[57] <Info>: 1308324277915833: <private>
Aug 28 13:37:56.578849 watchdogd[57] <Info>: 1308324277920833: <private>
Aug 28 13:37:56.579256 watchdogd[57] <Info>: 1308324277925416: <private>
Aug 28 13:37:56.579696 watchdogd[57] <Info>: 1308324277929708: <private>
Aug 28 13:37:56.580014 watchdogd[57] <Info>: 1308324277934208: <private>
Aug 28 13:37:56.580495 watchdogd[57] <Info>: 1308324277938208: <private>
Aug 28 13:37:56.929373 biometrickitd(CoreMotion)[109] <Debug>: Ping timer fired, resetting watchdog
Aug 28 13:37:56.987384 symptomsd(SymptomEvaluator)[170] <Debug>: --> activityBitmaps for dev.selfhost.firstActivationProbe on interface WiFi: [     0x200000000   0x400000000000 ]
Aug 28 13:37:59.103370 mediaserverd(CoreMotion)[36] <Debug>: Ping timer fired, resetting watchdog
Aug 28 13:37:59.132197 nearbyd(CoreMotion)[157] <Debug>: Ping timer fired, resetting watchdog
Aug 28 13:37:59.196492 locationd[69] <Debug>: Ping timer fired, resetting watchdog
Aug 28 13:38:01.084632 SpringBoard(CoreMotion)[47602] <Debug>: Ping timer fired, resetting watchdog
Aug 28 13:38:01.529971 backboardd(CoreMotion)[65] <Debug>: Ping timer fired, resetting watchdog
Aug 28 13:38:01.926577 biometrickitd(CoreMotion)[109] <Debug>: Ping timer fired, resetting watchdog
Aug 28 13:38:04.103220 mediaserverd(CoreMotion)[36] <Debug>: Ping timer fired, resetting watchdog
Aug 28 13:38:04.137036 nearbyd(CoreMotion)[157] <Debug>: Ping timer fired, resetting watchdog
Aug 28 13:38:04.199078 locationd[69] <Debug>: Ping timer fired, resetting watchdog
Aug 28 13:38:05.427710 runningboardd(RunningBoard)[33] <Info>: _requestedJetsamPriority = 6, _executablePath = /System/Library/PrivateFrameworks/MobileBackup.framework/backupd
Aug 28 13:38:05.431311 runningboardd(RunningBoard)[33] <Info>: _requestedJetsamPriority = 6, _executablePath = /System/Library/PrivateFrameworks/MobileBackup.framework/backupd
Aug 28 13:38:05.433675 runningboardd(RunningBoard)[33] <Debug>: Sending state update for daemon<com.apple.backupd>: <RBSProcessState| task:running debug:none terminationResistance:None>
Aug 28 13:38:06.084396 SpringBoard(CoreMotion)[47602] <Debug>: Ping timer fired, resetting watchdog
Aug 28 13:38:06.530356 backboardd(CoreMotion)[65] <Debug>: Ping timer fired, resetting watchdog
Aug 28 13:38:06.569847 watchdogd[57] <Debug>: 1308334275113875: <private>
Aug 28 13:38:06.570608 watchdogd[57] <Info>: 1308334275689875: <private>
Aug 28 13:38:06.571455 watchdogd[57] <Debug>: 1308334275843708: <private>
Aug 28 13:38:06.571914 watchdogd[57] <Info>: 1308334275856208: <private>
Aug 28 13:38:06.573204 watchdogd[57] <Debug>: 1308334275979750: <private>
Aug 28 13:38:06.575187 watchdogd[57] <Debug>: 1308334276473250: <private>
Aug 28 13:38:06.575893 watchdogd[57] <Debug>: 1308334277168416: <private>
Aug 28 13:38:06.576956 watchdogd[57] <Debug>: 1308334277455333: <private>
Aug 28 13:38:06.577642 watchdogd[57] <Debug>: 1308334277885083: <private>
Aug 28 13:38:06.578013 watchdogd[57] <Debug>: 1308334278107583: <private>
Aug 28 13:38:06.578274 watchdogd[57] <Info>: 1308334278167000: <private>
Aug 28 13:38:06.579683 watchdogd[57] <Info>: 1308334278182333: <private>
Aug 28 13:38:06.580144 watchdogd[57] <Info>: 1308334278188291: <private>
Aug 28 13:38:06.580526 watchdogd[57] <Info>: 1308334278193416: <private>
Aug 28 13:38:06.580934 watchdogd[57] <Info>: 1308334278198000: <private>
Aug 28 13:38:06.581433 watchdogd[57] <Info>: 1308334278202250: <private>
Aug 28 13:38:06.581598 watchdogd[57] <Info>: 1308334278207291: <private>
Aug 28 13:38:06.582081 watchdogd[57] <Info>: 1308334278211291: <private>
Aug 28 13:38:06.582284 watchdogd[57] <Info>: 1308334278900708: <private>
Aug 28 13:38:06.932424 biometrickitd(CoreMotion)[109] <Debug>: Ping timer fired, resetting watchdog
Aug 28 13:38:09.103046 mediaserverd(CoreMotion)[36] <Debug>: Ping timer fired, resetting watchdog
Aug 28 13:38:09.150749 nearbyd(CoreMotion)[157] <Debug>: Ping timer fired, resetting watchdog
Aug 28 13:38:09.196456 locationd[69] <Debug>: Ping timer fired, resetting watchdog
Aug 28 13:38:11.083554 SpringBoard(CoreMotion)[47602] <Debug>: Ping timer fired, resetting watchdog
Aug 28 13:38:11.529608 backboardd(CoreMotion)[65] <Debug>: Ping timer fired, resetting watchdog
Aug 28 13:38:11.926237 biometrickitd(CoreMotion)[109] <Debug>: Ping timer fired, resetting watchdog
Aug 28 13:38:14.102804 mediaserverd(CoreMotion)[36] <Debug>: Ping timer fired, resetting watchdog
Aug 28 13:38:14.137445 nearbyd(CoreMotion)[157] <Debug>: Ping timer fired, resetting watchdog
Aug 28 13:38:14.196082 locationd[69] <Debug>: Ping timer fired, resetting watchdog
Aug 28 13:38:16.084072 SpringBoard(CoreMotion)[47602] <Debug>: Ping timer fired, resetting watchdog
Aug 28 13:38:16.529519 backboardd(CoreMotion)[65] <Debug>: Ping timer fired, resetting watchdog
Aug 28 13:38:16.570071 watchdogd[57] <Debug>: 1308344275848625: <private>
Aug 28 13:38:16.570659 watchdogd[57] <Info>: 1308344276419875: <private>
Aug 28 13:38:16.571620 watchdogd[57] <Debug>: 1308344276575708: <private>
Aug 28 13:38:16.572065 watchdogd[57] <Info>: 1308344276587250: <private>
Aug 28 13:38:16.572978 watchdogd[57] <Debug>: 1308344276709416: <private>
Aug 28 13:38:16.573680 watchdogd[57] <Debug>: 1308344277178708: <private>
Aug 28 13:38:16.575293 watchdogd[57] <Debug>: 1308344277895291: <private>
Aug 28 13:38:16.575758 watchdogd[57] <Debug>: 1308344278281125: <private>
Aug 28 13:38:16.576443 watchdogd[57] <Debug>: 1308344278435333: <private>
Aug 28 13:38:16.576881 watchdogd[57] <Debug>: 1308344278803958: <private>
Aug 28 13:38:16.577668 watchdogd[57] <Info>: 1308344278868458: <private>
Aug 28 13:38:16.578714 watchdogd[57] <Info>: 1308344278883666: <private>
Aug 28 13:38:16.579321 watchdogd[57] <Info>: 1308344278889500: <private>
Aug 28 13:38:16.579770 watchdogd[57] <Info>: 1308344278894500: <private>
Aug 28 13:38:16.580053 watchdogd[57] <Info>: 1308344278899083: <private>
Aug 28 13:38:16.580599 watchdogd[57] <Info>: 1308344278903375: <private>
Aug 28 13:38:16.581075 watchdogd[57] <Info>: 1308344278907791: <private>
Aug 28 13:38:16.581233 watchdogd[57] <Info>: 1308344278911875: <private>
Aug 28 13:38:16.926125 biometrickitd(CoreMotion)[109] <Debug>: Ping timer fired, resetting watchdog
Aug 28 13:38:19.102702 mediaserverd(CoreMotion)[36] <Debug>: Ping timer fired, resetting watchdog
Aug 28 13:38:19.136524 nearbyd(CoreMotion)[157] <Debug>: Ping timer fired, resetting watchdog
Aug 28 13:38:19.195938 locationd[69] <Debug>: Ping timer fired, resetting watchdog
Aug 28 13:38:21.083927 SpringBoard(CoreMotion)[47602] <Debug>: Ping timer fired, resetting watchdog
Aug 28 13:38:21.532344 backboardd(CoreMotion)[65] <Debug>: Ping timer fired, resetting watchdog
Aug 28 13:38:21.925662 biometrickitd(CoreMotion)[109] <Debug>: Ping timer fired, resetting watchdog
Aug 28 13:38:24.103060 mediaserverd(CoreMotion)[36] <Debug>: Ping timer fired, resetting watchdog
Aug 28 13:38:24.141061 nearbyd(CoreMotion)[157] <Debug>: Ping timer fired, resetting watchdog
Aug 28 13:38:24.199509 locationd[69] <Debug>: Ping timer fired, resetting watchdog
Aug 28 13:38:26.086518 SpringBoard(CoreMotion)[47602] <Debug>: Ping timer fired, resetting watchdog
Aug 28 13:38:26.530175 backboardd(CoreMotion)[65] <Debug>: Ping timer fired, resetting watchdog
Aug 28 13:38:26.570640 watchdogd[57] <Debug>: 1308354276577958: <private>
Aug 28 13:38:26.571149 watchdogd[57] <Info>: 1308354277159125: <private>
Aug 28 13:38:26.571836 watchdogd[57] <Debug>: 1308354277312583: <private>
Aug 28 13:38:26.572309 watchdogd[57] <Info>: 1308354277324291: <private>
Aug 28 13:38:26.572751 watchdogd[57] <Debug>: 1308354277446916: <private>
Aug 28 13:38:26.573137 watchdogd[57] <Debug>: 1308354277930416: <private>
Aug 28 13:38:26.573803 watchdogd[57] <Debug>: 1308354278627000: <private>
Aug 28 13:38:26.574069 watchdogd[57] <Debug>: 1308354279093791: <private>
Aug 28 13:38:26.574229 watchdogd[57] <Debug>: 1308354279132666: <private>
Aug 28 13:38:26.574502 watchdogd[57] <Debug>: 1308354279603166: <private>
Aug 28 13:38:26.574650 watchdogd[57] <Info>: 1308354279663083: <private>
Aug 28 13:38:26.574943 watchdogd[57] <Info>: 1308354279677250: <private>
Aug 28 13:38:26.575204 watchdogd[57] <Info>: 1308354279683291: <private>
Aug 28 13:38:26.575355 watchdogd[57] <Info>: 1308354279688250: <private>
Aug 28 13:38:26.575555 watchdogd[57] <Info>: 1308354279692708: <private>
Aug 28 13:38:26.575789 watchdogd[57] <Info>: 1308354279697041: <private>
Aug 28 13:38:26.576041 watchdogd[57] <Info>: 1308354279701291: <private>
Aug 28 13:38:26.576396 watchdogd[57] <Info>: 1308354279705416: <private>
Aug 28 13:38:26.928627 biometrickitd(CoreMotion)[109] <Debug>: Ping timer fired, resetting watchdog
Aug 28 13:38:29.102576 mediaserverd(CoreMotion)[36] <Debug>: Ping timer fired, resetting watchdog
Aug 28 13:38:29.150130 nearbyd(CoreMotion)[157] <Debug>: Ping timer fired, resetting watchdog
Aug 28 13:38:29.197568 locationd[69] <Debug>: Ping timer fired, resetting watchdog
Aug 28 13:38:31.083699 SpringBoard(CoreMotion)[47602] <Debug>: Ping timer fired, resetting watchdog
Aug 28 13:38:31.528997 backboardd(CoreMotion)[65] <Debug>: Ping timer fired, resetting watchdog
Aug 28 13:38:31.925674 biometrickitd(CoreMotion)[109] <Debug>: Ping timer fired, resetting watchdog
Aug 28 13:38:34.102108 mediaserverd(CoreMotion)[36] <Debug>: Ping timer fired, resetting watchdog
Aug 28 13:38:34.130470 nearbyd(CoreMotion)[157] <Debug>: Ping timer fired, resetting watchdog
Aug 28 13:38:34.195475 locationd[69] <Debug>: Ping timer fired, resetting watchdog
Aug 28 13:38:34.845271 CommCenter(libSystemDetermination.dylib)[90] <Notice>: #I <private> = 0
Aug 28 13:38:35.496076 runningboardd(RunningBoard)[33] <Notice>: [daemon<com.apple.backupd>:57616] termination reported by launchd (0, 0, 0)
Aug 28 13:38:35.499207 runningboardd(RunningBoard)[33] <Notice>: Removing assertions for terminated process: [daemon<com.apple.backupd>:57616]
Aug 28 13:38:35.500889 runningboardd(RunningBoard)[33] <Debug>: Sending state update for daemon<com.apple.backupd>: <RBSProcessState| task:none debug:none terminationResistance:None>
Aug 28 13:38:35.509956 runningboardd(RunningBoard)[33] <Info>: daemon<com.apple.watchdogd> has 0 targeting assertions. Debug log lines of their details follow.
Aug 28 13:38:36.083457 SpringBoard(CoreMotion)[47602] <Debug>: Ping timer fired, resetting watchdog
Aug 28 13:38:36.529704 backboardd(CoreMotion)[65] <Debug>: Ping timer fired, resetting watchdog
Aug 28 13:38:36.573062 watchdogd[57] <Debug>: 1308364277323791: <private>
Aug 28 13:38:36.573531 watchdogd[57] <Info>: 1308364277872375: <private>
Aug 28 13:38:36.573981 watchdogd[57] <Debug>: 1308364278023583: <private>
Aug 28 13:38:36.574260 watchdogd[57] <Info>: 1308364278034958: <private>
Aug 28 13:38:36.574696 watchdogd[57] <Debug>: 1308364278158500: <private>
Aug 28 13:38:36.575079 watchdogd[57] <Debug>: 1308364278648250: <private>
Aug 28 13:38:36.575494 watchdogd[57] <Debug>: 1308364279710791: <private>
Aug 28 13:38:36.577022 watchdogd[57] <Debug>: 1308364280140666: <private>
Aug 28 13:38:36.577399 watchdogd[57] <Debug>: 1308364280179666: <private>
Aug 28 13:38:36.577923 watchdogd[57] <Debug>: 1308364280662583: <private>
Aug 28 13:38:36.579355 watchdogd[57] <Info>: 1308364280721958: <private>
Aug 28 13:38:36.579716 watchdogd[57] <Info>: 1308364280736041: <private>
Aug 28 13:38:36.580086 watchdogd[57] <Info>: 1308364280742000: <private>
Aug 28 13:38:36.580332 watchdogd[57] <Info>: 1308364280746791: <private>
Aug 28 13:38:36.580476 watchdogd[57] <Info>: 1308364280751166: <private>
Aug 28 13:38:36.580755 watchdogd[57] <Info>: 1308364280755625: <private>
Aug 28 13:38:36.580917 watchdogd[57] <Info>: 1308364280760125: <private>
Aug 28 13:38:36.581225 watchdogd[57] <Info>: 1308364280764041: <private>
Aug 28 13:38:36.581471 watchdogd[57] <Info>: 1308364281406125: <private>
Aug 28 13:38:36.925207 biometrickitd(CoreMotion)[109] <Debug>: Ping timer fired, resetting watchdog
Aug 28 13:38:39.106373 mediaserverd(CoreMotion)[36] <Debug>: Ping timer fired, resetting watchdog
Aug 28 13:38:39.134370 nearbyd(CoreMotion)[157] <Debug>: Ping timer fired, resetting watchdog
Aug 28 13:38:39.195318 locationd[69] <Debug>: Ping timer fired, resetting watchdog
Aug 28 13:38:41.082489 SpringBoard(CoreMotion)[47602] <Debug>: Ping timer fired, resetting watchdog
Aug 28 13:38:41.528271 backboardd(CoreMotion)[65] <Debug>: Ping timer fired, resetting watchdog
Aug 28 13:38:41.925060 biometrickitd(CoreMotion)[109] <Debug>: Ping timer fired, resetting watchdog
Aug 28 13:38:42.563411 routined(libcoreroutine.dylib)[38] <Debug>: pipeline, com.apple.routined.visit.pipeline.realtime-low-confidence, iteration, 3499, is terminated by <private>
Aug 28 13:38:42.581621 routined(libcoreroutine.dylib)[38] <Debug>: pipeline, com.apple.routined.visit.pipeline.realtime-high-confidence, iteration, 3499, is terminated by <private>
Aug 28 13:38:44.102104 mediaserverd(CoreMotion)[36] <Debug>: Ping timer fired, resetting watchdog
Aug 28 13:38:44.134530 nearbyd(CoreMotion)[157] <Debug>: Ping timer fired, resetting watchdog
Aug 28 13:38:44.195377 locationd[69] <Debug>: Ping timer fired, resetting watchdog
Aug 28 13:38:46.083311 SpringBoard(CoreMotion)[47602] <Debug>: Ping timer fired, resetting watchdog
Aug 28 13:38:46.528529 backboardd(CoreMotion)[65] <Debug>: Ping timer fired, resetting watchdog
Aug 28 13:38:46.571602 watchdogd[57] <Debug>: 1308374278034958: <private>
Aug 28 13:38:46.572466 watchdogd[57] <Info>: 1308374278600500: <private>
Aug 28 13:38:46.574035 watchdogd[57] <Debug>: 1308374278755166: <private>
Aug 28 13:38:46.574769 watchdogd[57] <Info>: 1308374278767125: <private>
Aug 28 13:38:46.575254 watchdogd[57] <Debug>: 1308374278890250: <private>
Aug 28 13:38:46.575901 watchdogd[57] <Debug>: 1308374279379250: <private>
Aug 28 13:38:46.576282 watchdogd[57] <Debug>: 1308374280079250: <private>
Aug 28 13:38:46.576534 watchdogd[57] <Debug>: 1308374280580416: <private>
Aug 28 13:38:46.577509 watchdogd[57] <Debug>: 1308374280619291: <private>
Aug 28 13:38:46.577946 watchdogd[57] <Debug>: 1308374281177875: <private>
Aug 28 13:38:46.579373 watchdogd[57] <Info>: 1308374281239291: <private>
Aug 28 13:38:46.580086 watchdogd[57] <Info>: 1308374281253416: <private>
Aug 28 13:38:46.580614 watchdogd[57] <Info>: 1308374281259916: <private>
Aug 28 13:38:46.580913 watchdogd[57] <Info>: 1308374281265041: <private>
Aug 28 13:38:46.581167 watchdogd[57] <Info>: 1308374281269333: <private>
Aug 28 13:38:46.581338 watchdogd[57] <Info>: 1308374281273458: <private>
Aug 28 13:38:46.581650 watchdogd[57] <Info>: 1308374281277750: <private>
Aug 28 13:38:46.581808 watchdogd[57] <Info>: 1308374281281666: <private>
Aug 28 13:38:46.924982 biometrickitd(CoreMotion)[109] <Debug>: Ping timer fired, resetting watchdog
Aug 28 13:38:49.101769 mediaserverd(CoreMotion)[36] <Debug>: Ping timer fired, resetting watchdog
Aug 28 13:38:49.134026 nearbyd(CoreMotion)[157] <Debug>: Ping timer fired, resetting watchdog
Aug 28 13:38:49.195036 locationd[69] <Debug>: Ping timer fired, resetting watchdog
Aug 28 13:38:51.082456 SpringBoard(CoreMotion)[47602] <Debug>: Ping timer fired, resetting watchdog
Aug 28 13:38:51.528487 backboardd(CoreMotion)[65] <Debug>: Ping timer fired, resetting watchdog
Aug 28 13:38:51.924798 biometrickitd(CoreMotion)[109] <Debug>: Ping timer fired, resetting watchdog
Aug 28 13:38:54.101764 mediaserverd(CoreMotion)[36] <Debug>: Ping timer fired, resetting watchdog
Aug 28 13:38:54.129384 nearbyd(CoreMotion)[157] <Debug>: Ping timer fired, resetting watchdog
Aug 28 13:38:54.194929 locationd[69] <Debug>: Ping timer fired, resetting watchdog
Aug 28 13:38:56.082899 SpringBoard(CoreMotion)[47602] <Debug>: Ping timer fired, resetting watchdog
Aug 28 13:38:56.528371 backboardd(CoreMotion)[65] <Debug>: Ping timer fired, resetting watchdog
Aug 28 13:38:56.584349 watchdogd[57] <Debug>: 1308384278759375: <private>
Aug 28 13:38:56.584623 watchdogd[57] <Info>: 1308384279337458: <private>
Aug 28 13:38:56.585029 watchdogd[57] <Debug>: 1308384279554583: <private>
Aug 28 13:38:56.585316 watchdogd[57] <Info>: 1308384279568375: <private>
Aug 28 13:38:56.585553 watchdogd[57] <Debug>: 1308384279743291: <private>
Aug 28 13:38:56.585762 watchdogd[57] <Debug>: 1308384280846500: <private>
Aug 28 13:38:56.586001 watchdogd[57] <Debug>: 1308384281762875: <private>
Aug 28 13:38:56.586246 watchdogd[57] <Debug>: 1308384282015291: <private>
Aug 28 13:38:56.586380 watchdogd[57] <Debug>: 1308384282384791: <private>
Aug 28 13:38:56.586746 watchdogd[57] <Debug>: 1308384282600291: <private>
Aug 28 13:38:56.587069 watchdogd[57] <Info>: 1308384282659250: <private>
Aug 28 13:38:56.587302 watchdogd[57] <Info>: 1308384282674166: <private>
Aug 28 13:38:56.587492 watchdogd[57] <Info>: 1308384282680208: <private>
Aug 28 13:38:56.587683 watchdogd[57] <Info>: 1308384282685208: <private>
Aug 28 13:38:56.587870 watchdogd[57] <Info>: 1308384282689541: <private>
Aug 28 13:38:56.588033 watchdogd[57] <Info>: 1308384282693708: <private>
Aug 28 13:38:56.588295 watchdogd[57] <Info>: 1308384282698000: <private>
Aug 28 13:38:56.588451 watchdogd[57] <Info>: 1308384282702083: <private>
Aug 28 13:38:56.924750 biometrickitd(CoreMotion)[109] <Debug>: Ping timer fired, resetting watchdog
Aug 28 13:38:59.102223 mediaserverd(CoreMotion)[36] <Debug>: Ping timer fired, resetting watchdog
Aug 28 13:38:59.130513 nearbyd(CoreMotion)[157] <Debug>: Ping timer fired, resetting watchdog
Aug 28 13:38:59.194741 locationd[69] <Debug>: Ping timer fired, resetting watchdog
Aug 28 13:39:01.082943 SpringBoard(CoreMotion)[47602] <Debug>: Ping timer fired, resetting watchdog
Aug 28 13:39:01.528289 backboardd(CoreMotion)[65] <Debug>: Ping timer fired, resetting watchdog
Aug 28 13:39:01.925259 biometrickitd(CoreMotion)[109] <Debug>: Ping timer fired, resetting watchdog
Aug 28 13:39:04.099909 mediaserverd(CoreMotion)[36] <Debug>: Ping timer fired, resetting watchdog
Aug 28 13:39:04.130566 nearbyd(CoreMotion)[157] <Debug>: Ping timer fired, resetting watchdog
Aug 28 13:39:04.193791 locationd[69] <Debug>: Ping timer fired, resetting watchdog
Aug 28 13:39:04.385937 symptomsd(SymptomEvaluator)[170] <Debug>: COSMCtrl applyPolicyDelta for E01B2FEA-36F1-3C21-AADE-93AC8E03F45C -> dev.selfhost.firstActivationProbe  policy id 0  fg 0 fg-activity 0
Aug 28 13:39:06.082613 SpringBoard(CoreMotion)[47602] <Debug>: Ping timer fired, resetting watchdog
Aug 28 13:39:06.528161 backboardd(CoreMotion)[65] <Debug>: Ping timer fired, resetting watchdog
Aug 28 13:39:06.572688 watchdogd[57] <Debug>: 1308394279496375: <private>
Aug 28 13:39:06.573547 watchdogd[57] <Info>: 1308394280072166: <private>
Aug 28 13:39:06.574642 watchdogd[57] <Debug>: 1308394280223666: <private>
Aug 28 13:39:06.575982 watchdogd[57] <Info>: 1308394280235000: <private>
Aug 28 13:39:06.576821 watchdogd[57] <Debug>: 1308394280358500: <private>
Aug 28 13:39:06.578013 watchdogd[57] <Debug>: 1308394280840041: <private>
Aug 28 13:39:06.578709 watchdogd[57] <Debug>: 1308394281529708: <private>
Aug 28 13:39:06.579581 watchdogd[57] <Debug>: 1308394281894666: <private>
Aug 28 13:39:06.579849 watchdogd[57] <Debug>: 1308394282269250: <private>
Aug 28 13:39:06.580006 watchdogd[57] <Debug>: 1308394282636166: <private>
Aug 28 13:39:06.580278 watchdogd[57] <Info>: 1308394282696708: <private>
Aug 28 13:39:06.580448 watchdogd[57] <Info>: 1308394282712083: <private>
Aug 28 13:39:06.580700 watchdogd[57] <Info>: 1308394282718208: <private>
Aug 28 13:39:06.580878 watchdogd[57] <Info>: 1308394282723166: <private>
Aug 28 13:39:06.581111 watchdogd[57] <Info>: 1308394282727458: <private>
Aug 28 13:39:06.581265 watchdogd[57] <Info>: 1308394282731541: <private>
Aug 28 13:39:06.581456 watchdogd[57] <Info>: 1308394282735833: <private>
Aug 28 13:39:06.581754 watchdogd[57] <Info>: 1308394282739791: <private>
Aug 28 13:39:06.581914 watchdogd[57] <Info>: 1308394283422125: <private>
Aug 28 13:39:06.924346 biometrickitd(CoreMotion)[109] <Debug>: Ping timer fired, resetting watchdog
Aug 28 13:39:09.101273 mediaserverd(CoreMotion)[36] <Debug>: Ping timer fired, resetting watchdog
Aug 28 13:39:09.131610 nearbyd(CoreMotion)[157] <Debug>: Ping timer fired, resetting watchdog
Aug 28 13:39:09.194344 locationd[69] <Debug>: Ping timer fired, resetting watchdog
Aug 28 13:39:11.081698 SpringBoard(CoreMotion)[47602] <Debug>: Ping timer fired, resetting watchdog
Aug 28 13:39:11.527124 backboardd(CoreMotion)[65] <Debug>: Ping timer fired, resetting watchdog
Aug 28 13:39:11.533119 runningboardd(RunningBoard)[33] <Info>: _requestedJetsamPriority = 6, _executablePath = /System/Library/PrivateFrameworks/MobileBackup.framework/backupd
Aug 28 13:39:11.536225 runningboardd(RunningBoard)[33] <Info>: _requestedJetsamPriority = 6, _executablePath = /System/Library/PrivateFrameworks/MobileBackup.framework/backupd
Aug 28 13:39:11.538539 runningboardd(RunningBoard)[33] <Debug>: Sending state update for daemon<com.apple.backupd>: <RBSProcessState| task:running debug:none terminationResistance:None>
Aug 28 13:39:11.924187 biometrickitd(CoreMotion)[109] <Debug>: Ping timer fired, resetting watchdog
Aug 28 13:39:14.100742 mediaserverd(CoreMotion)[36] <Debug>: Ping timer fired, resetting watchdog
Aug 28 13:39:14.133226 nearbyd(CoreMotion)[157] <Debug>: Ping timer fired, resetting watchdog
Aug 28 13:39:14.194313 locationd[69] <Debug>: Ping timer fired, resetting watchdog
Aug 28 13:39:16.082233 SpringBoard(CoreMotion)[47602] <Debug>: Ping timer fired, resetting watchdog
Aug 28 13:39:16.531311 backboardd(CoreMotion)[65] <Debug>: Ping timer fired, resetting watchdog
Aug 28 13:39:16.571819 watchdogd[57] <Debug>: 1308404280221833: <private>
Aug 28 13:39:16.572472 watchdogd[57] <Info>: 1308404280790416: <private>
Aug 28 13:39:16.572963 watchdogd[57] <Debug>: 1308404281160625: <private>
Aug 28 13:39:16.573713 watchdogd[57] <Debug>: 1308404281205166: <private>
Aug 28 13:39:16.574333 watchdogd[57] <Info>: 1308404281210416: <private>
Aug 28 13:39:16.574806 watchdogd[57] <Debug>: 1308404281425875: <private>
Aug 28 13:39:16.575137 watchdogd[57] <Debug>: 1308404281706625: <private>
Aug 28 13:39:16.575407 watchdogd[57] <Debug>: 1308404281981166: <private>
Aug 28 13:39:16.575719 watchdogd[57] <Debug>: 1308404282242041: <private>
Aug 28 13:39:16.575948 watchdogd[57] <Debug>: 1308404282324958: <private>
Aug 28 13:39:16.576120 watchdogd[57] <Info>: 1308404282360083: <private>
Aug 28 13:39:16.576373 watchdogd[57] <Info>: 1308404282369666: <private>
Aug 28 13:39:16.576568 watchdogd[57] <Info>: 1308404282373041: <private>
Aug 28 13:39:16.576756 watchdogd[57] <Info>: 1308404282376125: <private>
Aug 28 13:39:16.576945 watchdogd[57] <Info>: 1308404282378625: <private>
Aug 28 13:39:16.577133 watchdogd[57] <Info>: 1308404282380875: <private>
Aug 28 13:39:16.577273 watchdogd[57] <Info>: 1308404282383208: <private>
Aug 28 13:39:16.577561 watchdogd[57] <Info>: 1308404282385333: <private>
Aug 28 13:39:16.924078 biometrickitd(CoreMotion)[109] <Debug>: Ping timer fired, resetting watchdog
Aug 28 13:39:19.099448 mediaserverd(CoreMotion)[36] <Debug>: Ping timer fired, resetting watchdog
Aug 28 13:39:19.128039 nearbyd(CoreMotion)[157] <Debug>: Ping timer fired, resetting watchdog
Aug 28 13:39:19.193656 locationd[69] <Debug>: Ping timer fired, resetting watchdog
Aug 28 13:39:21.082178 SpringBoard(CoreMotion)[47602] <Debug>: Ping timer fired, resetting watchdog
Aug 28 13:39:21.527616 backboardd(CoreMotion)[65] <Debug>: Ping timer fired, resetting watchdog
Aug 28 13:39:21.924041 biometrickitd(CoreMotion)[109] <Debug>: Ping timer fired, resetting watchdog
Aug 28 13:39:24.100997 mediaserverd(CoreMotion)[36] <Debug>: Ping timer fired, resetting watchdog
Aug 28 13:39:24.133006 nearbyd(CoreMotion)[157] <Debug>: Ping timer fired, resetting watchdog
Aug 28 13:39:24.194029 locationd[69] <Debug>: Ping timer fired, resetting watchdog
Aug 28 13:39:26.082030 SpringBoard(CoreMotion)[47602] <Debug>: Ping timer fired, resetting watchdog
Aug 28 13:39:26.527442 backboardd(CoreMotion)[65] <Debug>: Ping timer fired, resetting watchdog
Aug 28 13:39:26.573292 watchdogd[57] <Debug>: 1308414280957791: <private>
Aug 28 13:39:26.573716 watchdogd[57] <Info>: 1308414281525708: <private>
Aug 28 13:39:26.574901 watchdogd[57] <Debug>: 1308414281678375: <private>
Aug 28 13:39:26.575506 watchdogd[57] <Info>: 1308414281690083: <private>
Aug 28 13:39:26.576324 watchdogd[57] <Debug>: 1308414281814416: <private>
Aug 28 13:39:26.578171 watchdogd[57] <Debug>: 1308414282324958: <private>
Aug 28 13:39:26.578557 watchdogd[57] <Debug>: 1308414282999250: <private>
Aug 28 13:39:26.579028 watchdogd[57] <Debug>: 1308414283343458: <private>
Aug 28 13:39:26.579280 watchdogd[57] <Debug>: 1308414283953750: <private>
Aug 28 13:39:26.579565 watchdogd[57] <Debug>: 1308414284029208: <private>
Aug 28 13:39:26.579734 watchdogd[57] <Info>: 1308414284087416: <private>
Aug 28 13:39:26.580801 watchdogd[57] <Info>: 1308414284102416: <private>
Aug 28 13:39:26.580941 watchdogd[57] <Info>: 1308414284108541: <private>
Aug 28 13:39:26.581208 watchdogd[57] <Info>: 1308414284113583: <private>
Aug 28 13:39:26.581453 watchdogd[57] <Info>: 1308414284117916: <private>
Aug 28 13:39:26.581622 watchdogd[57] <Info>: 1308414284122041: <private>
Aug 28 13:39:26.581893 watchdogd[57] <Info>: 1308414284126333: <private>
Aug 28 13:39:26.582069 watchdogd[57] <Info>: 1308414284130291: <private>
Aug 28 13:39:26.923428 biometrickitd(CoreMotion)[109] <Debug>: Ping timer fired, resetting watchdog
Aug 28 13:39:29.100490 mediaserverd(CoreMotion)[36] <Debug>: Ping timer fired, resetting watchdog
Aug 28 13:39:29.132853 nearbyd(CoreMotion)[157] <Debug>: Ping timer fired, resetting watchdog
Aug 28 13:39:29.193897 locationd[69] <Debug>: Ping timer fired, resetting watchdog
Aug 28 13:39:31.081845 SpringBoard(CoreMotion)[47602] <Debug>: Ping timer fired, resetting watchdog
Aug 28 13:39:31.527260 backboardd(CoreMotion)[65] <Debug>: Ping timer fired, resetting watchdog
Aug 28 13:39:31.924894 biometrickitd(CoreMotion)[109] <Debug>: Ping timer fired, resetting watchdog
Aug 28 13:39:34.099934 mediaserverd(CoreMotion)[36] <Debug>: Ping timer fired, resetting watchdog
Aug 28 13:39:34.132709 nearbyd(CoreMotion)[157] <Debug>: Ping timer fired, resetting watchdog
Aug 28 13:39:34.193613 locationd[69] <Debug>: Ping timer fired, resetting watchdog
Aug 28 13:39:36.081222 SpringBoard(CoreMotion)[47602] <Debug>: Ping timer fired, resetting watchdog
Aug 28 13:39:36.527173 backboardd(CoreMotion)[65] <Debug>: Ping timer fired, resetting watchdog
Aug 28 13:39:36.574191 watchdogd[57] <Debug>: 1308424281683125: <private>
Aug 28 13:39:36.574974 watchdogd[57] <Info>: 1308424282269791: <private>
Aug 28 13:39:36.575438 watchdogd[57] <Debug>: 1308424282419291: <private>
Aug 28 13:39:36.577318 watchdogd[57] <Info>: 1308424282431083: <private>
Aug 28 13:39:36.578894 watchdogd[57] <Debug>: 1308424282554791: <private>
Aug 28 13:39:36.579797 watchdogd[57] <Debug>: 1308424283052875: <private>
Aug 28 13:39:36.580098 watchdogd[57] <Debug>: 1308424283520791: <private>
Aug 28 13:39:36.580340 watchdogd[57] <Debug>: 1308424284261875: <private>
Aug 28 13:39:36.580497 watchdogd[57] <Debug>: 1308424284301875: <private>
Aug 28 13:39:36.580790 watchdogd[57] <Debug>: 1308424284877916: <private>
Aug 28 13:39:36.580990 watchdogd[57] <Info>: 1308424284937833: <private>
Aug 28 13:39:36.581201 watchdogd[57] <Info>: 1308424284952625: <private>
Aug 28 13:39:36.581395 watchdogd[57] <Info>: 1308424284958083: <private>
Aug 28 13:39:36.581585 watchdogd[57] <Info>: 1308424284963041: <private>
Aug 28 13:39:36.581776 watchdogd[57] <Info>: 1308424284967291: <private>
Aug 28 13:39:36.582200 watchdogd[57] <Info>: 1308424284971333: <private>
Aug 28 13:39:36.582496 watchdogd[57] <Info>: 1308424284975458: <private>
Aug 28 13:39:36.582730 watchdogd[57] <Info>: 1308424284979375: <private>
Aug 28 13:39:36.583275 watchdogd[57] <Info>: 1308424285622000: <private>
Aug 28 13:39:36.923983 biometrickitd(CoreMotion)[109] <Debug>: Ping timer fired, resetting watchdog
Aug 28 13:39:39.099529 mediaserverd(CoreMotion)[36] <Debug>: Ping timer fired, resetting watchdog
Aug 28 13:39:39.129127 nearbyd(CoreMotion)[157] <Debug>: Ping timer fired, resetting watchdog
Aug 28 13:39:39.196287 locationd[69] <Debug>: Ping timer fired, resetting watchdog
Aug 28 13:39:41.080895 SpringBoard(CoreMotion)[47602] <Debug>: Ping timer fired, resetting watchdog
Aug 28 13:39:41.527663 backboardd(CoreMotion)[65] <Debug>: Ping timer fired, resetting watchdog
Aug 28 13:39:41.572177 runningboardd(RunningBoard)[33] <Notice>: [daemon<com.apple.backupd>:57623] termination reported by launchd (0, 0, 0)
Aug 28 13:39:41.576432 runningboardd(RunningBoard)[33] <Notice>: Removing assertions for terminated process: [daemon<com.apple.backupd>:57623]
Aug 28 13:39:41.578335 runningboardd(RunningBoard)[33] <Debug>: Sending state update for daemon<com.apple.backupd>: <RBSProcessState| task:none debug:none terminationResistance:None>
Aug 28 13:39:41.929194 biometrickitd(CoreMotion)[109] <Debug>: Ping timer fired, resetting watchdog
Aug 28 13:39:44.099421 mediaserverd(CoreMotion)[36] <Debug>: Ping timer fired, resetting watchdog
Aug 28 13:39:44.132421 nearbyd(CoreMotion)[157] <Debug>: Ping timer fired, resetting watchdog
Aug 28 13:39:44.193439 locationd[69] <Debug>: Ping timer fired, resetting watchdog
Aug 28 13:39:46.081496 SpringBoard(CoreMotion)[47602] <Debug>: Ping timer fired, resetting watchdog
Aug 28 13:39:46.526878 backboardd(CoreMotion)[65] <Debug>: Ping timer fired, resetting watchdog
Aug 28 13:39:46.576538 watchdogd[57] <Debug>: 1308434282428250: <private>
Aug 28 13:39:46.577049 watchdogd[57] <Info>: 1308434283010208: <private>
Aug 28 13:39:46.578319 watchdogd[57] <Debug>: 1308434283162583: <private>
Aug 28 13:39:46.578775 watchdogd[57] <Info>: 1308434283174333: <private>
Aug 28 13:39:46.579253 watchdogd[57] <Debug>: 1308434283299000: <private>
Aug 28 13:39:46.579681 watchdogd[57] <Debug>: 1308434283828250: <private>
Aug 28 13:39:46.579905 watchdogd[57] <Debug>: 1308434284847500: <private>
Aug 28 13:39:46.580664 watchdogd[57] <Debug>: 1308434286402833: <private>
Aug 28 13:39:46.581071 watchdogd[57] <Debug>: 1308434287773750: <private>
Aug 28 13:39:46.581379 watchdogd[57] <Debug>: 1308434287816416: <private>
Aug 28 13:39:46.581628 watchdogd[57] <Info>: 1308434287871833: <private>
Aug 28 13:39:46.581795 watchdogd[57] <Info>: 1308434287888541: <private>
Aug 28 13:39:46.582039 watchdogd[57] <Info>: 1308434287894416: <private>
Aug 28 13:39:46.582195 watchdogd[57] <Info>: 1308434287899416: <private>
Aug 28 13:39:46.582317 watchdogd[57] <Info>: 1308434287903958: <private>
Aug 28 13:39:46.582604 watchdogd[57] <Info>: 1308434287908208: <private>
Aug 28 13:39:46.582866 watchdogd[57] <Info>: 1308434287912541: <private>
Aug 28 13:39:46.583038 watchdogd[57] <Info>: 1308434287916666: <private>
Aug 28 13:39:46.923286 biometrickitd(CoreMotion)[109] <Debug>: Ping timer fired, resetting watchdog
Aug 28 13:39:49.099998 mediaserverd(CoreMotion)[36] <Debug>: Ping timer fired, resetting watchdog
Aug 28 13:39:49.132638 nearbyd(CoreMotion)[157] <Debug>: Ping timer fired, resetting watchdog
Aug 28 13:39:49.193382 locationd[69] <Debug>: Ping timer fired, resetting watchdog
Aug 28 13:39:51.081212 SpringBoard(CoreMotion)[47602] <Debug>: Ping timer fired, resetting watchdog
Aug 28 13:39:51.526651 backboardd(CoreMotion)[65] <Debug>: Ping timer fired, resetting watchdog
Aug 28 13:39:51.923012 biometrickitd(CoreMotion)[109] <Debug>: Ping timer fired, resetting watchdog
Aug 28 13:39:54.100097 mediaserverd(CoreMotion)[36] <Debug>: Ping timer fired, resetting watchdog
Aug 28 13:39:54.128137 nearbyd(CoreMotion)[157] <Debug>: Ping timer fired, resetting watchdog
Aug 28 13:39:54.193527 locationd[69] <Debug>: Ping timer fired, resetting watchdog
Aug 28 13:39:56.081134 SpringBoard(CoreMotion)[47602] <Debug>: Ping timer fired, resetting watchdog
Aug 28 13:39:56.526570 backboardd(CoreMotion)[65] <Debug>: Ping timer fired, resetting watchdog
Aug 28 13:39:56.576186 watchdogd[57] <Debug>: 1308444283179000: <private>
Aug 28 13:39:56.576681 watchdogd[57] <Info>: 1308444283757333: <private>
Aug 28 13:39:56.577098 watchdogd[57] <Debug>: 1308444283911875: <private>
Aug 28 13:39:56.580352 watchdogd[57] <Info>: 1308444283923333: <private>
Aug 28 13:39:56.580734 watchdogd[57] <Debug>: 1308444284046500: <private>
Aug 28 13:39:56.581130 watchdogd[57] <Debug>: 1308444284759916: <private>
Aug 28 13:39:56.581542 watchdogd[57] <Debug>: 1308444285355458: <private>
Aug 28 13:39:56.582680 watchdogd[57] <Debug>: 1308444286000916: <private>
Aug 28 13:39:56.583054 watchdogd[57] <Debug>: 1308444286467000: <private>
Aug 28 13:39:56.583306 watchdogd[57] <Debug>: 1308444286569625: <private>
Aug 28 13:39:56.584170 watchdogd[57] <Info>: 1308444286629041: <private>
Aug 28 13:39:56.584625 watchdogd[57] <Info>: 1308444286644125: <private>
Aug 28 13:39:56.586079 watchdogd[57] <Info>: 1308444286650041: <private>
Aug 28 13:39:56.586521 watchdogd[57] <Info>: 1308444286655041: <private>
Aug 28 13:39:56.586981 watchdogd[57] <Info>: 1308444286659458: <private>
Aug 28 13:39:56.587431 watchdogd[57] <Info>: 1308444286663541: <private>
Aug 28 13:39:56.587847 watchdogd[57] <Info>: 1308444286667708: <private>
Aug 28 13:39:56.588250 watchdogd[57] <Info>: 1308444286671666: <private>
Aug 28 13:39:56.923231 biometrickitd(CoreMotion)[109] <Debug>: Ping timer fired, resetting watchdog
Aug 28 13:39:59.099807 mediaserverd(CoreMotion)[36] <Debug>: Ping timer fired, resetting watchdog
Aug 28 13:39:59.169842 nearbyd(CoreMotion)[157] <Debug>: Ping timer fired, resetting watchdog
Aug 28 13:39:59.192381 locationd[69] <Debug>: Ping timer fired, resetting watchdog
Aug 28 13:40:01.086802 SpringBoard(CoreMotion)[47602] <Debug>: Ping timer fired, resetting watchdog
Aug 28 13:40:01.526380 backboardd(CoreMotion)[65] <Debug>: Ping timer fired, resetting watchdog
Aug 28 13:40:01.923085 biometrickitd(CoreMotion)[109] <Debug>: Ping timer fired, resetting watchdog
Aug 28 13:40:04.099661 mediaserverd(CoreMotion)[36] <Debug>: Ping timer fired, resetting watchdog
Aug 28 13:40:04.128091 nearbyd(CoreMotion)[157] <Debug>: Ping timer fired, resetting watchdog
Aug 28 13:40:04.192826 locationd[69] <Debug>: Ping timer fired, resetting watchdog
Aug 28 13:40:06.080938 SpringBoard(CoreMotion)[47602] <Debug>: Ping timer fired, resetting watchdog
Aug 28 13:40:06.526372 backboardd(CoreMotion)[65] <Debug>: Ping timer fired, resetting watchdog
Aug 28 13:40:06.577466 watchdogd[57] <Debug>: 1308454283837500: <private>
Aug 28 13:40:06.578839 watchdogd[57] <Info>: 1308454284117541: <private>
Aug 28 13:40:06.579306 watchdogd[57] <Debug>: 1308454284261416: <private>
Aug 28 13:40:06.579783 watchdogd[57] <Debug>: 1308454284279166: <private>
Aug 28 13:40:06.580297 watchdogd[57] <Info>: 1308454284282583: <private>
Aug 28 13:40:06.580749 watchdogd[57] <Debug>: 1308454284454041: <private>
Aug 28 13:40:06.581424 watchdogd[57] <Debug>: 1308454284633375: <private>
Aug 28 13:40:06.581613 watchdogd[57] <Debug>: 1308454284841750: <private>
Aug 28 13:40:06.581983 watchdogd[57] <Debug>: 1308454285059083: <private>
Aug 28 13:40:06.582269 watchdogd[57] <Debug>: 1308454285127291: <private>
Aug 28 13:40:06.582473 watchdogd[57] <Info>: 1308454285149875: <private>
Aug 28 13:40:06.582677 watchdogd[57] <Info>: 1308454285156916: <private>
Aug 28 13:40:06.582955 watchdogd[57] <Info>: 1308454285159208: <private>
Aug 28 13:40:06.583324 watchdogd[57] <Info>: 1308454285161125: <private>
Aug 28 13:40:06.583536 watchdogd[57] <Info>: 1308454285162875: <private>
Aug 28 13:40:06.583869 watchdogd[57] <Info>: 1308454285164458: <private>
Aug 28 13:40:06.584121 watchdogd[57] <Info>: 1308454285166041: <private>
Aug 28 13:40:06.584417 watchdogd[57] <Info>: 1308454285167583: <private>
Aug 28 13:40:06.922594 biometrickitd(CoreMotion)[109] <Debug>: Ping timer fired, resetting watchdog
Aug 28 13:40:09.099777 mediaserverd(CoreMotion)[36] <Debug>: Ping timer fired, resetting watchdog
Aug 28 13:40:09.144054 nearbyd(CoreMotion)[157] <Debug>: Ping timer fired, resetting watchdog
Aug 28 13:40:09.192683 locationd[69] <Debug>: Ping timer fired, resetting watchdog
Aug 28 13:40:11.079801 SpringBoard(CoreMotion)[47602] <Debug>: Ping timer fired, resetting watchdog
Aug 28 13:40:11.525478 backboardd(CoreMotion)[65] <Debug>: Ping timer fired, resetting watchdog
Aug 28 13:40:11.922821 biometrickitd(CoreMotion)[109] <Debug>: Ping timer fired, resetting watchdog
Aug 28 13:40:14.098496 mediaserverd(CoreMotion)[36] <Debug>: Ping timer fired, resetting watchdog
Aug 28 13:40:14.131542 nearbyd(CoreMotion)[157] <Debug>: Ping timer fired, resetting watchdog
Aug 28 13:40:14.192649 locationd[69] <Debug>: Ping timer fired, resetting watchdog
Aug 28 13:40:16.080539 SpringBoard(CoreMotion)[47602] <Debug>: Ping timer fired, resetting watchdog
Aug 28 13:40:16.526229 backboardd(CoreMotion)[65] <Debug>: Ping timer fired, resetting watchdog
Aug 28 13:40:16.575148 watchdogd[57] <Debug>: 1308464284279166: <private>
Aug 28 13:40:16.576212 watchdogd[57] <Info>: 1308464284826750: <private>
Aug 28 13:40:16.576671 watchdogd[57] <Debug>: 1308464284978375: <private>
Aug 28 13:40:16.577374 watchdogd[57] <Info>: 1308464284989916: <private>
Aug 28 13:40:16.578871 watchdogd[57] <Debug>: 1308464285112625: <private>
Aug 28 13:40:16.579478 watchdogd[57] <Debug>: 1308464285584958: <private>
Aug 28 13:40:16.579859 watchdogd[57] <Debug>: 1308464286287208: <private>
Aug 28 13:40:16.580127 watchdogd[57] <Debug>: 1308464286723125: <private>
Aug 28 13:40:16.580554 watchdogd[57] <Debug>: 1308464286890833: <private>
Aug 28 13:40:16.580978 watchdogd[57] <Debug>: 1308464287361666: <private>
Aug 28 13:40:16.582711 watchdogd[57] <Info>: 1308464287422041: <private>
Aug 28 13:40:16.583155 watchdogd[57] <Info>: 1308464287437208: <private>
Aug 28 13:40:16.584126 watchdogd[57] <Info>: 1308464287443250: <private>
Aug 28 13:40:16.584636 watchdogd[57] <Info>: 1308464287448125: <private>
Aug 28 13:40:16.584897 watchdogd[57] <Info>: 1308464287452458: <private>
Aug 28 13:40:16.585622 watchdogd[57] <Info>: 1308464287456708: <private>
Aug 28 13:40:16.585896 watchdogd[57] <Info>: 1308464287461333: <private>
Aug 28 13:40:16.586439 watchdogd[57] <Info>: 1308464287465291: <private>
Aug 28 13:40:16.587787 watchdogd[57] <Info>: 1308464288147875: <private>
Aug 28 13:40:16.927757 biometrickitd(CoreMotion)[109] <Debug>: Ping timer fired, resetting watchdog
Aug 28 13:40:17.639247 runningboardd(RunningBoard)[33] <Info>: _requestedJetsamPriority = 6, _executablePath = /System/Library/PrivateFrameworks/MobileBackup.framework/backupd
Aug 28 13:40:17.642690 runningboardd(RunningBoard)[33] <Info>: _requestedJetsamPriority = 6, _executablePath = /System/Library/PrivateFrameworks/MobileBackup.framework/backupd
Aug 28 13:40:17.645497 runningboardd(RunningBoard)[33] <Debug>: Sending state update for daemon<com.apple.backupd>: <RBSProcessState| task:running debug:none terminationResistance:None>
Aug 28 13:40:19.099245 mediaserverd(CoreMotion)[36] <Debug>: Ping timer fired, resetting watchdog
Aug 28 13:40:19.131391 nearbyd(CoreMotion)[157] <Debug>: Ping timer fired, resetting watchdog
Aug 28 13:40:19.192460 locationd[69] <Debug>: Ping timer fired, resetting watchdog
Aug 28 13:40:21.080483 SpringBoard(CoreMotion)[47602] <Debug>: Ping timer fired, resetting watchdog
Aug 28 13:40:21.525928 backboardd(CoreMotion)[65] <Debug>: Ping timer fired, resetting watchdog
Aug 28 13:40:21.922131 biometrickitd(CoreMotion)[109] <Debug>: Ping timer fired, resetting watchdog
Aug 28 13:40:24.099243 mediaserverd(CoreMotion)[36] <Debug>: Ping timer fired, resetting watchdog
Aug 28 13:40:24.150822 nearbyd(CoreMotion)[157] <Debug>: Ping timer fired, resetting watchdog
Aug 28 13:40:24.192202 locationd[69] <Debug>: Ping timer fired, resetting watchdog
Aug 28 13:40:26.080431 SpringBoard(CoreMotion)[47602] <Debug>: Ping timer fired, resetting watchdog
Aug 28 13:40:26.526957 backboardd(CoreMotion)[65] <Debug>: Ping timer fired, resetting watchdog
Aug 28 13:40:26.575690 watchdogd[57] <Debug>: 1308474285003583: <private>
Aug 28 13:40:26.576765 watchdogd[57] <Info>: 1308474285643416: <private>
Aug 28 13:40:26.577619 watchdogd[57] <Debug>: 1308474286057375: <private>
Aug 28 13:40:26.578234 watchdogd[57] <Debug>: 1308474286199250: <private>
Aug 28 13:40:26.579384 watchdogd[57] <Info>: 1308474286209375: <private>
Aug 28 13:40:26.579847 watchdogd[57] <Debug>: 1308474286869500: <private>
Aug 28 13:40:26.580330 watchdogd[57] <Debug>: 1308474287299833: <private>
Aug 28 13:40:26.580738 watchdogd[57] <Debug>: 1308474287635958: <private>
Aug 28 13:40:26.581249 watchdogd[57] <Debug>: 1308474288109416: <private>
Aug 28 13:40:26.583167 watchdogd[57] <Debug>: 1308474288307125: <private>
Aug 28 13:40:26.583550 watchdogd[57] <Info>: 1308474288370333: <private>
Aug 28 13:40:26.584021 watchdogd[57] <Info>: 1308474288385625: <private>
Aug 28 13:40:26.584476 watchdogd[57] <Info>: 1308474288391291: <private>
Aug 28 13:40:26.584759 watchdogd[57] <Info>: 1308474288396208: <private>
Aug 28 13:40:26.585287 watchdogd[57] <Info>: 1308474288400625: <private>
Aug 28 13:40:26.585763 watchdogd[57] <Info>: 1308474288404791: <private>
Aug 28 13:40:26.586004 watchdogd[57] <Info>: 1308474288409000: <private>
Aug 28 13:40:26.586540 watchdogd[57] <Info>: 1308474288413166: <private>
Aug 28 13:40:26.922377 biometrickitd(CoreMotion)[109] <Debug>: Ping timer fired, resetting watchdog
Aug 28 13:40:29.098861 mediaserverd(CoreMotion)[36] <Debug>: Ping timer fired, resetting watchdog
Aug 28 13:40:29.139631 nearbyd(CoreMotion)[157] <Debug>: Ping timer fired, resetting watchdog
Aug 28 13:40:29.192795 locationd[69] <Debug>: Ping timer fired, resetting watchdog
Aug 28 13:40:31.080186 SpringBoard(CoreMotion)[47602] <Debug>: Ping timer fired, resetting watchdog
Aug 28 13:40:31.525508 backboardd(CoreMotion)[65] <Debug>: Ping timer fired, resetting watchdog
Aug 28 13:40:31.922199 biometrickitd(CoreMotion)[109] <Debug>: Ping timer fired, resetting watchdog
Aug 28 13:40:34.098814 mediaserverd(CoreMotion)[36] <Debug>: Ping timer fired, resetting watchdog
Aug 28 13:40:34.127255 nearbyd(CoreMotion)[157] <Debug>: Ping timer fired, resetting watchdog
Aug 28 13:40:34.192058 locationd[69] <Debug>: Ping timer fired, resetting watchdog
Aug 28 13:40:36.079467 SpringBoard(CoreMotion)[47602] <Debug>: Ping timer fired, resetting watchdog
Aug 28 13:40:36.525379 backboardd(CoreMotion)[65] <Debug>: Ping timer fired, resetting watchdog
Aug 28 13:40:36.576987 watchdogd[57] <Debug>: 1308484285819291: <private>
Aug 28 13:40:36.578100 watchdogd[57] <Info>: 1308484286395958: <private>
Aug 28 13:40:36.578564 watchdogd[57] <Debug>: 1308484286554625: <private>
Aug 28 13:40:36.579341 watchdogd[57] <Info>: 1308484286566333: <private>
Aug 28 13:40:36.580398 watchdogd[57] <Debug>: 1308484286689166: <private>
Aug 28 13:40:36.580850 watchdogd[57] <Debug>: 1308484287154125: <private>
Aug 28 13:40:36.581103 watchdogd[57] <Debug>: 1308484287869625: <private>
Aug 28 13:40:36.581871 watchdogd[57] <Debug>: 1308484288212208: <private>
Aug 28 13:40:36.583356 watchdogd[57] <Debug>: 1308484288611916: <private>
Aug 28 13:40:36.583823 watchdogd[57] <Debug>: 1308484288857500: <private>
Aug 28 13:40:36.584517 watchdogd[57] <Info>: 1308484288922083: <private>
Aug 28 13:40:36.584791 watchdogd[57] <Info>: 1308484288937583: <private>
Aug 28 13:40:36.585324 watchdogd[57] <Info>: 1308484288943791: <private>
Aug 28 13:40:36.585587 watchdogd[57] <Info>: 1308484288949041: <private>
Aug 28 13:40:36.586070 watchdogd[57] <Info>: 1308484288953291: <private>
Aug 28 13:40:36.586490 watchdogd[57] <Info>: 1308484288957500: <private>
Aug 28 13:40:36.587000 watchdogd[57] <Info>: 1308484288961625: <private>
Aug 28 13:40:36.587161 watchdogd[57] <Info>: 1308484288965583: <private>
Aug 28 13:40:36.921746 biometrickitd(CoreMotion)[109] <Debug>: Ping timer fired, resetting watchdog
Aug 28 13:40:39.098893 mediaserverd(CoreMotion)[36] <Debug>: Ping timer fired, resetting watchdog
Aug 28 13:40:39.127318 nearbyd(CoreMotion)[157] <Debug>: Ping timer fired, resetting watchdog
Aug 28 13:40:39.191981 locationd[69] <Debug>: Ping timer fired, resetting watchdog
Aug 28 13:40:41.078956 SpringBoard(CoreMotion)[47602] <Debug>: Ping timer fired, resetting watchdog
Aug 28 13:40:41.524663 backboardd(CoreMotion)[65] <Debug>: Ping timer fired, resetting watchdog
Aug 28 13:40:41.921593 biometrickitd(CoreMotion)[109] <Debug>: Ping timer fired, resetting watchdog
Aug 28 13:40:44.098255 mediaserverd(CoreMotion)[36] <Debug>: Ping timer fired, resetting watchdog
Aug 28 13:40:44.130620 nearbyd(CoreMotion)[157] <Debug>: Ping timer fired, resetting watchdog
Aug 28 13:40:44.191760 locationd[69] <Debug>: Ping timer fired, resetting watchdog
Aug 28 13:40:46.079690 SpringBoard(CoreMotion)[47602] <Debug>: Ping timer fired, resetting watchdog
Aug 28 13:40:46.525127 backboardd(CoreMotion)[65] <Debug>: Ping timer fired, resetting watchdog
Aug 28 13:40:46.576630 watchdogd[57] <Debug>: 1308494286556750: <private>
Aug 28 13:40:46.577353 watchdogd[57] <Info>: 1308494287132291: <private>
Aug 28 13:40:46.578389 watchdogd[57] <Debug>: 1308494287285250: <private>
Aug 28 13:40:46.579737 watchdogd[57] <Info>: 1308494287297333: <private>
Aug 28 13:40:46.580590 watchdogd[57] <Debug>: 1308494287419583: <private>
Aug 28 13:40:46.582684 watchdogd[57] <Debug>: 1308494287897125: <private>
Aug 28 13:40:46.583273 watchdogd[57] <Debug>: 1308494288586375: <private>
Aug 28 13:40:46.583628 watchdogd[57] <Debug>: 1308494289022875: <private>
Aug 28 13:40:46.584406 watchdogd[57] <Debug>: 1308494289179958: <private>
Aug 28 13:40:46.585091 watchdogd[57] <Debug>: 1308494289566916: <private>
Aug 28 13:40:46.585592 watchdogd[57] <Info>: 1308494289629708: <private>
Aug 28 13:40:46.585960 watchdogd[57] <Info>: 1308494289644625: <private>
Aug 28 13:40:46.586795 watchdogd[57] <Info>: 1308494289650666: <private>
Aug 28 13:40:46.586952 watchdogd[57] <Info>: 1308494289655875: <private>
Aug 28 13:40:46.587156 watchdogd[57] <Info>: 1308494289660333: <private>
Aug 28 13:40:46.587368 watchdogd[57] <Info>: 1308494289664458: <private>
Aug 28 13:40:46.587500 watchdogd[57] <Info>: 1308494289668791: <private>
Aug 28 13:40:46.587770 watchdogd[57] <Info>: 1308494289672833: <private>
Aug 28 13:40:46.587902 watchdogd[57] <Info>: 1308494290396166: <private>
Aug 28 13:40:46.921420 biometrickitd(CoreMotion)[109] <Debug>: Ping timer fired, resetting watchdog
Aug 28 13:40:47.672550 runningboardd(RunningBoard)[33] <Notice>: [daemon<com.apple.backupd>:57631] termination reported by launchd (0, 0, 0)
Aug 28 13:40:47.677145 runningboardd(RunningBoard)[33] <Notice>: Removing assertions for terminated process: [daemon<com.apple.backupd>:57631]
Aug 28 13:40:47.679734 runningboardd(RunningBoard)[33] <Debug>: Sending state update for daemon<com.apple.backupd>: <RBSProcessState| task:none debug:none terminationResistance:None>
Aug 28 13:40:49.098285 mediaserverd(CoreMotion)[36] <Debug>: Ping timer fired, resetting watchdog
Aug 28 13:40:49.126660 nearbyd(CoreMotion)[157] <Debug>: Ping timer fired, resetting watchdog
Aug 28 13:40:49.191590 locationd[69] <Debug>: Ping timer fired, resetting watchdog
Aug 28 13:40:51.079542 SpringBoard(CoreMotion)[47602] <Debug>: Ping timer fired, resetting watchdog
Aug 28 13:40:51.524677 backboardd(CoreMotion)[65] <Debug>: Ping timer fired, resetting watchdog
Aug 28 13:40:51.921620 biometrickitd(CoreMotion)[109] <Debug>: Ping timer fired, resetting watchdog
Aug 28 13:40:54.098128 mediaserverd(CoreMotion)[36] <Debug>: Ping timer fired, resetting watchdog
Aug 28 13:40:54.130476 nearbyd(CoreMotion)[157] <Debug>: Ping timer fired, resetting watchdog
Aug 28 13:40:54.191381 locationd[69] <Debug>: Ping timer fired, resetting watchdog
Aug 28 13:40:56.079390 SpringBoard(CoreMotion)[47602] <Debug>: Ping timer fired, resetting watchdog
Aug 28 13:40:56.527388 backboardd(CoreMotion)[65] <Debug>: Ping timer fired, resetting watchdog
Aug 28 13:40:56.575136 watchdogd[57] <Debug>: 1308504287237375: <private>
Aug 28 13:40:56.575899 watchdogd[57] <Info>: 1308504287575291: <private>
Aug 28 13:40:56.577431 watchdogd[57] <Debug>: 1308504287660583: <private>
Aug 28 13:40:56.578285 watchdogd[57] <Info>: 1308504287667208: <private>
Aug 28 13:40:56.579599 watchdogd[57] <Debug>: 1308504287749750: <private>
Aug 28 13:40:56.580352 watchdogd[57] <Debug>: 1308504288063250: <private>
Aug 28 13:40:56.580802 watchdogd[57] <Debug>: 1308504288340541: <private>
Aug 28 13:40:56.581402 watchdogd[57] <Debug>: 1308504288622916: <private>
Aug 28 13:40:56.581799 watchdogd[57] <Debug>: 1308504288899416: <private>
Aug 28 13:40:56.582081 watchdogd[57] <Debug>: 1308504288921208: <private>
Aug 28 13:40:56.582538 watchdogd[57] <Info>: 1308504288953416: <private>
Aug 28 13:40:56.582918 watchdogd[57] <Info>: 1308504288962500: <private>
Aug 28 13:40:56.583469 watchdogd[57] <Info>: 1308504288966375: <private>
Aug 28 13:40:56.583922 watchdogd[57] <Info>: 1308504288969083: <private>
Aug 28 13:40:56.584209 watchdogd[57] <Info>: 1308504288971916: <private>
Aug 28 13:40:56.584774 watchdogd[57] <Info>: 1308504288974208: <private>
Aug 28 13:40:56.585018 watchdogd[57] <Info>: 1308504288976500: <private>
Aug 28 13:40:56.585557 watchdogd[57] <Info>: 1308504288978666: <private>
Aug 28 13:40:56.921132 biometrickitd(CoreMotion)[109] <Debug>: Ping timer fired, resetting watchdog
Aug 28 13:40:59.098577 mediaserverd(CoreMotion)[36] <Debug>: Ping timer fired, resetting watchdog
Aug 28 13:40:59.129941 nearbyd(CoreMotion)[157] <Debug>: Ping timer fired, resetting watchdog
Aug 28 13:40:59.191260 locationd[69] <Debug>: Ping timer fired, resetting watchdog
Aug 28 13:41:01.079245 SpringBoard(CoreMotion)[47602] <Debug>: Ping timer fired, resetting watchdog
Aug 28 13:41:01.524673 backboardd(CoreMotion)[65] <Debug>: Ping timer fired, resetting watchdog
Aug 28 13:41:01.921292 biometrickitd(CoreMotion)[109] <Debug>: Ping timer fired, resetting watchdog
Aug 28 13:41:04.097866 mediaserverd(CoreMotion)[36] <Debug>: Ping timer fired, resetting watchdog
Aug 28 13:41:04.130012 nearbyd(CoreMotion)[157] <Debug>: Ping timer fired, resetting watchdog
Aug 28 13:41:04.196371 locationd[69] <Debug>: Ping timer fired, resetting watchdog
Aug 28 13:41:06.079063 SpringBoard(CoreMotion)[47602] <Debug>: Ping timer fired, resetting watchdog
Aug 28 13:41:06.524551 backboardd(CoreMotion)[65] <Debug>: Ping timer fired, resetting watchdog
Aug 28 13:41:06.578471 watchdogd[57] <Debug>: 1308514287784541: <private>
Aug 28 13:41:06.578949 watchdogd[57] <Info>: 1308514288342333: <private>
Aug 28 13:41:06.579392 watchdogd[57] <Debug>: 1308514288853000: <private>
Aug 28 13:41:06.580090 watchdogd[57] <Debug>: 1308514289540625: <private>
Aug 28 13:41:06.581673 watchdogd[57] <Info>: 1308514289551583: <private>
Aug 28 13:41:06.582290 watchdogd[57] <Debug>: 1308514289946625: <private>
Aug 28 13:41:06.582670 watchdogd[57] <Debug>: 1308514290082333: <private>
Aug 28 13:41:06.582925 watchdogd[57] <Debug>: 1308514290661041: <private>
Aug 28 13:41:06.583353 watchdogd[57] <Debug>: 1308514290916500: <private>
Aug 28 13:41:06.583953 watchdogd[57] <Debug>: 1308514291021750: <private>
Aug 28 13:41:06.584388 watchdogd[57] <Info>: 1308514291080250: <private>
Aug 28 13:41:06.585442 watchdogd[57] <Info>: 1308514291095166: <private>
Aug 28 13:41:06.586077 watchdogd[57] <Info>: 1308514291101041: <private>
Aug 28 13:41:06.586320 watchdogd[57] <Info>: 1308514291106041: <private>
Aug 28 13:41:06.586558 watchdogd[57] <Info>: 1308514291110541: <private>
Aug 28 13:41:06.586744 watchdogd[57] <Info>: 1308514291114833: <private>
Aug 28 13:41:06.587041 watchdogd[57] <Info>: 1308514291119250: <private>
Aug 28 13:41:06.587258 watchdogd[57] <Info>: 1308514291123375: <private>
Aug 28 13:41:06.920886 biometrickitd(CoreMotion)[109] <Debug>: Ping timer fired, resetting watchdog
Aug 28 13:41:09.099390 mediaserverd(CoreMotion)[36] <Debug>: Ping timer fired, resetting watchdog
Aug 28 13:41:09.129863 nearbyd(CoreMotion)[157] <Debug>: Ping timer fired, resetting watchdog
Aug 28 13:41:09.191024 locationd[69] <Debug>: Ping timer fired, resetting watchdog
Aug 28 13:41:11.078090 SpringBoard(CoreMotion)[47602] <Debug>: Ping timer fired, resetting watchdog
Aug 28 13:41:11.523892 backboardd(CoreMotion)[65] <Debug>: Ping timer fired, resetting watchdog
Aug 28 13:41:11.920246 biometrickitd(CoreMotion)[109] <Debug>: Ping timer fired, resetting watchdog
Aug 28 13:41:14.097509 mediaserverd(CoreMotion)[36] <Debug>: Ping timer fired, resetting watchdog
Aug 28 13:41:14.128015 nearbyd(CoreMotion)[157] <Debug>: Ping timer fired, resetting watchdog
Aug 28 13:41:14.194861 locationd[69] <Debug>: Ping timer fired, resetting watchdog
Aug 28 13:41:16.078372 SpringBoard(CoreMotion)[47602] <Debug>: Ping timer fired, resetting watchdog
Aug 28 13:41:16.524210 backboardd(CoreMotion)[65] <Debug>: Ping timer fired, resetting watchdog
Aug 28 13:41:16.577891 watchdogd[57] <Debug>: 1308524288514666: <private>
Aug 28 13:41:16.578407 watchdogd[57] <Info>: 1308524289099708: <private>
Aug 28 13:41:16.580155 watchdogd[57] <Debug>: 1308524289253708: <private>
Aug 28 13:41:16.581309 watchdogd[57] <Info>: 1308524289266041: <private>
Aug 28 13:41:16.582257 watchdogd[57] <Debug>: 1308524289496125: <private>
Aug 28 13:41:16.582700 watchdogd[57] <Debug>: 1308524290026250: <private>
Aug 28 13:41:16.583342 watchdogd[57] <Debug>: 1308524290666875: <private>
Aug 28 13:41:16.585060 watchdogd[57] <Debug>: 1308524290898250: <private>
Aug 28 13:41:16.585734 watchdogd[57] <Debug>: 1308524291299041: <private>
Aug 28 13:41:16.585990 watchdogd[57] <Debug>: 1308524291339958: <private>
Aug 28 13:41:16.586124 watchdogd[57] <Info>: 1308524291396583: <private>
Aug 28 13:41:16.586374 watchdogd[57] <Info>: 1308524291412458: <private>
Aug 28 13:41:16.586625 watchdogd[57] <Info>: 1308524291418500: <private>
Aug 28 13:41:16.586881 watchdogd[57] <Info>: 1308524291423541: <private>
Aug 28 13:41:16.587179 watchdogd[57] <Info>: 1308524291428125: <private>
Aug 28 13:41:16.587601 watchdogd[57] <Info>: 1308524291432333: <private>
Aug 28 13:41:16.587749 watchdogd[57] <Info>: 1308524291436750: <private>
Aug 28 13:41:16.588056 watchdogd[57] <Info>: 1308524291440791: <private>
Aug 28 13:41:16.588189 watchdogd[57] <Info>: 1308524292106166: <private>
Aug 28 13:41:16.929335 biometrickitd(CoreMotion)[109] <Debug>: Ping timer fired, resetting watchdog
Aug 28 13:41:19.097518 mediaserverd(CoreMotion)[36] <Debug>: Ping timer fired, resetting watchdog
Aug 28 13:41:19.126354 nearbyd(CoreMotion)[157] <Debug>: Ping timer fired, resetting watchdog
Aug 28 13:41:19.190648 locationd[69] <Debug>: Ping timer fired, resetting watchdog
Aug 28 13:41:21.078622 SpringBoard(CoreMotion)[47602] <Debug>: Ping timer fired, resetting watchdog
Aug 28 13:41:21.524464 backboardd(CoreMotion)[65] <Debug>: Ping timer fired, resetting watchdog
Aug 28 13:41:21.920487 biometrickitd(CoreMotion)[109] <Debug>: Ping timer fired, resetting watchdog
Aug 28 13:41:23.505180 runningboardd(RunningBoard)[33] <Info>: _requestedJetsamPriority = 6, _executablePath = /System/Library/PrivateFrameworks/MobileBackup.framework/backupd
Aug 28 13:41:23.508414 runningboardd(RunningBoard)[33] <Info>: _requestedJetsamPriority = 6, _executablePath = /System/Library/PrivateFrameworks/MobileBackup.framework/backupd
Aug 28 13:41:23.511134 runningboardd(RunningBoard)[33] <Debug>: Sending state update for daemon<com.apple.backupd>: <RBSProcessState| task:running debug:none terminationResistance:None>
Aug 28 13:41:24.097343 mediaserverd(CoreMotion)[36] <Debug>: Ping timer fired, resetting watchdog
Aug 28 13:41:24.129431 nearbyd(CoreMotion)[157] <Debug>: Ping timer fired, resetting watchdog
Aug 28 13:41:24.190520 locationd[69] <Debug>: Ping timer fired, resetting watchdog
Aug 28 13:41:26.078627 SpringBoard(CoreMotion)[47602] <Debug>: Ping timer fired, resetting watchdog
Aug 28 13:41:26.523894 backboardd(CoreMotion)[65] <Debug>: Ping timer fired, resetting watchdog
Aug 28 13:41:26.578276 watchdogd[57] <Debug>: 1308534289257833: <private>
Aug 28 13:41:26.578787 watchdogd[57] <Info>: 1308534289856625: <private>
Aug 28 13:41:26.579119 watchdogd[57] <Debug>: 1308534290118041: <private>
Aug 28 13:41:26.580943 watchdogd[57] <Info>: 1308534290130333: <private>
Aug 28 13:41:26.581579 watchdogd[57] <Debug>: 1308534290483125: <private>
Aug 28 13:41:26.581979 watchdogd[57] <Debug>: 1308534291077375: <private>
Aug 28 13:41:26.582232 watchdogd[57] <Debug>: 1308534291444875: <private>
Aug 28 13:41:26.582665 watchdogd[57] <Debug>: 1308534291732166: <private>
Aug 28 13:41:26.583277 watchdogd[57] <Debug>: 1308534292160750: <private>
Aug 28 13:41:26.585198 watchdogd[57] <Debug>: 1308534292367125: <private>
Aug 28 13:41:26.585774 watchdogd[57] <Info>: 1308534292428500: <private>
Aug 28 13:41:26.585935 watchdogd[57] <Info>: 1308534292443375: <private>
Aug 28 13:41:26.586142 watchdogd[57] <Info>: 1308534292449291: <private>
Aug 28 13:41:26.586375 watchdogd[57] <Info>: 1308534292454166: <private>
Aug 28 13:41:26.586491 watchdogd[57] <Info>: 1308534292458541: <private>
Aug 28 13:41:26.586733 watchdogd[57] <Info>: 1308534292462750: <private>
Aug 28 13:41:26.586892 watchdogd[57] <Info>: 1308534292467125: <private>
Aug 28 13:41:26.587082 watchdogd[57] <Info>: 1308534292471125: <private>
Aug 28 13:41:26.920344 biometrickitd(CoreMotion)[109] <Debug>: Ping timer fired, resetting watchdog
Aug 28 13:41:29.096396 mediaserverd(CoreMotion)[36] <Debug>: Ping timer fired, resetting watchdog
Aug 28 13:41:29.129365 nearbyd(CoreMotion)[157] <Debug>: Ping timer fired, resetting watchdog
Aug 28 13:41:29.190374 locationd[69] <Debug>: Ping timer fired, resetting watchdog
Aug 28 13:41:31.078404 SpringBoard(CoreMotion)[47602] <Debug>: Ping timer fired, resetting watchdog
Aug 28 13:41:31.523729 backboardd(CoreMotion)[65] <Debug>: Ping timer fired, resetting watchdog
Aug 28 13:41:31.920108 biometrickitd(CoreMotion)[109] <Debug>: Ping timer fired, resetting watchdog
Aug 28 13:41:34.099586 mediaserverd(CoreMotion)[36] <Debug>: Ping timer fired, resetting watchdog
Aug 28 13:41:34.134912 nearbyd(CoreMotion)[157] <Debug>: Ping timer fired, resetting watchdog
Aug 28 13:41:34.190564 locationd[69] <Debug>: Ping timer fired, resetting watchdog
Aug 28 13:41:36.080306 SpringBoard(CoreMotion)[47602] <Debug>: Ping timer fired, resetting watchdog
Aug 28 13:41:36.523623 backboardd(CoreMotion)[65] <Debug>: Ping timer fired, resetting watchdog
Aug 28 13:41:36.578561 watchdogd[57] <Debug>: 1308544290025166: <private>
Aug 28 13:41:36.579091 watchdogd[57] <Info>: 1308544290600666: <private>
Aug 28 13:41:36.580392 watchdogd[57] <Debug>: 1308544290752208: <private>
Aug 28 13:41:36.580789 watchdogd[57] <Info>: 1308544290764083: <private>
Aug 28 13:41:36.581435 watchdogd[57] <Debug>: 1308544290888000: <private>
Aug 28 13:41:36.581816 watchdogd[57] <Debug>: 1308544291363791: <private>
Aug 28 13:41:36.582911 watchdogd[57] <Debug>: 1308544291857208: <private>
Aug 28 13:41:36.583597 watchdogd[57] <Debug>: 1308544292365916: <private>
Aug 28 13:41:36.584040 watchdogd[57] <Debug>: 1308544292840750: <private>
Aug 28 13:41:36.584487 watchdogd[57] <Debug>: 1308544292948916: <private>
Aug 28 13:41:36.585613 watchdogd[57] <Info>: 1308544293009583: <private>
Aug 28 13:41:36.585914 watchdogd[57] <Info>: 1308544293025083: <private>
Aug 28 13:41:36.586152 watchdogd[57] <Info>: 1308544293031250: <private>
Aug 28 13:41:36.586394 watchdogd[57] <Info>: 1308544293036250: <private>
Aug 28 13:41:36.586564 watchdogd[57] <Info>: 1308544293040750: <private>
Aug 28 13:41:36.586816 watchdogd[57] <Info>: 1308544293044916: <private>
Aug 28 13:41:36.587027 watchdogd[57] <Info>: 1308544293049208: <private>
Aug 28 13:41:36.587179 watchdogd[57] <Info>: 1308544293053125: <private>
Aug 28 13:41:36.919963 biometrickitd(CoreMotion)[109] <Debug>: Ping timer fired, resetting watchdog
Aug 28 13:41:39.096826 mediaserverd(CoreMotion)[36] <Debug>: Ping timer fired, resetting watchdog
Aug 28 13:41:39.126043 nearbyd(CoreMotion)[157] <Debug>: Ping timer fired, resetting watchdog
Aug 28 13:41:39.190145 locationd[69] <Debug>: Ping timer fired, resetting watchdog
Aug 28 13:41:41.077380 SpringBoard(CoreMotion)[47602] <Debug>: Ping timer fired, resetting watchdog
Aug 28 13:41:41.523526 backboardd(CoreMotion)[65] <Debug>: Ping timer fired, resetting watchdog
Aug 28 13:41:41.920146 biometrickitd(CoreMotion)[109] <Debug>: Ping timer fired, resetting watchdog
Aug 28 13:41:44.096907 mediaserverd(CoreMotion)[36] <Debug>: Ping timer fired, resetting watchdog
Aug 28 13:41:44.125796 nearbyd(CoreMotion)[157] <Debug>: Ping timer fired, resetting watchdog
Aug 28 13:41:44.189880 locationd[69] <Debug>: Ping timer fired, resetting watchdog
Aug 28 13:41:46.078091 SpringBoard(CoreMotion)[47602] <Debug>: Ping timer fired, resetting watchdog
Aug 28 13:41:46.523291 backboardd(CoreMotion)[65] <Debug>: Ping timer fired, resetting watchdog
Aug 28 13:41:46.580651 watchdogd[57] <Debug>: 1308554290768416: <private>
Aug 28 13:41:46.581398 watchdogd[57] <Info>: 1308554291347458: <private>
Aug 28 13:41:46.581787 watchdogd[57] <Debug>: 1308554291500958: <private>
Aug 28 13:41:46.583683 watchdogd[57] <Info>: 1308554291513000: <private>
Aug 28 13:41:46.584069 watchdogd[57] <Debug>: 1308554291636666: <private>
Aug 28 13:41:46.584388 watchdogd[57] <Debug>: 1308554292149000: <private>
Aug 28 13:41:46.584963 watchdogd[57] <Debug>: 1308554293318916: <private>
Aug 28 13:41:46.585245 watchdogd[57] <Debug>: 1308554293814166: <private>
Aug 28 13:41:46.585549 watchdogd[57] <Debug>: 1308554293852416: <private>
Aug 28 13:41:46.585913 watchdogd[57] <Debug>: 1308554294319541: <private>
Aug 28 13:41:46.586159 watchdogd[57] <Info>: 1308554294382416: <private>
Aug 28 13:41:46.586308 watchdogd[57] <Info>: 1308554294396875: <private>
Aug 28 13:41:46.586967 watchdogd[57] <Info>: 1308554294402791: <private>
Aug 28 13:41:46.587175 watchdogd[57] <Info>: 1308554294408041: <private>
Aug 28 13:41:46.587313 watchdogd[57] <Info>: 1308554294412708: <private>
Aug 28 13:41:46.587575 watchdogd[57] <Info>: 1308554294416875: <private>
Aug 28 13:41:46.587708 watchdogd[57] <Info>: 1308554294421041: <private>
Aug 28 13:41:46.587968 watchdogd[57] <Info>: 1308554294424916: <private>
Aug 28 13:41:46.588100 watchdogd[57] <Info>: 1308554295151416: <private>
Aug 28 13:41:46.922402 biometrickitd(CoreMotion)[109] <Debug>: Ping timer fired, resetting watchdog
Aug 28 13:41:49.095802 mediaserverd(CoreMotion)[36] <Debug>: Ping timer fired, resetting watchdog
Aug 28 13:41:49.128785 nearbyd(CoreMotion)[157] <Debug>: Ping timer fired, resetting watchdog
Aug 28 13:41:49.189792 locationd[69] <Debug>: Ping timer fired, resetting watchdog
Aug 28 13:41:51.077855 SpringBoard(CoreMotion)[47602] <Debug>: Ping timer fired, resetting watchdog
Aug 28 13:41:51.523145 backboardd(CoreMotion)[65] <Debug>: Ping timer fired, resetting watchdog
Aug 28 13:41:51.919802 biometrickitd(CoreMotion)[109] <Debug>: Ping timer fired, resetting watchdog
Aug 28 13:41:53.539002 runningboardd(RunningBoard)[33] <Notice>: [daemon<com.apple.backupd>:57639] termination reported by launchd (0, 0, 0)
Aug 28 13:41:53.543719 runningboardd(RunningBoard)[33] <Notice>: Removing assertions for terminated process: [daemon<com.apple.backupd>:57639]
Aug 28 13:41:53.547738 runningboardd(RunningBoard)[33] <Debug>: Sending state update for daemon<com.apple.backupd>: <RBSProcessState| task:none debug:none terminationResistance:None>
Aug 28 13:41:54.095585 mediaserverd(CoreMotion)[36] <Debug>: Ping timer fired, resetting watchdog
Aug 28 13:41:54.126424 nearbyd(CoreMotion)[157] <Debug>: Ping timer fired, resetting watchdog
Aug 28 13:41:54.189664 locationd[69] <Debug>: Ping timer fired, resetting watchdog
Aug 28 13:41:56.077645 SpringBoard(CoreMotion)[47602] <Debug>: Ping timer fired, resetting watchdog
Aug 28 13:41:56.523054 backboardd(CoreMotion)[65] <Debug>: Ping timer fired, resetting watchdog
Aug 28 13:41:56.580923 watchdogd[57] <Debug>: 1308564291554250: <private>
Aug 28 13:41:56.581398 watchdogd[57] <Info>: 1308564292116958: <private>
Aug 28 13:41:56.582024 watchdogd[57] <Debug>: 1308564292517708: <private>
Aug 28 13:41:56.582634 watchdogd[57] <Debug>: 1308564292902958: <private>
Aug 28 13:41:56.583384 watchdogd[57] <Info>: 1308564292913500: <private>
Aug 28 13:41:56.583759 watchdogd[57] <Debug>: 1308564293344000: <private>
Aug 28 13:41:56.585198 watchdogd[57] <Debug>: 1308564294009833: <private>
Aug 28 13:41:56.585446 watchdogd[57] <Debug>: 1308564294202000: <private>
Aug 28 13:41:56.585735 watchdogd[57] <Debug>: 1308564294626541: <private>
Aug 28 13:41:56.586021 watchdogd[57] <Debug>: 1308564294665583: <private>
Aug 28 13:41:56.586160 watchdogd[57] <Info>: 1308564294722083: <private>
Aug 28 13:41:56.586372 watchdogd[57] <Info>: 1308564294737000: <private>
Aug 28 13:41:56.586610 watchdogd[57] <Info>: 1308564294742583: <private>
Aug 28 13:41:56.586797 watchdogd[57] <Info>: 1308564294747375: <private>
Aug 28 13:41:56.586956 watchdogd[57] <Info>: 1308564294751833: <private>
Aug 28 13:41:56.587145 watchdogd[57] <Info>: 1308564294755916: <private>
Aug 28 13:41:56.587486 watchdogd[57] <Info>: 1308564294760166: <private>
Aug 28 13:41:56.587737 watchdogd[57] <Info>: 1308564294764166: <private>
Aug 28 13:41:56.920010 biometrickitd(CoreMotion)[109] <Debug>: Ping timer fired, resetting watchdog
Aug 28 13:41:59.096497 mediaserverd(CoreMotion)[36] <Debug>: Ping timer fired, resetting watchdog
Aug 28 13:41:59.125527 nearbyd(CoreMotion)[157] <Debug>: Ping timer fired, resetting watchdog
Aug 28 13:41:59.189594 locationd[69] <Debug>: Ping timer fired, resetting watchdog
Aug 28 13:42:01.077494 SpringBoard(CoreMotion)[47602] <Debug>: Ping timer fired, resetting watchdog
Aug 28 13:42:01.523044 backboardd(CoreMotion)[65] <Debug>: Ping timer fired, resetting watchdog
Aug 28 13:42:01.919463 biometrickitd(CoreMotion)[109] <Debug>: Ping timer fired, resetting watchdog
Aug 28 13:42:04.095416 mediaserverd(CoreMotion)[36] <Debug>: Ping timer fired, resetting watchdog
Aug 28 13:42:04.130521 nearbyd(CoreMotion)[157] <Debug>: Ping timer fired, resetting watchdog
Aug 28 13:42:04.189325 locationd[69] <Debug>: Ping timer fired, resetting watchdog
Aug 28 13:42:06.076901 SpringBoard(CoreMotion)[47602] <Debug>: Ping timer fired, resetting watchdog
Aug 28 13:42:06.522730 backboardd(CoreMotion)[65] <Debug>: Ping timer fired, resetting watchdog
Aug 28 13:42:06.581170 watchdogd[57] <Debug>: 1308574292240333: <private>
Aug 28 13:42:06.581448 watchdogd[57] <Info>: 1308574292569208: <private>
Aug 28 13:42:06.581730 watchdogd[57] <Debug>: 1308574292650666: <private>
Aug 28 13:42:06.581864 watchdogd[57] <Info>: 1308574292657041: <private>
Aug 28 13:42:06.582101 watchdogd[57] <Debug>: 1308574292725125: <private>
Aug 28 13:42:06.582310 watchdogd[57] <Debug>: 1308574293004125: <private>
Aug 28 13:42:06.582597 watchdogd[57] <Debug>: 1308574293372541: <private>
Aug 28 13:42:06.582871 watchdogd[57] <Debug>: 1308574293628375: <private>
Aug 28 13:42:06.583077 watchdogd[57] <Debug>: 1308574293682666: <private>
Aug 28 13:42:06.584304 watchdogd[57] <Debug>: 1308574293940833: <private>
Aug 28 13:42:06.584513 watchdogd[57] <Info>: 1308574293974250: <private>
Aug 28 13:42:06.584840 watchdogd[57] <Info>: 1308574293982833: <private>
Aug 28 13:42:06.585044 watchdogd[57] <Info>: 1308574293986333: <private>
Aug 28 13:42:06.585179 watchdogd[57] <Info>: 1308574293989166: <private>
Aug 28 13:42:06.585414 watchdogd[57] <Info>: 1308574293991458: <private>
Aug 28 13:42:06.585894 watchdogd[57] <Info>: 1308574293993750: <private>
Aug 28 13:42:06.586098 watchdogd[57] <Info>: 1308574293996083: <private>
Aug 28 13:42:06.586265 watchdogd[57] <Info>: 1308574293998291: <private>
Aug 28 13:42:06.919172 biometrickitd(CoreMotion)[109] <Debug>: Ping timer fired, resetting watchdog
Aug 28 13:42:09.096062 mediaserverd(CoreMotion)[36] <Debug>: Ping timer fired, resetting watchdog
Aug 28 13:42:09.128301 nearbyd(CoreMotion)[157] <Debug>: Ping timer fired, resetting watchdog
Aug 28 13:42:09.189165 locationd[69] <Debug>: Ping timer fired, resetting watchdog
Aug 28 13:42:11.076502 SpringBoard(CoreMotion)[47602] <Debug>: Ping timer fired, resetting watchdog
Aug 28 13:42:11.522644 backboardd(CoreMotion)[65] <Debug>: Ping timer fired, resetting watchdog
Aug 28 13:42:11.918883 biometrickitd(CoreMotion)[109] <Debug>: Ping timer fired, resetting watchdog
Aug 28 13:42:14.095819 mediaserverd(CoreMotion)[36] <Debug>: Ping timer fired, resetting watchdog
Aug 28 13:42:14.136476 nearbyd(CoreMotion)[157] <Debug>: Ping timer fired, resetting watchdog
Aug 28 13:42:14.189642 locationd[69] <Debug>: Ping timer fired, resetting watchdog
Aug 28 13:42:16.077089 SpringBoard(CoreMotion)[47602] <Debug>: Ping timer fired, resetting watchdog
Aug 28 13:42:16.522578 backboardd(CoreMotion)[65] <Debug>: Ping timer fired, resetting watchdog
Aug 28 13:42:16.580219 watchdogd[57] <Debug>: 1308584292719291: <private>
Aug 28 13:42:16.580724 watchdogd[57] <Info>: 1308584293295333: <private>
Aug 28 13:42:16.582194 watchdogd[57] <Debug>: 1308584293454000: <private>
Aug 28 13:42:16.582600 watchdogd[57] <Info>: 1308584293465583: <private>
Aug 28 13:42:16.583063 watchdogd[57] <Debug>: 1308584293589583: <private>
Aug 28 13:42:16.583324 watchdogd[57] <Debug>: 1308584294076916: <private>
Aug 28 13:42:16.583970 watchdogd[57] <Debug>: 1308584294752041: <private>
Aug 28 13:42:16.584592 watchdogd[57] <Debug>: 1308584295213541: <private>
Aug 28 13:42:16.584838 watchdogd[57] <Debug>: 1308584295253166: <private>
Aug 28 13:42:16.585112 watchdogd[57] <Debug>: 1308584295710333: <private>
Aug 28 13:42:16.585419 watchdogd[57] <Info>: 1308584295769083: <private>
Aug 28 13:42:16.586314 watchdogd[57] <Info>: 1308584295784166: <private>
Aug 28 13:42:16.586563 watchdogd[57] <Info>: 1308584295790083: <private>
Aug 28 13:42:16.586723 watchdogd[57] <Info>: 1308584295795000: <private>
Aug 28 13:42:16.587009 watchdogd[57] <Info>: 1308584295799291: <private>
Aug 28 13:42:16.587244 watchdogd[57] <Info>: 1308584295803333: <private>
Aug 28 13:42:16.587491 watchdogd[57] <Info>: 1308584295807666: <private>
Aug 28 13:42:16.587647 watchdogd[57] <Info>: 1308584295811750: <private>
Aug 28 13:42:16.587847 watchdogd[57] <Info>: 1308584296500041: <private>
Aug 28 13:42:16.919069 biometrickitd(CoreMotion)[109] <Debug>: Ping timer fired, resetting watchdog
Aug 28 13:42:19.095178 mediaserverd(CoreMotion)[36] <Debug>: Ping timer fired, resetting watchdog
Aug 28 13:42:19.125667 nearbyd(CoreMotion)[157] <Debug>: Ping timer fired, resetting watchdog
Aug 28 13:42:19.188982 locationd[69] <Debug>: Ping timer fired, resetting watchdog
Aug 28 13:42:21.083189 SpringBoard(CoreMotion)[47602] <Debug>: Ping timer fired, resetting watchdog
Aug 28 13:42:21.522325 backboardd(CoreMotion)[65] <Debug>: Ping timer fired, resetting watchdog
Aug 28 13:42:21.919032 biometrickitd(CoreMotion)[109] <Debug>: Ping timer fired, resetting watchdog
Aug 28 13:42:24.095459 mediaserverd(CoreMotion)[36] <Debug>: Ping timer fired, resetting watchdog
Aug 28 13:42:24.124581 nearbyd(CoreMotion)[157] <Debug>: Ping timer fired, resetting watchdog
Aug 28 13:42:24.188859 locationd[69] <Debug>: Ping timer fired, resetting watchdog
Aug 28 13:42:26.076918 SpringBoard(CoreMotion)[47602] <Debug>: Ping timer fired, resetting watchdog
Aug 28 13:42:26.522293 backboardd(CoreMotion)[65] <Debug>: Ping timer fired, resetting watchdog
Aug 28 13:42:26.581177 watchdogd[57] <Debug>: 1308594293454250: <private>
Aug 28 13:42:26.581978 watchdogd[57] <Info>: 1308594294019291: <private>
Aug 28 13:42:26.583094 watchdogd[57] <Debug>: 1308594294389416: <private>
Aug 28 13:42:26.584287 watchdogd[57] <Debug>: 1308594294574166: <private>
Aug 28 13:42:26.585207 watchdogd[57] <Info>: 1308594294584500: <private>
Aug 28 13:42:26.586013 watchdogd[57] <Debug>: 1308594294914708: <private>
Aug 28 13:42:26.587082 watchdogd[57] <Debug>: 1308594295635458: <private>
Aug 28 13:42:26.587660 watchdogd[57] <Debug>: 1308594296165833: <private>
Aug 28 13:42:26.588088 watchdogd[57] <Debug>: 1308594296362041: <private>
Aug 28 13:42:26.588381 watchdogd[57] <Debug>: 1308594296715125: <private>
Aug 28 13:42:26.588875 watchdogd[57] <Info>: 1308594296775458: <private>
Aug 28 13:42:26.589182 watchdogd[57] <Info>: 1308594296791166: <private>
Aug 28 13:42:26.589628 watchdogd[57] <Info>: 1308594296796833: <private>
Aug 28 13:42:26.589914 watchdogd[57] <Info>: 1308594296802166: <private>
Aug 28 13:42:26.590283 watchdogd[57] <Info>: 1308594296806708: <private>
Aug 28 13:42:26.590709 watchdogd[57] <Info>: 1308594296810791: <private>
Aug 28 13:42:26.590948 watchdogd[57] <Info>: 1308594296814958: <private>
Aug 28 13:42:26.591358 watchdogd[57] <Info>: 1308594296818916: <private>
Aug 28 13:42:26.918050 biometrickitd(CoreMotion)[109] <Debug>: Ping timer fired, resetting watchdog
Aug 28 13:42:29.094589 mediaserverd(CoreMotion)[36] <Debug>: Ping timer fired, resetting watchdog
Aug 28 13:42:29.124582 nearbyd(CoreMotion)[157] <Debug>: Ping timer fired, resetting watchdog
Aug 28 13:42:29.188595 locationd[69] <Debug>: Ping timer fired, resetting watchdog
Aug 28 13:42:29.557028 runningboardd(RunningBoard)[33] <Info>: _requestedJetsamPriority = 6, _executablePath = /System/Library/PrivateFrameworks/MobileBackup.framework/backupd
Aug 28 13:42:29.560873 runningboardd(RunningBoard)[33] <Info>: _requestedJetsamPriority = 6, _executablePath = /System/Library/PrivateFrameworks/MobileBackup.framework/backupd
Aug 28 13:42:29.563629 runningboardd(RunningBoard)[33] <Debug>: Sending state update for daemon<com.apple.backupd>: <RBSProcessState| task:running debug:none terminationResistance:None>
Aug 28 13:42:31.076604 SpringBoard(CoreMotion)[47602] <Debug>: Ping timer fired, resetting watchdog
Aug 28 13:42:31.521988 backboardd(CoreMotion)[65] <Debug>: Ping timer fired, resetting watchdog
Aug 28 13:42:31.918713 biometrickitd(CoreMotion)[109] <Debug>: Ping timer fired, resetting watchdog
Aug 28 13:42:34.095437 mediaserverd(CoreMotion)[36] <Debug>: Ping timer fired, resetting watchdog
Aug 28 13:42:34.127383 nearbyd(CoreMotion)[157] <Debug>: Ping timer fired, resetting watchdog
Aug 28 13:42:34.188455 locationd[69] <Debug>: Ping timer fired, resetting watchdog
Aug 28 13:42:36.076250 SpringBoard(CoreMotion)[47602] <Debug>: Ping timer fired, resetting watchdog
Aug 28 13:42:36.521596 backboardd(CoreMotion)[65] <Debug>: Ping timer fired, resetting watchdog
Aug 28 13:42:36.580891 watchdogd[57] <Debug>: 1308604294176541: <private>
Aug 28 13:42:36.583240 watchdogd[57] <Info>: 1308604294774291: <private>
Aug 28 13:42:36.583779 watchdogd[57] <Debug>: 1308604294927250: <private>
Aug 28 13:42:36.584164 watchdogd[57] <Info>: 1308604294939333: <private>
Aug 28 13:42:36.584838 watchdogd[57] <Debug>: 1308604295195666: <private>
Aug 28 13:42:36.585349 watchdogd[57] <Debug>: 1308604295571333: <private>
Aug 28 13:42:36.585661 watchdogd[57] <Debug>: 1308604296326083: <private>
Aug 28 13:42:36.586139 watchdogd[57] <Debug>: 1308604296572083: <private>
Aug 28 13:42:36.586405 watchdogd[57] <Debug>: 1308604296940666: <private>
Aug 28 13:42:36.586563 watchdogd[57] <Debug>: 1308604297233000: <private>
Aug 28 13:42:36.586858 watchdogd[57] <Info>: 1308604297296416: <private>
Aug 28 13:42:36.587079 watchdogd[57] <Info>: 1308604297311291: <private>
Aug 28 13:42:36.587234 watchdogd[57] <Info>: 1308604297317333: <private>
Aug 28 13:42:36.587432 watchdogd[57] <Info>: 1308604297322583: <private>
Aug 28 13:42:36.587708 watchdogd[57] <Info>: 1308604297327208: <private>
Aug 28 13:42:36.587878 watchdogd[57] <Info>: 1308604297331416: <private>
Aug 28 13:42:36.588122 watchdogd[57] <Info>: 1308604297335666: <private>
Aug 28 13:42:36.588258 watchdogd[57] <Info>: 1308604297339666: <private>
Aug 28 13:42:36.918187 biometrickitd(CoreMotion)[109] <Debug>: Ping timer fired, resetting watchdog
Aug 28 13:42:39.094223 mediaserverd(CoreMotion)[36] <Debug>: Ping timer fired, resetting watchdog
Aug 28 13:42:39.124056 nearbyd(CoreMotion)[157] <Debug>: Ping timer fired, resetting watchdog
Aug 28 13:42:39.188324 locationd[69] <Debug>: Ping timer fired, resetting watchdog
Aug 28 13:42:41.075734 SpringBoard(CoreMotion)[47602] <Debug>: Ping timer fired, resetting watchdog
Aug 28 13:42:41.521765 backboardd(CoreMotion)[65] <Debug>: Ping timer fired, resetting watchdog
Aug 28 13:42:41.918042 biometrickitd(CoreMotion)[109] <Debug>: Ping timer fired, resetting watchdog
Aug 28 13:42:44.095191 mediaserverd(CoreMotion)[36] <Debug>: Ping timer fired, resetting watchdog
Aug 28 13:42:44.123124 nearbyd(CoreMotion)[157] <Debug>: Ping timer fired, resetting watchdog
Aug 28 13:42:44.187771 locationd[69] <Debug>: Ping timer fired, resetting watchdog
Aug 28 13:42:46.076001 SpringBoard(CoreMotion)[47602] <Debug>: Ping timer fired, resetting watchdog
Aug 28 13:42:46.521555 backboardd(CoreMotion)[65] <Debug>: Ping timer fired, resetting watchdog
Aug 28 13:42:46.581377 watchdogd[57] <Debug>: 1308614294943750: <private>
Aug 28 13:42:46.582224 watchdogd[57] <Info>: 1308614295509750: <private>
Aug 28 13:42:46.582504 watchdogd[57] <Debug>: 1308614295664208: <private>
Aug 28 13:42:46.583434 watchdogd[57] <Info>: 1308614295676000: <private>
Aug 28 13:42:46.584905 watchdogd[57] <Debug>: 1308614295800750: <private>
Aug 28 13:42:46.585351 watchdogd[57] <Debug>: 1308614296294750: <private>
Aug 28 13:42:46.585718 watchdogd[57] <Debug>: 1308614296985333: <private>
Aug 28 13:42:46.586121 watchdogd[57] <Debug>: 1308614297451708: <private>
Aug 28 13:42:46.586369 watchdogd[57] <Debug>: 1308614297490208: <private>
Aug 28 13:42:46.587238 watchdogd[57] <Debug>: 1308614297963791: <private>
Aug 28 13:42:46.588207 watchdogd[57] <Info>: 1308614298022958: <private>
Aug 28 13:42:46.590019 watchdogd[57] <Info>: 1308614298037750: <private>
Aug 28 13:42:46.590492 watchdogd[57] <Info>: 1308614298043625: <private>
Aug 28 13:42:46.590838 watchdogd[57] <Info>: 1308614298048625: <private>
Aug 28 13:42:46.591375 watchdogd[57] <Info>: 1308614298053083: <private>
Aug 28 13:42:46.591781 watchdogd[57] <Info>: 1308614298057291: <private>
Aug 28 13:42:46.592249 watchdogd[57] <Info>: 1308614298061541: <private>
Aug 28 13:42:46.593251 watchdogd[57] <Info>: 1308614298065500: <private>
Aug 28 13:42:46.593390 watchdogd[57] <Info>: 1308614298742416: <private>
Aug 28 13:42:46.917913 biometrickitd(CoreMotion)[109] <Debug>: Ping timer fired, resetting watchdog
Aug 28 13:42:49.094874 mediaserverd(CoreMotion)[36] <Debug>: Ping timer fired, resetting watchdog
Aug 28 13:42:49.124067 nearbyd(CoreMotion)[157] <Debug>: Ping timer fired, resetting watchdog
Aug 28 13:42:49.194472 locationd[69] <Debug>: Ping timer fired, resetting watchdog
Aug 28 13:42:51.076058 SpringBoard(CoreMotion)[47602] <Debug>: Ping timer fired, resetting watchdog
Aug 28 13:42:51.521410 backboardd(CoreMotion)[65] <Debug>: Ping timer fired, resetting watchdog
Aug 28 13:42:51.920364 biometrickitd(CoreMotion)[109] <Debug>: Ping timer fired, resetting watchdog
Aug 28 13:42:54.093719 mediaserverd(CoreMotion)[36] <Debug>: Ping timer fired, resetting watchdog
Aug 28 13:42:54.127490 nearbyd(CoreMotion)[157] <Debug>: Ping timer fired, resetting watchdog
Aug 28 13:42:54.187088 locationd[69] <Debug>: Ping timer fired, resetting watchdog
Aug 28 13:42:56.075941 SpringBoard(CoreMotion)[47602] <Debug>: Ping timer fired, resetting watchdog
Aug 28 13:42:56.521169 backboardd(CoreMotion)[65] <Debug>: Ping timer fired, resetting watchdog
Aug 28 13:42:56.581895 watchdogd[57] <Debug>: 1308624295667666: <private>
Aug 28 13:42:56.582767 watchdogd[57] <Info>: 1308624296243875: <private>
Aug 28 13:42:56.584300 watchdogd[57] <Debug>: 1308624296397458: <private>
Aug 28 13:42:56.585017 watchdogd[57] <Info>: 1308624296409333: <private>
Aug 28 13:42:56.585398 watchdogd[57] <Debug>: 1308624296530875: <private>
Aug 28 13:42:56.585661 watchdogd[57] <Debug>: 1308624296998833: <private>
Aug 28 13:42:56.586128 watchdogd[57] <Debug>: 1308624297695666: <private>
Aug 28 13:42:56.586578 watchdogd[57] <Debug>: 1308624298052041: <private>
Aug 28 13:42:56.587841 watchdogd[57] <Debug>: 1308624298542083: <private>
Aug 28 13:42:56.588377 watchdogd[57] <Debug>: 1308624298779875: <private>
Aug 28 13:42:56.588857 watchdogd[57] <Info>: 1308624298839375: <private>
Aug 28 13:42:56.589434 watchdogd[57] <Info>: 1308624298854125: <private>
Aug 28 13:42:56.589799 watchdogd[57] <Info>: 1308624298860166: <private>
Aug 28 13:42:56.590381 watchdogd[57] <Info>: 1308624298865208: <private>
Aug 28 13:42:56.590843 watchdogd[57] <Info>: 1308624298869750: <private>
Aug 28 13:42:56.591233 watchdogd[57] <Info>: 1308624298874041: <private>
Aug 28 13:42:56.591511 watchdogd[57] <Info>: 1308624298878333: <private>
Aug 28 13:42:56.592014 watchdogd[57] <Info>: 1308624298882416: <private>
Aug 28 13:42:56.917983 biometrickitd(CoreMotion)[109] <Debug>: Ping timer fired, resetting watchdog
Aug 28 13:42:59.093717 mediaserverd(CoreMotion)[36] <Debug>: Ping timer fired, resetting watchdog
Aug 28 13:42:59.126714 nearbyd(CoreMotion)[157] <Debug>: Ping timer fired, resetting watchdog
Aug 28 13:42:59.187825 locationd[69] <Debug>: Ping timer fired, resetting watchdog
Aug 28 13:42:59.579398 runningboardd(RunningBoard)[33] <Notice>: [daemon<com.apple.backupd>:57646] termination reported by launchd (0, 0, 0)
Aug 28 13:42:59.583001 runningboardd(RunningBoard)[33] <Notice>: Removing assertions for terminated process: [daemon<com.apple.backupd>:57646]
Aug 28 13:42:59.585428 runningboardd(RunningBoard)[33] <Debug>: Sending state update for daemon<com.apple.backupd>: <RBSProcessState| task:none debug:none terminationResistance:None>
Aug 28 13:43:01.075803 SpringBoard(CoreMotion)[47602] <Debug>: Ping timer fired, resetting watchdog
Aug 28 13:43:01.521266 backboardd(CoreMotion)[65] <Debug>: Ping timer fired, resetting watchdog
Aug 28 13:43:01.917836 biometrickitd(CoreMotion)[109] <Debug>: Ping timer fired, resetting watchdog
Aug 28 13:43:04.094416 mediaserverd(CoreMotion)[36] <Debug>: Ping timer fired, resetting watchdog
Aug 28 13:43:04.126390 nearbyd(CoreMotion)[157] <Debug>: Ping timer fired, resetting watchdog
Aug 28 13:43:04.187577 locationd[69] <Debug>: Ping timer fired, resetting watchdog
Aug 28 13:43:06.075284 SpringBoard(CoreMotion)[47602] <Debug>: Ping timer fired, resetting watchdog
Aug 28 13:43:06.521343 backboardd(CoreMotion)[65] <Debug>: Ping timer fired, resetting watchdog
Aug 28 13:43:06.582896 watchdogd[57] <Debug>: 1308634296410708: <private>
Aug 28 13:43:06.584121 watchdogd[57] <Info>: 1308634296982500: <private>
Aug 28 13:43:06.584512 watchdogd[57] <Debug>: 1308634297135541: <private>
Aug 28 13:43:06.585160 watchdogd[57] <Info>: 1308634297147416: <private>
Aug 28 13:43:06.586249 watchdogd[57] <Debug>: 1308634297271291: <private>
Aug 28 13:43:06.586940 watchdogd[57] <Debug>: 1308634297795083: <private>
Aug 28 13:43:06.587313 watchdogd[57] <Debug>: 1308634298662041: <private>
Aug 28 13:43:06.587587 watchdogd[57] <Debug>: 1308634299288583: <private>
Aug 28 13:43:06.588811 watchdogd[57] <Debug>: 1308634299829416: <private>
Aug 28 13:43:06.589508 watchdogd[57] <Debug>: 1308634300073958: <private>
Aug 28 13:43:06.590183 watchdogd[57] <Info>: 1308634300133166: <private>
Aug 28 13:43:06.590620 watchdogd[57] <Info>: 1308634300148000: <private>
Aug 28 13:43:06.590936 watchdogd[57] <Info>: 1308634300153916: <private>
Aug 28 13:43:06.591758 watchdogd[57] <Info>: 1308634300158958: <private>
Aug 28 13:43:06.592028 watchdogd[57] <Info>: 1308634300163500: <private>
Aug 28 13:43:06.592644 watchdogd[57] <Info>: 1308634300167666: <private>
Aug 28 13:43:06.592779 watchdogd[57] <Info>: 1308634300172041: <private>
Aug 28 13:43:06.593059 watchdogd[57] <Info>: 1308634300176041: <private>
Aug 28 13:43:06.917311 biometrickitd(CoreMotion)[109] <Debug>: Ping timer fired, resetting watchdog
Aug 28 13:43:09.093422 mediaserverd(CoreMotion)[36] <Debug>: Ping timer fired, resetting watchdog
Aug 28 13:43:09.133352 nearbyd(CoreMotion)[157] <Debug>: Ping timer fired, resetting watchdog
Aug 28 13:43:09.187456 locationd[69] <Debug>: Ping timer fired, resetting watchdog
Aug 28 13:43:11.077285 SpringBoard(CoreMotion)[47602] <Debug>: Ping timer fired, resetting watchdog
Aug 28 13:43:11.410804 locationd[69] <Debug>: Fence: cancelLocationWatchdog, num fences, 1, location type, <private>
Aug 28 13:43:11.410899 locationd[69] <Debug>: Fence: cancelLocationWatchdog
Aug 28 13:43:11.519904 backboardd(CoreMotion)[65] <Debug>: Ping timer fired, resetting watchdog
Aug 28 13:43:11.916514 biometrickitd(CoreMotion)[109] <Debug>: Ping timer fired, resetting watchdog
Aug 28 13:43:14.096595 mediaserverd(CoreMotion)[36] <Debug>: Ping timer fired, resetting watchdog
Aug 28 13:43:14.123309 nearbyd(CoreMotion)[157] <Debug>: Ping timer fired, resetting watchdog
Aug 28 13:43:14.186915 locationd[69] <Debug>: Ping timer fired, resetting watchdog
Aug 28 13:43:16.076042 SpringBoard(CoreMotion)[47602] <Debug>: Ping timer fired, resetting watchdog
Aug 28 13:43:16.520827 backboardd(CoreMotion)[65] <Debug>: Ping timer fired, resetting watchdog
Aug 28 13:43:16.581715 watchdogd[57] <Debug>: 1308644297084333: <private>
Aug 28 13:43:16.582184 watchdogd[57] <Info>: 1308644297412583: <private>
Aug 28 13:43:16.582715 watchdogd[57] <Debug>: 1308644297500833: <private>
Aug 28 13:43:16.583883 watchdogd[57] <Info>: 1308644297507416: <private>
Aug 28 13:43:16.584920 watchdogd[57] <Debug>: 1308644297634708: <private>
Aug 28 13:43:16.586358 watchdogd[57] <Debug>: 1308644297876458: <private>
Aug 28 13:43:16.588701 watchdogd[57] <Debug>: 1308644298262958: <private>
Aug 28 13:43:16.588983 watchdogd[57] <Debug>: 1308644298456333: <private>
Aug 28 13:43:16.589554 watchdogd[57] <Debug>: 1308644298723833: <private>
Aug 28 13:43:16.590049 watchdogd[57] <Debug>: 1308644298796333: <private>
Aug 28 13:43:16.590532 watchdogd[57] <Info>: 1308644298830333: <private>
Aug 28 13:43:16.590789 watchdogd[57] <Info>: 1308644298839708: <private>
Aug 28 13:43:16.591358 watchdogd[57] <Info>: 1308644298843166: <private>
Aug 28 13:43:16.591806 watchdogd[57] <Info>: 1308644298845875: <private>
Aug 28 13:43:16.592265 watchdogd[57] <Info>: 1308644298848333: <private>
Aug 28 13:43:16.592718 watchdogd[57] <Info>: 1308644298850500: <private>
Aug 28 13:43:16.593258 watchdogd[57] <Info>: 1308644298852750: <private>
Aug 28 13:43:16.593715 watchdogd[57] <Info>: 1308644298854916: <private>
Aug 28 13:43:16.593956 watchdogd[57] <Info>: 1308644299262500: <private>
Aug 28 13:43:16.917484 biometrickitd(CoreMotion)[109] <Debug>: Ping timer fired, resetting watchdog
Aug 28 13:43:19.095753 mediaserverd(CoreMotion)[36] <Debug>: Ping timer fired, resetting watchdog
Aug 28 13:43:19.124716 nearbyd(CoreMotion)[157] <Debug>: Ping timer fired, resetting watchdog
Aug 28 13:43:19.192403 locationd[69] <Debug>: Ping timer fired, resetting watchdog
Aug 28 13:43:21.077452 SpringBoard(CoreMotion)[47602] <Debug>: Ping timer fired, resetting watchdog
Aug 28 13:43:21.523067 backboardd(CoreMotion)[65] <Debug>: Ping timer fired, resetting watchdog
Aug 28 13:43:21.919469 biometrickitd(CoreMotion)[109] <Debug>: Ping timer fired, resetting watchdog
Aug 28 13:43:24.096292 mediaserverd(CoreMotion)[36] <Debug>: Ping timer fired, resetting watchdog
Aug 28 13:43:24.125875 nearbyd(CoreMotion)[157] <Debug>: Ping timer fired, resetting watchdog
Aug 28 13:43:24.190462 locationd[69] <Debug>: Ping timer fired, resetting watchdog
Aug 28 13:43:26.078576 SpringBoard(CoreMotion)[47602] <Debug>: Ping timer fired, resetting watchdog
Aug 28 13:43:26.524019 backboardd(CoreMotion)[65] <Debug>: Ping timer fired, resetting watchdog
Aug 28 13:43:26.586559 watchdogd[57] <Debug>: 1308654297562458: <private>
Aug 28 13:43:26.587100 watchdogd[57] <Info>: 1308654298147750: <private>
Aug 28 13:43:26.588089 watchdogd[57] <Debug>: 1308654298299416: <private>
Aug 28 13:43:26.588582 watchdogd[57] <Info>: 1308654298310750: <private>
Aug 28 13:43:26.589500 watchdogd[57] <Debug>: 1308654298432666: <private>
Aug 28 13:43:26.590321 watchdogd[57] <Debug>: 1308654298894583: <private>
Aug 28 13:43:26.591665 watchdogd[57] <Debug>: 1308654299592250: <private>
Aug 28 13:43:26.592386 watchdogd[57] <Debug>: 1308654300056000: <private>
Aug 28 13:43:26.593168 watchdogd[57] <Debug>: 1308654300472291: <private>
Aug 28 13:43:26.594005 watchdogd[57] <Debug>: 1308654300697750: <private>
Aug 28 13:43:26.594454 watchdogd[57] <Info>: 1308654300764250: <private>
Aug 28 13:43:26.594907 watchdogd[57] <Info>: 1308654300778916: <private>
Aug 28 13:43:26.595357 watchdogd[57] <Info>: 1308654300785083: <private>
Aug 28 13:43:26.595733 watchdogd[57] <Info>: 1308654300790041: <private>
Aug 28 13:43:26.596291 watchdogd[57] <Info>: 1308654300794500: <private>
Aug 28 13:43:26.596502 watchdogd[57] <Info>: 1308654300798666: <private>
Aug 28 13:43:26.596664 watchdogd[57] <Info>: 1308654300803000: <private>
Aug 28 13:43:26.596919 watchdogd[57] <Info>: 1308654300806916: <private>
Aug 28 13:43:26.920441 biometrickitd(CoreMotion)[109] <Debug>: Ping timer fired, resetting watchdog
Aug 28 13:43:28.633475 routined(libcoreroutine.dylib)[38] <Debug>: pipeline, com.apple.routined.visit.pipeline.realtime-low-confidence, iteration, 3500, is terminated by <private>
Aug 28 13:43:28.636353 routined(libcoreroutine.dylib)[38] <Debug>: pipeline, com.apple.routined.visit.pipeline.realtime-high-confidence, iteration, 3500, is terminated by <private>
Aug 28 13:43:29.096971 mediaserverd(CoreMotion)[36] <Debug>: Ping timer fired, resetting watchdog
Aug 28 13:43:29.129910 nearbyd(CoreMotion)[157] <Debug>: Ping timer fired, resetting watchdog
Aug 28 13:43:29.190941 locationd[69] <Debug>: Ping timer fired, resetting watchdog
Aug 28 13:43:31.079316 SpringBoard(CoreMotion)[47602] <Debug>: Ping timer fired, resetting watchdog
Aug 28 13:43:31.524716 backboardd(CoreMotion)[65] <Debug>: Ping timer fired, resetting watchdog
Aug 28 13:43:31.923097 biometrickitd(CoreMotion)[109] <Debug>: Ping timer fired, resetting watchdog
Aug 28 13:43:34.081259 CommCenter(libSystemDetermination.dylib)[90] <Notice>: #I <private> = 0
Aug 28 13:43:34.098330 mediaserverd(CoreMotion)[36] <Debug>: Ping timer fired, resetting watchdog
Aug 28 13:43:34.130393 nearbyd(CoreMotion)[157] <Debug>: Ping timer fired, resetting watchdog
Aug 28 13:43:34.191473 locationd[69] <Debug>: Ping timer fired, resetting watchdog
Aug 28 13:43:35.330412 runningboardd(RunningBoard)[33] <Info>: _requestedJetsamPriority = 6, _executablePath = /System/Library/PrivateFrameworks/MobileBackup.framework/backupd
Aug 28 13:43:35.333930 runningboardd(RunningBoard)[33] <Info>: _requestedJetsamPriority = 6, _executablePath = /System/Library/PrivateFrameworks/MobileBackup.framework/backupd
Aug 28 13:43:35.336584 runningboardd(RunningBoard)[33] <Debug>: Sending state update for daemon<com.apple.backupd>: <RBSProcessState| task:running debug:none terminationResistance:None>
Aug 28 13:43:36.079242 SpringBoard(CoreMotion)[47602] <Debug>: Ping timer fired, resetting watchdog
Aug 28 13:43:36.525484 backboardd(CoreMotion)[65] <Debug>: Ping timer fired, resetting watchdog
Aug 28 13:43:36.589484 watchdogd[57] <Debug>: 1308664298294958: <private>
Aug 28 13:43:36.589958 watchdogd[57] <Info>: 1308664298865125: <private>
Aug 28 13:43:36.590335 watchdogd[57] <Debug>: 1308664299018500: <private>
Aug 28 13:43:36.590687 watchdogd[57] <Debug>: 1308664299259500: <private>
Aug 28 13:43:36.591220 watchdogd[57] <Info>: 1308664299269708: <private>
Aug 28 13:43:36.591904 watchdogd[57] <Debug>: 1308664299691375: <private>
Aug 28 13:43:36.593893 watchdogd[57] <Debug>: 1308664300376250: <private>
Aug 28 13:43:36.594600 watchdogd[57] <Debug>: 1308664300651708: <private>
Aug 28 13:43:36.595015 watchdogd[57] <Debug>: 1308664301100375: <private>
Aug 28 13:43:36.595313 watchdogd[57] <Debug>: 1308664301353416: <private>
Aug 28 13:43:36.595776 watchdogd[57] <Info>: 1308664301416625: <private>
Aug 28 13:43:36.596036 watchdogd[57] <Info>: 1308664301431000: <private>
Aug 28 13:43:36.596664 watchdogd[57] <Info>: 1308664301436791: <private>
Aug 28 13:43:36.596799 watchdogd[57] <Info>: 1308664301441750: <private>
Aug 28 13:43:36.597239 watchdogd[57] <Info>: 1308664301446208: <private>
Aug 28 13:43:36.597585 watchdogd[57] <Info>: 1308664301450375: <private>
Aug 28 13:43:36.597927 watchdogd[57] <Info>: 1308664301454625: <private>
Aug 28 13:43:36.598256 watchdogd[57] <Info>: 1308664301459000: <private>
Aug 28 13:43:36.921635 biometrickitd(CoreMotion)[109] <Debug>: Ping timer fired, resetting watchdog
Aug 28 13:43:38.308516 photoanalysisd(PhotoAnalysis)[53305] <Info>: Bootstrapping photo library at <private>
Aug 28 13:43:38.591348 runningboardd(RunningBoard)[33] <Notice>: [daemon<com.apple.Safari.SafeBrowsing.Service>:38121] Ignoring jetsam update because this process is not memory-managed
Aug 28 13:43:38.592015 runningboardd(RunningBoard)[33] <Debug>: SUPPRESSING state update for daemon<com.apple.Safari.SafeBrowsing.Service>: <RBSProcessState| task:running debug:none terminationResistance:None rbAssertions:[
Aug 28 13:43:38.592932 runningboardd(RunningBoard)[33] <Debug>: Sending state update for daemon<com.apple.Safari.SafeBrowsing.Service>: <RBSProcessState| task:running debug:none terminationResistance:None rbAssertions:[
Aug 28 13:43:39.097727 mediaserverd(CoreMotion)[36] <Debug>: Ping timer fired, resetting watchdog
Aug 28 13:43:39.130490 nearbyd(CoreMotion)[157] <Debug>: Ping timer fired, resetting watchdog
Aug 28 13:43:39.191093 locationd[69] <Debug>: Ping timer fired, resetting watchdog
Aug 28 13:43:39.762159 runningboardd(RunningBoard)[33] <Debug>: Sending state update for daemon<com.apple.Safari.SafeBrowsing.Service>: <RBSProcessState| task:running debug:none terminationResistance:None>
Aug 28 13:43:39.762935 runningboardd(RunningBoard)[33] <Notice>: [daemon<com.apple.Safari.SafeBrowsing.Service>:38121] Ignoring jetsam update because this process is not memory-managed
Aug 28 13:43:39.829379 runningboardd(RunningBoard)[33] <Notice>: [daemon<com.apple.itunescloudd>:179] Ignoring jetsam update because this process is not memory-managed
Aug 28 13:43:39.830431 runningboardd(RunningBoard)[33] <Debug>: SUPPRESSING state update for daemon<com.apple.itunescloudd>: <RBSProcessState| task:running debug:none terminationResistance:None rbAssertions:[
Aug 28 13:43:39.833848 runningboardd(RunningBoard)[33] <Debug>: Sending state update for daemon<com.apple.itunescloudd>: <RBSProcessState| task:running debug:none terminationResistance:None rbAssertions:[
Aug 28 13:43:41.079099 SpringBoard(CoreMotion)[47602] <Debug>: Ping timer fired, resetting watchdog
Aug 28 13:43:41.081180 runningboardd(RunningBoard)[33] <Notice>: [daemon<com.apple.itunescloudd>:179] Ignoring jetsam update because this process is not memory-managed
Aug 28 13:43:41.082071 runningboardd(RunningBoard)[33] <Debug>: Sending state update for daemon<com.apple.itunescloudd>: <RBSProcessState| task:running debug:none terminationResistance:None>
Aug 28 13:43:41.524988 backboardd(CoreMotion)[65] <Debug>: Ping timer fired, resetting watchdog
Aug 28 13:43:41.921907 biometrickitd(CoreMotion)[109] <Debug>: Ping timer fired, resetting watchdog
Aug 28 13:43:44.098887 mediaserverd(CoreMotion)[36] <Debug>: Ping timer fired, resetting watchdog
Aug 28 13:43:44.127573 nearbyd(CoreMotion)[157] <Debug>: Ping timer fired, resetting watchdog
Aug 28 13:43:44.192045 locationd[69] <Debug>: Ping timer fired, resetting watchdog
Aug 28 13:43:46.079666 SpringBoard(CoreMotion)[47602] <Debug>: Ping timer fired, resetting watchdog
Aug 28 13:43:46.525549 backboardd(CoreMotion)[65] <Debug>: Ping timer fired, resetting watchdog
Aug 28 13:43:46.589974 watchdogd[57] <Debug>: 1308674299021125: <private>
Aug 28 13:43:46.592878 watchdogd[57] <Info>: 1308674299595625: <private>
Aug 28 13:43:46.593802 watchdogd[57] <Debug>: 1308674299748666: <private>
Aug 28 13:43:46.595132 watchdogd[57] <Info>: 1308674299760000: <private>
Aug 28 13:43:46.595910 watchdogd[57] <Debug>: 1308674300015041: <private>
Aug 28 13:43:46.596307 watchdogd[57] <Debug>: 1308674300535833: <private>
Aug 28 13:43:46.596800 watchdogd[57] <Debug>: 1308674300953791: <private>
Aug 28 13:43:46.597057 watchdogd[57] <Debug>: 1308674301647125: <private>
Aug 28 13:43:46.597179 watchdogd[57] <Debug>: 1308674301749166: <private>
Aug 28 13:43:46.597798 watchdogd[57] <Debug>: 1308674302408916: <private>
Aug 28 13:43:46.597935 watchdogd[57] <Info>: 1308674302470750: <private>
Aug 28 13:43:46.598217 watchdogd[57] <Info>: 1308674302486291: <private>
Aug 28 13:43:46.598468 watchdogd[57] <Info>: 1308674302492416: <private>
Aug 28 13:43:46.598965 watchdogd[57] <Info>: 1308674302497416: <private>
Aug 28 13:43:46.599285 watchdogd[57] <Info>: 1308674302501916: <private>
Aug 28 13:43:46.599540 watchdogd[57] <Info>: 1308674302505958: <private>
Aug 28 13:43:46.599705 watchdogd[57] <Info>: 1308674302510291: <private>
Aug 28 13:43:46.599988 watchdogd[57] <Info>: 1308674302514166: <private>
Aug 28 13:43:46.600175 watchdogd[57] <Info>: 1308674303195125: <private>
Aug 28 13:43:46.921965 biometrickitd(CoreMotion)[109] <Debug>: Ping timer fired, resetting watchdog
Aug 28 13:43:49.098915 mediaserverd(CoreMotion)[36] <Debug>: Ping timer fired, resetting watchdog
Aug 28 13:43:49.127716 nearbyd(CoreMotion)[157] <Debug>: Ping timer fired, resetting watchdog
Aug 28 13:43:49.192300 locationd[69] <Debug>: Ping timer fired, resetting watchdog
Aug 28 13:43:51.080241 SpringBoard(CoreMotion)[47602] <Debug>: Ping timer fired, resetting watchdog
Aug 28 13:43:51.525720 backboardd(CoreMotion)[65] <Debug>: Ping timer fired, resetting watchdog
Aug 28 13:43:51.922028 biometrickitd(CoreMotion)[109] <Debug>: Ping timer fired, resetting watchdog
Aug 28 13:43:54.108213 mediaserverd(CoreMotion)[36] <Debug>: Ping timer fired, resetting watchdog
Aug 28 13:43:54.130903 nearbyd(CoreMotion)[157] <Debug>: Ping timer fired, resetting watchdog
Aug 28 13:43:54.192248 locationd[69] <Debug>: Ping timer fired, resetting watchdog
Aug 28 13:43:56.080211 SpringBoard(CoreMotion)[47602] <Debug>: Ping timer fired, resetting watchdog
Aug 28 13:43:56.525197 backboardd(CoreMotion)[65] <Debug>: Ping timer fired, resetting watchdog
Aug 28 13:43:56.590606 watchdogd[57] <Debug>: 1308684299792458: <private>
Aug 28 13:43:56.591144 watchdogd[57] <Info>: 1308684300370375: <private>
Aug 28 13:43:56.592190 watchdogd[57] <Debug>: 1308684300524041: <private>
Aug 28 13:43:56.592659 watchdogd[57] <Info>: 1308684300535833: <private>
Aug 28 13:43:56.593077 watchdogd[57] <Debug>: 1308684300762375: <private>
Aug 28 13:43:56.593899 watchdogd[57] <Debug>: 1308684301234291: <private>
Aug 28 13:43:56.594495 watchdogd[57] <Debug>: 1308684301653250: <private>
Aug 28 13:43:56.595879 watchdogd[57] <Debug>: 1308684302235958: <private>
Aug 28 13:43:56.596331 watchdogd[57] <Debug>: 1308684302691208: <private>
Aug 28 13:43:56.597279 watchdogd[57] <Debug>: 1308684303107708: <private>
Aug 28 13:43:56.597650 watchdogd[57] <Info>: 1308684303168125: <private>
Aug 28 13:43:56.598071 watchdogd[57] <Info>: 1308684303183916: <private>
Aug 28 13:43:56.598593 watchdogd[57] <Info>: 1308684303189666: <private>
Aug 28 13:43:56.598840 watchdogd[57] <Info>: 1308684303194625: <private>
Aug 28 13:43:56.599246 watchdogd[57] <Info>: 1308684303198875: <private>
Aug 28 13:43:56.599448 watchdogd[57] <Info>: 1308684303202916: <private>
Aug 28 13:43:56.599759 watchdogd[57] <Info>: 1308684303207083: <private>
Aug 28 13:43:56.600017 watchdogd[57] <Info>: 1308684303211083: <private>
Aug 28 13:43:56.922020 biometrickitd(CoreMotion)[109] <Debug>: Ping timer fired, resetting watchdog
Aug 28 13:43:59.099298 mediaserverd(CoreMotion)[36] <Debug>: Ping timer fired, resetting watchdog
Aug 28 13:43:59.137970 nearbyd(CoreMotion)[157] <Debug>: Ping timer fired, resetting watchdog
Aug 28 13:43:59.192218 locationd[69] <Debug>: Ping timer fired, resetting watchdog
Aug 28 13:44:01.080453 SpringBoard(CoreMotion)[47602] <Debug>: Ping timer fired, resetting watchdog
Aug 28 13:44:01.527409 backboardd(CoreMotion)[65] <Debug>: Ping timer fired, resetting watchdog
Aug 28 13:44:01.921765 biometrickitd(CoreMotion)[109] <Debug>: Ping timer fired, resetting watchdog
Aug 28 13:44:03.578024 useractivityd[184] <Debug>: SCHEDULE:idleDetermination scheduleNext, interval=0
Aug 28 13:44:03.578171 useractivityd[184] <Debug>: SCHEDULE:idleDetermination, next=NOW ( was forever ) freq=0
Aug 28 13:44:03.578311 useractivityd[184] <Debug>: SCHEDULE:idleDetermination, run.
Aug 28 13:44:03.578674 useractivityd[184] <Debug>: Determining idleDetermination, entering.
Aug 28 13:44:03.584026 useractivityd[184] <Debug>: SCHEDULE:idleDetermination, DONE run, next=forever
Aug 28 13:44:03.588065 useractivityd[184] <Debug>: SCHEDULE:idleDetermination scheduleNext, interval=0
Aug 28 13:44:03.588332 useractivityd[184] <Debug>: SCHEDULE:idleDetermination, next=NOW ( was forever ) freq=0
Aug 28 13:44:03.588656 useractivityd[184] <Debug>: SCHEDULE:idleDetermination, run.
Aug 28 13:44:03.588856 useractivityd[184] <Debug>: Determining idleDetermination, entering.
Aug 28 13:44:03.593392 useractivityd[184] <Debug>: SCHEDULE:idleDetermination, DONE run, next=forever
Aug 28 13:44:04.098911 mediaserverd(CoreMotion)[36] <Debug>: Ping timer fired, resetting watchdog
Aug 28 13:44:04.131080 nearbyd(CoreMotion)[157] <Debug>: Ping timer fired, resetting watchdog
Aug 28 13:44:04.192151 locationd[69] <Debug>: Ping timer fired, resetting watchdog
Aug 28 13:44:05.360435 runningboardd(RunningBoard)[33] <Notice>: [daemon<com.apple.backupd>:57664] termination reported by launchd (0, 0, 0)
Aug 28 13:44:05.365517 runningboardd(RunningBoard)[33] <Notice>: Removing assertions for terminated process: [daemon<com.apple.backupd>:57664]
Aug 28 13:44:05.369489 runningboardd(RunningBoard)[33] <Debug>: Sending state update for daemon<com.apple.backupd>: <RBSProcessState| task:none debug:none terminationResistance:None>
Aug 28 13:44:06.079697 SpringBoard(CoreMotion)[47602] <Debug>: Ping timer fired, resetting watchdog
Aug 28 13:44:06.525956 backboardd(CoreMotion)[65] <Debug>: Ping timer fired, resetting watchdog
Aug 28 13:44:06.591234 watchdogd[57] <Debug>: 1308694300521041: <private>
Aug 28 13:44:06.592141 watchdogd[57] <Info>: 1308694301135416: <private>
Aug 28 13:44:06.592849 watchdogd[57] <Debug>: 1308694301532125: <private>
Aug 28 13:44:06.593822 watchdogd[57] <Debug>: 1308694301665583: <private>
Aug 28 13:44:06.605891 watchdogd[57] <Info>: 1308694301676000: <private>
Aug 28 13:44:06.606170 watchdogd[57] <Debug>: 1308694302114500: <private>
Aug 28 13:44:06.606872 watchdogd[57] <Debug>: 1308694302464250: <private>
Aug 28 13:44:06.607529 watchdogd[57] <Debug>: 1308694303372791: <private>
Aug 28 13:44:06.607806 watchdogd[57] <Debug>: 1308694303534458: <private>
Aug 28 13:44:06.608160 watchdogd[57] <Debug>: 1308694304222541: <private>
Aug 28 13:44:06.608457 watchdogd[57] <Info>: 1308694304284500: <private>
Aug 28 13:44:06.617880 watchdogd[57] <Info>: 1308694304299541: <private>
Aug 28 13:44:06.618239 watchdogd[57] <Info>: 1308694304305958: <private>
Aug 28 13:44:06.618767 watchdogd[57] <Info>: 1308694304311041: <private>
Aug 28 13:44:06.618961 watchdogd[57] <Info>: 1308694304316083: <private>
Aug 28 13:44:06.619393 watchdogd[57] <Info>: 1308694304320291: <private>
Aug 28 13:44:06.619652 watchdogd[57] <Info>: 1308694304324541: <private>
Aug 28 13:44:06.621304 watchdogd[57] <Info>: 1308694304328458: <private>
Aug 28 13:44:06.922354 biometrickitd(CoreMotion)[109] <Debug>: Ping timer fired, resetting watchdog
Aug 28 13:44:09.099490 mediaserverd(CoreMotion)[36] <Debug>: Ping timer fired, resetting watchdog
Aug 28 13:44:09.136946 nearbyd(CoreMotion)[157] <Debug>: Ping timer fired, resetting watchdog
Aug 28 13:44:09.192089 locationd[69] <Debug>: Ping timer fired, resetting watchdog
Aug 28 13:44:11.079211 SpringBoard(CoreMotion)[47602] <Debug>: Ping timer fired, resetting watchdog
Aug 28 13:44:11.524866 backboardd(CoreMotion)[65] <Debug>: Ping timer fired, resetting watchdog
Aug 28 13:44:11.922808 biometrickitd(CoreMotion)[109] <Debug>: Ping timer fired, resetting watchdog
Aug 28 13:44:14.098837 mediaserverd(CoreMotion)[36] <Debug>: Ping timer fired, resetting watchdog
Aug 28 13:44:14.128985 nearbyd(CoreMotion)[157] <Debug>: Ping timer fired, resetting watchdog
Aug 28 13:44:14.192005 locationd[69] <Debug>: Ping timer fired, resetting watchdog
Aug 28 13:44:16.080020 SpringBoard(CoreMotion)[47602] <Debug>: Ping timer fired, resetting watchdog
Aug 28 13:44:16.525459 backboardd(CoreMotion)[65] <Debug>: Ping timer fired, resetting watchdog
Aug 28 13:44:16.593065 watchdogd[57] <Debug>: 1308704301307875: <private>
Aug 28 13:44:16.594091 watchdogd[57] <Info>: 1308704301892958: <private>
Aug 28 13:44:16.595435 watchdogd[57] <Debug>: 1308704302045833: <private>
Aug 28 13:44:16.596273 watchdogd[57] <Info>: 1308704302057666: <private>
Aug 28 13:44:16.597243 watchdogd[57] <Debug>: 1308704302289666: <private>
Aug 28 13:44:16.597711 watchdogd[57] <Debug>: 1308704302825208: <private>
Aug 28 13:44:16.598329 watchdogd[57] <Debug>: 1308704303471791: <private>
Aug 28 13:44:16.598469 watchdogd[57] <Debug>: 1308704303798750: <private>
Aug 28 13:44:16.598737 watchdogd[57] <Debug>: 1308704304044291: <private>
Aug 28 13:44:16.598894 watchdogd[57] <Debug>: 1308704304626416: <private>
Aug 28 13:44:16.599006 watchdogd[57] <Info>: 1308704304686750: <private>
Aug 28 13:44:16.599297 watchdogd[57] <Info>: 1308704304701333: <private>
Aug 28 13:44:16.599562 watchdogd[57] <Info>: 1308704304707500: <private>
Aug 28 13:44:16.599736 watchdogd[57] <Info>: 1308704304712458: <private>
Aug 28 13:44:16.599986 watchdogd[57] <Info>: 1308704304716958: <private>
Aug 28 13:44:16.600209 watchdogd[57] <Info>: 1308704304721208: <private>
Aug 28 13:44:16.600365 watchdogd[57] <Info>: 1308704304725541: <private>
Aug 28 13:44:16.600564 watchdogd[57] <Info>: 1308704304729625: <private>
Aug 28 13:44:16.600883 watchdogd[57] <Info>: 1308704305385583: <private>
Aug 28 13:44:16.921864 biometrickitd(CoreMotion)[109] <Debug>: Ping timer fired, resetting watchdog
Aug 28 13:44:19.098530 mediaserverd(CoreMotion)[36] <Debug>: Ping timer fired, resetting watchdog
Aug 28 13:44:19.127797 nearbyd(CoreMotion)[157] <Debug>: Ping timer fired, resetting watchdog
Aug 28 13:44:19.191007 locationd[69] <Debug>: Ping timer fired, resetting watchdog
Aug 28 13:44:21.079404 SpringBoard(CoreMotion)[47602] <Debug>: Ping timer fired, resetting watchdog
Aug 28 13:44:21.524857 backboardd(CoreMotion)[65] <Debug>: Ping timer fired, resetting watchdog
Aug 28 13:44:21.921984 biometrickitd(CoreMotion)[109] <Debug>: Ping timer fired, resetting watchdog
Aug 28 13:44:24.098054 mediaserverd(CoreMotion)[36] <Debug>: Ping timer fired, resetting watchdog
Aug 28 13:44:24.142850 nearbyd(CoreMotion)[157] <Debug>: Ping timer fired, resetting watchdog
Aug 28 13:44:24.201803 locationd[69] <Debug>: Ping timer fired, resetting watchdog
Aug 28 13:44:26.079757 SpringBoard(CoreMotion)[47602] <Debug>: Ping timer fired, resetting watchdog
Aug 28 13:44:26.525223 backboardd(CoreMotion)[65] <Debug>: Ping timer fired, resetting watchdog
Aug 28 13:44:26.592044 watchdogd[57] <Debug>: 1308714302076208: <private>
Aug 28 13:44:26.592557 watchdogd[57] <Info>: 1308714302646541: <private>
Aug 28 13:44:26.593482 watchdogd[57] <Debug>: 1308714302797583: <private>
Aug 28 13:44:26.593870 watchdogd[57] <Info>: 1308714302809416: <private>
Aug 28 13:44:26.595213 watchdogd[57] <Debug>: 1308714302933000: <private>
Aug 28 13:44:26.604063 watchdogd[57] <Debug>: 1308714303413291: <private>
Aug 28 13:44:26.604384 watchdogd[57] <Debug>: 1308714304116250: <private>
Aug 28 13:44:26.604625 watchdogd[57] <Debug>: 1308714304582375: <private>
Aug 28 13:44:26.604877 watchdogd[57] <Debug>: 1308714304619958: <private>
Aug 28 13:44:26.605092 watchdogd[57] <Debug>: 1308714305090791: <private>
Aug 28 13:44:26.605341 watchdogd[57] <Info>: 1308714305151708: <private>
Aug 28 13:44:26.618205 watchdogd[57] <Info>: 1308714305166041: <private>
Aug 28 13:44:26.618417 watchdogd[57] <Info>: 1308714305172208: <private>
Aug 28 13:44:26.618667 watchdogd[57] <Info>: 1308714305177166: <private>
Aug 28 13:44:26.618990 watchdogd[57] <Info>: 1308714305181666: <private>
Aug 28 13:44:26.619223 watchdogd[57] <Info>: 1308714305185875: <private>
Aug 28 13:44:26.619390 watchdogd[57] <Info>: 1308714305190666: <private>
Aug 28 13:44:26.619653 watchdogd[57] <Info>: 1308714305194541: <private>
Aug 28 13:44:26.921883 biometrickitd(CoreMotion)[109] <Debug>: Ping timer fired, resetting watchdog
Aug 28 13:44:29.098392 mediaserverd(CoreMotion)[36] <Debug>: Ping timer fired, resetting watchdog
Aug 28 13:44:29.130617 nearbyd(CoreMotion)[157] <Debug>: Ping timer fired, resetting watchdog
Aug 28 13:44:29.191367 locationd[69] <Debug>: Ping timer fired, resetting watchdog
Aug 28 13:44:31.079823 SpringBoard(CoreMotion)[47602] <Debug>: Ping timer fired, resetting watchdog
Aug 28 13:44:31.525105 backboardd(CoreMotion)[65] <Debug>: Ping timer fired, resetting watchdog
Aug 28 13:44:31.921904 biometrickitd(CoreMotion)[109] <Debug>: Ping timer fired, resetting watchdog
Aug 28 13:44:34.098345 mediaserverd(CoreMotion)[36] <Debug>: Ping timer fired, resetting watchdog
Aug 28 13:44:34.126833 nearbyd(CoreMotion)[157] <Debug>: Ping timer fired, resetting watchdog
Aug 28 13:44:34.191786 locationd[69] <Debug>: Ping timer fired, resetting watchdog
Aug 28 13:44:36.079578 SpringBoard(CoreMotion)[47602] <Debug>: Ping timer fired, resetting watchdog
Aug 28 13:44:36.525213 backboardd(CoreMotion)[65] <Debug>: Ping timer fired, resetting watchdog
Aug 28 13:44:36.592819 watchdogd[57] <Debug>: 1308724302802958: <private>
Aug 28 13:44:36.593613 watchdogd[57] <Info>: 1308724303387666: <private>
Aug 28 13:44:36.594953 watchdogd[57] <Debug>: 1308724303539083: <private>
Aug 28 13:44:36.595659 watchdogd[57] <Info>: 1308724303551125: <private>
Aug 28 13:44:36.596321 watchdogd[57] <Debug>: 1308724303675083: <private>
Aug 28 13:44:36.596620 watchdogd[57] <Debug>: 1308724304175750: <private>
Aug 28 13:44:36.596918 watchdogd[57] <Debug>: 1308724304668833: <private>
Aug 28 13:44:36.597254 watchdogd[57] <Debug>: 1308724305439666: <private>
Aug 28 13:44:36.597733 watchdogd[57] <Debug>: 1308724305679041: <private>
Aug 28 13:44:36.597986 watchdogd[57] <Debug>: 1308724306228833: <private>
Aug 28 13:44:36.598274 watchdogd[57] <Info>: 1308724306288375: <private>
Aug 28 13:44:36.598493 watchdogd[57] <Info>: 1308724306303500: <private>
Aug 28 13:44:36.599074 watchdogd[57] <Info>: 1308724306309500: <private>
Aug 28 13:44:36.599340 watchdogd[57] <Info>: 1308724306314333: <private>
Aug 28 13:44:36.599498 watchdogd[57] <Info>: 1308724306318833: <private>
Aug 28 13:44:36.599700 watchdogd[57] <Info>: 1308724306323083: <private>
Aug 28 13:44:36.599960 watchdogd[57] <Info>: 1308724306327708: <private>
Aug 28 13:44:36.600116 watchdogd[57] <Info>: 1308724306331791: <private>
Aug 28 13:44:36.920813 biometrickitd(CoreMotion)[109] <Debug>: Ping timer fired, resetting watchdog
Aug 28 13:44:39.098217 mediaserverd(CoreMotion)[36] <Debug>: Ping timer fired, resetting watchdog
Aug 28 13:44:39.130271 nearbyd(CoreMotion)[157] <Debug>: Ping timer fired, resetting watchdog
Aug 28 13:44:39.191432 locationd[69] <Debug>: Ping timer fired, resetting watchdog
Aug 28 13:44:41.079076 SpringBoard(CoreMotion)[47602] <Debug>: Ping timer fired, resetting watchdog
Aug 28 13:44:41.278998 runningboardd(RunningBoard)[33] <Info>: _requestedJetsamPriority = 6, _executablePath = /System/Library/PrivateFrameworks/MobileBackup.framework/backupd
Aug 28 13:44:41.284320 runningboardd(RunningBoard)[33] <Info>: _requestedJetsamPriority = 6, _executablePath = /System/Library/PrivateFrameworks/MobileBackup.framework/backupd
Aug 28 13:44:41.287832 runningboardd(RunningBoard)[33] <Debug>: Sending state update for daemon<com.apple.backupd>: <RBSProcessState| task:running debug:none terminationResistance:None>
Aug 28 13:44:41.524852 backboardd(CoreMotion)[65] <Debug>: Ping timer fired, resetting watchdog
Aug 28 13:44:41.921130 biometrickitd(CoreMotion)[109] <Debug>: Ping timer fired, resetting watchdog
Aug 28 13:44:44.098200 mediaserverd(CoreMotion)[36] <Debug>: Ping timer fired, resetting watchdog
Aug 28 13:44:44.138637 nearbyd(CoreMotion)[157] <Debug>: Ping timer fired, resetting watchdog
Aug 28 13:44:44.191257 locationd[69] <Debug>: Ping timer fired, resetting watchdog
Aug 28 13:44:46.079373 SpringBoard(CoreMotion)[47602] <Debug>: Ping timer fired, resetting watchdog
Aug 28 13:44:46.524693 backboardd(CoreMotion)[65] <Debug>: Ping timer fired, resetting watchdog
Aug 28 13:44:46.593991 watchdogd[57] <Debug>: 1308734303558125: <private>
Aug 28 13:44:46.595405 watchdogd[57] <Info>: 1308734304156000: <private>
Aug 28 13:44:46.595791 watchdogd[57] <Debug>: 1308734304764166: <private>
Aug 28 13:44:46.596055 watchdogd[57] <Debug>: 1308734305037375: <private>
Aug 28 13:44:46.596491 watchdogd[57] <Info>: 1308734305048083: <private>
Aug 28 13:44:46.597878 watchdogd[57] <Debug>: 1308734305378875: <private>
Aug 28 13:44:46.598259 watchdogd[57] <Debug>: 1308734306104166: <private>
Aug 28 13:44:46.598510 watchdogd[57] <Debug>: 1308734306371541: <private>
Aug 28 13:44:46.598928 watchdogd[57] <Debug>: 1308734306883583: <private>
Aug 28 13:44:46.599531 watchdogd[57] <Debug>: 1308734307010708: <private>
Aug 28 13:44:46.601046 watchdogd[57] <Info>: 1308734307070083: <private>
Aug 28 13:44:46.601652 watchdogd[57] <Info>: 1308734307085125: <private>
Aug 28 13:44:46.602028 watchdogd[57] <Info>: 1308734307091291: <private>
Aug 28 13:44:46.602277 watchdogd[57] <Info>: 1308734307096083: <private>
Aug 28 13:44:46.602719 watchdogd[57] <Info>: 1308734307100541: <private>
Aug 28 13:44:46.603317 watchdogd[57] <Info>: 1308734307104708: <private>
Aug 28 13:44:46.603687 watchdogd[57] <Info>: 1308734307109000: <private>
Aug 28 13:44:46.603938 watchdogd[57] <Info>: 1308734307112958: <private>
Aug 28 13:44:46.604649 watchdogd[57] <Info>: 1308734307762791: <private>
Aug 28 13:44:46.920887 biometrickitd(CoreMotion)[109] <Debug>: Ping timer fired, resetting watchdog
Aug 28 13:44:49.098032 mediaserverd(CoreMotion)[36] <Debug>: Ping timer fired, resetting watchdog
Aug 28 13:44:49.130077 nearbyd(CoreMotion)[157] <Debug>: Ping timer fired, resetting watchdog
Aug 28 13:44:49.191574 locationd[69] <Debug>: Ping timer fired, resetting watchdog
Aug 28 13:44:51.079069 SpringBoard(CoreMotion)[47602] <Debug>: Ping timer fired, resetting watchdog
Aug 28 13:44:51.524505 backboardd(CoreMotion)[65] <Debug>: Ping timer fired, resetting watchdog
Aug 28 13:44:51.920943 biometrickitd(CoreMotion)[109] <Debug>: Ping timer fired, resetting watchdog
Aug 28 13:44:54.098084 mediaserverd(CoreMotion)[36] <Debug>: Ping timer fired, resetting watchdog
Aug 28 13:44:54.126923 nearbyd(CoreMotion)[157] <Debug>: Ping timer fired, resetting watchdog
Aug 28 13:44:54.191062 locationd[69] <Debug>: Ping timer fired, resetting watchdog
Aug 28 13:44:56.078960 SpringBoard(CoreMotion)[47602] <Debug>: Ping timer fired, resetting watchdog
Aug 28 13:44:56.524421 backboardd(CoreMotion)[65] <Debug>: Ping timer fired, resetting watchdog
Aug 28 13:44:56.593472 watchdogd[57] <Debug>: 1308744304325250: <private>
Aug 28 13:44:56.593875 watchdogd[57] <Info>: 1308744304911458: <private>
Aug 28 13:44:56.594757 watchdogd[57] <Debug>: 1308744305067000: <private>
Aug 28 13:44:56.595401 watchdogd[57] <Info>: 1308744305078583: <private>
Aug 28 13:44:56.596630 watchdogd[57] <Debug>: 1308744305202333: <private>
Aug 28 13:44:56.598952 watchdogd[57] <Debug>: 1308744305708625: <private>
Aug 28 13:44:56.599340 watchdogd[57] <Debug>: 1308744306376583: <private>
Aug 28 13:44:56.599596 watchdogd[57] <Debug>: 1308744306772375: <private>
Aug 28 13:44:56.600046 watchdogd[57] <Debug>: 1308744306964625: <private>
Aug 28 13:44:56.600491 watchdogd[57] <Debug>: 1308744307324958: <private>
Aug 28 13:44:56.601054 watchdogd[57] <Info>: 1308744307388916: <private>
Aug 28 13:44:56.601500 watchdogd[57] <Info>: 1308744307404375: <private>
Aug 28 13:44:56.602706 watchdogd[57] <Info>: 1308744307410666: <private>
Aug 28 13:44:56.603077 watchdogd[57] <Info>: 1308744307415708: <private>
Aug 28 13:44:56.603328 watchdogd[57] <Info>: 1308744307420500: <private>
Aug 28 13:44:56.603748 watchdogd[57] <Info>: 1308744307424750: <private>
Aug 28 13:44:56.604246 watchdogd[57] <Info>: 1308744307428833: <private>
Aug 28 13:44:56.604517 watchdogd[57] <Info>: 1308744307432791: <private>
Aug 28 13:44:56.920703 biometrickitd(CoreMotion)[109] <Debug>: Ping timer fired, resetting watchdog
Aug 28 13:44:59.097945 mediaserverd(CoreMotion)[36] <Debug>: Ping timer fired, resetting watchdog
Aug 28 13:44:59.126563 nearbyd(CoreMotion)[157] <Debug>: Ping timer fired, resetting watchdog
Aug 28 13:44:59.190880 locationd[69] <Debug>: Ping timer fired, resetting watchdog
Aug 28 13:45:01.079028 SpringBoard(CoreMotion)[47602] <Debug>: Ping timer fired, resetting watchdog
Aug 28 13:45:01.524195 backboardd(CoreMotion)[65] <Debug>: Ping timer fired, resetting watchdog
Aug 28 13:45:01.921269 biometrickitd(CoreMotion)[109] <Debug>: Ping timer fired, resetting watchdog
Aug 28 13:45:04.096229 mediaserverd(CoreMotion)[36] <Debug>: Ping timer fired, resetting watchdog
Aug 28 13:45:04.129643 nearbyd(CoreMotion)[157] <Debug>: Ping timer fired, resetting watchdog
Aug 28 13:45:04.190733 locationd[69] <Debug>: Ping timer fired, resetting watchdog
Aug 28 13:45:06.078780 SpringBoard(CoreMotion)[47602] <Debug>: Ping timer fired, resetting watchdog
Aug 28 13:45:06.524179 backboardd(CoreMotion)[65] <Debug>: Ping timer fired, resetting watchdog
Aug 28 13:45:06.598383 watchdogd[57] <Debug>: 1308754305093041: <private>
Aug 28 13:45:06.599234 watchdogd[57] <Info>: 1308754305635291: <private>
Aug 28 13:45:06.600068 watchdogd[57] <Debug>: 1308754306155666: <private>
Aug 28 13:45:06.600863 watchdogd[57] <Debug>: 1308754306687000: <private>
Aug 28 13:45:06.601756 watchdogd[57] <Info>: 1308754306697875: <private>
Aug 28 13:45:06.603344 watchdogd[57] <Debug>: 1308754308138583: <private>
Aug 28 13:45:06.603771 watchdogd[57] <Debug>: 1308754308653750: <private>
Aug 28 13:45:06.604083 watchdogd[57] <Debug>: 1308754309403958: <private>
Aug 28 13:45:06.604594 watchdogd[57] <Debug>: 1308754310093583: <private>
Aug 28 13:45:06.605066 watchdogd[57] <Debug>: 1308754310524000: <private>
Aug 28 13:45:06.605765 watchdogd[57] <Info>: 1308754310587916: <private>
Aug 28 13:45:06.605909 watchdogd[57] <Info>: 1308754310602958: <private>
Aug 28 13:45:06.606209 watchdogd[57] <Info>: 1308754310609166: <private>
Aug 28 13:45:06.606367 watchdogd[57] <Info>: 1308754310614291: <private>
Aug 28 13:45:06.606645 watchdogd[57] <Info>: 1308754310618791: <private>
Aug 28 13:45:06.606791 watchdogd[57] <Info>: 1308754310622916: <private>
Aug 28 13:45:06.607118 watchdogd[57] <Info>: 1308754310627166: <private>
Aug 28 13:45:06.607584 watchdogd[57] <Info>: 1308754310631250: <private>
Aug 28 13:45:06.920494 biometrickitd(CoreMotion)[109] <Debug>: Ping timer fired, resetting watchdog
Aug 28 13:45:09.097384 mediaserverd(CoreMotion)[36] <Debug>: Ping timer fired, resetting watchdog
Aug 28 13:45:09.129498 nearbyd(CoreMotion)[157] <Debug>: Ping timer fired, resetting watchdog
Aug 28 13:45:09.190572 locationd[69] <Debug>: Ping timer fired, resetting watchdog
Aug 28 13:45:11.077572 SpringBoard(CoreMotion)[47602] <Debug>: Ping timer fired, resetting watchdog
Aug 28 13:45:11.286446 runningboardd(RunningBoard)[33] <Notice>: [daemon<com.apple.backupd>:57674] termination reported by launchd (0, 0, 0)
Aug 28 13:45:11.288423 runningboardd(RunningBoard)[33] <Notice>: Removing assertions for terminated process: [daemon<com.apple.backupd>:57674]
Aug 28 13:45:11.290525 runningboardd(RunningBoard)[33] <Debug>: Sending state update for daemon<com.apple.backupd>: <RBSProcessState| task:none debug:none terminationResistance:None>
Aug 28 13:45:11.523339 backboardd(CoreMotion)[65] <Debug>: Ping timer fired, resetting watchdog
Aug 28 13:45:11.920552 biometrickitd(CoreMotion)[109] <Debug>: Ping timer fired, resetting watchdog
Aug 28 13:45:14.105463 mediaserverd(CoreMotion)[36] <Debug>: Ping timer fired, resetting watchdog
Aug 28 13:45:14.136137 nearbyd(CoreMotion)[157] <Debug>: Ping timer fired, resetting watchdog
Aug 28 13:45:14.190358 locationd[69] <Debug>: Ping timer fired, resetting watchdog
Aug 28 13:45:16.078367 SpringBoard(CoreMotion)[47602] <Debug>: Ping timer fired, resetting watchdog
Aug 28 13:45:16.523885 backboardd(CoreMotion)[65] <Debug>: Ping timer fired, resetting watchdog
Aug 28 13:45:16.592741 watchdogd[57] <Debug>: 1308764305736333: <private>
Aug 28 13:45:16.593298 watchdogd[57] <Info>: 1308764306068125: <private>
Aug 28 13:45:16.593775 watchdogd[57] <Debug>: 1308764306152833: <private>
Aug 28 13:45:16.594134 watchdogd[57] <Info>: 1308764306160083: <private>
Aug 28 13:45:16.594585 watchdogd[57] <Debug>: 1308764306227583: <private>
Aug 28 13:45:16.595158 watchdogd[57] <Debug>: 1308764306533083: <private>
Aug 28 13:45:16.595486 watchdogd[57] <Debug>: 1308764306783916: <private>
Aug 28 13:45:16.596004 watchdogd[57] <Debug>: 1308764307091750: <private>
Aug 28 13:45:16.596316 watchdogd[57] <Debug>: 1308764307354708: <private>
Aug 28 13:45:16.596668 watchdogd[57] <Debug>: 1308764307423625: <private>
Aug 28 13:45:16.597165 watchdogd[57] <Info>: 1308764307453416: <private>
Aug 28 13:45:16.597302 watchdogd[57] <Info>: 1308764307462833: <private>
Aug 28 13:45:16.597568 watchdogd[57] <Info>: 1308764307466041: <private>
Aug 28 13:45:16.597726 watchdogd[57] <Info>: 1308764307468708: <private>
Aug 28 13:45:16.597837 watchdogd[57] <Info>: 1308764307471208: <private>
Aug 28 13:45:16.598134 watchdogd[57] <Info>: 1308764307473416: <private>
Aug 28 13:45:16.598399 watchdogd[57] <Info>: 1308764307475708: <private>
Aug 28 13:45:16.598570 watchdogd[57] <Info>: 1308764307477916: <private>
Aug 28 13:45:16.920413 biometrickitd(CoreMotion)[109] <Debug>: Ping timer fired, resetting watchdog
Aug 28 13:45:19.097095 mediaserverd(CoreMotion)[36] <Debug>: Ping timer fired, resetting watchdog
Aug 28 13:45:19.128960 nearbyd(CoreMotion)[157] <Debug>: Ping timer fired, resetting watchdog
Aug 28 13:45:19.190802 locationd[69] <Debug>: Ping timer fired, resetting watchdog
Aug 28 13:45:21.078256 SpringBoard(CoreMotion)[47602] <Debug>: Ping timer fired, resetting watchdog
Aug 28 13:45:21.523193 backboardd(CoreMotion)[65] <Debug>: Ping timer fired, resetting watchdog
Aug 28 13:45:21.920065 biometrickitd(CoreMotion)[109] <Debug>: Ping timer fired, resetting watchdog
Aug 28 13:45:24.096951 mediaserverd(CoreMotion)[36] <Debug>: Ping timer fired, resetting watchdog
Aug 28 13:45:24.126028 nearbyd(CoreMotion)[157] <Debug>: Ping timer fired, resetting watchdog
Aug 28 13:45:24.190215 locationd[69] <Debug>: Ping timer fired, resetting watchdog
Aug 28 13:45:26.097862 SpringBoard(CoreMotion)[47602] <Debug>: Ping timer fired, resetting watchdog
Aug 28 13:45:26.522997 backboardd(CoreMotion)[65] <Debug>: Ping timer fired, resetting watchdog
Aug 28 13:45:26.596137 watchdogd[57] <Debug>: 1308774306226250: <private>
Aug 28 13:45:26.597213 watchdogd[57] <Info>: 1308774306785291: <private>
Aug 28 13:45:26.597954 watchdogd[57] <Debug>: 1308774306937250: <private>
Aug 28 13:45:26.598408 watchdogd[57] <Info>: 1308774306949000: <private>
Aug 28 13:45:26.599335 watchdogd[57] <Debug>: 1308774307073166: <private>
Aug 28 13:45:26.600674 watchdogd[57] <Debug>: 1308774307555500: <private>
Aug 28 13:45:26.601485 watchdogd[57] <Debug>: 1308774308227291: <private>
Aug 28 13:45:26.602571 watchdogd[57] <Debug>: 1308774308623750: <private>
Aug 28 13:45:26.602840 watchdogd[57] <Debug>: 1308774309158791: <private>
Aug 28 13:45:26.603315 watchdogd[57] <Debug>: 1308774309330541: <private>
Aug 28 13:45:26.603756 watchdogd[57] <Info>: 1308774309391250: <private>
Aug 28 13:45:26.604288 watchdogd[57] <Info>: 1308774309406416: <private>
Aug 28 13:45:26.604732 watchdogd[57] <Info>: 1308774309412583: <private>
Aug 28 13:45:26.605179 watchdogd[57] <Info>: 1308774309417666: <private>
Aug 28 13:45:26.605347 watchdogd[57] <Info>: 1308774309422125: <private>
Aug 28 13:45:26.605567 watchdogd[57] <Info>: 1308774309426291: <private>
Aug 28 13:45:26.605856 watchdogd[57] <Info>: 1308774309430625: <private>
Aug 28 13:45:26.605993 watchdogd[57] <Info>: 1308774309434583: <private>
Aug 28 13:45:26.606231 watchdogd[57] <Info>: 1308774310161041: <private>
Aug 28 13:45:26.919911 biometrickitd(CoreMotion)[109] <Debug>: Ping timer fired, resetting watchdog
Aug 28 13:45:29.098291 mediaserverd(CoreMotion)[36] <Debug>: Ping timer fired, resetting watchdog
Aug 28 13:45:29.126112 nearbyd(CoreMotion)[157] <Debug>: Ping timer fired, resetting watchdog
Aug 28 13:45:29.190208 locationd[69] <Debug>: Ping timer fired, resetting watchdog
Aug 28 13:45:31.078588 SpringBoard(CoreMotion)[47602] <Debug>: Ping timer fired, resetting watchdog
Aug 28 13:45:31.523143 backboardd(CoreMotion)[65] <Debug>: Ping timer fired, resetting watchdog
Aug 28 13:45:31.920788 biometrickitd(CoreMotion)[109] <Debug>: Ping timer fired, resetting watchdog
Aug 28 13:45:34.097234 mediaserverd(CoreMotion)[36] <Debug>: Ping timer fired, resetting watchdog
Aug 28 13:45:34.124640 nearbyd(CoreMotion)[157] <Debug>: Ping timer fired, resetting watchdog
Aug 28 13:45:34.189816 locationd[69] <Debug>: Ping timer fired, resetting watchdog
Aug 28 13:45:36.078382 SpringBoard(CoreMotion)[47602] <Debug>: Ping timer fired, resetting watchdog
Aug 28 13:45:36.528132 backboardd(CoreMotion)[65] <Debug>: Ping timer fired, resetting watchdog
Aug 28 13:45:36.597608 watchdogd[57] <Debug>: 1308784306877750: <private>
Aug 28 13:45:36.597834 watchdogd[57] <Info>: 1308784307069333: <private>
Aug 28 13:45:36.597956 watchdogd[57] <Debug>: 1308784307189125: <private>
Aug 28 13:45:36.598136 watchdogd[57] <Debug>: 1308784307226291: <private>
Aug 28 13:45:36.598309 watchdogd[57] <Info>: 1308784307229375: <private>
Aug 28 13:45:36.598432 watchdogd[57] <Debug>: 1308784307370250: <private>
Aug 28 13:45:36.598552 watchdogd[57] <Debug>: 1308784307581750: <private>
Aug 28 13:45:36.599241 watchdogd[57] <Debug>: 1308784307693500: <private>
Aug 28 13:45:36.599394 watchdogd[57] <Debug>: 1308784307759416: <private>
Aug 28 13:45:36.599550 watchdogd[57] <Debug>: 1308784307858541: <private>
Aug 28 13:45:36.599718 watchdogd[57] <Info>: 1308784307877250: <private>
Aug 28 13:45:36.599856 watchdogd[57] <Info>: 1308784307882333: <private>
Aug 28 13:45:36.600052 watchdogd[57] <Info>: 1308784307884416: <private>
Aug 28 13:45:36.600218 watchdogd[57] <Info>: 1308784307886041: <private>
Aug 28 13:45:36.600315 watchdogd[57] <Info>: 1308784307887500: <private>
Aug 28 13:45:36.600518 watchdogd[57] <Info>: 1308784307888750: <private>
Aug 28 13:45:36.600779 watchdogd[57] <Info>: 1308784307890000: <private>
Aug 28 13:45:36.600946 watchdogd[57] <Info>: 1308784307891208: <private>
Aug 28 13:45:36.919890 biometrickitd(CoreMotion)[109] <Debug>: Ping timer fired, resetting watchdog
Aug 28 13:45:39.097081 mediaserverd(CoreMotion)[36] <Debug>: Ping timer fired, resetting watchdog
Aug 28 13:45:39.142590 nearbyd(CoreMotion)[157] <Debug>: Ping timer fired, resetting watchdog
Aug 28 13:45:39.190355 locationd[69] <Debug>: Ping timer fired, resetting watchdog
Aug 28 13:45:41.077528 SpringBoard(CoreMotion)[47602] <Debug>: Ping timer fired, resetting watchdog
Aug 28 13:45:41.524516 backboardd(CoreMotion)[65] <Debug>: Ping timer fired, resetting watchdog
Aug 28 13:45:41.920617 biometrickitd(CoreMotion)[109] <Debug>: Ping timer fired, resetting watchdog
Aug 28 13:45:42.887711 locationd[69] <Debug>: Fence: cancelLocationWatchdog, num fences, 1, location type, <private>
Aug 28 13:45:42.887815 locationd[69] <Debug>: Fence: cancelLocationWatchdog
Aug 28 13:45:44.097101 mediaserverd(CoreMotion)[36] <Debug>: Ping timer fired, resetting watchdog
Aug 28 13:45:44.127293 nearbyd(CoreMotion)[157] <Debug>: Ping timer fired, resetting watchdog
Aug 28 13:45:44.189401 locationd[69] <Debug>: Ping timer fired, resetting watchdog
Aug 28 13:45:46.078522 SpringBoard(CoreMotion)[47602] <Debug>: Ping timer fired, resetting watchdog
Aug 28 13:45:46.524152 backboardd(CoreMotion)[65] <Debug>: Ping timer fired, resetting watchdog
Aug 28 13:45:46.595835 watchdogd[57] <Debug>: 1308794307213916: <private>
Aug 28 13:45:46.596619 watchdogd[57] <Info>: 1308794307791875: <private>
Aug 28 13:45:46.597965 watchdogd[57] <Debug>: 1308794307944291: <private>
Aug 28 13:45:46.598677 watchdogd[57] <Info>: 1308794307955750: <private>
Aug 28 13:45:46.599059 watchdogd[57] <Debug>: 1308794308078416: <private>
Aug 28 13:45:46.599345 watchdogd[57] <Debug>: 1308794308567750: <private>
Aug 28 13:45:46.599781 watchdogd[57] <Debug>: 1308794309266708: <private>
Aug 28 13:45:46.600180 watchdogd[57] <Debug>: 1308794309650750: <private>
Aug 28 13:45:46.601940 watchdogd[57] <Debug>: 1308794309835208: <private>
Aug 28 13:45:46.602412 watchdogd[57] <Debug>: 1308794310269916: <private>
Aug 28 13:45:46.602843 watchdogd[57] <Info>: 1308794310334750: <private>
Aug 28 13:45:46.603095 watchdogd[57] <Info>: 1308794310349875: <private>
Aug 28 13:45:46.603528 watchdogd[57] <Info>: 1308794310356041: <private>
Aug 28 13:45:46.604131 watchdogd[57] <Info>: 1308794310361333: <private>
Aug 28 13:45:46.604503 watchdogd[57] <Info>: 1308794310365750: <private>
Aug 28 13:45:46.604788 watchdogd[57] <Info>: 1308794310369875: <private>
Aug 28 13:45:46.605420 watchdogd[57] <Info>: 1308794310374125: <private>
Aug 28 13:45:46.605552 watchdogd[57] <Info>: 1308794310378000: <private>
Aug 28 13:45:46.920153 biometrickitd(CoreMotion)[109] <Debug>: Ping timer fired, resetting watchdog
Aug 28 13:45:47.297257 runningboardd(RunningBoard)[33] <Info>: _requestedJetsamPriority = 6, _executablePath = /System/Library/PrivateFrameworks/MobileBackup.framework/backupd
Aug 28 13:45:47.300558 runningboardd(RunningBoard)[33] <Info>: _requestedJetsamPriority = 6, _executablePath = /System/Library/PrivateFrameworks/MobileBackup.framework/backupd
Aug 28 13:45:47.302823 runningboardd(RunningBoard)[33] <Debug>: Sending state update for daemon<com.apple.backupd>: <RBSProcessState| task:running debug:none terminationResistance:None>
Aug 28 13:45:49.096664 mediaserverd(CoreMotion)[36] <Debug>: Ping timer fired, resetting watchdog
Aug 28 13:45:49.125422 nearbyd(CoreMotion)[157] <Debug>: Ping timer fired, resetting watchdog
Aug 28 13:45:49.192172 locationd[69] <Debug>: Ping timer fired, resetting watchdog
Aug 28 13:45:51.078400 SpringBoard(CoreMotion)[47602] <Debug>: Ping timer fired, resetting watchdog
Aug 28 13:45:51.523811 backboardd(CoreMotion)[65] <Debug>: Ping timer fired, resetting watchdog
Aug 28 13:45:51.920484 biometrickitd(CoreMotion)[109] <Debug>: Ping timer fired, resetting watchdog
Aug 28 13:45:54.097128 mediaserverd(CoreMotion)[36] <Debug>: Ping timer fired, resetting watchdog
Aug 28 13:45:54.142223 nearbyd(CoreMotion)[157] <Debug>: Ping timer fired, resetting watchdog
Aug 28 13:45:54.190354 locationd[69] <Debug>: Ping timer fired, resetting watchdog
Aug 28 13:45:56.077773 SpringBoard(CoreMotion)[47602] <Debug>: Ping timer fired, resetting watchdog
Aug 28 13:45:56.523668 backboardd(CoreMotion)[65] <Debug>: Ping timer fired, resetting watchdog
Aug 28 13:45:56.595793 watchdogd[57] <Debug>: 1308804307897875: <private>
Aug 28 13:45:56.596560 watchdogd[57] <Info>: 1308804308234166: <private>
Aug 28 13:45:56.597068 watchdogd[57] <Debug>: 1308804308345000: <private>
Aug 28 13:45:56.597672 watchdogd[57] <Info>: 1308804308354000: <private>
Aug 28 13:45:56.598149 watchdogd[57] <Debug>: 1308804308480750: <private>
Aug 28 13:45:56.598694 watchdogd[57] <Debug>: 1308804308911250: <private>
Aug 28 13:45:56.599149 watchdogd[57] <Debug>: 1308804309162500: <private>
Aug 28 13:45:56.599289 watchdogd[57] <Debug>: 1308804309375708: <private>
Aug 28 13:45:56.599589 watchdogd[57] <Debug>: 1308804309673291: <private>
Aug 28 13:45:56.599835 watchdogd[57] <Debug>: 1308804310170291: <private>
Aug 28 13:45:56.599990 watchdogd[57] <Info>: 1308804310204791: <private>
Aug 28 13:45:56.600240 watchdogd[57] <Info>: 1308804310214958: <private>
Aug 28 13:45:56.600525 watchdogd[57] <Info>: 1308804310218416: <private>
Aug 28 13:45:56.600696 watchdogd[57] <Info>: 1308804310221250: <private>
Aug 28 13:45:56.600905 watchdogd[57] <Info>: 1308804310223750: <private>
Aug 28 13:45:56.601213 watchdogd[57] <Info>: 1308804310225958: <private>
Aug 28 13:45:56.601396 watchdogd[57] <Info>: 1308804310228291: <private>
Aug 28 13:45:56.601661 watchdogd[57] <Info>: 1308804310230375: <private>
Aug 28 13:45:56.601796 watchdogd[57] <Info>: 1308804310667833: <private>
Aug 28 13:45:56.920080 biometrickitd(CoreMotion)[109] <Debug>: Ping timer fired, resetting watchdog
Aug 28 13:45:59.097398 mediaserverd(CoreMotion)[36] <Debug>: Ping timer fired, resetting watchdog
Aug 28 13:45:59.126123 nearbyd(CoreMotion)[157] <Debug>: Ping timer fired, resetting watchdog
Aug 28 13:45:59.190389 locationd[69] <Debug>: Ping timer fired, resetting watchdog
Aug 28 13:45:59.533878 routined(libcoreroutine.dylib)[38] <Debug>: pipeline, com.apple.routined.visit.pipeline.realtime-low-confidence, iteration, 3501, is terminated by <private>
Aug 28 13:45:59.549879 routined(libcoreroutine.dylib)[38] <Debug>: pipeline, com.apple.routined.visit.pipeline.realtime-high-confidence, iteration, 3501, is terminated by <private>
Aug 28 13:46:01.078624 SpringBoard(CoreMotion)[47602] <Debug>: Ping timer fired, resetting watchdog
Aug 28 13:46:01.523659 backboardd(CoreMotion)[65] <Debug>: Ping timer fired, resetting watchdog
Aug 28 13:46:01.920034 biometrickitd(CoreMotion)[109] <Debug>: Ping timer fired, resetting watchdog
Aug 28 13:46:04.096931 mediaserverd(CoreMotion)[36] <Debug>: Ping timer fired, resetting watchdog
Aug 28 13:46:04.124397 nearbyd(CoreMotion)[157] <Debug>: Ping timer fired, resetting watchdog
Aug 28 13:46:04.190140 locationd[69] <Debug>: Ping timer fired, resetting watchdog
Aug 28 13:46:06.078084 SpringBoard(CoreMotion)[47602] <Debug>: Ping timer fired, resetting watchdog
Aug 28 13:46:06.523268 backboardd(CoreMotion)[65] <Debug>: Ping timer fired, resetting watchdog
Aug 28 13:46:06.601769 watchdogd[57] <Debug>: 1308814308379666: <private>
Aug 28 13:46:06.602113 watchdogd[57] <Info>: 1308814308967541: <private>
Aug 28 13:46:06.602368 watchdogd[57] <Debug>: 1308814309117708: <private>
Aug 28 13:46:06.602604 watchdogd[57] <Info>: 1308814309129500: <private>
Aug 28 13:46:06.602774 watchdogd[57] <Debug>: 1308814309251916: <private>
Aug 28 13:46:06.603057 watchdogd[57] <Debug>: 1308814309714833: <private>
Aug 28 13:46:06.606079 watchdogd[57] <Debug>: 1308814310426708: <private>
Aug 28 13:46:06.606523 watchdogd[57] <Debug>: 1308814310762500: <private>
Aug 28 13:46:06.606740 watchdogd[57] <Debug>: 1308814311162083: <private>
Aug 28 13:46:06.607200 watchdogd[57] <Debug>: 1308814311256208: <private>
Aug 28 13:46:06.607418 watchdogd[57] <Info>: 1308814311291000: <private>
Aug 28 13:46:06.607649 watchdogd[57] <Info>: 1308814311300333: <private>
Aug 28 13:46:06.607848 watchdogd[57] <Info>: 1308814311303333: <private>
Aug 28 13:46:06.608082 watchdogd[57] <Info>: 1308814311306083: <private>
Aug 28 13:46:06.608347 watchdogd[57] <Info>: 1308814311308625: <private>
Aug 28 13:46:06.608581 watchdogd[57] <Info>: 1308814311311000: <private>
Aug 28 13:46:06.608795 watchdogd[57] <Info>: 1308814311313416: <private>
Aug 28 13:46:06.609014 watchdogd[57] <Info>: 1308814311315625: <private>
Aug 28 13:46:06.920006 biometrickitd(CoreMotion)[109] <Debug>: Ping timer fired, resetting watchdog
Aug 28 13:46:09.096484 mediaserverd(CoreMotion)[36] <Debug>: Ping timer fired, resetting watchdog
Aug 28 13:46:09.129684 nearbyd(CoreMotion)[157] <Debug>: Ping timer fired, resetting watchdog
Aug 28 13:46:09.189286 locationd[69] <Debug>: Ping timer fired, resetting watchdog
Aug 28 13:46:11.077095 SpringBoard(CoreMotion)[47602] <Debug>: Ping timer fired, resetting watchdog
Aug 28 13:46:11.522924 backboardd(CoreMotion)[65] <Debug>: Ping timer fired, resetting watchdog
Aug 28 13:46:11.920139 biometrickitd(CoreMotion)[109] <Debug>: Ping timer fired, resetting watchdog
Aug 28 13:46:14.096760 mediaserverd(CoreMotion)[36] <Debug>: Ping timer fired, resetting watchdog
Aug 28 13:46:14.128852 nearbyd(CoreMotion)[157] <Debug>: Ping timer fired, resetting watchdog
Aug 28 13:46:14.201712 locationd[69] <Debug>: Ping timer fired, resetting watchdog
Aug 28 13:46:16.077851 SpringBoard(CoreMotion)[47602] <Debug>: Ping timer fired, resetting watchdog
Aug 28 13:46:16.523203 backboardd(CoreMotion)[65] <Debug>: Ping timer fired, resetting watchdog
Aug 28 13:46:16.597696 watchdogd[57] <Debug>: 1308824309123416: <private>
Aug 28 13:46:16.598230 watchdogd[57] <Info>: 1308824309701125: <private>
Aug 28 13:46:16.599383 watchdogd[57] <Debug>: 1308824309876541: <private>
Aug 28 13:46:16.599764 watchdogd[57] <Info>: 1308824309888625: <private>
Aug 28 13:46:16.600944 watchdogd[57] <Debug>: 1308824310132750: <private>
Aug 28 13:46:16.601322 watchdogd[57] <Debug>: 1308824310649666: <private>
Aug 28 13:46:16.601594 watchdogd[57] <Debug>: 1308824311056583: <private>
Aug 28 13:46:16.602966 watchdogd[57] <Debug>: 1308824311633000: <private>
Aug 28 13:46:16.603666 watchdogd[57] <Debug>: 1308824312083916: <private>
Aug 28 13:46:16.604125 watchdogd[57] <Debug>: 1308824312528333: <private>
Aug 28 13:46:16.605182 watchdogd[57] <Info>: 1308824312590250: <private>
Aug 28 13:46:16.605643 watchdogd[57] <Info>: 1308824312604833: <private>
Aug 28 13:46:16.605927 watchdogd[57] <Info>: 1308824312610791: <private>
Aug 28 13:46:16.606263 watchdogd[57] <Info>: 1308824312615833: <private>
Aug 28 13:46:16.606834 watchdogd[57] <Info>: 1308824312620250: <private>
Aug 28 13:46:16.607079 watchdogd[57] <Info>: 1308824312624375: <private>
Aug 28 13:46:16.607510 watchdogd[57] <Info>: 1308824312628541: <private>
Aug 28 13:46:16.608316 watchdogd[57] <Info>: 1308824312632541: <private>
Aug 28 13:46:16.919365 biometrickitd(CoreMotion)[109] <Debug>: Ping timer fired, resetting watchdog
Aug 28 13:46:17.337103 runningboardd(RunningBoard)[33] <Notice>: [daemon<com.apple.backupd>:57682] termination reported by launchd (0, 0, 0)
Aug 28 13:46:17.340633 runningboardd(RunningBoard)[33] <Notice>: Removing assertions for terminated process: [daemon<com.apple.backupd>:57682]
Aug 28 13:46:17.342717 runningboardd(RunningBoard)[33] <Debug>: Sending state update for daemon<com.apple.backupd>: <RBSProcessState| task:none debug:none terminationResistance:None>
Aug 28 13:46:19.096541 mediaserverd(CoreMotion)[36] <Debug>: Ping timer fired, resetting watchdog
Aug 28 13:46:19.128864 nearbyd(CoreMotion)[157] <Debug>: Ping timer fired, resetting watchdog
Aug 28 13:46:19.190448 locationd[69] <Debug>: Ping timer fired, resetting watchdog
Aug 28 13:46:21.077702 SpringBoard(CoreMotion)[47602] <Debug>: Ping timer fired, resetting watchdog
Aug 28 13:46:21.523234 backboardd(CoreMotion)[65] <Debug>: Ping timer fired, resetting watchdog
Aug 28 13:46:21.918914 biometrickitd(CoreMotion)[109] <Debug>: Ping timer fired, resetting watchdog
Aug 28 13:46:24.096324 mediaserverd(CoreMotion)[36] <Debug>: Ping timer fired, resetting watchdog
Aug 28 13:46:24.125101 nearbyd(CoreMotion)[157] <Debug>: Ping timer fired, resetting watchdog
Aug 28 13:46:24.189682 locationd[69] <Debug>: Ping timer fired, resetting watchdog
Aug 28 13:46:26.077564 SpringBoard(CoreMotion)[47602] <Debug>: Ping timer fired, resetting watchdog
Aug 28 13:46:26.522929 backboardd(CoreMotion)[65] <Debug>: Ping timer fired, resetting watchdog
Aug 28 13:46:26.599083 watchdogd[57] <Debug>: 1308834309872000: <private>
Aug 28 13:46:26.599889 watchdogd[57] <Info>: 1308834310461333: <private>
Aug 28 13:46:26.601101 watchdogd[57] <Debug>: 1308834311197916: <private>
Aug 28 13:46:26.601930 watchdogd[57] <Debug>: 1308834311246208: <private>
Aug 28 13:46:26.603147 watchdogd[57] <Info>: 1308834311255458: <private>
Aug 28 13:46:26.603971 watchdogd[57] <Debug>: 1308834311672125: <private>
Aug 28 13:46:26.604754 watchdogd[57] <Debug>: 1308834312313291: <private>
Aug 28 13:46:26.605080 watchdogd[57] <Debug>: 1308834312711958: <private>
Aug 28 13:46:26.605417 watchdogd[57] <Debug>: 1308834312851791: <private>
Aug 28 13:46:26.605549 watchdogd[57] <Debug>: 1308834313416083: <private>
Aug 28 13:46:26.605838 watchdogd[57] <Info>: 1308834313475458: <private>
Aug 28 13:46:26.606012 watchdogd[57] <Info>: 1308834313490833: <private>
Aug 28 13:46:26.606280 watchdogd[57] <Info>: 1308834313497291: <private>
Aug 28 13:46:26.606532 watchdogd[57] <Info>: 1308834313502541: <private>
Aug 28 13:46:26.606691 watchdogd[57] <Info>: 1308834313507666: <private>
Aug 28 13:46:26.606957 watchdogd[57] <Info>: 1308834313511833: <private>
Aug 28 13:46:26.607211 watchdogd[57] <Info>: 1308834313516291: <private>
Aug 28 13:46:26.607364 watchdogd[57] <Info>: 1308834313520208: <private>
Aug 28 13:46:26.607575 watchdogd[57] <Info>: 1308834314178375: <private>
Aug 28 13:46:26.919647 biometrickitd(CoreMotion)[109] <Debug>: Ping timer fired, resetting watchdog
Aug 28 13:46:29.095543 mediaserverd(CoreMotion)[36] <Debug>: Ping timer fired, resetting watchdog
Aug 28 13:46:29.128402 nearbyd(CoreMotion)[157] <Debug>: Ping timer fired, resetting watchdog
Aug 28 13:46:29.189457 locationd[69] <Debug>: Ping timer fired, resetting watchdog
Aug 28 13:46:31.077701 SpringBoard(CoreMotion)[47602] <Debug>: Ping timer fired, resetting watchdog
Aug 28 13:46:31.522807 backboardd(CoreMotion)[65] <Debug>: Ping timer fired, resetting watchdog
Aug 28 13:46:31.919430 biometrickitd(CoreMotion)[109] <Debug>: Ping timer fired, resetting watchdog
Aug 28 13:46:34.095477 mediaserverd(CoreMotion)[36] <Debug>: Ping timer fired, resetting watchdog
Aug 28 13:46:34.124596 nearbyd(CoreMotion)[157] <Debug>: Ping timer fired, resetting watchdog
Aug 28 13:46:34.189314 locationd[69] <Debug>: Ping timer fired, resetting watchdog
Aug 28 13:46:36.077379 SpringBoard(CoreMotion)[47602] <Debug>: Ping timer fired, resetting watchdog
Aug 28 13:46:36.522888 backboardd(CoreMotion)[65] <Debug>: Ping timer fired, resetting watchdog
Aug 28 13:46:36.598105 watchdogd[57] <Debug>: 1308844310629541: <private>
Aug 28 13:46:36.598639 watchdogd[57] <Info>: 1308844311202500: <private>
Aug 28 13:46:36.601139 watchdogd[57] <Debug>: 1308844311355625: <private>
Aug 28 13:46:36.602225 watchdogd[57] <Info>: 1308844311367333: <private>
Aug 28 13:46:36.602895 watchdogd[57] <Debug>: 1308844311490375: <private>
Aug 28 13:46:36.614559 watchdogd[57] <Debug>: 1308844312019708: <private>
Aug 28 13:46:36.614806 watchdogd[57] <Debug>: 1308844312689916: <private>
Aug 28 13:46:36.614999 watchdogd[57] <Debug>: 1308844313144916: <private>
Aug 28 13:46:36.628640 watchdogd[57] <Debug>: 1308844313185083: <private>
Aug 28 13:46:36.629142 watchdogd[57] <Debug>: 1308844313711000: <private>
Aug 28 13:46:36.630232 watchdogd[57] <Info>: 1308844313770833: <private>
Aug 28 13:46:36.630516 watchdogd[57] <Info>: 1308844313785458: <private>
Aug 28 13:46:36.632020 watchdogd[57] <Info>: 1308844313791541: <private>
Aug 28 13:46:36.632458 watchdogd[57] <Info>: 1308844313796375: <private>
Aug 28 13:46:36.633502 watchdogd[57] <Info>: 1308844313800833: <private>
Aug 28 13:46:36.633834 watchdogd[57] <Info>: 1308844313805041: <private>
Aug 28 13:46:36.634553 watchdogd[57] <Info>: 1308844313809458: <private>
Aug 28 13:46:36.635351 watchdogd[57] <Info>: 1308844313813500: <private>
Aug 28 13:46:36.919398 biometrickitd(CoreMotion)[109] <Debug>: Ping timer fired, resetting watchdog
Aug 28 13:46:39.096040 mediaserverd(CoreMotion)[36] <Debug>: Ping timer fired, resetting watchdog
Aug 28 13:46:39.124554 nearbyd(CoreMotion)[157] <Debug>: Ping timer fired, resetting watchdog
Aug 28 13:46:39.189171 locationd[69] <Debug>: Ping timer fired, resetting watchdog
Aug 28 13:46:41.076494 SpringBoard(CoreMotion)[47602] <Debug>: Ping timer fired, resetting watchdog
Aug 28 13:46:41.522548 backboardd(CoreMotion)[65] <Debug>: Ping timer fired, resetting watchdog
Aug 28 13:46:41.918950 biometrickitd(CoreMotion)[109] <Debug>: Ping timer fired, resetting watchdog
Aug 28 13:46:44.096204 mediaserverd(CoreMotion)[36] <Debug>: Ping timer fired, resetting watchdog
Aug 28 13:46:44.124969 nearbyd(CoreMotion)[157] <Debug>: Ping timer fired, resetting watchdog
Aug 28 13:46:44.189002 locationd[69] <Debug>: Ping timer fired, resetting watchdog
Aug 28 13:46:46.076994 SpringBoard(CoreMotion)[47602] <Debug>: Ping timer fired, resetting watchdog
Aug 28 13:46:46.522387 backboardd(CoreMotion)[65] <Debug>: Ping timer fired, resetting watchdog
Aug 28 13:46:46.598737 watchdogd[57] <Debug>: 1308854311370666: <private>
Aug 28 13:46:46.599248 watchdogd[57] <Info>: 1308854311942708: <private>
Aug 28 13:46:46.600149 watchdogd[57] <Debug>: 1308854312093916: <private>
Aug 28 13:46:46.600866 watchdogd[57] <Info>: 1308854312106708: <private>
Aug 28 13:46:46.602051 watchdogd[57] <Debug>: 1308854312231750: <private>
Aug 28 13:46:46.602773 watchdogd[57] <Debug>: 1308854312741416: <private>
Aug 28 13:46:46.603474 watchdogd[57] <Debug>: 1308854313409250: <private>
Aug 28 13:46:46.603720 watchdogd[57] <Debug>: 1308854313816000: <private>
Aug 28 13:46:46.603947 watchdogd[57] <Debug>: 1308854314207166: <private>
Aug 28 13:46:46.604840 watchdogd[57] <Debug>: 1308854314535166: <private>
Aug 28 13:46:46.605131 watchdogd[57] <Info>: 1308854314593208: <private>
Aug 28 13:46:46.605288 watchdogd[57] <Info>: 1308854314607958: <private>
Aug 28 13:46:46.605498 watchdogd[57] <Info>: 1308854314614125: <private>
Aug 28 13:46:46.605707 watchdogd[57] <Info>: 1308854314618958: <private>
Aug 28 13:46:46.605817 watchdogd[57] <Info>: 1308854314623416: <private>
Aug 28 13:46:46.606100 watchdogd[57] <Info>: 1308854314627458: <private>
Aug 28 13:46:46.606353 watchdogd[57] <Info>: 1308854314631583: <private>
Aug 28 13:46:46.606529 watchdogd[57] <Info>: 1308854314635625: <private>
Aug 28 13:46:46.918726 biometrickitd(CoreMotion)[109] <Debug>: Ping timer fired, resetting watchdog
Aug 28 13:46:49.095662 mediaserverd(CoreMotion)[36] <Debug>: Ping timer fired, resetting watchdog
Aug 28 13:46:49.124937 nearbyd(CoreMotion)[157] <Debug>: Ping timer fired, resetting watchdog
Aug 28 13:46:49.189002 locationd[69] <Debug>: Ping timer fired, resetting watchdog
Aug 28 13:46:51.076928 SpringBoard(CoreMotion)[47602] <Debug>: Ping timer fired, resetting watchdog
Aug 28 13:46:51.522305 backboardd(CoreMotion)[65] <Debug>: Ping timer fired, resetting watchdog
Aug 28 13:46:51.918637 biometrickitd(CoreMotion)[109] <Debug>: Ping timer fired, resetting watchdog
Aug 28 13:46:53.314259 runningboardd(RunningBoard)[33] <Info>: _requestedJetsamPriority = 6, _executablePath = /System/Library/PrivateFrameworks/MobileBackup.framework/backupd
Aug 28 13:46:53.317601 runningboardd(RunningBoard)[33] <Info>: _requestedJetsamPriority = 6, _executablePath = /System/Library/PrivateFrameworks/MobileBackup.framework/backupd
Aug 28 13:46:53.319931 runningboardd(RunningBoard)[33] <Debug>: Sending state update for daemon<com.apple.backupd>: <RBSProcessState| task:running debug:none terminationResistance:None>
Aug 28 13:46:54.095456 mediaserverd(CoreMotion)[36] <Debug>: Ping timer fired, resetting watchdog
Aug 28 13:46:54.127512 nearbyd(CoreMotion)[157] <Debug>: Ping timer fired, resetting watchdog
Aug 28 13:46:54.188725 locationd[69] <Debug>: Ping timer fired, resetting watchdog
Aug 28 13:46:56.076724 SpringBoard(CoreMotion)[47602] <Debug>: Ping timer fired, resetting watchdog
Aug 28 13:46:56.522083 backboardd(CoreMotion)[65] <Debug>: Ping timer fired, resetting watchdog
Aug 28 13:46:56.599365 watchdogd[57] <Debug>: 1308864312144916: <private>
Aug 28 13:46:56.599898 watchdogd[57] <Info>: 1308864312753500: <private>
Aug 28 13:46:56.601317 watchdogd[57] <Debug>: 1308864312900791: <private>
Aug 28 13:46:56.601791 watchdogd[57] <Debug>: 1308864313309166: <private>
Aug 28 13:46:56.602241 watchdogd[57] <Info>: 1308864313319958: <private>
Aug 28 13:46:56.602491 watchdogd[57] <Debug>: 1308864313933000: <private>
Aug 28 13:46:56.602922 watchdogd[57] <Debug>: 1308864314229625: <private>
Aug 28 13:46:56.603787 watchdogd[57] <Debug>: 1308864314507833: <private>
Aug 28 13:46:56.604032 watchdogd[57] <Debug>: 1308864314973208: <private>
Aug 28 13:46:56.604593 watchdogd[57] <Debug>: 1308864315075958: <private>
Aug 28 13:46:56.604977 watchdogd[57] <Info>: 1308864315134708: <private>
Aug 28 13:46:56.605182 watchdogd[57] <Info>: 1308864315150166: <private>
Aug 28 13:46:56.605759 watchdogd[57] <Info>: 1308864315156125: <private>
Aug 28 13:46:56.606146 watchdogd[57] <Info>: 1308864315160958: <private>
Aug 28 13:46:56.606503 watchdogd[57] <Info>: 1308864315165458: <private>
Aug 28 13:46:56.606640 watchdogd[57] <Info>: 1308864315169833: <private>
Aug 28 13:46:56.606935 watchdogd[57] <Info>: 1308864315173958: <private>
Aug 28 13:46:56.607108 watchdogd[57] <Info>: 1308864315177875: <private>
Aug 28 13:46:56.607394 watchdogd[57] <Info>: 1308864315827208: <private>
Aug 28 13:46:56.918747 biometrickitd(CoreMotion)[109] <Debug>: Ping timer fired, resetting watchdog
Aug 28 13:46:59.094673 mediaserverd(CoreMotion)[36] <Debug>: Ping timer fired, resetting watchdog
Aug 28 13:46:59.142118 nearbyd(CoreMotion)[157] <Debug>: Ping timer fired, resetting watchdog
Aug 28 13:46:59.188576 locationd[69] <Debug>: Ping timer fired, resetting watchdog
Aug 28 13:47:01.076788 SpringBoard(CoreMotion)[47602] <Debug>: Ping timer fired, resetting watchdog
Aug 28 13:47:01.522033 backboardd(CoreMotion)[65] <Debug>: Ping timer fired, resetting watchdog
Aug 28 13:47:01.919681 biometrickitd(CoreMotion)[109] <Debug>: Ping timer fired, resetting watchdog
Aug 28 13:47:04.101113 mediaserverd(CoreMotion)[36] <Debug>: Ping timer fired, resetting watchdog
Aug 28 13:47:04.123664 nearbyd(CoreMotion)[157] <Debug>: Ping timer fired, resetting watchdog
Aug 28 13:47:04.188513 locationd[69] <Debug>: Ping timer fired, resetting watchdog
Aug 28 13:47:06.076487 SpringBoard(CoreMotion)[47602] <Debug>: Ping timer fired, resetting watchdog
Aug 28 13:47:06.522106 backboardd(CoreMotion)[65] <Debug>: Ping timer fired, resetting watchdog
Aug 28 13:47:06.600087 watchdogd[57] <Debug>: 1308874312926250: <private>
Aug 28 13:47:06.600658 watchdogd[57] <Info>: 1308874313492416: <private>
Aug 28 13:47:06.601598 watchdogd[57] <Debug>: 1308874313650333: <private>
Aug 28 13:47:06.603099 watchdogd[57] <Info>: 1308874313662250: <private>
Aug 28 13:47:06.603800 watchdogd[57] <Debug>: 1308874313786791: <private>
Aug 28 13:47:06.604243 watchdogd[57] <Debug>: 1308874314259041: <private>
Aug 28 13:47:06.605655 watchdogd[57] <Debug>: 1308874314979416: <private>
Aug 28 13:47:06.606123 watchdogd[57] <Debug>: 1308874315325833: <private>
Aug 28 13:47:06.606757 watchdogd[57] <Debug>: 1308874315962041: <private>
Aug 28 13:47:06.607136 watchdogd[57] <Debug>: 1308874316089708: <private>
Aug 28 13:47:06.607756 watchdogd[57] <Info>: 1308874316151916: <private>
Aug 28 13:47:06.608144 watchdogd[57] <Info>: 1308874316167333: <private>
Aug 28 13:47:06.609093 watchdogd[57] <Info>: 1308874316173333: <private>
Aug 28 13:47:06.609544 watchdogd[57] <Info>: 1308874316178208: <private>
Aug 28 13:47:06.609950 watchdogd[57] <Info>: 1308874316182625: <private>
Aug 28 13:47:06.610402 watchdogd[57] <Info>: 1308874316186583: <private>
Aug 28 13:47:06.610684 watchdogd[57] <Info>: 1308874316191541: <private>
Aug 28 13:47:06.611200 watchdogd[57] <Info>: 1308874316195416: <private>
Aug 28 13:47:06.918071 biometrickitd(CoreMotion)[109] <Debug>: Ping timer fired, resetting watchdog
Aug 28 13:47:09.095127 mediaserverd(CoreMotion)[36] <Debug>: Ping timer fired, resetting watchdog
Aug 28 13:47:09.127189 nearbyd(CoreMotion)[157] <Debug>: Ping timer fired, resetting watchdog
Aug 28 13:47:09.187838 locationd[69] <Debug>: Ping timer fired, resetting watchdog
Aug 28 13:47:11.075459 SpringBoard(CoreMotion)[47602] <Debug>: Ping timer fired, resetting watchdog
Aug 28 13:47:11.524589 backboardd(CoreMotion)[65] <Debug>: Ping timer fired, resetting watchdog
Aug 28 13:47:11.917601 biometrickitd(CoreMotion)[109] <Debug>: Ping timer fired, resetting watchdog
Aug 28 13:47:14.094918 mediaserverd(CoreMotion)[36] <Debug>: Ping timer fired, resetting watchdog
Aug 28 13:47:14.123614 nearbyd(CoreMotion)[157] <Debug>: Ping timer fired, resetting watchdog
Aug 28 13:47:14.188099 locationd[69] <Debug>: Ping timer fired, resetting watchdog
Aug 28 13:47:16.076143 SpringBoard(CoreMotion)[47602] <Debug>: Ping timer fired, resetting watchdog
Aug 28 13:47:16.521517 backboardd(CoreMotion)[65] <Debug>: Ping timer fired, resetting watchdog
Aug 28 13:47:16.611989 watchdogd[57] <Debug>: 1308884313649375: <private>
Aug 28 13:47:16.612262 watchdogd[57] <Info>: 1308884314279375: <private>
Aug 28 13:47:16.612524 watchdogd[57] <Debug>: 1308884314527708: <private>
Aug 28 13:47:16.612669 watchdogd[57] <Debug>: 1308884315168250: <private>
Aug 28 13:47:16.612919 watchdogd[57] <Info>: 1308884315179166: <private>
Aug 28 13:47:16.613080 watchdogd[57] <Debug>: 1308884315770250: <private>
Aug 28 13:47:16.619399 watchdogd[57] <Debug>: 1308884316462833: <private>
Aug 28 13:47:16.619636 watchdogd[57] <Debug>: 1308884316653541: <private>
Aug 28 13:47:16.619794 watchdogd[57] <Debug>: 1308884317095166: <private>
Aug 28 13:47:16.619983 watchdogd[57] <Debug>: 1308884317286500: <private>
Aug 28 13:47:16.620319 watchdogd[57] <Info>: 1308884317347125: <private>
Aug 28 13:47:16.620588 watchdogd[57] <Info>: 1308884317362458: <private>
Aug 28 13:47:16.622445 watchdogd[57] <Info>: 1308884317368333: <private>
Aug 28 13:47:16.622599 watchdogd[57] <Info>: 1308884317373291: <private>
Aug 28 13:47:16.622978 watchdogd[57] <Info>: 1308884317378333: <private>
Aug 28 13:47:16.623224 watchdogd[57] <Info>: 1308884317382583: <private>
Aug 28 13:47:16.623382 watchdogd[57] <Info>: 1308884317386875: <private>
Aug 28 13:47:16.623506 watchdogd[57] <Info>: 1308884317390916: <private>
Aug 28 13:47:16.917872 biometrickitd(CoreMotion)[109] <Debug>: Ping timer fired, resetting watchdog
Aug 28 13:47:19.094845 mediaserverd(CoreMotion)[36] <Debug>: Ping timer fired, resetting watchdog
Aug 28 13:47:19.124038 nearbyd(CoreMotion)[157] <Debug>: Ping timer fired, resetting watchdog
Aug 28 13:47:19.188107 locationd[69] <Debug>: Ping timer fired, resetting watchdog
Aug 28 13:47:21.075995 SpringBoard(CoreMotion)[47602] <Debug>: Ping timer fired, resetting watchdog
Aug 28 13:47:21.521572 backboardd(CoreMotion)[65] <Debug>: Ping timer fired, resetting watchdog
Aug 28 13:47:21.918100 biometrickitd(CoreMotion)[109] <Debug>: Ping timer fired, resetting watchdog
Aug 28 13:47:23.346842 runningboardd(RunningBoard)[33] <Notice>: [daemon<com.apple.backupd>:57689] termination reported by launchd (0, 0, 0)
Aug 28 13:47:23.355588 runningboardd(RunningBoard)[33] <Notice>: Removing assertions for terminated process: [daemon<com.apple.backupd>:57689]
Aug 28 13:47:23.361513 runningboardd(RunningBoard)[33] <Debug>: Sending state update for daemon<com.apple.backupd>: <RBSProcessState| task:none debug:none terminationResistance:None>
Aug 28 13:47:24.094685 mediaserverd(CoreMotion)[36] <Debug>: Ping timer fired, resetting watchdog
Aug 28 13:47:24.136367 nearbyd(CoreMotion)[157] <Debug>: Ping timer fired, resetting watchdog
Aug 28 13:47:24.187660 locationd[69] <Debug>: Ping timer fired, resetting watchdog
Aug 28 13:47:26.075883 SpringBoard(CoreMotion)[47602] <Debug>: Ping timer fired, resetting watchdog
Aug 28 13:47:26.521225 backboardd(CoreMotion)[65] <Debug>: Ping timer fired, resetting watchdog
Aug 28 13:47:26.600659 watchdogd[57] <Debug>: 1308894314436291: <private>
Aug 28 13:47:26.601196 watchdogd[57] <Info>: 1308894315007958: <private>
Aug 28 13:47:26.602465 watchdogd[57] <Debug>: 1308894315163291: <private>
Aug 28 13:47:26.603001 watchdogd[57] <Info>: 1308894315175000: <private>
Aug 28 13:47:26.603764 watchdogd[57] <Debug>: 1308894315297166: <private>
Aug 28 13:47:26.604240 watchdogd[57] <Debug>: 1308894315787166: <private>
Aug 28 13:47:26.604688 watchdogd[57] <Debug>: 1308894316476541: <private>
Aug 28 13:47:26.605067 watchdogd[57] <Debug>: 1308894316734458: <private>
Aug 28 13:47:26.605493 watchdogd[57] <Debug>: 1308894317102875: <private>
Aug 28 13:47:26.605798 watchdogd[57] <Debug>: 1308894317268083: <private>
Aug 28 13:47:26.606023 watchdogd[57] <Info>: 1308894317325875: <private>
Aug 28 13:47:26.606184 watchdogd[57] <Info>: 1308894317341000: <private>
Aug 28 13:47:26.606439 watchdogd[57] <Info>: 1308894317347291: <private>
Aug 28 13:47:26.606645 watchdogd[57] <Info>: 1308894317352583: <private>
Aug 28 13:47:26.606800 watchdogd[57] <Info>: 1308894317356958: <private>
Aug 28 13:47:26.607052 watchdogd[57] <Info>: 1308894317361208: <private>
Aug 28 13:47:26.607295 watchdogd[57] <Info>: 1308894317365458: <private>
Aug 28 13:47:26.607577 watchdogd[57] <Info>: 1308894317369541: <private>
Aug 28 13:47:26.607839 watchdogd[57] <Info>: 1308894318016500: <private>
Aug 28 13:47:26.917480 biometrickitd(CoreMotion)[109] <Debug>: Ping timer fired, resetting watchdog
Aug 28 13:47:29.093669 mediaserverd(CoreMotion)[36] <Debug>: Ping timer fired, resetting watchdog
Aug 28 13:47:29.127358 nearbyd(CoreMotion)[157] <Debug>: Ping timer fired, resetting watchdog
Aug 28 13:47:29.187705 locationd[69] <Debug>: Ping timer fired, resetting watchdog
Aug 28 13:47:31.077335 SpringBoard(CoreMotion)[47602] <Debug>: Ping timer fired, resetting watchdog
Aug 28 13:47:31.521177 backboardd(CoreMotion)[65] <Debug>: Ping timer fired, resetting watchdog
Aug 28 13:47:31.916108 biometrickitd(CoreMotion)[109] <Debug>: Ping timer fired, resetting watchdog
Aug 28 13:47:34.094496 mediaserverd(CoreMotion)[36] <Debug>: Ping timer fired, resetting watchdog
Aug 28 13:47:34.123581 nearbyd(CoreMotion)[157] <Debug>: Ping timer fired, resetting watchdog
Aug 28 13:47:34.187764 locationd[69] <Debug>: Ping timer fired, resetting watchdog
Aug 28 13:47:36.075553 SpringBoard(CoreMotion)[47602] <Debug>: Ping timer fired, resetting watchdog
Aug 28 13:47:36.521267 backboardd(CoreMotion)[65] <Debug>: Ping timer fired, resetting watchdog
Aug 28 13:47:36.606389 watchdogd[57] <Debug>: 1308904315176291: <private>
Aug 28 13:47:36.607645 watchdogd[57] <Info>: 1308904315752000: <private>
Aug 28 13:47:36.608441 watchdogd[57] <Debug>: 1308904315905000: <private>
Aug 28 13:47:36.609633 watchdogd[57] <Info>: 1308904315917041: <private>
Aug 28 13:47:36.610317 watchdogd[57] <Debug>: 1308904316335333: <private>
Aug 28 13:47:36.611496 watchdogd[57] <Debug>: 1308904317973375: <private>
Aug 28 13:47:36.611933 watchdogd[57] <Debug>: 1308904318069250: <private>
Aug 28 13:47:36.612556 watchdogd[57] <Debug>: 1308904318597166: <private>
Aug 28 13:47:36.612758 watchdogd[57] <Debug>: 1308904318825500: <private>
Aug 28 13:47:36.612955 watchdogd[57] <Debug>: 1308904319676708: <private>
Aug 28 13:47:36.613143 watchdogd[57] <Info>: 1308904319735916: <private>
Aug 28 13:47:36.613289 watchdogd[57] <Info>: 1308904319751250: <private>
Aug 28 13:47:36.613521 watchdogd[57] <Info>: 1308904319757291: <private>
Aug 28 13:47:36.613650 watchdogd[57] <Info>: 1308904319762125: <private>
Aug 28 13:47:36.613885 watchdogd[57] <Info>: 1308904319766583: <private>
Aug 28 13:47:36.614130 watchdogd[57] <Info>: 1308904319770750: <private>
Aug 28 13:47:36.614377 watchdogd[57] <Info>: 1308904319775000: <private>
Aug 28 13:47:36.614536 watchdogd[57] <Info>: 1308904319778833: <private>
Aug 28 13:47:36.917653 biometrickitd(CoreMotion)[109] <Debug>: Ping timer fired, resetting watchdog
Aug 28 13:47:39.093345 mediaserverd(CoreMotion)[36] <Debug>: Ping timer fired, resetting watchdog
Aug 28 13:47:39.123587 nearbyd(CoreMotion)[157] <Debug>: Ping timer fired, resetting watchdog
Aug 28 13:47:39.186975 locationd[69] <Debug>: Ping timer fired, resetting watchdog
Aug 28 13:47:41.074854 SpringBoard(CoreMotion)[47602] <Debug>: Ping timer fired, resetting watchdog
Aug 28 13:47:41.520348 backboardd(CoreMotion)[65] <Debug>: Ping timer fired, resetting watchdog
Aug 28 13:47:41.920911 biometrickitd(CoreMotion)[109] <Debug>: Ping timer fired, resetting watchdog
    <UITouch: 0x114927980> phase: Began tap count: 1 force: 0.000 window: <SBHomeScreenWindow: 0x1051b4220; HomeScreen-0x1051b4220-4; baseClass = UIWindow; frame = (0 0; 375 667); clipsToBounds = YES; opaque = NO; gestureRecognizers = <NSArray: 0x281278180>; layer = <UIWindowLayer: 0x281273180>> view: <SBIconView: 0x104917000; frame: {{114, 382}, {60, 74}}; icon: <SBApplicationIcon: 0x28337b880; nodeID: dev.selfhost.firstActivationProbe; bundleID: dev.selfhost.firstActivationProbe>; location: SBIconLocationRoot; isTouchDownInIcon: YES> location in window: {149.5, 414.5} previous location in window: {149.5, 414.5} location in view: {35.5, 32.5} previous location in view: {35.5, 32.5}
Aug 28 13:47:42.719600 SpringBoard(SplashBoard)[47602] <Info>: Loading image for <XBApplicationSnapshot: 0x109d3cb20; …A909693DA7E7> [dev.selfhost.firstActivationProbe]
Aug 28 13:47:42.720584 SpringBoard(SplashBoard)[47602] <Info>: <XBApplicationSnapshot: 0x109d3cb20; …A909693DA7E7> [dev.selfhost.firstActivationProbe] not purging the cached image; force: 0; _imageAccessCount: 0; _keepImageAccessUntilExpiration: 0; _hasProtectedContent: 0; _keepImageAccessForPreheat: 1
Aug 28 13:47:42.737618 useractivityd[184] <Debug>: userInactivePowerAssertion, setting to NO, so removing power assertion & triggering idle determination.
Aug 28 13:47:42.738677 useractivityd[184] <Debug>: SCHEDULE:idleDetermination scheduleNext, interval=0
Aug 28 13:47:42.738813 useractivityd[184] <Debug>: SCHEDULE:idleDetermination, next=NOW ( was forever ) freq=0
Aug 28 13:47:42.754402 SpringBoard(Security)[47602] <Debug>: open(/private/var/containers/Bundle/Application/1EC21BA9-82AA-4B85-B2FC-10B206BC5C35/Runner.app/Runner,0x0,0x1b6) = 35
Aug 28 13:47:42.754520 SpringBoard(Security)[47602] <Debug>: open(/private/var/containers/Bundle/Application/1EC21BA9-82AA-4B85-B2FC-10B206BC5C35/Runner.app/Runner,0x0,0x1b6) = 36
Aug 28 13:47:42.755011 SpringBoard(Security)[47602] <Debug>: 6151 signing bytes in 5 blob(s) from /private/var/containers/Bundle/Application/1EC21BA9-82AA-4B85-B2FC-10B206BC5C35/Runner.app/Runner(arm64)
Aug 28 13:47:42.755333 useractivityd[184] <Debug>: SCHEDULE:idleDetermination, run.
Aug 28 13:47:42.756299 useractivityd[184] <Debug>: Determining idleDetermination, entering.
Aug 28 13:47:42.764852 useractivityd[184] <Debug>: SCHEDULE:idleDetermination, DONE run, next=forever
Aug 28 13:47:42.767777 SpringBoard(Security)[47602] <Debug>: open(/private/var/containers/Bundle/Application/1EC21BA9-82AA-4B85-B2FC-10B206BC5C35/Runner.app/Info.plist,0x0,0x1b6) = 35
Aug 28 13:47:42.769516 SpringBoard(Security)[47602] <Debug>: 0x114b8f668 done serializing <?xml version="1.0" encoding="UTF-8"?><!DOCTYPE plist PUBLIC "-//Apple//DTD PLIST 1.0//EN" "https://www.apple.com/DTDs/PropertyList-1.0.dtd"><plist version="1.0"><dict><key>application-identifier</key><string>SK85S6YZP9.dev.selfhost.firstActivationProbe</string><key>com.apple.developer.team-identifier</key><string>SK85S6YZP9</string><key>get-task-allow</key><true/></dict></plist>
        <SBLayoutElement: 0x2808e3000; uniqueIdentifier: sceneID:dev.selfhost.firstActivationProbe-default; layoutRole: primary> {
            SBLayoutRolePrimary = <SBDeviceApplicationSceneEntity: 0x283e948c0; ID: sceneID:dev.selfhost.firstActivationProbe-default; layoutRole: primary> {
                        fromIconWithLeafIdentifier = dev.selfhost.firstActivationProbe;
Aug 28 13:47:42.878604 SpringBoard(FrontBoard)[47602] <Notice>: Asked to bootstrap a new process with identity: application<dev.selfhost.firstActivationProbe>
Aug 28 13:47:42.878856 SpringBoard(FrontBoard)[47602] <Notice>: Creating process (sync=true) with identity: application<dev.selfhost.firstActivationProbe>
Aug 28 13:47:42.879100 SpringBoard(FrontBoard)[47602] <Notice>: Created <FBWorkspace: 0x282a13180; application<dev.selfhost.firstActivationProbe>>
Aug 28 13:47:42.879142 SpringBoard(FrontBoard)[47602] <Notice>: Bootstrapping application<dev.selfhost.firstActivationProbe> with intent foreground-interactive
Aug 28 13:47:42.883592 SpringBoard(RunningBoardServices)[47602] <Info>: Sending launch request: <RBSLaunchRequest| application<dev.selfhost.firstActivationProbe>; "FBApplicationProcess">
Aug 28 13:47:42.885134 runningboardd(RunningBoard)[33] <Notice>: Acquiring assertion targeting application<dev.selfhost.firstActivationProbe> from originator [daemon<com.apple.SpringBoard>:47602] with description <RBSAssertionDescriptor| "FBApplicationProcess" ID:33-47602-7778 target:application<dev.selfhost.firstActivationProbe> attributes:[
	<RBSDomainAttribute| domain:"com.apple.frontboard" name:"Bootstrap-Foreground" sourceEnvironment:"(null)">,
Aug 28 13:47:42.885153 runningboardd(RunningBoard)[33] <Notice>: Assertion 33-47602-7778 (target:application<dev.selfhost.firstActivationProbe>) will be created as active
Aug 28 13:47:42.885185 runningboardd(RunningBoard)[33] <Notice>: Executing launch request for application<dev.selfhost.firstActivationProbe> (FBApplicationProcess)
Aug 28 13:47:42.885203 runningboardd(RunningBoard)[33] <Notice>: Creating and launching job for: application<dev.selfhost.firstActivationProbe>
Aug 28 13:47:42.885222 runningboardd(RunningBoard)[33] <Notice>: _mutateContextIfNeeded called for dev.selfhost.firstActivationProbe
        <SBLayoutElement: 0x2808e3000; uniqueIdentifier: sceneID:dev.selfhost.firstActivationProbe-default; layoutRole: primary> {
Aug 28 13:47:42.891795 runningboardd(RunningBoard)[33] <Debug>: BEGIN suppressing state updates for application<dev.selfhost.firstActivationProbe>
Aug 28 13:47:42.891886 runningboardd(RunningBoard)[33] <Debug>: Incrementing suppression state to 1 for application<dev.selfhost.firstActivationProbe>
Aug 28 13:47:42.893320 SpringBoard(SplashBoard)[47602] <Info>: Loading image for <XBApplicationSnapshot: 0x109ddf7d0; …2F3B89D0D3F1> [dev.selfhost.firstActivationProbe]
Aug 28 13:47:42.893369 SpringBoard(SplashBoard)[47602] <Info>: <XBApplicationSnapshot: 0x109ddf7d0; …2F3B89D0D3F1> [dev.selfhost.firstActivationProbe] not purging the cached image; force: 0; _imageAccessCount: 2; _keepImageAccessUntilExpiration: 0; _hasProtectedContent: 0; _keepImageAccessForPreheat: 0
Aug 28 13:47:42.893651 SpringBoard[47602] <Info>: attempted to activate overlay for dev.selfhost.firstActivationProbe, exiting early because app is not blocked
Aug 28 13:47:42.894462 runningboardd(RunningBoard)[33] <Info>: No personas found for bundle identifier: dev.selfhost.firstActivationProbe
Aug 28 13:47:42.895409 runningboardd(RunningBoard)[33] <Info>: _requestedJetsamPriority = 3, _executablePath = /var/containers/Bundle/Application/1EC21BA9-82AA-4B85-B2FC-10B206BC5C35/Runner.app/Runner
Aug 28 13:47:42.895446 runningboardd(RunningBoard)[33] <Info>: _doesOverrideManagement = 1, _overrideManageFlags = 255, _underlyingAssertion = (null), _variableEUID = 0, _specifiedIdenity = application<dev.selfhost.firstActivationProbe> _beforeTranslocationBundlePath = (null), _disableFreezing = 0
Aug 28 13:47:42.895913 cfprefsd(CoreFoundation)[91] <Debug>: Process 57695 (Runner) sent a request related to { com.apple.UIKit, user: mobile, kCFPreferencesCurrentHost, /Library/Managed Preferences/mobile/com.apple.UIKit.plist, managed: 1 } (0x101812d60)
Aug 28 13:47:42.895953 cfprefsd(CoreFoundation)[91] <Debug>: Process 57695 (Runner) sent a request related to { com.apple.UIKit, user: kCFPreferencesAnyUser, kCFPreferencesCurrentHost, /Library/Managed Preferences/com.apple.UIKit.plist, managed: 1 } (0x101812d60)
Aug 28 13:47:42.895992 cfprefsd(CoreFoundation)[91] <Debug>: Process 57695 (Runner) sent a request related to { com.apple.UIKit, user: mobile, kCFPreferencesAnyHost, /var/mobile/Library/Preferences/com.apple.UIKit.plist, managed: 0 } (0x100317d00)
Aug 28 13:47:42.896011 cfprefsd(CoreFoundation)[91] <Debug>: Process 57695 (Runner) read data for { com.apple.UIKit, mobile, kCFPreferencesAnyHost, /var/mobile/Library/Preferences/com.apple.UIKit.plist, managed: 0 }, backed by /private/var/mobile/Library/Preferences/com.apple.UIKit.plist
Aug 28 13:47:42.896122 cfprefsd(CoreFoundation)[91] <Debug>: Process 57695 (Runner) sent a request related to { kCFPreferencesAnyApplication, user: mobile, kCFPreferencesCurrentHost, /Library/Managed Preferences/mobile/.GlobalPreferences.plist, managed: 1 } (0x10030c020)
Aug 28 13:47:42.896165 cfprefsd(CoreFoundation)[91] <Debug>: Process 57695 (Runner) read data for { kCFPreferencesAnyApplication, mobile, kCFPreferencesCurrentHost, /Library/Managed Preferences/mobile/.GlobalPreferences.plist, managed: 1 }, backed by /private/var/Managed Preferences/mobile/.GlobalPreferences.plist
Aug 28 13:47:42.896187 cfprefsd(CoreFoundation)[91] <Debug>: Process 57695 (Runner) sent a request related to { kCFPreferencesAnyApplication, user: mobile, kCFPreferencesAnyHost, /var/mobile/Library/Preferences/.GlobalPreferences.plist, managed: 0 } (0x10030c3f0)
Aug 28 13:47:42.896212 cfprefsd(CoreFoundation)[91] <Debug>: Process 57695 (Runner) read data for { kCFPreferencesAnyApplication, mobile, kCFPreferencesAnyHost, /var/mobile/Library/Preferences/.GlobalPreferences.plist, managed: 0 }, backed by /private/var/mobile/Library/Preferences/.GlobalPreferences.plist
Aug 28 13:47:42.896251 cfprefsd(CoreFoundation)[91] <Debug>: Process 57695 (Runner) sent a request related to { com.apple.UIKit, user: kCFPreferencesAnyUser, kCFPreferencesCurrentHost, /var/preferences/com.apple.UIKit.plist, managed: 0 } (0x10034f970)
Aug 28 13:47:42.896659 runningboardd(RunningBoard)[33] <Notice>: [application<dev.selfhost.firstActivationProbe>:57695] This process will be managed.
Aug 28 13:47:42.896722 runningboardd(RunningBoard)[33] <Notice>: Now tracking process: [application<dev.selfhost.firstActivationProbe>:57695]
Aug 28 13:47:42.896775 runningboardd(RunningBoard)[33] <Notice>: Using default underlying assertion for app: [application<dev.selfhost.firstActivationProbe>:57695]
Aug 28 13:47:42.896829 runningboardd(RunningBoard)[33] <Notice>: Acquiring assertion targeting [application<dev.selfhost.firstActivationProbe>:57695] from originator [application<dev.selfhost.firstActivationProbe>:57695] with description <RBSAssertionDescriptor| "RB Underlying Assertion" ID:33-33-7779 target:57695 attributes:[
Aug 28 13:47:42.896883 runningboardd(RunningBoard)[33] <Notice>: Assertion 33-33-7779 (target:[application<dev.selfhost.firstActivationProbe>:57695]) will be created as active
<SBTransitionSwitcherModifierEvent: 0x28217e400; type: MainTransition; transitionID: 91073D9B-7633-4583-A76B-9FC41E9D6313; phase: Prepare; animated: YES; fromAppLayout: 0x0; toAppLayout: <SBAppLayout: 0x2808e2980; primary: dev.selfhost.firstActivationProbe:default; environment: main>; fromEnvironmentMode: home-screen; toEnvironmentMode: application; pendingTermination: {(
)}; activating: <SBAppLayout: 0x2808e2980; primary: dev.selfhost.firstActivationProbe:default; environment: main>; dosidoTransitionDirection: 0>
	    <SBIconOverlayVisibilitySwitcherEventResponse: 0x2808c7540; visible: YES; appLayout: <SBAppLayout: 0x2808e2980; primary: dev.selfhost.firstActivationProbe:default; environment: main>>;
	    <SBIconViewVisibilitySwitcherEventResponse: 0x283e23bb0; visible: NO; animationSettings: 0x0; appLayout: <SBAppLayout: 0x2808e2980; primary: dev.selfhost.firstActivationProbe:default; environment: main>>;
Aug 28 13:47:42.897228 runningboardd(RunningBoard)[33] <Debug>: Adding assertion 33-47602-7778 (target:application<dev.selfhost.firstActivationProbe>)
Aug 28 13:47:42.897265 runningboardd(RunningBoard)[33] <Info>: application<dev.selfhost.firstActivationProbe> is now targeted by 1 assertions
Aug 28 13:47:42.897358 runningboardd(RunningBoard)[33] <Debug>: Adding assertion 33-33-7779 (target:[application<dev.selfhost.firstActivationProbe>:57695])
Aug 28 13:47:42.897384 Runner(CoreFoundation)[57695] <Debug>: Using ~iphone resources
Aug 28 13:47:42.897419 Runner(CoreFoundation)[57695] <Debug>: CFPrefsManagedSource<0x28245c980> (Domain: com.apple.UIKit, User: kCFPreferencesCurrentUser, ByHost: Yes, Container: (null), Contents Need Refresh: No) loaded: an empty base plist and no additional changes from the base plist
Aug 28 13:47:42.897438 Runner(CoreFoundation)[57695] <Debug>: CFPrefsManagedSource<0x28245ca00> (Domain: com.apple.UIKit, User: kCFPreferencesAnyUser, ByHost: Yes, Container: (null), Contents Need Refresh: No) loaded: an empty base plist and no additional changes from the base plist
Aug 28 13:47:42.897459 Runner(CoreFoundation)[57695] <Debug>: CFPrefsPlistSource<0x28245c900> (Domain: com.apple.UIKit, User: kCFPreferencesCurrentUser, ByHost: No, Container: (null), Contents Need Refresh: No) loaded: a new base plist and no additional changes from the base plist
Aug 28 13:47:42.897478 Runner(CoreFoundation)[57695] <Debug>: CFPrefsManagedSource<0x28245cb80> (Domain: kCFPreferencesAnyApplication, User: kCFPreferencesCurrentUser, ByHost: Yes, Container: (null), Contents Need Refresh: No) loaded: a new base plist and no additional changes from the base plist
Aug 28 13:47:42.897496 Runner(CoreFoundation)[57695] <Debug>: CFPrefsPlistSource<0x28245ca80> (Domain: kCFPreferencesAnyApplication, User: kCFPreferencesCurrentUser, ByHost: No, Container: (null), Contents Need Refresh: No) loaded: a new base plist and no additional changes from the base plist
    bundleIdentifier = dev.selfhost.firstActivationProbe;
    uniqueIdentifier = sceneID:dev.selfhost.firstActivationProbe-default;
Aug 28 13:47:42.897797 SpringBoard(FrontBoard)[47602] <Notice>: [application<dev.selfhost.firstActivationProbe>:-1] Bootstrap success!
Aug 28 13:47:42.897885 runningboardd(RunningBoard)[33] <Info>: application<dev.selfhost.firstActivationProbe> is now targeted by 2 assertions
Aug 28 13:47:42.900515 runningboardd(RunningBoard)[33] <Info>: [application<dev.selfhost.firstActivationProbe>:57695] Applying updated state
Aug 28 13:47:42.900749 runningboardd(RunningBoard)[33] <Notice>: [application<dev.selfhost.firstActivationProbe>:57695] Set jetsam priority to 10 [0] flag[1]
Aug 28 13:47:42.900907 runningboardd(RunningBoard)[33] <Notice>: [application<dev.selfhost.firstActivationProbe>:57695] Resuming task.
Aug 28 13:47:42.901062 Runner(CoreFoundation)[57695] <Debug>: CFPrefsPlistSource<0x28245cc00> (Domain: com.apple.UIKit, User: kCFPreferencesAnyUser, ByHost: Yes, Container: (null), Contents Need Refresh: No) loaded: an empty base plist and no additional changes from the base plist
Aug 28 13:47:42.901302 Runner(CoreFoundation)[57695] <Debug>: CFPrefsPlistSource<0x28245cc80> (Domain: kCFPreferencesAnyApplication, User: kCFPreferencesAnyUser, ByHost: Yes, Container: (null), Contents Need Refresh: No) loaded: an empty base plist and no additional changes from the base plist
Aug 28 13:47:42.901474 Runner(CoreFoundation)[57695] <Debug>: found no value for key LogHIDEventFiltered in CFPrefsSearchListSource<0x28245c800> (Domain: com.apple.UIKit, Container: (null))
Aug 28 13:47:42.901616 SpringBoard(BaseBoard)[47602] <Debug>:  *|machport|* <BSMachPortTaskNameRight: 0x2808f7140; usable: YES; (47602:4f193:send task_name_for_pid:Runner.57695)> -> (<NSThread: 0x2808db640>{number = 1101, name = (null)}) (
Aug 28 13:47:42.901801 Runner(CoreFoundation)[57695] <Debug>: found no value for key LogHIDEventIncoming in CFPrefsSearchListSource<0x28245c800> (Domain: com.apple.UIKit, Container: (null))
Aug 28 13:47:42.902668 Runner(libMobileGestalt.dylib)[57695] <Notice>: Cache loaded with 4896 pre-cached in CacheData and 49 items in CacheExtra.
Aug 28 13:47:42.902794 Runner(CoreFoundation)[57695] <Debug>: found no value for key LogApplication in CFPrefsSearchListSource<0x28245c800> (Domain: com.apple.UIKit, Container: (null))
Aug 28 13:47:42.903102 cfprefsd(CoreFoundation)[91] <Debug>: Process 57695 (Runner) sent a request related to { kCFPreferencesAnyApplication, user: kCFPreferencesAnyUser, kCFPreferencesCurrentHost, /var/preferences/.GlobalPreferences.plist, managed: 0 } (0x100316b90)
Aug 28 13:47:42.903215 cfprefsd(CoreFoundation)[91] <Debug>: Process 57695 (Runner) sent a request related to { dev.selfhost.firstActivationProbe, user: mobile, kCFPreferencesCurrentHost, /Library/Managed Preferences/mobile/dev.selfhost.firstActivationProbe.plist, managed: 1 } (0x1003679d0)
Aug 28 13:47:42.905559 cfprefsd(CoreFoundation)[91] <Debug>: Process 57695 (Runner) sent a request related to { dev.selfhost.firstActivationProbe, user: kCFPreferencesAnyUser, kCFPreferencesCurrentHost, /Library/Managed Preferences/dev.selfhost.firstActivationProbe.plist, managed: 1 } (0x1003679d0)
Aug 28 13:47:42.906884 backboardd(IOKit)[65] <Notice>: Connection added: IOHIDEventSystemConnection uuid:6BFF8C35-5388-43E4-96AC-05C1028CE36E pid:57695 process:Runner type:Passive entitlements:0x0 caller:BackBoardServices: <redacted> + 336 attributes:{
    bundleID = "dev.selfhost.firstActivationProbe";
Aug 28 13:47:42.908281 SpringBoard(BaseBoard)[47602] <Debug>:  *|machport|* <BSMachPortTaskNameRight: 0x280890ec0; usable: YES; (47602:4f193:send task_name_for_pid:Runner.57695)> -> (<NSThread: 0x280890f40>{number = 1103, name = (null)}) (
Aug 28 13:47:42.908462 Runner(UIKitCore)[57695] <Notice>: Deactivation reason added: 10; deactivation reasons: 0 -> 1024; animating application lifecycle event: 0
Aug 28 13:47:42.908501 Runner(RunningBoardServices)[57695] <Notice>: Initializing connection
Aug 28 13:47:42.908585 Runner(RunningBoardServices)[57695] <Notice>: Removing all cached process handles
Aug 28 13:47:42.908633 Runner(BoardServices)[57695] <Notice>: activating monitor for service com.apple.frontboard.open
Aug 28 13:47:42.908671 Runner(BoardServices)[57695] <Notice>: activating monitor for service com.apple.frontboard.workspace-service
Aug 28 13:47:42.908721 Runner(FrontBoardServices)[57695] <Notice>: FBSWorkspace connecting to endpoint : <private>
Aug 28 13:47:42.908765 backboardd(BackBoardHIDEventFoundation)[65] <Debug>: Got a client addition callback: IOHIDEventSystemConnection uuid:6BFF8C35-5388-43E4-96AC-05C1028CE36E pid:57695 process:Runner type:Passive entitlements:0x0 caller:BackBoardServices: <redacted> + 336 attributes:{
    bundleID = "dev.selfhost.firstActivationProbe";
Aug 28 13:47:42.908812 backboardd(BackBoardHIDEventFoundation)[65] <Info>: HID connection vpid:57695(v72FDF) bundleID:dev.selfhost.firstActivationProbe successfully initialized: IOHIDEventSystemConnection uuid:6BFF8C35-5388-43E4-96AC-05C1028CE36E pid:57695 process:Runner type:Passive entitlements:0x0 caller:BackBoardServices: <redacted> + 336 attributes:{
    bundleID = "dev.selfhost.firstActivationProbe";
Aug 28 13:47:42.908860 backboardd(BackBoardHIDEventFoundation)[65] <Notice>: Adding client connection: <BKHIDClientConnection: 0x108e4e640; IOHIDEventSystemConnectionRef: 0x10b525e70; vpid: 57695(v72FDF); taskPort: 0x4B0AB; bundleID: dev.selfhost.firstActivationProbe> for client: IOHIDEventSystemConnection uuid:6BFF8C35-5388-43E4-96AC-05C1028CE36E pid:57695 process:Runner type:Passive entitlements:0x0 caller:BackBoardServices: <redacted> + 336 attributes:{
    bundleID = "dev.selfhost.firstActivationProbe";
Aug 28 13:47:42.910664 SpringBoard(FrontBoard)[47602] <Notice>: Asked to bootstrap a new process for handle: [application<dev.selfhost.firstActivationProbe>:57695]
Aug 28 13:47:42.911057 Runner(FrontBoardServices)[57695] <Notice>: FBSWorkspace registering source: <private>
Aug 28 13:47:42.911077 Runner(FrontBoardServices)[57695] <Notice>: FBSWorkspace connected to endpoint : <private>
Aug 28 13:47:42.911138 Runner(CoreFoundation)[57695] <Debug>: CFPrefsManagedSource<0x282458480> (Domain: dev.selfhost.firstActivationProbe, User: kCFPreferencesCurrentUser, ByHost: Yes, Container: (null), Contents Need Refresh: No) loaded: an empty base plist and no additional changes from the base plist
Aug 28 13:47:42.913641 SpringBoard(FrontBoard)[47602] <Notice>: A pending process already exists for this handle: <FBApplicationProcess: 0x10a1d2fd0; application<dev.selfhost.firstActivationProbe>:57695(v72FDF)>
Aug 28 13:47:42.913661 Runner(CoreFoundation)[57695] <Debug>: CFPrefsManagedSource<0x282458680> (Domain: dev.selfhost.firstActivationProbe, User: kCFPreferencesAnyUser, ByHost: Yes, Container: (null), Contents Need Refresh: No) loaded: an empty base plist and no additional changes from the base plist
Aug 28 13:47:42.913680 Runner(CoreFoundation)[57695] <Debug>: CFPrefsPlistSource<0x28245b380> (Domain: dev.selfhost.firstActivationProbe, User: kCFPreferencesCurrentUser, ByHost: No, Container: (null), Contents Need Refresh: No) loaded: an empty base plist and no additional changes from the base plist
Aug 28 13:47:42.913698 Runner(CoreFoundation)[57695] <Debug>: CFPrefsPlistSource<0x282459280> (Domain: dev.selfhost.firstActivationProbe, User: kCFPreferencesAnyUser, ByHost: Yes, Container: (null), Contents Need Refresh: No) loaded: an empty base plist and no additional changes from the base plist
Aug 28 13:47:42.913718 Runner(CoreFoundation)[57695] <Debug>: looked up value <private> for key AppleLanguages in CFPrefsPlistSource<0x28245ca80> (Domain: kCFPreferencesAnyApplication, User: kCFPreferencesCurrentUser, ByHost: No, Container: (null), Contents Need Refresh: No) via CFPrefsSearchListSource<0x28245b200> (Domain: dev.selfhost.firstActivationProbe, Container: (null))
Aug 28 13:47:42.913737 Runner(CoreFoundation)[57695] <Debug>: setting new value <private> for key <private> in CFPrefsSource<0x281f5c780> (Domain: Volatile, User: , ByHost: No, Container: , Contents Need Refresh: No)
Aug 28 13:47:42.913756 Runner(RunningBoardServices)[57695] <Notice>: Added observer for process assertions expiration warning: <_RBSExpirationWarningClient: 0x280a52640>
Aug 28 13:47:42.913774 Runner(CoreFoundation)[57695] <Debug>: setting new value <private> for key <private> in CFPrefsSource<0x281f5c780> (Domain: Volatile, User: , ByHost: No, Container: , Contents Need Refresh: No)
Aug 28 13:47:42.913830 runningboardd(RunningBoard)[33] <Debug>: [daemon<com.apple.SpringBoard>:47602] query resolved to [application<dev.selfhost.firstActivationProbe>:57695]
Aug 28 13:47:42.913901 runningboardd(RunningBoard)[33] <Debug>: SUPPRESSING state update for application<dev.selfhost.firstActivationProbe>: <RBSProcessState| task:none debug:none terminationResistance:None endowments:[
	<RBSProcessAssertionInfo| type:2 reason:10000 name:"Domain" domain:"com.apple.frontboard:Bootstrap-Foreground,com.apple.frontboard:Visibility" expl:"FBApplicationProcess">
Aug 28 13:47:42.913922 runningboardd(RunningBoard)[33] <Debug>: Incrementing suppression state to 2 for application<dev.selfhost.firstActivationProbe>
Aug 28 13:47:42.913941 runningboardd(RunningBoard)[33] <Notice>: Calculated state for application<dev.selfhost.firstActivationProbe>: running-active (role: UserInteractiveFocal)
Aug 28 13:47:42.913959 runningboardd(RunningBoard)[33] <Debug>: Sending state update for application<dev.selfhost.firstActivationProbe>: <RBSProcessState| task:running-active debug:none terminationResistance:Interactive endowments:[
	<RBSProcessAssertionInfo| type:2 reason:10000 name:"Domain" domain:"com.apple.frontboard:Bootstrap-Foreground,com.apple.frontboard:Visibility" expl:"FBApplicationProcess">
Aug 28 13:47:42.914181 runningboardd(RunningBoard)[33] <Debug>: Incrementing suppression state to 3 for application<dev.selfhost.firstActivationProbe>
Aug 28 13:47:42.914199 runningboardd(RunningBoard)[33] <Info>: Ignoring insignificant state update for application<dev.selfhost.firstActivationProbe>
Aug 28 13:47:42.914218 runningboardd(RunningBoard)[33] <Notice>: Calculated state for application<dev.selfhost.firstActivationProbe>: running-active (role: UserInteractiveFocal)
Aug 28 13:47:42.914236 runningboardd(RunningBoard)[33] <Debug>: SUPPRESSING state update for application<dev.selfhost.firstActivationProbe>: <RBSProcessState| task:running-active debug:none terminationResistance:Interactive endowments:[
	<RBSProcessAssertionInfo| type:2 reason:10000 name:"Domain" domain:"com.apple.frontboard:Bootstrap-Foreground,com.apple.frontboard:Visibility" expl:"FBApplicationProcess">,
Aug 28 13:47:42.914331 SpringBoard(FrontBoard)[47602] <Notice>: [application<dev.selfhost.firstActivationProbe>:57695] Setting process task state to: Running
Aug 28 13:47:42.914349 SpringBoard(FrontBoard)[47602] <Notice>: [application<dev.selfhost.firstActivationProbe>:57695] Setting process visibility to: Foreground
Aug 28 13:47:42.914563 SpringBoard(FrontBoard)[47602] <Notice>: [application<dev.selfhost.firstActivationProbe>:57695] Registering event dispatcher at connect
Aug 28 13:47:42.914599 SpringBoard(FrontBoard)[47602] <Info>: Registering workspace for processHandle: [application<dev.selfhost.firstActivationProbe>:57695]
Aug 28 13:47:42.914656 SpringBoard(FrontBoardServices)[47602] <Info>: [application<dev.selfhost.firstActivationProbe>:57695] [realTime] Now monitoring resource allowance of 20.00s (at refreshInterval -1.00s)
Aug 28 13:47:42.914711 SpringBoard(FrontBoard)[47602] <Notice>: [application<dev.selfhost.firstActivationProbe>:57695] Initial launch assertion state: ForegroundFocal.
Aug 28 13:47:42.914804 SpringBoard(FrontBoard)[47602] <Notice>: Adding: <FBApplicationProcess: 0x10a1d2fd0; application<dev.selfhost.firstActivationProbe>:57695(v72FDF)>
Aug 28 13:47:42.914840 SpringBoard(FrontBoard)[47602] <Info>: FBWorkspaceDomain: Assigning new workspace connection to workspace (0x282a13180) owned by process: <FBApplicationProcess: 0x10a1d2fd0; application<dev.selfhost.firstActivationProbe>:57695(v72FDF)>
Aug 28 13:47:42.914878 SpringBoard(FrontBoard)[47602] <Notice>: [application<dev.selfhost.firstActivationProbe>:57695] Connection established.
Aug 28 13:47:42.914974 SpringBoard(FrontBoard)[47602] <Notice>: change foreground process from list:<FBApplicationProcess: 0x10a1d2fd0; application<dev.selfhost.firstActivationProbe>:57695(v72FDF)>
Aug 28 13:47:42.915011 SpringBoard(FrontBoard)[47602] <Info>: Setting BKSEventFocusManager's foreground app to: <FBApplicationProcess: 0x10a1d2fd0; application<dev.selfhost.firstActivationProbe>:57695(v72FDF)>
Aug 28 13:47:42.915029 SpringBoard(FrontBoard)[47602] <Notice>: [application<dev.selfhost.firstActivationProbe>:57695] Connection to remote process established!
Aug 28 13:47:42.915076 SpringBoard(FrontBoardServices)[47602] <Info>: [application<dev.selfhost.firstActivationProbe>:57695] [realTime] Stopped monitoring.
Aug 28 13:47:42.915103 SpringBoard(FrontBoardServices)[47602] <Debug>: [application<dev.selfhost.firstActivationProbe>:57695] [realTime] Updated resource consumption: 0.001s (0.01%)
Aug 28 13:47:42.915233 backboardd(IOKit)[65] <Debug>: SetProperty called IOHIDEventSystemClientIsUnresponsive=0 caller=IOHIDEventSystemConnection uuid:6BFF8C35-5388-43E4-96AC-05C1028CE36E pid:57695 process:Runner type:Passive entitlements:0x0 caller:BackBoardServices: <redacted> + 336 attributes:{
    bundleID = "dev.selfhost.firstActivationProbe";
Aug 28 13:47:42.920230 SpringBoard(FrontBoard)[47602] <Info>: [application<dev.selfhost.firstActivationProbe>:57695] Provision <FBSProcessResourceProvision: 0x282f298c0; allowance: <; FBSProcessResourceAllowance; type: realTime; timeValue: 20.0s>> has remainder <FBSProcessResourceProvision: 0x282f270f0; allowance: <; FBSProcessResourceAllowance; type: realTime; timeValue: 20.00s>>
Aug 28 13:47:42.925677 SpringBoard(FrontBoard)[47602] <Info>: [application<dev.selfhost.firstActivationProbe>:57695] Made scene-create policy: <FBSProcessWatchdogPolicy: 0x281c19de0; name: "scene create after launch"> {
Aug 28 13:47:42.925715 Runner(CoreFoundation)[57695] <Debug>: setting new value <private> for key <private> in CFPrefsSource<0x281f5c780> (Domain: Volatile, User: , ByHost: No, Container: , Contents Need Refresh: No)
Aug 28 13:47:42.925733 Runner(CoreFoundation)[57695] <Debug>: found no value for key UIScreenIsCapturedValue in CFPrefsSearchListSource<0x28245c800> (Domain: com.apple.UIKit, Container: (null))
Aug 28 13:47:42.925799 Runner(CoreFoundation)[57695] <Debug>: looked up value <private> for key AppleLanguages in CFPrefsPlistSource<0x28245ca80> (Domain: kCFPreferencesAnyApplication, User: kCFPreferencesCurrentUser, ByHost: No, Container: (null), Contents Need Refresh: No) via CFPrefsSearchListSource<0x28245b200> (Domain: dev.selfhost.firstActivationProbe, Container: (null))
Aug 28 13:47:42.925843 Runner(CoreFoundation)[57695] <Debug>: Language lookup at <private>
Aug 28 13:47:42.925873 Runner(CoreFoundation)[57695] <Debug>: Resource lookup at <private>
Aug 28 13:47:42.925891 Runner(CoreFoundation)[57695] <Debug>: found no value for key _UIEnableLegacyRTL in CFPrefsSearchListSource<0x28245c800> (Domain: com.apple.UIKit, Container: (null))
Aug 28 13:47:42.926053 SpringBoard(FrontBoardServices)[47602] <Debug>: [application<dev.selfhost.firstActivationProbe>:57695] Invalidating <FBProcessWatchdog: 0x283e83340; name: process-launch; time: 20.0s>
Aug 28 13:47:42.926439 cfprefsd(CoreFoundation)[91] <Debug>: Process 57695 (Runner) sent a request related to { dev.selfhost.firstActivationProbe, user: mobile, kCFPreferencesAnyHost, /var/mobile/Containers/Data/Application/18E6667F-E66B-4E74-92D9-B14869861554/Library/Preferences/dev.selfhost.firstActivationProbe.plist, managed: 0 } (0x100362850)
Aug 28 13:47:42.926508 cfprefsd(CoreFoundation)[91] <Debug>: Process 57695 (Runner) sent a request related to { dev.selfhost.firstActivationProbe, user: kCFPreferencesAnyUser, kCFPreferencesCurrentHost, /var/preferences/dev.selfhost.firstActivationProbe.plist, managed: 0 } (0x100329ed0)
Aug 28 13:47:42.926581 cfprefsd(CoreFoundation)[91] <Debug>: Process 57695 (Runner) sent a request related to { com.apple.Accessibility, user: mobile, kCFPreferencesCurrentHost, /Library/Managed Preferences/mobile/com.apple.Accessibility.plist, managed: 1 } (0x101814050)
Aug 28 13:47:42.926674 SpringBoard(FrontBoardServices)[47602] <Debug>: [application<dev.selfhost.firstActivationProbe>:57695] [realTime] Invalidated
Aug 28 13:47:42.926859 cfprefsd(CoreFoundation)[91] <Debug>: Process 57695 (Runner) sent a request related to { com.apple.Accessibility, user: kCFPreferencesAnyUser, kCFPreferencesCurrentHost, /Library/Managed Preferences/com.apple.Accessibility.plist, managed: 1 } (0x101814300)
Aug 28 13:47:42.926908 cfprefsd(CoreFoundation)[91] <Debug>: Process 57695 (Runner) sent a request related to { com.apple.Accessibility, user: mobile, kCFPreferencesAnyHost, /var/mobile/Library/Preferences/com.apple.Accessibility.plist, managed: 0 } (0x100311170)
Aug 28 13:47:42.926928 cfprefsd(CoreFoundation)[91] <Debug>: Process 57695 (Runner) read data for { com.apple.Accessibility, mobile, kCFPreferencesAnyHost, /var/mobile/Library/Preferences/com.apple.Accessibility.plist, managed: 0 }, backed by /private/var/mobile/Library/Preferences/com.apple.Accessibility.plist
Aug 28 13:47:42.926947 cfprefsd(CoreFoundation)[91] <Debug>: Process 57695 (Runner) sent a request related to { com.apple.Accessibility, user: kCFPreferencesAnyUser, kCFPreferencesCurrentHost, /var/preferences/com.apple.Accessibility.plist, managed: 0 } (0x1018145a0)
Aug 28 13:47:42.926968 Runner(CoreFoundation)[57695] <Debug>: found no value for key NSTighteningFactorForTruncation in CFPrefsSearchListSource<0x28245b200> (Domain: dev.selfhost.firstActivationProbe, Container: (null))
Aug 28 13:47:42.926986 Runner(CoreFoundation)[57695] <Debug>: found no value for key NSTighteningFactorForTruncation in CFPrefsSearchListSource<0x28245b200> (Domain: dev.selfhost.firstActivationProbe, Container: (null))
Aug 28 13:47:42.927004 Runner(CoreFoundation)[57695] <Debug>: found no value for key NSAllowsDefaultTighteningForTruncation in CFPrefsSearchListSource<0x28245b200> (Domain: dev.selfhost.firstActivationProbe, Container: (null))
Aug 28 13:47:42.927022 Runner(CoreFoundation)[57695] <Debug>: found no value for key NSUsesDefaultHyphenation in CFPrefsSearchListSource<0x28245b200> (Domain: dev.selfhost.firstActivationProbe, Container: (null))
Aug 28 13:47:42.927040 Runner(CoreFoundation)[57695] <Debug>: found no value for key NSDefaultHyphenationFactor in CFPrefsSearchListSource<0x28245b200> (Domain: dev.selfhost.firstActivationProbe, Container: (null))
Aug 28 13:47:42.927059 Runner(CoreFoundation)[57695] <Debug>: found no value for key NSForceRightToLeftWritingDirection in CFPrefsSearchListSource<0x28245b200> (Domain: dev.selfhost.firstActivationProbe, Container: (null))
<SBTransitionSwitcherModifierEvent: 0x28217f700; type: MainTransition; transitionID: 91073D9B-7633-4583-A76B-9FC41E9D6313; phase: Animate; animated: YES; fromAppLayout: 0x0; toAppLayout: <SBAppLayout: 0x2808e2980; primary: dev.selfhost.firstActivationProbe:default; environment: main>; fromEnvironmentMode: home-screen; toEnvironmentMode: application; pendingTermination: {(
)}; activating: <SBAppLayout: 0x2808e2980; primary: dev.selfhost.firstActivationProbe:default; environment: main>; dosidoTransitionDirection: 0>
Aug 28 13:47:42.927301 Runner(CoreFoundation)[57695] <Debug>: CFPrefsManagedSource<0x28245a300> (Domain: com.apple.Accessibility, User: kCFPreferencesCurrentUser, ByHost: Yes, Container: (null), Contents Need Refresh: No) loaded: an empty base plist and no additional changes from the base plist
Aug 28 13:47:42.927320 Runner(CoreFoundation)[57695] <Debug>: CFPrefsManagedSource<0x28245a780> (Domain: com.apple.Accessibility, User: kCFPreferencesAnyUser, ByHost: Yes, Container: (null), Contents Need Refresh: No) loaded: an empty base plist and no additional changes from the base plist
Aug 28 13:47:42.927483 Runner(CoreFoundation)[57695] <Debug>: CFPrefsPlistSource<0x282459f00> (Domain: com.apple.Accessibility, User: kCFPreferencesCurrentUser, ByHost: No, Container: (null), Contents Need Refresh: No) loaded: a new base plist and no additional changes from the base plist
Aug 28 13:47:42.927561 Runner(CoreFoundation)[57695] <Debug>: CFPrefsPlistSource<0x282458280> (Domain: com.apple.Accessibility, User: kCFPreferencesAnyUser, ByHost: Yes, Container: (null), Contents Need Refresh: No) loaded: an empty base plist and no additional changes from the base plist
Aug 28 13:47:42.927604 Runner(CoreFoundation)[57695] <Debug>: found no value for key ForceTouchEnabled in CFPrefsSearchListSource<0x282459e80> (Domain: com.apple.Accessibility, Container: (null))
Aug 28 13:47:42.927634 Runner(libAccessibility.dylib)[57695] <Debug>: CF Read: domain = com.apple.Accessibility, preference = ForceTouchEnabled, appID = (null) result = (null) (-1 - empty, 0 - false, 1 - true)
Aug 28 13:47:42.927689 Runner(CoreFoundation)[57695] <Debug>: found no value for key ForceTouchEnabled in CFPrefsPlistSource<0x282459f00> (Domain: com.apple.Accessibility, User: kCFPreferencesCurrentUser, ByHost: No, Container: (null), Contents Need Refresh: No)
Aug 28 13:47:42.927707 Runner(CoreFoundation)[57695] <Debug>: found no value for key UIPreferredContentSizeCategoryName in CFPrefsSearchListSource<0x28245b200> (Domain: dev.selfhost.firstActivationProbe, Container: (null))
Aug 28 13:47:42.927766 Runner(libAccessibility.dylib)[57695] <Debug>: CF Read Category Name: domain = dev.selfhost.firstActivationProbe, appID = dev.selfhost.firstActivationProbe value = (null)
Aug 28 13:47:42.928544 Runner(libAccessibility.dylib)[57695] <Notice>: Read CategoryName: per-app = 1, category name = (null)
Aug 28 13:47:42.928615 Runner(CoreFoundation)[57695] <Debug>: found no value for key UIPreferredContentSizeCategoryName in CFPrefsSearchListSource<0x28245c800> (Domain: com.apple.UIKit, Container: (null))
Aug 28 13:47:42.928668 Runner(libAccessibility.dylib)[57695] <Debug>: CF Read Category Name: domain = /var/mobile/Library/Preferences/com.apple.UIKit, appID = (null) value = (null)
Aug 28 13:47:42.928722 Runner(libAccessibility.dylib)[57695] <Notice>: Read CategoryName: per-app = 0, category name = (null)
Aug 28 13:47:42.928772 Runner(CoreFoundation)[57695] <Debug>: found no value for key UICarPlayPreferredContentSizeCategoryName in CFPrefsSearchListSource<0x28245c800> (Domain: com.apple.UIKit, Container: (null))
Aug 28 13:47:42.928826 Runner(CoreFoundation)[57695] <Debug>: found no value for key EnhancedTextLegibilityEnabled in CFPrefsSearchListSource<0x282459e80> (Domain: com.apple.Accessibility, Container: (null))
Aug 28 13:47:42.929248 Runner(libAccessibility.dylib)[57695] <Debug>: CF Read: domain = com.apple.Accessibility, preference = EnhancedTextLegibilityEnabled, appID = (null) result = (null) (-1 - empty, 0 - false, 1 - true)
Aug 28 13:47:42.929302 Runner(CoreFoundation)[57695] <Debug>: found no value for key EnhancedTextLegibilityEnabled in CFPrefsPlistSource<0x282459f00> (Domain: com.apple.Accessibility, User: kCFPreferencesCurrentUser, ByHost: No, Container: (null), Contents Need Refresh: No)
Aug 28 13:47:42.929369 Runner(CoreFoundation)[57695] <Debug>: found no value for key DarkenSystemColors in CFPrefsSearchListSource<0x282459e80> (Domain: com.apple.Accessibility, Container: (null))
Aug 28 13:47:42.929542 Runner(libAccessibility.dylib)[57695] <Debug>: CF Read: domain = com.apple.Accessibility, preference = DarkenSystemColors, appID = (null) result = (null) (-1 - empty, 0 - false, 1 - true)
Aug 28 13:47:42.929603 Runner(CoreFoundation)[57695] <Debug>: found no value for key DarkenSystemColors in CFPrefsPlistSource<0x282459f00> (Domain: com.apple.Accessibility, User: kCFPreferencesCurrentUser, ByHost: No, Container: (null), Contents Need Refresh: No)
Aug 28 13:47:42.929661 Runner(CoreFoundation)[57695] <Debug>: found no value for key UITraitCollectionChangeLoggingEnabled in CFPrefsSearchListSource<0x28245b200> (Domain: dev.selfhost.firstActivationProbe, Container: (null))
Aug 28 13:47:42.934877 Runner(CoreFoundation)[57695] <Debug>: found no value for key UIStateRestorationDebugLogging in CFPrefsSearchListSource<0x28245b200> (Domain: dev.selfhost.firstActivationProbe, Container: (null))
Aug 28 13:47:42.935014 Runner(CoreFoundation)[57695] <Debug>: Resource lookup at <private>
Aug 28 13:47:42.935093 Runner(CoreFoundation)[57695] <Debug>: looked up value <private> for key AccessibilityEnabled in CFPrefsPlistSource<0x282459f00> (Domain: com.apple.Accessibility, User: kCFPreferencesCurrentUser, ByHost: No, Container: (null), Contents Need Refresh: No) via CFPrefsSearchListSource<0x282459e80> (Domain: com.apple.Accessibility, Container: (null))
Aug 28 13:47:42.935165 Runner(libAccessibility.dylib)[57695] <Debug>: CF Read: domain = com.apple.Accessibility, preference = AccessibilityEnabled, appID = (null) result = 0 (-1 - empty, 0 - false, 1 - true)
Aug 28 13:47:42.935538 Runner(CoreFoundation)[57695] <Debug>: looked up value <private> for key InvertColorsEnabled in CFPrefsPlistSource<0x282459f00> (Domain: com.apple.Accessibility, User: kCFPreferencesCurrentUser, ByHost: No, Container: (null), Contents Need Refresh: No) via CFPrefsSearchListSource<0x282459e80> (Domain: com.apple.Accessibility, Container: (null))
Aug 28 13:47:42.935619 Runner(libAccessibility.dylib)[57695] <Debug>: CF Read: domain = com.apple.Accessibility, preference = InvertColorsEnabled, appID = (null) result = 0 (-1 - empty, 0 - false, 1 - true)
Aug 28 13:47:42.935807 Runner(libAccessibility.dylib)[57695] <Debug>: Read Global: preference = InvertColorsEnabled, result = 0 (-1 - empty, 0 - false, 1 - true)
Aug 28 13:47:42.935878 Runner(libAccessibility.dylib)[57695] <Debug>: Updated cache: preference = InvertColorsEnabled, result = 0 (-1 - empty, 0 - false, 1 - true)
Aug 28 13:47:42.935969 Runner(CoreFoundation)[57695] <Debug>: looked up value <private> for key ApplicationAccessibilityEnabled in CFPrefsPlistSource<0x282459f00> (Domain: com.apple.Accessibility, User: kCFPreferencesCurrentUser, ByHost: No, Container: (null), Contents Need Refresh: No) via CFPrefsSearchListSource<0x282459e80> (Domain: com.apple.Accessibility, Container: (null))
Aug 28 13:47:42.936045 Runner(libAccessibility.dylib)[57695] <Debug>: CF Read: domain = com.apple.Accessibility, preference = ApplicationAccessibilityEnabled, appID = (null) result = 0 (-1 - empty, 0 - false, 1 - true)
Aug 28 13:47:42.936116 Runner(XCTTargetBootstrap)[57695] <Notice>: Registering for test daemon availability notify post.
Aug 28 13:47:42.936433 Runner(XCTTargetBootstrap)[57695] <Notice>: notify_get_state check indicated test daemon not ready.
Aug 28 13:47:42.993798 Runner(XCTTargetBootstrap)[57695] <Notice>: notify_get_state check indicated test daemon not ready.
Aug 28 13:47:42.993853 Runner(XCTTargetBootstrap)[57695] <Notice>: notify_get_state check indicated test daemon not ready.
Aug 28 13:47:42.993906 Runner(CoreFoundation)[57695] <Debug>: found no value for key UIRequireCrimsonLifecycle in CFPrefsSearchListSource<0x28245c800> (Domain: com.apple.UIKit, Container: (null))
Aug 28 13:47:42.993964 Runner(UIKitCore)[57695] <Notice>: Deactivation reason added: 11; deactivation reasons: 1024 -> 3072; animating application lifecycle event: 0
Aug 28 13:47:42.994039 Runner(CoreFoundation)[57695] <Debug>: Resource lookup at <private>
Aug 28 13:47:42.994094 Runner(RunningBoardServices)[57695] <Notice>: Sending handshake request attempt #1 to server
Aug 28 13:47:42.994170 kernel(Sandbox)[0] <Notice>: /private/var/containers/Bundle/Application/1EC21BA9-82AA-4B85-B2FC-10B206BC5C35/Runner.app/Runner[57695] ==> container
Aug 28 13:47:42.994230 kernel(Sandbox)[0] <Error>: Sandbox: Runner(57695) deny(2) file-test-existence /private/etc/.mdns_debug
Aug 28 13:47:43.015014 SpringBoard(FrontBoard)[47602] <Notice>: [application<dev.selfhost.firstActivationProbe>:57695] Registered new scene: <FBUIApplicationWorkspaceScene: 0x282641d40; sceneID:dev.selfhost.firstActivationProbe-default> (fromRemnant = 0)
Aug 28 13:47:43.015094 SpringBoard(FrontBoard)[47602] <Notice>: [sceneID:dev.selfhost.firstActivationProbe-default][1] Scene activated.
Aug 28 13:47:43.015158 SpringBoard(FrontBoard)[47602] <Debug>: [FBSceneManager] PENDING:   <BSEventQueueEvent: 0x281c1e360; didAdd-sceneID:dev.selfhost.firstActivationProbe-default(0)> @ back
Aug 28 13:47:43.015363 SpringBoard(FrontBoard)[47602] <Debug>: [FBSceneManager] EXECUTING: <BSEventQueueEvent: 0x281c1e360; didAdd-sceneID:dev.selfhost.firstActivationProbe-default(0)>
Aug 28 13:47:43.015422 SpringBoard(FrontBoard)[47602] <Debug>: [FBSceneManager] PENDING:   <BSEventQueueEvent: 0x281c1e3c0; didAdd-sceneID:dev.selfhost.firstActivationProbe-default(0)> @ front
Aug 28 13:47:43.015494 SpringBoard(FrontBoard)[47602] <Debug>: [FBSceneManager] EXECUTING: <BSEventQueueEvent: 0x281c1e3c0; didAdd-sceneID:dev.selfhost.firstActivationProbe-default(0)>
Aug 28 13:47:43.015549 SpringBoard(FrontBoard)[47602] <Notice>: [application<dev.selfhost.firstActivationProbe>:57695] Workspace interruption policy did change: reconnect
Aug 28 13:47:43.016292 runningboardd(RunningBoard)[33] <Debug>: Decrementing suppression state to 2 for application<dev.selfhost.firstActivationProbe>
Aug 28 13:47:43.016558 runningboardd(RunningBoard)[33] <Debug>: Sending state 0x101174930 for application<dev.selfhost.firstActivationProbe> to [daemon<com.apple.SpringBoard>:47602]
Aug 28 13:47:43.016701 SpringBoard(FrontBoard)[47602] <Info>: Client intercepting scene update for scene: sceneID:dev.selfhost.firstActivationProbe-default
Aug 28 13:47:43.016758 SpringBoard(UIKitCore)[47602] <Notice>: Now tracking: <FBScene: 0x28285b900; sceneID:dev.selfhost.firstActivationProbe-default>
Aug 28 13:47:43.016823 SpringBoard(UIKitCore)[47602] <Notice>: [sceneID:dev.selfhost.firstActivationProbe-default] Setting deactivation reasons to: 'systemAnimation' for reason: scene settings update - settings are eligible for deactivation reasons.
Aug 28 13:47:43.016877 SpringBoard(FrontBoard)[47602] <Debug>: START SCENE MUTATION ------- sceneID:dev.selfhost.firstActivationProbe-default
Aug 28 13:47:43.016994 SpringBoard(FrontBoard)[47602] <Debug>: [FBSceneManager] PENDING:   <BSEventQueueEvent: 0x281db4520; sceneDidActivate-sceneID:dev.selfhost.firstActivationProbe-default(1)> @ back
Aug 28 13:47:43.017355 SpringBoard(FrontBoard)[47602] <Debug>: [FBSceneManager] PENDING:   <BSEventQueueEvent: 0x281c211c0; sceneUpdatePrepared-sceneID:dev.selfhost.firstActivationProbe-default(1)> @ back
Aug 28 13:47:43.017419 SpringBoard(FrontBoard)[47602] <Debug>: [FBSceneManager] PENDING:   <BSEventQueueEvent: 0x281c21620; applySettings-sceneID:dev.selfhost.firstActivationProbe-default(1)> @ back
Aug 28 13:47:43.018024 runningboardd(RunningBoard)[33] <Notice>: Acquiring assertion targeting [application<dev.selfhost.firstActivationProbe>:57695] from originator [daemon<com.apple.SpringBoard>:47602] with description <RBSAssertionDescriptor| "com.apple.frontboard.after-life.interrupted" ID:33-47602-7780 target:57695 attributes:[
Aug 28 13:47:43.018163 runningboardd(RunningBoard)[33] <Notice>: Assertion 33-47602-7780 (target:[application<dev.selfhost.firstActivationProbe>:57695]) will be created as inactive as originator process has not exited
Aug 28 13:47:43.018253 Runner(RunningBoardServices)[57695] <Notice>: Creating connection to com.apple.runningboard
Aug 28 13:47:43.018309 Runner(CoreFoundation)[57695] <Debug>: found no value for key UIStateRestorationDeveloperMode in CFPrefsSearchListSource<0x28245b200> (Domain: dev.selfhost.firstActivationProbe, Container: (null))
Aug 28 13:47:43.018932 SpringBoard(FrontBoard)[47602] <Debug>: Flushing all events for sceneID:dev.selfhost.firstActivationProbe-default
Aug 28 13:47:43.019007 SpringBoard(FrontBoard)[47602] <Debug>: [FBSceneManager] EXECUTING: <BSEventQueueEvent: 0x281db4520; sceneDidActivate-sceneID:dev.selfhost.firstActivationProbe-default(1)>
Aug 28 13:47:43.019066 SpringBoard(FrontBoard)[47602] <Debug>: [FBSceneManager] PENDING:   <BSEventQueueEvent: 0x281c20540; sceneDidActivate-sceneID:dev.selfhost.firstActivationProbe-default(1)> @ front
Aug 28 13:47:43.019125 SpringBoard(FrontBoard)[47602] <Debug>: [FBSceneManager] EXECUTING: <BSEventQueueEvent: 0x281c20540; sceneDidActivate-sceneID:dev.selfhost.firstActivationProbe-default(1)>
Aug 28 13:47:43.030282 SpringBoard[47602] <Notice>: didAddExternalForegroundApplicationSceneHandle pid:57695 scene:com.apple.frontboard.systemappservices::sceneID%3Adev.selfhost.firstActivationProbe-default now:<recentPIDs: [57695]; recentSceneIdentityTokensByPID: {57695: [com.apple.frontboard.systemappservices::sceneID%3Adev.selfhost.firstActivationProbe-default]}>
Aug 28 13:47:43.030370 SpringBoard[47602] <Notice>: policy: MRU target:<pid=57695 token=com.apple.frontboard.systemappservices::sceneID%3Adev.selfhost.firstActivationProbe-default>
Aug 28 13:47:43.030436 SpringBoard[47602] <Notice>: policy: now generation: 374; keyboardFocusTarget: <token: com.apple.frontboard.systemappservices::sceneID%3Adev.selfhost.firstActivationProbe-default; pid: 57695>; recentlyUsedScenes: <recentPIDs: [57695]; recentSceneIdentityTokensByPID: {57695: [com.apple.frontboard.systemappservices::sceneID%3Adev.selfhost.firstActivationProbe-default]}>; selectionPolicy: KeyboardArbiter; shouldSuppressRemoteDeferring: 0
Aug 28 13:47:43.033611 SpringBoard(FrontBoard)[47602] <Debug>: [FBSceneManager] EXECUTING: <BSEventQueueEvent: 0x281c211c0; sceneUpdatePrepared-sceneID:dev.selfhost.firstActivationProbe-default(1)>
Aug 28 13:47:43.033673 SpringBoard(FrontBoard)[47602] <Debug>: [FBSceneManager] PENDING:   <BSEventQueueEvent: 0x281d84060; sceneUpdatePrepared-sceneID:dev.selfhost.firstActivationProbe-default(1)> @ front
Aug 28 13:47:43.033739 SpringBoard(FrontBoard)[47602] <Debug>: [FBSceneManager] EXECUTING: <BSEventQueueEvent: 0x281d84060; sceneUpdatePrepared-sceneID:dev.selfhost.firstActivationProbe-default(1)>
Aug 28 13:47:43.033983 SpringBoard(FrontBoard)[47602] <Debug>: [FBSceneManager] EXECUTING: <BSEventQueueEvent: 0x281c21620; applySettings-sceneID:dev.selfhost.firstActivationProbe-default(1)>
Aug 28 13:47:43.034032 SpringBoard(FrontBoard)[47602] <Notice>: [sceneID:dev.selfhost.firstActivationProbe-default] scene content state changed: preparing
Aug 28 13:47:43.034091 SpringBoard(FrontBoard)[47602] <Debug>: [FBSceneManager] PENDING:   <BSEventQueueEvent: 0x281d84bc0; contentStateDidChange-sceneID:dev.selfhost.firstActivationProbe-default(1)> @ back
Aug 28 13:47:43.034132 SpringBoard(FrontBoard)[47602] <Debug>: [FBSceneManager] PENDING:   <BSEventQueueEvent: 0x281c211c0; sceneUpdateApplied-sceneID:dev.selfhost.firstActivationProbe-default(1)> @ back
Aug 28 13:47:43.034190 SpringBoard(FrontBoard)[47602] <Debug>: [FBSceneManager] PENDING:   <BSEventQueueEvent: 0x281d3d620; sceneMutationCompletion-sceneID:dev.selfhost.firstActivationProbe-default(1)> @ back
Aug 28 13:47:43.034320 SpringBoard(FrontBoard)[47602] <Debug>: [FBSceneManager] EXECUTING: <BSEventQueueEvent: 0x281d84bc0; contentStateDidChange-sceneID:dev.selfhost.firstActivationProbe-default(1)>
Aug 28 13:47:43.034366 SpringBoard(FrontBoard)[47602] <Debug>: [FBSceneManager] PENDING:   <BSEventQueueEvent: 0x281db2920; contentStateDidChange-sceneID:dev.selfhost.firstActivationProbe-default(1)> @ front
Aug 28 13:47:43.034422 SpringBoard(FrontBoard)[47602] <Debug>: [FBSceneManager] EXECUTING: <BSEventQueueEvent: 0x281db2920; contentStateDidChange-sceneID:dev.selfhost.firstActivationProbe-default(1)>
Aug 28 13:47:43.034517 SpringBoard(FrontBoard)[47602] <Notice>: [sceneID:dev.selfhost.firstActivationProbe-default] Scene lifecycle state did change: Foreground
Aug 28 13:47:43.034609 SpringBoard(FrontBoard)[47602] <Notice>: [sceneID:dev.selfhost.firstActivationProbe-default] Scene assertion state did change: ForegroundFocal.
Aug 28 13:47:43.034670 SpringBoard(FrontBoard)[47602] <Notice>: [application<dev.selfhost.firstActivationProbe>:57695] Launch assertion supersedes update of workspace assertion to ForegroundFocal.
Aug 28 13:47:43.034808 SpringBoard(FrontBoard)[47602] <Notice>: [application<dev.selfhost.firstActivationProbe>:57695] Workspace assertion state did change: ForegroundFocal (acquireAssertion = NO).
Aug 28 13:47:43.034864 SpringBoard(FrontBoard)[47602] <Debug>: [FBSceneManager] EXECUTING: <BSEventQueueEvent: 0x281c211c0; sceneUpdateApplied-sceneID:dev.selfhost.firstActivationProbe-default(1)>
Aug 28 13:47:43.034914 SpringBoard(FrontBoard)[47602] <Debug>: [FBSceneManager] PENDING:   <BSEventQueueEvent: 0x281d84b80; sceneUpdateApplied-sceneID:dev.selfhost.firstActivationProbe-default(1)> @ front
Aug 28 13:47:43.034964 SpringBoard(FrontBoardServices)[47602] <Info>: [application<dev.selfhost.firstActivationProbe>:57695] [realTime] Now monitoring resource allowance of 20.00s (at refreshInterval -1.00s)
Aug 28 13:47:43.035003 SpringBoard(FrontBoard)[47602] <Debug>: [FBSceneManager] EXECUTING: <BSEventQueueEvent: 0x281d84b80; sceneUpdateApplied-sceneID:dev.selfhost.firstActivationProbe-default(1)>
Aug 28 13:47:43.035054 SpringBoard(FrontBoard)[47602] <Notice>: [sceneID:dev.selfhost.firstActivationProbe-default] Sending scene action [Logical Activate][0xba6e] to process 0x10a1d2fd0 (watchdog: 20.00s)
Aug 28 13:47:43.035149 SpringBoard(FrontBoard)[47602] <Debug>: [FBSceneManager] EXECUTING: <BSEventQueueEvent: 0x281d3d620; sceneMutationCompletion-sceneID:dev.selfhost.firstActivationProbe-default(1)>
Aug 28 13:47:43.035168 SpringBoard(FrontBoard)[47602] <Debug>: ---------- END SCENE MUTATION: sceneID:dev.selfhost.firstActivationProbe-default
Aug 28 13:47:43.036247 runningboardd(RunningBoard)[33] <Info>: Received message from [application<dev.selfhost.firstActivationProbe>:57695] (euid 501, auid 501): handshakeWithRequest:
Aug 28 13:47:43.036280 runningboardd(RunningBoard)[33] <Notice>: Setting client for [application<dev.selfhost.firstActivationProbe>:57695] as ready
Aug 28 13:47:43.036795 Runner(UIKitCore)[57695] <Notice>: Deactivation reason removed: 10; deactivation reasons: 3072 -> 2048; animating application lifecycle event: 0
Aug 28 13:47:43.036847 Runner(RunningBoardServices)[57695] <Notice>: Handshake succeeded
Aug 28 13:47:43.036866 Runner(RunningBoardServices)[57695] <Notice>: Identity resolved as application<dev.selfhost.firstActivationProbe>
Aug 28 13:47:43.036886 Runner(FrontBoardServices)[57695] <Info>: [FBSScene] [sceneID:dev.selfhost.firstActivationProbe-default] Created client agent: <UIApplicationSceneClientAgent: 0x28085c0e0>
Aug 28 13:47:43.036909 Runner(CoreFoundation)[57695] <Debug>: Resource lookup at <private>
	Result        : file:///private/var/containers/Bundle/Application/1EC21BA9-82AA-4B85-B2FC-10B206BC5C35/Runner.app/Base.lproj/Main.storyboardc/
Aug 28 13:47:43.036928 Runner(CoreFoundation)[57695] <Debug>: Resource lookup at <private>
	Result        : file:///private/var/containers/Bundle/Application/1EC21BA9-82AA-4B85-B2FC-10B206BC5C35/Runner.app/Base.lproj/Main.storyboardc/
Aug 28 13:47:43.036946 Runner(CoreFoundation)[57695] <Debug>: Resource lookup at <private>
	Result        : file:///private/var/containers/Bundle/Application/1EC21BA9-82AA-4B85-B2FC-10B206BC5C35/Runner.app/Base.lproj/Main.storyboardc/
Aug 28 13:47:43.036964 Runner(CoreFoundation)[57695] <Debug>: Resource lookup at <private>
	Result        : file:///private/var/containers/Bundle/Application/1EC21BA9-82AA-4B85-B2FC-10B206BC5C35/Runner.app/Base.lproj/Main.storyboardc/
Aug 28 13:47:43.036990 Runner(CoreFoundation)[57695] <Debug>: Resource lookup at <private>
	Result        : file:///private/var/containers/Bundle/Application/1EC21BA9-82AA-4B85-B2FC-10B206BC5C35/Runner.app/Base.lproj/Main.storyboardc/
Aug 28 13:47:43.037047 Runner(CoreFoundation)[57695] <Debug>: Resource lookup at <private>
	Result        : file:///private/var/containers/Bundle/Application/1EC21BA9-82AA-4B85-B2FC-10B206BC5C35/Runner.app/Base.lproj/Main.storyboardc/
Aug 28 13:47:43.037075 Runner(CoreFoundation)[57695] <Debug>: Resource lookup at <private>
	Result        : file:///private/var/containers/Bundle/Application/1EC21BA9-82AA-4B85-B2FC-10B206BC5C35/Runner.app/Base.lproj/Main.storyboardc/
Aug 28 13:47:43.038608 runningboardd(RunningBoard)[33] <Info>: Received message from [application<dev.selfhost.firstActivationProbe>:57695] (euid 501, auid 501): acquireAssertionWithDescriptor:error:
Aug 28 13:47:43.038754 runningboardd(RunningBoard)[33] <Notice>: Acquiring assertion targeting [application<dev.selfhost.firstActivationProbe>:57695] from originator [application<dev.selfhost.firstActivationProbe>:57695] with description <RBSAssertionDescriptor| "Shared Background Assertion 0 for dev.selfhost.firstActivationProbe" ID:33-57695-7781 target:57695 attributes:[
Aug 28 13:47:43.038809 runningboardd(RunningBoard)[33] <Notice>: Assertion 33-57695-7781 (target:[application<dev.selfhost.firstActivationProbe>:57695]) will be created as inactive as start-time-defining assertions exist
Aug 28 13:47:43.038851 Runner(CoreFoundation)[57695] <Debug>: found no value for key _UICanvasShouldDeliverCanvasActionsToCanvasDelegateOnlyKey in CFPrefsSearchListSource<0x28245b200> (Domain: dev.selfhost.firstActivationProbe, Container: (null))
Aug 28 13:47:43.038891 Runner(CoreFoundation)[57695] <Debug>: found no value for key LogBackgroundTask in CFPrefsSearchListSource<0x28245c800> (Domain: com.apple.UIKit, Container: (null))
Aug 28 13:47:43.038922 Runner(UIKitCore)[57695] <Notice>: <private>: Will add backgroundTask with taskName: <private>, expirationHandler: <__NSGlobalBlock__: 0x1ec737410>
Aug 28 13:47:43.038941 Runner(UIKitCore)[57695] <Notice>: <private>: Created background task <private>. Assertion will be assigned soon
Aug 28 13:47:43.038959 Runner(UIKitCore)[57695] <Notice>: <private>: Creating new assertion since assertion is nil
Aug 28 13:47:43.038977 Runner(RunningBoardServices)[57695] <Info>: Acquiring assertion: <RBSAssertionDescriptor| "Shared Background Assertion 0 for dev.selfhost.firstActivationProbe" ID:(null) target:57695>
Aug 28 13:47:43.038996 Runner(RunningBoardServices)[57695] <Debug>: Adding assertion 33-57695-7781 to dictionary
Aug 28 13:47:43.039014 Runner(UIKitCore)[57695] <Notice>: <private>: Created new assertion <BKSProcessAssertion: 0x2829582d0>
Aug 28 13:47:43.039033 Runner(UIKitCore)[57695] <Notice>: Deactivation reason added: 5; deactivation reasons: 2048 -> 2080; animating application lifecycle event: 1
Aug 28 13:47:43.039058 Runner(CoreFoundation)[57695] <Debug>: found no value for key LogEventDeferring in CFPrefsSearchListSource<0x28245c800> (Domain: com.apple.UIKit, Container: (null))
Aug 28 13:47:43.039078 Runner(UIKitCore)[57695] <Notice>: [0x282159f80] Initialized with scene: <UIWindowScene: 0x105c0f860>; behavior: <_UIEventDeferringBehavior_Default: 0x280a481a0>
Aug 28 13:47:43.039096 Runner(CoreFoundation)[57695] <Debug>: found no value for key LogKeyWindow in CFPrefsSearchListSource<0x28245c800> (Domain: com.apple.UIKit, Container: (null))
        <SBDeviceApplicationSceneEntity: 0x283e948c0; ID: sceneID:dev.selfhost.firstActivationProbe-default; layoutRole: primary>
Aug 28 13:47:43.039338 Runner(CoreFoundation)[57695] <Debug>: found no value for key FullKeyboardAccessEnabled in CFPrefsSearchListSource<0x282459e80> (Domain: com.apple.Accessibility, Container: (null))
Aug 28 13:47:43.039375 Runner(libAccessibility.dylib)[57695] <Debug>: CF Read: domain = com.apple.Accessibility, preference = FullKeyboardAccessEnabled, appID = (null) result = (null) (-1 - empty, 0 - false, 1 - true)
Aug 28 13:47:43.039411 Runner(CoreFoundation)[57695] <Debug>: found no value for key FullKeyboardAccessEnabled in CFPrefsPlistSource<0x282459f00> (Domain: com.apple.Accessibility, User: kCFPreferencesCurrentUser, ByHost: No, Container: (null), Contents Need Refresh: No)
Aug 28 13:47:43.039431 Runner(CoreFoundation)[57695] <Debug>: Resource lookup at <private>
Aug 28 13:47:43.039449 Runner(CoreFoundation)[57695] <Debug>: Resource lookup at <private>
	Result        : file:///private/var/containers/Bundle/Application/1EC21BA9-82AA-4B85-B2FC-10B206BC5C35/Runner.app/Base.lproj/Main.storyboardc/
Aug 28 13:47:43.039467 Runner(CoreFoundation)[57695] <Debug>: Resource lookup at <private>
	Result        : file:///private/var/containers/Bundle/Application/1EC21BA9-82AA-4B85-B2FC-10B206BC5C35/Runner.app/Base.lproj/Main.storyboardc/UIViewController-BYZ-38-t0r.nib
Aug 28 13:47:43.039486 Runner(CoreFoundation)[57695] <Debug>: found no value for key UITraitCollectionInvalidationDebuggingModeEnabled in CFPrefsSearchListSource<0x28245b200> (Domain: dev.selfhost.firstActivationProbe, Container: (null))
Aug 28 13:47:43.039504 Runner(CoreFoundation)[57695] <Debug>: Resource lookup at <private>
Aug 28 13:47:43.039522 Runner(RunningBoardServices)[57695] <Debug>: Received message from server: async_didChangeInheritances:completion:
Aug 28 13:47:43.039536 Runner(RunningBoardServices)[57695] <Info>: didChangeInheritances
Aug 28 13:47:43.039555 Runner(RunningBoardServices)[57695] <Info>: didChangeInheritances: <RBSInheritanceChangeSet| gained:{(
Aug 28 13:47:43.039575 Runner(CoreFoundation)[57695] <Debug>: Language lookup at <private>
Aug 28 13:47:43.039598 Runner(CoreFoundation)[57695] <Debug>: Resource lookup at <private>
	Result        : file:///var/containers/Bundle/Application/1EC21BA9-82AA-4B85-B2FC-10B206BC5C35/Runner.app/Frameworks/Flutter.framework/icudtl.dat
Aug 28 13:47:43.039616 Runner(Flutter)[57695] <Notice>: SANITY CHECK: Running precompiled code.
Aug 28 13:47:43.039634 Runner(CoreFoundation)[57695] <Debug>: Resource lookup at <private>
Aug 28 13:47:43.039653 Runner(CoreFoundation)[57695] <Debug>: Resource lookup at <private>
	Result        : file:///private/var/containers/Bundle/Application/1EC21BA9-82AA-4B85-B2FC-10B206BC5C35/Runner.app/Frameworks/App.framework/
Aug 28 13:47:43.039711 Runner(Flutter)[57695] <Notice>: Using App.framework from /private/var/containers/Bundle/Application/1EC21BA9-82AA-4B85-B2FC-10B206BC5C35/Runner.app/Frameworks/App.framework
Aug 28 13:47:43.039769 Runner(CoreFoundation)[57695] <Debug>: Language lookup at <private>
        <SBDeviceApplicationSceneEntity: 0x283e948c0; ID: sceneID:dev.selfhost.firstActivationProbe-default; layoutRole: primary>
Aug 28 13:47:43.039863 SpringBoard(FrontBoard)[47602] <Info>: [sceneID:dev.selfhost.firstActivationProbe-default] Client settings updated with diff: <private>
Aug 28 13:47:43.039907 SpringBoard(FrontBoard)[47602] <Info>: [sceneID:dev.selfhost.firstActivationProbe-default] Client settings updated with diff: <private>
Aug 28 13:47:43.040034 SpringBoard(SplashBoard)[47602] <Info>: <XBApplicationSnapshot: 0x109ddf7d0; …2F3B89D0D3F1> [dev.selfhost.firstActivationProbe] not purging the cached image; force: 0; _imageAccessCount: 1; _keepImageAccessUntilExpiration: 0; _hasProtectedContent: 0; _keepImageAccessForPreheat: 0
Aug 28 13:47:43.040095 SpringBoard[47602] <Notice>: Application process state changed for dev.selfhost.firstActivationProbe: <SBApplicationProcessState: 0x281c111a0; pid: 57695; taskState: Running; visibility: Foreground>
Aug 28 13:47:43.040540 SpringBoard[47602] <Info>: -[SBApplication _processWillLaunch:] dev.selfhost.firstActivationProbe
Aug 28 13:47:43.040589 SpringBoard[47602] <Notice>: Application process state changed for dev.selfhost.firstActivationProbe: <SBApplicationProcessState: 0x281c11660; pid: 57695; taskState: Running; visibility: Foreground>
Aug 28 13:47:43.040648 SpringBoard[47602] <Info>: -[SBApplication _processDidLaunch:] dev.selfhost.firstActivationProbe
Aug 28 13:47:43.040717 SpringBoard[47602] <Notice>: Application process state changed for dev.selfhost.firstActivationProbe: <SBApplicationProcessState: 0x281c21ac0; pid: 57695; taskState: Running; visibility: Foreground>
Aug 28 13:47:43.041031 Runner(CoreFoundation)[57695] <Debug>: Resource lookup at <private>
Aug 28 13:47:43.041059 Runner(CoreFoundation)[57695] <Debug>: Resource lookup at <private>
Aug 28 13:47:43.041107 Runner(CoreFoundation)[57695] <Debug>: Resource lookup at <private>
	Result        : file:///var/containers/Bundle/Application/1EC21BA9-82AA-4B85-B2FC-10B206BC5C35/Runner.app/Frameworks/App.framework/flutter_assets/
Aug 28 13:47:43.041145 Runner(Flutter)[57695] <Notice>: ASSET PATH /var/containers/Bundle/Application/1EC21BA9-82AA-4B85-B2FC-10B206BC5C35/Runner.app/Frameworks/App.framework/flutter_assets
Aug 28 13:47:43.041267 Runner(CoreFoundation)[57695] <Debug>: Resource lookup at <private>
Aug 28 13:47:43.041364 Runner(CoreFoundation)[57695] <Debug>: Resource lookup at <private>
Aug 28 13:47:43.041536 SpringBoard(FrontBoard)[47602] <Info>: Client intercepting scene update for scene: sceneID:dev.selfhost.firstActivationProbe-default
Aug 28 13:47:43.041592 SpringBoard(FrontBoard)[47602] <Debug>: START SCENE MUTATION ------- sceneID:dev.selfhost.firstActivationProbe-default
Aug 28 13:47:43.041652 SpringBoard(FrontBoard)[47602] <Debug>: [FBSceneManager] PENDING:   <BSEventQueueEvent: 0x281c6d280; sceneUpdatePrepared-sceneID:dev.selfhost.firstActivationProbe-default(2)> @ back
Aug 28 13:47:43.041688 SpringBoard(FrontBoard)[47602] <Debug>: [FBSceneManager] PENDING:   <BSEventQueueEvent: 0x281c6d440; applySettings-sceneID:dev.selfhost.firstActivationProbe-default(2)> @ back
Aug 28 13:47:43.041728 SpringBoard(FrontBoard)[47602] <Debug>: Flushing all events for sceneID:dev.selfhost.firstActivationProbe-default
Aug 28 13:47:43.041752 SpringBoard(FrontBoard)[47602] <Debug>: [FBSceneManager] EXECUTING: <BSEventQueueEvent: 0x281c6d280; sceneUpdatePrepared-sceneID:dev.selfhost.firstActivationProbe-default(2)>
Aug 28 13:47:43.041844 SpringBoard(FrontBoard)[47602] <Debug>: [FBSceneManager] PENDING:   <BSEventQueueEvent: 0x281c6e800; sceneUpdatePrepared-sceneID:dev.selfhost.firstActivationProbe-default(2)> @ front
Aug 28 13:47:43.041929 SpringBoard(FrontBoard)[47602] <Debug>: [FBSceneManager] EXECUTING: <BSEventQueueEvent: 0x281c6e800; sceneUpdatePrepared-sceneID:dev.selfhost.firstActivationProbe-default(2)>
Aug 28 13:47:43.042012 SpringBoard(FrontBoard)[47602] <Debug>: [FBSceneManager] EXECUTING: <BSEventQueueEvent: 0x281c6d440; applySettings-sceneID:dev.selfhost.firstActivationProbe-default(2)>
Aug 28 13:47:43.042032 SpringBoard(FrontBoard)[47602] <Debug>: [FBSceneManager] PENDING:   <BSEventQueueEvent: 0x281c6d4e0; sceneUpdateApplied-sceneID:dev.selfhost.firstActivationProbe-default(2)> @ back
Aug 28 13:47:43.042073 SpringBoard(FrontBoard)[47602] <Debug>: [FBSceneManager] PENDING:   <BSEventQueueEvent: 0x281c6d0c0; sceneMutationCompletion-sceneID:dev.selfhost.firstActivationProbe-default(2)> @ back
Aug 28 13:47:43.042154 SpringBoard(FrontBoard)[47602] <Debug>: [FBSceneManager] EXECUTING: <BSEventQueueEvent: 0x281c6d4e0; sceneUpdateApplied-sceneID:dev.selfhost.firstActivationProbe-default(2)>
Aug 28 13:47:43.042253 SpringBoard(FrontBoard)[47602] <Debug>: [FBSceneManager] PENDING:   <BSEventQueueEvent: 0x281c224e0; sceneUpdateApplied-sceneID:dev.selfhost.firstActivationProbe-default(2)> @ front
Aug 28 13:47:43.042285 SpringBoard(FrontBoard)[47602] <Info>: [sceneID:dev.selfhost.firstActivationProbe-default] Sending scene action [Forward Event][0x3647] to process 0x10a1d2fd0 (watchdog: none)
Aug 28 13:47:43.042304 SpringBoard(FrontBoard)[47602] <Debug>: [FBSceneManager] EXECUTING: <BSEventQueueEvent: 0x281c224e0; sceneUpdateApplied-sceneID:dev.selfhost.firstActivationProbe-default(2)>
Aug 28 13:47:43.042355 SpringBoard(FrontBoard)[47602] <Debug>: [FBSceneManager] EXECUTING: <BSEventQueueEvent: 0x281c6d0c0; sceneMutationCompletion-sceneID:dev.selfhost.firstActivationProbe-default(2)>
Aug 28 13:47:43.042395 SpringBoard(FrontBoard)[47602] <Debug>: ---------- END SCENE MUTATION: sceneID:dev.selfhost.firstActivationProbe-default
Aug 28 13:47:43.042646 Runner(Flutter)[57695] <Notice>: [INFO:flutter/shell/common/shorebird/shorebird.cc(112)] [shorebird] SetBaseSnapshot mappings: vm_data_size=5178 iso_data_size=556021 vm_insns_size=43584 iso_insns_size=1818768 total=2423551
Aug 28 13:47:43.042664 Runner(Flutter)[57695] <Notice>: [shorebird] Preparing next boot.
Aug 28 13:47:43.042711 Runner(Flutter)[57695] <Notice>: [shorebird] No public key configured; skipping signature verification
Aug 28 13:47:43.042744 Runner(Flutter)[57695] <Notice>: [shorebird] Prepared boot of patch 6.
Aug 28 13:47:43.042772 Runner(Flutter)[57695] <Notice>: [INFO:flutter/shell/common/shorebird/shorebird.cc(663)] Shorebird updater: active path: /private/var/mobile/Containers/Data/Application/18E6667F-E66B-4E74-92D9-B14869861554/Library/Application Support/shorebird/shorebird_updater/patches/6/dlc.vmcode
Aug 28 13:47:43.042790 Runner(Flutter)[57695] <Notice>: [INFO:flutter/shell/common/shorebird/shorebird.cc(686)] Shorebird updater: active patch is a Route B container
            SceneID: sceneID:dev.selfhost.firstActivationProbe-default
Aug 28 13:47:43.043664 cfprefsd(CoreFoundation)[91] <Debug>: Process 57695 (Runner) sent a request related to { com.apple.Metal, user: mobile, kCFPreferencesCurrentHost, /Library/Managed Preferences/mobile/com.apple.Metal.plist, managed: 1 } (0x10034f970)
Aug 28 13:47:43.043704 cfprefsd(CoreFoundation)[91] <Debug>: Process 57695 (Runner) sent a request related to { com.apple.Metal, user: kCFPreferencesAnyUser, kCFPreferencesCurrentHost, /Library/Managed Preferences/com.apple.Metal.plist, managed: 1 } (0x10034f970)
Aug 28 13:47:43.043742 cfprefsd(CoreFoundation)[91] <Debug>: Process 57695 (Runner) sent a request related to { com.apple.Metal, user: mobile, kCFPreferencesAnyHost, /var/mobile/Library/Preferences/com.apple.Metal.plist, managed: 0 } (0x10034f970)
Aug 28 13:47:43.043785 Runner(Flutter)[57695] <Notice>: [INFO:flutter/shell/common/shorebird/shorebird.cc(762)] Starting Shorebird update
Aug 28 13:47:43.043804 Runner(CoreFoundation)[57695] <Debug>: Resource lookup at <private>
Aug 28 13:47:43.043823 Runner(CoreFoundation)[57695] <Debug>: setting new value <private> for key <private> in CFPrefsSource<0x281f5c780> (Domain: Volatile, User: , ByHost: No, Container: , Contents Need Refresh: No)
Aug 28 13:47:43.043872 Runner(CoreFoundation)[57695] <Debug>: looked up value <private> for key METAL_DEVICE_WRAPPER_TYPE in CFPrefsSource<0x281f5c780> (Domain: Volatile, User: , ByHost: No, Container: , Contents Need Refresh: No) via CFPrefsSearchListSource<0x28245b200> (Domain: dev.selfhost.firstActivationProbe, Container: (null))
Aug 28 13:47:43.043909 Runner(CoreFoundation)[57695] <Debug>: CFPrefsManagedSource<0x282451480> (Domain: com.apple.Metal, User: kCFPreferencesCurrentUser, ByHost: Yes, Container: (null), Contents Need Refresh: No) loaded: an empty base plist and no additional changes from the base plist
Aug 28 13:47:43.043938 Runner(CoreFoundation)[57695] <Debug>: CFPrefsManagedSource<0x282451580> (Domain: com.apple.Metal, User: kCFPreferencesAnyUser, ByHost: Yes, Container: (null), Contents Need Refresh: No) loaded: an empty base plist and no additional changes from the base plist
Aug 28 13:47:43.044089 SpringBoard(FrontBoard)[47602] <Info>: [sceneID:dev.selfhost.firstActivationProbe-default] didUpdateClientSettingsWithDiff: <private>
Aug 28 13:47:43.044119 SpringBoard(FrontBoard)[47602] <Debug>: [FBSceneManager] PENDING:   <BSEventQueueEvent: 0x281d22400; handleDidUpdateClientSettings-sceneID:dev.selfhost.firstActivationProbe-default(2)> @ back
Aug 28 13:47:43.044147 SpringBoard(FrontBoard)[47602] <Debug>: [FBSceneManager] EXECUTING: <BSEventQueueEvent: 0x281d22400; handleDidUpdateClientSettings-sceneID:dev.selfhost.firstActivationProbe-default(2)>
Aug 28 13:47:43.044201 SpringBoard(FrontBoard)[47602] <Debug>: [FBSceneManager] PENDING:   <BSEventQueueEvent: 0x281d20680; didUpdateClientSettings-sceneID:dev.selfhost.firstActivationProbe-default(2)> @ back
Aug 28 13:47:43.044219 SpringBoard(FrontBoard)[47602] <Debug>: [FBSceneManager] PENDING:   <BSEventQueueEvent: 0x281d21c80; didUpdateClientSettingsCompletion-sceneID:dev.selfhost.firstActivationProbe-default(2)> @ back
Aug 28 13:47:43.044291 SpringBoard(FrontBoard)[47602] <Debug>: [FBSceneManager] EXECUTING: <BSEventQueueEvent: 0x281d20680; didUpdateClientSettings-sceneID:dev.selfhost.firstActivationProbe-default(2)>
Aug 28 13:47:43.044309 SpringBoard(FrontBoard)[47602] <Debug>: [FBSceneManager] PENDING:   <BSEventQueueEvent: 0x281c21500; didUpdateClientSettings-sceneID:dev.selfhost.firstActivationProbe-default(2)> @ front
Aug 28 13:47:43.044334 SpringBoard(FrontBoard)[47602] <Debug>: [FBSceneManager] EXECUTING: <BSEventQueueEvent: 0x281c21500; didUpdateClientSettings-sceneID:dev.selfhost.firstActivationProbe-default(2)>
Aug 28 13:47:43.045116 SpringBoard(FrontBoard)[47602] <Debug>: [FBSceneManager] EXECUTING: <BSEventQueueEvent: 0x281d21c80; didUpdateClientSettingsCompletion-sceneID:dev.selfhost.firstActivationProbe-default(2)>
Aug 28 13:47:43.045314 SpringBoard(FrontBoard)[47602] <Info>: [sceneID:dev.selfhost.firstActivationProbe-default] didUpdateClientSettingsWithDiff: <private>
Aug 28 13:47:43.045340 SpringBoard(FrontBoard)[47602] <Debug>: [FBSceneManager] PENDING:   <BSEventQueueEvent: 0x281c21c20; handleDidUpdateClientSettings-sceneID:dev.selfhost.firstActivationProbe-default(2)> @ back
Aug 28 13:47:43.045390 SpringBoard(FrontBoard)[47602] <Debug>: [FBSceneManager] EXECUTING: <BSEventQueueEvent: 0x281c21c20; handleDidUpdateClientSettings-sceneID:dev.selfhost.firstActivationProbe-default(2)>
Aug 28 13:47:43.045570 SpringBoard(FrontBoard)[47602] <Debug>: [FBSceneManager] PENDING:   <BSEventQueueEvent: 0x281c21bc0; didUpdateClientSettings-sceneID:dev.selfhost.firstActivationProbe-default(2)> @ back
Aug 28 13:47:43.045589 SpringBoard(FrontBoard)[47602] <Debug>: [FBSceneManager] PENDING:   <BSEventQueueEvent: 0x281c21500; didUpdateClientSettingsCompletion-sceneID:dev.selfhost.firstActivationProbe-default(2)> @ back
Aug 28 13:47:43.045771 SpringBoard(FrontBoard)[47602] <Debug>: [FBSceneManager] EXECUTING: <BSEventQueueEvent: 0x281c21bc0; didUpdateClientSettings-sceneID:dev.selfhost.firstActivationProbe-default(2)>
Aug 28 13:47:43.045821 SpringBoard(FrontBoard)[47602] <Debug>: [FBSceneManager] PENDING:   <BSEventQueueEvent: 0x281c20c40; didUpdateClientSettings-sceneID:dev.selfhost.firstActivationProbe-default(2)> @ front
Aug 28 13:47:43.045860 SpringBoard(FrontBoard)[47602] <Debug>: [FBSceneManager] EXECUTING: <BSEventQueueEvent: 0x281c20c40; didUpdateClientSettings-sceneID:dev.selfhost.firstActivationProbe-default(2)>
Aug 28 13:47:43.045924 SpringBoard(FrontBoard)[47602] <Debug>: [FBSceneManager] EXECUTING: <BSEventQueueEvent: 0x281c21500; didUpdateClientSettingsCompletion-sceneID:dev.selfhost.firstActivationProbe-default(2)>
Aug 28 13:47:43.046133 Runner(CoreFoundation)[57695] <Debug>: CFPrefsPlistSource<0x282451400> (Domain: com.apple.Metal, User: kCFPreferencesCurrentUser, ByHost: No, Container: (null), Contents Need Refresh: No) loaded: an empty base plist and no additional changes from the base plist
Aug 28 13:47:43.046152 Runner(CoreFoundation)[57695] <Debug>: CFPrefsPlistSource<0x282451700> (Domain: com.apple.Metal, User: kCFPreferencesAnyUser, ByHost: Yes, Container: (null), Contents Need Refresh: No) loaded: an empty base plist and no additional changes from the base plist
Aug 28 13:47:43.046180 Runner(CoreFoundation)[57695] <Debug>: found no value for key UseMetalTelemetry in CFPrefsSearchListSource<0x282451500> (Domain: com.apple.Metal, Container: (null))
Aug 28 13:47:43.046220 Runner(CoreFoundation)[57695] <Debug>: Resource lookup at <private>
Aug 28 13:47:43.046271 Runner(CoreFoundation)[57695] <Debug>: found no value for key MetalForceCaptureEnabled in CFPrefsSearchListSource<0x28245b200> (Domain: dev.selfhost.firstActivationProbe, Container: (null))
Aug 28 13:47:43.046290 Runner(CoreFoundation)[57695] <Debug>: found no value for key VertexInstanceBoundsCheckMode in CFPrefsSearchListSource<0x282451500> (Domain: com.apple.Metal, Container: (null))
Aug 28 13:47:43.046309 Runner(CoreFoundation)[57695] <Debug>: found no value for key DisableDriverSuballocation in CFPrefsSearchListSource<0x282451500> (Domain: com.apple.Metal, Container: (null))
Aug 28 13:47:43.046328 runningboardd(RunningBoard)[33] <Debug>: Adding assertion 33-47602-7780 (target:[application<dev.selfhost.firstActivationProbe>:57695])
Aug 28 13:47:43.046368 Runner(CoreFoundation)[57695] <Debug>: found no value for key CPUMappingForPrivateTexturesMode in CFPrefsSearchListSource<0x282451500> (Domain: com.apple.Metal, Container: (null))
Aug 28 13:47:43.046414 Runner(CoreFoundation)[57695] <Debug>: found no value for key IOSurfaceCompressedWriteValidation in CFPrefsSearchListSource<0x282451500> (Domain: com.apple.Metal, Container: (null))
Aug 28 13:47:43.046476 Runner(CoreFoundation)[57695] <Debug>: Language lookup at <private>
Aug 28 13:47:43.046506 Runner(CoreFoundation)[57695] <Debug>: Resource lookup at <private>
Aug 28 13:47:43.046541 Runner(CoreFoundation)[57695] <Debug>: Resource lookup at <private>
Aug 28 13:47:43.046562 runningboardd(RunningBoard)[33] <Info>: application<dev.selfhost.firstActivationProbe> is now targeted by 3 assertions
Aug 28 13:47:43.046581 runningboardd(RunningBoard)[33] <Notice>: [application<dev.selfhost.firstActivationProbe>:57695] Set darwin role to: UserInteractiveFocal
Aug 28 13:47:43.046655 Runner(CoreFoundation)[57695] <Debug>: Resource lookup at <private>
Aug 28 13:47:43.046722 runningboardd(RunningBoard)[33] <Info>: Finished acquiring assertion 33-47602-7778 (target:application<dev.selfhost.firstActivationProbe>)
Aug 28 13:47:43.046740 Runner(CoreFoundation)[57695] <Debug>: Resource lookup at <private>
Aug 28 13:47:43.046815 Runner(CoreFoundation)[57695] <Debug>: Resource lookup at <private>
Aug 28 13:47:43.046865 Runner(CoreFoundation)[57695] <Debug>: Resource lookup at <private>
Aug 28 13:47:43.046883 Runner(CoreFoundation)[57695] <Debug>: Resource lookup at <private>
Aug 28 13:47:43.047166 runningboardd(RunningBoard)[33] <Info>: [application<dev.selfhost.firstActivationProbe>:57695] Disabled CPU monitoring
Aug 28 13:47:43.047185 Runner(CoreFoundation)[57695] <Debug>: Resource lookup at <private>
Aug 28 13:47:43.047203 Runner(CoreFoundation)[57695] <Debug>: Resource lookup at <private>
Aug 28 13:47:43.047221 Runner(CoreFoundation)[57695] <Debug>: Resource lookup at <private>
Aug 28 13:47:43.047284 Runner(CoreFoundation)[57695] <Debug>: Resource lookup at <private>
Aug 28 13:47:43.047307 Runner(CoreFoundation)[57695] <Debug>: Resource lookup at <private>
Aug 28 13:47:43.047345 Runner(CoreFoundation)[57695] <Debug>: Resource lookup at <private>
Aug 28 13:47:43.047363 Runner(CoreFoundation)[57695] <Debug>: Resource lookup at <private>
Aug 28 13:47:43.047402 Runner(CoreFoundation)[57695] <Debug>: Resource lookup at <private>
Aug 28 13:47:43.047832 SpringBoard(RunningBoardServices)[47602] <Info>: Update delivered for [application<dev.selfhost.firstActivationProbe>:57695] with taskState 4
Aug 28 13:47:43.048012 kernel(Sandbox)[0] <Error>: Sandbox: Runner(57695) deny(1) sysctl-read kern.iossupportversion
Aug 28 13:47:43.048071 SpringBoard(RunningBoardServices)[47602] <Info>: Update delivered for [application<dev.selfhost.firstActivationProbe>:57695] with taskState 4
Aug 28 13:47:43.048264 runningboardd(RunningBoard)[33] <Debug>: Sending state 0x101174930 for application<dev.selfhost.firstActivationProbe> to [daemon<com.apple.mediaserverd>:36]
Aug 28 13:47:43.048352 runningboardd(RunningBoard)[33] <Info>: Finished acquiring assertion 33-33-7779 (target:[application<dev.selfhost.firstActivationProbe>:57695])
Aug 28 13:47:43.048375 runningboardd(RunningBoard)[33] <Info>: Finished acquiring assertion 33-47602-7780 (target:[application<dev.selfhost.firstActivationProbe>:57695])
Aug 28 13:47:43.048393 runningboardd(RunningBoard)[33] <Info>: [application<dev.selfhost.firstActivationProbe>:57695] Reset CPU monitoring limits to defaults
Aug 28 13:47:43.048411 runningboardd(RunningBoard)[33] <Info>: [application<dev.selfhost.firstActivationProbe>:57695] Resumed CPU monitoring
Aug 28 13:47:43.048428 runningboardd(RunningBoard)[33] <Info>: [application<dev.selfhost.firstActivationProbe>:57695] Applying updated state
Aug 28 13:47:43.048446 runningboardd(RunningBoard)[33] <Notice>: Successfully acquired underlying assertion for [application<dev.selfhost.firstActivationProbe>:57695]
Aug 28 13:47:43.048494 runningboardd(RunningBoard)[33] <Debug>: Adding assertion 33-57695-7781 (target:[application<dev.selfhost.firstActivationProbe>:57695])
Aug 28 13:47:43.048634 runningboardd(RunningBoard)[33] <Debug>: Updating events for assertion: 33-47602-7778 (target:application<dev.selfhost.firstActivationProbe>)
Aug 28 13:47:43.048667 runningboardd(RunningBoard)[33] <Debug>: Sending state 0x101174930 for application<dev.selfhost.firstActivationProbe> to [daemon<com.apple.symptomsd>:170]
Aug 28 13:47:43.048767 runningboardd(RunningBoard)[33] <Info>: application<dev.selfhost.firstActivationProbe> is now targeted by 4 assertions
Aug 28 13:47:43.048808 runningboardd(RunningBoard)[33] <Debug>: Removing events for context: 33-47602-7778 (target:application<dev.selfhost.firstActivationProbe>)
Aug 28 13:47:43.048835 runningboardd(RunningBoard)[33] <Notice>: [application<dev.selfhost.firstActivationProbe>:57695] reported to RB as running
Aug 28 13:47:43.048942 runningboardd(RunningBoard)[33] <Debug>: Enqueueing events for assertion: 33-47602-7778 (target:application<dev.selfhost.firstActivationProbe>)
Aug 28 13:47:43.048973 runningboardd(RunningBoard)[33] <Debug>: Updating events for assertion: 33-33-7779 (target:[application<dev.selfhost.firstActivationProbe>:57695])
Aug 28 13:47:43.049006 runningboardd(RunningBoard)[33] <Debug>: Removing events for context: 33-33-7779 (target:[application<dev.selfhost.firstActivationProbe>:57695])
Aug 28 13:47:43.049025 runningboardd(RunningBoard)[33] <Debug>: Decrementing suppression state to 1 for application<dev.selfhost.firstActivationProbe>
Aug 28 13:47:43.049338 kernel(Sandbox)[0] <Error>: Sandbox: Runner(57695) deny(1) sysctl-read machdep.cpu.brand_string
Aug 28 13:47:43.049407 Runner(CoreFoundation)[57695] <Debug>: Resource lookup at <private>
Aug 28 13:47:43.049527 Runner(CoreFoundation)[57695] <Debug>: found no value for key UIViewLayoutFeedbackLoopDebuggingThreshold in CFPrefsSearchListSource<0x28245b200> (Domain: dev.selfhost.firstActivationProbe, Container: (null))
Aug 28 13:47:43.049586 Runner(CoreFoundation)[57695] <Debug>: found no value for key UIViewUseStaleDelegateContentInsets in CFPrefsSearchListSource<0x28245b200> (Domain: dev.selfhost.firstActivationProbe, Container: (null))
Aug 28 13:47:43.049651 Runner(CoreFoundation)[57695] <Debug>: found no value for key _UIConstraintBasedLayoutEngageNonLazily in CFPrefsSearchListSource<0x28245b200> (Domain: dev.selfhost.firstActivationProbe, Container: (null))
Aug 28 13:47:43.049700 Runner(Flutter)[57695] <Notice>: [shorebird] Sending patch check request: PatchCheckRequest { app_id: "235a9d93-ef97-6372-d78a-ce88f798a726", channel: "stable", release_version: "1.3.0+1", platform: "ios", arch: "aarch64", client_id: "eb65ad4b-0c7a-4c80-8d71-7e98c91af47a", current_patch_number: Some(6) }
Aug 28 13:47:43.049741 Runner(CoreFoundation)[57695] <Debug>: Resource lookup at <private>
Aug 28 13:47:43.049781 Runner(CoreFoundation)[57695] <Debug>: Resource lookup at <private>
Aug 28 13:47:43.049822 Runner(CoreFoundation)[57695] <Debug>: setting new value <private> for key <private> in CFPrefsSource<0x281f5c780> (Domain: Volatile, User: , ByHost: No, Container: , Contents Need Refresh: No)
Aug 28 13:47:43.049862 Runner(CoreFoundation)[57695] <Debug>: looked up value <private> for key METAL_ERROR_MODE in CFPrefsSource<0x281f5c780> (Domain: Volatile, User: , ByHost: No, Container: , Contents Need Refresh: No) via CFPrefsSearchListSource<0x28245b200> (Domain: dev.selfhost.firstActivationProbe, Container: (null))
Aug 28 13:47:43.049895 Runner(CoreFoundation)[57695] <Debug>: setting new value <private> for key <private> in CFPrefsSource<0x281f5c780> (Domain: Volatile, User: , ByHost: No, Container: , Contents Need Refresh: No)
Aug 28 13:47:43.049945 Runner(CoreFoundation)[57695] <Debug>: looked up value <private> for key METAL_DEBUG_ERROR_MODE in CFPrefsSource<0x281f5c780> (Domain: Volatile, User: , ByHost: No, Container: , Contents Need Refresh: No) via CFPrefsSearchListSource<0x28245b200> (Domain: dev.selfhost.firstActivationProbe, Container: (null))
Aug 28 13:47:43.049989 Runner(CoreFoundation)[57695] <Debug>: setting new value <private> for key <private> in CFPrefsSource<0x281f5c780> (Domain: Volatile, User: , ByHost: No, Container: , Contents Need Refresh: No)
Aug 28 13:47:43.050342 Runner(CoreFoundation)[57695] <Debug>: looked up value <private> for key METAL_WARNING_MODE in CFPrefsSource<0x281f5c780> (Domain: Volatile, User: , ByHost: No, Container: , Contents Need Refresh: No) via CFPrefsSearchListSource<0x28245b200> (Domain: dev.selfhost.firstActivationProbe, Container: (null))
Aug 28 13:47:43.050362 Runner(CoreFoundation)[57695] <Debug>: setting new value <private> for key <private> in CFPrefsSource<0x281f5c780> (Domain: Volatile, User: , ByHost: No, Container: , Contents Need Refresh: No)
Aug 28 13:47:43.050410 Runner(CoreFoundation)[57695] <Debug>: looked up value <private> for key METAL_ERROR_CHECK_EXTENDED_MODE in CFPrefsSource<0x281f5c780> (Domain: Volatile, User: , ByHost: No, Container: , Contents Need Refresh: No) via CFPrefsSearchListSource<0x28245b200> (Domain: dev.selfhost.firstActivationProbe, Container: (null))
Aug 28 13:47:43.050445 Runner(CoreFoundation)[57695] <Debug>: found no value for key dataBufferCachingOverride in CFPrefsSearchListSource<0x282451500> (Domain: com.apple.Metal, Container: (null))
Aug 28 13:47:43.050474 Runner(CoreFoundation)[57695] <Debug>: found no value for key disableBlitEncoderCoalescing in CFPrefsPlistSource<0x282451400> (Domain: com.apple.Metal, User: kCFPreferencesCurrentUser, ByHost: No, Container: (null), Contents Need Refresh: No)
Aug 28 13:47:43.050492 Runner(CoreFoundation)[57695] <Debug>: found no value for key disableEncoderCoalescing in CFPrefsPlistSource<0x282451400> (Domain: com.apple.Metal, User: kCFPreferencesCurrentUser, ByHost: No, Container: (null), Contents Need Refresh: No)
Aug 28 13:47:43.050510 Runner(CoreFoundation)[57695] <Debug>: Resource lookup at <private>
Aug 28 13:47:43.050529 Runner(CoreFoundation)[57695] <Debug>: Resource lookup at <private>
Aug 28 13:47:43.050547 Runner(CoreFoundation)[57695] <Debug>: looked up value <private> for key AppleLanguages in CFPrefsPlistSource<0x28245ca80> (Domain: kCFPreferencesAnyApplication, User: kCFPreferencesCurrentUser, ByHost: No, Container: (null), Contents Need Refresh: No) via CFPrefsSearchListSource<0x28245b200> (Domain: dev.selfhost.firstActivationProbe, Container: (null))
Aug 28 13:47:43.050566 Runner(CoreFoundation)[57695] <Debug>: Resource lookup at <private>
Aug 28 13:47:43.050584 Runner(CoreFoundation)[57695] <Debug>: Resource lookup at <private>
Aug 28 13:47:43.050601 Runner(CoreFoundation)[57695] <Debug>: Resource lookup at <private>
Aug 28 13:47:43.050619 Runner(CoreFoundation)[57695] <Debug>: Resource lookup at <private>
Aug 28 13:47:43.050637 Runner(CoreFoundation)[57695] <Debug>: Resource lookup at <private>
Aug 28 13:47:43.050655 Runner(CoreFoundation)[57695] <Debug>: Resource lookup at <private>
Aug 28 13:47:43.050673 Runner(CoreFoundation)[57695] <Debug>: Resource lookup at <private>
	Result        : file:///private/var/containers/Bundle/Application/1EC21BA9-82AA-4B85-B2FC-10B206BC5C35/Runner.app/Base.lproj/LaunchScreen.storyboardc/
Aug 28 13:47:43.050719 Runner(CoreFoundation)[57695] <Debug>: Resource lookup at <private>
	Result        : file:///private/var/containers/Bundle/Application/1EC21BA9-82AA-4B85-B2FC-10B206BC5C35/Runner.app/Base.lproj/LaunchScreen.storyboardc/
Aug 28 13:47:43.050754 Runner(CoreFoundation)[57695] <Debug>: Resource lookup at <private>
	Result        : file:///private/var/containers/Bundle/Application/1EC21BA9-82AA-4B85-B2FC-10B206BC5C35/Runner.app/Base.lproj/LaunchScreen.storyboardc/UIViewController-01J-lp-oVM.nib
Aug 28 13:47:43.050782 Runner(CoreFoundation)[57695] <Debug>: Resource lookup at <private>
	Result        : file:///private/var/containers/Bundle/Application/1EC21BA9-82AA-4B85-B2FC-10B206BC5C35/Runner.app/Base.lproj/LaunchScreen.storyboardc/01J-lp-oVM-view-Ze5-6b-2t3.nib
Aug 28 13:47:43.050801 Runner(CoreFoundation)[57695] <Debug>: Resource lookup at <private>
	Result        : file:///private/var/containers/Bundle/Application/1EC21BA9-82AA-4B85-B2FC-10B206BC5C35/Runner.app/Base.lproj/LaunchScreen.storyboardc/
Aug 28 13:47:43.050819 Runner(CoreFoundation)[57695] <Debug>: Resource lookup at <private>
	Result        : file:///private/var/containers/Bundle/Application/1EC21BA9-82AA-4B85-B2FC-10B206BC5C35/Runner.app/Base.lproj/LaunchScreen.storyboardc/01J-lp-oVM-view-Ze5-6b-2t3.nib
Aug 28 13:47:43.050837 Runner(CoreFoundation)[57695] <Debug>: found no value for key _UIConstraintBasedLayout in CFPrefsSearchListSource<0x28245b200> (Domain: dev.selfhost.firstActivationProbe, Container: (null))
Aug 28 13:47:43.050856 Runner(CoreFoundation)[57695] <Debug>: Resource lookup at <private>
	Result        : file:///private/var/containers/Bundle/Application/1EC21BA9-82AA-4B85-B2FC-10B206BC5C35/Runner.app/Assets.car
Aug 28 13:47:43.050874 Runner(CoreFoundation)[57695] <Debug>: found no value for key CUIShowDebugLogs in CFPrefsSearchListSource<0x28245b200> (Domain: dev.selfhost.firstActivationProbe, Container: (null))
Aug 28 13:47:43.050893 Runner(CoreFoundation)[57695] <Debug>: found no value for key CGAllowDebuggingDefaults in CFPrefsPlistSource<0x28245ca80> (Domain: kCFPreferencesAnyApplication, User: kCFPreferencesCurrentUser, ByHost: No, Container: (null), Contents Need Refresh: No)
Aug 28 13:47:43.050911 Runner(CoreFoundation)[57695] <Debug>: found no value for key NSConstraintBasedLayoutTrackAllocation in CFPrefsSearchListSource<0x28245b200> (Domain: dev.selfhost.firstActivationProbe, Container: (null))
Aug 28 13:47:43.050928 Runner(CoreFoundation)[57695] <Debug>: found no value for key UIViewShowAlignmentRects in CFPrefsSearchListSource<0x28245b200> (Domain: dev.selfhost.firstActivationProbe, Container: (null))
Aug 28 13:47:43.050946 Runner(CoreFoundation)[57695] <Debug>: found no value for key NSConstraintBasedLayoutAriadneTracepoints in CFPrefsSearchListSource<0x28245b200> (Domain: dev.selfhost.firstActivationProbe, Container: (null))
Aug 28 13:47:43.051009 Runner(CoreFoundation)[57695] <Debug>: Resource lookup at <private>
Aug 28 13:47:43.051038 Runner(CoreFoundation)[57695] <Debug>: found no value for key ReduceMotionEnabled in CFPrefsSearchListSource<0x282459e80> (Domain: com.apple.Accessibility, Container: (null))
Aug 28 13:47:43.051057 Runner(libAccessibility.dylib)[57695] <Debug>: CF Read: domain = com.apple.Accessibility, preference = ReduceMotionEnabled, appID = (null) result = (null) (-1 - empty, 0 - false, 1 - true)
Aug 28 13:47:43.051075 Runner(CoreFoundation)[57695] <Debug>: found no value for key ReduceMotionEnabled in CFPrefsPlistSource<0x282459f00> (Domain: com.apple.Accessibility, User: kCFPreferencesCurrentUser, ByHost: No, Container: (null), Contents Need Refresh: No)
Aug 28 13:47:43.051111 SpringBoard(FrontBoard)[47602] <Info>: [sceneID:dev.selfhost.firstActivationProbe-default] Client settings updated with diff: <private>
Aug 28 13:47:43.051147 SpringBoard(FrontBoard)[47602] <Info>: [sceneID:dev.selfhost.firstActivationProbe-default] didUpdateClientSettingsWithDiff: <private>
Aug 28 13:47:43.051178 SpringBoard(FrontBoard)[47602] <Debug>: [FBSceneManager] PENDING:   <BSEventQueueEvent: 0x281d1f620; handleDidUpdateClientSettings-sceneID:dev.selfhost.firstActivationProbe-default(2)> @ back
Aug 28 13:47:43.051204 SpringBoard(FrontBoard)[47602] <Debug>: [FBSceneManager] EXECUTING: <BSEventQueueEvent: 0x281d1f620; handleDidUpdateClientSettings-sceneID:dev.selfhost.firstActivationProbe-default(2)>
Aug 28 13:47:43.051337 SpringBoard(FrontBoard)[47602] <Debug>: [FBSceneManager] PENDING:   <BSEventQueueEvent: 0x281d1b520; didUpdateClientSettings-sceneID:dev.selfhost.firstActivationProbe-default(2)> @ back
Aug 28 13:47:43.051375 SpringBoard(FrontBoard)[47602] <Debug>: [FBSceneManager] PENDING:   <BSEventQueueEvent: 0x281d16e20; didUpdateClientSettingsCompletion-sceneID:dev.selfhost.firstActivationProbe-default(2)> @ back
Aug 28 13:47:43.051481 SpringBoard(FrontBoard)[47602] <Debug>: [FBSceneManager] EXECUTING: <BSEventQueueEvent: 0x281d1b520; didUpdateClientSettings-sceneID:dev.selfhost.firstActivationProbe-default(2)>
Aug 28 13:47:43.051499 SpringBoard(FrontBoard)[47602] <Debug>: [FBSceneManager] PENDING:   <BSEventQueueEvent: 0x281c20540; didUpdateClientSettings-sceneID:dev.selfhost.firstActivationProbe-default(2)> @ front
Aug 28 13:47:43.051517 SpringBoard(FrontBoard)[47602] <Debug>: [FBSceneManager] EXECUTING: <BSEventQueueEvent: 0x281c20540; didUpdateClientSettings-sceneID:dev.selfhost.firstActivationProbe-default(2)>
Aug 28 13:47:43.051586 SpringBoard(FrontBoard)[47602] <Debug>: [FBSceneManager] EXECUTING: <BSEventQueueEvent: 0x281d16e20; didUpdateClientSettingsCompletion-sceneID:dev.selfhost.firstActivationProbe-default(2)>
Aug 28 13:47:43.051721 SpringBoard(FrontBoard)[47602] <Info>: [sceneID:dev.selfhost.firstActivationProbe-default] Client settings updated with diff: <private>
Aug 28 13:47:43.051739 SpringBoard(FrontBoard)[47602] <Info>: [sceneID:dev.selfhost.firstActivationProbe-default] didUpdateClientSettingsWithDiff: <private>
Aug 28 13:47:43.051757 SpringBoard(FrontBoard)[47602] <Debug>: [FBSceneManager] PENDING:   <BSEventQueueEvent: 0x281c22920; handleDidUpdateClientSettings-sceneID:dev.selfhost.firstActivationProbe-default(2)> @ back
Aug 28 13:47:43.051776 SpringBoard(FrontBoard)[47602] <Debug>: [FBSceneManager] EXECUTING: <BSEventQueueEvent: 0x281c22920; handleDidUpdateClientSettings-sceneID:dev.selfhost.firstActivationProbe-default(2)>
Aug 28 13:47:43.051830 SpringBoard(FrontBoard)[47602] <Debug>: [FBSceneManager] PENDING:   <BSEventQueueEvent: 0x281c21540; didUpdateClientSettings-sceneID:dev.selfhost.firstActivationProbe-default(2)> @ back
Aug 28 13:47:43.051848 SpringBoard(FrontBoard)[47602] <Debug>: [FBSceneManager] PENDING:   <BSEventQueueEvent: 0x281c234c0; didUpdateClientSettingsCompletion-sceneID:dev.selfhost.firstActivationProbe-default(2)> @ back
Aug 28 13:47:43.051961 SpringBoard(FrontBoard)[47602] <Debug>: [FBSceneManager] EXECUTING: <BSEventQueueEvent: 0x281c21540; didUpdateClientSettings-sceneID:dev.selfhost.firstActivationProbe-default(2)>
Aug 28 13:47:43.051979 SpringBoard(FrontBoard)[47602] <Debug>: [FBSceneManager] PENDING:   <BSEventQueueEvent: 0x281c232c0; didUpdateClientSettings-sceneID:dev.selfhost.firstActivationProbe-default(2)> @ front
Aug 28 13:47:43.051996 SpringBoard(FrontBoard)[47602] <Debug>: [FBSceneManager] EXECUTING: <BSEventQueueEvent: 0x281c232c0; didUpdateClientSettings-sceneID:dev.selfhost.firstActivationProbe-default(2)>
Aug 28 13:47:43.052102 SpringBoard(FrontBoard)[47602] <Debug>: [FBSceneManager] EXECUTING: <BSEventQueueEvent: 0x281c234c0; didUpdateClientSettingsCompletion-sceneID:dev.selfhost.firstActivationProbe-default(2)>
Aug 28 13:47:43.052208 Runner(CoreFoundation)[57695] <Debug>: Resource lookup at <private>
Aug 28 13:47:43.052249 Runner(CoreFoundation)[57695] <Debug>: Resource lookup at <private>
Aug 28 13:47:43.052290 Runner(CoreFoundation)[57695] <Debug>: Resource lookup at <private>
Aug 28 13:47:43.052336 Runner(CoreFoundation)[57695] <Debug>: Resource lookup at <private>
Aug 28 13:47:43.052384 Runner(CoreFoundation)[57695] <Debug>: found no value for key UIScrollViewForceConvertSafeAreaToContentInsetPreference in CFPrefsSearchListSource<0x28245b200> (Domain: dev.selfhost.firstActivationProbe, Container: (null))
Aug 28 13:47:43.052436 runningboardd(RunningBoard)[33] <Info>: Finished acquiring assertion 33-57695-7781 (target:[application<dev.selfhost.firstActivationProbe>:57695])
Aug 28 13:47:43.052470 runningboardd(RunningBoard)[33] <Debug>: Enqueueing events for assertion: 33-33-7779 (target:[application<dev.selfhost.firstActivationProbe>:57695])
Aug 28 13:47:43.052526 runningboardd(RunningBoard)[33] <Debug>: Updating events for assertion: 33-47602-7780 (target:[application<dev.selfhost.firstActivationProbe>:57695])
Aug 28 13:47:43.052563 runningboardd(RunningBoard)[33] <Debug>: Removing events for context: 33-47602-7780 (target:[application<dev.selfhost.firstActivationProbe>:57695])
Aug 28 13:47:43.052604 runningboardd(RunningBoard)[33] <Debug>: Updating events for assertion: 33-57695-7781 (target:[application<dev.selfhost.firstActivationProbe>:57695])
Aug 28 13:47:43.052648 runningboardd(RunningBoard)[33] <Debug>: Removing events for context: 33-57695-7781 (target:[application<dev.selfhost.firstActivationProbe>:57695])
Aug 28 13:47:43.052919 SpringBoard(RunningBoardServices)[47602] <Info>: Update delivered for [application<dev.selfhost.firstActivationProbe>:57695] with taskState 4
Aug 28 13:47:43.055352 mediaserverd(RunningBoardServices)[36] <Notice>: Hit the server for a process handle 174996520000e15f that resolved to: [application<dev.selfhost.firstActivationProbe>:57695]
Aug 28 13:47:43.055628 mediaserverd(RunningBoardServices)[36] <Info>: Update delivered for [application<dev.selfhost.firstActivationProbe>:57695] with taskState 4
Aug 28 13:47:43.055877 mediaserverd(MediaExperience)[36] <Notice>: -CMSessionMgr- CMSessionMgrHandleApplicationStateChange: Client dev.selfhost.firstActivationProbe with pid '57695' is now Foreground Running. Background entitlement: NO ActiveLongFormVideoSession: NO WhitelistedLongFormVideoApp NO
Aug 28 13:47:43.057882 mediaserverd(MediaExperience)[36] <Notice>: -CMSessionMgr- CMSessionMgrHandleApplicationStateChange: Sending EndInterruption to dev.selfhost.firstActivationProbe with pid '57695' because client moved to ForegroundRunning and is not allowed to play in the background
Aug 28 13:47:43.057975 mediaserverd(RunningBoardServices)[36] <Info>: Update delivered for [application<dev.selfhost.firstActivationProbe>:57695] with taskState 4
Aug 28 13:47:43.059838 Runner(CoreFoundation)[57695] <Debug>: found no value for key UIBarsApplyChromelessEverywhere in CFPrefsSearchListSource<0x28245b200> (Domain: dev.selfhost.firstActivationProbe, Container: (null))
Aug 28 13:47:43.059857 Runner(CoreFoundation)[57695] <Debug>: looked up value <private> for key AppleLanguages in CFPrefsPlistSource<0x28245ca80> (Domain: kCFPreferencesAnyApplication, User: kCFPreferencesCurrentUser, ByHost: No, Container: (null), Contents Need Refresh: No) via CFPrefsSearchListSource<0x28245b200> (Domain: dev.selfhost.firstActivationProbe, Container: (null))
Aug 28 13:47:43.059876 Runner(Flutter)[57695] <Notice>: [ERROR:flutter/shell/common/shorebird/shorebird.cc(210)] ROUTEB: hook entered
Aug 28 13:47:43.059894 Runner(Flutter)[57695] <Notice>: [ERROR:flutter/shell/common/shorebird/shorebird.cc(210)] ROUTEB: parsed, targets=1, built-for=1db897c72e9c358db599a2d62fbb2a68
Aug 28 13:47:43.059911 Runner(Flutter)[57695] <Notice>: [ERROR:flutter/shell/common/shorebird/shorebird.cc(210)] ROUTEB: running=1db897c72e9c358db599a2d62fbb2a68
Aug 28 13:47:43.059928 Runner(Flutter)[57695] <Notice>: [ERROR:flutter/shell/common/shorebird/shorebird.cc(210)] ROUTEB: assert-pool-offset supplied=0xd4a8
Aug 28 13:47:43.059946 Runner(Flutter)[57695] <Notice>: ROUTEB: activated activationState in package:first_activation_probe/main.dart before main
Aug 28 13:47:43.061057 SpringBoard(SpringBoardServices)[47602] <Debug>: [SBMig] Runner:57695 calling _SBXXDeactivateReachability (msgID 100052) --> implemented by SpringBoard.
Aug 28 13:47:43.061690 Runner(Flutter)[57695] <Notice>: [ERROR:flutter/shell/common/shorebird/shorebird.cc(210)] ROUTEB: applied 1/1 targets, entering main
Aug 28 13:47:43.061723 Runner(CoreFoundation)[57695] <Debug>: found no value for key UseSingleSystemColor in CFPrefsSearchListSource<0x282459e80> (Domain: com.apple.Accessibility, Container: (null))
Aug 28 13:47:43.061742 Runner(libAccessibility.dylib)[57695] <Debug>: CF Read: domain = com.apple.Accessibility, preference = UseSingleSystemColor, appID = (null) result = (null) (-1 - empty, 0 - false, 1 - true)
Aug 28 13:47:43.061761 Runner(CoreFoundation)[57695] <Debug>: found no value for key UseSingleSystemColor in CFPrefsPlistSource<0x282459f00> (Domain: com.apple.Accessibility, User: kCFPreferencesCurrentUser, ByHost: No, Container: (null), Contents Need Refresh: No)
Aug 28 13:47:43.061780 Runner(CoreFoundation)[57695] <Debug>: found no value for key UIViewLocalizeOverrideLayoutEngine in CFPrefsSearchListSource<0x28245b200> (Domain: dev.selfhost.firstActivationProbe, Container: (null))
Aug 28 13:47:43.062635 Runner(CoreFoundation)[57695] <Debug>: found no value for key NSPreTigerAttributedStringHash in CFPrefsSearchListSource<0x28245b200> (Domain: dev.selfhost.firstActivationProbe, Container: (null))
Aug 28 13:47:43.062653 Runner(CoreFoundation)[57695] <Debug>: looked up value <private> for key AppleLanguages in CFPrefsPlistSource<0x28245ca80> (Domain: kCFPreferencesAnyApplication, User: kCFPreferencesCurrentUser, ByHost: No, Container: (null), Contents Need Refresh: No) via CFPrefsSearchListSource<0x28245b200> (Domain: dev.selfhost.firstActivationProbe, Container: (null))
Aug 28 13:47:43.062672 Runner(CoreFoundation)[57695] <Debug>: looked up value <private> for key AppleLanguages in CFPrefsPlistSource<0x28245ca80> (Domain: kCFPreferencesAnyApplication, User: kCFPreferencesCurrentUser, ByHost: No, Container: (null), Contents Need Refresh: No) via CFPrefsSearchListSource<0x28245b200> (Domain: dev.selfhost.firstActivationProbe, Container: (null))
Aug 28 13:47:43.062747 Runner(CoreFoundation)[57695] <Debug>: Resource lookup at <private>
Aug 28 13:47:43.062766 Runner(CoreFoundation)[57695] <Debug>: found no value for key NSConstraintBasedLayoutDebug in CFPrefsSearchListSource<0x28245b200> (Domain: dev.selfhost.firstActivationProbe, Container: (null))
Aug 28 13:47:43.062815 Runner(CoreFoundation)[57695] <Debug>: found no value for key NSConstraintBasedLayoutAllowUnoptimizedReads in CFPrefsSearchListSource<0x28245b200> (Domain: dev.selfhost.firstActivationProbe, Container: (null))
Aug 28 13:47:43.063464 Runner(CoreFoundation)[57695] <Debug>: found no value for key NSConstraintBasedLayoutDebugEngineConsistency in CFPrefsSearchListSource<0x28245b200> (Domain: dev.selfhost.firstActivationProbe, Container: (null))
Aug 28 13:47:43.063496 Runner(CoreFoundation)[57695] <Debug>: found no value for key NSConstraintBasedLayoutVariableChangeTransactions in CFPrefsSearchListSource<0x28245b200> (Domain: dev.selfhost.firstActivationProbe, Container: (null))
Aug 28 13:47:43.063540 Runner(CoreFoundation)[57695] <Debug>: found no value for key NSConstraintBasedLayoutDeferOptimization in CFPrefsSearchListSource<0x28245b200> (Domain: dev.selfhost.firstActivationProbe, Container: (null))
Aug 28 13:47:43.063576 Runner(CoreFoundation)[57695] <Debug>: found no value for key UIViewControllerDetachedInheritsContentOverlayInsetsFromSuperview in CFPrefsSearchListSource<0x28245b200> (Domain: dev.selfhost.firstActivationProbe, Container: (null))
Aug 28 13:47:43.063627 Runner(CoreFoundation)[57695] <Debug>: found no value for key ModernContentOverlayInsetsPropagation in CFPrefsSearchListSource<0x28245b200> (Domain: dev.selfhost.firstActivationProbe, Container: (null))
Aug 28 13:47:43.064183 SpringBoard(FrontBoard)[47602] <Info>: [sceneID:dev.selfhost.firstActivationProbe-default] Client settings updated with diff: <private>
Aug 28 13:47:43.064203 SpringBoard(FrontBoard)[47602] <Info>: [sceneID:dev.selfhost.firstActivationProbe-default] didUpdateClientSettingsWithDiff: <private>
Aug 28 13:47:43.064248 SpringBoard(FrontBoard)[47602] <Debug>: [FBSceneManager] PENDING:   <BSEventQueueEvent: 0x281de7160; handleDidUpdateClientSettings-sceneID:dev.selfhost.firstActivationProbe-default(2)> @ back
Aug 28 13:47:43.064307 SpringBoard(FrontBoard)[47602] <Debug>: [FBSceneManager] EXECUTING: <BSEventQueueEvent: 0x281de7160; handleDidUpdateClientSettings-sceneID:dev.selfhost.firstActivationProbe-default(2)>
Aug 28 13:47:43.064325 SpringBoard(FrontBoard)[47602] <Info>: [sceneID:dev.selfhost.firstActivationProbe-default] Client settings updated with diff: <private>
Aug 28 13:47:43.064368 SpringBoard(FrontBoard)[47602] <Info>: [sceneID:dev.selfhost.firstActivationProbe-default] Client settings updated with diff: <private>
Aug 28 13:47:43.064497 SpringBoard(FrontBoard)[47602] <Debug>: [FBSceneManager] PENDING:   <BSEventQueueEvent: 0x281c0c600; didUpdateClientSettings-sceneID:dev.selfhost.firstActivationProbe-default(2)> @ back
Aug 28 13:47:43.064679 SpringBoard(FrontBoard)[47602] <Debug>: [FBSceneManager] PENDING:   <BSEventQueueEvent: 0x281c0d9a0; didUpdateClientSettingsCompletion-sceneID:dev.selfhost.firstActivationProbe-default(2)> @ back
Aug 28 13:47:43.065026 SpringBoard(FrontBoard)[47602] <Info>: [sceneID:dev.selfhost.firstActivationProbe-default] Client settings updated with diff: <private>
Aug 28 13:47:43.065050 SpringBoard(FrontBoard)[47602] <Debug>: [FBSceneManager] EXECUTING: <BSEventQueueEvent: 0x281c0c600; didUpdateClientSettings-sceneID:dev.selfhost.firstActivationProbe-default(2)>
Aug 28 13:47:43.065120 SpringBoard(FrontBoard)[47602] <Debug>: [FBSceneManager] PENDING:   <BSEventQueueEvent: 0x281ded1a0; didUpdateClientSettings-sceneID:dev.selfhost.firstActivationProbe-default(2)> @ front
Aug 28 13:47:43.065185 SpringBoard(FrontBoard)[47602] <Debug>: [FBSceneManager] EXECUTING: <BSEventQueueEvent: 0x281ded1a0; didUpdateClientSettings-sceneID:dev.selfhost.firstActivationProbe-default(2)>
Aug 28 13:47:43.065959 SpringBoard(FrontBoard)[47602] <Debug>: [FBSceneManager] EXECUTING: <BSEventQueueEvent: 0x281c0d9a0; didUpdateClientSettingsCompletion-sceneID:dev.selfhost.firstActivationProbe-default(2)>
Aug 28 13:47:43.066436 SpringBoard(FrontBoard)[47602] <Info>: [sceneID:dev.selfhost.firstActivationProbe-default] didUpdateClientSettingsWithDiff: (null)
Aug 28 13:47:43.066481 SpringBoard(FrontBoard)[47602] <Debug>: [FBSceneManager] PENDING:   <BSEventQueueEvent: 0x281c0d9a0; handleDidUpdateClientSettings-sceneID:dev.selfhost.firstActivationProbe-default(2)> @ back
Aug 28 13:47:43.066534 SpringBoard(FrontBoard)[47602] <Debug>: [FBSceneManager] EXECUTING: <BSEventQueueEvent: 0x281c0d9a0; handleDidUpdateClientSettings-sceneID:dev.selfhost.firstActivationProbe-default(2)>
Aug 28 13:47:43.066656 SpringBoard(FrontBoard)[47602] <Debug>: [FBSceneManager] PENDING:   <BSEventQueueEvent: 0x281c0e120; didUpdateClientSettings-sceneID:dev.selfhost.firstActivationProbe-default(2)> @ back
Aug 28 13:47:43.066694 SpringBoard(FrontBoard)[47602] <Debug>: [FBSceneManager] PENDING:   <BSEventQueueEvent: 0x281c0ee80; didUpdateClientSettingsCompletion-sceneID:dev.selfhost.firstActivationProbe-default(2)> @ back
Aug 28 13:47:43.066821 SpringBoard(FrontBoard)[47602] <Debug>: [FBSceneManager] EXECUTING: <BSEventQueueEvent: 0x281c0e120; didUpdateClientSettings-sceneID:dev.selfhost.firstActivationProbe-default(2)>
Aug 28 13:47:43.066899 SpringBoard(FrontBoard)[47602] <Debug>: [FBSceneManager] PENDING:   <BSEventQueueEvent: 0x281de29e0; didUpdateClientSettings-sceneID:dev.selfhost.firstActivationProbe-default(2)> @ front
Aug 28 13:47:43.066917 SpringBoard(FrontBoard)[47602] <Debug>: [FBSceneManager] EXECUTING: <BSEventQueueEvent: 0x281de29e0; didUpdateClientSettings-sceneID:dev.selfhost.firstActivationProbe-default(2)>
Aug 28 13:47:43.067030 SpringBoard(FrontBoard)[47602] <Debug>: [FBSceneManager] EXECUTING: <BSEventQueueEvent: 0x281c0ee80; didUpdateClientSettingsCompletion-sceneID:dev.selfhost.firstActivationProbe-default(2)>
Aug 28 13:47:43.067697 SpringBoard(FrontBoard)[47602] <Info>: [sceneID:dev.selfhost.firstActivationProbe-default] didUpdateClientSettingsWithDiff: <private>
Aug 28 13:47:43.067745 SpringBoard(FrontBoard)[47602] <Debug>: [FBSceneManager] PENDING:   <BSEventQueueEvent: 0x281c0b0c0; handleDidUpdateClientSettings-sceneID:dev.selfhost.firstActivationProbe-default(2)> @ back
Aug 28 13:47:43.067782 SpringBoard(FrontBoard)[47602] <Debug>: [FBSceneManager] EXECUTING: <BSEventQueueEvent: 0x281c0b0c0; handleDidUpdateClientSettings-sceneID:dev.selfhost.firstActivationProbe-default(2)>
Aug 28 13:47:43.067942 SpringBoard(FrontBoard)[47602] <Debug>: [FBSceneManager] PENDING:   <BSEventQueueEvent: 0x281c0b800; didUpdateClientSettings-sceneID:dev.selfhost.firstActivationProbe-default(2)> @ back
Aug 28 13:47:43.067987 SpringBoard(FrontBoard)[47602] <Debug>: [FBSceneManager] PENDING:   <BSEventQueueEvent: 0x281db2e40; didUpdateClientSettingsCompletion-sceneID:dev.selfhost.firstActivationProbe-default(2)> @ back
Aug 28 13:47:43.068153 backboardd(BackBoardHIDEventFoundation)[65] <Notice>: new deferring rules for pid:57695: [<environment: keyboardFocus; display: builtin; token: com.apple.frontboard.systemappservices::sceneID%3Adev.selfhost.firstActivationProbe-default> -> <pid: 57695; token: 0x32BF14EC> reason: "1-deferDiscrete: UIWindowScene: 0x105c0f860: Begin event deferring in keyboardFocus for window: 0x105d2c7a0"]
Aug 28 13:47:43.068403 SpringBoard(FrontBoard)[47602] <Debug>: [FBSceneManager] EXECUTING: <BSEventQueueEvent: 0x281c0b800; didUpdateClientSettings-sceneID:dev.selfhost.firstActivationProbe-default(2)>
Aug 28 13:47:43.068746 SpringBoard(FrontBoard)[47602] <Debug>: [FBSceneManager] PENDING:   <BSEventQueueEvent: 0x281c0be60; didUpdateClientSettings-sceneID:dev.selfhost.firstActivationProbe-default(2)> @ front
Aug 28 13:47:43.068803 SpringBoard(FrontBoard)[47602] <Debug>: [FBSceneManager] EXECUTING: <BSEventQueueEvent: 0x281c0be60; didUpdateClientSettings-sceneID:dev.selfhost.firstActivationProbe-default(2)>
Aug 28 13:47:43.069317 SpringBoard(FrontBoard)[47602] <Debug>: [FBSceneManager] EXECUTING: <BSEventQueueEvent: 0x281db2e40; didUpdateClientSettingsCompletion-sceneID:dev.selfhost.firstActivationProbe-default(2)>
Aug 28 13:47:43.070222 SpringBoard(FrontBoard)[47602] <Info>: [sceneID:dev.selfhost.firstActivationProbe-default] didUpdateClientSettingsWithDiff: <private>
Aug 28 13:47:43.072521 SpringBoard(FrontBoard)[47602] <Debug>: [FBSceneManager] PENDING:   <BSEventQueueEvent: 0x281c0af60; handleDidUpdateClientSettings-sceneID:dev.selfhost.firstActivationProbe-default(2)> @ back
Aug 28 13:47:43.072675 SpringBoard(FrontBoard)[47602] <Debug>: [FBSceneManager] EXECUTING: <BSEventQueueEvent: 0x281c0af60; handleDidUpdateClientSettings-sceneID:dev.selfhost.firstActivationProbe-default(2)>
Aug 28 13:47:43.073146 SpringBoard(FrontBoard)[47602] <Debug>: [FBSceneManager] PENDING:   <BSEventQueueEvent: 0x281c06ea0; didUpdateClientSettings-sceneID:dev.selfhost.firstActivationProbe-default(2)> @ back
Aug 28 13:47:43.073316 SpringBoard(FrontBoard)[47602] <Debug>: [FBSceneManager] PENDING:   <BSEventQueueEvent: 0x281c05000; didUpdateClientSettingsCompletion-sceneID:dev.selfhost.firstActivationProbe-default(2)> @ back
Aug 28 13:47:43.073665 SpringBoard(FrontBoard)[47602] <Debug>: [FBSceneManager] EXECUTING: <BSEventQueueEvent: 0x281c06ea0; didUpdateClientSettings-sceneID:dev.selfhost.firstActivationProbe-default(2)>
Aug 28 13:47:43.074265 SpringBoard(FrontBoard)[47602] <Debug>: [FBSceneManager] PENDING:   <BSEventQueueEvent: 0x281c07080; didUpdateClientSettings-sceneID:dev.selfhost.firstActivationProbe-default(2)> @ front
Aug 28 13:47:43.074360 SpringBoard(FrontBoard)[47602] <Debug>: [FBSceneManager] EXECUTING: <BSEventQueueEvent: 0x281c07080; didUpdateClientSettings-sceneID:dev.selfhost.firstActivationProbe-default(2)>
Aug 28 13:47:43.074631 Runner(CoreFoundation)[57695] <Debug>: found no value for key LogStatusBar in CFPrefsSearchListSource<0x28245c800> (Domain: com.apple.UIKit, Container: (null))
Aug 28 13:47:43.074669 Runner(UIKitCore)[57695] <Notice>: Key window API is scene-level: YES
Aug 28 13:47:43.074704 Runner(UIKitCore)[57695] <Notice>: UIWindowScene: 0x105c0f860: Window became key in scene: UIWindow: 0x105d2c7a0; contextId: 0x32BF14EC: reason: UIWindowScene: 0x105c0f860: Window requested to become key in scene: 0x105d2c7a0
Aug 28 13:47:43.074738 Runner(UIKitCore)[57695] <Notice>: Key window needs update: 1; currentKeyWindowScene: 0x0; evaluatedKeyWindowScene: 0x105c0f860; currentApplicationKeyWindow: 0x0; evaluatedApplicationKeyWindow: 0x105d2c7a0; reason: UIWindowScene: 0x105c0f860: Window requested to become key in scene: 0x105d2c7a0
Aug 28 13:47:43.074790 Runner(UIKitCore)[57695] <Notice>: Window did become application key: UIWindow: 0x105d2c7a0; contextId: 0x32BF14EC; scene identity: com.apple.frontboard.systemappservices::sceneID%3Adev.selfhost.firstActivationProbe-default
Aug 28 13:47:43.075104 SpringBoard(FrontBoard)[47602] <Debug>: [FBSceneManager] EXECUTING: <BSEventQueueEvent: 0x281c05000; didUpdateClientSettingsCompletion-sceneID:dev.selfhost.firstActivationProbe-default(2)>
Aug 28 13:47:43.075533 Runner(UIKitCore)[57695] <Notice>: [0x282159f80] Begin local event deferring requested for token: 0x28294bc50; environments: 1; reason: UIWindowScene: 0x105c0f860: Begin event deferring in keyboardFocus for window: 0x105d2c7a0
Aug 28 13:47:43.076069 SpringBoard(FrontBoard)[47602] <Info>: [sceneID:dev.selfhost.firstActivationProbe-default] didUpdateClientSettingsWithDiff: <private>
Aug 28 13:47:43.076317 SpringBoard(FrontBoard)[47602] <Debug>: [FBSceneManager] PENDING:   <BSEventQueueEvent: 0x281c07080; handleDidUpdateClientSettings-sceneID:dev.selfhost.firstActivationProbe-default(2)> @ back
Aug 28 13:47:43.076364 SpringBoard(FrontBoard)[47602] <Debug>: [FBSceneManager] EXECUTING: <BSEventQueueEvent: 0x281c07080; handleDidUpdateClientSettings-sceneID:dev.selfhost.firstActivationProbe-default(2)>
Aug 28 13:47:43.077028 SpringBoard(FrontBoard)[47602] <Debug>: [FBSceneManager] PENDING:   <BSEventQueueEvent: 0x281d2ca20; didUpdateClientSettings-sceneID:dev.selfhost.firstActivationProbe-default(2)> @ back
Aug 28 13:47:43.077114 SpringBoard(FrontBoard)[47602] <Debug>: [FBSceneManager] PENDING:   <BSEventQueueEvent: 0x281c06da0; didUpdateClientSettingsCompletion-sceneID:dev.selfhost.firstActivationProbe-default(2)> @ back
Aug 28 13:47:43.077653 SpringBoard(FrontBoard)[47602] <Debug>: [FBSceneManager] EXECUTING: <BSEventQueueEvent: 0x281d2ca20; didUpdateClientSettings-sceneID:dev.selfhost.firstActivationProbe-default(2)>
Aug 28 13:47:43.077696 SpringBoard(FrontBoard)[47602] <Debug>: [FBSceneManager] PENDING:   <BSEventQueueEvent: 0x281c07780; didUpdateClientSettings-sceneID:dev.selfhost.firstActivationProbe-default(2)> @ front
Aug 28 13:47:43.077720 SpringBoard(FrontBoard)[47602] <Debug>: [FBSceneManager] EXECUTING: <BSEventQueueEvent: 0x281c07780; didUpdateClientSettings-sceneID:dev.selfhost.firstActivationProbe-default(2)>
Aug 28 13:47:43.078100 SpringBoard(FrontBoard)[47602] <Debug>: [FBSceneManager] EXECUTING: <BSEventQueueEvent: 0x281c06da0; didUpdateClientSettingsCompletion-sceneID:dev.selfhost.firstActivationProbe-default(2)>
Aug 28 13:47:43.080438 Runner(CoreFoundation)[57695] <Debug>: found no value for key LogKeyboardFocus in CFPrefsSearchListSource<0x28245c800> (Domain: com.apple.UIKit, Container: (null))
Aug 28 13:47:43.080486 Runner(CoreFoundation)[57695] <Debug>: Resource lookup at <private>
Aug 28 13:47:43.080538 Runner(CoreFoundation)[57695] <Debug>: Resource lookup at <private>
Aug 28 13:47:43.080577 Runner(CoreFoundation)[57695] <Debug>: Resource lookup at <private>
Aug 28 13:47:43.080623 Runner(CoreFoundation)[57695] <Debug>: found no value for key NSConstraintBasedLayoutLogPivotCounts in CFPrefsSearchListSource<0x28245b200> (Domain: dev.selfhost.firstActivationProbe, Container: (null))
Aug 28 13:47:43.080661 Runner(CoreFoundation)[57695] <Debug>: Resource lookup at <private>
Aug 28 13:47:43.081228 Runner(CoreFoundation)[57695] <Debug>: found no value for key NSConstraintBasedLayoutTrackDirtyObservables in CFPrefsSearchListSource<0x28245b200> (Domain: dev.selfhost.firstActivationProbe, Container: (null))
Aug 28 13:47:43.081323 Runner(CoreFoundation)[57695] <Debug>: found no value for key LogAppLifecycle in CFPrefsSearchListSource<0x28245c800> (Domain: com.apple.UIKit, Container: (null))
Aug 28 13:47:43.081408 Runner(UIKitCore)[57695] <Notice>: sceneOfRecord: sceneID: sceneID:dev.selfhost.firstActivationProbe-default  persistentID: E58381BF-9609-426A-9CBF-219636271D47
Aug 28 13:47:43.081496 Runner(UIKitCore)[57695] <Notice>: Ignoring already applied deactivation reason: 5; deactivation reasons: 2080
Aug 28 13:47:43.081589 Runner(UIKitCore)[57695] <Debug>: Setting device orientation to 1 and sending notification.
Aug 28 13:47:43.081682 Runner(UIKitCore)[57695] <Notice>: Deactivation reason added: 12; deactivation reasons: 2080 -> 6176; animating application lifecycle event: 1
Aug 28 13:47:43.083625 Runner(CoreFoundation)[57695] <Debug>: Resource lookup at <private>
Aug 28 13:47:43.083673 Runner(UIKitCore)[57695] <Notice>: Deactivation reason removed: 11; deactivation reasons: 6176 -> 4128; animating application lifecycle event: 1
Aug 28 13:47:43.083712 Runner(CoreFoundation)[57695] <Debug>: found no value for key CAEnableDeepFramebuffer in CFPrefsSearchListSource<0x28245b200> (Domain: dev.selfhost.firstActivationProbe, Container: (null))
Aug 28 13:47:43.083796 SpringBoard(FrontBoard)[47602] <Info>: [sceneID:dev.selfhost.firstActivationProbe-default] Client settings updated with diff: <private>
Aug 28 13:47:43.084019 SpringBoard(FrontBoard)[47602] <Info>: [sceneID:dev.selfhost.firstActivationProbe-default] didUpdateClientSettingsWithDiff: <private>
Aug 28 13:47:43.084057 SpringBoard(FrontBoard)[47602] <Debug>: [FBSceneManager] PENDING:   <BSEventQueueEvent: 0x281c1ddc0; handleDidUpdateClientSettings-sceneID:dev.selfhost.firstActivationProbe-default(2)> @ back
Aug 28 13:47:43.084094 SpringBoard(FrontBoard)[47602] <Debug>: [FBSceneManager] EXECUTING: <BSEventQueueEvent: 0x281c1ddc0; handleDidUpdateClientSettings-sceneID:dev.selfhost.firstActivationProbe-default(2)>
Aug 28 13:47:43.084257 SpringBoard(FrontBoard)[47602] <Debug>: [FBSceneManager] PENDING:   <BSEventQueueEvent: 0x281c1cc00; didUpdateClientSettings-sceneID:dev.selfhost.firstActivationProbe-default(2)> @ back
Aug 28 13:47:43.084345 SpringBoard(FrontBoard)[47602] <Debug>: [FBSceneManager] PENDING:   <BSEventQueueEvent: 0x281c1e4e0; didUpdateClientSettingsCompletion-sceneID:dev.selfhost.firstActivationProbe-default(2)> @ back
Aug 28 13:47:43.085342 SpringBoard(FrontBoard)[47602] <Debug>: [FBSceneManager] EXECUTING: <BSEventQueueEvent: 0x281c1cc00; didUpdateClientSettings-sceneID:dev.selfhost.firstActivationProbe-default(2)>
Aug 28 13:47:43.085635 SpringBoard(FrontBoard)[47602] <Debug>: [FBSceneManager] PENDING:   <BSEventQueueEvent: 0x281c19800; didUpdateClientSettings-sceneID:dev.selfhost.firstActivationProbe-default(2)> @ front
Aug 28 13:47:43.085772 SpringBoard(FrontBoard)[47602] <Debug>: [FBSceneManager] EXECUTING: <BSEventQueueEvent: 0x281c19800; didUpdateClientSettings-sceneID:dev.selfhost.firstActivationProbe-default(2)>
Aug 28 13:47:43.086125 SpringBoard(FrontBoard)[47602] <Debug>: [FBSceneManager] EXECUTING: <BSEventQueueEvent: 0x281c1e4e0; didUpdateClientSettingsCompletion-sceneID:dev.selfhost.firstActivationProbe-default(2)>
Aug 28 13:47:43.086811 SpringBoard(FrontBoard)[47602] <Notice>: [sceneID:dev.selfhost.firstActivationProbe-default] Scene action [Logical Activate][0xba6e] completed with success: 1
Aug 28 13:47:43.086870 SpringBoard(FrontBoardServices)[47602] <Info>: [application<dev.selfhost.firstActivationProbe>:57695] [realTime] Stopped monitoring.
Aug 28 13:47:43.086964 SpringBoard(FrontBoardServices)[47602] <Debug>: [application<dev.selfhost.firstActivationProbe>:57695] [realTime] Updated resource consumption: 0.117s (0.59%)
Aug 28 13:47:43.087583 SpringBoard(FrontBoardServices)[47602] <Debug>: [application<dev.selfhost.firstActivationProbe>:57695] Invalidating <FBProcessWatchdog: 0x283ee0000; name: scene-create; time: 20.00s>
Aug 28 13:47:43.087741 SpringBoard(FrontBoardServices)[47602] <Debug>: [application<dev.selfhost.firstActivationProbe>:57695] [realTime] Invalidated
Aug 28 13:47:43.087949 SpringBoard(FrontBoard)[47602] <Notice>: [sceneID:dev.selfhost.firstActivationProbe-default] scene content state changed: ready
Aug 28 13:47:43.088006 SpringBoard(FrontBoard)[47602] <Debug>: [FBSceneManager] PENDING:   <BSEventQueueEvent: 0x281c1a320; contentStateDidChange-sceneID:dev.selfhost.firstActivationProbe-default(2)> @ back
Aug 28 13:47:43.088127 SpringBoard(FrontBoard)[47602] <Debug>: [FBSceneManager] EXECUTING: <BSEventQueueEvent: 0x281c1a320; contentStateDidChange-sceneID:dev.selfhost.firstActivationProbe-default(2)>
Aug 28 13:47:43.088253 SpringBoard(FrontBoard)[47602] <Debug>: [FBSceneManager] PENDING:   <BSEventQueueEvent: 0x281c1b960; contentStateDidChange-sceneID:dev.selfhost.firstActivationProbe-default(2)> @ front
Aug 28 13:47:43.088399 SpringBoard(FrontBoard)[47602] <Debug>: [FBSceneManager] EXECUTING: <BSEventQueueEvent: 0x281c1b960; contentStateDidChange-sceneID:dev.selfhost.firstActivationProbe-default(2)>
Aug 28 13:47:43.089932 SpringBoard(FrontBoard)[47602] <Info>: Client intercepting scene update for scene: sceneID:dev.selfhost.firstActivationProbe-default
Aug 28 13:47:43.090031 SpringBoard(FrontBoard)[47602] <Debug>: START SCENE MUTATION ------- sceneID:dev.selfhost.firstActivationProbe-default
Aug 28 13:47:43.090154 SpringBoard(FrontBoard)[47602] <Debug>: [FBSceneManager] PENDING:   <BSEventQueueEvent: 0x281db7200; sceneUpdatePrepared-sceneID:dev.selfhost.firstActivationProbe-default(3)> @ back
Aug 28 13:47:43.090308 SpringBoard(FrontBoard)[47602] <Debug>: Executing pended events before sceneID:dev.selfhost.firstActivationProbe-default: (
Aug 28 13:47:43.090610 SpringBoard(FrontBoard)[47602] <Debug>: [FBSceneManager] PENDING:   <BSEventQueueEvent: 0x281c17ea0; applySettings-sceneID:dev.selfhost.firstActivationProbe-default(3)> @ back
Aug 28 13:47:43.090716 SpringBoard(FrontBoard)[47602] <Debug>: Flushing all events for sceneID:dev.selfhost.firstActivationProbe-default
Aug 28 13:47:43.091035 SpringBoard(FrontBoard)[47602] <Debug>: [FBSceneManager] EXECUTING: <BSEventQueueEvent: 0x281db7200; sceneUpdatePrepared-sceneID:dev.selfhost.firstActivationProbe-default(3)>
Aug 28 13:47:43.091147 SpringBoard(FrontBoard)[47602] <Debug>: [FBSceneManager] PENDING:   <BSEventQueueEvent: 0x281c50040; sceneUpdatePrepared-sceneID:dev.selfhost.firstActivationProbe-default(3)> @ front
Aug 28 13:47:43.091250 SpringBoard(FrontBoard)[47602] <Debug>: [FBSceneManager] EXECUTING: <BSEventQueueEvent: 0x281c50040; sceneUpdatePrepared-sceneID:dev.selfhost.firstActivationProbe-default(3)>
Aug 28 13:47:43.091564 SpringBoard(FrontBoard)[47602] <Debug>: [FBSceneManager] EXECUTING: <BSEventQueueEvent: 0x281c17ea0; applySettings-sceneID:dev.selfhost.firstActivationProbe-default(3)>
Aug 28 13:47:43.091620 SpringBoard(FrontBoard)[47602] <Debug>: [FBSceneManager] PENDING:   <BSEventQueueEvent: 0x281c505c0; sceneUpdateApplied-sceneID:dev.selfhost.firstActivationProbe-default(3)> @ back
Aug 28 13:47:43.091660 SpringBoard(FrontBoard)[47602] <Debug>: [FBSceneManager] PENDING:   <BSEventQueueEvent: 0x281c53140; sceneMutationCompletion-sceneID:dev.selfhost.firstActivationProbe-default(3)> @ back
Aug 28 13:47:43.091682 SpringBoard(FrontBoard)[47602] <Debug>: [FBSceneManager] EXECUTING: <BSEventQueueEvent: 0x281c505c0; sceneUpdateApplied-sceneID:dev.selfhost.firstActivationProbe-default(3)>
Aug 28 13:47:43.091770 SpringBoard(FrontBoard)[47602] <Info>: [sceneID:dev.selfhost.firstActivationProbe-default] Sending scene action [Forward Event][0xa6e2] to process 0x10a1d2fd0 (watchdog: none)
Aug 28 13:47:43.091808 SpringBoard(FrontBoard)[47602] <Debug>: [FBSceneManager] PENDING:   <BSEventQueueEvent: 0x281c52280; sceneUpdateApplied-sceneID:dev.selfhost.firstActivationProbe-default(3)> @ front
Aug 28 13:47:43.091830 SpringBoard(FrontBoard)[47602] <Debug>: [FBSceneManager] EXECUTING: <BSEventQueueEvent: 0x281c52280; sceneUpdateApplied-sceneID:dev.selfhost.firstActivationProbe-default(3)>
Aug 28 13:47:43.092074 SpringBoard(FrontBoard)[47602] <Debug>: [FBSceneManager] EXECUTING: <BSEventQueueEvent: 0x281c53140; sceneMutationCompletion-sceneID:dev.selfhost.firstActivationProbe-default(3)>
Aug 28 13:47:43.092169 SpringBoard(FrontBoard)[47602] <Debug>: ---------- END SCENE MUTATION: sceneID:dev.selfhost.firstActivationProbe-default
Aug 28 13:47:43.093385 SpringBoard(FrontBoard)[47602] <Debug>: [FBSceneManager] PENDING:   <BSEventQueueEvent: 0x281daa7e0; updateComplete-sceneID:dev.selfhost.firstActivationProbe-default(3)> @ back
Aug 28 13:47:43.093479 SpringBoard(FrontBoard)[47602] <Debug>: [FBSceneManager] EXECUTING: <BSEventQueueEvent: 0x281daa7e0; updateComplete-sceneID:dev.selfhost.firstActivationProbe-default(3)>
Aug 28 13:47:43.093607 SpringBoard(UserNotificationsServer)[47602] <Notice>: [dev.selfhost.firstActivationProbe] Foreground app will not request ephemeral notifications isAppClip: NO wantsEphemeral notifications: NO
Aug 28 13:47:43.093658 SpringBoard(RunningBoardServices)[47602] <Info>: Update delivered for [application<dev.selfhost.firstActivationProbe>:57695] with taskState 4
Aug 28 13:47:43.093847 SpringBoard(RunningBoardServices)[47602] <Info>: Update skipped for [application<dev.selfhost.firstActivationProbe>:57695] with state: <RBSProcessState| task:running-active debug:none endowments:[
<SBSceneReadySwitcherModifierEvent: 0x281c14100; type: SceneReady; appLayout: <SBAppLayout: 0x2808e2980; primary: dev.selfhost.firstActivationProbe:default; environment: main> {
            bundleIdentifier = dev.selfhost.firstActivationProbe;
            uniqueIdentifier = sceneID:dev.selfhost.firstActivationProbe-default;
Aug 28 13:47:43.094875 SpringBoard(FrontBoard)[47602] <Debug>: [FBSceneManager] PENDING:   <BSEventQueueEvent: 0x281c699a0; sceneUpdateCompleted-sceneID:dev.selfhost.firstActivationProbe-default(3)> @ back
Aug 28 13:47:43.094953 SpringBoard(FrontBoard)[47602] <Debug>: [FBSceneManager] EXECUTING: <BSEventQueueEvent: 0x281c699a0; sceneUpdateCompleted-sceneID:dev.selfhost.firstActivationProbe-default(3)>
Aug 28 13:47:43.095008 SpringBoard(FrontBoard)[47602] <Debug>: [FBSceneManager] PENDING:   <BSEventQueueEvent: 0x281c6b020; sceneUpdateCompleted-sceneID:dev.selfhost.firstActivationProbe-default(3)> @ front
Aug 28 13:47:43.095076 SpringBoard(FrontBoard)[47602] <Debug>: [FBSceneManager] EXECUTING: <BSEventQueueEvent: 0x281c6b020; sceneUpdateCompleted-sceneID:dev.selfhost.firstActivationProbe-default(3)>
Aug 28 13:47:43.095184 Runner(AggregateDictionary)[57695] <Notice>: AggregateDictionary is deprecated and will be removed in this release. Please migrate to Core Analytics.
Aug 28 13:47:43.095257 Runner(UIKitCore)[57695] <Notice>: sceneOfRecord: sceneID: sceneID:dev.selfhost.firstActivationProbe-default  persistentID: E58381BF-9609-426A-9CBF-219636271D47
Aug 28 13:47:43.095304 Runner(UIKitCore)[57695] <Notice>: sceneOfRecord: sceneID: sceneID:dev.selfhost.firstActivationProbe-default  persistentID: E58381BF-9609-426A-9CBF-219636271D47
Aug 28 13:47:43.095330 runningboardd(RunningBoard)[33] <Debug>: Decrementing suppression state to 0 for application<dev.selfhost.firstActivationProbe>
Aug 28 13:47:43.095369 runningboardd(RunningBoard)[33] <Debug>: END suppressing state updates for application<dev.selfhost.firstActivationProbe>
Aug 28 13:47:43.095417 runningboardd(RunningBoard)[33] <Debug>: Sending state update for application<dev.selfhost.firstActivationProbe>: <RBSProcessState| task:running-active debug:none terminationResistance:Interactive endowments:[
	<RBSProcessAssertionInfo| type:2 reason:10000 name:"Domain" domain:"com.apple.frontboard:Bootstrap-Foreground,com.apple.frontboard:Visibility" expl:"FBApplicationProcess">,
Aug 28 13:47:43.095494 runningboardd(RunningBoard)[33] <Debug>: Sending state 0x101174930 for application<dev.selfhost.firstActivationProbe> to [daemon<com.apple.UserEventAgent-System>:30]
Aug 28 13:47:43.095562 runningboardd(RunningBoard)[33] <Debug>: Sending state 0x101174930 for application<dev.selfhost.firstActivationProbe> to [daemon<com.apple.TextInput.kbd>:303]
Aug 28 13:47:43.095679 Runner(CoreFoundation)[57695] <Debug>: Resource lookup at <private>
Aug 28 13:47:43.095727 Runner(CoreFoundation)[57695] <Debug>: looked up value <private> for key VoiceOverTouchEnabled in CFPrefsPlistSource<0x282459f00> (Domain: com.apple.Accessibility, User: kCFPreferencesCurrentUser, ByHost: No, Container: (null), Contents Need Refresh: No) via CFPrefsSearchListSource<0x282459e80> (Domain: com.apple.Accessibility, Container: (null))
Aug 28 13:47:43.095779 Runner(libAccessibility.dylib)[57695] <Debug>: CF Read: domain = com.apple.Accessibility, preference = VoiceOverTouchEnabled, appID = (null) result = 0 (-1 - empty, 0 - false, 1 - true)
Aug 28 13:47:43.095803 Runner(CoreFoundation)[57695] <Debug>: found no value for key AssistiveTouchScannerEnabled in CFPrefsSearchListSource<0x282459e80> (Domain: com.apple.Accessibility, Container: (null))
Aug 28 13:47:43.095864 Runner(libAccessibility.dylib)[57695] <Debug>: CF Read: domain = com.apple.Accessibility, preference = AssistiveTouchScannerEnabled, appID = (null) result = (null) (-1 - empty, 0 - false, 1 - true)
Aug 28 13:47:43.095912 Runner(CoreFoundation)[57695] <Debug>: found no value for key AssistiveTouchScannerEnabled in CFPrefsPlistSource<0x282459f00> (Domain: com.apple.Accessibility, User: kCFPreferencesCurrentUser, ByHost: No, Container: (null), Contents Need Refresh: No)
Aug 28 13:47:43.095950 Runner(CoreFoundation)[57695] <Debug>: found no value for key IncreaseButtonLegibilityEnabled in CFPrefsSearchListSource<0x282459e80> (Domain: com.apple.Accessibility, Container: (null))
Aug 28 13:47:43.096007 Runner(libAccessibility.dylib)[57695] <Debug>: CF Read: domain = com.apple.Accessibility, preference = IncreaseButtonLegibilityEnabled, appID = (null) result = (null) (-1 - empty, 0 - false, 1 - true)
Aug 28 13:47:43.096044 Runner(CoreFoundation)[57695] <Debug>: found no value for key IncreaseButtonLegibilityEnabled in CFPrefsPlistSource<0x282459f00> (Domain: com.apple.Accessibility, User: kCFPreferencesCurrentUser, ByHost: No, Container: (null), Contents Need Refresh: No)
Aug 28 13:47:43.096091 Runner(CoreFoundation)[57695] <Debug>: found no value for key ReduceMotionAutoplayVideoPreviewsEnabled in CFPrefsSearchListSource<0x282459e80> (Domain: com.apple.Accessibility, Container: (null))
Aug 28 13:47:43.096124 Runner(libAccessibility.dylib)[57695] <Debug>: CF Read: domain = com.apple.Accessibility, preference = ReduceMotionAutoplayVideoPreviewsEnabled, appID = (null) result = (null) (-1 - empty, 0 - false, 1 - true)
Aug 28 13:47:43.096174 SpringBoard(KeyboardArbiter)[47602] <Debug>: [_UIKeyboardArbiter] Received new connection [<_UIKeyboardArbiterHandle: 0x282a10d10; PID 57695: dev.selfhost.firstActivationProbe <(null)>; hosting PIDs {(
Aug 28 13:47:43.096225 SpringBoard(RunningBoardServices)[47602] <Notice>: Updating configuration of monitor <RBSProcessMonitorConfiguration| id:M47602-8 qos:25 predicates:[<RBSProcessPredicate <RBSCompoundAllPredicate [<RBSCompoundAllPredicate [<RBSProcessEUIDPredicate 501>, <RBSProcessBKSLegacyPredicate>]>, <RBSProcessBundleIdentifierPredicate "com.apple.springboard">]>>, <RBSProcessPredicate <RBSCompoundAllPredicate [<RBSCompoundAllPredicate [<RBSProcessEUIDPredicate 501>, <RBSProcessBKSLegacyPredicate>]>, <RBSProcessBundleIdentifierPredicate "dev.selfhost.firstActivationProbe">]>>] descriptor:<RBSProcessStateDescriptor| values:9 namespaces:[com.apple.frontboard.visibility]> events:0x0>
Aug 28 13:47:43.096287 SpringBoard(FrontBoard)[47602] <Info>: [sceneID:dev.selfhost.firstActivationProbe-default] Scene action [Forward Event][0x3647] completed with success: 1
Aug 28 13:47:43.096348 SpringBoard(FrontBoard)[47602] <Info>: [sceneID:dev.selfhost.firstActivationProbe-default] Scene action [Forward Event][0xa6e2] completed with success: 1
Aug 28 13:47:43.096396 SpringBoard(KeyboardArbiter)[47602] <Debug>: [<_UIKeyboardArbiterHandle: 0x282a10d10; PID 57695: dev.selfhost.firstActivationProbe <(null)>; hosting PIDs {(
)}; level 0.000000; active NO [wants NO]; suppression 0; iav 0.000000; on screen NO>] startArbitrationWithExpectedState:sceneIdentity:hostingPIDs:usingFence:withSuppression:onConnected:: currentKeyboard: (null); sceneIdentity: com.apple.frontboard.systemappservices::sceneID%3Adev.selfhost.firstActivationProbe-default; pids: (
Aug 28 13:47:43.096436 SpringBoard(FrontBoard)[47602] <Debug>: [FBSceneManager] PENDING:   <BSEventQueueEvent: 0x281d5f640; updateComplete-sceneID:dev.selfhost.firstActivationProbe-default(3)> @ back
Aug 28 13:47:43.096478 SpringBoard(FrontBoard)[47602] <Debug>: [FBSceneManager] EXECUTING: <BSEventQueueEvent: 0x281d5f640; updateComplete-sceneID:dev.selfhost.firstActivationProbe-default(3)>
Aug 28 13:47:43.096557 SpringBoard(KeyboardArbiter)[47602] <Debug>: [_UIKeyboardArbiter] Handler requested focus: <_UIKeyboardArbiterHandle: 0x282a10d10; PID 57695: dev.selfhost.firstActivationProbe <com.apple.frontboard.systemappservices::sceneID%3Adev.selfhost.firstActivationProbe-default>; hosting PIDs {(
Aug 28 13:47:43.096656 SpringBoard(KeyboardArbiter)[47602] <Debug>: [_UIKeyboardArbiter] _focusRequestedHandle is now <_UIKeyboardArbiterHandle: 0x282a10d10; PID 57695: dev.selfhost.firstActivationProbe <com.apple.frontboard.systemappservices::sceneID%3Adev.selfhost.firstActivationProbe-default>; hosting PIDs {(
Aug 28 13:47:43.096895 SpringBoard(KeyboardArbiter)[47602] <Debug>: Advisor: Triggering reevaluation. Active PID: 57695, activeHandleID: com.apple.frontboard.systemappservices::sceneID%3Adev.selfhost.firstActivationProbe-default
Aug 28 13:47:43.096942 SpringBoard(KeyboardArbiter)[47602] <Debug>: Advisor: KeyboardFocus from _activeHandleForFocusEvaluation [<_UIKeyboardArbiterHandle: 0x282a10d10; PID 57695: dev.selfhost.firstActivationProbe <com.apple.frontboard.systemappservices::sceneID%3Adev.selfhost.firstActivationProbe-default>; hosting PIDs {(
Aug 28 13:47:43.097033 SpringBoard[47602] <Notice>: advisor: gen:374 arbiter spec pid 57695 / com.apple.frontboard.systemappservices::sceneID%3Adev.selfhost.firstActivationProbe-default
Aug 28 13:47:43.097201 SpringBoard(KeyboardArbiter)[47602] <Debug>: Advisor: Deliberation result: com.apple.frontboard.systemappservices::sceneID%3Adev.selfhost.firstActivationProbe-default
    SceneID: sceneID:dev.selfhost.firstActivationProbe-default
    SceneID: sceneID:dev.selfhost.firstActivationProbe-default
Aug 28 13:47:43.097498 SpringBoard(FrontBoard)[47602] <Debug>: [FBSceneManager] PENDING:   <BSEventQueueEvent: 0x281d712c0; sceneUpdateCompleted-sceneID:dev.selfhost.firstActivationProbe-default(3)> @ back
Aug 28 13:47:43.097521 SpringBoard(FrontBoard)[47602] <Debug>: [FBSceneManager] EXECUTING: <BSEventQueueEvent: 0x281d712c0; sceneUpdateCompleted-sceneID:dev.selfhost.firstActivationProbe-default(3)>
Aug 28 13:47:43.097575 SpringBoard(FrontBoard)[47602] <Debug>: [FBSceneManager] PENDING:   <BSEventQueueEvent: 0x281d7ede0; sceneUpdateCompleted-sceneID:dev.selfhost.firstActivationProbe-default(3)> @ front
Aug 28 13:47:43.097613 SpringBoard(FrontBoard)[47602] <Debug>: [FBSceneManager] EXECUTING: <BSEventQueueEvent: 0x281d7ede0; sceneUpdateCompleted-sceneID:dev.selfhost.firstActivationProbe-default(3)>
        jetsamMode = default;
    "<_UIKeyboardArbiterHandle: 0x282a10d10; PID 57695: dev.selfhost.firstActivationProbe <com.apple.frontboard.systemappservices::sceneID%3Adev.selfhost.firstActivationProbe-default>; hosting PIDs {(\n)}; level 0.000000; active NO [wants NO]; suppression 0; iav 0.000000; on screen NO>"
Aug 28 13:47:43.097832 Runner(CoreFoundation)[57695] <Debug>: found no value for key ReduceMotionAutoplayVideoPreviewsEnabled in CFPrefsPlistSource<0x282459f00> (Domain: com.apple.Accessibility, User: kCFPreferencesCurrentUser, ByHost: No, Container: (null), Contents Need Refresh: No)
Aug 28 13:47:43.097871 Runner(CoreFoundation)[57695] <Debug>: looked up value <private> for key SpeechSettingsDisabledByManagedConfiguration in CFPrefsPlistSource<0x282459f00> (Domain: com.apple.Accessibility, User: kCFPreferencesCurrentUser, ByHost: No, Container: (null), Contents Need Refresh: No) via CFPrefsSearchListSource<0x282459e80> (Domain: com.apple.Accessibility, Container: (null))
Aug 28 13:47:43.097920 Runner(libAccessibility.dylib)[57695] <Debug>: CF Read: domain = com.apple.Accessibility, preference = SpeechSettingsDisabledByManagedConfiguration, appID = (null) result = 0 (-1 - empty, 0 - false, 1 - true)
Aug 28 13:47:43.097968 Runner(CoreFoundation)[57695] <Debug>: looked up value <private> for key SpeakThisEnabled in CFPrefsPlistSource<0x282459f00> (Domain: com.apple.Accessibility, User: kCFPreferencesCurrentUser, ByHost: No, Container: (null), Contents Need Refresh: No) via CFPrefsSearchListSource<0x282459e80> (Domain: com.apple.Accessibility, Container: (null))
Aug 28 13:47:43.098016 Runner(libAccessibility.dylib)[57695] <Debug>: CF Read: domain = com.apple.Accessibility, preference = SpeakThisEnabled, appID = (null) result = 0 (-1 - empty, 0 - false, 1 - true)
Aug 28 13:47:43.098056 Runner(CoreFoundation)[57695] <Debug>: Resource lookup at <private>
Aug 28 13:47:43.098172 SpringBoard[47602] <Notice>: advisor: target (from arbiter advice): <pid=57695 token=com.apple.frontboard.systemappservices::sceneID%3Adev.selfhost.firstActivationProbe-default>
Aug 28 13:47:43.098217 SpringBoard[47602] <Notice>: policy: input target:<pid=57695 token=com.apple.frontboard.systemappservices::sceneID%3Adev.selfhost.firstActivationProbe-default>
Aug 28 13:47:43.098244 SpringBoard[47602] <Notice>: rules: target changed from:(null) to <pid=57695 token=com.apple.frontboard.systemappservices::sceneID%3Adev.selfhost.firstActivationProbe-default>
Aug 28 13:47:43.098291 SpringBoard[47602] <Notice>: rules: defer (b4a8982e) -> <pid=57695 token=com.apple.frontboard.systemappservices::sceneID%3Adev.selfhost.firstActivationProbe-default>
Aug 28 13:47:43.098364 SpringBoard(FrontBoard)[47602] <Debug>: [FBSceneManager] PENDING:   <BSEventQueueEvent: 0x281dc6ac0; updateComplete-sceneID:dev.selfhost.firstActivationProbe-default(3)> @ back
Aug 28 13:47:43.098401 SpringBoard(FrontBoard)[47602] <Debug>: [FBSceneManager] EXECUTING: <BSEventQueueEvent: 0x281dc6ac0; updateComplete-sceneID:dev.selfhost.firstActivationProbe-default(3)>
Aug 28 13:47:43.098431 SpringBoard(FrontBoard)[47602] <Debug>: [FBSceneManager] PENDING:   <BSEventQueueEvent: 0x281dd3540; sceneUpdateCompleted-sceneID:dev.selfhost.firstActivationProbe-default(3)> @ back
Aug 28 13:47:43.098468 SpringBoard(FrontBoard)[47602] <Debug>: [FBSceneManager] EXECUTING: <BSEventQueueEvent: 0x281dd3540; sceneUpdateCompleted-sceneID:dev.selfhost.firstActivationProbe-default(3)>
    <environment: keyboardFocus; token: 0xB4A8982E> -> <pid: 57695; token: com.apple.frontboard.systemappservices::sceneID%3Adev.selfhost.firstActivationProbe-default> reason: "168-deferDiscrete: SpringBoard: outbound"
Aug 28 13:47:43.098574 SpringBoard(FrontBoard)[47602] <Debug>: [FBSceneManager] PENDING:   <BSEventQueueEvent: 0x281dd3bc0; sceneUpdateCompleted-sceneID:dev.selfhost.firstActivationProbe-default(3)> @ front
Aug 28 13:47:43.098764 SpringBoard(FrontBoard)[47602] <Debug>: [FBSceneManager] EXECUTING: <BSEventQueueEvent: 0x281dd3bc0; sceneUpdateCompleted-sceneID:dev.selfhost.firstActivationProbe-default(3)>
Aug 28 13:47:43.099250 backboardd(BackBoardHIDEventFoundation)[65] <Debug>:   SELECT: reject (doesn't match environment:keyboardFocus display:(null)) deferringRule:{<environment: keyboardFocus; token: 0xB4A8982E> -> <pid=57695 token=com.apple.frontboard.systemappservices::sceneID%3Adev.selfhost.firstActivationProbe-default> : 168-deferDiscrete: SpringBoard: outbound} (main)
Aug 28 13:47:43.099869 backboardd(BackBoardHIDEventFoundation)[65] <Debug>:   SELECT: reject (doesn't match environment:keyboardFocus display:builtin) deferringRule:{<environment: keyboardFocus; token: 0xB4A8982E> -> <pid=57695 token=com.apple.frontboard.systemappservices::sceneID%3Adev.selfhost.firstActivationProbe-default> : 168-deferDiscrete: SpringBoard: outbound} (main)
Aug 28 13:47:43.100395 backboardd(BackBoardHIDEventFoundation)[65] <Debug>:   SELECT: complete deferringRule:{<environment: keyboardFocus; token: 0xB4A8982E> -> <pid=57695 token=com.apple.frontboard.systemappservices::sceneID%3Adev.selfhost.firstActivationProbe-default> : 168-deferDiscrete: SpringBoard: outbound}
Aug 28 13:47:43.100468 backboardd(BackBoardHIDEventFoundation)[65] <Debug>:    RDC selected: {<environment: keyboardFocus; token: 0xB4A8982E> -> <pid=57695 token=com.apple.frontboard.systemappservices::sceneID%3Adev.selfhost.firstActivationProbe-default> : 168-deferDiscrete: SpringBoard: outbound}
Aug 28 13:47:43.100980 backboardd(BackBoardHIDEventFoundation)[65] <Debug>:   SELECT: complete deferringRule:{<environment: keyboardFocus; display: builtin; token: com.apple.frontboard.systemappservices::sceneID%3Adev.selfhost.firstActivationProbe-default> -> <pid=57695 token=32bf14ec> : 1-deferDiscrete: UIWindowScene: 0x105c0f860: Begin event deferring in keyboardFocus for window: 0x105d2c7a0}
Aug 28 13:47:43.101022 backboardd(BackBoardHIDEventFoundation)[65] <Debug>:    RDC selected: {<environment: keyboardFocus; display: builtin; token: com.apple.frontboard.systemappservices::sceneID%3Adev.selfhost.firstActivationProbe-default> -> <pid=57695 token=32bf14ec> : 1-deferDiscrete: UIWindowScene: 0x105c0f860: Begin event deferring in keyboardFocus for window: 0x105d2c7a0}
Aug 28 13:47:43.101672 backboardd(BackBoardHIDEventFoundation)[65] <Debug>:   SELECT: reject (doesn't match environment:system display:(null)) deferringRule:{<environment: keyboardFocus; token: 0xB4A8982E> -> <pid=57695 token=com.apple.frontboard.systemappservices::sceneID%3Adev.selfhost.firstActivationProbe-default> : 168-deferDiscrete: SpringBoard: outbound} (main)
Aug 28 13:47:43.102479 backboardd(BackBoardHIDEventFoundation)[65] <Debug>:   SELECT: reject (doesn't match environment:system display:(null)) deferringRule:{<environment: keyboardFocus; token: 0xB4A8982E> -> <pid=57695 token=com.apple.frontboard.systemappservices::sceneID%3Adev.selfhost.firstActivationProbe-default> : 168-deferDiscrete: SpringBoard: outbound} (main)
Aug 28 13:47:43.102698 SpringBoard[47602] <Notice>: keyboardFocus environment target added to scene: sceneID:dev.selfhost.firstActivationProbe-default
Aug 28 13:47:43.103149 SpringBoard(FrontBoard)[47602] <Info>: Client intercepting scene update for scene: sceneID:dev.selfhost.firstActivationProbe-default
Aug 28 13:47:43.103282 backboardd(BackBoardHIDEventFoundation)[65] <Debug>:   SELECT: reject (doesn't match environment:system display:(null)) deferringRule:{<environment: keyboardFocus; token: 0xB4A8982E> -> <pid=57695 token=com.apple.frontboard.systemappservices::sceneID%3Adev.selfhost.firstActivationProbe-default> : 168-deferDiscrete: SpringBoard: outbound} (main)
Aug 28 13:47:43.103412 SpringBoard(FrontBoard)[47602] <Debug>: START SCENE MUTATION ------- sceneID:dev.selfhost.firstActivationProbe-default
Aug 28 13:47:43.103518 SpringBoard(FrontBoard)[47602] <Debug>: [FBSceneManager] PENDING:   <BSEventQueueEvent: 0x281d21c80; sceneUpdatePrepared-sceneID:dev.selfhost.firstActivationProbe-default(4)> @ back
Aug 28 13:47:43.103578 SpringBoard(FrontBoard)[47602] <Debug>: [FBSceneManager] PENDING:   <BSEventQueueEvent: 0x281d204a0; applySettings-sceneID:dev.selfhost.firstActivationProbe-default(4)> @ back
Aug 28 13:47:43.103629 SpringBoard(FrontBoard)[47602] <Debug>: Flushing all events for sceneID:dev.selfhost.firstActivationProbe-default
Aug 28 13:47:43.104461 backboardd(BackBoardHIDEventFoundation)[65] <Debug>:   SELECT: reject (doesn't match environment:keyboardFocus display:(null)) deferringRule:{<environment: keyboardFocus; token: 0xB4A8982E> -> <pid=57695 token=com.apple.frontboard.systemappservices::sceneID%3Adev.selfhost.firstActivationProbe-default> : 168-deferDiscrete: SpringBoard: outbound} (main)
Aug 28 13:47:43.105316 SpringBoard(FrontBoard)[47602] <Debug>: [FBSceneManager] EXECUTING: <BSEventQueueEvent: 0x281d21c80; sceneUpdatePrepared-sceneID:dev.selfhost.firstActivationProbe-default(4)>
Aug 28 13:47:43.105373 SpringBoard(FrontBoard)[47602] <Debug>: [FBSceneManager] PENDING:   <BSEventQueueEvent: 0x281d3e880; sceneUpdatePrepared-sceneID:dev.selfhost.firstActivationProbe-default(4)> @ front
Aug 28 13:47:43.105433 SpringBoard(FrontBoard)[47602] <Debug>: [FBSceneManager] EXECUTING: <BSEventQueueEvent: 0x281d3e880; sceneUpdatePrepared-sceneID:dev.selfhost.firstActivationProbe-default(4)>
Aug 28 13:47:43.105893 SpringBoard(FrontBoard)[47602] <Debug>: [FBSceneManager] EXECUTING: <BSEventQueueEvent: 0x281d204a0; applySettings-sceneID:dev.selfhost.firstActivationProbe-default(4)>
Aug 28 13:47:43.105937 SpringBoard(FrontBoard)[47602] <Debug>: [FBSceneManager] PENDING:   <BSEventQueueEvent: 0x281d04320; sceneUpdateApplied-sceneID:dev.selfhost.firstActivationProbe-default(4)> @ back
Aug 28 13:47:43.105985 backboardd(BackBoardHIDEventFoundation)[65] <Debug>:   SELECT: reject (doesn't match environment:keyboardFocus display:builtin) deferringRule:{<environment: keyboardFocus; token: 0xB4A8982E> -> <pid=57695 token=com.apple.frontboard.systemappservices::sceneID%3Adev.selfhost.firstActivationProbe-default> : 168-deferDiscrete: SpringBoard: outbound} (main)
Aug 28 13:47:43.106409 SpringBoard(FrontBoard)[47602] <Debug>: [FBSceneManager] PENDING:   <BSEventQueueEvent: 0x281d1fcc0; sceneMutationCompletion-sceneID:dev.selfhost.firstActivationProbe-default(4)> @ back
Aug 28 13:47:43.106510 SpringBoard(FrontBoard)[47602] <Debug>: [FBSceneManager] EXECUTING: <BSEventQueueEvent: 0x281d04320; sceneUpdateApplied-sceneID:dev.selfhost.firstActivationProbe-default(4)>
Aug 28 13:47:43.106554 backboardd(BackBoardHIDEventFoundation)[65] <Debug>:   SELECT: complete deferringRule:{<environment: keyboardFocus; token: 0xB4A8982E> -> <pid=57695 token=com.apple.frontboard.systemappservices::sceneID%3Adev.selfhost.firstActivationProbe-default> : 168-deferDiscrete: SpringBoard: outbound}
Aug 28 13:47:43.106591 backboardd(BackBoardHIDEventFoundation)[65] <Debug>:    RDC selected: {<environment: keyboardFocus; token: 0xB4A8982E> -> <pid=57695 token=com.apple.frontboard.systemappservices::sceneID%3Adev.selfhost.firstActivationProbe-default> : 168-deferDiscrete: SpringBoard: outbound}
Aug 28 13:47:43.106714 SpringBoard(FrontBoard)[47602] <Debug>: [FBSceneManager] PENDING:   <BSEventQueueEvent: 0x281d05440; sceneUpdateApplied-sceneID:dev.selfhost.firstActivationProbe-default(4)> @ front
Aug 28 13:47:43.106754 SpringBoard(FrontBoard)[47602] <Debug>: [FBSceneManager] EXECUTING: <BSEventQueueEvent: 0x281d05440; sceneUpdateApplied-sceneID:dev.selfhost.firstActivationProbe-default(4)>
Aug 28 13:47:43.106905 SpringBoard(FrontBoard)[47602] <Info>: [sceneID:dev.selfhost.firstActivationProbe-default] Sending scene action [Forward Event][0x531b] to process 0x10a1d2fd0 (watchdog: none)
Aug 28 13:47:43.106980 backboardd(BackBoardHIDEventFoundation)[65] <Debug>:   SELECT: complete deferringRule:{<environment: keyboardFocus; display: builtin; token: com.apple.frontboard.systemappservices::sceneID%3Adev.selfhost.firstActivationProbe-default> -> <pid=57695 token=32bf14ec> : 1-deferDiscrete: UIWindowScene: 0x105c0f860: Begin event deferring in keyboardFocus for window: 0x105d2c7a0}
Aug 28 13:47:43.107026 backboardd(BackBoardHIDEventFoundation)[65] <Debug>:    RDC selected: {<environment: keyboardFocus; display: builtin; token: com.apple.frontboard.systemappservices::sceneID%3Adev.selfhost.firstActivationProbe-default> -> <pid=57695 token=32bf14ec> : 1-deferDiscrete: UIWindowScene: 0x105c0f860: Begin event deferring in keyboardFocus for window: 0x105d2c7a0}
Aug 28 13:47:43.107290 SpringBoard(FrontBoard)[47602] <Debug>: [FBSceneManager] EXECUTING: <BSEventQueueEvent: 0x281d1fcc0; sceneMutationCompletion-sceneID:dev.selfhost.firstActivationProbe-default(4)>
Aug 28 13:47:43.107330 SpringBoard(FrontBoard)[47602] <Debug>: ---------- END SCENE MUTATION: sceneID:dev.selfhost.firstActivationProbe-default
Aug 28 13:47:43.107655 backboardd(BackBoardHIDEventFoundation)[65] <Debug>:   SELECT: reject (doesn't match environment:system display:(null)) deferringRule:{<environment: keyboardFocus; token: 0xB4A8982E> -> <pid=57695 token=com.apple.frontboard.systemappservices::sceneID%3Adev.selfhost.firstActivationProbe-default> : 168-deferDiscrete: SpringBoard: outbound} (main)
Aug 28 13:47:43.107696 runningboardd(RunningBoard)[33] <Debug>: Sending state 0x101174930 for application<dev.selfhost.firstActivationProbe> to [daemon<com.apple.locationd>:69]
Aug 28 13:47:43.107901 runningboardd(RunningBoard)[33] <Debug>: BEGIN suppressing state updates for application<dev.selfhost.firstActivationProbe>
Aug 28 13:47:43.107950 runningboardd(RunningBoard)[33] <Debug>: Updating events for assertion: 33-47602-7782 (target:[application<dev.selfhost.firstActivationProbe>:57695](UIScene:com.apple.frontboard.systemappservices::sceneID%3Adev.selfhost.firstActivationProbe-default))
Aug 28 13:47:43.107990 runningboardd(RunningBoard)[33] <Debug>: Removing events for context: 33-47602-7782 (target:[application<dev.selfhost.firstActivationProbe>:57695](UIScene:com.apple.frontboard.systemappservices::sceneID%3Adev.selfhost.firstActivationProbe-default))
Aug 28 13:47:43.108057 runningboardd(RunningBoard)[33] <Debug>: Enqueueing events for assertion: 33-47602-7782 (target:[application<dev.selfhost.firstActivationProbe>:57695](UIScene:com.apple.frontboard.systemappservices::sceneID%3Adev.selfhost.firstActivationProbe-default))
Aug 28 13:47:43.108107 runningboardd(RunningBoard)[33] <Debug>: Sending state 0x101174930 for application<dev.selfhost.firstActivationProbe> to [daemon<com.apple.dasd>:94]
Aug 28 13:47:43.108150 runningboardd(RunningBoard)[33] <Info>: [application<dev.selfhost.firstActivationProbe>:57695] Applying updated state
Aug 28 13:47:43.108197 runningboardd(RunningBoard)[33] <Debug>: Incrementing suppression state to 1 for application<dev.selfhost.firstActivationProbe>
Aug 28 13:47:43.108244 runningboardd(RunningBoard)[33] <Notice>: Calculated state for application<dev.selfhost.firstActivationProbe>: running-active (role: UserInteractiveFocal)
Aug 28 13:47:43.108285 runningboardd(RunningBoard)[33] <Debug>: SUPPRESSING state update for application<dev.selfhost.firstActivationProbe>: <RBSProcessState| task:running-active debug:none terminationResistance:Interactive endowments:[
	<RBSProcessAssertionInfo| type:2 reason:10000 name:"Domain" domain:"com.apple.frontboard:Bootstrap-Foreground,com.apple.frontboard:Visibility" expl:"FBApplicationProcess">,
	<RBSProcessAssertionInfo| type:1 reason:0 name:"Custom" domain:"(null)" expl:"injecting inherited from "UIScene:com.apple.frontboard.systemappservices::com.apple.springboard" to 57695<UIScene:com.apple.frontboard.systemappservices::sceneID%3Adev.selfhost.firstActivationProbe-default>">
    <RBSInheritance| environment:UIScene:com.apple.frontboard.systemappservices::sceneID%3Adev.selfhost.firstActivationProbe-default name:com.apple.frontboard.visibility origID:33-47602-7782 payload>
Aug 28 13:47:43.108607 SpringBoard(RunningBoardServices)[47602] <Info>: Update skipped for [application<dev.selfhost.firstActivationProbe>:57695] with state: <RBSProcessState| task:running-active debug:none endowments:[
Aug 28 13:47:43.108848 runningboardd(RunningBoard)[33] <Info>: Finished acquiring assertion 33-47602-7782 (target:[application<dev.selfhost.firstActivationProbe>:57695](UIScene:com.apple.frontboard.systemappservices::sceneID%3Adev.selfhost.firstActivationProbe-default))
Aug 28 13:47:43.108893 SpringBoard(RunningBoardServices)[47602] <Info>: Update skipped for [application<dev.selfhost.firstActivationProbe>:57695] with state: <RBSProcessState| task:running-active debug:none endowments:[
Aug 28 13:47:43.108932 runningboardd(RunningBoard)[33] <Debug>: Sending state 0x101174930 for application<dev.selfhost.firstActivationProbe> to [daemon<com.apple.aggregated>:50213]
Aug 28 13:47:43.108982 runningboardd(RunningBoard)[33] <Debug>: Decrementing suppression state to 0 for application<dev.selfhost.firstActivationProbe>
Aug 28 13:47:43.109023 runningboardd(RunningBoard)[33] <Debug>: END suppressing state updates for application<dev.selfhost.firstActivationProbe>
Aug 28 13:47:43.109071 runningboardd(RunningBoard)[33] <Debug>: Sending state update for application<dev.selfhost.firstActivationProbe>: <RBSProcessState| task:running-active debug:none terminationResistance:Interactive endowments:[
	<RBSProcessAssertionInfo| type:2 reason:10000 name:"Domain" domain:"com.apple.frontboard:Bootstrap-Foreground,com.apple.frontboard:Visibility" expl:"FBApplicationProcess">,
	<RBSProcessAssertionInfo| type:1 reason:0 name:"Custom" domain:"(null)" expl:"injecting inherited from "UIScene:com.apple.frontboard.systemappservices::com.apple.springboard" to 57695<UIScene:com.apple.frontboard.systemappservices::sceneID%3Adev.selfhost.firstActivationProbe-default>">
Aug 28 13:47:43.109111 runningboardd(RunningBoard)[33] <Debug>: Sending state 0x1011e73a0 for application<dev.selfhost.firstActivationProbe> to [daemon<com.apple.SpringBoard>:47602]
Aug 28 13:47:43.109314 mediaserverd(RunningBoardServices)[36] <Info>: Update skipped for [application<dev.selfhost.firstActivationProbe>:57695] with state: <RBSProcessState| task:running-active debug:none endowments:[
Aug 28 13:47:43.109354 mediaserverd(RunningBoardServices)[36] <Info>: Update skipped for [application<dev.selfhost.firstActivationProbe>:57695] with state: <RBSProcessState| task:running-active debug:none endowments:[
Aug 28 13:47:43.109405 Runner(CoreFoundation)[57695] <Debug>: Resource lookup at <private>
Aug 28 13:47:43.109457 Runner(CoreFoundation)[57695] <Debug>: looked up value <private> for key AppleLanguages in CFPrefsPlistSource<0x28245ca80> (Domain: kCFPreferencesAnyApplication, User: kCFPreferencesCurrentUser, ByHost: No, Container: (null), Contents Need Refresh: No) via CFPrefsSearchListSource<0x28245b200> (Domain: dev.selfhost.firstActivationProbe, Container: (null))
Aug 28 13:47:43.109678 runningboardd(RunningBoard)[33] <Info>: Received message from [application<dev.selfhost.firstActivationProbe>:57695] (euid 501, auid 501): statesForPredicate:descriptor:error:
Aug 28 13:47:43.109761 runningboardd(RunningBoard)[33] <Info>: _predicatesMatchOnlyAllowedProcess allowing predicate matching self <RBSProcessPredicate <RBSProcessHandlePredicateImpl| application<dev.selfhost.firstActivationProbe>:57695>> for process [application<dev.selfhost.firstActivationProbe>:57695]
Aug 28 13:47:43.109797 SpringBoard(RunningBoardServices)[47602] <Info>: Update skipped for [application<dev.selfhost.firstActivationProbe>:57695] with state: <RBSProcessState| task:running-active debug:none endowments:[
Aug 28 13:47:43.109930 SpringBoard(RunningBoardServices)[47602] <Info>: Update skipped for [application<dev.selfhost.firstActivationProbe>:57695] with state: <RBSProcessState| task:running-active debug:none endowments:[
Aug 28 13:47:43.110358 Runner(CoreFoundation)[57695] <Debug>: looked up value <private> for key AppleLanguages in CFPrefsPlistSource<0x28245ca80> (Domain: kCFPreferencesAnyApplication, User: kCFPreferencesCurrentUser, ByHost: No, Container: (null), Contents Need Refresh: No) via CFPrefsSearchListSource<0x28245b200> (Domain: dev.selfhost.firstActivationProbe, Container: (null))
Aug 28 13:47:43.110404 Runner(RunningBoardServices)[57695] <Debug>: Received message from server: async_didChangeInheritances:completion:
Aug 28 13:47:43.110452 Runner(RunningBoardServices)[57695] <Info>: didChangeInheritances
Aug 28 13:47:43.110651 runningboardd(RunningBoard)[33] <Info>: Received message from [application<dev.selfhost.firstActivationProbe>:57695] (euid 501, auid 501): lookupHandleForKey:error:
Aug 28 13:47:43.110735 runningboardd(RunningBoard)[33] <Info>: _predicatesMatchOnlyAllowedProcess allowing predicate matching self <RBSProcessPredicate <RBSProcessHandlePredicateImpl| application<dev.selfhost.firstActivationProbe>:57695>> for process [application<dev.selfhost.firstActivationProbe>:57695]
Aug 28 13:47:43.110784 SpringBoard(RunningBoardServices)[47602] <Info>: Update skipped for [application<dev.selfhost.firstActivationProbe>:57695] with state: <RBSProcessState| task:running-active debug:none endowments:[
Aug 28 13:47:43.110825 SpringBoard(FrontBoard)[47602] <Info>: [sceneID:dev.selfhost.firstActivationProbe-default] Client settings updated with diff: <private>
Aug 28 13:47:43.110865 SpringBoard(FrontBoard)[47602] <Info>: [sceneID:dev.selfhost.firstActivationProbe-default] didUpdateClientSettingsWithDiff: <private>
Aug 28 13:47:43.110903 SpringBoard(FrontBoard)[47602] <Debug>: [FBSceneManager] PENDING:   <BSEventQueueEvent: 0x281d2d3a0; handleDidUpdateClientSettings-sceneID:dev.selfhost.firstActivationProbe-default(4)> @ back
Aug 28 13:47:43.110938 SpringBoard(FrontBoard)[47602] <Debug>: [FBSceneManager] EXECUTING: <BSEventQueueEvent: 0x281d2d3a0; handleDidUpdateClientSettings-sceneID:dev.selfhost.firstActivationProbe-default(4)>
Aug 28 13:47:43.111078 SpringBoard(FrontBoard)[47602] <Debug>: [FBSceneManager] PENDING:   <BSEventQueueEvent: 0x281d2ca20; didUpdateClientSettings-sceneID:dev.selfhost.firstActivationProbe-default(4)> @ back
Aug 28 13:47:43.111117 SpringBoard(FrontBoard)[47602] <Debug>: [FBSceneManager] PENDING:   <BSEventQueueEvent: 0x281d261e0; didUpdateClientSettingsCompletion-sceneID:dev.selfhost.firstActivationProbe-default(4)> @ back
Aug 28 13:47:43.111282 Runner(RunningBoardServices)[57695] <Info>: didChangeInheritances: <RBSInheritanceChangeSet| gained:{(
    <RBSInheritance| environment:UIScene:com.apple.frontboard.systemappservices::sceneID%3Adev.selfhost.firstActivationProbe-default name:com.apple.frontboard.visibility origID:33-47602-7782 payload>
Aug 28 13:47:43.111355 Runner(RunningBoardServices)[57695] <Debug>: Decoded RBSProcessHandle with IPC ID 174996520000e15f
Aug 28 13:47:43.111411 Runner(RunningBoardServices)[57695] <Notice>: Creating side-channel connection to com.apple.runningboard
Aug 28 13:47:43.111464 Runner(RunningBoardServices)[57695] <Notice>: Hit the server for a process handle 174996520000e15f that resolved to: [application<dev.selfhost.firstActivationProbe>:57695]
Aug 28 13:47:43.111517 Runner(RunningBoardServices)[57695] <Info>: Acquiring assertion: <RBSAssertionDescriptor| "systemAnimationFence" ID:(null) target:57695>
Aug 28 13:47:43.111619 SpringBoard(FrontBoard)[47602] <Debug>: [FBSceneManager] EXECUTING: <BSEventQueueEvent: 0x281d2ca20; didUpdateClientSettings-sceneID:dev.selfhost.firstActivationProbe-default(4)>
Aug 28 13:47:43.111670 SpringBoard(FrontBoard)[47602] <Debug>: [FBSceneManager] PENDING:   <BSEventQueueEvent: 0x281d28240; didUpdateClientSettings-sceneID:dev.selfhost.firstActivationProbe-default(4)> @ front
Aug 28 13:47:43.111720 SpringBoard(FrontBoard)[47602] <Debug>: [FBSceneManager] EXECUTING: <BSEventQueueEvent: 0x281d28240; didUpdateClientSettings-sceneID:dev.selfhost.firstActivationProbe-default(4)>
Aug 28 13:47:43.111927 runningboardd(RunningBoard)[33] <Info>: Received message from [application<dev.selfhost.firstActivationProbe>:57695] (euid 501, auid 501): acquireAssertionWithDescriptor:error:
Aug 28 13:47:43.111978 runningboardd(RunningBoard)[33] <Notice>: Acquiring assertion targeting [application<dev.selfhost.firstActivationProbe>:57695] from originator [application<dev.selfhost.firstActivationProbe>:57695] with description <RBSAssertionDescriptor| "systemAnimationFence" ID:33-57695-7783 target:57695 attributes:[
Aug 28 13:47:43.112006 runningboardd(RunningBoard)[33] <Notice>: Assertion 33-57695-7783 (target:[application<dev.selfhost.firstActivationProbe>:57695]) will be created as inactive as start-time-defining assertions exist
Aug 28 13:47:43.112036 runningboardd(RunningBoard)[33] <Debug>: Adding assertion 33-57695-7783 (target:[application<dev.selfhost.firstActivationProbe>:57695])
Aug 28 13:47:43.112074 runningboardd(RunningBoard)[33] <Info>: application<dev.selfhost.firstActivationProbe> is now targeted by 6 assertions
Aug 28 13:47:43.112092 SpringBoard(FrontBoard)[47602] <Debug>: [FBSceneManager] EXECUTING: <BSEventQueueEvent: 0x281d261e0; didUpdateClientSettingsCompletion-sceneID:dev.selfhost.firstActivationProbe-default(4)>
Aug 28 13:47:43.112431 runningboardd(RunningBoard)[33] <Info>: Finished acquiring assertion 33-57695-7783 (target:[application<dev.selfhost.firstActivationProbe>:57695])
Aug 28 13:47:43.112475 runningboardd(RunningBoard)[33] <Debug>: Updating events for assertion: 33-57695-7783 (target:[application<dev.selfhost.firstActivationProbe>:57695])
Aug 28 13:47:43.112519 runningboardd(RunningBoard)[33] <Debug>: Removing events for context: 33-57695-7783 (target:[application<dev.selfhost.firstActivationProbe>:57695])
Aug 28 13:47:43.112564 runningboardd(RunningBoard)[33] <Debug>: BEGIN suppressing state updates for application<dev.selfhost.firstActivationProbe>
Aug 28 13:47:43.112597 runningboardd(RunningBoard)[33] <Debug>: Incrementing suppression state to 1 for application<dev.selfhost.firstActivationProbe>
Aug 28 13:47:43.112624 runningboardd(RunningBoard)[33] <Debug>: Decrementing suppression state to 0 for application<dev.selfhost.firstActivationProbe>
Aug 28 13:47:43.112669 runningboardd(RunningBoard)[33] <Info>: Received message from [daemon<com.apple.watchdogd>:57] (euid 0, auid 0): lookupHandleForKey:error:
Aug 28 13:47:43.112696 runningboardd(RunningBoard)[33] <Debug>: END suppressing state updates for application<dev.selfhost.firstActivationProbe>
Aug 28 13:47:43.112775 runningboardd(RunningBoard)[33] <Info>: Received message from [application<dev.selfhost.firstActivationProbe>:57695] (euid 501, auid 501): async_invalidateAssertionWithIdentifier:
Aug 28 13:47:43.112812 runningboardd(RunningBoard)[33] <Notice>: Invalidating assertion 33-57695-7783 (target:[application<dev.selfhost.firstActivationProbe>:57695]) from originator [application<dev.selfhost.firstActivationProbe>:57695]
Aug 28 13:47:43.113282 watchdogd(RunningBoardServices)[57] <Debug>: Received message from server: async_observedProcessStatesDidChange:completion:
Aug 28 13:47:43.114827 mediaserverd(RunningBoardServices)[36] <Info>: Update skipped for [application<dev.selfhost.firstActivationProbe>:57695] with state: <RBSProcessState| task:running-active debug:none endowments:[
Aug 28 13:47:43.114846 mediaserverd(RunningBoardServices)[36] <Info>: Update skipped for [application<dev.selfhost.firstActivationProbe>:57695] with state: <RBSProcessState| task:running-active debug:none endowments:[
Aug 28 13:47:43.115080 watchdogd(RunningBoardServices)[57] <Info>: observedProcessStatesDidChange
Aug 28 13:47:43.115098 watchdogd(RunningBoardServices)[57] <Debug>: Decoded RBSProcessHandle with IPC ID 174996520000e15f
Aug 28 13:47:43.115116 Runner(RunningBoardServices)[57695] <Debug>: Adding assertion 33-57695-7783 to dictionary
Aug 28 13:47:43.115279 kbd(RunningBoardServices)[303] <Notice>: Hit the server for a process handle 174996520000e15f that resolved to: [application<dev.selfhost.firstActivationProbe>:57695]
Aug 28 13:47:43.115343 symptomsd(RunningBoardServices)[170] <Notice>: Hit the server for a process handle 174996520000e15f that resolved to: [application<dev.selfhost.firstActivationProbe>:57695]
Aug 28 13:47:43.115413 kbd(RunningBoardServices)[303] <Info>: Update delivered for [application<dev.selfhost.firstActivationProbe>:57695] with taskState 4
Aug 28 13:47:43.115450 contextstored(RunningBoardServices)[61] <Notice>: Hit the server for a process handle 174996520000e15f that resolved to: [application<dev.selfhost.firstActivationProbe>:57695]
Aug 28 13:47:43.115472 callservicesd(RunningBoardServices)[131] <Notice>: Hit the server for a process handle 174996520000e15f that resolved to: [application<dev.selfhost.firstActivationProbe>:57695]
Aug 28 13:47:43.115495 SpringBoard(UserNotificationsServer)[47602] <Notice>: [dev.selfhost.firstActivationProbe] dev.selfhost.firstActivationProbe application state changed to ForegroundRunning
Aug 28 13:47:43.115513 SpringBoard(UserNotificationsServer)[47602] <Notice>: [dev.selfhost.firstActivationProbe] Ignore becoming foreground for application without push registration
Aug 28 13:47:43.115583 watchdogd(RunningBoardServices)[57] <Notice>: Hit the server for a process handle 174996520000e15f that resolved to: [application<dev.selfhost.firstActivationProbe>:57695]
Aug 28 13:47:43.115604 CommCenter(RunningBoardServices)[90] <Notice>: Hit the server for a process handle 174996520000e15f that resolved to: [application<dev.selfhost.firstActivationProbe>:57695]
Aug 28 13:47:43.115739 kbd(RunningBoardServices)[303] <Info>: Update skipped for [application<dev.selfhost.firstActivationProbe>:57695] with state: <RBSProcessState| task:running-active debug:none endowments:[
Aug 28 13:47:43.116331 Runner(Flutter)[57695] <Notice>: [shorebird] Patch check response: PatchCheckResponse { patch_available: false, patch: None, rolled_back_patch_numbers: Some([]) }
Aug 28 13:47:43.116382 Runner(Flutter)[57695] <Notice>: [shorebird] Update thread finished with status: No update
        <SBSDisplayLayoutElement: 0x283624700; sceneID:dev.selfhost.firstActivationProbe-default; bundleID: dev.selfhost.firstActivationProbe; frame: {{0, 0}, {375, 667}}; level: 1; role: primary>;
Aug 28 13:47:43.120381 chronod(ChronoCore)[102] <Notice>: noting foreground launch for dev.selfhost.firstActivationProbe with widget extension; trigger metadata query
Aug 28 13:47:43.120960 SpringBoard(RunningBoardServices)[47602] <Info>: Update skipped for [application<dev.selfhost.firstActivationProbe>:57695] with state: <RBSProcessState| task:running-active debug:none endowments:[
Aug 28 13:47:43.121064 SpringBoard(RunningBoardServices)[47602] <Info>: Update skipped for [application<dev.selfhost.firstActivationProbe>:57695] with state: <RBSProcessState| task:running-active debug:none endowments:[
Aug 28 13:47:43.121207 SpringBoard(RunningBoardServices)[47602] <Info>: Update skipped for [application<dev.selfhost.firstActivationProbe>:57695] with state: <RBSProcessState| task:running-active debug:none endowments:[
Aug 28 13:47:43.121265 SpringBoard(RunningBoardServices)[47602] <Info>: Update skipped for [application<dev.selfhost.firstActivationProbe>:57695] with state: <RBSProcessState| task:running-active debug:none endowments:[
Aug 28 13:47:43.125786 UserEventAgent(RunningBoardServices)[30] <Notice>: Hit the server for a process handle 174996520000e15f that resolved to: [application<dev.selfhost.firstActivationProbe>:57695]
Aug 28 13:47:43.131734 SpringBoard(UIKitCore)[47602] <Notice>: [sceneID:dev.selfhost.firstActivationProbe-default] Setting deactivation reasons to: '(none)' for reason: updateAllScenesForBand - Assertion removed.
Aug 28 13:47:43.139608 SpringBoard(FrontBoard)[47602] <Info>: Client intercepting scene update for scene: sceneID:dev.selfhost.firstActivationProbe-default
Aug 28 13:47:43.140078 SpringBoard(FrontBoard)[47602] <Debug>: START SCENE MUTATION ------- sceneID:dev.selfhost.firstActivationProbe-default
Aug 28 13:47:43.140275 SpringBoard(FrontBoard)[47602] <Debug>: [FBSceneManager] PENDING:   <BSEventQueueEvent: 0x281c7f940; sceneUpdatePrepared-sceneID:dev.selfhost.firstActivationProbe-default(5)> @ back
Aug 28 13:47:43.140377 SpringBoard(FrontBoard)[47602] <Debug>: [FBSceneManager] PENDING:   <BSEventQueueEvent: 0x281c68780; applySettings-sceneID:dev.selfhost.firstActivationProbe-default(5)> @ back
Aug 28 13:47:43.140671 SpringBoard(FrontBoard)[47602] <Debug>: Flushing all events for sceneID:dev.selfhost.firstActivationProbe-default
Aug 28 13:47:43.140731 SpringBoard(FrontBoard)[47602] <Debug>: [FBSceneManager] EXECUTING: <BSEventQueueEvent: 0x281c7f940; sceneUpdatePrepared-sceneID:dev.selfhost.firstActivationProbe-default(5)>
Aug 28 13:47:43.140785 SpringBoard(FrontBoard)[47602] <Debug>: [FBSceneManager] PENDING:   <BSEventQueueEvent: 0x281c6b020; sceneUpdatePrepared-sceneID:dev.selfhost.firstActivationProbe-default(5)> @ front
Aug 28 13:47:43.140826 SpringBoard(FrontBoard)[47602] <Debug>: [FBSceneManager] EXECUTING: <BSEventQueueEvent: 0x281c6b020; sceneUpdatePrepared-sceneID:dev.selfhost.firstActivationProbe-default(5)>
Aug 28 13:47:43.140944 SpringBoard(FrontBoard)[47602] <Debug>: [FBSceneManager] EXECUTING: <BSEventQueueEvent: 0x281c68780; applySettings-sceneID:dev.selfhost.firstActivationProbe-default(5)>
Aug 28 13:47:43.140984 SpringBoard(FrontBoard)[47602] <Debug>: [FBSceneManager] PENDING:   <BSEventQueueEvent: 0x281c6ad20; sceneUpdateApplied-sceneID:dev.selfhost.firstActivationProbe-default(5)> @ back
Aug 28 13:47:43.141023 SpringBoard(FrontBoard)[47602] <Debug>: [FBSceneManager] PENDING:   <BSEventQueueEvent: 0x281c6bf60; sceneMutationCompletion-sceneID:dev.selfhost.firstActivationProbe-default(5)> @ back
Aug 28 13:47:43.141079 SpringBoard(FrontBoard)[47602] <Debug>: [FBSceneManager] EXECUTING: <BSEventQueueEvent: 0x281c6ad20; sceneUpdateApplied-sceneID:dev.selfhost.firstActivationProbe-default(5)>
Aug 28 13:47:43.141128 SpringBoard(FrontBoard)[47602] <Debug>: [FBSceneManager] PENDING:   <BSEventQueueEvent: 0x281c6b020; sceneUpdateApplied-sceneID:dev.selfhost.firstActivationProbe-default(5)> @ front
Aug 28 13:47:43.141170 SpringBoard(FrontBoard)[47602] <Info>: [sceneID:dev.selfhost.firstActivationProbe-default] Sending scene action [Forward Event][0x5eb4] to process 0x10a1d2fd0 (watchdog: none)
Aug 28 13:47:43.141211 SpringBoard(FrontBoard)[47602] <Debug>: [FBSceneManager] EXECUTING: <BSEventQueueEvent: 0x281c6b020; sceneUpdateApplied-sceneID:dev.selfhost.firstActivationProbe-default(5)>
Aug 28 13:47:43.141330 SpringBoard(FrontBoard)[47602] <Debug>: [FBSceneManager] EXECUTING: <BSEventQueueEvent: 0x281c6bf60; sceneMutationCompletion-sceneID:dev.selfhost.firstActivationProbe-default(5)>
Aug 28 13:47:43.141385 SpringBoard(FrontBoard)[47602] <Debug>: ---------- END SCENE MUTATION: sceneID:dev.selfhost.firstActivationProbe-default
Aug 28 13:47:43.141636 Runner(CoreFoundation)[57695] <Debug>: Resource lookup at <private>
Aug 28 13:47:43.141695 Runner(CoreFoundation)[57695] <Debug>: Resource lookup at <private>
Aug 28 13:47:43.141732 Runner(UIKitCore)[57695] <Notice>: sceneOfRecord: sceneID: sceneID:dev.selfhost.firstActivationProbe-default  persistentID: E58381BF-9609-426A-9CBF-219636271D47
Aug 28 13:47:43.141783 Runner(UIKitCore)[57695] <Notice>: Deactivation reason removed: 12; deactivation reasons: 4128 -> 32; animating application lifecycle event: 1
Aug 28 13:47:43.141835 Runner(UIKitCore)[57695] <Notice>: Deactivation reason removed: 5; deactivation reasons: 32 -> 0; animating application lifecycle event: 0
Aug 28 13:47:43.141895 Runner(CoreAnalytics)[57695] <Info>: Daemon status changed from 0 to 1
Aug 28 13:47:43.142039 Runner(CoreFoundation)[57695] <Debug>: Resource lookup at <private>
Aug 28 13:47:43.142058 Runner(HangTracer)[57695] <Info>: HTPrefs initialization
Aug 28 13:47:43.142076 Runner(CoreFoundation)[57695] <Debug>: Resource lookup at <private>
Aug 28 13:47:43.142090 Runner(CoreFoundation)[57695] <Info>: Loading Preferences From System CFPrefsD
Aug 28 13:47:43.142110 Runner(CoreFoundation)[57695] <Debug>: CFPrefsPlistSource<0x282451300> (Domain: com.apple.da, User: kCFPreferencesCurrentUser, ByHost: No, Container: (null), Contents Need Refresh: No) loaded: a new base plist and no additional changes from the base plist
Aug 28 13:47:43.142128 Runner(CoreFoundation)[57695] <Debug>: found no value for key HTEPL.HangTracerEnableCustomerMode in CFPrefsPlistSource<0x282451300> (Domain: com.apple.da, User: kCFPreferencesCurrentUser, ByHost: No, Container: (null), Contents Need Refresh: No)
Aug 28 13:47:43.142426 Runner(CoreFoundation)[57695] <Debug>: found no value for key PLTasking.HangTracerEnableCustomerMode in CFPrefsPlistSource<0x282451300> (Domain: com.apple.da, User: kCFPreferencesCurrentUser, ByHost: No, Container: (null), Contents Need Refresh: No)
Aug 28 13:47:43.142446 Runner(CoreFoundation)[57695] <Debug>: found no value for key HangTracerEnableCustomerMode in CFPrefsPlistSource<0x282451300> (Domain: com.apple.da, User: kCFPreferencesCurrentUser, ByHost: No, Container: (null), Contents Need Refresh: No)
Aug 28 13:47:43.142466 Runner(CoreFoundation)[57695] <Debug>: found no value for key PDSEHangTracer.HangTracerEnableCustomerMode in CFPrefsPlistSource<0x282451300> (Domain: com.apple.da, User: kCFPreferencesCurrentUser, ByHost: No, Container: (null), Contents Need Refresh: No)
Aug 28 13:47:43.142485 Runner(CoreFoundation)[57695] <Debug>: found no value for key PDSEHTThirdParty.HangTracerEnableCustomerMode in CFPrefsPlistSource<0x282451300> (Domain: com.apple.da, User: kCFPreferencesCurrentUser, ByHost: No, Container: (null), Contents Need Refresh: No)
Aug 28 13:47:43.142503 Runner(CoreFoundation)[57695] <Debug>: found no value for key PDSEHTRateOnly.HangTracerEnableCustomerMode in CFPrefsPlistSource<0x282451300> (Domain: com.apple.da, User: kCFPreferencesCurrentUser, ByHost: No, Container: (null), Contents Need Refresh: No)
Aug 28 13:47:43.142522 Runner(CoreFoundation)[57695] <Debug>: found no value for key PDSESentry.HangTracerEnableCustomerMode in CFPrefsPlistSource<0x282451300> (Domain: com.apple.da, User: kCFPreferencesCurrentUser, ByHost: No, Container: (null), Contents Need Refresh: No)
Aug 28 13:47:43.142541 Runner(HangTracer)[57695] <Debug>: HTPrefs: HangTracerEnableCustomerMode was not found in the com.apple.da domain, a profile, by EPL, by PowerLog Tasking domain, by HT Self Enablement or by HT Sentry Enablement
Aug 28 13:47:43.142559 Runner(HangTracer)[57695] <Info>: HTPrefs: Refreshing preferences
Aug 28 13:47:43.142578 Runner(CoreFoundation)[57695] <Debug>: found no value for key HTEPL.HangTracerEnableCustomerMode in CFPrefsPlistSource<0x282451300> (Domain: com.apple.da, User: kCFPreferencesCurrentUser, ByHost: No, Container: (null), Contents Need Refresh: No)
Aug 28 13:47:43.142611 Runner(CoreFoundation)[57695] <Debug>: found no value for key PLTasking.HangTracerEnableCustomerMode in CFPrefsPlistSource<0x282451300> (Domain: com.apple.da, User: kCFPreferencesCurrentUser, ByHost: No, Container: (null), Contents Need Refresh: No)
Aug 28 13:47:43.142661 Runner(CoreFoundation)[57695] <Debug>: found no value for key HangTracerEnableCustomerMode in CFPrefsPlistSource<0x282451300> (Domain: com.apple.da, User: kCFPreferencesCurrentUser, ByHost: No, Container: (null), Contents Need Refresh: No)
Aug 28 13:47:43.142781 cfprefsd(CoreFoundation)[91] <Debug>: Process 57695 (Runner) sent a request related to { com.apple.da, user: mobile, kCFPreferencesAnyHost, /var/mobile/Library/Preferences/com.apple.da.plist, managed: 0 } (0x100307ae0)
Aug 28 13:47:43.142803 cfprefsd(CoreFoundation)[91] <Debug>: Process 57695 (Runner) read data for { com.apple.da, mobile, kCFPreferencesAnyHost, /var/mobile/Library/Preferences/com.apple.da.plist, managed: 0 }, backed by /private/var/mobile/Library/Preferences/com.apple.da.plist
Aug 28 13:47:43.142827 Runner(CoreFoundation)[57695] <Debug>: found no value for key PDSEHangTracer.HangTracerEnableCustomerMode in CFPrefsPlistSource<0x282451300> (Domain: com.apple.da, User: kCFPreferencesCurrentUser, ByHost: No, Container: (null), Contents Need Refresh: No)
Aug 28 13:47:43.142845 Runner(CoreFoundation)[57695] <Debug>: found no value for key PDSEHTThirdParty.HangTracerEnableCustomerMode in CFPrefsPlistSource<0x282451300> (Domain: com.apple.da, User: kCFPreferencesCurrentUser, ByHost: No, Container: (null), Contents Need Refresh: No)
Aug 28 13:47:43.142863 Runner(CoreFoundation)[57695] <Debug>: found no value for key PDSEHTRateOnly.HangTracerEnableCustomerMode in CFPrefsPlistSource<0x282451300> (Domain: com.apple.da, User: kCFPreferencesCurrentUser, ByHost: No, Container: (null), Contents Need Refresh: No)
Aug 28 13:47:43.142889 Runner(CoreFoundation)[57695] <Debug>: found no value for key PDSESentry.HangTracerEnableCustomerMode in CFPrefsPlistSource<0x282451300> (Domain: com.apple.da, User: kCFPreferencesCurrentUser, ByHost: No, Container: (null), Contents Need Refresh: No)
Aug 28 13:47:43.142908 Runner(HangTracer)[57695] <Debug>: HTPrefs: HangTracerEnableCustomerMode was not found in the com.apple.da domain, a profile, by EPL, by PowerLog Tasking domain, by HT Self Enablement or by HT Sentry Enablement
Aug 28 13:47:43.142925 Runner(HangTracer)[57695] <Debug>: Preparing prefInitList
Aug 28 13:47:43.142943 Runner(CoreFoundation)[57695] <Debug>: found no value for key HTEPL.HangTracerEnabled in CFPrefsPlistSource<0x282451300> (Domain: com.apple.da, User: kCFPreferencesCurrentUser, ByHost: No, Container: (null), Contents Need Refresh: No)
Aug 28 13:47:43.142961 SpringBoard(FrontBoard)[47602] <Info>: [sceneID:dev.selfhost.firstActivationProbe-default] Client settings updated with diff: <private>
Aug 28 13:47:43.142979 SpringBoard(FrontBoard)[47602] <Info>: [sceneID:dev.selfhost.firstActivationProbe-default] didUpdateClientSettingsWithDiff: <private>
Aug 28 13:47:43.143020 SpringBoard(FrontBoard)[47602] <Debug>: [FBSceneManager] PENDING:   <BSEventQueueEvent: 0x281c6d1c0; handleDidUpdateClientSettings-sceneID:dev.selfhost.firstActivationProbe-default(5)> @ back
Aug 28 13:47:43.143058 SpringBoard(FrontBoard)[47602] <Debug>: [FBSceneManager] EXECUTING: <BSEventQueueEvent: 0x281c6d1c0; handleDidUpdateClientSettings-sceneID:dev.selfhost.firstActivationProbe-default(5)>
Aug 28 13:47:43.143137 Runner(CoreFoundation)[57695] <Debug>: found no value for key PLTasking.HangTracerEnabled in CFPrefsPlistSource<0x282451300> (Domain: com.apple.da, User: kCFPreferencesCurrentUser, ByHost: No, Container: (null), Contents Need Refresh: No)
Aug 28 13:47:43.143155 Runner(CoreFoundation)[57695] <Debug>: found no value for key HangTracerEnabled in CFPrefsPlistSource<0x282451300> (Domain: com.apple.da, User: kCFPreferencesCurrentUser, ByHost: No, Container: (null), Contents Need Refresh: No)
Aug 28 13:47:43.143181 Runner(CoreFoundation)[57695] <Debug>: found no value for key PDSEHangTracer.HangTracerEnabled in CFPrefsPlistSource<0x282451300> (Domain: com.apple.da, User: kCFPreferencesCurrentUser, ByHost: No, Container: (null), Contents Need Refresh: No)
Aug 28 13:47:43.143227 SpringBoard(FrontBoard)[47602] <Info>: [sceneID:dev.selfhost.firstActivationProbe-default] Scene action [Forward Event][0x5eb4] completed with success: 1
Aug 28 13:47:43.143259 Runner(CoreFoundation)[57695] <Debug>: found no value for key PDSEHTThirdParty.HangTracerEnabled in CFPrefsPlistSource<0x282451300> (Domain: com.apple.da, User: kCFPreferencesCurrentUser, ByHost: No, Container: (null), Contents Need Refresh: No)
Aug 28 13:47:43.143282 SpringBoard(FrontBoard)[47602] <Debug>: [FBSceneManager] PENDING:   <BSEventQueueEvent: 0x281c6f140; didUpdateClientSettings-sceneID:dev.selfhost.firstActivationProbe-default(5)> @ back
Aug 28 13:47:43.143328 SpringBoard(FrontBoard)[47602] <Debug>: [FBSceneManager] PENDING:   <BSEventQueueEvent: 0x281c6d2e0; didUpdateClientSettingsCompletion-sceneID:dev.selfhost.firstActivationProbe-default(5)> @ back
Aug 28 13:47:43.143540 SpringBoard(FrontBoard)[47602] <Debug>: [FBSceneManager] EXECUTING: <BSEventQueueEvent: 0x281c6f140; didUpdateClientSettings-sceneID:dev.selfhost.firstActivationProbe-default(5)>
Aug 28 13:47:43.143585 SpringBoard(FrontBoard)[47602] <Debug>: [FBSceneManager] PENDING:   <BSEventQueueEvent: 0x281c6e6c0; didUpdateClientSettings-sceneID:dev.selfhost.firstActivationProbe-default(5)> @ front
Aug 28 13:47:43.143628 SpringBoard(FrontBoard)[47602] <Debug>: [FBSceneManager] EXECUTING: <BSEventQueueEvent: 0x281c6e6c0; didUpdateClientSettings-sceneID:dev.selfhost.firstActivationProbe-default(5)>
Aug 28 13:47:43.143738 SpringBoard(FrontBoard)[47602] <Debug>: [FBSceneManager] EXECUTING: <BSEventQueueEvent: 0x281c6d2e0; didUpdateClientSettingsCompletion-sceneID:dev.selfhost.firstActivationProbe-default(5)>
Aug 28 13:47:43.143988 SpringBoard(FrontBoard)[47602] <Debug>: [FBSceneManager] PENDING:   <BSEventQueueEvent: 0x281c6a980; updateComplete-sceneID:dev.selfhost.firstActivationProbe-default(5)> @ back
Aug 28 13:47:43.144011 SpringBoard(FrontBoard)[47602] <Debug>: [FBSceneManager] EXECUTING: <BSEventQueueEvent: 0x281c6a980; updateComplete-sceneID:dev.selfhost.firstActivationProbe-default(5)>
Aug 28 13:47:43.144040 SpringBoard(FrontBoard)[47602] <Debug>: [FBSceneManager] PENDING:   <BSEventQueueEvent: 0x281c6d000; sceneUpdateCompleted-sceneID:dev.selfhost.firstActivationProbe-default(5)> @ back
Aug 28 13:47:43.144058 SpringBoard(FrontBoard)[47602] <Debug>: [FBSceneManager] EXECUTING: <BSEventQueueEvent: 0x281c6d000; sceneUpdateCompleted-sceneID:dev.selfhost.firstActivationProbe-default(5)>
Aug 28 13:47:43.144077 SpringBoard(FrontBoard)[47602] <Debug>: [FBSceneManager] PENDING:   <BSEventQueueEvent: 0x281c68060; sceneUpdateCompleted-sceneID:dev.selfhost.firstActivationProbe-default(5)> @ front
Aug 28 13:47:43.144099 SpringBoard(FrontBoard)[47602] <Debug>: [FBSceneManager] EXECUTING: <BSEventQueueEvent: 0x281c68060; sceneUpdateCompleted-sceneID:dev.selfhost.firstActivationProbe-default(5)>
Aug 28 13:47:43.144172 Runner(CoreFoundation)[57695] <Debug>: found no value for key PDSEHTRateOnly.HangTracerEnabled in CFPrefsPlistSource<0x282451300> (Domain: com.apple.da, User: kCFPreferencesCurrentUser, ByHost: No, Container: (null), Contents Need Refresh: No)
Aug 28 13:47:43.144191 Runner(CoreFoundation)[57695] <Debug>: found no value for key PDSESentry.HangTracerEnabled in CFPrefsPlistSource<0x282451300> (Domain: com.apple.da, User: kCFPreferencesCurrentUser, ByHost: No, Container: (null), Contents Need Refresh: No)
Aug 28 13:47:43.144209 Runner(HangTracer)[57695] <Debug>: HTPrefs: HangTracerEnabled was not found in the com.apple.da domain, a profile, by EPL, by PowerLog Tasking domain, by HT Self Enablement or by HT Sentry Enablement
Aug 28 13:47:43.144227 Runner(HangTracer)[57695] <Info>: Posting notification com.apple.hangtracer.htprefs.refreshed
Aug 28 13:47:43.147746 runningboardd(RunningBoard)[33] <Debug>: Updating events for assertion: 33-57695-7783 (target:[application<dev.selfhost.firstActivationProbe>:57695])
Aug 28 13:47:43.147795 runningboardd(RunningBoard)[33] <Debug>: Removing assertion 33-57695-7783 on [application<dev.selfhost.firstActivationProbe>:57695]
Aug 28 13:47:43.147845 runningboardd(RunningBoard)[33] <Debug>: Removing events for context: 33-57695-7783 (target:[application<dev.selfhost.firstActivationProbe>:57695])
Aug 28 13:47:43.147894 runningboardd(RunningBoard)[33] <Debug>: > application<dev.selfhost.firstActivationProbe> ['RB Underlying Assertion'] [33-33-7779]
Aug 28 13:47:43.147934 runningboardd(RunningBoard)[33] <Debug>: > application<dev.selfhost.firstActivationProbe> ['Shared Background Assertion 0 for dev.selfhost.firstActivationProbe'] [33-57695-7781]
Aug 28 13:47:43.147975 runningboardd(RunningBoard)[33] <Info>: application<dev.selfhost.firstActivationProbe> is now targeted by 5 assertions
Aug 28 13:47:43.148063 runningboardd(RunningBoard)[33] <Debug>: > 57695 ['injecting inherited from "UIScene:com.apple.frontboard.systemappservices::com.apple.springboard" to 57695<UIScene:com.apple.frontboard.systemappservices::sceneID%3Adev.selfhost.firstActivationProbe-default>'] [33-47602-7782]
Aug 28 13:47:43.148261 runningboardd(RunningBoard)[33] <Debug>: > 57695 ['Shared Background Assertion 0 for dev.selfhost.firstActivationProbe'] [33-57695-7781]
Aug 28 13:47:43.148824 CommCenter(RunningBoardServices)[90] <Info>: Update delivered for [application<dev.selfhost.firstActivationProbe>:57695] with taskState 4
Aug 28 13:47:43.149740 UserEventAgent(RunningBoardServices)[30] <Info>: Update delivered for [application<dev.selfhost.firstActivationProbe>:57695] with taskState 4
Aug 28 13:47:43.149919 UserEventAgent(RunningBoardServices)[30] <Info>: Update skipped for [application<dev.selfhost.firstActivationProbe>:57695] with state: <RBSProcessState| task:running-active debug:none endowments:[
	<RBSProcessAssertionInfo| type:2 reason:10000 name:"Domain" domain:"com.apple.frontboard:Bootstrap-Foreground,com.apple.frontboard:Visibility" expl:"FBApplicationProcess">,
	<RBSProcessAssertionInfo| type:1 reason:0 name:"Custom" domain:"(null)" expl:"injecting inherited from "UIScene:com.apple.frontboard.systemappservices::com.apple.springboard" to 57695<UIScene:com.apple.frontboard.systemappservices::sceneID%3Adev.selfhost.firstActivationProbe-default>">
Aug 28 13:47:43.150020 UserEventAgent(ADEventListenerPlugin)[30] <Debug>: AppStateChange: <private> (57695) terminated => foregroundRunning
Aug 28 13:47:43.151080 sharingd[66] <Debug>: SystemUI unknown identifier: 'sceneID:dev.selfhost.firstActivationProbe-default'/ 'dev.selfhost.firstActivationProbe'
Aug 28 13:47:43.151497 CommCenter(RunningBoardServices)[90] <Info>: Update skipped for [application<dev.selfhost.firstActivationProbe>:57695] with state: <RBSProcessState| task:running-active debug:none endowments:[
Aug 28 13:47:43.151849 watchdogd(RunningBoardServices)[57] <Notice>: Received state update for 57695
Aug 28 13:47:43.151907 wifid(RunningBoardServices)[52] <Notice>: Hit the server for a process handle 174996520000e15f that resolved to: [application<dev.selfhost.firstActivationProbe>:57695]
Aug 28 13:47:43.152394 callservicesd(RunningBoardServices)[131] <Info>: Update delivered for [application<dev.selfhost.firstActivationProbe>:57695] with taskState 4
Aug 28 13:47:43.153634 bluetoothd(CoreUtils)[86] <Notice>: SystemUI unknown identifier: 'sceneID:dev.selfhost.firstActivationProbe-default' / 'dev.selfhost.firstActivationProbe'
Aug 28 13:47:43.158395 watchdogd(RunningBoardServices)[57] <Debug>: Received message from server: async_observedProcessStatesDidChange:completion:
Aug 28 13:47:43.159777 watchdogd(RunningBoardServices)[57] <Info>: observedProcessStatesDidChange
Aug 28 13:47:43.160119 watchdogd(RunningBoardServices)[57] <Debug>: Decoded RBSProcessHandle with IPC ID 174996520000e15f
Aug 28 13:47:43.162531 watchdogd(RunningBoardServices)[57] <Notice>: Received state update for 57695
Aug 28 13:47:43.163809 watchdogd(RunningBoardServices)[57] <Info>: Update delivered for [application<dev.selfhost.firstActivationProbe>:57695] with taskState 4
Aug 28 13:47:43.164384 backboardd(RunningBoardServices)[65] <Notice>: Hit the server for a process handle 174996520000e15f that resolved to: [application<dev.selfhost.firstActivationProbe>:57695]
Aug 28 13:47:43.165150 backboardd(RunningBoardServices)[65] <Info>: Update delivered for [application<dev.selfhost.firstActivationProbe>:57695] with taskState 4
Aug 28 13:47:43.165522 watchdogd[57] <Info>: 1308910882217666: <private>
Aug 28 13:47:43.165999 callservicesd(RunningBoardServices)[131] <Info>: Update skipped for [application<dev.selfhost.firstActivationProbe>:57695] with state: <RBSProcessState| task:running-active debug:none endowments:[
Aug 28 13:47:43.166247 watchdogd(RunningBoardServices)[57] <Info>: Update skipped for [application<dev.selfhost.firstActivationProbe>:57695] with state: <RBSProcessState| task:running-active debug:none endowments:[
Aug 28 13:47:43.166753 symptomsd(SymptomNetworkUsage)[170] <Debug>: 57695 dev.selfhost.firstActivationProbe: ForegroundRunning (most elevated: ForegroundRunning)
Aug 28 13:47:43.166941 symptomsd(RunningBoardServices)[170] <Info>: Update delivered for [application<dev.selfhost.firstActivationProbe>:57695] with taskState 4
Aug 28 13:47:43.167047 runningboardd(RunningBoard)[33] <Debug>: [daemon<com.apple.SpringBoard>:47602] query resolved to [application<dev.selfhost.firstActivationProbe>:57695]
Aug 28 13:47:43.167797 dasd(RunningBoardServices)[94] <Notice>: Hit the server for a process handle 174996520000e15f that resolved to: [application<dev.selfhost.firstActivationProbe>:57695]
Aug 28 13:47:43.168678 aggregated(RunningBoardServices)[50213] <Notice>: Hit the server for a process handle 174996520000e15f that resolved to: [application<dev.selfhost.firstActivationProbe>:57695]
Aug 28 13:47:43.169802 useractivityd(RunningBoardServices)[184] <Notice>: Hit the server for a process handle 174996520000e15f that resolved to: [application<dev.selfhost.firstActivationProbe>:57695]
Aug 28 13:47:43.170066 dasd(RunningBoardServices)[94] <Info>: Update delivered for [application<dev.selfhost.firstActivationProbe>:57695] with taskState 4
Aug 28 13:47:43.170342 aggregated(RunningBoardServices)[50213] <Info>: Update delivered for [application<dev.selfhost.firstActivationProbe>:57695] with taskState 4
Aug 28 13:47:43.173429 useractivityd(RunningBoardServices)[184] <Info>: Update delivered for [application<dev.selfhost.firstActivationProbe>:57695] with taskState 4
Aug 28 13:47:43.174752 locationd(RunningBoardServices)[69] <Notice>: Hit the server for a process handle 174996520000e15f that resolved to: [application<dev.selfhost.firstActivationProbe>:57695]
Aug 28 13:47:43.175562 locationd(RunningBoardServices)[69] <Info>: Update delivered for [application<dev.selfhost.firstActivationProbe>:57695] with taskState 4
Aug 28 13:47:43.183022 locationd[69] <Notice>: {"msg":"#CLIUA Marking change", "clientKey":"dev.selfhost.firstActivationProbe", "reason":"Process state from RunningBoard", "assertionLevel":5, "coming":1}
Aug 28 13:47:43.184398 locationd[69] <Info>: getClientEffectiveRegistrationResult, , dev.selfhost.firstActivationProbe, , CLClientRegistrationResult, kCLClientRegistrationResultFailedUnavailable, CLCommonLocationServicesEnabled, 1
Aug 28 13:47:43.184418 locationd[69] <Info>: getClientEffectiveRegistrationResult, , dev.selfhost.firstActivationProbe, , CLClientRegistrationResult, kCLClientRegistrationResultFailedUnavailable, CLCommonLocationServicesEnabled, 1
Aug 28 13:47:43.184460 locationd[69] <Debug>: {"msg":"Skip UpdateClientServiceTypeMasks #pla for zones. No InterestZones", "ClientKey":"dev.selfhost.firstActivationProbe"}
Aug 28 13:47:43.191597 wifid(RunningBoardServices)[52] <Info>: Update delivered for [application<dev.selfhost.firstActivationProbe>:57695] with taskState 4
Aug 28 13:47:43.194922 backboardd(RunningBoardServices)[65] <Info>: Update skipped for [application<dev.selfhost.firstActivationProbe>:57695] with state: <RBSProcessState| task:running-active debug:none endowments:[
Aug 28 13:47:43.195795 wifid(WiFiPolicy)[52] <Notice>: WifiDeviceManagerCatsWhitelistedApp: CATS en0:  deviceManager:0x10582dc00 FgApp:dev.selfhost.firstActivationProbe stateChange:1 whitelisted=1
Aug 28 13:47:43.196118 useractivityd(RunningBoardServices)[184] <Info>: Update skipped for [application<dev.selfhost.firstActivationProbe>:57695] with state: <RBSProcessState| task:running-active debug:none endowments:[
Aug 28 13:47:43.196309 wifid(WiFiPolicy)[52] <Notice>: WiFiDeviceManagerCatsSetLowLatencyApp: CATSUpdate en0: fgApp:dev.selfhost.firstActivationProbe b=0x0 rc=0
Aug 28 13:47:43.196509 aggregated(RunningBoardServices)[50213] <Info>: Update skipped for [application<dev.selfhost.firstActivationProbe>:57695] with state: <RBSProcessState| task:running-active debug:none endowments:[
Aug 28 13:47:43.196939 wifid(WiFiPolicy)[52] <Notice>: WiFiDeviceManagerCatsSetForegroundApp: CATSUpdate en0: fgApp:dev.selfhost.firstActivationProbe hs=0 t=1 wl=1 rc=1
Aug 28 13:47:43.197502 contextstored(RunningBoardServices)[61] <Info>: Update delivered for [application<dev.selfhost.firstActivationProbe>:57695] with taskState 4
Aug 28 13:47:43.198607 contextstored(RunningBoardServices)[61] <Info>: Update skipped for [application<dev.selfhost.firstActivationProbe>:57695] with state: <RBSProcessState| task:running-active debug:none endowments:[
Aug 28 13:47:43.202315 wifid(RunningBoardServices)[52] <Info>: Update skipped for [application<dev.selfhost.firstActivationProbe>:57695] with state: <RBSProcessState| task:running-active debug:none endowments:[
Aug 28 13:47:43.205711 dasd(RunningBoardServices)[94] <Info>: Update delivered for [application<dev.selfhost.firstActivationProbe>:57695] with taskState 4
Aug 28 13:47:43.206054 dasd(RunningBoardServices)[94] <Info>: Update skipped for [application<dev.selfhost.firstActivationProbe>:57695] with state: <RBSProcessState| task:running-active debug:none endowments:[
Aug 28 13:47:43.206178 dasd(RunningBoardServices)[94] <Info>: Update delivered for [application<dev.selfhost.firstActivationProbe>:57695] with taskState 4
Aug 28 13:47:43.207189 UserEventAgent(RunningBoardServices)[30] <Info>: Update delivered for [application<dev.selfhost.firstActivationProbe>:57695] with taskState 4
Aug 28 13:47:43.207349 symptomsd(RunningBoardServices)[170] <Info>: Update skipped for [application<dev.selfhost.firstActivationProbe>:57695] with state: <RBSProcessState| task:running-active debug:none endowments:[
Aug 28 13:47:43.207771 dasd(RunningBoardServices)[94] <Info>: Update skipped for [application<dev.selfhost.firstActivationProbe>:57695] with state: <RBSProcessState| task:running-active debug:none endowments:[
Aug 28 13:47:43.207971 dasd(RunningBoardServices)[94] <Info>: Update skipped for [application<dev.selfhost.firstActivationProbe>:57695] with state: <RBSProcessState| task:running-active debug:none endowments:[
Aug 28 13:47:43.212382 UserEventAgent(RunningBoardServices)[30] <Info>: Update delivered for [application<dev.selfhost.firstActivationProbe>:57695] with taskState 4
Aug 28 13:47:43.214076 symptomsd(SymptomNetworkUsage)[170] <Debug>: Dynamic lookup for E01B2FEA-36F1-3C21-AADE-93AC8E03F45C found entry dev.selfhost.firstActivationProbe
Aug 28 13:47:43.215338 symptomsd(SymptomNetworkUsage)[170] <Info>: handleApplicationStateChangeForDisplayName: name dev.selfhost.firstActivationProbe uuid E01B2FEA-36F1-3C21-AADE-93AC8E03F45C pid 57695 state BKSApplicationStateForegroundRunning
Aug 28 13:47:43.216163 symptomsd(SymptomNetworkUsage)[170] <Debug>: Dynamic lookup for E01B2FEA-36F1-3C21-AADE-93AC8E03F45C found entry dev.selfhost.firstActivationProbe
Aug 28 13:47:43.216939 locationd(RunningBoardServices)[69] <Info>: Update skipped for [application<dev.selfhost.firstActivationProbe>:57695] with state: <RBSProcessState| task:running-active debug:none endowments:[
Aug 28 13:47:43.217384 symptomsd(SymptomEvaluator)[170] <Info>: COSMCtrl foregroundAppObserver gets E01B2FEA-36F1-3C21-AADE-93AC8E03F45C for dev.selfhost.firstActivationProbe state 1
Aug 28 13:47:43.217696 symptomsd(SymptomEvaluator)[170] <Debug>: COSMCtrl _foregroundAppActivity entry for E01B2FEA-36F1-3C21-AADE-93AC8E03F45C -> dev.selfhost.firstActivationProbe  fg 1
Aug 28 13:47:43.217952 symptomsd(SymptomEvaluator)[170] <Debug>: COSMCtrl _updateExploitNumbers new count as non exploit dev.selfhost.firstActivationProbe
Aug 28 13:47:43.218009 symptomsd(SymptomEvaluator)[170] <Debug>: COSMCtrl _foregroundAppActivity exit for E01B2FEA-36F1-3C21-AADE-93AC8E03F45C -> dev.selfhost.firstActivationProbe  policy id 0  fg 1 fg-activity 0
Aug 28 13:47:43.218449 symptomsd(SymptomEvaluator)[170] <Debug>: Flow data on entry is Runner TCP4 flow id 1233454 (close) so pkts rx 2 tx 2, bytes 311 424 cell 0 0 wifi 391 504 wired 0 0 deltas 311 424 0 0 391 504 0 0
src 1233454 snapshot: Runner TCP4 flow id 1233454 (close) so pkts rx 2 tx 2, bytes 311 424 cell 0 0 wifi 391 504 wired 0 0 deltas 311 424 0 0 391 504 0 0
Aug 28 13:47:43.218694 symptomsd(SymptomEvaluator)[170] <Debug>: --> activityBitmaps: adding new bitmaps for app [dev.selfhost.firstActivationProbe] with bitmaps starting at 1308904: [             0x1] [               0]
Aug 28 13:47:43.218873 symptomsd(SymptomEvaluator)[170] <Debug>: --> activityBitmaps for dev.selfhost.firstActivationProbe: current bitmaps stored before adding new bitmap: [Activity time: 03:33:09.000 -0400 (1305864) ] [wordOffset: 0, numOfWords:7] <             0x1           0x2000    0x40000000000                0          0x10010                0                0 >
Aug 28 13:47:43.218957 symptomsd(SymptomEvaluator)[170] <Debug>: --> activityBitmaps for dev.selfhost.firstActivationProbe: flowId 1233454, startTime 1308904, new bitmap part1:              0x1, part2:                0
Aug 28 13:47:43.219142 symptomsd(SymptomEvaluator)[170] <Debug>: --> activityBitmaps for dev.selfhost.firstActivationProbe: current bitmaps stored after adding new bitmap: [Activity time: 03:33:09.000 -0400 (1305864) ] [wordOffset: 0, numOfWords:8] <             0x1           0x2000    0x40000000000                0          0x10010 0x1000000000000000                0                0 >
Aug 28 13:47:43.219741 symptomsd(SymptomEvaluator)[170] <Debug>: found LU hint (mode: 1) for dev.selfhost.firstActivationProbe: 0x102829350, subscriber tag: 0
Aug 28 13:47:43.220054 symptomsd(SymptomEvaluator)[170] <Notice>: Data Usage for dev.selfhost.firstActivationProbe on flow 1233454 - WiFi in/out: 24124/20167, WiFi delta_in/delta_out: 391/504, Cell in/out: 0/0, Cell delta_in/delta_out: 0/0, RNF: 0, subscriber tag: 0
Aug 28 13:47:43.220101 symptomsd(SymptomEvaluator)[170] <Debug>: Data Usage for dev.selfhost.firstActivationProbe on flow 1233454 - Wired in/out: 0/0, Wired delta_in/delta_out: 0/0, subscriber tag: 0
Aug 28 13:47:43.220154 symptomsd(SymptomEvaluator)[170] <Info>: changedForegroundState to 1 for dev.selfhost.firstActivationProbe
Aug 28 13:47:43.220197 symptomsd(SymptomEvaluator)[170] <Debug>: app name dev.selfhost.firstActivationProbe isForeground 1  hasForegroundApps 1, current idea of foreground 0 disp (null)
Aug 28 13:47:43.220304 symptomsd(SymptomEvaluator)[170] <Notice>: dev.selfhost.firstActivationProbe: Foreground: true
Aug 28 13:47:43.221155 symptomsd(SymptomEvaluator)[170] <Debug>: found LU hint (mode: 1) for dev.selfhost.firstActivationProbe: 0x102829350, subscriber tag: 0
Aug 28 13:47:43.221283 symptomsd(SymptomEvaluator)[170] <Info>: Set appCompactState object 44291 for key dev.selfhost.firstActivationProbe
Aug 28 13:47:43.325371 SpringBoard(SplashBoard)[47602] <Info>: <XBApplicationSnapshot: 0x109ddf7d0; …2F3B89D0D3F1> [dev.selfhost.firstActivationProbe] Purging the cached image; force: 0; _imageAccessCount: 0; _keepImageAccessUntilExpiration: 0; _hasProtectedContent: 0; _keepImageAccessForPreheat: 0
Aug 28 13:47:43.365141 Runner(CoreFoundation)[57695] <Debug>: Resource lookup at <private>
Aug 28 13:47:43.375014 Runner(CoreFoundation)[57695] <Debug>: found no value for key EnhancedTextLegibilityEnabled in CFPrefsSearchListSource<0x28245b200> (Domain: dev.selfhost.firstActivationProbe, Container: (null))
Aug 28 13:47:43.375673 Runner(libAccessibility.dylib)[57695] <Debug>: CF Read: domain = dev.selfhost.firstActivationProbe, preference = EnhancedTextLegibilityEnabled, appID = dev.selfhost.firstActivationProbe result = (null) (-1 - empty, 0 - false, 1 - true)
Aug 28 13:47:43.375851 Runner(CoreFoundation)[57695] <Debug>: found no value for key DarkenSystemColors in CFPrefsSearchListSource<0x28245b200> (Domain: dev.selfhost.firstActivationProbe, Container: (null))
Aug 28 13:47:43.375983 Runner(libAccessibility.dylib)[57695] <Debug>: CF Read: domain = dev.selfhost.firstActivationProbe, preference = DarkenSystemColors, appID = dev.selfhost.firstActivationProbe result = (null) (-1 - empty, 0 - false, 1 - true)
Aug 28 13:47:43.376146 Runner(CoreFoundation)[57695] <Debug>: found no value for key InvertColorsEnabled in CFPrefsSearchListSource<0x28245b200> (Domain: dev.selfhost.firstActivationProbe, Container: (null))
Aug 28 13:47:43.376247 Runner(libAccessibility.dylib)[57695] <Debug>: CF Read: domain = dev.selfhost.firstActivationProbe, preference = InvertColorsEnabled, appID = dev.selfhost.firstActivationProbe result = (null) (-1 - empty, 0 - false, 1 - true)
Aug 28 13:47:43.379428 Runner(UIKitCore)[57695] <Notice>: <private>: Ending background task with UIBackgroundTaskIdentifier: 1
Aug 28 13:47:43.379800 Runner(UIKitCore)[57695] <Notice>: <private>: Ending task with identifier 1 and description: <private>, _expireHandler: <__NSGlobalBlock__: 0x1ec737410>
Aug 28 13:47:43.380019 Runner(UIKitCore)[57695] <Notice>: <private>: Decrementing reference count for assertion used by background task with identifier 1: <private>
Aug 28 13:47:43.380265 Runner(UIKitCore)[57695] <Notice>: <private>: Will invalidate assertion: <BKSProcessAssertion: 0x2829582d0> for task identifier: 1
Aug 28 13:47:43.380341 runningboardd(RunningBoard)[33] <Info>: Received message from [application<dev.selfhost.firstActivationProbe>:57695] (euid 501, auid 501): async_invalidateAssertionWithIdentifier:
Aug 28 13:47:43.380423 runningboardd(RunningBoard)[33] <Notice>: Invalidating assertion 33-57695-7781 (target:[application<dev.selfhost.firstActivationProbe>:57695]) from originator [application<dev.selfhost.firstActivationProbe>:57695]
<SBTransitionSwitcherModifierEvent: 0x282115000; type: MainTransition; transitionID: 91073D9B-7633-4583-A76B-9FC41E9D6313; phase: Complete; animated: YES; fromAppLayout: 0x0; toAppLayout: <SBAppLayout: 0x2808e2980; primary: dev.selfhost.firstActivationProbe:default; environment: main>; fromEnvironmentMode: home-screen; toEnvironmentMode: application; pendingTermination: {(
)}; activating: <SBAppLayout: 0x2808e2980; primary: dev.selfhost.firstActivationProbe:default; environment: main>; dosidoTransitionDirection: 0>
		    <SBIconOverlayVisibilitySwitcherEventResponse: 0x2808e5ec0; visible: NO; appLayout: <SBAppLayout: 0x2808e2980; primary: dev.selfhost.firstActivationProbe:default; environment: main>>;
		    <SBIconViewVisibilitySwitcherEventResponse: 0x283e86f30; visible: YES; animationSettings: 0x0; appLayout: <SBAppLayout: 0x2808e2980; primary: dev.selfhost.firstActivationProbe:default; environment: main>>;
		    <SBMatchMoveToIconViewSwitcherEventResponse: 0x2808e6800; active: NO; appLayout: <SBAppLayout: 0x2808e2980; primary: dev.selfhost.firstActivationProbe:default; environment: main>>;
Aug 28 13:47:43.431167 SpringBoard[47602] <Notice>: Front display did change: <SBApplication: 0x28242b100; dev.selfhost.firstActivationProbe>
        <SBDeviceApplicationSceneEntity: 0x283e948c0; ID: sceneID:dev.selfhost.firstActivationProbe-default; layoutRole: primary>
                            Application: <SBDeviceApplicationSceneEntity: 0x283e948c0; ID: sceneID:dev.selfhost.firstActivationProbe-default; layoutRole: primary>
                            SceneID: sceneID:dev.selfhost.firstActivationProbe-default
                                    Process: <FBApplicationProcess: 0x10a1d2fd0; application<dev.selfhost.firstActivationProbe>:57695(v72FDF)>
                                    SceneID: sceneID:dev.selfhost.firstActivationProbe-default
                                        TIME: 13:47:42.843; DESCRIPTION: Updating scene with watchdog policy: RunWatchdog
        <SBDeviceApplicationSceneEntity: 0x283e948c0; ID: sceneID:dev.selfhost.firstActivationProbe-default; layoutRole: primary>
        <SBDeviceApplicationSceneEntity: 0x283e948c0; ID: sceneID:dev.selfhost.firstActivationProbe-default; layoutRole: primary>
Aug 28 13:47:43.463991 Runner(CoreFoundation)[57695] <Debug>: found no value for key ReduceMotionEnabled in CFPrefsSearchListSource<0x28245b200> (Domain: dev.selfhost.firstActivationProbe, Container: (null))
Aug 28 13:47:43.464011 Runner(libAccessibility.dylib)[57695] <Debug>: CF Read: domain = dev.selfhost.firstActivationProbe, preference = ReduceMotionEnabled, appID = dev.selfhost.firstActivationProbe result = (null) (-1 - empty, 0 - false, 1 - true)
Aug 28 13:47:43.464225 runningboardd(RunningBoard)[33] <Debug>: [daemon<com.apple.CommCenter>:90] query resolved to [application<dev.selfhost.firstActivationProbe>:57695]
Aug 28 13:47:43.464414 bluetoothd(CoreUtils)[86] <Notice>: SystemUI unknown identifier: 'sceneID:dev.selfhost.firstActivationProbe-default' / 'dev.selfhost.firstActivationProbe'
Aug 28 13:47:43.464437 sharingd[66] <Debug>: SystemUI unknown identifier: 'sceneID:dev.selfhost.firstActivationProbe-default'/ 'dev.selfhost.firstActivationProbe'
        <SBSDisplayLayoutElement: 0x28365e990; sceneID:dev.selfhost.firstActivationProbe-default; bundleID: dev.selfhost.firstActivationProbe; frame: {{0, 0}, {375, 667}}; level: 1; role: primary>;
Aug 28 13:47:43.466618 runningboardd(RunningBoard)[33] <Debug>: [daemon<com.apple.SpringBoard>:47602] query resolved to [application<dev.selfhost.firstActivationProbe>:57695]
Aug 28 13:47:43.488177 runningboardd(RunningBoard)[33] <Debug>: Updating events for assertion: 33-57695-7781 (target:[application<dev.selfhost.firstActivationProbe>:57695])
Aug 28 13:47:43.488201 runningboardd(RunningBoard)[33] <Debug>: Removing assertion 33-57695-7781 on [application<dev.selfhost.firstActivationProbe>:57695]
Aug 28 13:47:43.488254 runningboardd(RunningBoard)[33] <Debug>: Removing events for context: 33-57695-7781 (target:[application<dev.selfhost.firstActivationProbe>:57695])
Aug 28 13:47:43.488320 runningboardd(RunningBoard)[33] <Debug>: > application<dev.selfhost.firstActivationProbe> ['RB Underlying Assertion'] [33-33-7779]
Aug 28 13:47:43.488344 runningboardd(RunningBoard)[33] <Info>: application<dev.selfhost.firstActivationProbe> is now targeted by 4 assertions
Aug 28 13:47:43.488392 runningboardd(RunningBoard)[33] <Debug>: > 57695 ['injecting inherited from "UIScene:com.apple.frontboard.systemappservices::com.apple.springboard" to 57695<UIScene:com.apple.frontboard.systemappservices::sceneID%3Adev.selfhost.firstActivationProbe-default>'] [33-47602-7782]
Aug 28 13:47:43.520854 Runner(CoreFoundation)[57695] <Debug>: found no value for key IncreaseButtonLegibilityEnabled in CFPrefsSearchListSource<0x28245b200> (Domain: dev.selfhost.firstActivationProbe, Container: (null))
Aug 28 13:47:43.520930 Runner(libAccessibility.dylib)[57695] <Debug>: CF Read: domain = dev.selfhost.firstActivationProbe, preference = IncreaseButtonLegibilityEnabled, appID = dev.selfhost.firstActivationProbe result = (null) (-1 - empty, 0 - false, 1 - true)
Aug 28 13:47:43.520954 Runner(CoreFoundation)[57695] <Debug>: found no value for key ReduceMotionAutoplayVideoPreviewsEnabled in CFPrefsSearchListSource<0x28245b200> (Domain: dev.selfhost.firstActivationProbe, Container: (null))
Aug 28 13:47:43.520979 Runner(libAccessibility.dylib)[57695] <Debug>: CF Read: domain = dev.selfhost.firstActivationProbe, preference = ReduceMotionAutoplayVideoPreviewsEnabled, appID = dev.selfhost.firstActivationProbe result = (null) (-1 - empty, 0 - false, 1 - true)
Aug 28 13:47:43.733253 SpringBoard(SplashBoard)[47602] <Info>: <XBApplicationSnapshot: 0x109d3cb20; …A909693DA7E7> [dev.selfhost.firstActivationProbe] Purging the cached image; force: 0; _imageAccessCount: 0; _keepImageAccessUntilExpiration: 0; _hasProtectedContent: 0; _keepImageAccessForPreheat: 0
Aug 28 13:47:43.866600 runningboardd(RunningBoard)[33] <Notice>: Acquiring assertion targeting [application<dev.selfhost.firstActivationProbe>:57695] from originator [daemon<com.apple.SpringBoard>:47602] with description <RBSAssertionDescriptor| "FBWorkspace (ForegroundFocal)" ID:33-47602-7784 target:57695 attributes:[
Aug 28 13:47:43.868328 runningboardd(RunningBoard)[33] <Notice>: Assertion 33-47602-7784 (target:[application<dev.selfhost.firstActivationProbe>:57695]) will be created as active
Aug 28 13:47:43.871860 runningboardd(RunningBoard)[33] <Debug>: Adding assertion 33-47602-7784 (target:[application<dev.selfhost.firstActivationProbe>:57695])
Aug 28 13:47:43.872979 runningboardd(RunningBoard)[33] <Info>: application<dev.selfhost.firstActivationProbe> is now targeted by 5 assertions
Aug 28 13:47:43.873117 runningboardd(RunningBoard)[33] <Debug>: BEGIN suppressing state updates for application<dev.selfhost.firstActivationProbe>
Aug 28 13:47:43.873634 runningboardd(RunningBoard)[33] <Debug>: Incrementing suppression state to 1 for application<dev.selfhost.firstActivationProbe>
Aug 28 13:47:43.873866 runningboardd(RunningBoard)[33] <Debug>: Updating events for assertion: 33-47602-7784 (target:[application<dev.selfhost.firstActivationProbe>:57695])
Aug 28 13:47:43.874172 runningboardd(RunningBoard)[33] <Debug>: Removing events for context: 33-47602-7784 (target:[application<dev.selfhost.firstActivationProbe>:57695])
Aug 28 13:47:43.874335 runningboardd(RunningBoard)[33] <Info>: [application<dev.selfhost.firstActivationProbe>:57695] Applying updated state
Aug 28 13:47:43.874683 runningboardd(RunningBoard)[33] <Debug>: Enqueueing events for assertion: 33-47602-7784 (target:[application<dev.selfhost.firstActivationProbe>:57695])
Aug 28 13:47:43.874886 runningboardd(RunningBoard)[33] <Notice>: Calculated state for application<dev.selfhost.firstActivationProbe>: running-active (role: UserInteractiveFocal)
    <RBSInheritance| environment:UIScene:com.apple.frontboard.systemappservices::sceneID%3Adev.selfhost.firstActivationProbe-default name:com.apple.frontboard.visibility origID:33-47602-7782 payload>
Aug 28 13:47:43.875494 SpringBoard(FrontBoard)[47602] <Notice>: [application<dev.selfhost.firstActivationProbe>:57695] Now acquiring workspace assertion with state: ForegroundFocal.
Aug 28 13:47:43.876230 SpringBoard(FrontBoard)[47602] <Notice>: [application<dev.selfhost.firstActivationProbe>:57695] Dropping launch assertion.
Aug 28 13:47:43.877029 runningboardd(RunningBoard)[33] <Debug>: SUPPRESSING state update for application<dev.selfhost.firstActivationProbe>: <RBSProcessState| task:running-active debug:none terminationResistance:Interactive endowments:[
	<RBSProcessAssertionInfo| type:2 reason:10000 name:"Domain" domain:"com.apple.frontboard:Bootstrap-Foreground,com.apple.frontboard:Visibility" expl:"FBApplicationProcess">,
	<RBSProcessAssertionInfo| type:1 reason:0 name:"Custom" domain:"(null)" expl:"injecting inherited from "UIScene:com.apple.frontboard.systemappservices::com.apple.springboard" to 57695<UIScene:com.apple.frontboard.systemappservices::sceneID%3Adev.selfhost.firstActivationProbe-default>">
Aug 28 13:47:43.877253 runningboardd(RunningBoard)[33] <Info>: Finished acquiring assertion 33-47602-7784 (target:[application<dev.selfhost.firstActivationProbe>:57695])
Aug 28 13:47:43.877491 runningboardd(RunningBoard)[33] <Debug>: Decrementing suppression state to 0 for application<dev.selfhost.firstActivationProbe>
Aug 28 13:47:43.877804 runningboardd(RunningBoard)[33] <Debug>: END suppressing state updates for application<dev.selfhost.firstActivationProbe>
Aug 28 13:47:43.878044 runningboardd(RunningBoard)[33] <Debug>: Sending state update for application<dev.selfhost.firstActivationProbe>: <RBSProcessState| task:running-active debug:none terminationResistance:Interactive endowments:[
	<RBSProcessAssertionInfo| type:2 reason:10000 name:"Domain" domain:"com.apple.frontboard:Bootstrap-Foreground,com.apple.frontboard:Visibility" expl:"FBApplicationProcess">,
	<RBSProcessAssertionInfo| type:1 reason:0 name:"Custom" domain:"(null)" expl:"injecting inherited from "UIScene:com.apple.frontboard.systemappservices::com.apple.springboard" to 57695<UIScene:com.apple.frontboard.systemappservices::sceneID%3Adev.selfhost.firstActivationProbe-default>">
Aug 28 13:47:43.879027 Runner(RunningBoardServices)[57695] <Debug>: Received message from server: async_didChangeInheritances:completion:
Aug 28 13:47:43.879221 Runner(RunningBoardServices)[57695] <Info>: didChangeInheritances
Aug 28 13:47:43.879439 Runner(RunningBoardServices)[57695] <Info>: didChangeInheritances: <RBSInheritanceChangeSet| gained:{(
Aug 28 13:47:43.879762 runningboardd(RunningBoard)[33] <Notice>: Invalidating assertion 33-47602-7778 (target:application<dev.selfhost.firstActivationProbe>) from originator [daemon<com.apple.SpringBoard>:47602]
Aug 28 13:47:43.880544 SpringBoard(RunningBoardServices)[47602] <Info>: Update skipped for [application<dev.selfhost.firstActivationProbe>:57695] with state: <RBSProcessState| task:running-active debug:none endowments:[
Aug 28 13:47:43.881592 SpringBoard(RunningBoardServices)[47602] <Info>: Update skipped for [application<dev.selfhost.firstActivationProbe>:57695] with state: <RBSProcessState| task:running-active debug:none endowments:[
Aug 28 13:47:43.882247 SpringBoard(RunningBoardServices)[47602] <Info>: Update skipped for [application<dev.selfhost.firstActivationProbe>:57695] with state: <RBSProcessState| task:running-active debug:none endowments:[
Aug 28 13:47:43.882384 mediaserverd(RunningBoardServices)[36] <Info>: Update skipped for [application<dev.selfhost.firstActivationProbe>:57695] with state: <RBSProcessState| task:running-active debug:none endowments:[
Aug 28 13:47:43.882825 mediaserverd(RunningBoardServices)[36] <Info>: Update skipped for [application<dev.selfhost.firstActivationProbe>:57695] with state: <RBSProcessState| task:running-active debug:none endowments:[
Aug 28 13:47:43.889492 SpringBoard(RunningBoardServices)[47602] <Info>: Update skipped for [application<dev.selfhost.firstActivationProbe>:57695] with state: <RBSProcessState| task:running-active debug:none endowments:[
Aug 28 13:47:43.889662 SpringBoard(RunningBoardServices)[47602] <Info>: Update skipped for [application<dev.selfhost.firstActivationProbe>:57695] with state: <RBSProcessState| task:running-active debug:none endowments:[
Aug 28 13:47:43.890752 kbd(RunningBoardServices)[303] <Info>: Update skipped for [application<dev.selfhost.firstActivationProbe>:57695] with state: <RBSProcessState| task:running-active debug:none endowments:[
Aug 28 13:47:43.893739 watchdogd(RunningBoardServices)[57] <Debug>: Received message from server: async_observedProcessStatesDidChange:completion:
Aug 28 13:47:43.899324 CommCenter(RunningBoardServices)[90] <Info>: Update skipped for [application<dev.selfhost.firstActivationProbe>:57695] with state: <RBSProcessState| task:running-active debug:none endowments:[
Aug 28 13:47:43.899941 backboardd(RunningBoardServices)[65] <Info>: Update skipped for [application<dev.selfhost.firstActivationProbe>:57695] with state: <RBSProcessState| task:running-active debug:none endowments:[
Aug 28 13:47:43.900442 UserEventAgent(RunningBoardServices)[30] <Info>: Update skipped for [application<dev.selfhost.firstActivationProbe>:57695] with state: <RBSProcessState| task:running-active debug:none endowments:[
	<RBSProcessAssertionInfo| type:2 reason:10000 name:"Domain" domain:"com.apple.frontboard:Bootstrap-Foreground,com.apple.frontboard:Visibility" expl:"FBApplicationProcess">,
	<RBSProcessAssertionInfo| type:1 reason:0 name:"Custom" domain:"(null)" expl:"injecting inherited from "UIScene:com.apple.frontboard.systemappservices::com.apple.springboard" to 57695<UIScene:com.apple.frontboard.systemappservices::sceneID%3Adev.selfhost.firstActivationProbe-default>">
Aug 28 13:47:43.903674 watchdogd(RunningBoardServices)[57] <Info>: observedProcessStatesDidChange
Aug 28 13:47:43.904512 watchdogd(RunningBoardServices)[57] <Debug>: Decoded RBSProcessHandle with IPC ID 174996520000e15f
Aug 28 13:47:43.907052 contextstored(RunningBoardServices)[61] <Info>: Update skipped for [application<dev.selfhost.firstActivationProbe>:57695] with state: <RBSProcessState| task:running-active debug:none endowments:[
Aug 28 13:47:43.907899 useractivityd(RunningBoardServices)[184] <Info>: Update skipped for [application<dev.selfhost.firstActivationProbe>:57695] with state: <RBSProcessState| task:running-active debug:none endowments:[
Aug 28 13:47:43.908120 dasd(RunningBoardServices)[94] <Info>: Update skipped for [application<dev.selfhost.firstActivationProbe>:57695] with state: <RBSProcessState| task:running-active debug:none endowments:[
Aug 28 13:47:43.908419 watchdogd(RunningBoardServices)[57] <Notice>: Received state update for 57695
Aug 28 13:47:43.908810 wifid(RunningBoardServices)[52] <Info>: Update skipped for [application<dev.selfhost.firstActivationProbe>:57695] with state: <RBSProcessState| task:running-active debug:none endowments:[
Aug 28 13:47:43.909806 locationd(RunningBoardServices)[69] <Info>: Update skipped for [application<dev.selfhost.firstActivationProbe>:57695] with state: <RBSProcessState| task:running-active debug:none endowments:[
Aug 28 13:47:43.910330 aggregated(RunningBoardServices)[50213] <Info>: Update skipped for [application<dev.selfhost.firstActivationProbe>:57695] with state: <RBSProcessState| task:running-active debug:none endowments:[
Aug 28 13:47:43.910969 watchdogd(RunningBoardServices)[57] <Info>: Update skipped for [application<dev.selfhost.firstActivationProbe>:57695] with state: <RBSProcessState| task:running-active debug:none endowments:[
Aug 28 13:47:43.911109 callservicesd(RunningBoardServices)[131] <Info>: Update skipped for [application<dev.selfhost.firstActivationProbe>:57695] with state: <RBSProcessState| task:running-active debug:none endowments:[
Aug 28 13:47:43.912310 dasd(RunningBoardServices)[94] <Info>: Update skipped for [application<dev.selfhost.firstActivationProbe>:57695] with state: <RBSProcessState| task:running-active debug:none endowments:[
Aug 28 13:47:43.912462 symptomsd(RunningBoardServices)[170] <Info>: Update skipped for [application<dev.selfhost.firstActivationProbe>:57695] with state: <RBSProcessState| task:running-active debug:none endowments:[
Aug 28 13:47:43.913318 dasd(RunningBoardServices)[94] <Info>: Update skipped for [application<dev.selfhost.firstActivationProbe>:57695] with state: <RBSProcessState| task:running-active debug:none endowments:[
Aug 28 13:47:43.918949 UserEventAgent(RunningBoardServices)[30] <Info>: Update delivered for [application<dev.selfhost.firstActivationProbe>:57695] with taskState 4
Aug 28 13:47:43.977165 runningboardd(RunningBoard)[33] <Debug>: Updating events for assertion: 33-47602-7778 (target:application<dev.selfhost.firstActivationProbe>)
Aug 28 13:47:43.977567 runningboardd(RunningBoard)[33] <Debug>: Removing assertion 33-47602-7778 on application<dev.selfhost.firstActivationProbe>
Aug 28 13:47:43.978067 runningboardd(RunningBoard)[33] <Debug>: Removing events for context: 33-47602-7778 (target:application<dev.selfhost.firstActivationProbe>)
Aug 28 13:47:43.978585 runningboardd(RunningBoard)[33] <Debug>: > application<dev.selfhost.firstActivationProbe> ['FBWorkspace (ForegroundFocal)'] [33-47602-7784]
Aug 28 13:47:43.985960 runningboardd(RunningBoard)[33] <Debug>: > application<dev.selfhost.firstActivationProbe> ['com.apple.frontboard.after-life.interrupted'] [33-47602-7780]
Aug 28 13:47:43.988242 runningboardd(RunningBoard)[33] <Debug>: > application<dev.selfhost.firstActivationProbe> ['injecting inherited from "UIScene:com.apple.frontboard.systemappservices::com.apple.springboard" to 57695<UIScene:com.apple.frontboard.systemappservices::sceneID%3Adev.selfhost.firstActivationProbe-default>'] [33-47602-7782]
Aug 28 13:47:43.989401 runningboardd(RunningBoard)[33] <Info>: application<dev.selfhost.firstActivationProbe> is now targeted by 4 assertions
Aug 28 13:47:43.989822 runningboardd(RunningBoard)[33] <Debug>: > 47602 ['injecting inherited from "UIScene:com.apple.frontboard.systemappservices::com.apple.springboard" to 57695<UIScene:com.apple.frontboard.systemappservices::sceneID%3Adev.selfhost.firstActivationProbe-default>'] [33-47602-7782]
Aug 28 13:47:43.990239 runningboardd(RunningBoard)[33] <Info>: [application<dev.selfhost.firstActivationProbe>:57695] Applying updated state
Aug 28 13:47:43.990398 runningboardd(RunningBoard)[33] <Notice>: Calculated state for application<dev.selfhost.firstActivationProbe>: running-active (role: UserInteractiveFocal)
    <RBSInheritance| environment:UIScene:com.apple.frontboard.systemappservices::sceneID%3Adev.selfhost.firstActivationProbe-default name:com.apple.frontboard.visibility origID:33-47602-7782 payload>,
Aug 28 13:47:43.990869 runningboardd(RunningBoard)[33] <Debug>: Sending state update for application<dev.selfhost.firstActivationProbe>: <RBSProcessState| task:running-active debug:none terminationResistance:Interactive endowments:[
	<RBSProcessAssertionInfo| type:1 reason:0 name:"Custom" domain:"(null)" expl:"injecting inherited from "UIScene:com.apple.frontboard.systemappservices::com.apple.springboard" to 57695<UIScene:com.apple.frontboard.systemappservices::sceneID%3Adev.selfhost.firstActivationProbe-default>">
Aug 28 13:47:43.991755 SpringBoard(RunningBoardServices)[47602] <Info>: Update skipped for [application<dev.selfhost.firstActivationProbe>:57695] with state: <RBSProcessState| task:running-active debug:none endowments:[
Aug 28 13:47:43.992133 SpringBoard(RunningBoardServices)[47602] <Info>: Update skipped for [application<dev.selfhost.firstActivationProbe>:57695] with state: <RBSProcessState| task:running-active debug:none endowments:[
Aug 28 13:47:43.992298 Runner(RunningBoardServices)[57695] <Debug>: Received message from server: async_didChangeInheritances:completion:
Aug 28 13:47:43.992430 Runner(RunningBoardServices)[57695] <Info>: didChangeInheritances
Aug 28 13:47:43.992584 Runner(RunningBoardServices)[57695] <Info>: didChangeInheritances: <RBSInheritanceChangeSet| gained:(null) lost:{(
Aug 28 13:47:43.992764 powerd[43] <Notice>: Process runningboardd.33 Released SystemIsActive "application<dev.selfhost.firstActivationProbe>;(null):(null);33-47602-7778:FBApplicationProcess" age:00:00:01  id:51539650429 [System: SysAct]
Aug 28 13:47:43.993219 SpringBoard(RunningBoardServices)[47602] <Info>: Update skipped for [application<dev.selfhost.firstActivationProbe>:57695] with state: <RBSProcessState| task:running-active debug:none endowments:[
Aug 28 13:47:43.993373 runningboardd(RunningBoard)[33] <Debug>: BEGIN suppressing state updates for application<dev.selfhost.firstActivationProbe>
Aug 28 13:47:43.993526 runningboardd(RunningBoard)[33] <Debug>: Incrementing suppression state to 1 for application<dev.selfhost.firstActivationProbe>
Aug 28 13:47:43.994145 mediaserverd(RunningBoardServices)[36] <Info>: Update skipped for [application<dev.selfhost.firstActivationProbe>:57695] with state: <RBSProcessState| task:running-active debug:none endowments:[
Aug 28 13:47:43.994301 mediaserverd(RunningBoardServices)[36] <Info>: Update skipped for [application<dev.selfhost.firstActivationProbe>:57695] with state: <RBSProcessState| task:running-active debug:none endowments:[
Aug 28 13:47:43.994460 SpringBoard(RunningBoardServices)[47602] <Info>: Update skipped for [application<dev.selfhost.firstActivationProbe>:57695] with state: <RBSProcessState| task:running-active debug:none endowments:[
Aug 28 13:47:43.994620 SpringBoard(RunningBoardServices)[47602] <Info>: Update skipped for [application<dev.selfhost.firstActivationProbe>:57695] with state: <RBSProcessState| task:running-active debug:none endowments:[
Aug 28 13:47:43.997048 kbd(RunningBoardServices)[303] <Info>: Update skipped for [application<dev.selfhost.firstActivationProbe>:57695] with state: <RBSProcessState| task:running-active debug:none endowments:[
Aug 28 13:47:44.000046 watchdogd(RunningBoardServices)[57] <Debug>: Received message from server: async_observedProcessStatesDidChange:completion:
Aug 28 13:47:44.000161 watchdogd(RunningBoardServices)[57] <Info>: observedProcessStatesDidChange
Aug 28 13:47:44.005019 backboardd(RunningBoardServices)[65] <Info>: Update skipped for [application<dev.selfhost.firstActivationProbe>:57695] with state: <RBSProcessState| task:running-active debug:none endowments:[
Aug 28 13:47:44.005730 CommCenter(RunningBoardServices)[90] <Info>: Update skipped for [application<dev.selfhost.firstActivationProbe>:57695] with state: <RBSProcessState| task:running-active debug:none endowments:[
Aug 28 13:47:44.006045 UserEventAgent(RunningBoardServices)[30] <Info>: Update skipped for [application<dev.selfhost.firstActivationProbe>:57695] with state: <RBSProcessState| task:running-active debug:none endowments:[
	<RBSProcessAssertionInfo| type:1 reason:0 name:"Custom" domain:"(null)" expl:"injecting inherited from "UIScene:com.apple.frontboard.systemappservices::com.apple.springboard" to 57695<UIScene:com.apple.frontboard.systemappservices::sceneID%3Adev.selfhost.firstActivationProbe-default>">
Aug 28 13:47:44.010379 watchdogd(RunningBoardServices)[57] <Debug>: Decoded RBSProcessHandle with IPC ID 174996520000e15f
Aug 28 13:47:44.010666 watchdogd(RunningBoardServices)[57] <Notice>: Received state update for 57695
Aug 28 13:47:44.014243 locationd(RunningBoardServices)[69] <Info>: Update skipped for [application<dev.selfhost.firstActivationProbe>:57695] with state: <RBSProcessState| task:running-active debug:none endowments:[
Aug 28 13:47:44.014552 useractivityd(RunningBoardServices)[184] <Info>: Update skipped for [application<dev.selfhost.firstActivationProbe>:57695] with state: <RBSProcessState| task:running-active debug:none endowments:[
Aug 28 13:47:44.015142 dasd(RunningBoardServices)[94] <Info>: Update skipped for [application<dev.selfhost.firstActivationProbe>:57695] with state: <RBSProcessState| task:running-active debug:none endowments:[
Aug 28 13:47:44.015741 contextstored(RunningBoardServices)[61] <Info>: Update skipped for [application<dev.selfhost.firstActivationProbe>:57695] with state: <RBSProcessState| task:running-active debug:none endowments:[
Aug 28 13:47:44.015872 symptomsd(RunningBoardServices)[170] <Info>: Update skipped for [application<dev.selfhost.firstActivationProbe>:57695] with state: <RBSProcessState| task:running-active debug:none endowments:[
Aug 28 13:47:44.016037 aggregated(RunningBoardServices)[50213] <Info>: Update skipped for [application<dev.selfhost.firstActivationProbe>:57695] with state: <RBSProcessState| task:running-active debug:none endowments:[
Aug 28 13:47:44.016469 watchdogd(RunningBoardServices)[57] <Info>: Update skipped for [application<dev.selfhost.firstActivationProbe>:57695] with state: <RBSProcessState| task:running-active debug:none endowments:[
Aug 28 13:47:44.016988 callservicesd(RunningBoardServices)[131] <Info>: Update skipped for [application<dev.selfhost.firstActivationProbe>:57695] with state: <RBSProcessState| task:running-active debug:none endowments:[
Aug 28 13:47:44.017532 wifid(RunningBoardServices)[52] <Info>: Update skipped for [application<dev.selfhost.firstActivationProbe>:57695] with state: <RBSProcessState| task:running-active debug:none endowments:[
Aug 28 13:47:44.017669 dasd(RunningBoardServices)[94] <Info>: Update skipped for [application<dev.selfhost.firstActivationProbe>:57695] with state: <RBSProcessState| task:running-active debug:none endowments:[
Aug 28 13:47:44.018679 dasd(RunningBoardServices)[94] <Info>: Update skipped for [application<dev.selfhost.firstActivationProbe>:57695] with state: <RBSProcessState| task:running-active debug:none endowments:[
Aug 28 13:47:44.023027 UserEventAgent(RunningBoardServices)[30] <Info>: Update delivered for [application<dev.selfhost.firstActivationProbe>:57695] with taskState 4
Aug 28 13:47:44.093827 mediaserverd(CoreMotion)[36] <Debug>: Ping timer fired, resetting watchdog
Aug 28 13:47:44.094125 runningboardd(RunningBoard)[33] <Debug>: Decrementing suppression state to 0 for application<dev.selfhost.firstActivationProbe>
Aug 28 13:47:44.094330 runningboardd(RunningBoard)[33] <Debug>: END suppressing state updates for application<dev.selfhost.firstActivationProbe>
Aug 28 13:47:44.130917 nearbyd(CoreMotion)[157] <Debug>: Ping timer fired, resetting watchdog
Aug 28 13:47:44.187314 locationd[69] <Debug>: Ping timer fired, resetting watchdog
Aug 28 13:47:44.337233 Runner(CoreFoundation)[57695] <Debug>: found no value for key QuickSpeak in CFPrefsSearchListSource<0x282459e80> (Domain: com.apple.Accessibility, Container: (null))
Aug 28 13:47:44.337541 Runner(libAccessibility.dylib)[57695] <Debug>: CF Read: domain = com.apple.Accessibility, preference = QuickSpeak, appID = (null) result = (null) (-1 - empty, 0 - false, 1 - true)
Aug 28 13:47:44.338493 Runner(CoreFoundation)[57695] <Debug>: found no value for key QuickSpeak in CFPrefsPlistSource<0x282459f00> (Domain: com.apple.Accessibility, User: kCFPreferencesCurrentUser, ByHost: No, Container: (null), Contents Need Refresh: No)
Aug 28 13:47:46.075425 SpringBoard(CoreMotion)[47602] <Debug>: Ping timer fired, resetting watchdog
Aug 28 13:47:46.521473 backboardd(CoreMotion)[65] <Debug>: Ping timer fired, resetting watchdog
Aug 28 13:47:46.600971 watchdogd[57] <Debug>: 1308914315906541: <private>
Aug 28 13:47:46.602322 watchdogd[57] <Info>: 1308914316490125: <private>
Aug 28 13:47:46.602715 watchdogd[57] <Debug>: 1308914316641375: <private>
Aug 28 13:47:46.603022 watchdogd[57] <Info>: 1308914316653208: <private>
Aug 28 13:47:46.603963 watchdogd[57] <Debug>: 1308914316775791: <private>
Aug 28 13:47:46.604415 watchdogd[57] <Debug>: 1308914317232833: <private>
Aug 28 13:47:46.604557 watchdogd[57] <Debug>: 1308914317631083: <private>
Aug 28 13:47:46.604832 watchdogd[57] <Debug>: 1308914317829875: <private>
Aug 28 13:47:46.605041 watchdogd[57] <Debug>: 1308914318303708: <private>
Aug 28 13:47:46.605197 watchdogd[57] <Debug>: 1308914318344375: <private>
Aug 28 13:47:46.605393 watchdogd[57] <Info>: 1308914318401166: <private>
Aug 28 13:47:46.605634 watchdogd[57] <Info>: 1308914318416000: <private>
Aug 28 13:47:46.605790 watchdogd[57] <Info>: 1308914318422083: <private>
Aug 28 13:47:46.605977 watchdogd[57] <Info>: 1308914318426875: <private>
Aug 28 13:47:46.606253 watchdogd[57] <Info>: 1308914318431416: <private>
Aug 28 13:47:46.606383 watchdogd[57] <Info>: 1308914318435500: <private>
Aug 28 13:47:46.606703 watchdogd[57] <Info>: 1308914318439666: <private>
Aug 28 13:47:46.606914 watchdogd[57] <Info>: 1308914318443500: <private>
Aug 28 13:47:46.860133 wifid(WiFiPolicy)[52] <Notice>: __WiFiLQAMgrLogStats(tech support:Stationary): Rssi: -40 {-39 0} Channel: 44 Bandwidth: 80Mhz Snr: 35 Cca: 22 (S:0 O:0 I:0) TxPer: 0.0% (7) BcnPer: 2.0% (98, 50.5%) RxFrms: 11 RxRetryFrames: 0 TxRate: 24000 RxRate: 780000 FBRate: 351000 TxFwFrms: 4 TxFwFail: 0 TxReTrans: 1 time: 820.1secs fgApp: dev.selfhost.firstActivationProbe
Aug 28 13:47:46.917099 biometrickitd(CoreMotion)[109] <Debug>: Ping timer fired, resetting watchdog
Aug 28 13:47:49.093166 mediaserverd(CoreMotion)[36] <Debug>: Ping timer fired, resetting watchdog
Aug 28 13:47:49.163020 locationd[69] <Debug>: Fence: cancelLocationWatchdog, num fences, 1, location type, <private>
Aug 28 13:47:49.163266 locationd[69] <Debug>: Fence: cancelLocationWatchdog
Aug 28 13:47:49.169807 nearbyd(CoreMotion)[157] <Debug>: Ping timer fired, resetting watchdog
Aug 28 13:47:49.186383 locationd[69] <Debug>: Ping timer fired, resetting watchdog
Aug 28 13:47:51.075128 SpringBoard(CoreMotion)[47602] <Debug>: Ping timer fired, resetting watchdog
Aug 28 13:47:51.520870 backboardd(CoreMotion)[65] <Debug>: Ping timer fired, resetting watchdog
Aug 28 13:47:51.868383 wifid(WiFiPolicy)[52] <Notice>: __WiFiLQAMgrLogStats(tech support:Stationary): Rssi: -41 {-39 0} Channel: 44 Bandwidth: 80Mhz Snr: 35 Cca: 9 (S:0 O:0 I:0) TxPer: 0.0% (0) BcnPer: 0.0% (0, 50.5%) RxFrms: 2 RxRetryFrames: 0 TxRate: 24000 RxRate: 780000 FBRate: 351000 TxFwFrms: 6 TxFwFail: 0 TxReTrans: 0 time: 825.1secs fgApp: dev.selfhost.firstActivationProbe
Aug 28 13:47:51.916309 biometrickitd(CoreMotion)[109] <Debug>: Ping timer fired, resetting watchdog
Aug 28 13:47:54.107197 mediaserverd(CoreMotion)[36] <Debug>: Ping timer fired, resetting watchdog
Aug 28 13:47:54.136181 nearbyd(CoreMotion)[157] <Debug>: Ping timer fired, resetting watchdog
Aug 28 13:47:54.186925 locationd[69] <Debug>: Ping timer fired, resetting watchdog
Aug 28 13:47:56.074991 SpringBoard(CoreMotion)[47602] <Debug>: Ping timer fired, resetting watchdog
Aug 28 13:47:56.520381 backboardd(CoreMotion)[65] <Debug>: Ping timer fired, resetting watchdog
Aug 28 13:47:56.600774 watchdogd[57] <Debug>: 1308924316585166: <private>
Aug 28 13:47:56.601420 watchdogd[57] <Info>: 1308924316840416: <private>
Aug 28 13:47:56.601476 watchdogd[57] <Debug>: 1308924317034166: <private>
Aug 28 13:47:56.601554 watchdogd[57] <Debug>: 1308924317364000: <private>
Aug 28 13:47:56.601631 watchdogd[57] <Info>: 1308924317369000: <private>
Aug 28 13:47:56.601683 watchdogd[57] <Debug>: 1308924317851916: <private>
Aug 28 13:47:56.601765 watchdogd[57] <Debug>: 1308924318227125: <private>
Aug 28 13:47:56.601999 watchdogd[57] <Debug>: 1308924318750333: <private>
Aug 28 13:47:56.602063 watchdogd[57] <Debug>: 1308924318964541: <private>
Aug 28 13:47:56.602124 watchdogd[57] <Debug>: 1308924319075750: <private>
Aug 28 13:47:56.602174 watchdogd[57] <Info>: 1308924319101083: <private>
Aug 28 13:47:56.602259 watchdogd[57] <Info>: 1308924319108250: <private>
Aug 28 13:47:56.602290 watchdogd[57] <Info>: 1308924319110541: <private>
Aug 28 13:47:56.602326 watchdogd[57] <Info>: 1308924319112458: <private>
Aug 28 13:47:56.602350 watchdogd[57] <Info>: 1308924319114125: <private>
Aug 28 13:47:56.602418 watchdogd[57] <Info>: 1308924319115625: <private>
Aug 28 13:47:56.602549 watchdogd[57] <Info>: 1308924319117208: <private>
Aug 28 13:47:56.602582 watchdogd[57] <Info>: 1308924319118791: <private>
Aug 28 13:47:56.602677 watchdogd[57] <Info>: 1308924319416375: <private>
Aug 28 13:47:56.871073 wifid(WiFiPolicy)[52] <Notice>: __WiFiLQAMgrLogStats(tech support:Stationary): Rssi: -39 {-38 -43} Channel: 44 Bandwidth: 80Mhz Snr: 35 Cca: 35 (S:0 O:0 I:0) TxPer: 0.0% (2) BcnPer: 2.1% (94, 50.5%) RxFrms: 2 RxRetryFrames: 0 TxRate: 24000 RxRate: 780000 FBRate: 351000 TxFwFrms: 2 TxFwFail: 0 TxReTrans: 0 time: 830.1secs fgApp: dev.selfhost.firstActivationProbe
Aug 28 13:47:56.915963 biometrickitd(CoreMotion)[109] <Debug>: Ping timer fired, resetting watchdog
Aug 28 13:47:59.092791 mediaserverd(CoreMotion)[36] <Debug>: Ping timer fired, resetting watchdog
Aug 28 13:47:59.131659 nearbyd(CoreMotion)[157] <Debug>: Ping timer fired, resetting watchdog
Aug 28 13:47:59.186823 locationd[69] <Debug>: Ping timer fired, resetting watchdog
Aug 28 13:47:59.414145 runningboardd(RunningBoard)[33] <Info>: _requestedJetsamPriority = 6, _executablePath = /System/Library/PrivateFrameworks/MobileBackup.framework/backupd
Aug 28 13:47:59.419528 runningboardd(RunningBoard)[33] <Info>: _requestedJetsamPriority = 6, _executablePath = /System/Library/PrivateFrameworks/MobileBackup.framework/backupd
Aug 28 13:47:59.421740 runningboardd(RunningBoard)[33] <Debug>: Sending state update for daemon<com.apple.backupd>: <RBSProcessState| task:running debug:none terminationResistance:None>
Aug 28 13:48:01.074933 SpringBoard(CoreMotion)[47602] <Debug>: Ping timer fired, resetting watchdog
Aug 28 13:48:01.520231 backboardd(CoreMotion)[65] <Debug>: Ping timer fired, resetting watchdog
Aug 28 13:48:01.892451 wifid(WiFiPolicy)[52] <Notice>: __WiFiLQAMgrLogStats(tech support:Stationary): Rssi: -39 {-38 -44} Channel: 44 Bandwidth: 80Mhz Snr: 35 Cca: 35 (S:0 O:0 I:0) TxPer: 0.0% (1) BcnPer: 0.0% (0, 50.5%) RxFrms: 7 RxRetryFrames: 0 TxRate: 24000 RxRate: 780000 FBRate: 351000 TxFwFrms: 2 TxFwFail: 0 TxReTrans: 0 time: 835.1secs fgApp: dev.selfhost.firstActivationProbe
Aug 28 13:48:01.916109 biometrickitd(CoreMotion)[109] <Debug>: Ping timer fired, resetting watchdog
Aug 28 13:48:02.967381 runningboardd(RunningBoard)[33] <Info>: _requestedJetsamPriority = 4, _executablePath = /Developer/usr/bin/ScreenShotr
Aug 28 13:48:02.968863 runningboardd(RunningBoard)[33] <Info>: _requestedJetsamPriority = 4, _executablePath = /Developer/usr/bin/ScreenShotr
Aug 28 13:48:02.969657 SpringBoard(FrontBoard)[47602] <Notice>: Asked to bootstrap a new process for handle: [anon<ScreenShotr>:57699]
Aug 28 13:48:02.971263 runningboardd(RunningBoard)[33] <Debug>: Sending state update for anon<ScreenShotr>: <RBSProcessState| task:running debug:none terminationResistance:None>
Aug 28 13:48:02.971787 SpringBoard(FrontBoard)[47602] <Notice>: Bootstrapping anon<ScreenShotr>
Aug 28 13:48:02.971880 SpringBoard(FrontBoard)[47602] <Notice>: [anon<ScreenShotr>:57699] Bootstrap success!
Aug 28 13:48:03.173964 runningboardd(RunningBoard)[33] <Notice>: [anon<ScreenShotr>:57699] termination reported by launchd (0, 0, 0)
Aug 28 13:48:03.175925 runningboardd(RunningBoard)[33] <Notice>: Removing assertions for terminated process: [anon<ScreenShotr>:57699]
Aug 28 13:48:03.177173 runningboardd(RunningBoard)[33] <Debug>: Sending state update for anon<ScreenShotr>: <RBSProcessState| task:none debug:none terminationResistance:None>
Aug 28 13:48:04.093525 mediaserverd(CoreMotion)[36] <Debug>: Ping timer fired, resetting watchdog
Aug 28 13:48:04.125943 nearbyd(CoreMotion)[157] <Debug>: Ping timer fired, resetting watchdog
Aug 28 13:48:04.186651 locationd[69] <Debug>: Ping timer fired, resetting watchdog
