Aug 28 14:13:29.069498 mediaserverd(CoreMotion)[36] <Debug>: Ping timer fired, resetting watchdog
Aug 28 14:13:29.109451 nearbyd(CoreMotion)[157] <Debug>: Ping timer fired, resetting watchdog
Aug 28 14:13:29.161292 locationd[69] <Debug>: Ping timer fired, resetting watchdog
Aug 28 14:13:29.685074 routined(libcoreroutine.dylib)[38] <Debug>: pipeline, com.apple.routined.visit.pipeline.realtime-low-confidence, iteration, 3509, is terminated by <private>
Aug 28 14:13:29.703673 routined(libcoreroutine.dylib)[38] <Debug>: pipeline, com.apple.routined.visit.pipeline.realtime-high-confidence, iteration, 3509, is terminated by <private>
Aug 28 14:13:31.049256 SpringBoard(CoreMotion)[47602] <Debug>: Ping timer fired, resetting watchdog
Aug 28 14:13:31.494655 backboardd(CoreMotion)[65] <Debug>: Ping timer fired, resetting watchdog
Aug 28 14:13:31.890685 biometrickitd(CoreMotion)[109] <Debug>: Ping timer fired, resetting watchdog
Aug 28 14:13:34.068476 mediaserverd(CoreMotion)[36] <Debug>: Ping timer fired, resetting watchdog
Aug 28 14:13:34.102864 nearbyd(CoreMotion)[157] <Debug>: Ping timer fired, resetting watchdog
Aug 28 14:13:34.161320 locationd[69] <Debug>: Ping timer fired, resetting watchdog
Aug 28 14:13:34.527584 CommCenter(libSystemDetermination.dylib)[90] <Notice>: #I <private> = 0
Aug 28 14:13:36.049007 SpringBoard(CoreMotion)[47602] <Debug>: Ping timer fired, resetting watchdog
Aug 28 14:13:36.498579 backboardd(CoreMotion)[65] <Debug>: Ping timer fired, resetting watchdog
Aug 28 14:13:36.678501 watchdogd[57] <Debug>: 1310464416967625: <private>
Aug 28 14:13:36.678947 watchdogd[57] <Info>: 1310464417547458: <private>
Aug 28 14:13:36.682277 watchdogd[57] <Debug>: 1310464417702958: <private>
Aug 28 14:13:36.683160 watchdogd[57] <Info>: 1310464417714375: <private>
Aug 28 14:13:36.683914 watchdogd[57] <Debug>: 1310464417837166: <private>
Aug 28 14:13:36.684533 watchdogd[57] <Debug>: 1310464418336458: <private>
Aug 28 14:13:36.686699 watchdogd[57] <Debug>: 1310464419067333: <private>
Aug 28 14:13:36.687212 watchdogd[57] <Debug>: 1310464419341791: <private>
Aug 28 14:13:36.687677 watchdogd[57] <Debug>: 1310464419833458: <private>
Aug 28 14:13:36.688460 watchdogd[57] <Debug>: 1310464420113041: <private>
Aug 28 14:13:36.688914 watchdogd[57] <Info>: 1310464420172958: <private>
Aug 28 14:13:36.689168 watchdogd[57] <Info>: 1310464420188166: <private>
Aug 28 14:13:36.689360 watchdogd[57] <Info>: 1310464420194458: <private>
Aug 28 14:13:36.689494 watchdogd[57] <Info>: 1310464420199666: <private>
Aug 28 14:13:36.689728 watchdogd[57] <Info>: 1310464420204250: <private>
Aug 28 14:13:36.690042 watchdogd[57] <Info>: 1310464420208416: <private>
Aug 28 14:13:36.690199 watchdogd[57] <Info>: 1310464420212791: <private>
Aug 28 14:13:36.690436 watchdogd[57] <Info>: 1310464420216833: <private>
Aug 28 14:13:36.899274 biometrickitd(CoreMotion)[109] <Debug>: Ping timer fired, resetting watchdog
Aug 28 14:13:39.068680 mediaserverd(CoreMotion)[36] <Debug>: Ping timer fired, resetting watchdog
Aug 28 14:13:39.098054 nearbyd(CoreMotion)[157] <Debug>: Ping timer fired, resetting watchdog
Aug 28 14:13:39.161574 locationd[69] <Debug>: Ping timer fired, resetting watchdog
Aug 28 14:13:41.048979 SpringBoard(CoreMotion)[47602] <Debug>: Ping timer fired, resetting watchdog
Aug 28 14:13:41.494636 backboardd(CoreMotion)[65] <Debug>: Ping timer fired, resetting watchdog
Aug 28 14:13:41.890934 biometrickitd(CoreMotion)[109] <Debug>: Ping timer fired, resetting watchdog
Aug 28 14:13:44.067256 mediaserverd(CoreMotion)[36] <Debug>: Ping timer fired, resetting watchdog
Aug 28 14:13:44.109946 nearbyd(CoreMotion)[157] <Debug>: Ping timer fired, resetting watchdog
Aug 28 14:13:44.161844 locationd[69] <Debug>: Ping timer fired, resetting watchdog
Aug 28 14:13:46.049885 SpringBoard(CoreMotion)[47602] <Debug>: Ping timer fired, resetting watchdog
Aug 28 14:13:46.494471 backboardd(CoreMotion)[65] <Debug>: Ping timer fired, resetting watchdog
Aug 28 14:13:46.683200 watchdogd[57] <Debug>: 1310474417648333: <private>
Aug 28 14:13:46.683445 watchdogd[57] <Info>: 1310474418035833: <private>
Aug 28 14:13:46.683748 watchdogd[57] <Debug>: 1310474418248083: <private>
Aug 28 14:13:46.684007 watchdogd[57] <Debug>: 1310474418317583: <private>
Aug 28 14:13:46.684252 watchdogd[57] <Info>: 1310474418323208: <private>
Aug 28 14:13:46.684524 watchdogd[57] <Debug>: 1310474418525708: <private>
Aug 28 14:13:46.684793 watchdogd[57] <Debug>: 1310474418685416: <private>
Aug 28 14:13:46.684965 watchdogd[57] <Debug>: 1310474419249166: <private>
Aug 28 14:13:46.685212 watchdogd[57] <Debug>: 1310474419499000: <private>
Aug 28 14:13:46.685368 watchdogd[57] <Debug>: 1310474419612250: <private>
Aug 28 14:13:46.685479 watchdogd[57] <Info>: 1310474419646083: <private>
Aug 28 14:13:46.685753 watchdogd[57] <Info>: 1310474419655250: <private>
Aug 28 14:13:46.685932 watchdogd[57] <Info>: 1310474419658333: <private>
Aug 28 14:13:46.686059 watchdogd[57] <Info>: 1310474419661125: <private>
Aug 28 14:13:46.686346 watchdogd[57] <Info>: 1310474419663583: <private>
Aug 28 14:13:46.686794 watchdogd[57] <Info>: 1310474419665833: <private>
Aug 28 14:13:46.686942 watchdogd[57] <Info>: 1310474419668166: <private>
Aug 28 14:13:46.687196 watchdogd[57] <Info>: 1310474419670333: <private>
Aug 28 14:13:46.891654 biometrickitd(CoreMotion)[109] <Debug>: Ping timer fired, resetting watchdog
Aug 28 14:13:47.581522 runningboardd(RunningBoard)[33] <Notice>: [daemon<com.apple.backupd>:57901] termination reported by launchd (0, 0, 0)
Aug 28 14:13:47.585545 runningboardd(RunningBoard)[33] <Notice>: Removing assertions for terminated process: [daemon<com.apple.backupd>:57901]
Aug 28 14:13:47.587755 runningboardd(RunningBoard)[33] <Debug>: Sending state update for daemon<com.apple.backupd>: <RBSProcessState| task:none debug:none terminationResistance:None>
Aug 28 14:13:49.068612 mediaserverd(CoreMotion)[36] <Debug>: Ping timer fired, resetting watchdog
Aug 28 14:13:49.100678 nearbyd(CoreMotion)[157] <Debug>: Ping timer fired, resetting watchdog
Aug 28 14:13:49.161119 locationd[69] <Debug>: Ping timer fired, resetting watchdog
Aug 28 14:13:51.049856 SpringBoard(CoreMotion)[47602] <Debug>: Ping timer fired, resetting watchdog
Aug 28 14:13:51.495272 backboardd(CoreMotion)[65] <Debug>: Ping timer fired, resetting watchdog
Aug 28 14:13:51.891698 biometrickitd(CoreMotion)[109] <Debug>: Ping timer fired, resetting watchdog
Aug 28 14:13:54.068608 mediaserverd(CoreMotion)[36] <Debug>: Ping timer fired, resetting watchdog
Aug 28 14:13:54.097724 nearbyd(CoreMotion)[157] <Debug>: Ping timer fired, resetting watchdog
Aug 28 14:13:54.161773 locationd[69] <Debug>: Ping timer fired, resetting watchdog
Aug 28 14:13:56.049901 SpringBoard(CoreMotion)[47602] <Debug>: Ping timer fired, resetting watchdog
Aug 28 14:13:56.494569 backboardd(CoreMotion)[65] <Debug>: Ping timer fired, resetting watchdog
Aug 28 14:13:56.679624 watchdogd[57] <Debug>: 1310484418202958: <private>
Aug 28 14:13:56.680143 watchdogd[57] <Info>: 1310484418786083: <private>
Aug 28 14:13:56.680478 watchdogd[57] <Debug>: 1310484418941041: <private>
Aug 28 14:13:56.681273 watchdogd[57] <Info>: 1310484418952875: <private>
Aug 28 14:13:56.684357 watchdogd[57] <Debug>: 1310484419075000: <private>
Aug 28 14:13:56.684740 watchdogd[57] <Debug>: 1310484419543291: <private>
Aug 28 14:13:56.685051 watchdogd[57] <Debug>: 1310484420390416: <private>
Aug 28 14:13:56.685654 watchdogd[57] <Debug>: 1310484420620166: <private>
Aug 28 14:13:56.686151 watchdogd[57] <Debug>: 1310484421099583: <private>
Aug 28 14:13:56.686730 watchdogd[57] <Debug>: 1310484421205041: <private>
Aug 28 14:13:56.686867 watchdogd[57] <Info>: 1310484421263875: <private>
Aug 28 14:13:56.687150 watchdogd[57] <Info>: 1310484421279208: <private>
Aug 28 14:13:56.687298 watchdogd[57] <Info>: 1310484421285208: <private>
Aug 28 14:13:56.687412 watchdogd[57] <Info>: 1310484421290208: <private>
Aug 28 14:13:56.687753 watchdogd[57] <Info>: 1310484421294500: <private>
Aug 28 14:13:56.688038 watchdogd[57] <Info>: 1310484421299291: <private>
Aug 28 14:13:56.688193 watchdogd[57] <Info>: 1310484421303541: <private>
Aug 28 14:13:56.688431 watchdogd[57] <Info>: 1310484421307500: <private>
Aug 28 14:13:56.688703 watchdogd[57] <Info>: 1310484421958750: <private>
Aug 28 14:13:56.891634 biometrickitd(CoreMotion)[109] <Debug>: Ping timer fired, resetting watchdog
Aug 28 14:13:59.068561 mediaserverd(CoreMotion)[36] <Debug>: Ping timer fired, resetting watchdog
Aug 28 14:13:59.100770 nearbyd(CoreMotion)[157] <Debug>: Ping timer fired, resetting watchdog
Aug 28 14:13:59.172433 locationd[69] <Debug>: Ping timer fired, resetting watchdog
Aug 28 14:14:01.049828 SpringBoard(CoreMotion)[47602] <Debug>: Ping timer fired, resetting watchdog
Aug 28 14:14:01.495191 backboardd(CoreMotion)[65] <Debug>: Ping timer fired, resetting watchdog
Aug 28 14:14:01.891607 biometrickitd(CoreMotion)[109] <Debug>: Ping timer fired, resetting watchdog
Aug 28 14:14:04.068499 mediaserverd(CoreMotion)[36] <Debug>: Ping timer fired, resetting watchdog
Aug 28 14:14:04.100629 nearbyd(CoreMotion)[157] <Debug>: Ping timer fired, resetting watchdog
Aug 28 14:14:04.161789 locationd[69] <Debug>: Ping timer fired, resetting watchdog
Aug 28 14:14:06.049667 SpringBoard(CoreMotion)[47602] <Debug>: Ping timer fired, resetting watchdog
Aug 28 14:14:06.495076 backboardd(CoreMotion)[65] <Debug>: Ping timer fired, resetting watchdog
Aug 28 14:14:06.679167 watchdogd[57] <Debug>: 1310494418959791: <private>
Aug 28 14:14:06.679592 watchdogd[57] <Info>: 1310494419538000: <private>
Aug 28 14:14:06.680404 watchdogd[57] <Debug>: 1310494419690083: <private>
Aug 28 14:14:06.681112 watchdogd[57] <Info>: 1310494419702125: <private>
Aug 28 14:14:06.682832 watchdogd[57] <Debug>: 1310494419847416: <private>
Aug 28 14:14:06.683216 watchdogd[57] <Debug>: 1310494420452166: <private>
Aug 28 14:14:06.683474 watchdogd[57] <Debug>: 1310494420850666: <private>
Aug 28 14:14:06.683910 watchdogd[57] <Debug>: 1310494421393333: <private>
Aug 28 14:14:06.684523 watchdogd[57] <Debug>: 1310494421830125: <private>
Aug 28 14:14:06.685547 watchdogd[57] <Debug>: 1310494422152541: <private>
Aug 28 14:14:06.685997 watchdogd[57] <Info>: 1310494422213458: <private>
Aug 28 14:14:06.687348 watchdogd[57] <Info>: 1310494422229083: <private>
Aug 28 14:14:06.687604 watchdogd[57] <Info>: 1310494422234958: <private>
Aug 28 14:14:06.687952 watchdogd[57] <Info>: 1310494422239958: <private>
Aug 28 14:14:06.688220 watchdogd[57] <Info>: 1310494422244500: <private>
Aug 28 14:14:06.688462 watchdogd[57] <Info>: 1310494422249083: <private>
Aug 28 14:14:06.688688 watchdogd[57] <Info>: 1310494422253791: <private>
Aug 28 14:14:06.688887 watchdogd[57] <Info>: 1310494422257625: <private>
Aug 28 14:14:06.891416 biometrickitd(CoreMotion)[109] <Debug>: Ping timer fired, resetting watchdog
Aug 28 14:14:09.068438 mediaserverd(CoreMotion)[36] <Debug>: Ping timer fired, resetting watchdog
Aug 28 14:14:09.097522 nearbyd(CoreMotion)[157] <Debug>: Ping timer fired, resetting watchdog
Aug 28 14:14:09.161660 locationd[69] <Debug>: Ping timer fired, resetting watchdog
Aug 28 14:14:11.048882 SpringBoard(CoreMotion)[47602] <Debug>: Ping timer fired, resetting watchdog
Aug 28 14:14:11.495012 backboardd(CoreMotion)[65] <Debug>: Ping timer fired, resetting watchdog
Aug 28 14:14:11.891639 biometrickitd(CoreMotion)[109] <Debug>: Ping timer fired, resetting watchdog
Aug 28 14:14:14.068384 mediaserverd(CoreMotion)[36] <Debug>: Ping timer fired, resetting watchdog
Aug 28 14:14:14.096570 nearbyd(CoreMotion)[157] <Debug>: Ping timer fired, resetting watchdog
Aug 28 14:14:14.161430 locationd[69] <Debug>: Ping timer fired, resetting watchdog
Aug 28 14:14:16.048990 SpringBoard(CoreMotion)[47602] <Debug>: Ping timer fired, resetting watchdog
Aug 28 14:14:16.494969 backboardd(CoreMotion)[65] <Debug>: Ping timer fired, resetting watchdog
Aug 28 14:14:16.679497 watchdogd[57] <Debug>: 1310504419694916: <private>
Aug 28 14:14:16.679924 watchdogd[57] <Info>: 1310504420274125: <private>
Aug 28 14:14:16.680733 watchdogd[57] <Debug>: 1310504420425541: <private>
Aug 28 14:14:16.681210 watchdogd[57] <Info>: 1310504420437333: <private>
Aug 28 14:14:16.681900 watchdogd[57] <Debug>: 1310504420559458: <private>
Aug 28 14:14:16.683273 watchdogd[57] <Debug>: 1310504421055958: <private>
Aug 28 14:14:16.683721 watchdogd[57] <Debug>: 1310504421778916: <private>
Aug 28 14:14:16.684168 watchdogd[57] <Debug>: 1310504422036541: <private>
Aug 28 14:14:16.684799 watchdogd[57] <Debug>: 1310504422605416: <private>
Aug 28 14:14:16.686010 watchdogd[57] <Debug>: 1310504422757333: <private>
Aug 28 14:14:16.686582 watchdogd[57] <Info>: 1310504422814541: <private>
Aug 28 14:14:16.686957 watchdogd[57] <Info>: 1310504422830666: <private>
Aug 28 14:14:16.687197 watchdogd[57] <Info>: 1310504422836416: <private>
Aug 28 14:14:16.687372 watchdogd[57] <Info>: 1310504422841458: <private>
Aug 28 14:14:16.687620 watchdogd[57] <Info>: 1310504422846000: <private>
Aug 28 14:14:16.687917 watchdogd[57] <Info>: 1310504422850041: <private>
Aug 28 14:14:16.688131 watchdogd[57] <Info>: 1310504422854125: <private>
Aug 28 14:14:16.688389 watchdogd[57] <Info>: 1310504422858041: <private>
Aug 28 14:14:16.891993 biometrickitd(CoreMotion)[109] <Debug>: Ping timer fired, resetting watchdog
    <UITouch: 0x10500bd30> phase: Began tap count: 1 force: 0.000 window: <SBHomeScreenWindow: 0x1051b4220; HomeScreen-0x1051b4220-4; baseClass = UIWindow; frame = (0 0; 375 667); clipsToBounds = YES; opaque = NO; gestureRecognizers = <NSArray: 0x281278180>; layer = <UIWindowLayer: 0x281273180>> view: <SBIconView: 0x104917000; frame: {{114, 382}, {60, 74}}; icon: <SBApplicationIcon: 0x28337b880; nodeID: dev.selfhost.firstActivationProbe; bundleID: dev.selfhost.firstActivationProbe>; location: SBIconLocationRoot; isTouchDownInIcon: YES> location in window: {146.5, 406.5} previous location in window: {146.5, 406.5} location in view: {32.5, 24.5} previous location in view: {32.5, 24.5}
Aug 28 14:14:18.618724 SpringBoard(SplashBoard)[47602] <Info>: Loading image for <XBApplicationSnapshot: 0x109d3cb20; …A909693DA7E7> [dev.selfhost.firstActivationProbe]
Aug 28 14:14:18.631764 SpringBoard(Security)[47602] <Debug>: open(/private/var/containers/Bundle/Application/1EC21BA9-82AA-4B85-B2FC-10B206BC5C35/Runner.app/Runner,0x0,0x1b6) = 35
Aug 28 14:14:18.631913 SpringBoard(Security)[47602] <Debug>: open(/private/var/containers/Bundle/Application/1EC21BA9-82AA-4B85-B2FC-10B206BC5C35/Runner.app/Runner,0x0,0x1b6) = 36
Aug 28 14:14:18.633268 SpringBoard(Security)[47602] <Debug>: 6151 signing bytes in 5 blob(s) from /private/var/containers/Bundle/Application/1EC21BA9-82AA-4B85-B2FC-10B206BC5C35/Runner.app/Runner(arm64)
Aug 28 14:14:18.641523 SpringBoard(Security)[47602] <Debug>: open(/private/var/containers/Bundle/Application/1EC21BA9-82AA-4B85-B2FC-10B206BC5C35/Runner.app/Info.plist,0x0,0x1b6) = 35
Aug 28 14:14:18.644909 SpringBoard(Security)[47602] <Debug>: 0x10a183498 done serializing <?xml version="1.0" encoding="UTF-8"?><!DOCTYPE plist PUBLIC "-//Apple//DTD PLIST 1.0//EN" "https://www.apple.com/DTDs/PropertyList-1.0.dtd"><plist version="1.0"><dict><key>application-identifier</key><string>SK85S6YZP9.dev.selfhost.firstActivationProbe</string><key>com.apple.developer.team-identifier</key><string>SK85S6YZP9</string><key>get-task-allow</key><true/></dict></plist>
        <SBLayoutElement: 0x2808fef40; uniqueIdentifier: sceneID:dev.selfhost.firstActivationProbe-default; layoutRole: primary> {
            SBLayoutRolePrimary = <SBDeviceApplicationSceneEntity: 0x283e82120; ID: sceneID:dev.selfhost.firstActivationProbe-default; layoutRole: primary> {
                        fromIconWithLeafIdentifier = dev.selfhost.firstActivationProbe;
Aug 28 14:14:18.748703 SpringBoard(FrontBoard)[47602] <Notice>: Asked to bootstrap a new process with identity: application<dev.selfhost.firstActivationProbe>
Aug 28 14:14:18.749107 SpringBoard(FrontBoard)[47602] <Notice>: Creating process (sync=true) with identity: application<dev.selfhost.firstActivationProbe>
Aug 28 14:14:18.758833 SpringBoard(FrontBoard)[47602] <Notice>: Created <FBWorkspace: 0x282a100b0; application<dev.selfhost.firstActivationProbe>>
Aug 28 14:14:18.774389 SpringBoard(FrontBoard)[47602] <Notice>: Bootstrapping application<dev.selfhost.firstActivationProbe> with intent foreground-interactive
Aug 28 14:14:18.784758 SpringBoard(RunningBoardServices)[47602] <Info>: Sending launch request: <RBSLaunchRequest| application<dev.selfhost.firstActivationProbe>; "FBApplicationProcess">
Aug 28 14:14:18.786196 runningboardd(RunningBoard)[33] <Notice>: Acquiring assertion targeting application<dev.selfhost.firstActivationProbe> from originator [daemon<com.apple.SpringBoard>:47602] with description <RBSAssertionDescriptor| "FBApplicationProcess" ID:33-47602-7814 target:application<dev.selfhost.firstActivationProbe> attributes:[
	<RBSDomainAttribute| domain:"com.apple.frontboard" name:"Bootstrap-Foreground" sourceEnvironment:"(null)">,
Aug 28 14:14:18.786286 runningboardd(RunningBoard)[33] <Notice>: Assertion 33-47602-7814 (target:application<dev.selfhost.firstActivationProbe>) will be created as active
Aug 28 14:14:18.786432 runningboardd(RunningBoard)[33] <Notice>: Executing launch request for application<dev.selfhost.firstActivationProbe> (FBApplicationProcess)
Aug 28 14:14:18.787168 runningboardd(RunningBoard)[33] <Notice>: Creating and launching job for: application<dev.selfhost.firstActivationProbe>
Aug 28 14:14:18.787226 runningboardd(RunningBoard)[33] <Notice>: _mutateContextIfNeeded called for dev.selfhost.firstActivationProbe
        <SBLayoutElement: 0x2808fef40; uniqueIdentifier: sceneID:dev.selfhost.firstActivationProbe-default; layoutRole: primary> {
Aug 28 14:14:18.794760 SpringBoard(SplashBoard)[47602] <Info>: Loading image for <XBApplicationSnapshot: 0x109ddf7d0; …2F3B89D0D3F1> [dev.selfhost.firstActivationProbe]
Aug 28 14:14:18.796031 SpringBoard(SplashBoard)[47602] <Info>: <XBApplicationSnapshot: 0x109ddf7d0; …2F3B89D0D3F1> [dev.selfhost.firstActivationProbe] not purging the cached image; force: 0; _imageAccessCount: 2; _keepImageAccessUntilExpiration: 0; _hasProtectedContent: 0; _keepImageAccessForPreheat: 0
Aug 28 14:14:18.796147 SpringBoard[47602] <Info>: attempted to activate overlay for dev.selfhost.firstActivationProbe, exiting early because app is not blocked
<SBTransitionSwitcherModifierEvent: 0x28216d000; type: MainTransition; transitionID: 97B3A54D-5746-4488-A7C6-6059F0719E4D; phase: Prepare; animated: YES; fromAppLayout: 0x0; toAppLayout: <SBAppLayout: 0x28080b340; primary: dev.selfhost.firstActivationProbe:default; environment: main>; fromEnvironmentMode: home-screen; toEnvironmentMode: application; pendingTermination: {(
)}; activating: <SBAppLayout: 0x28080b340; primary: dev.selfhost.firstActivationProbe:default; environment: main>; dosidoTransitionDirection: 0>
	    <SBIconOverlayVisibilitySwitcherEventResponse: 0x2808d3ac0; visible: YES; appLayout: <SBAppLayout: 0x28080b340; primary: dev.selfhost.firstActivationProbe:default; environment: main>>;
	    <SBIconViewVisibilitySwitcherEventResponse: 0x283e80140; visible: NO; animationSettings: 0x0; appLayout: <SBAppLayout: 0x28080b340; primary: dev.selfhost.firstActivationProbe:default; environment: main>>;
    bundleIdentifier = dev.selfhost.firstActivationProbe;
    uniqueIdentifier = sceneID:dev.selfhost.firstActivationProbe-default;
Aug 28 14:14:18.804530 runningboardd(RunningBoard)[33] <Info>: No personas found for bundle identifier: dev.selfhost.firstActivationProbe
Aug 28 14:14:18.804643 runningboardd(RunningBoard)[33] <Debug>: BEGIN suppressing state updates for application<dev.selfhost.firstActivationProbe>
Aug 28 14:14:18.809489 runningboardd(RunningBoard)[33] <Info>: _requestedJetsamPriority = 3, _executablePath = /var/containers/Bundle/Application/1EC21BA9-82AA-4B85-B2FC-10B206BC5C35/Runner.app/Runner
Aug 28 14:14:18.809590 runningboardd(RunningBoard)[33] <Info>: _doesOverrideManagement = 1, _overrideManageFlags = 255, _underlyingAssertion = (null), _variableEUID = 0, _specifiedIdenity = application<dev.selfhost.firstActivationProbe> _beforeTranslocationBundlePath = (null), _disableFreezing = 0
Aug 28 14:14:18.809681 runningboardd(RunningBoard)[33] <Notice>: [application<dev.selfhost.firstActivationProbe>:57912] This process will be managed.
Aug 28 14:14:18.815524 cfprefsd(CoreFoundation)[91] <Debug>: Process 57912 (Runner) sent a request related to { com.apple.UIKit, user: mobile, kCFPreferencesCurrentHost, /Library/Managed Preferences/mobile/com.apple.UIKit.plist, managed: 1 } (0x10183db90)
Aug 28 14:14:18.815621 cfprefsd(CoreFoundation)[91] <Debug>: Process 57912 (Runner) sent a request related to { com.apple.UIKit, user: kCFPreferencesAnyUser, kCFPreferencesCurrentHost, /Library/Managed Preferences/com.apple.UIKit.plist, managed: 1 } (0x1003679d0)
Aug 28 14:14:18.815735 cfprefsd(CoreFoundation)[91] <Debug>: Process 57912 (Runner) sent a request related to { com.apple.UIKit, user: mobile, kCFPreferencesAnyHost, /var/mobile/Library/Preferences/com.apple.UIKit.plist, managed: 0 } (0x100317d00)
Aug 28 14:14:18.815776 cfprefsd(CoreFoundation)[91] <Debug>: Process 57912 (Runner) read data for { com.apple.UIKit, mobile, kCFPreferencesAnyHost, /var/mobile/Library/Preferences/com.apple.UIKit.plist, managed: 0 }, backed by /private/var/mobile/Library/Preferences/com.apple.UIKit.plist
Aug 28 14:14:18.816534 runningboardd(RunningBoard)[33] <Notice>: Now tracking process: [application<dev.selfhost.firstActivationProbe>:57912]
Aug 28 14:14:18.816597 runningboardd(RunningBoard)[33] <Notice>: Using default underlying assertion for app: [application<dev.selfhost.firstActivationProbe>:57912]
Aug 28 14:14:18.816661 runningboardd(RunningBoard)[33] <Notice>: Acquiring assertion targeting [application<dev.selfhost.firstActivationProbe>:57912] from originator [application<dev.selfhost.firstActivationProbe>:57912] with description <RBSAssertionDescriptor| "RB Underlying Assertion" ID:33-33-7815 target:57912 attributes:[
Aug 28 14:14:18.820061 cfprefsd(CoreFoundation)[91] <Debug>: Process 57912 (Runner) sent a request related to { kCFPreferencesAnyApplication, user: mobile, kCFPreferencesCurrentHost, /Library/Managed Preferences/mobile/.GlobalPreferences.plist, managed: 1 } (0x10030c020)
Aug 28 14:14:18.820140 cfprefsd(CoreFoundation)[91] <Debug>: Process 57912 (Runner) read data for { kCFPreferencesAnyApplication, mobile, kCFPreferencesCurrentHost, /Library/Managed Preferences/mobile/.GlobalPreferences.plist, managed: 1 }, backed by /private/var/Managed Preferences/mobile/.GlobalPreferences.plist
Aug 28 14:14:18.820194 cfprefsd(CoreFoundation)[91] <Debug>: Process 57912 (Runner) sent a request related to { kCFPreferencesAnyApplication, user: mobile, kCFPreferencesAnyHost, /var/mobile/Library/Preferences/.GlobalPreferences.plist, managed: 0 } (0x10030c3f0)
Aug 28 14:14:18.820245 cfprefsd(CoreFoundation)[91] <Debug>: Process 57912 (Runner) read data for { kCFPreferencesAnyApplication, mobile, kCFPreferencesAnyHost, /var/mobile/Library/Preferences/.GlobalPreferences.plist, managed: 0 }, backed by /private/var/mobile/Library/Preferences/.GlobalPreferences.plist
Aug 28 14:14:18.820413 cfprefsd(CoreFoundation)[91] <Debug>: Process 57912 (Runner) sent a request related to { com.apple.UIKit, user: kCFPreferencesAnyUser, kCFPreferencesCurrentHost, /var/preferences/com.apple.UIKit.plist, managed: 0 } (0x101858590)
Aug 28 14:14:18.820504 runningboardd(RunningBoard)[33] <Notice>: Assertion 33-33-7815 (target:[application<dev.selfhost.firstActivationProbe>:57912]) will be created as active
Aug 28 14:14:18.820577 runningboardd(RunningBoard)[33] <Debug>: Adding assertion 33-47602-7814 (target:application<dev.selfhost.firstActivationProbe>)
Aug 28 14:14:18.821210 Runner(CoreFoundation)[57912] <Debug>: Using ~iphone resources
Aug 28 14:14:18.821229 Runner(CoreFoundation)[57912] <Debug>: CFPrefsManagedSource<0x282ba4d00> (Domain: com.apple.UIKit, User: kCFPreferencesCurrentUser, ByHost: Yes, Container: (null), Contents Need Refresh: No) loaded: an empty base plist and no additional changes from the base plist
Aug 28 14:14:18.821311 Runner(CoreFoundation)[57912] <Debug>: CFPrefsManagedSource<0x282ba5080> (Domain: com.apple.UIKit, User: kCFPreferencesAnyUser, ByHost: Yes, Container: (null), Contents Need Refresh: No) loaded: an empty base plist and no additional changes from the base plist
Aug 28 14:14:18.821332 Runner(CoreFoundation)[57912] <Debug>: CFPrefsPlistSource<0x282ba4b80> (Domain: com.apple.UIKit, User: kCFPreferencesCurrentUser, ByHost: No, Container: (null), Contents Need Refresh: No) loaded: a new base plist and no additional changes from the base plist
Aug 28 14:14:18.821351 Runner(CoreFoundation)[57912] <Debug>: CFPrefsManagedSource<0x282ba6180> (Domain: kCFPreferencesAnyApplication, User: kCFPreferencesCurrentUser, ByHost: Yes, Container: (null), Contents Need Refresh: No) loaded: a new base plist and no additional changes from the base plist
Aug 28 14:14:18.821402 Runner(CoreFoundation)[57912] <Debug>: CFPrefsPlistSource<0x282ba5380> (Domain: kCFPreferencesAnyApplication, User: kCFPreferencesCurrentUser, ByHost: No, Container: (null), Contents Need Refresh: No) loaded: a new base plist and no additional changes from the base plist
Aug 28 14:14:18.822035 cfprefsd(CoreFoundation)[91] <Debug>: Process 57912 (Runner) sent a request related to { kCFPreferencesAnyApplication, user: kCFPreferencesAnyUser, kCFPreferencesCurrentHost, /var/preferences/.GlobalPreferences.plist, managed: 0 } (0x100316b90)
Aug 28 14:14:18.822145 cfprefsd(CoreFoundation)[91] <Debug>: Process 57912 (Runner) sent a request related to { dev.selfhost.firstActivationProbe, user: mobile, kCFPreferencesCurrentHost, /Library/Managed Preferences/mobile/dev.selfhost.firstActivationProbe.plist, managed: 1 } (0x10183db90)
Aug 28 14:14:18.822234 cfprefsd(CoreFoundation)[91] <Debug>: Process 57912 (Runner) sent a request related to { dev.selfhost.firstActivationProbe, user: kCFPreferencesAnyUser, kCFPreferencesCurrentHost, /Library/Managed Preferences/dev.selfhost.firstActivationProbe.plist, managed: 1 } (0x10183db90)
Aug 28 14:14:18.822294 runningboardd(RunningBoard)[33] <Info>: application<dev.selfhost.firstActivationProbe> is now targeted by 1 assertions
Aug 28 14:14:18.822445 runningboardd(RunningBoard)[33] <Debug>: Adding assertion 33-33-7815 (target:[application<dev.selfhost.firstActivationProbe>:57912])
Aug 28 14:14:18.822547 runningboardd(RunningBoard)[33] <Info>: application<dev.selfhost.firstActivationProbe> is now targeted by 2 assertions
Aug 28 14:14:18.822596 Runner(CoreFoundation)[57912] <Debug>: CFPrefsPlistSource<0x282ba6280> (Domain: com.apple.UIKit, User: kCFPreferencesAnyUser, ByHost: Yes, Container: (null), Contents Need Refresh: No) loaded: an empty base plist and no additional changes from the base plist
Aug 28 14:14:18.822615 Runner(CoreFoundation)[57912] <Debug>: CFPrefsPlistSource<0x282ba6400> (Domain: kCFPreferencesAnyApplication, User: kCFPreferencesAnyUser, ByHost: Yes, Container: (null), Contents Need Refresh: No) loaded: an empty base plist and no additional changes from the base plist
Aug 28 14:14:18.822633 Runner(CoreFoundation)[57912] <Debug>: found no value for key LogHIDEventFiltered in CFPrefsSearchListSource<0x282ba4800> (Domain: com.apple.UIKit, Container: (null))
Aug 28 14:14:18.822678 Runner(CoreFoundation)[57912] <Debug>: found no value for key LogHIDEventIncoming in CFPrefsSearchListSource<0x282ba4800> (Domain: com.apple.UIKit, Container: (null))
Aug 28 14:14:18.822729 Runner(libMobileGestalt.dylib)[57912] <Notice>: Cache loaded with 4896 pre-cached in CacheData and 49 items in CacheExtra.
Aug 28 14:14:18.822748 Runner(CoreFoundation)[57912] <Debug>: found no value for key LogApplication in CFPrefsSearchListSource<0x282ba4800> (Domain: com.apple.UIKit, Container: (null))
<SBTransitionSwitcherModifierEvent: 0x282169b00; type: MainTransition; transitionID: 97B3A54D-5746-4488-A7C6-6059F0719E4D; phase: Animate; animated: YES; fromAppLayout: 0x0; toAppLayout: <SBAppLayout: 0x28080b340; primary: dev.selfhost.firstActivationProbe:default; environment: main>; fromEnvironmentMode: home-screen; toEnvironmentMode: application; pendingTermination: {(
)}; activating: <SBAppLayout: 0x28080b340; primary: dev.selfhost.firstActivationProbe:default; environment: main>; dosidoTransitionDirection: 0>
Aug 28 14:14:18.823607 backboardd(IOKit)[65] <Notice>: Connection added: IOHIDEventSystemConnection uuid:A0924F82-E607-4619-A17E-636E94C1E143 pid:57912 process:Runner type:Passive entitlements:0x0 caller:BackBoardServices: <redacted> + 336 attributes:{
    bundleID = "dev.selfhost.firstActivationProbe";
Aug 28 14:14:18.823665 backboardd(BackBoardHIDEventFoundation)[65] <Debug>: Got a client addition callback: IOHIDEventSystemConnection uuid:A0924F82-E607-4619-A17E-636E94C1E143 pid:57912 process:Runner type:Passive entitlements:0x0 caller:BackBoardServices: <redacted> + 336 attributes:{
    bundleID = "dev.selfhost.firstActivationProbe";
Aug 28 14:14:18.823718 backboardd(BackBoardHIDEventFoundation)[65] <Info>: HID connection vpid:57912(v73262) bundleID:dev.selfhost.firstActivationProbe successfully initialized: IOHIDEventSystemConnection uuid:A0924F82-E607-4619-A17E-636E94C1E143 pid:57912 process:Runner type:Passive entitlements:0x0 caller:BackBoardServices: <redacted> + 336 attributes:{
    bundleID = "dev.selfhost.firstActivationProbe";
Aug 28 14:14:18.823857 backboardd(BackBoardHIDEventFoundation)[65] <Notice>: Adding client connection: <BKHIDClientConnection: 0x1026df7f0; IOHIDEventSystemConnectionRef: 0x10dc148b0; vpid: 57912(v73262); taskPort: 0x4A837; bundleID: dev.selfhost.firstActivationProbe> for client: IOHIDEventSystemConnection uuid:A0924F82-E607-4619-A17E-636E94C1E143 pid:57912 process:Runner type:Passive entitlements:0x0 caller:BackBoardServices: <redacted> + 336 attributes:{
    bundleID = "dev.selfhost.firstActivationProbe";
Aug 28 14:14:18.837818 SpringBoard(BaseBoard)[47602] <Debug>:  *|machport|* <BSMachPortTaskNameRight: 0x2808b6e80; usable: YES; (47602:1cea3:send task_name_for_pid:Runner.57912)> -> (<NSThread: 0x2808becc0>{number = 1183, name = (null)}) (
Aug 28 14:14:18.837844 Runner(UIKitCore)[57912] <Notice>: Deactivation reason added: 10; deactivation reasons: 0 -> 1024; animating application lifecycle event: 0
Aug 28 14:14:18.837883 Runner(RunningBoardServices)[57912] <Notice>: Initializing connection
Aug 28 14:14:18.837951 Runner(RunningBoardServices)[57912] <Notice>: Removing all cached process handles
Aug 28 14:14:18.837981 Runner(BoardServices)[57912] <Notice>: activating monitor for service com.apple.frontboard.open
Aug 28 14:14:18.837999 Runner(BoardServices)[57912] <Notice>: activating monitor for service com.apple.frontboard.workspace-service
Aug 28 14:14:18.838019 Runner(FrontBoardServices)[57912] <Notice>: FBSWorkspace connecting to endpoint : <private>
Aug 28 14:14:18.838038 runningboardd(RunningBoard)[33] <Debug>: Incrementing suppression state to 1 for application<dev.selfhost.firstActivationProbe>
Aug 28 14:14:18.838057 runningboardd(RunningBoard)[33] <Debug>: SUPPRESSING state update for application<dev.selfhost.firstActivationProbe>: <RBSProcessState| task:none debug:none terminationResistance:None endowments:[
	<RBSProcessAssertionInfo| type:2 reason:10000 name:"Domain" domain:"com.apple.frontboard:Bootstrap-Foreground,com.apple.frontboard:Visibility" expl:"FBApplicationProcess">
Aug 28 14:14:18.838080 runningboardd(RunningBoard)[33] <Debug>: Incrementing suppression state to 2 for application<dev.selfhost.firstActivationProbe>
Aug 28 14:14:18.838099 runningboardd(RunningBoard)[33] <Notice>: Calculated state for application<dev.selfhost.firstActivationProbe>: running-active (role: UserInteractiveFocal)
Aug 28 14:14:18.838149 runningboardd(RunningBoard)[33] <Debug>: Sending state update for application<dev.selfhost.firstActivationProbe>: <RBSProcessState| task:running-active debug:none terminationResistance:Interactive endowments:[
	<RBSProcessAssertionInfo| type:2 reason:10000 name:"Domain" domain:"com.apple.frontboard:Bootstrap-Foreground,com.apple.frontboard:Visibility" expl:"FBApplicationProcess">
Aug 28 14:14:18.838248 Runner(FrontBoardServices)[57912] <Notice>: FBSWorkspace registering source: <private>
Aug 28 14:14:18.838268 Runner(CoreFoundation)[57912] <Debug>: CFPrefsManagedSource<0x282ba1480> (Domain: dev.selfhost.firstActivationProbe, User: kCFPreferencesCurrentUser, ByHost: Yes, Container: (null), Contents Need Refresh: No) loaded: an empty base plist and no additional changes from the base plist
Aug 28 14:14:18.838285 Runner(FrontBoardServices)[57912] <Notice>: FBSWorkspace connected to endpoint : <private>
Aug 28 14:14:18.838365 Runner(CoreFoundation)[57912] <Debug>: CFPrefsManagedSource<0x282ba1500> (Domain: dev.selfhost.firstActivationProbe, User: kCFPreferencesAnyUser, ByHost: Yes, Container: (null), Contents Need Refresh: No) loaded: an empty base plist and no additional changes from the base plist
Aug 28 14:14:18.838407 Runner(CoreFoundation)[57912] <Debug>: CFPrefsPlistSource<0x282ba1400> (Domain: dev.selfhost.firstActivationProbe, User: kCFPreferencesCurrentUser, ByHost: No, Container: (null), Contents Need Refresh: No) loaded: an empty base plist and no additional changes from the base plist
Aug 28 14:14:18.843738 SpringBoard(FrontBoard)[47602] <Notice>: Asked to bootstrap a new process for handle: [application<dev.selfhost.firstActivationProbe>:57912]
Aug 28 14:14:18.844016 Runner(RunningBoardServices)[57912] <Notice>: Added observer for process assertions expiration warning: <_RBSExpirationWarningClient: 0x2805a34c0>
Aug 28 14:14:18.844093 Runner(CoreFoundation)[57912] <Debug>: CFPrefsPlistSource<0x282ba1680> (Domain: dev.selfhost.firstActivationProbe, User: kCFPreferencesAnyUser, ByHost: Yes, Container: (null), Contents Need Refresh: No) loaded: an empty base plist and no additional changes from the base plist
Aug 28 14:14:18.844195 Runner(CoreFoundation)[57912] <Debug>: looked up value <private> for key AppleLanguages in CFPrefsPlistSource<0x282ba5380> (Domain: kCFPreferencesAnyApplication, User: kCFPreferencesCurrentUser, ByHost: No, Container: (null), Contents Need Refresh: No) via CFPrefsSearchListSource<0x282ba1380> (Domain: dev.selfhost.firstActivationProbe, Container: (null))
Aug 28 14:14:18.844259 Runner(CoreFoundation)[57912] <Debug>: setting new value <private> for key <private> in CFPrefsSource<0x2810a4ec0> (Domain: Volatile, User: , ByHost: No, Container: , Contents Need Refresh: No)
Aug 28 14:14:18.844548 Runner(CoreFoundation)[57912] <Debug>: setting new value <private> for key <private> in CFPrefsSource<0x2810a4ec0> (Domain: Volatile, User: , ByHost: No, Container: , Contents Need Refresh: No)
Aug 28 14:14:18.844726 SpringBoard(FrontBoard)[47602] <Notice>: [application<dev.selfhost.firstActivationProbe>:-1] Bootstrap success!
Aug 28 14:14:18.844921 SpringBoard(FrontBoard)[47602] <Notice>: A pending process already exists for this handle: <FBApplicationProcess: 0x1050111b0; application<dev.selfhost.firstActivationProbe>:<invalid>>
Aug 28 14:14:18.845164 SpringBoard(BaseBoard)[47602] <Debug>:  *|machport|* <BSMachPortTaskNameRight: 0x280757f00; usable: YES; (47602:1cea3:send task_name_for_pid:Runner.57912)> -> (<NSThread: 0x280756740>{number = 1184, name = (null)}) (
Aug 28 14:14:18.846159 backboardd(IOKit)[65] <Debug>: SetProperty called IOHIDEventSystemClientIsUnresponsive=0 caller=IOHIDEventSystemConnection uuid:A0924F82-E607-4619-A17E-636E94C1E143 pid:57912 process:Runner type:Passive entitlements:0x0 caller:BackBoardServices: <redacted> + 336 attributes:{
    bundleID = "dev.selfhost.firstActivationProbe";
Aug 28 14:14:18.847035 runningboardd(RunningBoard)[33] <Debug>: [daemon<com.apple.SpringBoard>:47602] query resolved to [application<dev.selfhost.firstActivationProbe>:57912]
Aug 28 14:14:18.847682 runningboardd(RunningBoard)[33] <Debug>: Incrementing suppression state to 3 for application<dev.selfhost.firstActivationProbe>
Aug 28 14:14:18.847749 runningboardd(RunningBoard)[33] <Info>: Ignoring insignificant state update for application<dev.selfhost.firstActivationProbe>
Aug 28 14:14:18.853939 SpringBoard(FrontBoard)[47602] <Notice>: [application<dev.selfhost.firstActivationProbe>:57912] Setting process task state to: Running
Aug 28 14:14:18.854168 SpringBoard(FrontBoard)[47602] <Notice>: [application<dev.selfhost.firstActivationProbe>:57912] Setting process visibility to: Foreground
Aug 28 14:14:18.902528 SpringBoard(FrontBoardServices)[47602] <Info>: [application<dev.selfhost.firstActivationProbe>:57912] [realTime] Now monitoring resource allowance of 20.00s (at refreshInterval -1.00s)
Aug 28 14:14:18.902783 SpringBoard(FrontBoard)[47602] <Notice>: [application<dev.selfhost.firstActivationProbe>:57912] Registering event dispatcher at connect
Aug 28 14:14:18.902859 SpringBoard(FrontBoard)[47602] <Info>: Registering workspace for processHandle: [application<dev.selfhost.firstActivationProbe>:57912]
Aug 28 14:14:18.907321 SpringBoard(FrontBoard)[47602] <Notice>: [application<dev.selfhost.firstActivationProbe>:57912] Initial launch assertion state: ForegroundFocal.
Aug 28 14:14:18.908410 runningboardd(RunningBoard)[33] <Notice>: Calculated state for application<dev.selfhost.firstActivationProbe>: running-active (role: UserInteractiveFocal)
Aug 28 14:14:18.908572 runningboardd(RunningBoard)[33] <Debug>: SUPPRESSING state update for application<dev.selfhost.firstActivationProbe>: <RBSProcessState| task:running-active debug:none terminationResistance:Interactive endowments:[
	<RBSProcessAssertionInfo| type:2 reason:10000 name:"Domain" domain:"com.apple.frontboard:Bootstrap-Foreground,com.apple.frontboard:Visibility" expl:"FBApplicationProcess">,
Aug 28 14:14:18.908635 runningboardd(RunningBoard)[33] <Debug>: Decrementing suppression state to 2 for application<dev.selfhost.firstActivationProbe>
Aug 28 14:14:18.913118 SpringBoard(FrontBoard)[47602] <Notice>: Adding: <FBApplicationProcess: 0x1050111b0; application<dev.selfhost.firstActivationProbe>:57912(v73262)>
Aug 28 14:14:18.914712 SpringBoard(FrontBoard)[47602] <Notice>: change foreground process from list:<FBApplicationProcess: 0x1050111b0; application<dev.selfhost.firstActivationProbe>:57912(v73262)>
Aug 28 14:14:18.914902 SpringBoard(FrontBoard)[47602] <Info>: FBWorkspaceDomain: Assigning new workspace connection to workspace (0x282a100b0) owned by process: <FBApplicationProcess: 0x1050111b0; application<dev.selfhost.firstActivationProbe>:57912(v73262)>
Aug 28 14:14:18.915097 SpringBoard(FrontBoard)[47602] <Info>: Setting BKSEventFocusManager's foreground app to: <FBApplicationProcess: 0x1050111b0; application<dev.selfhost.firstActivationProbe>:57912(v73262)>
Aug 28 14:14:18.915155 SpringBoard(FrontBoard)[47602] <Notice>: [application<dev.selfhost.firstActivationProbe>:57912] Connection established.
Aug 28 14:14:18.917886 SpringBoard(FrontBoard)[47602] <Notice>: [application<dev.selfhost.firstActivationProbe>:57912] Connection to remote process established!
Aug 28 14:14:18.918210 SpringBoard(FrontBoardServices)[47602] <Info>: [application<dev.selfhost.firstActivationProbe>:57912] [realTime] Stopped monitoring.
Aug 28 14:14:18.918481 SpringBoard(FrontBoardServices)[47602] <Debug>: [application<dev.selfhost.firstActivationProbe>:57912] [realTime] Updated resource consumption: 0.003s (0.01%)
Aug 28 14:14:18.918773 SpringBoard(FrontBoard)[47602] <Info>: [application<dev.selfhost.firstActivationProbe>:57912] Provision <FBSProcessResourceProvision: 0x282f28ab0; allowance: <; FBSProcessResourceAllowance; type: realTime; timeValue: 20.0s>> has remainder <FBSProcessResourceProvision: 0x282f23d50; allowance: <; FBSProcessResourceAllowance; type: realTime; timeValue: 20.00s>>
Aug 28 14:14:18.918918 SpringBoard(FrontBoard)[47602] <Info>: [application<dev.selfhost.firstActivationProbe>:57912] Made scene-create policy: <FBSProcessWatchdogPolicy: 0x281c27c80; name: "scene create after launch"> {
Aug 28 14:14:18.919287 SpringBoard(FrontBoardServices)[47602] <Debug>: [application<dev.selfhost.firstActivationProbe>:57912] Invalidating <FBProcessWatchdog: 0x283ef8960; name: process-launch; time: 20.0s>
Aug 28 14:14:18.919381 SpringBoard(FrontBoardServices)[47602] <Debug>: [application<dev.selfhost.firstActivationProbe>:57912] [realTime] Invalidated
Aug 28 14:14:18.919401 Runner(CoreFoundation)[57912] <Debug>: setting new value <private> for key <private> in CFPrefsSource<0x2810a4ec0> (Domain: Volatile, User: , ByHost: No, Container: , Contents Need Refresh: No)
Aug 28 14:14:18.919420 Runner(CoreFoundation)[57912] <Debug>: found no value for key UIScreenIsCapturedValue in CFPrefsSearchListSource<0x282ba4800> (Domain: com.apple.UIKit, Container: (null))
Aug 28 14:14:18.919439 Runner(CoreFoundation)[57912] <Debug>: looked up value <private> for key AppleLanguages in CFPrefsPlistSource<0x282ba5380> (Domain: kCFPreferencesAnyApplication, User: kCFPreferencesCurrentUser, ByHost: No, Container: (null), Contents Need Refresh: No) via CFPrefsSearchListSource<0x282ba1380> (Domain: dev.selfhost.firstActivationProbe, Container: (null))
Aug 28 14:14:18.919459 Runner(CoreFoundation)[57912] <Debug>: Language lookup at <private>
Aug 28 14:14:18.919478 Runner(CoreFoundation)[57912] <Debug>: Resource lookup at <private>
Aug 28 14:14:18.919496 Runner(CoreFoundation)[57912] <Debug>: found no value for key _UIEnableLegacyRTL in CFPrefsSearchListSource<0x282ba4800> (Domain: com.apple.UIKit, Container: (null))
Aug 28 14:14:18.919533 Runner(CoreFoundation)[57912] <Debug>: found no value for key NSTighteningFactorForTruncation in CFPrefsSearchListSource<0x282ba1380> (Domain: dev.selfhost.firstActivationProbe, Container: (null))
Aug 28 14:14:18.919601 SpringBoard(FrontBoard)[47602] <Notice>: [application<dev.selfhost.firstActivationProbe>:57912] Registered new scene: <FBUIApplicationWorkspaceScene: 0x282641d40; sceneID:dev.selfhost.firstActivationProbe-default> (fromRemnant = 0)
Aug 28 14:14:18.919629 SpringBoard(FrontBoard)[47602] <Notice>: [sceneID:dev.selfhost.firstActivationProbe-default][1] Scene activated.
Aug 28 14:14:18.919648 SpringBoard(FrontBoard)[47602] <Debug>: [FBSceneManager] PENDING:   <BSEventQueueEvent: 0x281c20c20; didAdd-sceneID:dev.selfhost.firstActivationProbe-default(0)> @ back
Aug 28 14:14:18.919667 SpringBoard(FrontBoard)[47602] <Debug>: [FBSceneManager] EXECUTING: <BSEventQueueEvent: 0x281c20c20; didAdd-sceneID:dev.selfhost.firstActivationProbe-default(0)>
Aug 28 14:14:18.919685 SpringBoard(FrontBoard)[47602] <Notice>: [application<dev.selfhost.firstActivationProbe>:57912] Workspace interruption policy did change: reconnect
Aug 28 14:14:18.919788 cfprefsd(CoreFoundation)[91] <Debug>: Process 57912 (Runner) sent a request related to { dev.selfhost.firstActivationProbe, user: mobile, kCFPreferencesAnyHost, /var/mobile/Containers/Data/Application/18E6667F-E66B-4E74-92D9-B14869861554/Library/Preferences/dev.selfhost.firstActivationProbe.plist, managed: 0 } (0x100362850)
Aug 28 14:14:18.919865 SpringBoard(FrontBoard)[47602] <Debug>: [FBSceneManager] PENDING:   <BSEventQueueEvent: 0x281c271a0; didAdd-sceneID:dev.selfhost.firstActivationProbe-default(0)> @ front
Aug 28 14:14:18.919885 cfprefsd(CoreFoundation)[91] <Debug>: Process 57912 (Runner) sent a request related to { dev.selfhost.firstActivationProbe, user: kCFPreferencesAnyUser, kCFPreferencesCurrentHost, /var/preferences/dev.selfhost.firstActivationProbe.plist, managed: 0 } (0x1003580b0)
Aug 28 14:14:18.919904 SpringBoard(FrontBoard)[47602] <Debug>: [FBSceneManager] EXECUTING: <BSEventQueueEvent: 0x281c271a0; didAdd-sceneID:dev.selfhost.firstActivationProbe-default(0)>
Aug 28 14:14:18.920065 cfprefsd(CoreFoundation)[91] <Debug>: Process 57912 (Runner) sent a request related to { com.apple.Accessibility, user: mobile, kCFPreferencesCurrentHost, /Library/Managed Preferences/mobile/com.apple.Accessibility.plist, managed: 1 } (0x101814050)
Aug 28 14:14:18.920343 SpringBoard(FrontBoard)[47602] <Info>: Client intercepting scene update for scene: sceneID:dev.selfhost.firstActivationProbe-default
Aug 28 14:14:18.920383 cfprefsd(CoreFoundation)[91] <Debug>: Process 57912 (Runner) sent a request related to { com.apple.Accessibility, user: kCFPreferencesAnyUser, kCFPreferencesCurrentHost, /Library/Managed Preferences/com.apple.Accessibility.plist, managed: 1 } (0x101814300)
Aug 28 14:14:18.920421 cfprefsd(CoreFoundation)[91] <Debug>: Process 57912 (Runner) sent a request related to { com.apple.Accessibility, user: mobile, kCFPreferencesAnyHost, /var/mobile/Library/Preferences/com.apple.Accessibility.plist, managed: 0 } (0x100311170)
Aug 28 14:14:18.920440 cfprefsd(CoreFoundation)[91] <Debug>: Process 57912 (Runner) read data for { com.apple.Accessibility, mobile, kCFPreferencesAnyHost, /var/mobile/Library/Preferences/com.apple.Accessibility.plist, managed: 0 }, backed by /private/var/mobile/Library/Preferences/com.apple.Accessibility.plist
Aug 28 14:14:18.920460 cfprefsd(CoreFoundation)[91] <Debug>: Process 57912 (Runner) sent a request related to { com.apple.Accessibility, user: kCFPreferencesAnyUser, kCFPreferencesCurrentHost, /var/preferences/com.apple.Accessibility.plist, managed: 0 } (0x1018145a0)
Aug 28 14:14:18.920479 SpringBoard(UIKitCore)[47602] <Notice>: Now tracking: <FBScene: 0x28285b780; sceneID:dev.selfhost.firstActivationProbe-default>
Aug 28 14:14:18.920586 Runner(CoreFoundation)[57912] <Debug>: found no value for key NSTighteningFactorForTruncation in CFPrefsSearchListSource<0x282ba1380> (Domain: dev.selfhost.firstActivationProbe, Container: (null))
Aug 28 14:14:18.920616 Runner(CoreFoundation)[57912] <Debug>: found no value for key NSAllowsDefaultTighteningForTruncation in CFPrefsSearchListSource<0x282ba1380> (Domain: dev.selfhost.firstActivationProbe, Container: (null))
Aug 28 14:14:18.920638 SpringBoard(UIKitCore)[47602] <Notice>: [sceneID:dev.selfhost.firstActivationProbe-default] Setting deactivation reasons to: 'systemAnimation' for reason: scene settings update - settings are eligible for deactivation reasons.
Aug 28 14:14:18.920657 SpringBoard(FrontBoard)[47602] <Debug>: START SCENE MUTATION ------- sceneID:dev.selfhost.firstActivationProbe-default
Aug 28 14:14:18.920675 SpringBoard(FrontBoard)[47602] <Debug>: [FBSceneManager] PENDING:   <BSEventQueueEvent: 0x281c25700; sceneDidActivate-sceneID:dev.selfhost.firstActivationProbe-default(1)> @ back
Aug 28 14:14:18.920693 SpringBoard(FrontBoard)[47602] <Debug>: [FBSceneManager] PENDING:   <BSEventQueueEvent: 0x281c23cc0; sceneUpdatePrepared-sceneID:dev.selfhost.firstActivationProbe-default(1)> @ back
Aug 28 14:14:18.920712 SpringBoard(FrontBoard)[47602] <Debug>: [FBSceneManager] PENDING:   <BSEventQueueEvent: 0x281c20ba0; applySettings-sceneID:dev.selfhost.firstActivationProbe-default(1)> @ back
Aug 28 14:14:18.920730 Runner(CoreFoundation)[57912] <Debug>: found no value for key NSUsesDefaultHyphenation in CFPrefsSearchListSource<0x282ba1380> (Domain: dev.selfhost.firstActivationProbe, Container: (null))
Aug 28 14:14:18.920748 Runner(CoreFoundation)[57912] <Debug>: found no value for key NSDefaultHyphenationFactor in CFPrefsSearchListSource<0x282ba1380> (Domain: dev.selfhost.firstActivationProbe, Container: (null))
Aug 28 14:14:18.920766 Runner(CoreFoundation)[57912] <Debug>: found no value for key NSForceRightToLeftWritingDirection in CFPrefsSearchListSource<0x282ba1380> (Domain: dev.selfhost.firstActivationProbe, Container: (null))
Aug 28 14:14:18.920784 Runner(CoreFoundation)[57912] <Debug>: CFPrefsManagedSource<0x282ba3780> (Domain: com.apple.Accessibility, User: kCFPreferencesCurrentUser, ByHost: Yes, Container: (null), Contents Need Refresh: No) loaded: an empty base plist and no additional changes from the base plist
Aug 28 14:14:18.920802 Runner(CoreFoundation)[57912] <Debug>: CFPrefsManagedSource<0x282ba3800> (Domain: com.apple.Accessibility, User: kCFPreferencesAnyUser, ByHost: Yes, Container: (null), Contents Need Refresh: No) loaded: an empty base plist and no additional changes from the base plist
Aug 28 14:14:18.920821 Runner(CoreFoundation)[57912] <Debug>: CFPrefsPlistSource<0x282ba3700> (Domain: com.apple.Accessibility, User: kCFPreferencesCurrentUser, ByHost: No, Container: (null), Contents Need Refresh: No) loaded: a new base plist and no additional changes from the base plist
Aug 28 14:14:18.920839 Runner(CoreFoundation)[57912] <Debug>: CFPrefsPlistSource<0x282ba3980> (Domain: com.apple.Accessibility, User: kCFPreferencesAnyUser, ByHost: Yes, Container: (null), Contents Need Refresh: No) loaded: an empty base plist and no additional changes from the base plist
Aug 28 14:14:18.920859 Runner(CoreFoundation)[57912] <Debug>: found no value for key ForceTouchEnabled in CFPrefsSearchListSource<0x282ba3680> (Domain: com.apple.Accessibility, Container: (null))
Aug 28 14:14:18.920877 SpringBoard(FrontBoard)[47602] <Debug>: Flushing all events for sceneID:dev.selfhost.firstActivationProbe-default
Aug 28 14:14:18.920895 SpringBoard(FrontBoard)[47602] <Debug>: [FBSceneManager] EXECUTING: <BSEventQueueEvent: 0x281c25700; sceneDidActivate-sceneID:dev.selfhost.firstActivationProbe-default(1)>
Aug 28 14:14:18.920913 SpringBoard(FrontBoard)[47602] <Debug>: [FBSceneManager] PENDING:   <BSEventQueueEvent: 0x281c278c0; sceneDidActivate-sceneID:dev.selfhost.firstActivationProbe-default(1)> @ front
Aug 28 14:14:18.920931 SpringBoard(FrontBoard)[47602] <Debug>: [FBSceneManager] EXECUTING: <BSEventQueueEvent: 0x281c278c0; sceneDidActivate-sceneID:dev.selfhost.firstActivationProbe-default(1)>
Aug 28 14:14:18.920986 Runner(libAccessibility.dylib)[57912] <Debug>: CF Read: domain = com.apple.Accessibility, preference = ForceTouchEnabled, appID = (null) result = (null) (-1 - empty, 0 - false, 1 - true)
Aug 28 14:14:18.921006 Runner(CoreFoundation)[57912] <Debug>: found no value for key ForceTouchEnabled in CFPrefsPlistSource<0x282ba3700> (Domain: com.apple.Accessibility, User: kCFPreferencesCurrentUser, ByHost: No, Container: (null), Contents Need Refresh: No)
Aug 28 14:14:18.921024 Runner(CoreFoundation)[57912] <Debug>: found no value for key UIPreferredContentSizeCategoryName in CFPrefsSearchListSource<0x282ba1380> (Domain: dev.selfhost.firstActivationProbe, Container: (null))
Aug 28 14:14:18.921042 Runner(RunningBoardServices)[57912] <Notice>: Sending handshake request attempt #1 to server
Aug 28 14:14:18.921061 Runner(libAccessibility.dylib)[57912] <Debug>: CF Read Category Name: domain = dev.selfhost.firstActivationProbe, appID = dev.selfhost.firstActivationProbe value = (null)
Aug 28 14:14:18.921078 Runner(libAccessibility.dylib)[57912] <Notice>: Read CategoryName: per-app = 1, category name = (null)
Aug 28 14:14:18.921279 Runner(CoreFoundation)[57912] <Debug>: found no value for key UIPreferredContentSizeCategoryName in CFPrefsSearchListSource<0x282ba4800> (Domain: com.apple.UIKit, Container: (null))
Aug 28 14:14:18.922342 Runner(libAccessibility.dylib)[57912] <Debug>: CF Read Category Name: domain = /var/mobile/Library/Preferences/com.apple.UIKit, appID = (null) value = (null)
Aug 28 14:14:18.922417 Runner(libAccessibility.dylib)[57912] <Notice>: Read CategoryName: per-app = 0, category name = (null)
Aug 28 14:14:18.922481 Runner(CoreFoundation)[57912] <Debug>: found no value for key UICarPlayPreferredContentSizeCategoryName in CFPrefsSearchListSource<0x282ba4800> (Domain: com.apple.UIKit, Container: (null))
Aug 28 14:14:18.922564 Runner(CoreFoundation)[57912] <Debug>: found no value for key EnhancedTextLegibilityEnabled in CFPrefsSearchListSource<0x282ba3680> (Domain: com.apple.Accessibility, Container: (null))
Aug 28 14:14:18.922622 Runner(libAccessibility.dylib)[57912] <Debug>: CF Read: domain = com.apple.Accessibility, preference = EnhancedTextLegibilityEnabled, appID = (null) result = (null) (-1 - empty, 0 - false, 1 - true)
Aug 28 14:14:18.922688 Runner(CoreFoundation)[57912] <Debug>: found no value for key EnhancedTextLegibilityEnabled in CFPrefsPlistSource<0x282ba3700> (Domain: com.apple.Accessibility, User: kCFPreferencesCurrentUser, ByHost: No, Container: (null), Contents Need Refresh: No)
Aug 28 14:14:18.922879 SpringBoard[47602] <Notice>: didAddExternalForegroundApplicationSceneHandle pid:57912 scene:com.apple.frontboard.systemappservices::sceneID%3Adev.selfhost.firstActivationProbe-default now:<recentPIDs: [57912]; recentSceneIdentityTokensByPID: {57912: [com.apple.frontboard.systemappservices::sceneID%3Adev.selfhost.firstActivationProbe-default]}>
Aug 28 14:14:18.922941 SpringBoard[47602] <Notice>: policy: MRU target:<pid=57912 token=com.apple.frontboard.systemappservices::sceneID%3Adev.selfhost.firstActivationProbe-default>
Aug 28 14:14:18.923893 SpringBoard[47602] <Notice>: policy: now generation: 406; keyboardFocusTarget: <token: com.apple.frontboard.systemappservices::sceneID%3Adev.selfhost.firstActivationProbe-default; pid: 57912>; recentlyUsedScenes: <recentPIDs: [57912]; recentSceneIdentityTokensByPID: {57912: [com.apple.frontboard.systemappservices::sceneID%3Adev.selfhost.firstActivationProbe-default]}>; selectionPolicy: KeyboardArbiter; shouldSuppressRemoteDeferring: 0
Aug 28 14:14:18.924391 Runner(CoreFoundation)[57912] <Debug>: found no value for key DarkenSystemColors in CFPrefsSearchListSource<0x282ba3680> (Domain: com.apple.Accessibility, Container: (null))
Aug 28 14:14:18.924438 Runner(libAccessibility.dylib)[57912] <Debug>: CF Read: domain = com.apple.Accessibility, preference = DarkenSystemColors, appID = (null) result = (null) (-1 - empty, 0 - false, 1 - true)
Aug 28 14:14:18.924474 Runner(CoreFoundation)[57912] <Debug>: found no value for key DarkenSystemColors in CFPrefsPlistSource<0x282ba3700> (Domain: com.apple.Accessibility, User: kCFPreferencesCurrentUser, ByHost: No, Container: (null), Contents Need Refresh: No)
Aug 28 14:14:18.924532 Runner(CoreFoundation)[57912] <Debug>: found no value for key UITraitCollectionChangeLoggingEnabled in CFPrefsSearchListSource<0x282ba1380> (Domain: dev.selfhost.firstActivationProbe, Container: (null))
Aug 28 14:14:18.924993 Runner(CoreFoundation)[57912] <Debug>: found no value for key UIStateRestorationDebugLogging in CFPrefsSearchListSource<0x282ba1380> (Domain: dev.selfhost.firstActivationProbe, Container: (null))
Aug 28 14:14:18.925042 Runner(CoreFoundation)[57912] <Debug>: Resource lookup at <private>
Aug 28 14:14:18.925091 Runner(CoreFoundation)[57912] <Debug>: looked up value <private> for key AccessibilityEnabled in CFPrefsPlistSource<0x282ba3700> (Domain: com.apple.Accessibility, User: kCFPreferencesCurrentUser, ByHost: No, Container: (null), Contents Need Refresh: No) via CFPrefsSearchListSource<0x282ba3680> (Domain: com.apple.Accessibility, Container: (null))
Aug 28 14:14:18.925135 Runner(libAccessibility.dylib)[57912] <Debug>: CF Read: domain = com.apple.Accessibility, preference = AccessibilityEnabled, appID = (null) result = 0 (-1 - empty, 0 - false, 1 - true)
Aug 28 14:14:18.925176 Runner(CoreFoundation)[57912] <Debug>: looked up value <private> for key InvertColorsEnabled in CFPrefsPlistSource<0x282ba3700> (Domain: com.apple.Accessibility, User: kCFPreferencesCurrentUser, ByHost: No, Container: (null), Contents Need Refresh: No) via CFPrefsSearchListSource<0x282ba3680> (Domain: com.apple.Accessibility, Container: (null))
Aug 28 14:14:18.925213 Runner(libAccessibility.dylib)[57912] <Debug>: CF Read: domain = com.apple.Accessibility, preference = InvertColorsEnabled, appID = (null) result = 0 (-1 - empty, 0 - false, 1 - true)
Aug 28 14:14:18.925409 SpringBoard(FrontBoard)[47602] <Debug>: [FBSceneManager] EXECUTING: <BSEventQueueEvent: 0x281c23cc0; sceneUpdatePrepared-sceneID:dev.selfhost.firstActivationProbe-default(1)>
Aug 28 14:14:18.925547 SpringBoard(FrontBoard)[47602] <Debug>: [FBSceneManager] PENDING:   <BSEventQueueEvent: 0x281c3c300; sceneUpdatePrepared-sceneID:dev.selfhost.firstActivationProbe-default(1)> @ front
Aug 28 14:14:18.925583 SpringBoard(FrontBoard)[47602] <Debug>: [FBSceneManager] EXECUTING: <BSEventQueueEvent: 0x281c3c300; sceneUpdatePrepared-sceneID:dev.selfhost.firstActivationProbe-default(1)>
Aug 28 14:14:18.925646 SpringBoard(FrontBoard)[47602] <Debug>: [FBSceneManager] EXECUTING: <BSEventQueueEvent: 0x281c20ba0; applySettings-sceneID:dev.selfhost.firstActivationProbe-default(1)>
Aug 28 14:14:18.925693 SpringBoard(FrontBoard)[47602] <Notice>: [sceneID:dev.selfhost.firstActivationProbe-default] scene content state changed: preparing
Aug 28 14:14:18.925720 SpringBoard(FrontBoard)[47602] <Debug>: [FBSceneManager] PENDING:   <BSEventQueueEvent: 0x281c3c920; contentStateDidChange-sceneID:dev.selfhost.firstActivationProbe-default(1)> @ back
Aug 28 14:14:18.925889 SpringBoard(FrontBoard)[47602] <Debug>: [FBSceneManager] PENDING:   <BSEventQueueEvent: 0x281c3f800; sceneUpdateApplied-sceneID:dev.selfhost.firstActivationProbe-default(1)> @ back
Aug 28 14:14:18.925968 SpringBoard(FrontBoard)[47602] <Debug>: [FBSceneManager] PENDING:   <BSEventQueueEvent: 0x281c3c300; sceneMutationCompletion-sceneID:dev.selfhost.firstActivationProbe-default(1)> @ back
Aug 28 14:14:18.926026 SpringBoard(FrontBoard)[47602] <Debug>: [FBSceneManager] EXECUTING: <BSEventQueueEvent: 0x281c3c920; contentStateDidChange-sceneID:dev.selfhost.firstActivationProbe-default(1)>
Aug 28 14:14:18.926227 SpringBoard(FrontBoard)[47602] <Notice>: [sceneID:dev.selfhost.firstActivationProbe-default] Scene lifecycle state did change: Foreground
Aug 28 14:14:18.926301 SpringBoard(FrontBoard)[47602] <Debug>: [FBSceneManager] PENDING:   <BSEventQueueEvent: 0x281c3f120; contentStateDidChange-sceneID:dev.selfhost.firstActivationProbe-default(1)> @ front
Aug 28 14:14:18.937838 SpringBoard(FrontBoard)[47602] <Debug>: [FBSceneManager] EXECUTING: <BSEventQueueEvent: 0x281c3f120; contentStateDidChange-sceneID:dev.selfhost.firstActivationProbe-default(1)>
Aug 28 14:14:18.937999 SpringBoard(FrontBoard)[47602] <Notice>: [sceneID:dev.selfhost.firstActivationProbe-default] Scene assertion state did change: ForegroundFocal.
Aug 28 14:14:18.938429 Runner(libAccessibility.dylib)[57912] <Debug>: Read Global: preference = InvertColorsEnabled, result = 0 (-1 - empty, 0 - false, 1 - true)
Aug 28 14:14:18.938515 Runner(libAccessibility.dylib)[57912] <Debug>: Updated cache: preference = InvertColorsEnabled, result = 0 (-1 - empty, 0 - false, 1 - true)
Aug 28 14:14:18.938558 SpringBoard(FrontBoard)[47602] <Notice>: [application<dev.selfhost.firstActivationProbe>:57912] Launch assertion supersedes update of workspace assertion to ForegroundFocal.
Aug 28 14:14:18.938690 SpringBoard(FrontBoard)[47602] <Notice>: [application<dev.selfhost.firstActivationProbe>:57912] Workspace assertion state did change: ForegroundFocal (acquireAssertion = NO).
Aug 28 14:14:18.938840 SpringBoard(FrontBoard)[47602] <Debug>: [FBSceneManager] EXECUTING: <BSEventQueueEvent: 0x281c3f800; sceneUpdateApplied-sceneID:dev.selfhost.firstActivationProbe-default(1)>
Aug 28 14:14:18.938898 SpringBoard(FrontBoard)[47602] <Debug>: [FBSceneManager] PENDING:   <BSEventQueueEvent: 0x281c3f120; sceneUpdateApplied-sceneID:dev.selfhost.firstActivationProbe-default(1)> @ front
Aug 28 14:14:18.938956 SpringBoard(FrontBoard)[47602] <Debug>: [FBSceneManager] EXECUTING: <BSEventQueueEvent: 0x281c3f120; sceneUpdateApplied-sceneID:dev.selfhost.firstActivationProbe-default(1)>
Aug 28 14:14:18.939009 SpringBoard(FrontBoardServices)[47602] <Info>: [application<dev.selfhost.firstActivationProbe>:57912] [realTime] Now monitoring resource allowance of 20.00s (at refreshInterval -1.00s)
Aug 28 14:14:18.939055 SpringBoard(FrontBoard)[47602] <Notice>: [sceneID:dev.selfhost.firstActivationProbe-default] Sending scene action [Logical Activate][0x1722] to process 0x1050111b0 (watchdog: 20.00s)
Aug 28 14:14:18.939097 Runner(CoreFoundation)[57912] <Debug>: looked up value <private> for key ApplicationAccessibilityEnabled in CFPrefsPlistSource<0x282ba3700> (Domain: com.apple.Accessibility, User: kCFPreferencesCurrentUser, ByHost: No, Container: (null), Contents Need Refresh: No) via CFPrefsSearchListSource<0x282ba3680> (Domain: com.apple.Accessibility, Container: (null))
Aug 28 14:14:18.939148 Runner(libAccessibility.dylib)[57912] <Debug>: CF Read: domain = com.apple.Accessibility, preference = ApplicationAccessibilityEnabled, appID = (null) result = 0 (-1 - empty, 0 - false, 1 - true)
Aug 28 14:14:18.939197 Runner(XCTTargetBootstrap)[57912] <Notice>: Registering for test daemon availability notify post.
Aug 28 14:14:18.939326 Runner(XCTTargetBootstrap)[57912] <Notice>: notify_get_state check indicated test daemon not ready.
Aug 28 14:14:18.939383 Runner(XCTTargetBootstrap)[57912] <Notice>: notify_get_state check indicated test daemon not ready.
Aug 28 14:14:18.939428 Runner(XCTTargetBootstrap)[57912] <Notice>: notify_get_state check indicated test daemon not ready.
Aug 28 14:14:18.939478 Runner(CoreFoundation)[57912] <Debug>: found no value for key UIRequireCrimsonLifecycle in CFPrefsSearchListSource<0x282ba4800> (Domain: com.apple.UIKit, Container: (null))
Aug 28 14:14:18.939638 SpringBoard(FrontBoard)[47602] <Debug>: [FBSceneManager] EXECUTING: <BSEventQueueEvent: 0x281c3c300; sceneMutationCompletion-sceneID:dev.selfhost.firstActivationProbe-default(1)>
Aug 28 14:14:18.939696 SpringBoard(FrontBoard)[47602] <Debug>: ---------- END SCENE MUTATION: sceneID:dev.selfhost.firstActivationProbe-default
Aug 28 14:14:18.939926 runningboardd(RunningBoard)[33] <Notice>: Acquiring assertion targeting [application<dev.selfhost.firstActivationProbe>:57912] from originator [daemon<com.apple.SpringBoard>:47602] with description <RBSAssertionDescriptor| "com.apple.frontboard.after-life.interrupted" ID:33-47602-7816 target:57912 attributes:[
Aug 28 14:14:18.939971 runningboardd(RunningBoard)[33] <Notice>: Assertion 33-47602-7816 (target:[application<dev.selfhost.firstActivationProbe>:57912]) will be created as inactive as originator process has not exited
Aug 28 14:14:18.941743 runningboardd(RunningBoard)[33] <Info>: Received message from [application<dev.selfhost.firstActivationProbe>:57912] (euid 501, auid 501): handshakeWithRequest:
Aug 28 14:14:18.941827 runningboardd(RunningBoard)[33] <Notice>: Setting client for [application<dev.selfhost.firstActivationProbe>:57912] as ready
Aug 28 14:14:18.943183 kernel(Sandbox)[0] <Notice>: /private/var/containers/Bundle/Application/1EC21BA9-82AA-4B85-B2FC-10B206BC5C35/Runner.app/Runner[57912] ==> container
Aug 28 14:14:18.943876 Runner(UIKitCore)[57912] <Notice>: Deactivation reason added: 11; deactivation reasons: 1024 -> 3072; animating application lifecycle event: 0
Aug 28 14:14:18.943906 Runner(RunningBoardServices)[57912] <Notice>: Creating connection to com.apple.runningboard
Aug 28 14:14:18.943926 Runner(CoreFoundation)[57912] <Debug>: Resource lookup at <private>
Aug 28 14:14:18.943945 Runner(RunningBoardServices)[57912] <Notice>: Handshake succeeded
Aug 28 14:14:18.943963 Runner(RunningBoardServices)[57912] <Notice>: Identity resolved as application<dev.selfhost.firstActivationProbe>
Aug 28 14:14:18.943983 Runner(FrontBoardServices)[57912] <Info>: [FBSScene] [sceneID:dev.selfhost.firstActivationProbe-default] Created client agent: <UIApplicationSceneClientAgent: 0x2807ac3b0>
Aug 28 14:14:18.944271 runningboardd(RunningBoard)[33] <Debug>: Adding assertion 33-47602-7816 (target:[application<dev.selfhost.firstActivationProbe>:57912])
Aug 28 14:14:18.944453 runningboardd(RunningBoard)[33] <Info>: application<dev.selfhost.firstActivationProbe> is now targeted by 3 assertions
Aug 28 14:14:18.944519 runningboardd(RunningBoard)[33] <Info>: [application<dev.selfhost.firstActivationProbe>:57912] Applying updated state
Aug 28 14:14:18.944561 runningboardd(RunningBoard)[33] <Notice>: [application<dev.selfhost.firstActivationProbe>:57912] Set jetsam priority to 10 [0] flag[1]
Aug 28 14:14:18.944720 runningboardd(RunningBoard)[33] <Notice>: [application<dev.selfhost.firstActivationProbe>:57912] Resuming task.
Aug 28 14:14:18.944782 runningboardd(RunningBoard)[33] <Info>: Finished acquiring assertion 33-47602-7814 (target:application<dev.selfhost.firstActivationProbe>)
        <SBDeviceApplicationSceneEntity: 0x283e82120; ID: sceneID:dev.selfhost.firstActivationProbe-default; layoutRole: primary>
        <SBDeviceApplicationSceneEntity: 0x283e82120; ID: sceneID:dev.selfhost.firstActivationProbe-default; layoutRole: primary>
Aug 28 14:14:18.945924 runningboardd(RunningBoard)[33] <Debug>: Sending state 0x1010f2a00 for application<dev.selfhost.firstActivationProbe> to [daemon<com.apple.SpringBoard>:47602]
Aug 28 14:14:18.946025 runningboardd(RunningBoard)[33] <Debug>: Sending state 0x1010f2a00 for application<dev.selfhost.firstActivationProbe> to [daemon<com.apple.mediaserverd>:36]
Aug 28 14:14:18.946357 SpringBoard(RunningBoardServices)[47602] <Info>: Update delivered for [application<dev.selfhost.firstActivationProbe>:57912] with taskState 4
Aug 28 14:14:18.946577 SpringBoard(RunningBoardServices)[47602] <Info>: Update delivered for [application<dev.selfhost.firstActivationProbe>:57912] with taskState 4
Aug 28 14:14:18.946755 SpringBoard(SplashBoard)[47602] <Info>: <XBApplicationSnapshot: 0x109d3cb20; …A909693DA7E7> [dev.selfhost.firstActivationProbe] not purging the cached image; force: 0; _imageAccessCount: 0; _keepImageAccessUntilExpiration: 0; _hasProtectedContent: 0; _keepImageAccessForPreheat: 1
Aug 28 14:14:18.946783 SpringBoard(SplashBoard)[47602] <Info>: <XBApplicationSnapshot: 0x109ddf7d0; …2F3B89D0D3F1> [dev.selfhost.firstActivationProbe] not purging the cached image; force: 0; _imageAccessCount: 1; _keepImageAccessUntilExpiration: 0; _hasProtectedContent: 0; _keepImageAccessForPreheat: 0
Aug 28 14:14:18.947121 Runner(RunningBoardServices)[57912] <Debug>: Received message from server: async_didChangeInheritances:completion:
Aug 28 14:14:18.947135 Runner(RunningBoardServices)[57912] <Info>: didChangeInheritances
Aug 28 14:14:18.947154 Runner(RunningBoardServices)[57912] <Info>: didChangeInheritances: <RBSInheritanceChangeSet| gained:{(
Aug 28 14:14:18.947173 Runner(CoreFoundation)[57912] <Debug>: found no value for key UIStateRestorationDeveloperMode in CFPrefsSearchListSource<0x282ba1380> (Domain: dev.selfhost.firstActivationProbe, Container: (null))
Aug 28 14:14:18.947231 Runner(UIKitCore)[57912] <Notice>: Deactivation reason removed: 10; deactivation reasons: 3072 -> 2048; animating application lifecycle event: 0
Aug 28 14:14:18.947252 Runner(CoreFoundation)[57912] <Debug>: Resource lookup at <private>
	Result        : file:///private/var/containers/Bundle/Application/1EC21BA9-82AA-4B85-B2FC-10B206BC5C35/Runner.app/Base.lproj/Main.storyboardc/
Aug 28 14:14:18.947326 SpringBoard(FrontBoard)[47602] <Info>: Client intercepting scene update for scene: sceneID:dev.selfhost.firstActivationProbe-default
Aug 28 14:14:18.947344 SpringBoard(FrontBoard)[47602] <Debug>: START SCENE MUTATION ------- sceneID:dev.selfhost.firstActivationProbe-default
Aug 28 14:14:18.947362 SpringBoard(FrontBoard)[47602] <Debug>: [FBSceneManager] PENDING:   <BSEventQueueEvent: 0x281d3e720; sceneUpdatePrepared-sceneID:dev.selfhost.firstActivationProbe-default(2)> @ back
Aug 28 14:14:18.947381 SpringBoard(FrontBoard)[47602] <Debug>: [FBSceneManager] PENDING:   <BSEventQueueEvent: 0x281d3d2e0; applySettings-sceneID:dev.selfhost.firstActivationProbe-default(2)> @ back
Aug 28 14:14:18.947399 SpringBoard(FrontBoard)[47602] <Debug>: Flushing all events for sceneID:dev.selfhost.firstActivationProbe-default
Aug 28 14:14:18.947417 SpringBoard(FrontBoard)[47602] <Debug>: [FBSceneManager] EXECUTING: <BSEventQueueEvent: 0x281d3e720; sceneUpdatePrepared-sceneID:dev.selfhost.firstActivationProbe-default(2)>
Aug 28 14:14:18.947435 SpringBoard(FrontBoard)[47602] <Debug>: [FBSceneManager] PENDING:   <BSEventQueueEvent: 0x281d38f40; sceneUpdatePrepared-sceneID:dev.selfhost.firstActivationProbe-default(2)> @ front
Aug 28 14:14:18.947453 SpringBoard(FrontBoard)[47602] <Debug>: [FBSceneManager] EXECUTING: <BSEventQueueEvent: 0x281d38f40; sceneUpdatePrepared-sceneID:dev.selfhost.firstActivationProbe-default(2)>
Aug 28 14:14:18.947608 SpringBoard(FrontBoard)[47602] <Debug>: [FBSceneManager] EXECUTING: <BSEventQueueEvent: 0x281d3d2e0; applySettings-sceneID:dev.selfhost.firstActivationProbe-default(2)>
Aug 28 14:14:18.947638 SpringBoard(FrontBoard)[47602] <Debug>: [FBSceneManager] PENDING:   <BSEventQueueEvent: 0x281d38200; sceneUpdateApplied-sceneID:dev.selfhost.firstActivationProbe-default(2)> @ back
Aug 28 14:14:18.947657 SpringBoard(FrontBoard)[47602] <Debug>: [FBSceneManager] PENDING:   <BSEventQueueEvent: 0x281c210e0; sceneMutationCompletion-sceneID:dev.selfhost.firstActivationProbe-default(2)> @ back
Aug 28 14:14:18.947674 SpringBoard(FrontBoard)[47602] <Debug>: [FBSceneManager] EXECUTING: <BSEventQueueEvent: 0x281d38200; sceneUpdateApplied-sceneID:dev.selfhost.firstActivationProbe-default(2)>
Aug 28 14:14:18.947692 SpringBoard(FrontBoard)[47602] <Debug>: [FBSceneManager] PENDING:   <BSEventQueueEvent: 0x281c22940; sceneUpdateApplied-sceneID:dev.selfhost.firstActivationProbe-default(2)> @ front
Aug 28 14:14:18.947720 SpringBoard(FrontBoard)[47602] <Debug>: [FBSceneManager] EXECUTING: <BSEventQueueEvent: 0x281c22940; sceneUpdateApplied-sceneID:dev.selfhost.firstActivationProbe-default(2)>
Aug 28 14:14:18.947773 SpringBoard(FrontBoard)[47602] <Info>: [sceneID:dev.selfhost.firstActivationProbe-default] Sending scene action [Forward Event][0xda6f] to process 0x1050111b0 (watchdog: none)
Aug 28 14:14:18.947792 Runner(CoreFoundation)[57912] <Debug>: Resource lookup at <private>
	Result        : file:///private/var/containers/Bundle/Application/1EC21BA9-82AA-4B85-B2FC-10B206BC5C35/Runner.app/Base.lproj/Main.storyboardc/
Aug 28 14:14:18.947816 Runner(CoreFoundation)[57912] <Debug>: Resource lookup at <private>
	Result        : file:///private/var/containers/Bundle/Application/1EC21BA9-82AA-4B85-B2FC-10B206BC5C35/Runner.app/Base.lproj/Main.storyboardc/
Aug 28 14:14:18.947848 Runner(CoreFoundation)[57912] <Debug>: Resource lookup at <private>
	Result        : file:///private/var/containers/Bundle/Application/1EC21BA9-82AA-4B85-B2FC-10B206BC5C35/Runner.app/Base.lproj/Main.storyboardc/
Aug 28 14:14:18.947873 Runner(CoreFoundation)[57912] <Debug>: Resource lookup at <private>
	Result        : file:///private/var/containers/Bundle/Application/1EC21BA9-82AA-4B85-B2FC-10B206BC5C35/Runner.app/Base.lproj/Main.storyboardc/
Aug 28 14:14:18.947892 Runner(CoreFoundation)[57912] <Debug>: Resource lookup at <private>
	Result        : file:///private/var/containers/Bundle/Application/1EC21BA9-82AA-4B85-B2FC-10B206BC5C35/Runner.app/Base.lproj/Main.storyboardc/
Aug 28 14:14:18.947910 Runner(CoreFoundation)[57912] <Debug>: Resource lookup at <private>
	Result        : file:///private/var/containers/Bundle/Application/1EC21BA9-82AA-4B85-B2FC-10B206BC5C35/Runner.app/Base.lproj/Main.storyboardc/
Aug 28 14:14:18.947934 SpringBoard(FrontBoard)[47602] <Debug>: [FBSceneManager] EXECUTING: <BSEventQueueEvent: 0x281c210e0; sceneMutationCompletion-sceneID:dev.selfhost.firstActivationProbe-default(2)>
Aug 28 14:14:18.947953 SpringBoard(FrontBoard)[47602] <Debug>: ---------- END SCENE MUTATION: sceneID:dev.selfhost.firstActivationProbe-default
Aug 28 14:14:18.948175 runningboardd(RunningBoard)[33] <Info>: Received message from [application<dev.selfhost.firstActivationProbe>:57912] (euid 501, auid 501): acquireAssertionWithDescriptor:error:
            SceneID: sceneID:dev.selfhost.firstActivationProbe-default
Aug 28 14:14:18.948249 SpringBoard[47602] <Notice>: Application process state changed for dev.selfhost.firstActivationProbe: <SBApplicationProcessState: 0x281c20600; pid: 57912; taskState: Running; visibility: Foreground>
Aug 28 14:14:18.948318 runningboardd(RunningBoard)[33] <Notice>: Acquiring assertion targeting [application<dev.selfhost.firstActivationProbe>:57912] from originator [application<dev.selfhost.firstActivationProbe>:57912] with description <RBSAssertionDescriptor| "Shared Background Assertion 0 for dev.selfhost.firstActivationProbe" ID:33-57912-7817 target:57912 attributes:[
Aug 28 14:14:18.948337 runningboardd(RunningBoard)[33] <Notice>: Assertion 33-57912-7817 (target:[application<dev.selfhost.firstActivationProbe>:57912]) will be created as inactive as start-time-defining assertions exist
Aug 28 14:14:18.948470 Runner(CoreFoundation)[57912] <Debug>: found no value for key _UICanvasShouldDeliverCanvasActionsToCanvasDelegateOnlyKey in CFPrefsSearchListSource<0x282ba1380> (Domain: dev.selfhost.firstActivationProbe, Container: (null))
Aug 28 14:14:18.948489 Runner(CoreFoundation)[57912] <Debug>: found no value for key LogBackgroundTask in CFPrefsSearchListSource<0x282ba4800> (Domain: com.apple.UIKit, Container: (null))
Aug 28 14:14:18.948508 Runner(UIKitCore)[57912] <Notice>: <private>: Will add backgroundTask with taskName: <private>, expirationHandler: <__NSGlobalBlock__: 0x1ec737410>
Aug 28 14:14:18.948556 Runner(UIKitCore)[57912] <Notice>: <private>: Created background task <private>. Assertion will be assigned soon
Aug 28 14:14:18.948584 Runner(UIKitCore)[57912] <Notice>: <private>: Creating new assertion since assertion is nil
Aug 28 14:14:18.948632 Runner(RunningBoardServices)[57912] <Info>: Acquiring assertion: <RBSAssertionDescriptor| "Shared Background Assertion 0 for dev.selfhost.firstActivationProbe" ID:(null) target:57912>
Aug 28 14:14:18.948758 SpringBoard[47602] <Info>: -[SBApplication _processWillLaunch:] dev.selfhost.firstActivationProbe
Aug 28 14:14:18.948807 SpringBoard[47602] <Notice>: Application process state changed for dev.selfhost.firstActivationProbe: <SBApplicationProcessState: 0x281c23be0; pid: 57912; taskState: Running; visibility: Foreground>
Aug 28 14:14:18.948862 SpringBoard[47602] <Info>: -[SBApplication _processDidLaunch:] dev.selfhost.firstActivationProbe
Aug 28 14:14:18.948915 SpringBoard[47602] <Notice>: Application process state changed for dev.selfhost.firstActivationProbe: <SBApplicationProcessState: 0x281c204c0; pid: 57912; taskState: Running; visibility: Foreground>
Aug 28 14:14:18.950009 SpringBoard(FrontBoard)[47602] <Info>: [sceneID:dev.selfhost.firstActivationProbe-default] Client settings updated with diff: <private>
Aug 28 14:14:18.950067 Runner(RunningBoardServices)[57912] <Debug>: Adding assertion 33-57912-7817 to dictionary
Aug 28 14:14:18.950127 Runner(UIKitCore)[57912] <Notice>: <private>: Created new assertion <BKSProcessAssertion: 0x2826a74d0>
Aug 28 14:14:18.950188 Runner(UIKitCore)[57912] <Notice>: Deactivation reason added: 5; deactivation reasons: 2048 -> 2080; animating application lifecycle event: 1
Aug 28 14:14:18.950251 Runner(CoreFoundation)[57912] <Debug>: found no value for key LogEventDeferring in CFPrefsSearchListSource<0x282ba4800> (Domain: com.apple.UIKit, Container: (null))
Aug 28 14:14:18.950314 Runner(UIKitCore)[57912] <Notice>: [0x282ea5ea0] Initialized with scene: <UIWindowScene: 0x10600e4f0>; behavior: <_UIEventDeferringBehavior_Default: 0x2805a88a0>
Aug 28 14:14:18.950368 Runner(CoreFoundation)[57912] <Debug>: found no value for key LogKeyWindow in CFPrefsSearchListSource<0x282ba4800> (Domain: com.apple.UIKit, Container: (null))
Aug 28 14:14:18.950433 SpringBoard(FrontBoard)[47602] <Info>: [sceneID:dev.selfhost.firstActivationProbe-default] Client settings updated with diff: <private>
Aug 28 14:14:18.952102 Runner(CoreFoundation)[57912] <Debug>: found no value for key FullKeyboardAccessEnabled in CFPrefsSearchListSource<0x282ba3680> (Domain: com.apple.Accessibility, Container: (null))
Aug 28 14:14:18.952131 Runner(libAccessibility.dylib)[57912] <Debug>: CF Read: domain = com.apple.Accessibility, preference = FullKeyboardAccessEnabled, appID = (null) result = (null) (-1 - empty, 0 - false, 1 - true)
Aug 28 14:14:18.952164 Runner(CoreFoundation)[57912] <Debug>: found no value for key FullKeyboardAccessEnabled in CFPrefsPlistSource<0x282ba3700> (Domain: com.apple.Accessibility, User: kCFPreferencesCurrentUser, ByHost: No, Container: (null), Contents Need Refresh: No)
Aug 28 14:14:18.952193 Runner(CoreFoundation)[57912] <Debug>: Resource lookup at <private>
Aug 28 14:14:18.952211 Runner(CoreFoundation)[57912] <Debug>: Resource lookup at <private>
	Result        : file:///private/var/containers/Bundle/Application/1EC21BA9-82AA-4B85-B2FC-10B206BC5C35/Runner.app/Base.lproj/Main.storyboardc/
Aug 28 14:14:18.952230 Runner(CoreFoundation)[57912] <Debug>: Resource lookup at <private>
	Result        : file:///private/var/containers/Bundle/Application/1EC21BA9-82AA-4B85-B2FC-10B206BC5C35/Runner.app/Base.lproj/Main.storyboardc/UIViewController-BYZ-38-t0r.nib
Aug 28 14:14:18.952272 SpringBoard(FrontBoard)[47602] <Info>: [sceneID:dev.selfhost.firstActivationProbe-default] didUpdateClientSettingsWithDiff: <private>
Aug 28 14:14:18.952291 SpringBoard(FrontBoard)[47602] <Debug>: [FBSceneManager] PENDING:   <BSEventQueueEvent: 0x281d0a800; handleDidUpdateClientSettings-sceneID:dev.selfhost.firstActivationProbe-default(2)> @ back
Aug 28 14:14:18.952442 SpringBoard(FrontBoard)[47602] <Debug>: [FBSceneManager] EXECUTING: <BSEventQueueEvent: 0x281d0a800; handleDidUpdateClientSettings-sceneID:dev.selfhost.firstActivationProbe-default(2)>
Aug 28 14:14:18.952739 SpringBoard(FrontBoard)[47602] <Debug>: [FBSceneManager] PENDING:   <BSEventQueueEvent: 0x281c23740; didUpdateClientSettings-sceneID:dev.selfhost.firstActivationProbe-default(2)> @ back
Aug 28 14:14:18.952783 SpringBoard(FrontBoard)[47602] <Debug>: [FBSceneManager] PENDING:   <BSEventQueueEvent: 0x281c222a0; didUpdateClientSettingsCompletion-sceneID:dev.selfhost.firstActivationProbe-default(2)> @ back
Aug 28 14:14:18.952924 SpringBoard(FrontBoard)[47602] <Debug>: [FBSceneManager] EXECUTING: <BSEventQueueEvent: 0x281c23740; didUpdateClientSettings-sceneID:dev.selfhost.firstActivationProbe-default(2)>
Aug 28 14:14:18.952984 SpringBoard(FrontBoard)[47602] <Debug>: [FBSceneManager] PENDING:   <BSEventQueueEvent: 0x281c232a0; didUpdateClientSettings-sceneID:dev.selfhost.firstActivationProbe-default(2)> @ front
Aug 28 14:14:18.953028 SpringBoard(FrontBoard)[47602] <Debug>: [FBSceneManager] EXECUTING: <BSEventQueueEvent: 0x281c232a0; didUpdateClientSettings-sceneID:dev.selfhost.firstActivationProbe-default(2)>
Aug 28 14:14:18.953636 SpringBoard(FrontBoard)[47602] <Debug>: [FBSceneManager] EXECUTING: <BSEventQueueEvent: 0x281c222a0; didUpdateClientSettingsCompletion-sceneID:dev.selfhost.firstActivationProbe-default(2)>
Aug 28 14:14:18.953806 SpringBoard(FrontBoard)[47602] <Info>: [sceneID:dev.selfhost.firstActivationProbe-default] didUpdateClientSettingsWithDiff: <private>
Aug 28 14:14:18.953834 SpringBoard(FrontBoard)[47602] <Debug>: [FBSceneManager] PENDING:   <BSEventQueueEvent: 0x281d05360; handleDidUpdateClientSettings-sceneID:dev.selfhost.firstActivationProbe-default(2)> @ back
Aug 28 14:14:18.953852 SpringBoard(FrontBoard)[47602] <Debug>: [FBSceneManager] EXECUTING: <BSEventQueueEvent: 0x281d05360; handleDidUpdateClientSettings-sceneID:dev.selfhost.firstActivationProbe-default(2)>
Aug 28 14:14:18.953965 SpringBoard(FrontBoard)[47602] <Debug>: [FBSceneManager] PENDING:   <BSEventQueueEvent: 0x281c22760; didUpdateClientSettings-sceneID:dev.selfhost.firstActivationProbe-default(2)> @ back
Aug 28 14:14:18.953983 SpringBoard(FrontBoard)[47602] <Debug>: [FBSceneManager] PENDING:   <BSEventQueueEvent: 0x281d04b40; didUpdateClientSettingsCompletion-sceneID:dev.selfhost.firstActivationProbe-default(2)> @ back
Aug 28 14:14:18.954064 SpringBoard(FrontBoard)[47602] <Debug>: [FBSceneManager] EXECUTING: <BSEventQueueEvent: 0x281c22760; didUpdateClientSettings-sceneID:dev.selfhost.firstActivationProbe-default(2)>
Aug 28 14:14:18.954082 SpringBoard(FrontBoard)[47602] <Debug>: [FBSceneManager] PENDING:   <BSEventQueueEvent: 0x281d049c0; didUpdateClientSettings-sceneID:dev.selfhost.firstActivationProbe-default(2)> @ front
Aug 28 14:14:18.954100 SpringBoard(FrontBoard)[47602] <Debug>: [FBSceneManager] EXECUTING: <BSEventQueueEvent: 0x281d049c0; didUpdateClientSettings-sceneID:dev.selfhost.firstActivationProbe-default(2)>
Aug 28 14:14:18.954220 SpringBoard(FrontBoard)[47602] <Debug>: [FBSceneManager] EXECUTING: <BSEventQueueEvent: 0x281d04b40; didUpdateClientSettingsCompletion-sceneID:dev.selfhost.firstActivationProbe-default(2)>
Aug 28 14:14:18.954507 runningboardd(RunningBoard)[33] <Info>: Finished acquiring assertion 33-47602-7816 (target:[application<dev.selfhost.firstActivationProbe>:57912])
Aug 28 14:14:18.954525 runningboardd(RunningBoard)[33] <Debug>: Adding assertion 33-57912-7817 (target:[application<dev.selfhost.firstActivationProbe>:57912])
Aug 28 14:14:18.954691 mediaserverd(RunningBoardServices)[36] <Notice>: Hit the server for a process handle 1e7682530000e238 that resolved to: [application<dev.selfhost.firstActivationProbe>:57912]
Aug 28 14:14:18.954728 Runner(CoreFoundation)[57912] <Debug>: found no value for key UITraitCollectionInvalidationDebuggingModeEnabled in CFPrefsSearchListSource<0x282ba1380> (Domain: dev.selfhost.firstActivationProbe, Container: (null))
Aug 28 14:14:18.954760 Runner(CoreFoundation)[57912] <Debug>: Resource lookup at <private>
Aug 28 14:14:18.954784 Runner(CoreFoundation)[57912] <Debug>: Language lookup at <private>
Aug 28 14:14:18.954803 Runner(CoreFoundation)[57912] <Debug>: Resource lookup at <private>
	Result        : file:///var/containers/Bundle/Application/1EC21BA9-82AA-4B85-B2FC-10B206BC5C35/Runner.app/Frameworks/Flutter.framework/icudtl.dat
Aug 28 14:14:18.954820 Runner(Flutter)[57912] <Notice>: SANITY CHECK: Running precompiled code.
Aug 28 14:14:18.954839 Runner(CoreFoundation)[57912] <Debug>: Resource lookup at <private>
Aug 28 14:14:18.954900 Runner(CoreFoundation)[57912] <Debug>: Resource lookup at <private>
	Result        : file:///private/var/containers/Bundle/Application/1EC21BA9-82AA-4B85-B2FC-10B206BC5C35/Runner.app/Frameworks/App.framework/
Aug 28 14:14:18.954934 Runner(Flutter)[57912] <Notice>: Using App.framework from /private/var/containers/Bundle/Application/1EC21BA9-82AA-4B85-B2FC-10B206BC5C35/Runner.app/Frameworks/App.framework
Aug 28 14:14:18.954955 Runner(CoreFoundation)[57912] <Debug>: Language lookup at <private>
Aug 28 14:14:18.954974 Runner(CoreFoundation)[57912] <Debug>: Resource lookup at <private>
Aug 28 14:14:18.954992 Runner(CoreFoundation)[57912] <Debug>: Resource lookup at <private>
Aug 28 14:14:18.955011 Runner(CoreFoundation)[57912] <Debug>: Resource lookup at <private>
	Result        : file:///var/containers/Bundle/Application/1EC21BA9-82AA-4B85-B2FC-10B206BC5C35/Runner.app/Frameworks/App.framework/flutter_assets/
Aug 28 14:14:18.955065 runningboardd(RunningBoard)[33] <Notice>: [application<dev.selfhost.firstActivationProbe>:57912] Set darwin role to: UserInteractiveFocal
Aug 28 14:14:18.955083 runningboardd(RunningBoard)[33] <Info>: Finished acquiring assertion 33-33-7815 (target:[application<dev.selfhost.firstActivationProbe>:57912])
Aug 28 14:14:18.955200 powerd[43] <Notice>: Process runningboardd.33 Created SystemIsActive "application<dev.selfhost.firstActivationProbe>;(null):(null);33-47602-7814:FBApplicationProcess" age:00:00:00  id:51539650447 [System: SysAct]
Aug 28 14:14:18.955235 Runner(Flutter)[57912] <Notice>: ASSET PATH /var/containers/Bundle/Application/1EC21BA9-82AA-4B85-B2FC-10B206BC5C35/Runner.app/Frameworks/App.framework/flutter_assets
Aug 28 14:14:18.955337 Runner(CoreFoundation)[57912] <Debug>: Resource lookup at <private>
Aug 28 14:14:18.955356 Runner(CoreFoundation)[57912] <Debug>: Resource lookup at <private>
Aug 28 14:14:18.955393 Runner(Flutter)[57912] <Notice>: [INFO:flutter/shell/common/shorebird/shorebird.cc(112)] [shorebird] SetBaseSnapshot mappings: vm_data_size=5178 iso_data_size=556021 vm_insns_size=43584 iso_insns_size=1818768 total=2423551
Aug 28 14:14:18.955523 mediaserverd(RunningBoardServices)[36] <Info>: Update delivered for [application<dev.selfhost.firstActivationProbe>:57912] with taskState 4
Aug 28 14:14:18.955566 mediaserverd(MediaExperience)[36] <Notice>: -CMSessionMgr- CMSessionMgrHandleApplicationStateChange: Client dev.selfhost.firstActivationProbe with pid '57912' is now Foreground Running. Background entitlement: NO ActiveLongFormVideoSession: NO WhitelistedLongFormVideoApp NO
Aug 28 14:14:18.955605 mediaserverd(MediaExperience)[36] <Notice>: -CMSessionMgr- CMSessionMgrHandleApplicationStateChange: Sending EndInterruption to dev.selfhost.firstActivationProbe with pid '57912' because client moved to ForegroundRunning and is not allowed to play in the background
Aug 28 14:14:18.955653 mediaserverd(RunningBoardServices)[36] <Info>: Update delivered for [application<dev.selfhost.firstActivationProbe>:57912] with taskState 4
Aug 28 14:14:18.955680 Runner(Flutter)[57912] <Notice>: [shorebird] Preparing next boot.
Aug 28 14:14:18.956150 Runner(Flutter)[57912] <Notice>: [shorebird] No public key configured; skipping signature verification
Aug 28 14:14:18.956307 runningboardd(RunningBoard)[33] <Debug>: Sending state 0x1010f2a00 for application<dev.selfhost.firstActivationProbe> to [daemon<com.apple.symptomsd>:170]
Aug 28 14:14:18.956356 runningboardd(RunningBoard)[33] <Info>: application<dev.selfhost.firstActivationProbe> is now targeted by 4 assertions
Aug 28 14:14:18.956406 runningboardd(RunningBoard)[33] <Notice>: Successfully acquired underlying assertion for [application<dev.selfhost.firstActivationProbe>:57912]
Aug 28 14:14:18.956445 runningboardd(RunningBoard)[33] <Debug>: Updating events for assertion: 33-47602-7814 (target:application<dev.selfhost.firstActivationProbe>)
Aug 28 14:14:18.956465 runningboardd(RunningBoard)[33] <Debug>: Removing events for context: 33-47602-7814 (target:application<dev.selfhost.firstActivationProbe>)
Aug 28 14:14:18.956483 runningboardd(RunningBoard)[33] <Debug>: Enqueueing events for assertion: 33-47602-7814 (target:application<dev.selfhost.firstActivationProbe>)
Aug 28 14:14:18.956501 runningboardd(RunningBoard)[33] <Debug>: Decrementing suppression state to 1 for application<dev.selfhost.firstActivationProbe>
Aug 28 14:14:18.956737 runningboardd(RunningBoard)[33] <Info>: Finished acquiring assertion 33-57912-7817 (target:[application<dev.selfhost.firstActivationProbe>:57912])
Aug 28 14:14:18.956889 runningboardd(RunningBoard)[33] <Info>: [application<dev.selfhost.firstActivationProbe>:57912] Disabled CPU monitoring
Aug 28 14:14:18.956942 runningboardd(RunningBoard)[33] <Info>: [application<dev.selfhost.firstActivationProbe>:57912] Reset CPU monitoring limits to defaults
Aug 28 14:14:18.957000 cfprefsd(CoreFoundation)[91] <Debug>: Process 57912 (Runner) sent a request related to { com.apple.Metal, user: mobile, kCFPreferencesCurrentHost, /Library/Managed Preferences/mobile/com.apple.Metal.plist, managed: 1 } (0x1003580b0)
Aug 28 14:14:18.957111 runningboardd(RunningBoard)[33] <Debug>: Updating events for assertion: 33-33-7815 (target:[application<dev.selfhost.firstActivationProbe>:57912])
Aug 28 14:14:18.957156 runningboardd(RunningBoard)[33] <Debug>: Removing events for context: 33-33-7815 (target:[application<dev.selfhost.firstActivationProbe>:57912])
Aug 28 14:14:18.957197 runningboardd(RunningBoard)[33] <Debug>: Enqueueing events for assertion: 33-33-7815 (target:[application<dev.selfhost.firstActivationProbe>:57912])
Aug 28 14:14:18.957247 runningboardd(RunningBoard)[33] <Debug>: Updating events for assertion: 33-47602-7816 (target:[application<dev.selfhost.firstActivationProbe>:57912])
Aug 28 14:14:18.957321 Runner(Flutter)[57912] <Notice>: [shorebird] Prepared boot of patch 7.
Aug 28 14:14:18.957368 runningboardd(RunningBoard)[33] <Debug>: Removing events for context: 33-47602-7816 (target:[application<dev.selfhost.firstActivationProbe>:57912])
Aug 28 14:14:18.957406 Runner(Flutter)[57912] <Notice>: [INFO:flutter/shell/common/shorebird/shorebird.cc(663)] Shorebird updater: active path: /private/var/mobile/Containers/Data/Application/18E6667F-E66B-4E74-92D9-B14869861554/Library/Application Support/shorebird/shorebird_updater/patches/7/dlc.vmcode
Aug 28 14:14:18.957446 Runner(Flutter)[57912] <Notice>: [INFO:flutter/shell/common/shorebird/shorebird.cc(686)] Shorebird updater: active patch is a Route B container
Aug 28 14:14:18.957473 Runner(Flutter)[57912] <Notice>: [INFO:flutter/shell/common/shorebird/shorebird.cc(762)] Starting Shorebird update
Aug 28 14:14:18.957537 Runner(CoreFoundation)[57912] <Debug>: Resource lookup at <private>
Aug 28 14:14:18.957570 Runner(CoreFoundation)[57912] <Debug>: setting new value <private> for key <private> in CFPrefsSource<0x2810a4ec0> (Domain: Volatile, User: , ByHost: No, Container: , Contents Need Refresh: No)
Aug 28 14:14:18.957599 Runner(CoreFoundation)[57912] <Debug>: looked up value <private> for key METAL_DEVICE_WRAPPER_TYPE in CFPrefsSource<0x2810a4ec0> (Domain: Volatile, User: , ByHost: No, Container: , Contents Need Refresh: No) via CFPrefsSearchListSource<0x282ba1380> (Domain: dev.selfhost.firstActivationProbe, Container: (null))
Aug 28 14:14:18.957618 runningboardd(RunningBoard)[33] <Info>: [application<dev.selfhost.firstActivationProbe>:57912] Resumed CPU monitoring
Aug 28 14:14:18.957665 runningboardd(RunningBoard)[33] <Info>: [application<dev.selfhost.firstActivationProbe>:57912] Applying updated state
Aug 28 14:14:18.957715 runningboardd(RunningBoard)[33] <Notice>: [application<dev.selfhost.firstActivationProbe>:57912] reported to RB as running
Aug 28 14:14:18.957751 runningboardd(RunningBoard)[33] <Debug>: Updating events for assertion: 33-57912-7817 (target:[application<dev.selfhost.firstActivationProbe>:57912])
Aug 28 14:14:18.957775 kernel(Sandbox)[0] <Error>: Sandbox: Runner(57912) deny(2) file-test-existence /private/etc/.mdns_debug
Aug 28 14:14:18.958512 Runner(CoreFoundation)[57912] <Debug>: CFPrefsManagedSource<0x282ba2680> (Domain: com.apple.Metal, User: kCFPreferencesCurrentUser, ByHost: Yes, Container: (null), Contents Need Refresh: No) loaded: an empty base plist and no additional changes from the base plist
Aug 28 14:14:18.958552 Runner(CoreFoundation)[57912] <Debug>: CFPrefsManagedSource<0x282ba2600> (Domain: com.apple.Metal, User: kCFPreferencesAnyUser, ByHost: Yes, Container: (null), Contents Need Refresh: No) loaded: an empty base plist and no additional changes from the base plist
Aug 28 14:14:18.958585 Runner(CoreFoundation)[57912] <Debug>: CFPrefsPlistSource<0x282ba3f00> (Domain: com.apple.Metal, User: kCFPreferencesCurrentUser, ByHost: No, Container: (null), Contents Need Refresh: No) loaded: an empty base plist and no additional changes from the base plist
Aug 28 14:14:18.958609 Runner(CoreFoundation)[57912] <Debug>: CFPrefsPlistSource<0x282ba3f80> (Domain: com.apple.Metal, User: kCFPreferencesAnyUser, ByHost: Yes, Container: (null), Contents Need Refresh: No) loaded: an empty base plist and no additional changes from the base plist
Aug 28 14:14:18.958632 Runner(CoreFoundation)[57912] <Debug>: found no value for key UseMetalTelemetry in CFPrefsSearchListSource<0x282ba3280> (Domain: com.apple.Metal, Container: (null))
Aug 28 14:14:18.958651 Runner(CoreFoundation)[57912] <Debug>: Resource lookup at <private>
Aug 28 14:14:18.958670 Runner(CoreFoundation)[57912] <Debug>: found no value for key MetalForceCaptureEnabled in CFPrefsSearchListSource<0x282ba1380> (Domain: dev.selfhost.firstActivationProbe, Container: (null))
Aug 28 14:14:18.958689 Runner(CoreFoundation)[57912] <Debug>: found no value for key VertexInstanceBoundsCheckMode in CFPrefsSearchListSource<0x282ba3280> (Domain: com.apple.Metal, Container: (null))
Aug 28 14:14:18.958707 Runner(CoreFoundation)[57912] <Debug>: found no value for key DisableDriverSuballocation in CFPrefsSearchListSource<0x282ba3280> (Domain: com.apple.Metal, Container: (null))
Aug 28 14:14:18.958726 Runner(CoreFoundation)[57912] <Debug>: found no value for key CPUMappingForPrivateTexturesMode in CFPrefsSearchListSource<0x282ba3280> (Domain: com.apple.Metal, Container: (null))
Aug 28 14:14:18.958744 Runner(CoreFoundation)[57912] <Debug>: found no value for key IOSurfaceCompressedWriteValidation in CFPrefsSearchListSource<0x282ba3280> (Domain: com.apple.Metal, Container: (null))
Aug 28 14:14:18.958764 Runner(CoreFoundation)[57912] <Debug>: Language lookup at <private>
Aug 28 14:14:18.958789 Runner(CoreFoundation)[57912] <Debug>: Resource lookup at <private>
Aug 28 14:14:18.958812 Runner(CoreFoundation)[57912] <Debug>: Resource lookup at <private>
Aug 28 14:14:18.958830 Runner(CoreFoundation)[57912] <Debug>: Resource lookup at <private>
Aug 28 14:14:18.959021 Runner(CoreFoundation)[57912] <Debug>: Resource lookup at <private>
Aug 28 14:14:18.959039 Runner(CoreFoundation)[57912] <Debug>: Resource lookup at <private>
Aug 28 14:14:18.959057 Runner(CoreFoundation)[57912] <Debug>: Resource lookup at <private>
Aug 28 14:14:18.959084 Runner(CoreFoundation)[57912] <Debug>: Resource lookup at <private>
Aug 28 14:14:18.959119 Runner(CoreFoundation)[57912] <Debug>: Resource lookup at <private>
Aug 28 14:14:18.959173 Runner(CoreFoundation)[57912] <Debug>: Resource lookup at <private>
Aug 28 14:14:18.959203 Runner(CoreFoundation)[57912] <Debug>: Resource lookup at <private>
Aug 28 14:14:18.959215 kernel(Sandbox)[0] <Error>: Sandbox: Runner(57912) deny(1) sysctl-read kern.iossupportversion
Aug 28 14:14:18.959240 Runner(CoreFoundation)[57912] <Debug>: Resource lookup at <private>
Aug 28 14:14:18.959258 Runner(CoreFoundation)[57912] <Debug>: Resource lookup at <private>
Aug 28 14:14:18.959293 Runner(CoreFoundation)[57912] <Debug>: Resource lookup at <private>
Aug 28 14:14:18.959336 Runner(CoreFoundation)[57912] <Debug>: Resource lookup at <private>
Aug 28 14:14:18.959384 Runner(CoreFoundation)[57912] <Debug>: Resource lookup at <private>
Aug 28 14:14:18.959448 kernel(Sandbox)[0] <Error>: Sandbox: Runner(57912) deny(1) sysctl-read machdep.cpu.brand_string
Aug 28 14:14:18.959523 Runner(CoreFoundation)[57912] <Debug>: Resource lookup at <private>
Aug 28 14:14:18.959560 Runner(CoreFoundation)[57912] <Debug>: found no value for key UIViewLayoutFeedbackLoopDebuggingThreshold in CFPrefsSearchListSource<0x282ba1380> (Domain: dev.selfhost.firstActivationProbe, Container: (null))
Aug 28 14:14:18.959610 Runner(CoreFoundation)[57912] <Debug>: found no value for key UIViewUseStaleDelegateContentInsets in CFPrefsSearchListSource<0x282ba1380> (Domain: dev.selfhost.firstActivationProbe, Container: (null))
Aug 28 14:14:18.959649 Runner(CoreFoundation)[57912] <Debug>: found no value for key _UIConstraintBasedLayoutEngageNonLazily in CFPrefsSearchListSource<0x282ba1380> (Domain: dev.selfhost.firstActivationProbe, Container: (null))
Aug 28 14:14:18.959673 Runner(CoreFoundation)[57912] <Debug>: Resource lookup at <private>
Aug 28 14:14:18.959716 Runner(CoreFoundation)[57912] <Debug>: Resource lookup at <private>
Aug 28 14:14:18.959754 Runner(Flutter)[57912] <Notice>: [shorebird] Sending patch check request: PatchCheckRequest { app_id: "235a9d93-ef97-6372-d78a-ce88f798a726", channel: "stable", release_version: "1.3.0+1", platform: "ios", arch: "aarch64", client_id: "eb65ad4b-0c7a-4c80-8d71-7e98c91af47a", current_patch_number: Some(7) }
Aug 28 14:14:18.959778 Runner(CoreFoundation)[57912] <Debug>: setting new value <private> for key <private> in CFPrefsSource<0x2810a4ec0> (Domain: Volatile, User: , ByHost: No, Container: , Contents Need Refresh: No)
Aug 28 14:14:18.959821 Runner(CoreFoundation)[57912] <Debug>: looked up value <private> for key METAL_ERROR_MODE in CFPrefsSource<0x2810a4ec0> (Domain: Volatile, User: , ByHost: No, Container: , Contents Need Refresh: No) via CFPrefsSearchListSource<0x282ba1380> (Domain: dev.selfhost.firstActivationProbe, Container: (null))
Aug 28 14:14:18.959860 Runner(CoreFoundation)[57912] <Debug>: setting new value <private> for key <private> in CFPrefsSource<0x2810a4ec0> (Domain: Volatile, User: , ByHost: No, Container: , Contents Need Refresh: No)
Aug 28 14:14:18.959889 Runner(CoreFoundation)[57912] <Debug>: looked up value <private> for key METAL_DEBUG_ERROR_MODE in CFPrefsSource<0x2810a4ec0> (Domain: Volatile, User: , ByHost: No, Container: , Contents Need Refresh: No) via CFPrefsSearchListSource<0x282ba1380> (Domain: dev.selfhost.firstActivationProbe, Container: (null))
Aug 28 14:14:18.959908 Runner(CoreFoundation)[57912] <Debug>: setting new value <private> for key <private> in CFPrefsSource<0x2810a4ec0> (Domain: Volatile, User: , ByHost: No, Container: , Contents Need Refresh: No)
Aug 28 14:14:18.959926 Runner(CoreFoundation)[57912] <Debug>: looked up value <private> for key METAL_WARNING_MODE in CFPrefsSource<0x2810a4ec0> (Domain: Volatile, User: , ByHost: No, Container: , Contents Need Refresh: No) via CFPrefsSearchListSource<0x282ba1380> (Domain: dev.selfhost.firstActivationProbe, Container: (null))
Aug 28 14:14:18.959949 Runner(CoreFoundation)[57912] <Debug>: setting new value <private> for key <private> in CFPrefsSource<0x2810a4ec0> (Domain: Volatile, User: , ByHost: No, Container: , Contents Need Refresh: No)
Aug 28 14:14:18.959973 Runner(CoreFoundation)[57912] <Debug>: looked up value <private> for key METAL_ERROR_CHECK_EXTENDED_MODE in CFPrefsSource<0x2810a4ec0> (Domain: Volatile, User: , ByHost: No, Container: , Contents Need Refresh: No) via CFPrefsSearchListSource<0x282ba1380> (Domain: dev.selfhost.firstActivationProbe, Container: (null))
Aug 28 14:14:18.960000 Runner(CoreFoundation)[57912] <Debug>: found no value for key dataBufferCachingOverride in CFPrefsSearchListSource<0x282ba3280> (Domain: com.apple.Metal, Container: (null))
Aug 28 14:14:18.960039 SpringBoard(RunningBoardServices)[47602] <Info>: Update delivered for [application<dev.selfhost.firstActivationProbe>:57912] with taskState 4
Aug 28 14:14:18.960132 Runner(CoreFoundation)[57912] <Debug>: found no value for key disableBlitEncoderCoalescing in CFPrefsPlistSource<0x282ba3f00> (Domain: com.apple.Metal, User: kCFPreferencesCurrentUser, ByHost: No, Container: (null), Contents Need Refresh: No)
Aug 28 14:14:18.960150 Runner(CoreFoundation)[57912] <Debug>: found no value for key disableEncoderCoalescing in CFPrefsPlistSource<0x282ba3f00> (Domain: com.apple.Metal, User: kCFPreferencesCurrentUser, ByHost: No, Container: (null), Contents Need Refresh: No)
Aug 28 14:14:18.960169 Runner(CoreFoundation)[57912] <Debug>: Resource lookup at <private>
Aug 28 14:14:18.960204 Runner(CoreFoundation)[57912] <Debug>: Resource lookup at <private>
Aug 28 14:14:18.960224 Runner(CoreFoundation)[57912] <Debug>: looked up value <private> for key AppleLanguages in CFPrefsPlistSource<0x282ba5380> (Domain: kCFPreferencesAnyApplication, User: kCFPreferencesCurrentUser, ByHost: No, Container: (null), Contents Need Refresh: No) via CFPrefsSearchListSource<0x282ba1380> (Domain: dev.selfhost.firstActivationProbe, Container: (null))
Aug 28 14:14:18.960251 Runner(CoreFoundation)[57912] <Debug>: Resource lookup at <private>
Aug 28 14:14:18.960270 Runner(CoreFoundation)[57912] <Debug>: Resource lookup at <private>
Aug 28 14:14:18.960298 Runner(CoreFoundation)[57912] <Debug>: Resource lookup at <private>
Aug 28 14:14:18.960316 Runner(CoreFoundation)[57912] <Debug>: Resource lookup at <private>
Aug 28 14:14:18.960350 Runner(CoreFoundation)[57912] <Debug>: Resource lookup at <private>
Aug 28 14:14:18.960369 Runner(CoreFoundation)[57912] <Debug>: Resource lookup at <private>
Aug 28 14:14:18.960410 Runner(CoreFoundation)[57912] <Debug>: Resource lookup at <private>
	Result        : file:///private/var/containers/Bundle/Application/1EC21BA9-82AA-4B85-B2FC-10B206BC5C35/Runner.app/Base.lproj/LaunchScreen.storyboardc/
Aug 28 14:14:18.960443 Runner(CoreFoundation)[57912] <Debug>: Resource lookup at <private>
	Result        : file:///private/var/containers/Bundle/Application/1EC21BA9-82AA-4B85-B2FC-10B206BC5C35/Runner.app/Base.lproj/LaunchScreen.storyboardc/
Aug 28 14:14:18.960463 Runner(CoreFoundation)[57912] <Debug>: Resource lookup at <private>
	Result        : file:///private/var/containers/Bundle/Application/1EC21BA9-82AA-4B85-B2FC-10B206BC5C35/Runner.app/Base.lproj/LaunchScreen.storyboardc/UIViewController-01J-lp-oVM.nib
Aug 28 14:14:18.960509 Runner(CoreFoundation)[57912] <Debug>: Resource lookup at <private>
	Result        : file:///private/var/containers/Bundle/Application/1EC21BA9-82AA-4B85-B2FC-10B206BC5C35/Runner.app/Base.lproj/LaunchScreen.storyboardc/01J-lp-oVM-view-Ze5-6b-2t3.nib
Aug 28 14:14:18.960529 Runner(CoreFoundation)[57912] <Debug>: Resource lookup at <private>
	Result        : file:///private/var/containers/Bundle/Application/1EC21BA9-82AA-4B85-B2FC-10B206BC5C35/Runner.app/Base.lproj/LaunchScreen.storyboardc/
Aug 28 14:14:18.960549 Runner(CoreFoundation)[57912] <Debug>: Resource lookup at <private>
	Result        : file:///private/var/containers/Bundle/Application/1EC21BA9-82AA-4B85-B2FC-10B206BC5C35/Runner.app/Base.lproj/LaunchScreen.storyboardc/01J-lp-oVM-view-Ze5-6b-2t3.nib
Aug 28 14:14:18.960575 Runner(CoreFoundation)[57912] <Debug>: found no value for key _UIConstraintBasedLayout in CFPrefsSearchListSource<0x282ba1380> (Domain: dev.selfhost.firstActivationProbe, Container: (null))
Aug 28 14:14:18.960602 Runner(CoreFoundation)[57912] <Debug>: Resource lookup at <private>
	Result        : file:///private/var/containers/Bundle/Application/1EC21BA9-82AA-4B85-B2FC-10B206BC5C35/Runner.app/Assets.car
Aug 28 14:14:18.960634 Runner(CoreFoundation)[57912] <Debug>: found no value for key CUIShowDebugLogs in CFPrefsSearchListSource<0x282ba1380> (Domain: dev.selfhost.firstActivationProbe, Container: (null))
Aug 28 14:14:18.960658 Runner(CoreFoundation)[57912] <Debug>: found no value for key CGAllowDebuggingDefaults in CFPrefsPlistSource<0x282ba5380> (Domain: kCFPreferencesAnyApplication, User: kCFPreferencesCurrentUser, ByHost: No, Container: (null), Contents Need Refresh: No)
Aug 28 14:14:18.960676 Runner(CoreFoundation)[57912] <Debug>: found no value for key NSConstraintBasedLayoutTrackAllocation in CFPrefsSearchListSource<0x282ba1380> (Domain: dev.selfhost.firstActivationProbe, Container: (null))
Aug 28 14:14:18.960694 Runner(CoreFoundation)[57912] <Debug>: found no value for key UIViewShowAlignmentRects in CFPrefsSearchListSource<0x282ba1380> (Domain: dev.selfhost.firstActivationProbe, Container: (null))
Aug 28 14:14:18.960712 Runner(CoreFoundation)[57912] <Debug>: found no value for key NSConstraintBasedLayoutAriadneTracepoints in CFPrefsSearchListSource<0x282ba1380> (Domain: dev.selfhost.firstActivationProbe, Container: (null))
Aug 28 14:14:18.960756 Runner(CoreFoundation)[57912] <Debug>: Resource lookup at <private>
Aug 28 14:14:18.960778 Runner(CoreFoundation)[57912] <Debug>: found no value for key ReduceMotionEnabled in CFPrefsSearchListSource<0x282ba3680> (Domain: com.apple.Accessibility, Container: (null))
Aug 28 14:14:18.960797 Runner(libAccessibility.dylib)[57912] <Debug>: CF Read: domain = com.apple.Accessibility, preference = ReduceMotionEnabled, appID = (null) result = (null) (-1 - empty, 0 - false, 1 - true)
Aug 28 14:14:18.960816 Runner(CoreFoundation)[57912] <Debug>: found no value for key ReduceMotionEnabled in CFPrefsPlistSource<0x282ba3700> (Domain: com.apple.Accessibility, User: kCFPreferencesCurrentUser, ByHost: No, Container: (null), Contents Need Refresh: No)
Aug 28 14:14:18.961013 SpringBoard(FrontBoard)[47602] <Info>: [sceneID:dev.selfhost.firstActivationProbe-default] Client settings updated with diff: <private>
Aug 28 14:14:18.961055 SpringBoard(FrontBoard)[47602] <Info>: [sceneID:dev.selfhost.firstActivationProbe-default] didUpdateClientSettingsWithDiff: <private>
Aug 28 14:14:18.961074 SpringBoard(FrontBoard)[47602] <Debug>: [FBSceneManager] PENDING:   <BSEventQueueEvent: 0x281d150c0; handleDidUpdateClientSettings-sceneID:dev.selfhost.firstActivationProbe-default(2)> @ back
Aug 28 14:14:18.961093 SpringBoard(FrontBoard)[47602] <Debug>: [FBSceneManager] EXECUTING: <BSEventQueueEvent: 0x281d150c0; handleDidUpdateClientSettings-sceneID:dev.selfhost.firstActivationProbe-default(2)>
Aug 28 14:14:18.961190 SpringBoard(FrontBoard)[47602] <Debug>: [FBSceneManager] PENDING:   <BSEventQueueEvent: 0x281d642c0; didUpdateClientSettings-sceneID:dev.selfhost.firstActivationProbe-default(2)> @ back
Aug 28 14:14:18.961208 SpringBoard(FrontBoard)[47602] <Debug>: [FBSceneManager] PENDING:   <BSEventQueueEvent: 0x281d62e60; didUpdateClientSettingsCompletion-sceneID:dev.selfhost.firstActivationProbe-default(2)> @ back
Aug 28 14:14:18.961324 SpringBoard(FrontBoard)[47602] <Debug>: [FBSceneManager] EXECUTING: <BSEventQueueEvent: 0x281d642c0; didUpdateClientSettings-sceneID:dev.selfhost.firstActivationProbe-default(2)>
Aug 28 14:14:18.961352 SpringBoard(FrontBoard)[47602] <Debug>: [FBSceneManager] PENDING:   <BSEventQueueEvent: 0x281d4b060; didUpdateClientSettings-sceneID:dev.selfhost.firstActivationProbe-default(2)> @ front
Aug 28 14:14:18.961371 SpringBoard(FrontBoard)[47602] <Debug>: [FBSceneManager] EXECUTING: <BSEventQueueEvent: 0x281d4b060; didUpdateClientSettings-sceneID:dev.selfhost.firstActivationProbe-default(2)>
Aug 28 14:14:18.961424 SpringBoard(FrontBoard)[47602] <Debug>: [FBSceneManager] EXECUTING: <BSEventQueueEvent: 0x281d62e60; didUpdateClientSettingsCompletion-sceneID:dev.selfhost.firstActivationProbe-default(2)>
Aug 28 14:14:18.961530 SpringBoard(FrontBoard)[47602] <Info>: [sceneID:dev.selfhost.firstActivationProbe-default] Client settings updated with diff: <private>
Aug 28 14:14:18.961566 SpringBoard(FrontBoard)[47602] <Info>: [sceneID:dev.selfhost.firstActivationProbe-default] didUpdateClientSettingsWithDiff: <private>
Aug 28 14:14:18.961589 SpringBoard(FrontBoard)[47602] <Debug>: [FBSceneManager] PENDING:   <BSEventQueueEvent: 0x281c3cbc0; handleDidUpdateClientSettings-sceneID:dev.selfhost.firstActivationProbe-default(2)> @ back
Aug 28 14:14:18.961623 SpringBoard(FrontBoard)[47602] <Debug>: [FBSceneManager] EXECUTING: <BSEventQueueEvent: 0x281c3cbc0; handleDidUpdateClientSettings-sceneID:dev.selfhost.firstActivationProbe-default(2)>
Aug 28 14:14:18.961676 SpringBoard(FrontBoard)[47602] <Debug>: [FBSceneManager] PENDING:   <BSEventQueueEvent: 0x281c3f3c0; didUpdateClientSettings-sceneID:dev.selfhost.firstActivationProbe-default(2)> @ back
Aug 28 14:14:18.961697 SpringBoard(FrontBoard)[47602] <Debug>: [FBSceneManager] PENDING:   <BSEventQueueEvent: 0x281c3f0e0; didUpdateClientSettingsCompletion-sceneID:dev.selfhost.firstActivationProbe-default(2)> @ back
Aug 28 14:14:18.961769 SpringBoard(FrontBoard)[47602] <Debug>: [FBSceneManager] EXECUTING: <BSEventQueueEvent: 0x281c3f3c0; didUpdateClientSettings-sceneID:dev.selfhost.firstActivationProbe-default(2)>
Aug 28 14:14:18.961787 SpringBoard(FrontBoard)[47602] <Debug>: [FBSceneManager] PENDING:   <BSEventQueueEvent: 0x281c3d220; didUpdateClientSettings-sceneID:dev.selfhost.firstActivationProbe-default(2)> @ front
Aug 28 14:14:18.961806 SpringBoard(FrontBoard)[47602] <Debug>: [FBSceneManager] EXECUTING: <BSEventQueueEvent: 0x281c3d220; didUpdateClientSettings-sceneID:dev.selfhost.firstActivationProbe-default(2)>
Aug 28 14:14:18.961851 Runner(CoreFoundation)[57912] <Debug>: Resource lookup at <private>
Aug 28 14:14:18.961897 Runner(CoreFoundation)[57912] <Debug>: Resource lookup at <private>
Aug 28 14:14:18.961924 Runner(CoreFoundation)[57912] <Debug>: Resource lookup at <private>
Aug 28 14:14:18.961942 Runner(CoreFoundation)[57912] <Debug>: Resource lookup at <private>
Aug 28 14:14:18.961960 Runner(CoreFoundation)[57912] <Debug>: found no value for key UIScrollViewForceConvertSafeAreaToContentInsetPreference in CFPrefsSearchListSource<0x282ba1380> (Domain: dev.selfhost.firstActivationProbe, Container: (null))
Aug 28 14:14:18.961989 Runner(CoreFoundation)[57912] <Debug>: found no value for key UIBarsApplyChromelessEverywhere in CFPrefsSearchListSource<0x282ba1380> (Domain: dev.selfhost.firstActivationProbe, Container: (null))
Aug 28 14:14:18.962135 SpringBoard(FrontBoard)[47602] <Debug>: [FBSceneManager] EXECUTING: <BSEventQueueEvent: 0x281c3f0e0; didUpdateClientSettingsCompletion-sceneID:dev.selfhost.firstActivationProbe-default(2)>
Aug 28 14:14:18.964888 runningboardd(RunningBoard)[33] <Debug>: Removing events for context: 33-57912-7817 (target:[application<dev.selfhost.firstActivationProbe>:57912])
Aug 28 14:14:18.964907 runningboardd(RunningBoard)[33] <Debug>: Sending state 0x1010f2a00 for application<dev.selfhost.firstActivationProbe> to [daemon<com.apple.UserEventAgent-System>:30]
Aug 28 14:14:18.967033 Runner(CoreFoundation)[57912] <Debug>: looked up value <private> for key AppleLanguages in CFPrefsPlistSource<0x282ba5380> (Domain: kCFPreferencesAnyApplication, User: kCFPreferencesCurrentUser, ByHost: No, Container: (null), Contents Need Refresh: No) via CFPrefsSearchListSource<0x282ba1380> (Domain: dev.selfhost.firstActivationProbe, Container: (null))
Aug 28 14:14:18.967052 Runner(Flutter)[57912] <Notice>: [ERROR:flutter/shell/common/shorebird/shorebird.cc(210)] ROUTEB: hook entered
Aug 28 14:14:18.967070 Runner(Flutter)[57912] <Notice>: [ERROR:flutter/shell/common/shorebird/shorebird.cc(210)] ROUTEB: parsed, targets=1, built-for=1db897c72e9c358db599a2d62fbb2a68
Aug 28 14:14:18.967087 Runner(Flutter)[57912] <Notice>: [ERROR:flutter/shell/common/shorebird/shorebird.cc(210)] ROUTEB: running=1db897c72e9c358db599a2d62fbb2a68
Aug 28 14:14:18.967149 Runner(Flutter)[57912] <Notice>: [ERROR:flutter/shell/common/shorebird/shorebird.cc(210)] ROUTEB: assert-pool-offset supplied=0xd4a8
Aug 28 14:14:18.967171 Runner(Flutter)[57912] <Notice>: ROUTEB: activated activationState in package:first_activation_probe/main.dart before main
Aug 28 14:14:18.968919 SpringBoard(SpringBoardServices)[47602] <Debug>: [SBMig] Runner:57912 calling _SBXXDeactivateReachability (msgID 100052) --> implemented by SpringBoard.
Aug 28 14:14:18.969616 Runner(Flutter)[57912] <Notice>: [ERROR:flutter/shell/common/shorebird/shorebird.cc(210)] ROUTEB: applied 1/1 targets, entering main
Aug 28 14:14:18.969678 Runner(CoreFoundation)[57912] <Debug>: found no value for key UseSingleSystemColor in CFPrefsSearchListSource<0x282ba3680> (Domain: com.apple.Accessibility, Container: (null))
Aug 28 14:14:18.969719 Runner(libAccessibility.dylib)[57912] <Debug>: CF Read: domain = com.apple.Accessibility, preference = UseSingleSystemColor, appID = (null) result = (null) (-1 - empty, 0 - false, 1 - true)
Aug 28 14:14:18.973650 Runner(CoreFoundation)[57912] <Debug>: found no value for key UseSingleSystemColor in CFPrefsPlistSource<0x282ba3700> (Domain: com.apple.Accessibility, User: kCFPreferencesCurrentUser, ByHost: No, Container: (null), Contents Need Refresh: No)
Aug 28 14:14:18.973693 Runner(CoreFoundation)[57912] <Debug>: found no value for key UIViewLocalizeOverrideLayoutEngine in CFPrefsSearchListSource<0x282ba1380> (Domain: dev.selfhost.firstActivationProbe, Container: (null))
Aug 28 14:14:18.973746 Runner(CoreFoundation)[57912] <Debug>: found no value for key NSPreTigerAttributedStringHash in CFPrefsSearchListSource<0x282ba1380> (Domain: dev.selfhost.firstActivationProbe, Container: (null))
Aug 28 14:14:18.973794 Runner(CoreFoundation)[57912] <Debug>: looked up value <private> for key AppleLanguages in CFPrefsPlistSource<0x282ba5380> (Domain: kCFPreferencesAnyApplication, User: kCFPreferencesCurrentUser, ByHost: No, Container: (null), Contents Need Refresh: No) via CFPrefsSearchListSource<0x282ba1380> (Domain: dev.selfhost.firstActivationProbe, Container: (null))
Aug 28 14:14:18.973824 Runner(CoreFoundation)[57912] <Debug>: looked up value <private> for key AppleLanguages in CFPrefsPlistSource<0x282ba5380> (Domain: kCFPreferencesAnyApplication, User: kCFPreferencesCurrentUser, ByHost: No, Container: (null), Contents Need Refresh: No) via CFPrefsSearchListSource<0x282ba1380> (Domain: dev.selfhost.firstActivationProbe, Container: (null))
Aug 28 14:14:18.973905 Runner(CoreFoundation)[57912] <Debug>: Resource lookup at <private>
Aug 28 14:14:18.973947 Runner(CoreFoundation)[57912] <Debug>: found no value for key NSConstraintBasedLayoutDebug in CFPrefsSearchListSource<0x282ba1380> (Domain: dev.selfhost.firstActivationProbe, Container: (null))
Aug 28 14:14:18.974806 Runner(CoreFoundation)[57912] <Debug>: found no value for key NSConstraintBasedLayoutAllowUnoptimizedReads in CFPrefsSearchListSource<0x282ba1380> (Domain: dev.selfhost.firstActivationProbe, Container: (null))
Aug 28 14:14:18.974892 Runner(CoreFoundation)[57912] <Debug>: found no value for key NSConstraintBasedLayoutDebugEngineConsistency in CFPrefsSearchListSource<0x282ba1380> (Domain: dev.selfhost.firstActivationProbe, Container: (null))
Aug 28 14:14:18.974971 Runner(CoreFoundation)[57912] <Debug>: found no value for key NSConstraintBasedLayoutVariableChangeTransactions in CFPrefsSearchListSource<0x282ba1380> (Domain: dev.selfhost.firstActivationProbe, Container: (null))
Aug 28 14:14:18.975044 Runner(CoreFoundation)[57912] <Debug>: found no value for key NSConstraintBasedLayoutDeferOptimization in CFPrefsSearchListSource<0x282ba1380> (Domain: dev.selfhost.firstActivationProbe, Container: (null))
Aug 28 14:14:18.975113 Runner(CoreFoundation)[57912] <Debug>: found no value for key UIViewControllerDetachedInheritsContentOverlayInsetsFromSuperview in CFPrefsSearchListSource<0x282ba1380> (Domain: dev.selfhost.firstActivationProbe, Container: (null))
Aug 28 14:14:18.975152 Runner(CoreFoundation)[57912] <Debug>: found no value for key ModernContentOverlayInsetsPropagation in CFPrefsSearchListSource<0x282ba1380> (Domain: dev.selfhost.firstActivationProbe, Container: (null))
Aug 28 14:14:18.975637 SpringBoard(FrontBoard)[47602] <Info>: [sceneID:dev.selfhost.firstActivationProbe-default] Client settings updated with diff: <private>
Aug 28 14:14:18.975678 SpringBoard(FrontBoard)[47602] <Info>: [sceneID:dev.selfhost.firstActivationProbe-default] didUpdateClientSettingsWithDiff: <private>
Aug 28 14:14:18.975709 Runner(CoreFoundation)[57912] <Debug>: found no value for key LogStatusBar in CFPrefsSearchListSource<0x282ba4800> (Domain: com.apple.UIKit, Container: (null))
Aug 28 14:14:18.975728 Runner(UIKitCore)[57912] <Notice>: Key window API is scene-level: YES
Aug 28 14:14:18.975748 Runner(UIKitCore)[57912] <Notice>: UIWindowScene: 0x10600e4f0: Window became key in scene: UIWindow: 0x1061300d0; contextId: 0xD8865EC9: reason: UIWindowScene: 0x10600e4f0: Window requested to become key in scene: 0x1061300d0
Aug 28 14:14:18.975781 Runner(UIKitCore)[57912] <Notice>: Key window needs update: 1; currentKeyWindowScene: 0x0; evaluatedKeyWindowScene: 0x10600e4f0; currentApplicationKeyWindow: 0x0; evaluatedApplicationKeyWindow: 0x1061300d0; reason: UIWindowScene: 0x10600e4f0: Window requested to become key in scene: 0x1061300d0
Aug 28 14:14:18.975819 Runner(UIKitCore)[57912] <Notice>: Window did become application key: UIWindow: 0x1061300d0; contextId: 0xD8865EC9; scene identity: com.apple.frontboard.systemappservices::sceneID%3Adev.selfhost.firstActivationProbe-default
Aug 28 14:14:18.976038 SpringBoard(FrontBoard)[47602] <Debug>: [FBSceneManager] PENDING:   <BSEventQueueEvent: 0x281c65b00; handleDidUpdateClientSettings-sceneID:dev.selfhost.firstActivationProbe-default(2)> @ back
Aug 28 14:14:18.976066 SpringBoard(FrontBoard)[47602] <Debug>: [FBSceneManager] EXECUTING: <BSEventQueueEvent: 0x281c65b00; handleDidUpdateClientSettings-sceneID:dev.selfhost.firstActivationProbe-default(2)>
Aug 28 14:14:18.976252 SpringBoard(FrontBoard)[47602] <Debug>: [FBSceneManager] PENDING:   <BSEventQueueEvent: 0x281c60fe0; didUpdateClientSettings-sceneID:dev.selfhost.firstActivationProbe-default(2)> @ back
Aug 28 14:14:18.976306 SpringBoard(FrontBoard)[47602] <Info>: [sceneID:dev.selfhost.firstActivationProbe-default] Client settings updated with diff: <private>
Aug 28 14:14:18.976352 SpringBoard(FrontBoard)[47602] <Debug>: [FBSceneManager] PENDING:   <BSEventQueueEvent: 0x281c7c060; didUpdateClientSettingsCompletion-sceneID:dev.selfhost.firstActivationProbe-default(2)> @ back
Aug 28 14:14:18.976391 SpringBoard(FrontBoard)[47602] <Info>: [sceneID:dev.selfhost.firstActivationProbe-default] Client settings updated with diff: <private>
Aug 28 14:14:18.976624 SpringBoard(FrontBoard)[47602] <Debug>: [FBSceneManager] EXECUTING: <BSEventQueueEvent: 0x281c60fe0; didUpdateClientSettings-sceneID:dev.selfhost.firstActivationProbe-default(2)>
Aug 28 14:14:18.976665 SpringBoard(FrontBoard)[47602] <Info>: [sceneID:dev.selfhost.firstActivationProbe-default] Client settings updated with diff: <private>
Aug 28 14:14:18.976704 SpringBoard(FrontBoard)[47602] <Debug>: [FBSceneManager] PENDING:   <BSEventQueueEvent: 0x281c50420; didUpdateClientSettings-sceneID:dev.selfhost.firstActivationProbe-default(2)> @ front
Aug 28 14:14:18.976728 SpringBoard(FrontBoard)[47602] <Debug>: [FBSceneManager] EXECUTING: <BSEventQueueEvent: 0x281c50420; didUpdateClientSettings-sceneID:dev.selfhost.firstActivationProbe-default(2)>
Aug 28 14:14:18.977226 SpringBoard(FrontBoard)[47602] <Debug>: [FBSceneManager] EXECUTING: <BSEventQueueEvent: 0x281c7c060; didUpdateClientSettingsCompletion-sceneID:dev.selfhost.firstActivationProbe-default(2)>
Aug 28 14:14:18.977652 SpringBoard(FrontBoard)[47602] <Info>: [sceneID:dev.selfhost.firstActivationProbe-default] didUpdateClientSettingsWithDiff: (null)
Aug 28 14:14:18.977692 SpringBoard(FrontBoard)[47602] <Debug>: [FBSceneManager] PENDING:   <BSEventQueueEvent: 0x281d39400; handleDidUpdateClientSettings-sceneID:dev.selfhost.firstActivationProbe-default(2)> @ back
Aug 28 14:14:18.977727 SpringBoard(FrontBoard)[47602] <Debug>: [FBSceneManager] EXECUTING: <BSEventQueueEvent: 0x281d39400; handleDidUpdateClientSettings-sceneID:dev.selfhost.firstActivationProbe-default(2)>
Aug 28 14:14:18.977997 SpringBoard(FrontBoard)[47602] <Debug>: [FBSceneManager] PENDING:   <BSEventQueueEvent: 0x281d0f5e0; didUpdateClientSettings-sceneID:dev.selfhost.firstActivationProbe-default(2)> @ back
Aug 28 14:14:18.978015 SpringBoard(FrontBoard)[47602] <Debug>: [FBSceneManager] PENDING:   <BSEventQueueEvent: 0x281c52de0; didUpdateClientSettingsCompletion-sceneID:dev.selfhost.firstActivationProbe-default(2)> @ back
Aug 28 14:14:18.978148 SpringBoard(FrontBoard)[47602] <Debug>: [FBSceneManager] EXECUTING: <BSEventQueueEvent: 0x281d0f5e0; didUpdateClientSettings-sceneID:dev.selfhost.firstActivationProbe-default(2)>
Aug 28 14:14:18.978166 SpringBoard(FrontBoard)[47602] <Debug>: [FBSceneManager] PENDING:   <BSEventQueueEvent: 0x281d3e940; didUpdateClientSettings-sceneID:dev.selfhost.firstActivationProbe-default(2)> @ front
Aug 28 14:14:18.978218 SpringBoard(FrontBoard)[47602] <Debug>: [FBSceneManager] EXECUTING: <BSEventQueueEvent: 0x281d3e940; didUpdateClientSettings-sceneID:dev.selfhost.firstActivationProbe-default(2)>
Aug 28 14:14:18.978379 SpringBoard(FrontBoard)[47602] <Debug>: [FBSceneManager] EXECUTING: <BSEventQueueEvent: 0x281c52de0; didUpdateClientSettingsCompletion-sceneID:dev.selfhost.firstActivationProbe-default(2)>
Aug 28 14:14:18.978711 SpringBoard(FrontBoard)[47602] <Info>: [sceneID:dev.selfhost.firstActivationProbe-default] didUpdateClientSettingsWithDiff: <private>
Aug 28 14:14:18.978809 SpringBoard(FrontBoard)[47602] <Debug>: [FBSceneManager] PENDING:   <BSEventQueueEvent: 0x281d3fca0; handleDidUpdateClientSettings-sceneID:dev.selfhost.firstActivationProbe-default(2)> @ back
Aug 28 14:14:18.978881 SpringBoard(FrontBoard)[47602] <Debug>: [FBSceneManager] EXECUTING: <BSEventQueueEvent: 0x281d3fca0; handleDidUpdateClientSettings-sceneID:dev.selfhost.firstActivationProbe-default(2)>
Aug 28 14:14:18.979094 SpringBoard(FrontBoard)[47602] <Debug>: [FBSceneManager] PENDING:   <BSEventQueueEvent: 0x281dab6c0; didUpdateClientSettings-sceneID:dev.selfhost.firstActivationProbe-default(2)> @ back
Aug 28 14:14:18.979205 SpringBoard(FrontBoard)[47602] <Debug>: [FBSceneManager] PENDING:   <BSEventQueueEvent: 0x281da8cc0; didUpdateClientSettingsCompletion-sceneID:dev.selfhost.firstActivationProbe-default(2)> @ back
Aug 28 14:14:18.979497 SpringBoard(FrontBoard)[47602] <Debug>: [FBSceneManager] EXECUTING: <BSEventQueueEvent: 0x281dab6c0; didUpdateClientSettings-sceneID:dev.selfhost.firstActivationProbe-default(2)>
Aug 28 14:14:18.979569 SpringBoard(FrontBoard)[47602] <Debug>: [FBSceneManager] PENDING:   <BSEventQueueEvent: 0x281d39b40; didUpdateClientSettings-sceneID:dev.selfhost.firstActivationProbe-default(2)> @ front
Aug 28 14:14:18.979602 SpringBoard(FrontBoard)[47602] <Debug>: [FBSceneManager] EXECUTING: <BSEventQueueEvent: 0x281d39b40; didUpdateClientSettings-sceneID:dev.selfhost.firstActivationProbe-default(2)>
Aug 28 14:14:18.979917 SpringBoard(FrontBoard)[47602] <Debug>: [FBSceneManager] EXECUTING: <BSEventQueueEvent: 0x281da8cc0; didUpdateClientSettingsCompletion-sceneID:dev.selfhost.firstActivationProbe-default(2)>
Aug 28 14:14:18.980405 SpringBoard(FrontBoard)[47602] <Info>: [sceneID:dev.selfhost.firstActivationProbe-default] didUpdateClientSettingsWithDiff: <private>
Aug 28 14:14:18.980610 SpringBoard(FrontBoard)[47602] <Debug>: [FBSceneManager] PENDING:   <BSEventQueueEvent: 0x281d3dbc0; handleDidUpdateClientSettings-sceneID:dev.selfhost.firstActivationProbe-default(2)> @ back
Aug 28 14:14:18.980675 SpringBoard(FrontBoard)[47602] <Debug>: [FBSceneManager] EXECUTING: <BSEventQueueEvent: 0x281d3dbc0; handleDidUpdateClientSettings-sceneID:dev.selfhost.firstActivationProbe-default(2)>
Aug 28 14:14:18.980799 SpringBoard(FrontBoard)[47602] <Debug>: [FBSceneManager] PENDING:   <BSEventQueueEvent: 0x281d313a0; didUpdateClientSettings-sceneID:dev.selfhost.firstActivationProbe-default(2)> @ back
Aug 28 14:14:18.980845 SpringBoard(FrontBoard)[47602] <Debug>: [FBSceneManager] PENDING:   <BSEventQueueEvent: 0x281d4e140; didUpdateClientSettingsCompletion-sceneID:dev.selfhost.firstActivationProbe-default(2)> @ back
Aug 28 14:14:18.980981 SpringBoard(FrontBoard)[47602] <Debug>: [FBSceneManager] EXECUTING: <BSEventQueueEvent: 0x281d313a0; didUpdateClientSettings-sceneID:dev.selfhost.firstActivationProbe-default(2)>
Aug 28 14:14:18.980999 SpringBoard(FrontBoard)[47602] <Debug>: [FBSceneManager] PENDING:   <BSEventQueueEvent: 0x281db1fa0; didUpdateClientSettings-sceneID:dev.selfhost.firstActivationProbe-default(2)> @ front
Aug 28 14:14:18.981050 SpringBoard(FrontBoard)[47602] <Debug>: [FBSceneManager] EXECUTING: <BSEventQueueEvent: 0x281db1fa0; didUpdateClientSettings-sceneID:dev.selfhost.firstActivationProbe-default(2)>
Aug 28 14:14:18.981414 SpringBoard(FrontBoard)[47602] <Debug>: [FBSceneManager] EXECUTING: <BSEventQueueEvent: 0x281d4e140; didUpdateClientSettingsCompletion-sceneID:dev.selfhost.firstActivationProbe-default(2)>
Aug 28 14:14:18.981854 SpringBoard(FrontBoard)[47602] <Info>: [sceneID:dev.selfhost.firstActivationProbe-default] didUpdateClientSettingsWithDiff: <private>
Aug 28 14:14:18.981946 SpringBoard(FrontBoard)[47602] <Debug>: [FBSceneManager] PENDING:   <BSEventQueueEvent: 0x281d393e0; handleDidUpdateClientSettings-sceneID:dev.selfhost.firstActivationProbe-default(2)> @ back
Aug 28 14:14:18.981979 SpringBoard(FrontBoard)[47602] <Debug>: [FBSceneManager] EXECUTING: <BSEventQueueEvent: 0x281d393e0; handleDidUpdateClientSettings-sceneID:dev.selfhost.firstActivationProbe-default(2)>
Aug 28 14:14:18.982154 SpringBoard(FrontBoard)[47602] <Debug>: [FBSceneManager] PENDING:   <BSEventQueueEvent: 0x281d3bfe0; didUpdateClientSettings-sceneID:dev.selfhost.firstActivationProbe-default(2)> @ back
Aug 28 14:14:18.982194 SpringBoard(FrontBoard)[47602] <Debug>: [FBSceneManager] PENDING:   <BSEventQueueEvent: 0x281d38d00; didUpdateClientSettingsCompletion-sceneID:dev.selfhost.firstActivationProbe-default(2)> @ back
Aug 28 14:14:18.982448 SpringBoard(FrontBoard)[47602] <Debug>: [FBSceneManager] EXECUTING: <BSEventQueueEvent: 0x281d3bfe0; didUpdateClientSettings-sceneID:dev.selfhost.firstActivationProbe-default(2)>
Aug 28 14:14:18.982508 SpringBoard(FrontBoard)[47602] <Debug>: [FBSceneManager] PENDING:   <BSEventQueueEvent: 0x281d38c20; didUpdateClientSettings-sceneID:dev.selfhost.firstActivationProbe-default(2)> @ front
Aug 28 14:14:18.983475 SpringBoard(FrontBoard)[47602] <Debug>: [FBSceneManager] EXECUTING: <BSEventQueueEvent: 0x281d38c20; didUpdateClientSettings-sceneID:dev.selfhost.firstActivationProbe-default(2)>
Aug 28 14:14:18.983782 SpringBoard(FrontBoard)[47602] <Debug>: [FBSceneManager] EXECUTING: <BSEventQueueEvent: 0x281d38d00; didUpdateClientSettingsCompletion-sceneID:dev.selfhost.firstActivationProbe-default(2)>
Aug 28 14:14:18.984774 backboardd(BackBoardHIDEventFoundation)[65] <Notice>: new deferring rules for pid:57912: [<environment: keyboardFocus; display: builtin; token: com.apple.frontboard.systemappservices::sceneID%3Adev.selfhost.firstActivationProbe-default> -> <pid: 57912; token: 0xD8865EC9> reason: "1-deferDiscrete: UIWindowScene: 0x10600e4f0: Begin event deferring in keyboardFocus for window: 0x1061300d0"]
Aug 28 14:14:18.995368 Runner(UIKitCore)[57912] <Notice>: [0x282ea5ea0] Begin local event deferring requested for token: 0x2826be4e0; environments: 1; reason: UIWindowScene: 0x10600e4f0: Begin event deferring in keyboardFocus for window: 0x1061300d0
Aug 28 14:14:18.995411 Runner(CoreFoundation)[57912] <Debug>: found no value for key LogKeyboardFocus in CFPrefsSearchListSource<0x282ba4800> (Domain: com.apple.UIKit, Container: (null))
Aug 28 14:14:18.995435 Runner(CoreFoundation)[57912] <Debug>: Resource lookup at <private>
Aug 28 14:14:18.995482 Runner(CoreFoundation)[57912] <Debug>: Resource lookup at <private>
Aug 28 14:14:18.995527 Runner(CoreFoundation)[57912] <Debug>: Resource lookup at <private>
Aug 28 14:14:18.995588 Runner(CoreFoundation)[57912] <Debug>: found no value for key NSConstraintBasedLayoutLogPivotCounts in CFPrefsSearchListSource<0x282ba1380> (Domain: dev.selfhost.firstActivationProbe, Container: (null))
Aug 28 14:14:18.996345 Runner(CoreFoundation)[57912] <Debug>: Resource lookup at <private>
Aug 28 14:14:18.996388 Runner(CoreFoundation)[57912] <Debug>: found no value for key NSConstraintBasedLayoutTrackDirtyObservables in CFPrefsSearchListSource<0x282ba1380> (Domain: dev.selfhost.firstActivationProbe, Container: (null))
Aug 28 14:14:18.996426 Runner(CoreFoundation)[57912] <Debug>: found no value for key LogAppLifecycle in CFPrefsSearchListSource<0x282ba4800> (Domain: com.apple.UIKit, Container: (null))
Aug 28 14:14:18.996448 Runner(UIKitCore)[57912] <Notice>: sceneOfRecord: sceneID: sceneID:dev.selfhost.firstActivationProbe-default  persistentID: B7C92D38-5DA8-4390-9C14-F2517D743BA8
Aug 28 14:14:18.996529 Runner(UIKitCore)[57912] <Notice>: Ignoring already applied deactivation reason: 5; deactivation reasons: 2080
Aug 28 14:14:18.996579 Runner(UIKitCore)[57912] <Debug>: Setting device orientation to 1 and sending notification.
Aug 28 14:14:18.998037 Runner(UIKitCore)[57912] <Notice>: Deactivation reason added: 12; deactivation reasons: 2080 -> 6176; animating application lifecycle event: 1
Aug 28 14:14:18.998077 Runner(CoreFoundation)[57912] <Debug>: Resource lookup at <private>
Aug 28 14:14:18.998115 Runner(UIKitCore)[57912] <Notice>: Deactivation reason removed: 11; deactivation reasons: 6176 -> 4128; animating application lifecycle event: 1
Aug 28 14:14:18.998152 Runner(CoreFoundation)[57912] <Debug>: found no value for key CAEnableDeepFramebuffer in CFPrefsSearchListSource<0x282ba1380> (Domain: dev.selfhost.firstActivationProbe, Container: (null))
Aug 28 14:14:18.998200 Runner(UIKitCore)[57912] <Debug>: Setting device orientation to 0 and sending notification.
Aug 28 14:14:18.998239 SpringBoard(UserNotificationsServer)[47602] <Notice>: [dev.selfhost.firstActivationProbe] Foreground app will not request ephemeral notifications isAppClip: NO wantsEphemeral notifications: NO
Aug 28 14:14:18.998282 SpringBoard(RunningBoardServices)[47602] <Info>: Update delivered for [application<dev.selfhost.firstActivationProbe>:57912] with taskState 4
Aug 28 14:14:18.998331 SpringBoard(RunningBoardServices)[47602] <Info>: Update skipped for [application<dev.selfhost.firstActivationProbe>:57912] with state: <RBSProcessState| task:running-active debug:none endowments:[
Aug 28 14:14:18.998419 SpringBoard(FrontBoard)[47602] <Info>: [sceneID:dev.selfhost.firstActivationProbe-default] Client settings updated with diff: <private>
Aug 28 14:14:18.998457 SpringBoard(FrontBoard)[47602] <Info>: [sceneID:dev.selfhost.firstActivationProbe-default] didUpdateClientSettingsWithDiff: <private>
Aug 28 14:14:18.998505 SpringBoard(FrontBoard)[47602] <Notice>: [sceneID:dev.selfhost.firstActivationProbe-default] Scene action [Logical Activate][0x1722] completed with success: 1
Aug 28 14:14:18.998551 SpringBoard(FrontBoard)[47602] <Debug>: [FBSceneManager] PENDING:   <BSEventQueueEvent: 0x281d4b060; handleDidUpdateClientSettings-sceneID:dev.selfhost.firstActivationProbe-default(2)> @ back
Aug 28 14:14:18.998597 SpringBoard(FrontBoardServices)[47602] <Info>: [application<dev.selfhost.firstActivationProbe>:57912] [realTime] Stopped monitoring.
Aug 28 14:14:18.998643 SpringBoard(FrontBoard)[47602] <Debug>: [FBSceneManager] EXECUTING: <BSEventQueueEvent: 0x281d4b060; handleDidUpdateClientSettings-sceneID:dev.selfhost.firstActivationProbe-default(2)>
Aug 28 14:14:18.998685 SpringBoard(FrontBoardServices)[47602] <Debug>: [application<dev.selfhost.firstActivationProbe>:57912] [realTime] Updated resource consumption: 0.136s (0.68%)
Aug 28 14:14:18.998814 SpringBoard(FrontBoard)[47602] <Debug>: [FBSceneManager] PENDING:   <BSEventQueueEvent: 0x281d45940; didUpdateClientSettings-sceneID:dev.selfhost.firstActivationProbe-default(2)> @ back
Aug 28 14:14:18.998856 SpringBoard(FrontBoardServices)[47602] <Debug>: [application<dev.selfhost.firstActivationProbe>:57912] Invalidating <FBProcessWatchdog: 0x283ecf340; name: scene-create; time: 20.00s>
Aug 28 14:14:18.998919 SpringBoard(FrontBoard)[47602] <Debug>: [FBSceneManager] PENDING:   <BSEventQueueEvent: 0x281d45720; didUpdateClientSettingsCompletion-sceneID:dev.selfhost.firstActivationProbe-default(2)> @ back
Aug 28 14:14:18.998959 SpringBoard(FrontBoardServices)[47602] <Debug>: [application<dev.selfhost.firstActivationProbe>:57912] [realTime] Invalidated
Aug 28 14:14:18.999155 SpringBoard(FrontBoard)[47602] <Debug>: [FBSceneManager] EXECUTING: <BSEventQueueEvent: 0x281d45940; didUpdateClientSettings-sceneID:dev.selfhost.firstActivationProbe-default(2)>
Aug 28 14:14:18.999680 SpringBoard(FrontBoard)[47602] <Debug>: [FBSceneManager] PENDING:   <BSEventQueueEvent: 0x281d48480; didUpdateClientSettings-sceneID:dev.selfhost.firstActivationProbe-default(2)> @ front
Aug 28 14:14:19.001140 SpringBoard(FrontBoard)[47602] <Debug>: [FBSceneManager] EXECUTING: <BSEventQueueEvent: 0x281d48480; didUpdateClientSettings-sceneID:dev.selfhost.firstActivationProbe-default(2)>
Aug 28 14:14:19.001546 SpringBoard(FrontBoard)[47602] <Debug>: [FBSceneManager] EXECUTING: <BSEventQueueEvent: 0x281d45720; didUpdateClientSettingsCompletion-sceneID:dev.selfhost.firstActivationProbe-default(2)>
Aug 28 14:14:19.002112 SpringBoard(FrontBoard)[47602] <Notice>: [sceneID:dev.selfhost.firstActivationProbe-default] scene content state changed: ready
Aug 28 14:14:19.002157 SpringBoard(FrontBoard)[47602] <Debug>: [FBSceneManager] PENDING:   <BSEventQueueEvent: 0x281d5f9a0; contentStateDidChange-sceneID:dev.selfhost.firstActivationProbe-default(2)> @ back
Aug 28 14:14:19.002211 SpringBoard(FrontBoard)[47602] <Debug>: [FBSceneManager] EXECUTING: <BSEventQueueEvent: 0x281d5f9a0; contentStateDidChange-sceneID:dev.selfhost.firstActivationProbe-default(2)>
Aug 28 14:14:19.002251 SpringBoard(FrontBoard)[47602] <Debug>: [FBSceneManager] PENDING:   <BSEventQueueEvent: 0x281d459c0; contentStateDidChange-sceneID:dev.selfhost.firstActivationProbe-default(2)> @ front
Aug 28 14:14:19.002333 SpringBoard(FrontBoard)[47602] <Debug>: [FBSceneManager] EXECUTING: <BSEventQueueEvent: 0x281d459c0; contentStateDidChange-sceneID:dev.selfhost.firstActivationProbe-default(2)>
Aug 28 14:14:19.002488 SpringBoard(KeyboardArbiter)[47602] <Debug>: [_UIKeyboardArbiter] Received new connection [<_UIKeyboardArbiterHandle: 0x282a13910; PID 57912: dev.selfhost.firstActivationProbe <(null)>; hosting PIDs {(
Aug 28 14:14:19.002582 SpringBoard(FrontBoard)[47602] <Info>: Client intercepting scene update for scene: sceneID:dev.selfhost.firstActivationProbe-default
Aug 28 14:14:19.002618 SpringBoard(FrontBoard)[47602] <Debug>: START SCENE MUTATION ------- sceneID:dev.selfhost.firstActivationProbe-default
Aug 28 14:14:19.002656 SpringBoard(FrontBoard)[47602] <Debug>: [FBSceneManager] PENDING:   <BSEventQueueEvent: 0x281d12040; sceneUpdatePrepared-sceneID:dev.selfhost.firstActivationProbe-default(3)> @ back
Aug 28 14:14:19.002695 SpringBoard(FrontBoard)[47602] <Debug>: Executing pended events before sceneID:dev.selfhost.firstActivationProbe-default: (
Aug 28 14:14:19.002785 SpringBoard(RunningBoardServices)[47602] <Notice>: Updating configuration of monitor <RBSProcessMonitorConfiguration| id:M47602-8 qos:25 predicates:[<RBSProcessPredicate <RBSCompoundAllPredicate [<RBSCompoundAllPredicate [<RBSProcessEUIDPredicate 501>, <RBSProcessBKSLegacyPredicate>]>, <RBSProcessBundleIdentifierPredicate "com.apple.springboard">]>>, <RBSProcessPredicate <RBSCompoundAllPredicate [<RBSCompoundAllPredicate [<RBSProcessEUIDPredicate 501>, <RBSProcessBKSLegacyPredicate>]>, <RBSProcessBundleIdentifierPredicate "dev.selfhost.firstActivationProbe">]>>] descriptor:<RBSProcessStateDescriptor| values:9 namespaces:[com.apple.frontboard.visibility]> events:0x0>
Aug 28 14:14:19.002873 runningboardd(RunningBoard)[33] <Debug>: Sending state 0x1010f2a00 for application<dev.selfhost.firstActivationProbe> to [daemon<com.apple.TextInput.kbd>:303]
Aug 28 14:14:19.002915 runningboardd(RunningBoard)[33] <Debug>: Decrementing suppression state to 0 for application<dev.selfhost.firstActivationProbe>
Aug 28 14:14:19.002955 SpringBoard(FrontBoard)[47602] <Debug>: [FBSceneManager] PENDING:   <BSEventQueueEvent: 0x281d1a880; applySettings-sceneID:dev.selfhost.firstActivationProbe-default(3)> @ back
Aug 28 14:14:19.003003 runningboardd(RunningBoard)[33] <Debug>: END suppressing state updates for application<dev.selfhost.firstActivationProbe>
Aug 28 14:14:19.003050 SpringBoard(FrontBoard)[47602] <Debug>: Flushing all events for sceneID:dev.selfhost.firstActivationProbe-default
Aug 28 14:14:19.003086 runningboardd(RunningBoard)[33] <Debug>: Sending state update for application<dev.selfhost.firstActivationProbe>: <RBSProcessState| task:running-active debug:none terminationResistance:Interactive endowments:[
	<RBSProcessAssertionInfo| type:2 reason:10000 name:"Domain" domain:"com.apple.frontboard:Bootstrap-Foreground,com.apple.frontboard:Visibility" expl:"FBApplicationProcess">,
Aug 28 14:14:19.003219 runningboardd(RunningBoard)[33] <Debug>: Sending state 0x1010f2a00 for application<dev.selfhost.firstActivationProbe> to [daemon<com.apple.contextstored>:61]
Aug 28 14:14:19.003268 SpringBoard(FrontBoard)[47602] <Debug>: [FBSceneManager] EXECUTING: <BSEventQueueEvent: 0x281d12040; sceneUpdatePrepared-sceneID:dev.selfhost.firstActivationProbe-default(3)>
Aug 28 14:14:19.003348 SpringBoard(FrontBoard)[47602] <Debug>: [FBSceneManager] PENDING:   <BSEventQueueEvent: 0x281d19740; sceneUpdatePrepared-sceneID:dev.selfhost.firstActivationProbe-default(3)> @ front
Aug 28 14:14:19.003579 SpringBoard(FrontBoard)[47602] <Debug>: [FBSceneManager] EXECUTING: <BSEventQueueEvent: 0x281d19740; sceneUpdatePrepared-sceneID:dev.selfhost.firstActivationProbe-default(3)>
Aug 28 14:14:19.003715 SpringBoard(FrontBoard)[47602] <Debug>: [FBSceneManager] EXECUTING: <BSEventQueueEvent: 0x281d1a880; applySettings-sceneID:dev.selfhost.firstActivationProbe-default(3)>
Aug 28 14:14:19.003760 SpringBoard(FrontBoard)[47602] <Debug>: [FBSceneManager] PENDING:   <BSEventQueueEvent: 0x281d12040; sceneUpdateApplied-sceneID:dev.selfhost.firstActivationProbe-default(3)> @ back
Aug 28 14:14:19.003805 SpringBoard(FrontBoard)[47602] <Debug>: [FBSceneManager] PENDING:   <BSEventQueueEvent: 0x281d021a0; sceneMutationCompletion-sceneID:dev.selfhost.firstActivationProbe-default(3)> @ back
Aug 28 14:14:19.003843 SpringBoard(FrontBoard)[47602] <Debug>: [FBSceneManager] EXECUTING: <BSEventQueueEvent: 0x281d12040; sceneUpdateApplied-sceneID:dev.selfhost.firstActivationProbe-default(3)>
Aug 28 14:14:19.003890 SpringBoard(FrontBoard)[47602] <Debug>: [FBSceneManager] PENDING:   <BSEventQueueEvent: 0x281d01200; sceneUpdateApplied-sceneID:dev.selfhost.firstActivationProbe-default(3)> @ front
Aug 28 14:14:19.003928 SpringBoard(FrontBoard)[47602] <Debug>: [FBSceneManager] EXECUTING: <BSEventQueueEvent: 0x281d01200; sceneUpdateApplied-sceneID:dev.selfhost.firstActivationProbe-default(3)>
Aug 28 14:14:19.004031 SpringBoard(FrontBoard)[47602] <Info>: [sceneID:dev.selfhost.firstActivationProbe-default] Sending scene action [Forward Event][0xbccd] to process 0x1050111b0 (watchdog: none)
Aug 28 14:14:19.004175 SpringBoard(FrontBoard)[47602] <Debug>: [FBSceneManager] EXECUTING: <BSEventQueueEvent: 0x281d021a0; sceneMutationCompletion-sceneID:dev.selfhost.firstActivationProbe-default(3)>
Aug 28 14:14:19.004217 SpringBoard(FrontBoard)[47602] <Debug>: ---------- END SCENE MUTATION: sceneID:dev.selfhost.firstActivationProbe-default
Aug 28 14:14:19.004680 SpringBoard(KeyboardArbiter)[47602] <Debug>: [<_UIKeyboardArbiterHandle: 0x282a13910; PID 57912: dev.selfhost.firstActivationProbe <(null)>; hosting PIDs {(
)}; level 0.000000; active NO [wants NO]; suppression 0; iav 0.000000; on screen NO>] startArbitrationWithExpectedState:sceneIdentity:hostingPIDs:usingFence:withSuppression:onConnected:: currentKeyboard: (null); sceneIdentity: com.apple.frontboard.systemappservices::sceneID%3Adev.selfhost.firstActivationProbe-default; pids: (
Aug 28 14:14:19.004719 SpringBoard(KeyboardArbiter)[47602] <Debug>: [_UIKeyboardArbiter] Handler requested focus: <_UIKeyboardArbiterHandle: 0x282a13910; PID 57912: dev.selfhost.firstActivationProbe <com.apple.frontboard.systemappservices::sceneID%3Adev.selfhost.firstActivationProbe-default>; hosting PIDs {(
Aug 28 14:14:19.004772 SpringBoard(KeyboardArbiter)[47602] <Debug>: [_UIKeyboardArbiter] _focusRequestedHandle is now <_UIKeyboardArbiterHandle: 0x282a13910; PID 57912: dev.selfhost.firstActivationProbe <com.apple.frontboard.systemappservices::sceneID%3Adev.selfhost.firstActivationProbe-default>; hosting PIDs {(
Aug 28 14:14:19.005126 SpringBoard(FrontBoard)[47602] <Debug>: [FBSceneManager] PENDING:   <BSEventQueueEvent: 0x281d38a20; updateComplete-sceneID:dev.selfhost.firstActivationProbe-default(3)> @ back
Aug 28 14:14:19.005178 SpringBoard(KeyboardArbiter)[47602] <Debug>: Advisor: Triggering reevaluation. Active PID: 57912, activeHandleID: com.apple.frontboard.systemappservices::sceneID%3Adev.selfhost.firstActivationProbe-default
Aug 28 14:14:19.005226 SpringBoard(FrontBoard)[47602] <Debug>: [FBSceneManager] EXECUTING: <BSEventQueueEvent: 0x281d38a20; updateComplete-sceneID:dev.selfhost.firstActivationProbe-default(3)>
Aug 28 14:14:19.005404 SpringBoard(KeyboardArbiter)[47602] <Debug>: Advisor: KeyboardFocus from _activeHandleForFocusEvaluation [<_UIKeyboardArbiterHandle: 0x282a13910; PID 57912: dev.selfhost.firstActivationProbe <com.apple.frontboard.systemappservices::sceneID%3Adev.selfhost.firstActivationProbe-default>; hosting PIDs {(
Aug 28 14:14:19.005491 SpringBoard[47602] <Notice>: advisor: gen:406 arbiter spec pid 57912 / com.apple.frontboard.systemappservices::sceneID%3Adev.selfhost.firstActivationProbe-default
Aug 28 14:14:19.005531 SpringBoard(KeyboardArbiter)[47602] <Debug>: Advisor: Deliberation result: com.apple.frontboard.systemappservices::sceneID%3Adev.selfhost.firstActivationProbe-default
<SBSceneReadySwitcherModifierEvent: 0x281d38c20; type: SceneReady; appLayout: <SBAppLayout: 0x28080b340; primary: dev.selfhost.firstActivationProbe:default; environment: main> {
            bundleIdentifier = dev.selfhost.firstActivationProbe;
            uniqueIdentifier = sceneID:dev.selfhost.firstActivationProbe-default;
        jetsamMode = default;
    "<_UIKeyboardArbiterHandle: 0x282a13910; PID 57912: dev.selfhost.firstActivationProbe <com.apple.frontboard.systemappservices::sceneID%3Adev.selfhost.firstActivationProbe-default>; hosting PIDs {(\n)}; level 0.000000; active NO [wants NO]; suppression 0; iav 0.000000; on screen NO>"
Aug 28 14:14:19.006351 SpringBoard(FrontBoard)[47602] <Debug>: [FBSceneManager] PENDING:   <BSEventQueueEvent: 0x281d393e0; sceneUpdateCompleted-sceneID:dev.selfhost.firstActivationProbe-default(3)> @ back
Aug 28 14:14:19.006413 SpringBoard(FrontBoard)[47602] <Debug>: [FBSceneManager] EXECUTING: <BSEventQueueEvent: 0x281d393e0; sceneUpdateCompleted-sceneID:dev.selfhost.firstActivationProbe-default(3)>
Aug 28 14:14:19.006480 SpringBoard(FrontBoard)[47602] <Debug>: [FBSceneManager] PENDING:   <BSEventQueueEvent: 0x281d394a0; sceneUpdateCompleted-sceneID:dev.selfhost.firstActivationProbe-default(3)> @ front
Aug 28 14:14:19.006543 SpringBoard(FrontBoard)[47602] <Debug>: [FBSceneManager] EXECUTING: <BSEventQueueEvent: 0x281d394a0; sceneUpdateCompleted-sceneID:dev.selfhost.firstActivationProbe-default(3)>
Aug 28 14:14:19.006639 SpringBoard[47602] <Notice>: advisor: target (from arbiter advice): <pid=57912 token=com.apple.frontboard.systemappservices::sceneID%3Adev.selfhost.firstActivationProbe-default>
Aug 28 14:14:19.006694 SpringBoard[47602] <Notice>: policy: input target:<pid=57912 token=com.apple.frontboard.systemappservices::sceneID%3Adev.selfhost.firstActivationProbe-default>
Aug 28 14:14:19.006734 SpringBoard[47602] <Notice>: rules: target changed from:(null) to <pid=57912 token=com.apple.frontboard.systemappservices::sceneID%3Adev.selfhost.firstActivationProbe-default>
Aug 28 14:14:19.006784 SpringBoard[47602] <Notice>: rules: defer (b4a8982e) -> <pid=57912 token=com.apple.frontboard.systemappservices::sceneID%3Adev.selfhost.firstActivationProbe-default>
    <environment: keyboardFocus; token: 0xB4A8982E> -> <pid: 57912; token: com.apple.frontboard.systemappservices::sceneID%3Adev.selfhost.firstActivationProbe-default> reason: "182-deferDiscrete: SpringBoard: outbound"
Aug 28 14:14:19.007792 backboardd(BackBoardHIDEventFoundation)[65] <Debug>:   SELECT: reject (doesn't match environment:keyboardFocus display:(null)) deferringRule:{<environment: keyboardFocus; token: 0xB4A8982E> -> <pid=57912 token=com.apple.frontboard.systemappservices::sceneID%3Adev.selfhost.firstActivationProbe-default> : 182-deferDiscrete: SpringBoard: outbound} (main)
Aug 28 14:14:19.009014 backboardd(BackBoardHIDEventFoundation)[65] <Debug>:   SELECT: reject (doesn't match environment:keyboardFocus display:builtin) deferringRule:{<environment: keyboardFocus; token: 0xB4A8982E> -> <pid=57912 token=com.apple.frontboard.systemappservices::sceneID%3Adev.selfhost.firstActivationProbe-default> : 182-deferDiscrete: SpringBoard: outbound} (main)
Aug 28 14:14:19.010138 backboardd(BackBoardHIDEventFoundation)[65] <Debug>:   SELECT: complete deferringRule:{<environment: keyboardFocus; token: 0xB4A8982E> -> <pid=57912 token=com.apple.frontboard.systemappservices::sceneID%3Adev.selfhost.firstActivationProbe-default> : 182-deferDiscrete: SpringBoard: outbound}
Aug 28 14:14:19.010215 backboardd(BackBoardHIDEventFoundation)[65] <Debug>:    RDC selected: {<environment: keyboardFocus; token: 0xB4A8982E> -> <pid=57912 token=com.apple.frontboard.systemappservices::sceneID%3Adev.selfhost.firstActivationProbe-default> : 182-deferDiscrete: SpringBoard: outbound}
Aug 28 14:14:19.014263 backboardd(BackBoardHIDEventFoundation)[65] <Debug>:   SELECT: complete deferringRule:{<environment: keyboardFocus; display: builtin; token: com.apple.frontboard.systemappservices::sceneID%3Adev.selfhost.firstActivationProbe-default> -> <pid=57912 token=d8865ec9> : 1-deferDiscrete: UIWindowScene: 0x10600e4f0: Begin event deferring in keyboardFocus for window: 0x1061300d0}
Aug 28 14:14:19.014372 backboardd(BackBoardHIDEventFoundation)[65] <Debug>:    RDC selected: {<environment: keyboardFocus; display: builtin; token: com.apple.frontboard.systemappservices::sceneID%3Adev.selfhost.firstActivationProbe-default> -> <pid=57912 token=d8865ec9> : 1-deferDiscrete: UIWindowScene: 0x10600e4f0: Begin event deferring in keyboardFocus for window: 0x1061300d0}
Aug 28 14:14:19.015309 backboardd(BackBoardHIDEventFoundation)[65] <Debug>:   SELECT: reject (doesn't match environment:system display:(null)) deferringRule:{<environment: keyboardFocus; token: 0xB4A8982E> -> <pid=57912 token=com.apple.frontboard.systemappservices::sceneID%3Adev.selfhost.firstActivationProbe-default> : 182-deferDiscrete: SpringBoard: outbound} (main)
Aug 28 14:14:19.016896 SpringBoard[47602] <Notice>: keyboardFocus environment target added to scene: sceneID:dev.selfhost.firstActivationProbe-default
Aug 28 14:14:19.017647 backboardd(BackBoardHIDEventFoundation)[65] <Debug>:   SELECT: reject (doesn't match environment:system display:(null)) deferringRule:{<environment: keyboardFocus; token: 0xB4A8982E> -> <pid=57912 token=com.apple.frontboard.systemappservices::sceneID%3Adev.selfhost.firstActivationProbe-default> : 182-deferDiscrete: SpringBoard: outbound} (main)
Aug 28 14:14:19.018458 SpringBoard(FrontBoard)[47602] <Info>: Client intercepting scene update for scene: sceneID:dev.selfhost.firstActivationProbe-default
Aug 28 14:14:19.018510 SpringBoard(FrontBoard)[47602] <Debug>: START SCENE MUTATION ------- sceneID:dev.selfhost.firstActivationProbe-default
Aug 28 14:14:19.018590 SpringBoard(FrontBoard)[47602] <Debug>: [FBSceneManager] PENDING:   <BSEventQueueEvent: 0x281dc0c20; sceneUpdatePrepared-sceneID:dev.selfhost.firstActivationProbe-default(4)> @ back
Aug 28 14:14:19.018793 backboardd(BackBoardHIDEventFoundation)[65] <Debug>:   SELECT: reject (doesn't match environment:system display:(null)) deferringRule:{<environment: keyboardFocus; token: 0xB4A8982E> -> <pid=57912 token=com.apple.frontboard.systemappservices::sceneID%3Adev.selfhost.firstActivationProbe-default> : 182-deferDiscrete: SpringBoard: outbound} (main)
Aug 28 14:14:19.019568 runningboardd(RunningBoard)[33] <Notice>: Acquiring assertion targeting [application<dev.selfhost.firstActivationProbe>:57912](UIScene:com.apple.frontboard.systemappservices::sceneID%3Adev.selfhost.firstActivationProbe-default) from originator [daemon<com.apple.SpringBoard>:47602] with description <RBSAssertionDescriptor| "injecting inherited from "UIScene:com.apple.frontboard.systemappservices::com.apple.springboard" to 57912<UIScene:com.apple.frontboard.systemappservices::sceneID%3Adev.selfhost.firstActivationProbe-default>" ID:33-47602-7818 target:57912<UIScene:com.apple.frontboard.systemappservices::sceneID%3Adev.selfhost.firstActivationProbe-default> attributes:[
Aug 28 14:14:19.019630 runningboardd(RunningBoard)[33] <Notice>: Assertion 33-47602-7818 (target:[application<dev.selfhost.firstActivationProbe>:57912](UIScene:com.apple.frontboard.systemappservices::sceneID%3Adev.selfhost.firstActivationProbe-default)) will be created as active
Aug 28 14:14:19.019711 runningboardd(RunningBoard)[33] <Debug>: Sending state 0x1010f2a00 for application<dev.selfhost.firstActivationProbe> to [daemon<com.apple.telephonyutilities.callservicesd>:131]
Aug 28 14:14:19.019865 runningboardd(RunningBoard)[33] <Debug>: Adding assertion 33-47602-7818 (target:[application<dev.selfhost.firstActivationProbe>:57912](UIScene:com.apple.frontboard.systemappservices::sceneID%3Adev.selfhost.firstActivationProbe-default))
Aug 28 14:14:19.019940 runningboardd(RunningBoard)[33] <Info>: application<dev.selfhost.firstActivationProbe> is now targeted by 5 assertions
Aug 28 14:14:19.020809 runningboardd(RunningBoard)[33] <Debug>: Sending state 0x1010f2a00 for application<dev.selfhost.firstActivationProbe> to [daemon<com.apple.backboardd>:65]
Aug 28 14:14:19.020925 runningboardd(RunningBoard)[33] <Debug>: [daemon<com.apple.CommCenter>:90] query resolved to [application<dev.selfhost.firstActivationProbe>:57912]
Aug 28 14:14:19.020987 runningboardd(RunningBoard)[33] <Debug>: BEGIN suppressing state updates for application<dev.selfhost.firstActivationProbe>
Aug 28 14:14:19.021242 runningboardd(RunningBoard)[33] <Debug>: Updating events for assertion: 33-47602-7818 (target:[application<dev.selfhost.firstActivationProbe>:57912](UIScene:com.apple.frontboard.systemappservices::sceneID%3Adev.selfhost.firstActivationProbe-default))
Aug 28 14:14:19.021382 runningboardd(RunningBoard)[33] <Debug>: Removing events for context: 33-47602-7818 (target:[application<dev.selfhost.firstActivationProbe>:57912](UIScene:com.apple.frontboard.systemappservices::sceneID%3Adev.selfhost.firstActivationProbe-default))
Aug 28 14:14:19.021543 Runner(CoreFoundation)[57912] <Debug>: found no value for key LogFirstResponderRestoration in CFPrefsSearchListSource<0x282ba4800> (Domain: com.apple.UIKit, Container: (null))
Aug 28 14:14:19.021666 Runner(CoreFoundation)[57912] <Debug>: looked up value <private> for key AppleLanguages in CFPrefsPlistSource<0x282ba5380> (Domain: kCFPreferencesAnyApplication, User: kCFPreferencesCurrentUser, ByHost: No, Container: (null), Contents Need Refresh: No) via CFPrefsSearchListSource<0x282ba1380> (Domain: dev.selfhost.firstActivationProbe, Container: (null))
Aug 28 14:14:19.021735 Runner(CoreFoundation)[57912] <Debug>: looked up value <private> for key AppleLanguages in CFPrefsPlistSource<0x282ba5380> (Domain: kCFPreferencesAnyApplication, User: kCFPreferencesCurrentUser, ByHost: No, Container: (null), Contents Need Refresh: No) via CFPrefsSearchListSource<0x282ba1380> (Domain: dev.selfhost.firstActivationProbe, Container: (null))
Aug 28 14:14:19.021844 SpringBoard(RunningBoardServices)[47602] <Info>: Update skipped for [application<dev.selfhost.firstActivationProbe>:57912] with state: <RBSProcessState| task:running-active debug:none endowments:[
Aug 28 14:14:19.022103 SpringBoard(RunningBoardServices)[47602] <Info>: Update skipped for [application<dev.selfhost.firstActivationProbe>:57912] with state: <RBSProcessState| task:running-active debug:none endowments:[
Aug 28 14:14:19.022263 SpringBoard(RunningBoardServices)[47602] <Info>: Update skipped for [application<dev.selfhost.firstActivationProbe>:57912] with state: <RBSProcessState| task:running-active debug:none endowments:[
Aug 28 14:14:19.022353 SpringBoard(FrontBoard)[47602] <Info>: [sceneID:dev.selfhost.firstActivationProbe-default] Scene action [Forward Event][0xda6f] completed with success: 1
Aug 28 14:14:19.022413 SpringBoard(FrontBoard)[47602] <Debug>: [FBSceneManager] PENDING:   <BSEventQueueEvent: 0x281d16aa0; updateComplete-sceneID:dev.selfhost.firstActivationProbe-default(4)> @ back
Aug 28 14:14:19.022520 SpringBoard(FrontBoard)[47602] <Info>: [sceneID:dev.selfhost.firstActivationProbe-default] Scene action [Forward Event][0xbccd] completed with success: 1
Aug 28 14:14:19.022590 SpringBoard(FrontBoard)[47602] <Debug>: [FBSceneManager] EXECUTING: <BSEventQueueEvent: 0x281d16aa0; updateComplete-sceneID:dev.selfhost.firstActivationProbe-default(4)>
Aug 28 14:14:19.022653 SpringBoard(FrontBoard)[47602] <Info>: [sceneID:dev.selfhost.firstActivationProbe-default] Scene action [Forward Event][0x84f4] completed with success: 1
Aug 28 14:14:19.023008 Runner(CoreFoundation)[57912] <Debug>: Resource lookup at <private>
Aug 28 14:14:19.023074 Runner(CoreFoundation)[57912] <Debug>: looked up value <private> for key VoiceOverTouchEnabled in CFPrefsPlistSource<0x282ba3700> (Domain: com.apple.Accessibility, User: kCFPreferencesCurrentUser, ByHost: No, Container: (null), Contents Need Refresh: No) via CFPrefsSearchListSource<0x282ba3680> (Domain: com.apple.Accessibility, Container: (null))
Aug 28 14:14:19.023548 Runner(libAccessibility.dylib)[57912] <Debug>: CF Read: domain = com.apple.Accessibility, preference = VoiceOverTouchEnabled, appID = (null) result = 0 (-1 - empty, 0 - false, 1 - true)
Aug 28 14:14:19.023677 Runner(CoreFoundation)[57912] <Debug>: found no value for key AssistiveTouchScannerEnabled in CFPrefsSearchListSource<0x282ba3680> (Domain: com.apple.Accessibility, Container: (null))
Aug 28 14:14:19.023763 Runner(libAccessibility.dylib)[57912] <Debug>: CF Read: domain = com.apple.Accessibility, preference = AssistiveTouchScannerEnabled, appID = (null) result = (null) (-1 - empty, 0 - false, 1 - true)
Aug 28 14:14:19.023835 Runner(CoreFoundation)[57912] <Debug>: found no value for key AssistiveTouchScannerEnabled in CFPrefsPlistSource<0x282ba3700> (Domain: com.apple.Accessibility, User: kCFPreferencesCurrentUser, ByHost: No, Container: (null), Contents Need Refresh: No)
Aug 28 14:14:19.023857 Runner(CoreFoundation)[57912] <Debug>: found no value for key IncreaseButtonLegibilityEnabled in CFPrefsSearchListSource<0x282ba3680> (Domain: com.apple.Accessibility, Container: (null))
Aug 28 14:14:19.023906 Runner(libAccessibility.dylib)[57912] <Debug>: CF Read: domain = com.apple.Accessibility, preference = IncreaseButtonLegibilityEnabled, appID = (null) result = (null) (-1 - empty, 0 - false, 1 - true)
Aug 28 14:14:19.023947 Runner(CoreFoundation)[57912] <Debug>: found no value for key IncreaseButtonLegibilityEnabled in CFPrefsPlistSource<0x282ba3700> (Domain: com.apple.Accessibility, User: kCFPreferencesCurrentUser, ByHost: No, Container: (null), Contents Need Refresh: No)
Aug 28 14:14:19.023995 Runner(CoreFoundation)[57912] <Debug>: found no value for key ReduceMotionAutoplayVideoPreviewsEnabled in CFPrefsSearchListSource<0x282ba3680> (Domain: com.apple.Accessibility, Container: (null))
Aug 28 14:14:19.024039 Runner(libAccessibility.dylib)[57912] <Debug>: CF Read: domain = com.apple.Accessibility, preference = ReduceMotionAutoplayVideoPreviewsEnabled, appID = (null) result = (null) (-1 - empty, 0 - false, 1 - true)
Aug 28 14:14:19.024345 Runner(CoreFoundation)[57912] <Debug>: found no value for key ReduceMotionAutoplayVideoPreviewsEnabled in CFPrefsPlistSource<0x282ba3700> (Domain: com.apple.Accessibility, User: kCFPreferencesCurrentUser, ByHost: No, Container: (null), Contents Need Refresh: No)
Aug 28 14:14:19.024387 Runner(CoreFoundation)[57912] <Debug>: looked up value <private> for key SpeechSettingsDisabledByManagedConfiguration in CFPrefsPlistSource<0x282ba3700> (Domain: com.apple.Accessibility, User: kCFPreferencesCurrentUser, ByHost: No, Container: (null), Contents Need Refresh: No) via CFPrefsSearchListSource<0x282ba3680> (Domain: com.apple.Accessibility, Container: (null))
Aug 28 14:14:19.024409 Runner(libAccessibility.dylib)[57912] <Debug>: CF Read: domain = com.apple.Accessibility, preference = SpeechSettingsDisabledByManagedConfiguration, appID = (null) result = 0 (-1 - empty, 0 - false, 1 - true)
Aug 28 14:14:19.024458 Runner(CoreFoundation)[57912] <Debug>: looked up value <private> for key SpeakThisEnabled in CFPrefsPlistSource<0x282ba3700> (Domain: com.apple.Accessibility, User: kCFPreferencesCurrentUser, ByHost: No, Container: (null), Contents Need Refresh: No) via CFPrefsSearchListSource<0x282ba3680> (Domain: com.apple.Accessibility, Container: (null))
Aug 28 14:14:19.024502 Runner(libAccessibility.dylib)[57912] <Debug>: CF Read: domain = com.apple.Accessibility, preference = SpeakThisEnabled, appID = (null) result = 0 (-1 - empty, 0 - false, 1 - true)
Aug 28 14:14:19.024541 Runner(CoreFoundation)[57912] <Debug>: Resource lookup at <private>
    SceneID: sceneID:dev.selfhost.firstActivationProbe-default
    SceneID: sceneID:dev.selfhost.firstActivationProbe-default
Aug 28 14:14:19.024696 SpringBoard(FrontBoard)[47602] <Debug>: [FBSceneManager] PENDING:   <BSEventQueueEvent: 0x281d05360; sceneUpdateCompleted-sceneID:dev.selfhost.firstActivationProbe-default(4)> @ back
Aug 28 14:14:19.024734 SpringBoard(FrontBoard)[47602] <Debug>: [FBSceneManager] EXECUTING: <BSEventQueueEvent: 0x281d05360; sceneUpdateCompleted-sceneID:dev.selfhost.firstActivationProbe-default(4)>
Aug 28 14:14:19.024782 SpringBoard(FrontBoard)[47602] <Debug>: [FBSceneManager] PENDING:   <BSEventQueueEvent: 0x281d05400; sceneUpdateCompleted-sceneID:dev.selfhost.firstActivationProbe-default(4)> @ front
Aug 28 14:14:19.024820 SpringBoard(FrontBoard)[47602] <Debug>: [FBSceneManager] EXECUTING: <BSEventQueueEvent: 0x281d05400; sceneUpdateCompleted-sceneID:dev.selfhost.firstActivationProbe-default(4)>
Aug 28 14:14:19.024852 runningboardd(RunningBoard)[33] <Debug>: Incrementing suppression state to 1 for application<dev.selfhost.firstActivationProbe>
Aug 28 14:14:19.024905 runningboardd(RunningBoard)[33] <Notice>: Calculated state for application<dev.selfhost.firstActivationProbe>: running-active (role: UserInteractiveFocal)
Aug 28 14:14:19.024947 runningboardd(RunningBoard)[33] <Debug>: SUPPRESSING state update for application<dev.selfhost.firstActivationProbe>: <RBSProcessState| task:running-active debug:none terminationResistance:Interactive endowments:[
	<RBSProcessAssertionInfo| type:2 reason:10000 name:"Domain" domain:"com.apple.frontboard:Bootstrap-Foreground,com.apple.frontboard:Visibility" expl:"FBApplicationProcess">,
	<RBSProcessAssertionInfo| type:1 reason:0 name:"Custom" domain:"(null)" expl:"injecting inherited from "UIScene:com.apple.frontboard.systemappservices::com.apple.springboard" to 57912<UIScene:com.apple.frontboard.systemappservices::sceneID%3Adev.selfhost.firstActivationProbe-default>">
Aug 28 14:14:19.024988 runningboardd(RunningBoard)[33] <Debug>: Sending state 0x1010f2a00 for application<dev.selfhost.firstActivationProbe> to [daemon<com.apple.watchdogd>:57]
Aug 28 14:14:19.025219 SpringBoard(FrontBoard)[47602] <Debug>: [FBSceneManager] PENDING:   <BSEventQueueEvent: 0x281d7ca20; updateComplete-sceneID:dev.selfhost.firstActivationProbe-default(4)> @ back
Aug 28 14:14:19.025263 SpringBoard(FrontBoard)[47602] <Debug>: [FBSceneManager] EXECUTING: <BSEventQueueEvent: 0x281d7ca20; updateComplete-sceneID:dev.selfhost.firstActivationProbe-default(4)>
Aug 28 14:14:19.025301 SpringBoard(FrontBoard)[47602] <Debug>: [FBSceneManager] PENDING:   <BSEventQueueEvent: 0x281d12160; sceneUpdateCompleted-sceneID:dev.selfhost.firstActivationProbe-default(4)> @ back
Aug 28 14:14:19.025348 SpringBoard(FrontBoard)[47602] <Debug>: [FBSceneManager] EXECUTING: <BSEventQueueEvent: 0x281d12160; sceneUpdateCompleted-sceneID:dev.selfhost.firstActivationProbe-default(4)>
Aug 28 14:14:19.025391 SpringBoard(FrontBoard)[47602] <Debug>: [FBSceneManager] PENDING:   <BSEventQueueEvent: 0x281d21e60; sceneUpdateCompleted-sceneID:dev.selfhost.firstActivationProbe-default(4)> @ front
Aug 28 14:14:19.025434 SpringBoard(FrontBoard)[47602] <Debug>: [FBSceneManager] EXECUTING: <BSEventQueueEvent: 0x281d21e60; sceneUpdateCompleted-sceneID:dev.selfhost.firstActivationProbe-default(4)>
Aug 28 14:14:19.025516 SpringBoard(FrontBoard)[47602] <Debug>: [FBSceneManager] PENDING:   <BSEventQueueEvent: 0x281d05400; updateComplete-sceneID:dev.selfhost.firstActivationProbe-default(4)> @ back
Aug 28 14:14:19.025556 runningboardd(RunningBoard)[33] <Info>: Received message from [application<dev.selfhost.firstActivationProbe>:57912] (euid 501, auid 501): statesForPredicate:descriptor:error:
Aug 28 14:14:19.025639 runningboardd(RunningBoard)[33] <Info>: _predicatesMatchOnlyAllowedProcess allowing predicate matching self <RBSProcessPredicate <RBSProcessHandlePredicateImpl| application<dev.selfhost.firstActivationProbe>:57912>> for process [application<dev.selfhost.firstActivationProbe>:57912]
Aug 28 14:14:19.025725 SpringBoard(FrontBoard)[47602] <Debug>: [FBSceneManager] EXECUTING: <BSEventQueueEvent: 0x281d05400; updateComplete-sceneID:dev.selfhost.firstActivationProbe-default(4)>
Aug 28 14:14:19.025772 SpringBoard(FrontBoard)[47602] <Debug>: [FBSceneManager] PENDING:   <BSEventQueueEvent: 0x281d60980; sceneUpdateCompleted-sceneID:dev.selfhost.firstActivationProbe-default(4)> @ back
Aug 28 14:14:19.025822 SpringBoard(FrontBoard)[47602] <Debug>: [FBSceneManager] EXECUTING: <BSEventQueueEvent: 0x281d60980; sceneUpdateCompleted-sceneID:dev.selfhost.firstActivationProbe-default(4)>
Aug 28 14:14:19.025886 SpringBoard(FrontBoard)[47602] <Debug>: [FBSceneManager] PENDING:   <BSEventQueueEvent: 0x281d74560; sceneUpdateCompleted-sceneID:dev.selfhost.firstActivationProbe-default(4)> @ front
Aug 28 14:14:19.025923 SpringBoard(FrontBoard)[47602] <Debug>: [FBSceneManager] EXECUTING: <BSEventQueueEvent: 0x281d74560; sceneUpdateCompleted-sceneID:dev.selfhost.firstActivationProbe-default(4)>
Aug 28 14:14:19.026019 SpringBoard(FrontBoard)[47602] <Info>: [sceneID:dev.selfhost.firstActivationProbe-default] Client settings updated with diff: <private>
Aug 28 14:14:19.026066 SpringBoard(FrontBoard)[47602] <Info>: [sceneID:dev.selfhost.firstActivationProbe-default] didUpdateClientSettingsWithDiff: <private>
Aug 28 14:14:19.026112 SpringBoard(FrontBoard)[47602] <Debug>: [FBSceneManager] PENDING:   <BSEventQueueEvent: 0x281d7aec0; handleDidUpdateClientSettings-sceneID:dev.selfhost.firstActivationProbe-default(4)> @ back
Aug 28 14:14:19.026171 SpringBoard(FrontBoard)[47602] <Debug>: [FBSceneManager] EXECUTING: <BSEventQueueEvent: 0x281d7aec0; handleDidUpdateClientSettings-sceneID:dev.selfhost.firstActivationProbe-default(4)>
Aug 28 14:14:19.026310 SpringBoard(FrontBoard)[47602] <Debug>: [FBSceneManager] PENDING:   <BSEventQueueEvent: 0x281d7ad20; didUpdateClientSettings-sceneID:dev.selfhost.firstActivationProbe-default(4)> @ back
Aug 28 14:14:19.026355 SpringBoard(FrontBoard)[47602] <Debug>: [FBSceneManager] PENDING:   <BSEventQueueEvent: 0x281d7ca20; didUpdateClientSettingsCompletion-sceneID:dev.selfhost.firstActivationProbe-default(4)> @ back
Aug 28 14:14:19.026546 SpringBoard(FrontBoard)[47602] <Debug>: [FBSceneManager] EXECUTING: <BSEventQueueEvent: 0x281d7ad20; didUpdateClientSettings-sceneID:dev.selfhost.firstActivationProbe-default(4)>
Aug 28 14:14:19.026584 SpringBoard(FrontBoard)[47602] <Debug>: [FBSceneManager] PENDING:   <BSEventQueueEvent: 0x281d4c080; didUpdateClientSettings-sceneID:dev.selfhost.firstActivationProbe-default(4)> @ front
Aug 28 14:14:19.026642 SpringBoard(FrontBoard)[47602] <Debug>: [FBSceneManager] EXECUTING: <BSEventQueueEvent: 0x281d4c080; didUpdateClientSettings-sceneID:dev.selfhost.firstActivationProbe-default(4)>
Aug 28 14:14:19.026800 SpringBoard(FrontBoard)[47602] <Debug>: [FBSceneManager] EXECUTING: <BSEventQueueEvent: 0x281d7ca20; didUpdateClientSettingsCompletion-sceneID:dev.selfhost.firstActivationProbe-default(4)>
Aug 28 14:14:19.026946 Runner(RunningBoardServices)[57912] <Debug>: Decoded RBSProcessHandle with IPC ID 1e7682530000e238
Aug 28 14:14:19.026994 Runner(RunningBoardServices)[57912] <Notice>: Creating side-channel connection to com.apple.runningboard
Aug 28 14:14:19.027033 Runner(RunningBoardServices)[57912] <Notice>: Hit the server for a process handle 1e7682530000e238 that resolved to: [application<dev.selfhost.firstActivationProbe>:57912]
Aug 28 14:14:19.027073 Runner(RunningBoardServices)[57912] <Info>: Acquiring assertion: <RBSAssertionDescriptor| "systemAnimationFence" ID:(null) target:57912>
Aug 28 14:14:19.027124 Runner(Flutter)[57912] <Notice>: [shorebird] Patch check response: PatchCheckResponse { patch_available: true, patch: Some(Patch { number: 8, hash: "6d48638409b6b601e0881e1796742908863960b5f76176d697e3efe115d27c2c", download_url: "http://10.0.0.7:18080/download/bc1f262c583b3f66b54fe36532cf9e3b?exp=1787941159&sig=172b7f369681015d7f80d1ae732f68aa9ea1e9fd9762f1e731dc2321ccff78e5", hash_signature: None }), rolled_back_patch_numbers: Some([]) }
Aug 28 14:14:19.027248 runningboardd(RunningBoard)[33] <Info>: Received message from [application<dev.selfhost.firstActivationProbe>:57912] (euid 501, auid 501): lookupHandleForKey:error:
Aug 28 14:14:19.027311 runningboardd(RunningBoard)[33] <Info>: _predicatesMatchOnlyAllowedProcess allowing predicate matching self <RBSProcessPredicate <RBSProcessHandlePredicateImpl| application<dev.selfhost.firstActivationProbe>:57912>> for process [application<dev.selfhost.firstActivationProbe>:57912]
Aug 28 14:14:19.027354 runningboardd(RunningBoard)[33] <Info>: Received message from [application<dev.selfhost.firstActivationProbe>:57912] (euid 501, auid 501): acquireAssertionWithDescriptor:error:
Aug 28 14:14:19.027666 runningboardd(RunningBoard)[33] <Notice>: Acquiring assertion targeting [application<dev.selfhost.firstActivationProbe>:57912] from originator [application<dev.selfhost.firstActivationProbe>:57912] with description <RBSAssertionDescriptor| "systemAnimationFence" ID:33-57912-7819 target:57912 attributes:[
Aug 28 14:14:19.027731 runningboardd(RunningBoard)[33] <Notice>: Assertion 33-57912-7819 (target:[application<dev.selfhost.firstActivationProbe>:57912]) will be created as inactive as start-time-defining assertions exist
Aug 28 14:14:19.027931 runningboardd(RunningBoard)[33] <Debug>: Enqueueing events for assertion: 33-47602-7818 (target:[application<dev.selfhost.firstActivationProbe>:57912](UIScene:com.apple.frontboard.systemappservices::sceneID%3Adev.selfhost.firstActivationProbe-default))
Aug 28 14:14:19.027969 runningboardd(RunningBoard)[33] <Info>: [application<dev.selfhost.firstActivationProbe>:57912] Applying updated state
Aug 28 14:14:19.028080 runningboardd(RunningBoard)[33] <Info>: Received message from [application<dev.selfhost.firstActivationProbe>:57912] (euid 501, auid 501): async_invalidateAssertionWithIdentifier:
Aug 28 14:14:19.028137 runningboardd(RunningBoard)[33] <Debug>: Adding assertion 33-57912-7819 (target:[application<dev.selfhost.firstActivationProbe>:57912])
Aug 28 14:14:19.028276 runningboardd(RunningBoard)[33] <Info>: application<dev.selfhost.firstActivationProbe> is now targeted by 6 assertions
Aug 28 14:14:19.028352 runningboardd(RunningBoard)[33] <Info>: Finished acquiring assertion 33-57912-7819 (target:[application<dev.selfhost.firstActivationProbe>:57912])
Aug 28 14:14:19.028406 runningboardd(RunningBoard)[33] <Notice>: Invalidating assertion 33-57912-7819 (target:[application<dev.selfhost.firstActivationProbe>:57912]) from originator [application<dev.selfhost.firstActivationProbe>:57912]
    <RBSInheritance| environment:UIScene:com.apple.frontboard.systemappservices::sceneID%3Adev.selfhost.firstActivationProbe-default name:com.apple.frontboard.visibility origID:33-47602-7818 payload>
Aug 28 14:14:19.028492 runningboardd(RunningBoard)[33] <Info>: Finished acquiring assertion 33-47602-7818 (target:[application<dev.selfhost.firstActivationProbe>:57912](UIScene:com.apple.frontboard.systemappservices::sceneID%3Adev.selfhost.firstActivationProbe-default))
Aug 28 14:14:19.028541 runningboardd(RunningBoard)[33] <Debug>: Updating events for assertion: 33-57912-7819 (target:[application<dev.selfhost.firstActivationProbe>:57912])
Aug 28 14:14:19.028579 runningboardd(RunningBoard)[33] <Debug>: Removing events for context: 33-57912-7819 (target:[application<dev.selfhost.firstActivationProbe>:57912])
Aug 28 14:14:19.028618 runningboardd(RunningBoard)[33] <Debug>: Decrementing suppression state to 0 for application<dev.selfhost.firstActivationProbe>
Aug 28 14:14:19.028708 runningboardd(RunningBoard)[33] <Debug>: END suppressing state updates for application<dev.selfhost.firstActivationProbe>
Aug 28 14:14:19.029271 mediaserverd(RunningBoardServices)[36] <Info>: Update skipped for [application<dev.selfhost.firstActivationProbe>:57912] with state: <RBSProcessState| task:running-active debug:none endowments:[
Aug 28 14:14:19.029753 symptomsd(SymptomNetworkUsage)[170] <Debug>: Dynamic lookup for E01B2FEA-36F1-3C21-AADE-93AC8E03F45C found entry dev.selfhost.firstActivationProbe
Aug 28 14:14:19.030024 Runner(RunningBoardServices)[57912] <Debug>: Adding assertion 33-57912-7819 to dictionary
Aug 28 14:14:19.030080 SpringBoard(RunningBoardServices)[47602] <Info>: Update skipped for [application<dev.selfhost.firstActivationProbe>:57912] with state: <RBSProcessState| task:running-active debug:none endowments:[
Aug 28 14:14:19.030160 mediaserverd(RunningBoardServices)[36] <Info>: Update skipped for [application<dev.selfhost.firstActivationProbe>:57912] with state: <RBSProcessState| task:running-active debug:none endowments:[
Aug 28 14:14:19.030212 Runner(RunningBoardServices)[57912] <Debug>: Received message from server: async_didChangeInheritances:completion:
Aug 28 14:14:19.030248 Runner(RunningBoardServices)[57912] <Info>: didChangeInheritances
Aug 28 14:14:19.030270 Runner(RunningBoardServices)[57912] <Info>: didChangeInheritances: <RBSInheritanceChangeSet| gained:{(
    <RBSInheritance| environment:UIScene:com.apple.frontboard.systemappservices::sceneID%3Adev.selfhost.firstActivationProbe-default name:com.apple.frontboard.visibility origID:33-47602-7818 payload>
Aug 28 14:14:19.030342 Runner(Flutter)[57912] <Notice>: [shorebird] Downloading patch 8 for app 235a9d93-ef97-6372-d78a-ce88f798a726 (version 1.3.0+1)
Aug 28 14:14:19.030507 Runner(Flutter)[57912] <Notice>: [shorebird] Downloading patch from: http://10.0.0.7:18080/download/bc1f262c583b3f66b54fe36532cf9e3b?exp=1787941159&sig=172b7f369681015d7f80d1ae732f68aa9ea1e9fd9762f1e731dc2321ccff78e5
Aug 28 14:14:19.030545 Runner(CoreFoundation)[57912] <Debug>: Resource lookup at <private>
Aug 28 14:14:19.031479 cfprefsd(CoreFoundation)[91] <Debug>: Process 57912 (Runner) sent a request related to { com.apple.Metal, user: kCFPreferencesAnyUser, kCFPreferencesCurrentHost, /Library/Managed Preferences/com.apple.Metal.plist, managed: 1 } (0x101812d60)
Aug 28 14:14:19.031573 cfprefsd(CoreFoundation)[91] <Debug>: Process 57912 (Runner) sent a request related to { com.apple.Metal, user: mobile, kCFPreferencesAnyHost, /var/mobile/Library/Preferences/com.apple.Metal.plist, managed: 0 } (0x101812d60)
Aug 28 14:14:19.031667 cfprefsd(CoreFoundation)[91] <Debug>: Process 57912 (Runner) sent a request related to { com.apple.Metal, user: kCFPreferencesAnyUser, kCFPreferencesCurrentHost, /var/preferences/com.apple.Metal.plist, managed: 0 } (0x100329ed0)
Aug 28 14:14:19.031972 runningboardd(RunningBoard)[33] <Debug>: Sending state update for application<dev.selfhost.firstActivationProbe>: <RBSProcessState| task:running-active debug:none terminationResistance:Interactive endowments:[
	<RBSProcessAssertionInfo| type:2 reason:10000 name:"Domain" domain:"com.apple.frontboard:Bootstrap-Foreground,com.apple.frontboard:Visibility" expl:"FBApplicationProcess">,
	<RBSProcessAssertionInfo| type:1 reason:0 name:"Custom" domain:"(null)" expl:"injecting inherited from "UIScene:com.apple.frontboard.systemappservices::com.apple.springboard" to 57912<UIScene:com.apple.frontboard.systemappservices::sceneID%3Adev.selfhost.firstActivationProbe-default>">
Aug 28 14:14:19.032012 runningboardd(RunningBoard)[33] <Debug>: Sending state 0x1011e5cd0 for application<dev.selfhost.firstActivationProbe> to [daemon<com.apple.SpringBoard>:47602]
Aug 28 14:14:19.032055 SpringBoard(RunningBoardServices)[47602] <Info>: Update skipped for [application<dev.selfhost.firstActivationProbe>:57912] with state: <RBSProcessState| task:running-active debug:none endowments:[
Aug 28 14:14:19.032102 SpringBoard(RunningBoardServices)[47602] <Info>: Update skipped for [application<dev.selfhost.firstActivationProbe>:57912] with state: <RBSProcessState| task:running-active debug:none endowments:[
Aug 28 14:14:19.032197 SpringBoard(UserNotificationsServer)[47602] <Notice>: [dev.selfhost.firstActivationProbe] dev.selfhost.firstActivationProbe application state changed to ForegroundRunning
Aug 28 14:14:19.034589 mediaserverd(RunningBoardServices)[36] <Info>: Update skipped for [application<dev.selfhost.firstActivationProbe>:57912] with state: <RBSProcessState| task:running-active debug:none endowments:[
Aug 28 14:14:19.034786 mediaserverd(RunningBoardServices)[36] <Info>: Update skipped for [application<dev.selfhost.firstActivationProbe>:57912] with state: <RBSProcessState| task:running-active debug:none endowments:[
Aug 28 14:14:19.035285 Runner(Flutter)[57912] <Notice>: [shorebird] Downloaded patch to: "/private/var/mobile/Containers/Data/Application/18E6667F-E66B-4E74-92D9-B14869861554/Library/Application Support/shorebird/shorebird_updater/downloads/8" (1056 bytes)
Aug 28 14:14:19.035400 Runner(Flutter)[57912] <Notice>: [shorebird] Inflating patch from "/private/var/mobile/Containers/Data/Application/18E6667F-E66B-4E74-92D9-B14869861554/Library/Application Support/shorebird/shorebird_updater/downloads/8" (1056 bytes)
Aug 28 14:14:19.035468 Runner(Flutter)[57912] <Notice>: [shorebird] Patch successfully applied to "/private/var/mobile/Containers/Data/Application/18E6667F-E66B-4E74-92D9-B14869861554/Library/Application Support/shorebird/shorebird_updater/patches/8/dlc.vmcode". patch_file=1056b base_size=2423551b decompressed_into_pipe=1739b decompressed_out_of_pipe=1739b base_read=0b base_last_seek_pos=0 base_seeks=1 output_written=1727b
Aug 28 14:14:19.035777 Runner(Flutter)[57912] <Notice>: [shorebird] Patch 8 successfully downloaded. It will be launched when the app next restarts.
Aug 28 14:14:19.035844 Runner(Flutter)[57912] <Notice>: [shorebird] Update thread finished with status: Update installed
Aug 28 14:14:19.035903 UserEventAgent(RunningBoardServices)[30] <Notice>: Hit the server for a process handle 1e7682530000e238 that resolved to: [application<dev.selfhost.firstActivationProbe>:57912]
Aug 28 14:14:19.036238 UserEventAgent(RunningBoardServices)[30] <Info>: Update delivered for [application<dev.selfhost.firstActivationProbe>:57912] with taskState 4
Aug 28 14:14:19.036379 UserEventAgent(ADEventListenerPlugin)[30] <Debug>: AppStateChange: <private> (57912) terminated => foregroundRunning
Aug 28 14:14:19.036846 SpringBoard(RunningBoardServices)[47602] <Info>: Update skipped for [application<dev.selfhost.firstActivationProbe>:57912] with state: <RBSProcessState| task:running-active debug:none endowments:[
Aug 28 14:14:19.036903 SpringBoard(RunningBoardServices)[47602] <Info>: Update skipped for [application<dev.selfhost.firstActivationProbe>:57912] with state: <RBSProcessState| task:running-active debug:none endowments:[
Aug 28 14:14:19.037044 SpringBoard(RunningBoardServices)[47602] <Info>: Update skipped for [application<dev.selfhost.firstActivationProbe>:57912] with state: <RBSProcessState| task:running-active debug:none endowments:[
Aug 28 14:14:19.037119 SpringBoard(RunningBoardServices)[47602] <Info>: Update skipped for [application<dev.selfhost.firstActivationProbe>:57912] with state: <RBSProcessState| task:running-active debug:none endowments:[
Aug 28 14:14:19.038788 SpringBoard(UserNotificationsServer)[47602] <Notice>: [dev.selfhost.firstActivationProbe] Ignore becoming foreground for application without push registration
Aug 28 14:14:19.043259 SpringBoard(UIKitCore)[47602] <Notice>: [sceneID:dev.selfhost.firstActivationProbe-default] Setting deactivation reasons to: '(none)' for reason: updateAllScenesForBand - Assertion removed.
Aug 28 14:14:19.043505 SpringBoard(FrontBoard)[47602] <Info>: Client intercepting scene update for scene: sceneID:dev.selfhost.firstActivationProbe-default
Aug 28 14:14:19.043525 SpringBoard(FrontBoard)[47602] <Debug>: START SCENE MUTATION ------- sceneID:dev.selfhost.firstActivationProbe-default
Aug 28 14:14:19.043569 SpringBoard(FrontBoard)[47602] <Debug>: [FBSceneManager] PENDING:   <BSEventQueueEvent: 0x281dcbac0; sceneUpdatePrepared-sceneID:dev.selfhost.firstActivationProbe-default(5)> @ back
Aug 28 14:14:19.043607 SpringBoard(FrontBoard)[47602] <Debug>: [FBSceneManager] PENDING:   <BSEventQueueEvent: 0x281dcc720; applySettings-sceneID:dev.selfhost.firstActivationProbe-default(5)> @ back
Aug 28 14:14:19.043630 SpringBoard(FrontBoard)[47602] <Debug>: Flushing all events for sceneID:dev.selfhost.firstActivationProbe-default
Aug 28 14:14:19.043680 SpringBoard(FrontBoard)[47602] <Debug>: [FBSceneManager] EXECUTING: <BSEventQueueEvent: 0x281dcbac0; sceneUpdatePrepared-sceneID:dev.selfhost.firstActivationProbe-default(5)>
Aug 28 14:14:19.043759 SpringBoard(FrontBoard)[47602] <Debug>: [FBSceneManager] PENDING:   <BSEventQueueEvent: 0x281dcbca0; sceneUpdatePrepared-sceneID:dev.selfhost.firstActivationProbe-default(5)> @ front
Aug 28 14:14:19.043838 SpringBoard(FrontBoard)[47602] <Debug>: [FBSceneManager] EXECUTING: <BSEventQueueEvent: 0x281dcbca0; sceneUpdatePrepared-sceneID:dev.selfhost.firstActivationProbe-default(5)>
Aug 28 14:14:19.043977 SpringBoard(FrontBoard)[47602] <Debug>: [FBSceneManager] EXECUTING: <BSEventQueueEvent: 0x281dcc720; applySettings-sceneID:dev.selfhost.firstActivationProbe-default(5)>
Aug 28 14:14:19.044025 SpringBoard(FrontBoard)[47602] <Debug>: [FBSceneManager] PENDING:   <BSEventQueueEvent: 0x281dcb8a0; sceneUpdateApplied-sceneID:dev.selfhost.firstActivationProbe-default(5)> @ back
Aug 28 14:14:19.044070 SpringBoard(FrontBoard)[47602] <Debug>: [FBSceneManager] PENDING:   <BSEventQueueEvent: 0x281dcf060; sceneMutationCompletion-sceneID:dev.selfhost.firstActivationProbe-default(5)> @ back
Aug 28 14:14:19.044109 SpringBoard(FrontBoard)[47602] <Debug>: [FBSceneManager] EXECUTING: <BSEventQueueEvent: 0x281dcb8a0; sceneUpdateApplied-sceneID:dev.selfhost.firstActivationProbe-default(5)>
Aug 28 14:14:19.044152 SpringBoard(FrontBoard)[47602] <Debug>: [FBSceneManager] PENDING:   <BSEventQueueEvent: 0x281dcb9a0; sceneUpdateApplied-sceneID:dev.selfhost.firstActivationProbe-default(5)> @ front
Aug 28 14:14:19.044204 SpringBoard(FrontBoard)[47602] <Info>: [sceneID:dev.selfhost.firstActivationProbe-default] Sending scene action [Forward Event][0x6765] to process 0x1050111b0 (watchdog: none)
Aug 28 14:14:19.044243 SpringBoard(FrontBoard)[47602] <Debug>: [FBSceneManager] EXECUTING: <BSEventQueueEvent: 0x281dcb9a0; sceneUpdateApplied-sceneID:dev.selfhost.firstActivationProbe-default(5)>
Aug 28 14:14:19.044365 SpringBoard(FrontBoard)[47602] <Debug>: [FBSceneManager] EXECUTING: <BSEventQueueEvent: 0x281dcf060; sceneMutationCompletion-sceneID:dev.selfhost.firstActivationProbe-default(5)>
Aug 28 14:14:19.044420 SpringBoard(FrontBoard)[47602] <Debug>: ---------- END SCENE MUTATION: sceneID:dev.selfhost.firstActivationProbe-default
Aug 28 14:14:19.044740 Runner(CoreFoundation)[57912] <Debug>: Resource lookup at <private>
Aug 28 14:14:19.044778 Runner(CoreFoundation)[57912] <Debug>: Resource lookup at <private>
Aug 28 14:14:19.044837 Runner(UIKitCore)[57912] <Notice>: sceneOfRecord: sceneID: sceneID:dev.selfhost.firstActivationProbe-default  persistentID: B7C92D38-5DA8-4390-9C14-F2517D743BA8
Aug 28 14:14:19.044887 Runner(UIKitCore)[57912] <Notice>: Deactivation reason removed: 12; deactivation reasons: 4128 -> 32; animating application lifecycle event: 1
Aug 28 14:14:19.044937 Runner(UIKitCore)[57912] <Notice>: Deactivation reason removed: 5; deactivation reasons: 32 -> 0; animating application lifecycle event: 0
Aug 28 14:14:19.044976 Runner(CoreAnalytics)[57912] <Info>: Daemon status changed from 0 to 1
Aug 28 14:14:19.045050 Runner(CoreFoundation)[57912] <Debug>: Resource lookup at <private>
Aug 28 14:14:19.045122 Runner(CoreFoundation)[57912] <Debug>: Resource lookup at <private>
Aug 28 14:14:19.045171 Runner(HangTracer)[57912] <Info>: HTPrefs initialization
Aug 28 14:14:19.045195 Runner(CoreFoundation)[57912] <Info>: Loading Preferences From System CFPrefsD
Aug 28 14:14:19.045234 Runner(CoreFoundation)[57912] <Debug>: CFPrefsPlistSource<0x282bbc680> (Domain: com.apple.da, User: kCFPreferencesCurrentUser, ByHost: No, Container: (null), Contents Need Refresh: No) loaded: a new base plist and no additional changes from the base plist
Aug 28 14:14:19.045283 Runner(CoreFoundation)[57912] <Debug>: found no value for key HTEPL.HangTracerEnableCustomerMode in CFPrefsPlistSource<0x282bbc680> (Domain: com.apple.da, User: kCFPreferencesCurrentUser, ByHost: No, Container: (null), Contents Need Refresh: No)
Aug 28 14:14:19.045323 Runner(CoreFoundation)[57912] <Debug>: found no value for key PLTasking.HangTracerEnableCustomerMode in CFPrefsPlistSource<0x282bbc680> (Domain: com.apple.da, User: kCFPreferencesCurrentUser, ByHost: No, Container: (null), Contents Need Refresh: No)
Aug 28 14:14:19.045366 Runner(CoreFoundation)[57912] <Debug>: found no value for key HangTracerEnableCustomerMode in CFPrefsPlistSource<0x282bbc680> (Domain: com.apple.da, User: kCFPreferencesCurrentUser, ByHost: No, Container: (null), Contents Need Refresh: No)
Aug 28 14:14:19.045417 Runner(CoreFoundation)[57912] <Debug>: found no value for key PDSEHangTracer.HangTracerEnableCustomerMode in CFPrefsPlistSource<0x282bbc680> (Domain: com.apple.da, User: kCFPreferencesCurrentUser, ByHost: No, Container: (null), Contents Need Refresh: No)
Aug 28 14:14:19.045754 Runner(CoreFoundation)[57912] <Debug>: found no value for key PDSEHTThirdParty.HangTracerEnableCustomerMode in CFPrefsPlistSource<0x282bbc680> (Domain: com.apple.da, User: kCFPreferencesCurrentUser, ByHost: No, Container: (null), Contents Need Refresh: No)
Aug 28 14:14:19.045787 Runner(CoreFoundation)[57912] <Debug>: found no value for key PDSEHTRateOnly.HangTracerEnableCustomerMode in CFPrefsPlistSource<0x282bbc680> (Domain: com.apple.da, User: kCFPreferencesCurrentUser, ByHost: No, Container: (null), Contents Need Refresh: No)
Aug 28 14:14:19.045810 Runner(CoreFoundation)[57912] <Debug>: found no value for key PDSESentry.HangTracerEnableCustomerMode in CFPrefsPlistSource<0x282bbc680> (Domain: com.apple.da, User: kCFPreferencesCurrentUser, ByHost: No, Container: (null), Contents Need Refresh: No)
Aug 28 14:14:19.045867 Runner(HangTracer)[57912] <Debug>: HTPrefs: HangTracerEnableCustomerMode was not found in the com.apple.da domain, a profile, by EPL, by PowerLog Tasking domain, by HT Self Enablement or by HT Sentry Enablement
Aug 28 14:14:19.045918 Runner(HangTracer)[57912] <Info>: HTPrefs: Refreshing preferences
Aug 28 14:14:19.045957 Runner(CoreFoundation)[57912] <Debug>: found no value for key HTEPL.HangTracerEnableCustomerMode in CFPrefsPlistSource<0x282bbc680> (Domain: com.apple.da, User: kCFPreferencesCurrentUser, ByHost: No, Container: (null), Contents Need Refresh: No)
Aug 28 14:14:19.046007 Runner(CoreFoundation)[57912] <Debug>: found no value for key PLTasking.HangTracerEnableCustomerMode in CFPrefsPlistSource<0x282bbc680> (Domain: com.apple.da, User: kCFPreferencesCurrentUser, ByHost: No, Container: (null), Contents Need Refresh: No)
Aug 28 14:14:19.046055 Runner(CoreFoundation)[57912] <Debug>: found no value for key HangTracerEnableCustomerMode in CFPrefsPlistSource<0x282bbc680> (Domain: com.apple.da, User: kCFPreferencesCurrentUser, ByHost: No, Container: (null), Contents Need Refresh: No)
Aug 28 14:14:19.046120 Runner(CoreFoundation)[57912] <Debug>: found no value for key PDSEHangTracer.HangTracerEnableCustomerMode in CFPrefsPlistSource<0x282bbc680> (Domain: com.apple.da, User: kCFPreferencesCurrentUser, ByHost: No, Container: (null), Contents Need Refresh: No)
Aug 28 14:14:19.046170 Runner(CoreFoundation)[57912] <Debug>: found no value for key PDSEHTThirdParty.HangTracerEnableCustomerMode in CFPrefsPlistSource<0x282bbc680> (Domain: com.apple.da, User: kCFPreferencesCurrentUser, ByHost: No, Container: (null), Contents Need Refresh: No)
Aug 28 14:14:19.046221 Runner(CoreFoundation)[57912] <Debug>: found no value for key PDSEHTRateOnly.HangTracerEnableCustomerMode in CFPrefsPlistSource<0x282bbc680> (Domain: com.apple.da, User: kCFPreferencesCurrentUser, ByHost: No, Container: (null), Contents Need Refresh: No)
Aug 28 14:14:19.046262 Runner(CoreFoundation)[57912] <Debug>: found no value for key PDSESentry.HangTracerEnableCustomerMode in CFPrefsPlistSource<0x282bbc680> (Domain: com.apple.da, User: kCFPreferencesCurrentUser, ByHost: No, Container: (null), Contents Need Refresh: No)
Aug 28 14:14:19.046285 Runner(HangTracer)[57912] <Debug>: HTPrefs: HangTracerEnableCustomerMode was not found in the com.apple.da domain, a profile, by EPL, by PowerLog Tasking domain, by HT Self Enablement or by HT Sentry Enablement
Aug 28 14:14:19.046336 Runner(HangTracer)[57912] <Debug>: Preparing prefInitList
Aug 28 14:14:19.046364 Runner(CoreFoundation)[57912] <Debug>: found no value for key HTEPL.HangTracerEnabled in CFPrefsPlistSource<0x282bbc680> (Domain: com.apple.da, User: kCFPreferencesCurrentUser, ByHost: No, Container: (null), Contents Need Refresh: No)
Aug 28 14:14:19.046414 Runner(CoreFoundation)[57912] <Debug>: found no value for key PLTasking.HangTracerEnabled in CFPrefsPlistSource<0x282bbc680> (Domain: com.apple.da, User: kCFPreferencesCurrentUser, ByHost: No, Container: (null), Contents Need Refresh: No)
Aug 28 14:14:19.046438 Runner(CoreFoundation)[57912] <Debug>: found no value for key HangTracerEnabled in CFPrefsPlistSource<0x282bbc680> (Domain: com.apple.da, User: kCFPreferencesCurrentUser, ByHost: No, Container: (null), Contents Need Refresh: No)
Aug 28 14:14:19.046743 SpringBoard(FrontBoard)[47602] <Info>: [sceneID:dev.selfhost.firstActivationProbe-default] Scene action [Forward Event][0x6765] completed with success: 1
Aug 28 14:14:19.046781 SpringBoard(FrontBoard)[47602] <Debug>: [FBSceneManager] PENDING:   <BSEventQueueEvent: 0x281d43b00; updateComplete-sceneID:dev.selfhost.firstActivationProbe-default(5)> @ back
Aug 28 14:14:19.046843 SpringBoard(FrontBoard)[47602] <Info>: [sceneID:dev.selfhost.firstActivationProbe-default] Client settings updated with diff: <private>
Aug 28 14:14:19.046890 SpringBoard(FrontBoard)[47602] <Debug>: [FBSceneManager] EXECUTING: <BSEventQueueEvent: 0x281d43b00; updateComplete-sceneID:dev.selfhost.firstActivationProbe-default(5)>
Aug 28 14:14:19.046936 SpringBoard(FrontBoard)[47602] <Debug>: [FBSceneManager] PENDING:   <BSEventQueueEvent: 0x281d5c5c0; sceneUpdateCompleted-sceneID:dev.selfhost.firstActivationProbe-default(5)> @ back
Aug 28 14:14:19.046982 SpringBoard(FrontBoard)[47602] <Debug>: [FBSceneManager] EXECUTING: <BSEventQueueEvent: 0x281d5c5c0; sceneUpdateCompleted-sceneID:dev.selfhost.firstActivationProbe-default(5)>
Aug 28 14:14:19.047026 SpringBoard(FrontBoard)[47602] <Debug>: [FBSceneManager] PENDING:   <BSEventQueueEvent: 0x281d5f640; sceneUpdateCompleted-sceneID:dev.selfhost.firstActivationProbe-default(5)> @ front
Aug 28 14:14:19.047068 SpringBoard(FrontBoard)[47602] <Debug>: [FBSceneManager] EXECUTING: <BSEventQueueEvent: 0x281d5f640; sceneUpdateCompleted-sceneID:dev.selfhost.firstActivationProbe-default(5)>
Aug 28 14:14:19.047167 SpringBoard(FrontBoard)[47602] <Info>: [sceneID:dev.selfhost.firstActivationProbe-default] didUpdateClientSettingsWithDiff: <private>
Aug 28 14:14:19.047210 SpringBoard(FrontBoard)[47602] <Debug>: [FBSceneManager] PENDING:   <BSEventQueueEvent: 0x281d5cfe0; handleDidUpdateClientSettings-sceneID:dev.selfhost.firstActivationProbe-default(5)> @ back
Aug 28 14:14:19.047251 SpringBoard(FrontBoard)[47602] <Debug>: [FBSceneManager] EXECUTING: <BSEventQueueEvent: 0x281d5cfe0; handleDidUpdateClientSettings-sceneID:dev.selfhost.firstActivationProbe-default(5)>
Aug 28 14:14:19.047366 SpringBoard(FrontBoard)[47602] <Debug>: [FBSceneManager] PENDING:   <BSEventQueueEvent: 0x281dcb760; didUpdateClientSettings-sceneID:dev.selfhost.firstActivationProbe-default(5)> @ back
Aug 28 14:14:19.047396 SpringBoard(FrontBoard)[47602] <Debug>: [FBSceneManager] PENDING:   <BSEventQueueEvent: 0x281dcbca0; didUpdateClientSettingsCompletion-sceneID:dev.selfhost.firstActivationProbe-default(5)> @ back
Aug 28 14:14:19.047586 SpringBoard(FrontBoard)[47602] <Debug>: [FBSceneManager] EXECUTING: <BSEventQueueEvent: 0x281dcb760; didUpdateClientSettings-sceneID:dev.selfhost.firstActivationProbe-default(5)>
Aug 28 14:14:19.047628 cfprefsd(CoreFoundation)[91] <Debug>: Process 57912 (Runner) sent a request related to { com.apple.da, user: mobile, kCFPreferencesAnyHost, /var/mobile/Library/Preferences/com.apple.da.plist, managed: 0 } (0x100307ae0)
Aug 28 14:14:19.047671 SpringBoard(FrontBoard)[47602] <Debug>: [FBSceneManager] PENDING:   <BSEventQueueEvent: 0x281d50aa0; didUpdateClientSettings-sceneID:dev.selfhost.firstActivationProbe-default(5)> @ front
Aug 28 14:14:19.047694 SpringBoard(FrontBoard)[47602] <Debug>: [FBSceneManager] EXECUTING: <BSEventQueueEvent: 0x281d50aa0; didUpdateClientSettings-sceneID:dev.selfhost.firstActivationProbe-default(5)>
Aug 28 14:14:19.047804 SpringBoard(FrontBoard)[47602] <Debug>: [FBSceneManager] EXECUTING: <BSEventQueueEvent: 0x281dcbca0; didUpdateClientSettingsCompletion-sceneID:dev.selfhost.firstActivationProbe-default(5)>
Aug 28 14:14:19.048082 cfprefsd(CoreFoundation)[91] <Debug>: Process 57912 (Runner) read data for { com.apple.da, mobile, kCFPreferencesAnyHost, /var/mobile/Library/Preferences/com.apple.da.plist, managed: 0 }, backed by /private/var/mobile/Library/Preferences/com.apple.da.plist
Aug 28 14:14:19.048126 Runner(CoreFoundation)[57912] <Debug>: found no value for key PDSEHangTracer.HangTracerEnabled in CFPrefsPlistSource<0x282bbc680> (Domain: com.apple.da, User: kCFPreferencesCurrentUser, ByHost: No, Container: (null), Contents Need Refresh: No)
Aug 28 14:14:19.048164 Runner(CoreFoundation)[57912] <Debug>: found no value for key PDSEHTThirdParty.HangTracerEnabled in CFPrefsPlistSource<0x282bbc680> (Domain: com.apple.da, User: kCFPreferencesCurrentUser, ByHost: No, Container: (null), Contents Need Refresh: No)
Aug 28 14:14:19.048215 Runner(CoreFoundation)[57912] <Debug>: found no value for key PDSEHTRateOnly.HangTracerEnabled in CFPrefsPlistSource<0x282bbc680> (Domain: com.apple.da, User: kCFPreferencesCurrentUser, ByHost: No, Container: (null), Contents Need Refresh: No)
Aug 28 14:14:19.048268 Runner(CoreFoundation)[57912] <Debug>: found no value for key PDSESentry.HangTracerEnabled in CFPrefsPlistSource<0x282bbc680> (Domain: com.apple.da, User: kCFPreferencesCurrentUser, ByHost: No, Container: (null), Contents Need Refresh: No)
Aug 28 14:14:19.048314 Runner(HangTracer)[57912] <Debug>: HTPrefs: HangTracerEnabled was not found in the com.apple.da domain, a profile, by EPL, by PowerLog Tasking domain, by HT Self Enablement or by HT Sentry Enablement
Aug 28 14:14:19.048360 Runner(HangTracer)[57912] <Info>: Posting notification com.apple.hangtracer.htprefs.refreshed
Aug 28 14:14:19.053331 runningboardd(RunningBoard)[33] <Debug>: Sending state 0x1010f2a00 for application<dev.selfhost.firstActivationProbe> to [daemon<com.apple.wifid>:52]
Aug 28 14:14:19.053483 runningboardd(RunningBoard)[33] <Debug>: Removing assertion 33-57912-7819 on [application<dev.selfhost.firstActivationProbe>:57912]
Aug 28 14:14:19.053532 runningboardd(RunningBoard)[33] <Debug>: Updating events for assertion: 33-57912-7819 (target:[application<dev.selfhost.firstActivationProbe>:57912])
Aug 28 14:14:19.053568 runningboardd(RunningBoard)[33] <Debug>: Removing events for context: 33-57912-7819 (target:[application<dev.selfhost.firstActivationProbe>:57912])
Aug 28 14:14:19.053607 runningboardd(RunningBoard)[33] <Debug>: > application<dev.selfhost.firstActivationProbe> ['RB Underlying Assertion'] [33-33-7815]
Aug 28 14:14:19.053644 runningboardd(RunningBoard)[33] <Debug>: > application<dev.selfhost.firstActivationProbe> ['Shared Background Assertion 0 for dev.selfhost.firstActivationProbe'] [33-57912-7817]
Aug 28 14:14:19.053695 runningboardd(RunningBoard)[33] <Info>: application<dev.selfhost.firstActivationProbe> is now targeted by 5 assertions
Aug 28 14:14:19.053863 runningboardd(RunningBoard)[33] <Debug>: > 57912 ['Shared Background Assertion 0 for dev.selfhost.firstActivationProbe'] [33-57912-7817]
Aug 28 14:14:19.053902 runningboardd(RunningBoard)[33] <Debug>: > 57912 ['injecting inherited from "UIScene:com.apple.frontboard.systemappservices::com.apple.springboard" to 57912<UIScene:com.apple.frontboard.systemappservices::sceneID%3Adev.selfhost.firstActivationProbe-default>'] [33-47602-7818]
Aug 28 14:14:19.054015 runningboardd(RunningBoard)[33] <Debug>: Sending state 0x1010f2a00 for application<dev.selfhost.firstActivationProbe> to [daemon<com.apple.CommCenter>:90]
Aug 28 14:14:19.055557 CommCenter(RunningBoardServices)[90] <Info>: Update delivered for [application<dev.selfhost.firstActivationProbe>:57912] with taskState 4
Aug 28 14:14:19.057633 runningboardd(RunningBoard)[33] <Debug>: Sending state 0x1010f2a00 for application<dev.selfhost.firstActivationProbe> to [daemon<com.apple.coreservices.useractivityd>:184]
        <SBSDisplayLayoutElement: 0x2836c85b0; sceneID:dev.selfhost.firstActivationProbe-default; bundleID: dev.selfhost.firstActivationProbe; frame: {{0, 0}, {375, 667}}; level: 1; role: primary>;
Aug 28 14:14:19.062743 chronod(ChronoCore)[102] <Notice>: noting foreground launch for dev.selfhost.firstActivationProbe with widget extension; trigger metadata query
Aug 28 14:14:19.067185 mediaserverd(CoreMotion)[36] <Debug>: Ping timer fired, resetting watchdog
Aug 28 14:14:19.072205 watchdogd(RunningBoardServices)[57] <Debug>: Received message from server: async_observedProcessStatesDidChange:completion:
Aug 28 14:14:19.072793 watchdogd(RunningBoardServices)[57] <Info>: observedProcessStatesDidChange
Aug 28 14:14:19.073097 watchdogd(RunningBoardServices)[57] <Debug>: Decoded RBSProcessHandle with IPC ID 1e7682530000e238
Aug 28 14:14:19.073412 symptomsd(RunningBoardServices)[170] <Notice>: Hit the server for a process handle 1e7682530000e238 that resolved to: [application<dev.selfhost.firstActivationProbe>:57912]
Aug 28 14:14:19.075855 bluetoothd(CoreUtils)[86] <Notice>: SystemUI unknown identifier: 'sceneID:dev.selfhost.firstActivationProbe-default' / 'dev.selfhost.firstActivationProbe'
Aug 28 14:14:19.076813 sharingd[66] <Debug>: SystemUI unknown identifier: 'sceneID:dev.selfhost.firstActivationProbe-default'/ 'dev.selfhost.firstActivationProbe'
Aug 28 14:14:19.081278 runningboardd(RunningBoard)[33] <Debug>: Sending state 0x1010f2a00 for application<dev.selfhost.firstActivationProbe> to [daemon<com.apple.locationd>:69]
Aug 28 14:14:19.082456 runningboardd(RunningBoard)[33] <Debug>: Sending state 0x1010f2a00 for application<dev.selfhost.firstActivationProbe> to [daemon<com.apple.dasd>:94]
Aug 28 14:14:19.088130 symptomsd(SymptomNetworkUsage)[170] <Debug>: 57912 dev.selfhost.firstActivationProbe: ForegroundRunning (most elevated: ForegroundRunning)
Aug 28 14:14:19.088296 runningboardd(RunningBoard)[33] <Debug>: Sending state 0x1010f2a00 for application<dev.selfhost.firstActivationProbe> to [daemon<com.apple.aggregated>:50213]
Aug 28 14:14:19.088490 symptomsd(RunningBoardServices)[170] <Info>: Update delivered for [application<dev.selfhost.firstActivationProbe>:57912] with taskState 4
Aug 28 14:14:19.091083 CommCenter(RunningBoardServices)[90] <Info>: Update skipped for [application<dev.selfhost.firstActivationProbe>:57912] with state: <RBSProcessState| task:running-active debug:none endowments:[
Aug 28 14:14:19.092695 symptomsd(RunningBoardServices)[170] <Info>: Update skipped for [application<dev.selfhost.firstActivationProbe>:57912] with state: <RBSProcessState| task:running-active debug:none endowments:[
Aug 28 14:14:19.094193 backboardd(RunningBoardServices)[65] <Notice>: Hit the server for a process handle 1e7682530000e238 that resolved to: [application<dev.selfhost.firstActivationProbe>:57912]
Aug 28 14:14:19.094532 backboardd(RunningBoardServices)[65] <Info>: Update delivered for [application<dev.selfhost.firstActivationProbe>:57912] with taskState 4
Aug 28 14:14:19.095396 backboardd(RunningBoardServices)[65] <Info>: Update skipped for [application<dev.selfhost.firstActivationProbe>:57912] with state: <RBSProcessState| task:running-active debug:none endowments:[
Aug 28 14:14:19.095979 kbd(RunningBoardServices)[303] <Notice>: Hit the server for a process handle 1e7682530000e238 that resolved to: [application<dev.selfhost.firstActivationProbe>:57912]
Aug 28 14:14:19.096396 kbd(RunningBoardServices)[303] <Info>: Update delivered for [application<dev.selfhost.firstActivationProbe>:57912] with taskState 4
Aug 28 14:14:19.097213 callservicesd(RunningBoardServices)[131] <Notice>: Hit the server for a process handle 1e7682530000e238 that resolved to: [application<dev.selfhost.firstActivationProbe>:57912]
Aug 28 14:14:19.097650 callservicesd(RunningBoardServices)[131] <Info>: Update delivered for [application<dev.selfhost.firstActivationProbe>:57912] with taskState 4
Aug 28 14:14:19.098211 runningboardd(RunningBoard)[33] <Info>: Received message from [daemon<com.apple.watchdogd>:57] (euid 0, auid 0): lookupHandleForKey:error:
Aug 28 14:14:19.098528 wifid(RunningBoardServices)[52] <Notice>: Hit the server for a process handle 1e7682530000e238 that resolved to: [application<dev.selfhost.firstActivationProbe>:57912]
Aug 28 14:14:19.098889 watchdogd(RunningBoardServices)[57] <Notice>: Hit the server for a process handle 1e7682530000e238 that resolved to: [application<dev.selfhost.firstActivationProbe>:57912]
Aug 28 14:14:19.099136 watchdogd(RunningBoardServices)[57] <Notice>: Received state update for 57912
Aug 28 14:14:19.101487 useractivityd(RunningBoardServices)[184] <Notice>: Hit the server for a process handle 1e7682530000e238 that resolved to: [application<dev.selfhost.firstActivationProbe>:57912]
Aug 28 14:14:19.102113 watchdogd(RunningBoardServices)[57] <Info>: Update delivered for [application<dev.selfhost.firstActivationProbe>:57912] with taskState 4
Aug 28 14:14:19.102909 useractivityd(RunningBoardServices)[184] <Info>: Update delivered for [application<dev.selfhost.firstActivationProbe>:57912] with taskState 4
Aug 28 14:14:19.105186 kbd(RunningBoardServices)[303] <Info>: Update skipped for [application<dev.selfhost.firstActivationProbe>:57912] with state: <RBSProcessState| task:running-active debug:none endowments:[
Aug 28 14:14:19.106199 useractivityd(RunningBoardServices)[184] <Info>: Update skipped for [application<dev.selfhost.firstActivationProbe>:57912] with state: <RBSProcessState| task:running-active debug:none endowments:[
Aug 28 14:14:19.110103 runningboardd(RunningBoard)[33] <Debug>: [daemon<com.apple.SpringBoard>:47602] query resolved to [application<dev.selfhost.firstActivationProbe>:57912]
Aug 28 14:14:19.110999 watchdogd[57] <Info>: 1310506846570416: <private>
Aug 28 14:14:19.111150 watchdogd(RunningBoardServices)[57] <Debug>: Received message from server: async_observedProcessStatesDidChange:completion:
Aug 28 14:14:19.111327 watchdogd(RunningBoardServices)[57] <Info>: observedProcessStatesDidChange
Aug 28 14:14:19.111543 watchdogd(RunningBoardServices)[57] <Debug>: Decoded RBSProcessHandle with IPC ID 1e7682530000e238
Aug 28 14:14:19.111732 watchdogd(RunningBoardServices)[57] <Notice>: Received state update for 57912
Aug 28 14:14:19.112777 watchdogd(RunningBoardServices)[57] <Info>: Update skipped for [application<dev.selfhost.firstActivationProbe>:57912] with state: <RBSProcessState| task:running-active debug:none endowments:[
Aug 28 14:14:19.114215 callservicesd(RunningBoardServices)[131] <Info>: Update skipped for [application<dev.selfhost.firstActivationProbe>:57912] with state: <RBSProcessState| task:running-active debug:none endowments:[
Aug 28 14:14:19.114860 locationd(RunningBoardServices)[69] <Notice>: Hit the server for a process handle 1e7682530000e238 that resolved to: [application<dev.selfhost.firstActivationProbe>:57912]
Aug 28 14:14:19.115149 locationd(RunningBoardServices)[69] <Info>: Update delivered for [application<dev.selfhost.firstActivationProbe>:57912] with taskState 4
Aug 28 14:14:19.122001 locationd[69] <Notice>: {"msg":"#CLIUA Marking change", "clientKey":"dev.selfhost.firstActivationProbe", "reason":"Process state from RunningBoard", "assertionLevel":5, "coming":1}
Aug 28 14:14:19.123949 locationd[69] <Info>: getClientEffectiveRegistrationResult, , dev.selfhost.firstActivationProbe, , CLClientRegistrationResult, kCLClientRegistrationResultFailedUnavailable, CLCommonLocationServicesEnabled, 1
Aug 28 14:14:19.123987 locationd[69] <Info>: getClientEffectiveRegistrationResult, , dev.selfhost.firstActivationProbe, , CLClientRegistrationResult, kCLClientRegistrationResultFailedUnavailable, CLCommonLocationServicesEnabled, 1
Aug 28 14:14:19.124048 locationd[69] <Debug>: {"msg":"Skip UpdateClientServiceTypeMasks #pla for zones. No InterestZones", "ClientKey":"dev.selfhost.firstActivationProbe"}
Aug 28 14:14:19.126327 locationd(RunningBoardServices)[69] <Info>: Update skipped for [application<dev.selfhost.firstActivationProbe>:57912] with state: <RBSProcessState| task:running-active debug:none endowments:[
Aug 28 14:14:19.126381 contextstored(RunningBoardServices)[61] <Notice>: Hit the server for a process handle 1e7682530000e238 that resolved to: [application<dev.selfhost.firstActivationProbe>:57912]
Aug 28 14:14:19.126480 contextstored(RunningBoardServices)[61] <Info>: Update delivered for [application<dev.selfhost.firstActivationProbe>:57912] with taskState 4
Aug 28 14:14:19.126799 contextstored(RunningBoardServices)[61] <Info>: Update skipped for [application<dev.selfhost.firstActivationProbe>:57912] with state: <RBSProcessState| task:running-active debug:none endowments:[
Aug 28 14:14:19.126974 dasd(RunningBoardServices)[94] <Notice>: Hit the server for a process handle 1e7682530000e238 that resolved to: [application<dev.selfhost.firstActivationProbe>:57912]
Aug 28 14:14:19.127108 aggregated(RunningBoardServices)[50213] <Notice>: Hit the server for a process handle 1e7682530000e238 that resolved to: [application<dev.selfhost.firstActivationProbe>:57912]
Aug 28 14:14:19.127795 aggregated(RunningBoardServices)[50213] <Info>: Update delivered for [application<dev.selfhost.firstActivationProbe>:57912] with taskState 4
Aug 28 14:14:19.130401 aggregated(RunningBoardServices)[50213] <Info>: Update skipped for [application<dev.selfhost.firstActivationProbe>:57912] with state: <RBSProcessState| task:running-active debug:none endowments:[
Aug 28 14:14:19.132076 dasd(RunningBoardServices)[94] <Info>: Update delivered for [application<dev.selfhost.firstActivationProbe>:57912] with taskState 4
Aug 28 14:14:19.132215 dasd(RunningBoardServices)[94] <Info>: Update skipped for [application<dev.selfhost.firstActivationProbe>:57912] with state: <RBSProcessState| task:running-active debug:none endowments:[
Aug 28 14:14:19.136847 UserEventAgent(RunningBoardServices)[30] <Info>: Update delivered for [application<dev.selfhost.firstActivationProbe>:57912] with taskState 4
Aug 28 14:14:19.137937 wifid(WiFiPolicy)[52] <Notice>: WifiDeviceManagerCatsWhitelistedApp: CATS en0:  deviceManager:0x10582dc00 FgApp:dev.selfhost.firstActivationProbe stateChange:1 whitelisted=1
Aug 28 14:14:19.138314 wifid(WiFiPolicy)[52] <Notice>: WiFiDeviceManagerCatsSetLowLatencyApp: CATSUpdate en0: fgApp:dev.selfhost.firstActivationProbe b=0x0 rc=0
Aug 28 14:14:19.138414 wifid(WiFiPolicy)[52] <Notice>: WiFiDeviceManagerCatsSetForegroundApp: CATSUpdate en0: fgApp:dev.selfhost.firstActivationProbe hs=0 t=1 wl=1 rc=1
Aug 28 14:14:19.140476 wifid(RunningBoardServices)[52] <Info>: Update delivered for [application<dev.selfhost.firstActivationProbe>:57912] with taskState 4
Aug 28 14:14:19.140694 wifid(RunningBoardServices)[52] <Info>: Update skipped for [application<dev.selfhost.firstActivationProbe>:57912] with state: <RBSProcessState| task:running-active debug:none endowments:[
Aug 28 14:14:19.147591 nearbyd(CoreMotion)[157] <Debug>: Ping timer fired, resetting watchdog
Aug 28 14:14:19.155707 dasd(RunningBoardServices)[94] <Info>: Update delivered for [application<dev.selfhost.firstActivationProbe>:57912] with taskState 4
Aug 28 14:14:19.156093 dasd(RunningBoardServices)[94] <Info>: Update skipped for [application<dev.selfhost.firstActivationProbe>:57912] with state: <RBSProcessState| task:running-active debug:none endowments:[
Aug 28 14:14:19.156403 dasd(RunningBoardServices)[94] <Info>: Update delivered for [application<dev.selfhost.firstActivationProbe>:57912] with taskState 4
Aug 28 14:14:19.156515 dasd(RunningBoardServices)[94] <Info>: Update skipped for [application<dev.selfhost.firstActivationProbe>:57912] with state: <RBSProcessState| task:running-active debug:none endowments:[
Aug 28 14:14:19.158133 UserEventAgent(RunningBoardServices)[30] <Info>: Update delivered for [application<dev.selfhost.firstActivationProbe>:57912] with taskState 4
Aug 28 14:14:19.158281 UserEventAgent(RunningBoardServices)[30] <Info>: Update skipped for [application<dev.selfhost.firstActivationProbe>:57912] with state: <RBSProcessState| task:running-active debug:none endowments:[
	<RBSProcessAssertionInfo| type:2 reason:10000 name:"Domain" domain:"com.apple.frontboard:Bootstrap-Foreground,com.apple.frontboard:Visibility" expl:"FBApplicationProcess">,
	<RBSProcessAssertionInfo| type:1 reason:0 name:"Custom" domain:"(null)" expl:"injecting inherited from "UIScene:com.apple.frontboard.systemappservices::com.apple.springboard" to 57912<UIScene:com.apple.frontboard.systemappservices::sceneID%3Adev.selfhost.firstActivationProbe-default>">
Aug 28 14:14:19.160397 locationd[69] <Debug>: Ping timer fired, resetting watchdog
Aug 28 14:14:19.169245 symptomsd(SymptomNetworkUsage)[170] <Debug>: Dynamic lookup for E01B2FEA-36F1-3C21-AADE-93AC8E03F45C found entry dev.selfhost.firstActivationProbe
Aug 28 14:14:19.172941 symptomsd(SymptomNetworkUsage)[170] <Debug>: Dynamic lookup for E01B2FEA-36F1-3C21-AADE-93AC8E03F45C found entry dev.selfhost.firstActivationProbe
Aug 28 14:14:19.174516 symptomsd(SymptomNetworkUsage)[170] <Info>: handleApplicationStateChangeForDisplayName: name dev.selfhost.firstActivationProbe uuid E01B2FEA-36F1-3C21-AADE-93AC8E03F45C pid 57912 state BKSApplicationStateForegroundRunning
Aug 28 14:14:19.175596 symptomsd(SymptomNetworkUsage)[170] <Debug>: Dynamic lookup for E01B2FEA-36F1-3C21-AADE-93AC8E03F45C found entry dev.selfhost.firstActivationProbe
Aug 28 14:14:19.176426 symptomsd(SymptomEvaluator)[170] <Info>: COSMCtrl foregroundAppObserver gets E01B2FEA-36F1-3C21-AADE-93AC8E03F45C for dev.selfhost.firstActivationProbe state 1
Aug 28 14:14:19.176528 symptomsd(SymptomEvaluator)[170] <Debug>: COSMCtrl _foregroundAppActivity entry for E01B2FEA-36F1-3C21-AADE-93AC8E03F45C -> dev.selfhost.firstActivationProbe  fg 1
Aug 28 14:14:19.176645 symptomsd(SymptomEvaluator)[170] <Debug>: COSMCtrl _foregroundAppActivity exit for E01B2FEA-36F1-3C21-AADE-93AC8E03F45C -> dev.selfhost.firstActivationProbe  policy id 0  fg 1 fg-activity 0
Aug 28 14:14:19.177319 symptomsd(SymptomEvaluator)[170] <Debug>: Flow data on entry is Runner TCP4 flow id 1235695 (close) so pkts rx 2 tx 2, bytes 594 424 cell 0 0 wifi 674 504 wired 0 0 deltas 594 424 0 0 674 504 0 0
src 1235695 snapshot: Runner TCP4 flow id 1235695 (close) so pkts rx 2 tx 2, bytes 594 424 cell 0 0 wifi 674 504 wired 0 0 deltas 594 424 0 0 674 504 0 0
Aug 28 14:14:19.178228 symptomsd(SymptomEvaluator)[170] <Debug>: --> activityBitmaps: adding new bitmaps for app [dev.selfhost.firstActivationProbe] with bitmaps starting at 1310504: [             0x1] [               0]
Aug 28 14:14:19.178347 symptomsd(SymptomEvaluator)[170] <Debug>: --> activityBitmaps for dev.selfhost.firstActivationProbe: current bitmaps stored before adding new bitmap: [Activity time: 03:58:45.000 -0400 (1307400) ] [wordOffset: 3, numOfWords:6] <               0          0x10010 0x1000000000000000                0 0x800008000000000        0x8000000 >
Aug 28 14:14:19.178474 symptomsd(SymptomEvaluator)[170] <Debug>: --> activityBitmaps for dev.selfhost.firstActivationProbe: flowId 1235695, startTime 1310504, new bitmap part1:              0x1, part2:                0
Aug 28 14:14:19.178654 symptomsd(SymptomEvaluator)[170] <Debug>: --> activityBitmaps for dev.selfhost.firstActivationProbe: current bitmaps stored after adding new bitmap: [Activity time: 04:07:17.000 -0400 (1307912) ] [wordOffset: 4, numOfWords:8] <         0x10010 0x1000000000000000                0 0x800008000000000        0x8000000             0x10                0                0 >
Aug 28 14:14:19.180189 symptomsd(SymptomEvaluator)[170] <Debug>: found LU hint (mode: 1) for dev.selfhost.firstActivationProbe: 0x102829350, subscriber tag: 0
Aug 28 14:14:19.180338 symptomsd(SymptomEvaluator)[170] <Notice>: Data Usage for dev.selfhost.firstActivationProbe on flow 1235695 - WiFi in/out: 28340/23930, WiFi delta_in/delta_out: 674/504, Cell in/out: 0/0, Cell delta_in/delta_out: 0/0, RNF: 0, subscriber tag: 0
Aug 28 14:14:19.180477 symptomsd(SymptomEvaluator)[170] <Debug>: Data Usage for dev.selfhost.firstActivationProbe on flow 1235695 - Wired in/out: 0/0, Wired delta_in/delta_out: 0/0, subscriber tag: 0
Aug 28 14:14:19.180808 symptomsd(SymptomEvaluator)[170] <Debug>: Flow data on entry is Runner TCP4 flow id 1235697 (close) so pkts rx 3 tx 1, bytes 1330 225 cell 0 0 wifi 1450 265 wired 0 0 deltas 1330 225 0 0 1450 265 0 0
src 1235697 snapshot: Runner TCP4 flow id 1235697 (close) so pkts rx 3 tx 1, bytes 1330 225 cell 0 0 wifi 1450 265 wired 0 0 deltas 1330 225 0 0 1450 265 0 0
Aug 28 14:14:19.182058 symptomsd(SymptomEvaluator)[170] <Debug>: --> activityBitmaps: adding new bitmaps for app [dev.selfhost.firstActivationProbe] with bitmaps starting at 1310504: [             0x1] [               0]
Aug 28 14:14:19.182227 symptomsd(SymptomEvaluator)[170] <Debug>: --> activityBitmaps for dev.selfhost.firstActivationProbe: current bitmaps stored before adding new bitmap: [Activity time: 04:07:17.000 -0400 (1307912) ] [wordOffset: 4, numOfWords:8] <         0x10010 0x1000000000000000                0 0x800008000000000        0x8000000             0x10                0                0 >
Aug 28 14:14:19.182406 symptomsd(SymptomEvaluator)[170] <Debug>: --> activityBitmaps for dev.selfhost.firstActivationProbe: flowId 1235697, startTime 1310504, new bitmap part1:              0x1, part2:                0
Aug 28 14:14:19.184268 symptomsd(SymptomEvaluator)[170] <Debug>: --> activityBitmaps for dev.selfhost.firstActivationProbe: current bitmaps stored after adding new bitmap: [Activity time: 04:07:17.000 -0400 (1307912) ] [wordOffset: 4, numOfWords:8] <         0x10010 0x1000000000000000                0 0x800008000000000        0x8000000             0x10                0                0 >
Aug 28 14:14:19.185277 symptomsd(SymptomEvaluator)[170] <Debug>: found LU hint (mode: 1) for dev.selfhost.firstActivationProbe: 0x102829350, subscriber tag: 0
Aug 28 14:14:19.185514 symptomsd(SymptomEvaluator)[170] <Notice>: Data Usage for dev.selfhost.firstActivationProbe on flow 1235697 - WiFi in/out: 29790/24195, WiFi delta_in/delta_out: 1450/265, Cell in/out: 0/0, Cell delta_in/delta_out: 0/0, RNF: 0, subscriber tag: 0
Aug 28 14:14:19.185694 symptomsd(SymptomEvaluator)[170] <Debug>: Data Usage for dev.selfhost.firstActivationProbe on flow 1235697 - Wired in/out: 0/0, Wired delta_in/delta_out: 0/0, subscriber tag: 0
Aug 28 14:14:19.185946 symptomsd(SymptomEvaluator)[170] <Debug>: Flow data on entry is Runner TCP4 flow id 1235699 (close) so pkts rx 2 tx 2, bytes 258 547 cell 0 0 wifi 338 627 wired 0 0 deltas 258 547 0 0 338 627 0 0
src 1235699 snapshot: Runner TCP4 flow id 1235699 (close) so pkts rx 2 tx 2, bytes 258 547 cell 0 0 wifi 338 627 wired 0 0 deltas 258 547 0 0 338 627 0 0
Aug 28 14:14:19.186219 symptomsd(SymptomEvaluator)[170] <Debug>: --> activityBitmaps: adding new bitmaps for app [dev.selfhost.firstActivationProbe] with bitmaps starting at 1310504: [             0x1] [               0]
Aug 28 14:14:19.186441 symptomsd(SymptomEvaluator)[170] <Debug>: --> activityBitmaps for dev.selfhost.firstActivationProbe: current bitmaps stored before adding new bitmap: [Activity time: 04:07:17.000 -0400 (1307912) ] [wordOffset: 4, numOfWords:8] <         0x10010 0x1000000000000000                0 0x800008000000000        0x8000000             0x10                0                0 >
Aug 28 14:14:19.186475 symptomsd(SymptomEvaluator)[170] <Debug>: --> activityBitmaps for dev.selfhost.firstActivationProbe: flowId 1235699, startTime 1310504, new bitmap part1:              0x1, part2:                0
Aug 28 14:14:19.186539 symptomsd(SymptomEvaluator)[170] <Debug>: --> activityBitmaps for dev.selfhost.firstActivationProbe: current bitmaps stored after adding new bitmap: [Activity time: 04:07:17.000 -0400 (1307912) ] [wordOffset: 4, numOfWords:8] <         0x10010 0x1000000000000000                0 0x800008000000000        0x8000000             0x10                0                0 >
Aug 28 14:14:19.187251 symptomsd(SymptomEvaluator)[170] <Debug>: found LU hint (mode: 1) for dev.selfhost.firstActivationProbe: 0x102829350, subscriber tag: 0
Aug 28 14:14:19.187375 symptomsd(SymptomEvaluator)[170] <Notice>: Data Usage for dev.selfhost.firstActivationProbe on flow 1235699 - WiFi in/out: 30128/24822, WiFi delta_in/delta_out: 338/627, Cell in/out: 0/0, Cell delta_in/delta_out: 0/0, RNF: 0, subscriber tag: 0
Aug 28 14:14:19.187614 symptomsd(SymptomEvaluator)[170] <Debug>: Data Usage for dev.selfhost.firstActivationProbe on flow 1235699 - Wired in/out: 0/0, Wired delta_in/delta_out: 0/0, subscriber tag: 0
Aug 28 14:14:19.187663 symptomsd(SymptomEvaluator)[170] <Info>: changedForegroundState to 1 for dev.selfhost.firstActivationProbe
Aug 28 14:14:19.187868 symptomsd(SymptomEvaluator)[170] <Debug>: app name dev.selfhost.firstActivationProbe isForeground 1  hasForegroundApps 1, current idea of foreground 0 disp (null)
Aug 28 14:14:19.187962 symptomsd(SymptomEvaluator)[170] <Notice>: dev.selfhost.firstActivationProbe: Foreground: true
Aug 28 14:14:19.188010 symptomsd(SymptomEvaluator)[170] <Debug>: found LU hint (mode: 1) for dev.selfhost.firstActivationProbe: 0x102829350, subscriber tag: 0
Aug 28 14:14:19.188107 symptomsd(SymptomEvaluator)[170] <Info>: Set appCompactState object 54950 for key dev.selfhost.firstActivationProbe
Aug 28 14:14:19.245793 Runner(CoreFoundation)[57912] <Debug>: Resource lookup at <private>
Aug 28 14:14:19.252367 Runner(CoreFoundation)[57912] <Debug>: found no value for key EnhancedTextLegibilityEnabled in CFPrefsSearchListSource<0x282ba1380> (Domain: dev.selfhost.firstActivationProbe, Container: (null))
Aug 28 14:14:19.252783 Runner(libAccessibility.dylib)[57912] <Debug>: CF Read: domain = dev.selfhost.firstActivationProbe, preference = EnhancedTextLegibilityEnabled, appID = dev.selfhost.firstActivationProbe result = (null) (-1 - empty, 0 - false, 1 - true)
Aug 28 14:14:19.252944 Runner(CoreFoundation)[57912] <Debug>: found no value for key DarkenSystemColors in CFPrefsSearchListSource<0x282ba1380> (Domain: dev.selfhost.firstActivationProbe, Container: (null))
Aug 28 14:14:19.253055 Runner(libAccessibility.dylib)[57912] <Debug>: CF Read: domain = dev.selfhost.firstActivationProbe, preference = DarkenSystemColors, appID = dev.selfhost.firstActivationProbe result = (null) (-1 - empty, 0 - false, 1 - true)
Aug 28 14:14:19.253125 Runner(CoreFoundation)[57912] <Debug>: found no value for key InvertColorsEnabled in CFPrefsSearchListSource<0x282ba1380> (Domain: dev.selfhost.firstActivationProbe, Container: (null))
Aug 28 14:14:19.253315 Runner(libAccessibility.dylib)[57912] <Debug>: CF Read: domain = dev.selfhost.firstActivationProbe, preference = InvertColorsEnabled, appID = dev.selfhost.firstActivationProbe result = (null) (-1 - empty, 0 - false, 1 - true)
Aug 28 14:14:19.260788 SpringBoard(SplashBoard)[47602] <Info>: <XBApplicationSnapshot: 0x109ddf7d0; …2F3B89D0D3F1> [dev.selfhost.firstActivationProbe] Purging the cached image; force: 0; _imageAccessCount: 0; _keepImageAccessUntilExpiration: 0; _hasProtectedContent: 0; _keepImageAccessForPreheat: 0
<SBTransitionSwitcherModifierEvent: 0x28216ca00; type: MainTransition; transitionID: 97B3A54D-5746-4488-A7C6-6059F0719E4D; phase: Complete; animated: YES; fromAppLayout: 0x0; toAppLayout: <SBAppLayout: 0x28080b340; primary: dev.selfhost.firstActivationProbe:default; environment: main>; fromEnvironmentMode: home-screen; toEnvironmentMode: application; pendingTermination: {(
)}; activating: <SBAppLayout: 0x28080b340; primary: dev.selfhost.firstActivationProbe:default; environment: main>; dosidoTransitionDirection: 0>
		    <SBIconOverlayVisibilitySwitcherEventResponse: 0x28086e680; visible: NO; appLayout: <SBAppLayout: 0x28080b340; primary: dev.selfhost.firstActivationProbe:default; environment: main>>;
		    <SBIconViewVisibilitySwitcherEventResponse: 0x283e0fd90; visible: YES; animationSettings: 0x0; appLayout: <SBAppLayout: 0x28080b340; primary: dev.selfhost.firstActivationProbe:default; environment: main>>;
		    <SBMatchMoveToIconViewSwitcherEventResponse: 0x28081e080; active: NO; appLayout: <SBAppLayout: 0x28080b340; primary: dev.selfhost.firstActivationProbe:default; environment: main>>;
Aug 28 14:14:19.336061 Runner(UIKitCore)[57912] <Notice>: <private>: Ending background task with UIBackgroundTaskIdentifier: 1
Aug 28 14:14:19.336188 Runner(UIKitCore)[57912] <Notice>: <private>: Ending task with identifier 1 and description: <private>, _expireHandler: <__NSGlobalBlock__: 0x1ec737410>
Aug 28 14:14:19.336399 Runner(UIKitCore)[57912] <Notice>: <private>: Decrementing reference count for assertion used by background task with identifier 1: <private>
Aug 28 14:14:19.336474 Runner(UIKitCore)[57912] <Notice>: <private>: Will invalidate assertion: <BKSProcessAssertion: 0x2826a74d0> for task identifier: 1
Aug 28 14:14:19.336818 runningboardd(RunningBoard)[33] <Info>: Received message from [application<dev.selfhost.firstActivationProbe>:57912] (euid 501, auid 501): async_invalidateAssertionWithIdentifier:
Aug 28 14:14:19.338572 SpringBoard[47602] <Notice>: Front display did change: <SBApplication: 0x28242b100; dev.selfhost.firstActivationProbe>
Aug 28 14:14:19.342368 runningboardd(RunningBoard)[33] <Notice>: Invalidating assertion 33-57912-7817 (target:[application<dev.selfhost.firstActivationProbe>:57912]) from originator [application<dev.selfhost.firstActivationProbe>:57912]
Aug 28 14:14:19.357339 Runner(CoreFoundation)[57912] <Debug>: found no value for key ReduceMotionEnabled in CFPrefsSearchListSource<0x282ba1380> (Domain: dev.selfhost.firstActivationProbe, Container: (null))
Aug 28 14:14:19.357386 Runner(libAccessibility.dylib)[57912] <Debug>: CF Read: domain = dev.selfhost.firstActivationProbe, preference = ReduceMotionEnabled, appID = dev.selfhost.firstActivationProbe result = (null) (-1 - empty, 0 - false, 1 - true)
        <SBDeviceApplicationSceneEntity: 0x283e82120; ID: sceneID:dev.selfhost.firstActivationProbe-default; layoutRole: primary>
                            Application: <SBDeviceApplicationSceneEntity: 0x283e82120; ID: sceneID:dev.selfhost.firstActivationProbe-default; layoutRole: primary>
                            SceneID: sceneID:dev.selfhost.firstActivationProbe-default
                                    Process: <FBApplicationProcess: 0x1050111b0; application<dev.selfhost.firstActivationProbe>:57912(v73262)>
                                    SceneID: sceneID:dev.selfhost.firstActivationProbe-default
                                        TIME: 14:14:18.737; DESCRIPTION: Updating scene with watchdog policy: RunWatchdog
        <SBDeviceApplicationSceneEntity: 0x283e82120; ID: sceneID:dev.selfhost.firstActivationProbe-default; layoutRole: primary>
        <SBDeviceApplicationSceneEntity: 0x283e82120; ID: sceneID:dev.selfhost.firstActivationProbe-default; layoutRole: primary>
Aug 28 14:14:19.361460 runningboardd(RunningBoard)[33] <Debug>: [daemon<com.apple.CommCenter>:90] query resolved to [application<dev.selfhost.firstActivationProbe>:57912]
Aug 28 14:14:19.361746 sharingd[66] <Debug>: SystemUI unknown identifier: 'sceneID:dev.selfhost.firstActivationProbe-default'/ 'dev.selfhost.firstActivationProbe'
Aug 28 14:14:19.361770 bluetoothd(CoreUtils)[86] <Notice>: SystemUI unknown identifier: 'sceneID:dev.selfhost.firstActivationProbe-default' / 'dev.selfhost.firstActivationProbe'
        <SBSDisplayLayoutElement: 0x2836c0a80; sceneID:dev.selfhost.firstActivationProbe-default; bundleID: dev.selfhost.firstActivationProbe; frame: {{0, 0}, {375, 667}}; level: 1; role: primary>;
Aug 28 14:14:19.364221 runningboardd(RunningBoard)[33] <Debug>: [daemon<com.apple.SpringBoard>:47602] query resolved to [application<dev.selfhost.firstActivationProbe>:57912]
Aug 28 14:14:19.416926 runningboardd(RunningBoard)[33] <Debug>: Updating events for assertion: 33-57912-7817 (target:[application<dev.selfhost.firstActivationProbe>:57912])
Aug 28 14:14:19.416957 runningboardd(RunningBoard)[33] <Debug>: Removing assertion 33-57912-7817 on [application<dev.selfhost.firstActivationProbe>:57912]
Aug 28 14:14:19.416980 runningboardd(RunningBoard)[33] <Debug>: Removing events for context: 33-57912-7817 (target:[application<dev.selfhost.firstActivationProbe>:57912])
Aug 28 14:14:19.417003 runningboardd(RunningBoard)[33] <Debug>: > application<dev.selfhost.firstActivationProbe> ['RB Underlying Assertion'] [33-33-7815]
Aug 28 14:14:19.417054 runningboardd(RunningBoard)[33] <Info>: application<dev.selfhost.firstActivationProbe> is now targeted by 4 assertions
Aug 28 14:14:19.417161 runningboardd(RunningBoard)[33] <Debug>: > 57912 ['injecting inherited from "UIScene:com.apple.frontboard.systemappservices::com.apple.springboard" to 57912<UIScene:com.apple.frontboard.systemappservices::sceneID%3Adev.selfhost.firstActivationProbe-default>'] [33-47602-7818]
Aug 28 14:14:19.466327 Runner(CoreFoundation)[57912] <Debug>: found no value for key IncreaseButtonLegibilityEnabled in CFPrefsSearchListSource<0x282ba1380> (Domain: dev.selfhost.firstActivationProbe, Container: (null))
Aug 28 14:14:19.466457 Runner(libAccessibility.dylib)[57912] <Debug>: CF Read: domain = dev.selfhost.firstActivationProbe, preference = IncreaseButtonLegibilityEnabled, appID = dev.selfhost.firstActivationProbe result = (null) (-1 - empty, 0 - false, 1 - true)
Aug 28 14:14:19.466501 Runner(CoreFoundation)[57912] <Debug>: found no value for key ReduceMotionAutoplayVideoPreviewsEnabled in CFPrefsSearchListSource<0x282ba1380> (Domain: dev.selfhost.firstActivationProbe, Container: (null))
Aug 28 14:14:19.466530 Runner(libAccessibility.dylib)[57912] <Debug>: CF Read: domain = dev.selfhost.firstActivationProbe, preference = ReduceMotionAutoplayVideoPreviewsEnabled, appID = dev.selfhost.firstActivationProbe result = (null) (-1 - empty, 0 - false, 1 - true)
Aug 28 14:14:19.600280 SpringBoard(SplashBoard)[47602] <Info>: <XBApplicationSnapshot: 0x109d3cb20; …A909693DA7E7> [dev.selfhost.firstActivationProbe] Purging the cached image; force: 0; _imageAccessCount: 0; _keepImageAccessUntilExpiration: 0; _hasProtectedContent: 0; _keepImageAccessForPreheat: 0
Aug 28 14:14:19.744378 SpringBoard(FrontBoard)[47602] <Notice>: [application<dev.selfhost.firstActivationProbe>:57912] Now acquiring workspace assertion with state: ForegroundFocal.
Aug 28 14:14:19.748182 runningboardd(RunningBoard)[33] <Notice>: Acquiring assertion targeting [application<dev.selfhost.firstActivationProbe>:57912] from originator [daemon<com.apple.SpringBoard>:47602] with description <RBSAssertionDescriptor| "FBWorkspace (ForegroundFocal)" ID:33-47602-7820 target:57912 attributes:[
Aug 28 14:14:19.755972 runningboardd(RunningBoard)[33] <Notice>: Assertion 33-47602-7820 (target:[application<dev.selfhost.firstActivationProbe>:57912]) will be created as active
Aug 28 14:14:19.763358 runningboardd(RunningBoard)[33] <Debug>: BEGIN suppressing state updates for application<dev.selfhost.firstActivationProbe>
Aug 28 14:14:19.763680 runningboardd(RunningBoard)[33] <Debug>: Incrementing suppression state to 1 for application<dev.selfhost.firstActivationProbe>
Aug 28 14:14:19.764057 runningboardd(RunningBoard)[33] <Debug>: Adding assertion 33-47602-7820 (target:[application<dev.selfhost.firstActivationProbe>:57912])
Aug 28 14:14:19.764510 runningboardd(RunningBoard)[33] <Info>: application<dev.selfhost.firstActivationProbe> is now targeted by 5 assertions
Aug 28 14:14:19.765068 runningboardd(RunningBoard)[33] <Debug>: Updating events for assertion: 33-47602-7820 (target:[application<dev.selfhost.firstActivationProbe>:57912])
Aug 28 14:14:19.765398 runningboardd(RunningBoard)[33] <Debug>: Removing events for context: 33-47602-7820 (target:[application<dev.selfhost.firstActivationProbe>:57912])
Aug 28 14:14:19.765637 runningboardd(RunningBoard)[33] <Info>: [application<dev.selfhost.firstActivationProbe>:57912] Applying updated state
Aug 28 14:14:19.765811 runningboardd(RunningBoard)[33] <Debug>: Enqueueing events for assertion: 33-47602-7820 (target:[application<dev.selfhost.firstActivationProbe>:57912])
Aug 28 14:14:19.766365 runningboardd(RunningBoard)[33] <Notice>: Calculated state for application<dev.selfhost.firstActivationProbe>: running-active (role: UserInteractiveFocal)
    <RBSInheritance| environment:UIScene:com.apple.frontboard.systemappservices::sceneID%3Adev.selfhost.firstActivationProbe-default name:com.apple.frontboard.visibility origID:33-47602-7818 payload>
Aug 28 14:14:19.766808 runningboardd(RunningBoard)[33] <Debug>: SUPPRESSING state update for application<dev.selfhost.firstActivationProbe>: <RBSProcessState| task:running-active debug:none terminationResistance:Interactive endowments:[
	<RBSProcessAssertionInfo| type:2 reason:10000 name:"Domain" domain:"com.apple.frontboard:Bootstrap-Foreground,com.apple.frontboard:Visibility" expl:"FBApplicationProcess">,
	<RBSProcessAssertionInfo| type:1 reason:0 name:"Custom" domain:"(null)" expl:"injecting inherited from "UIScene:com.apple.frontboard.systemappservices::com.apple.springboard" to 57912<UIScene:com.apple.frontboard.systemappservices::sceneID%3Adev.selfhost.firstActivationProbe-default>">
Aug 28 14:14:19.767450 runningboardd(RunningBoard)[33] <Info>: Finished acquiring assertion 33-47602-7820 (target:[application<dev.selfhost.firstActivationProbe>:57912])
Aug 28 14:14:19.767694 runningboardd(RunningBoard)[33] <Debug>: Decrementing suppression state to 0 for application<dev.selfhost.firstActivationProbe>
Aug 28 14:14:19.767910 runningboardd(RunningBoard)[33] <Debug>: END suppressing state updates for application<dev.selfhost.firstActivationProbe>
Aug 28 14:14:19.768148 runningboardd(RunningBoard)[33] <Debug>: Sending state update for application<dev.selfhost.firstActivationProbe>: <RBSProcessState| task:running-active debug:none terminationResistance:Interactive endowments:[
	<RBSProcessAssertionInfo| type:2 reason:10000 name:"Domain" domain:"com.apple.frontboard:Bootstrap-Foreground,com.apple.frontboard:Visibility" expl:"FBApplicationProcess">,
	<RBSProcessAssertionInfo| type:1 reason:0 name:"Custom" domain:"(null)" expl:"injecting inherited from "UIScene:com.apple.frontboard.systemappservices::com.apple.springboard" to 57912<UIScene:com.apple.frontboard.systemappservices::sceneID%3Adev.selfhost.firstActivationProbe-default>">
Aug 28 14:14:19.769068 SpringBoard(FrontBoard)[47602] <Notice>: [application<dev.selfhost.firstActivationProbe>:57912] Dropping launch assertion.
Aug 28 14:14:19.770270 SpringBoard(RunningBoardServices)[47602] <Info>: Update skipped for [application<dev.selfhost.firstActivationProbe>:57912] with state: <RBSProcessState| task:running-active debug:none endowments:[
Aug 28 14:14:19.770631 SpringBoard(RunningBoardServices)[47602] <Info>: Update skipped for [application<dev.selfhost.firstActivationProbe>:57912] with state: <RBSProcessState| task:running-active debug:none endowments:[
Aug 28 14:14:19.770865 Runner(RunningBoardServices)[57912] <Debug>: Received message from server: async_didChangeInheritances:completion:
Aug 28 14:14:19.771001 Runner(RunningBoardServices)[57912] <Info>: didChangeInheritances
Aug 28 14:14:19.771270 Runner(RunningBoardServices)[57912] <Info>: didChangeInheritances: <RBSInheritanceChangeSet| gained:{(
Aug 28 14:14:19.771556 runningboardd(RunningBoard)[33] <Notice>: Invalidating assertion 33-47602-7814 (target:application<dev.selfhost.firstActivationProbe>) from originator [daemon<com.apple.SpringBoard>:47602]
Aug 28 14:14:19.772567 SpringBoard(RunningBoardServices)[47602] <Info>: Update skipped for [application<dev.selfhost.firstActivationProbe>:57912] with state: <RBSProcessState| task:running-active debug:none endowments:[
Aug 28 14:14:19.772987 mediaserverd(RunningBoardServices)[36] <Info>: Update skipped for [application<dev.selfhost.firstActivationProbe>:57912] with state: <RBSProcessState| task:running-active debug:none endowments:[
Aug 28 14:14:19.773238 mediaserverd(RunningBoardServices)[36] <Info>: Update skipped for [application<dev.selfhost.firstActivationProbe>:57912] with state: <RBSProcessState| task:running-active debug:none endowments:[
Aug 28 14:14:19.775183 SpringBoard(RunningBoardServices)[47602] <Info>: Update skipped for [application<dev.selfhost.firstActivationProbe>:57912] with state: <RBSProcessState| task:running-active debug:none endowments:[
Aug 28 14:14:19.775425 kbd(RunningBoardServices)[303] <Info>: Update skipped for [application<dev.selfhost.firstActivationProbe>:57912] with state: <RBSProcessState| task:running-active debug:none endowments:[
Aug 28 14:14:19.776661 SpringBoard(RunningBoardServices)[47602] <Info>: Update skipped for [application<dev.selfhost.firstActivationProbe>:57912] with state: <RBSProcessState| task:running-active debug:none endowments:[
Aug 28 14:14:19.780356 watchdogd(RunningBoardServices)[57] <Debug>: Received message from server: async_observedProcessStatesDidChange:completion:
Aug 28 14:14:19.786750 CommCenter(RunningBoardServices)[90] <Info>: Update skipped for [application<dev.selfhost.firstActivationProbe>:57912] with state: <RBSProcessState| task:running-active debug:none endowments:[
Aug 28 14:14:19.788486 backboardd(RunningBoardServices)[65] <Info>: Update skipped for [application<dev.selfhost.firstActivationProbe>:57912] with state: <RBSProcessState| task:running-active debug:none endowments:[
Aug 28 14:14:19.789190 UserEventAgent(RunningBoardServices)[30] <Info>: Update skipped for [application<dev.selfhost.firstActivationProbe>:57912] with state: <RBSProcessState| task:running-active debug:none endowments:[
	<RBSProcessAssertionInfo| type:2 reason:10000 name:"Domain" domain:"com.apple.frontboard:Bootstrap-Foreground,com.apple.frontboard:Visibility" expl:"FBApplicationProcess">,
	<RBSProcessAssertionInfo| type:1 reason:0 name:"Custom" domain:"(null)" expl:"injecting inherited from "UIScene:com.apple.frontboard.systemappservices::com.apple.springboard" to 57912<UIScene:com.apple.frontboard.systemappservices::sceneID%3Adev.selfhost.firstActivationProbe-default>">
Aug 28 14:14:19.793527 watchdogd(RunningBoardServices)[57] <Info>: observedProcessStatesDidChange
Aug 28 14:14:19.793941 watchdogd(RunningBoardServices)[57] <Debug>: Decoded RBSProcessHandle with IPC ID 1e7682530000e238
Aug 28 14:14:19.794439 watchdogd(RunningBoardServices)[57] <Notice>: Received state update for 57912
Aug 28 14:14:19.795674 watchdogd(RunningBoardServices)[57] <Info>: Update skipped for [application<dev.selfhost.firstActivationProbe>:57912] with state: <RBSProcessState| task:running-active debug:none endowments:[
Aug 28 14:14:19.798527 callservicesd(RunningBoardServices)[131] <Info>: Update skipped for [application<dev.selfhost.firstActivationProbe>:57912] with state: <RBSProcessState| task:running-active debug:none endowments:[
Aug 28 14:14:19.798689 wifid(RunningBoardServices)[52] <Info>: Update skipped for [application<dev.selfhost.firstActivationProbe>:57912] with state: <RBSProcessState| task:running-active debug:none endowments:[
Aug 28 14:14:19.800523 locationd(RunningBoardServices)[69] <Info>: Update skipped for [application<dev.selfhost.firstActivationProbe>:57912] with state: <RBSProcessState| task:running-active debug:none endowments:[
Aug 28 14:14:19.801250 contextstored(RunningBoardServices)[61] <Info>: Update skipped for [application<dev.selfhost.firstActivationProbe>:57912] with state: <RBSProcessState| task:running-active debug:none endowments:[
Aug 28 14:14:19.802164 dasd(RunningBoardServices)[94] <Info>: Update skipped for [application<dev.selfhost.firstActivationProbe>:57912] with state: <RBSProcessState| task:running-active debug:none endowments:[
Aug 28 14:14:19.803237 aggregated(RunningBoardServices)[50213] <Info>: Update skipped for [application<dev.selfhost.firstActivationProbe>:57912] with state: <RBSProcessState| task:running-active debug:none endowments:[
Aug 28 14:14:19.804347 useractivityd(RunningBoardServices)[184] <Info>: Update skipped for [application<dev.selfhost.firstActivationProbe>:57912] with state: <RBSProcessState| task:running-active debug:none endowments:[
Aug 28 14:14:19.806579 dasd(RunningBoardServices)[94] <Info>: Update skipped for [application<dev.selfhost.firstActivationProbe>:57912] with state: <RBSProcessState| task:running-active debug:none endowments:[
Aug 28 14:14:19.807319 symptomsd(RunningBoardServices)[170] <Info>: Update skipped for [application<dev.selfhost.firstActivationProbe>:57912] with state: <RBSProcessState| task:running-active debug:none endowments:[
Aug 28 14:14:19.808208 dasd(RunningBoardServices)[94] <Info>: Update skipped for [application<dev.selfhost.firstActivationProbe>:57912] with state: <RBSProcessState| task:running-active debug:none endowments:[
Aug 28 14:14:19.809765 UserEventAgent(RunningBoardServices)[30] <Info>: Update delivered for [application<dev.selfhost.firstActivationProbe>:57912] with taskState 4
Aug 28 14:14:19.872452 runningboardd(RunningBoard)[33] <Debug>: Updating events for assertion: 33-47602-7814 (target:application<dev.selfhost.firstActivationProbe>)
Aug 28 14:14:19.873573 runningboardd(RunningBoard)[33] <Debug>: Removing events for context: 33-47602-7814 (target:application<dev.selfhost.firstActivationProbe>)
Aug 28 14:14:19.873988 runningboardd(RunningBoard)[33] <Debug>: Removing assertion 33-47602-7814 on application<dev.selfhost.firstActivationProbe>
Aug 28 14:14:19.880709 runningboardd(RunningBoard)[33] <Debug>: > application<dev.selfhost.firstActivationProbe> ['com.apple.frontboard.after-life.interrupted'] [33-47602-7816]
Aug 28 14:14:19.882288 runningboardd(RunningBoard)[33] <Debug>: > application<dev.selfhost.firstActivationProbe> ['FBWorkspace (ForegroundFocal)'] [33-47602-7820]
Aug 28 14:14:19.882516 runningboardd(RunningBoard)[33] <Debug>: > application<dev.selfhost.firstActivationProbe> ['injecting inherited from "UIScene:com.apple.frontboard.systemappservices::com.apple.springboard" to 57912<UIScene:com.apple.frontboard.systemappservices::sceneID%3Adev.selfhost.firstActivationProbe-default>'] [33-47602-7818]
Aug 28 14:14:19.883023 runningboardd(RunningBoard)[33] <Info>: application<dev.selfhost.firstActivationProbe> is now targeted by 4 assertions
Aug 28 14:14:19.883201 runningboardd(RunningBoard)[33] <Debug>: > 47602 ['injecting inherited from "UIScene:com.apple.frontboard.systemappservices::com.apple.springboard" to 57912<UIScene:com.apple.frontboard.systemappservices::sceneID%3Adev.selfhost.firstActivationProbe-default>'] [33-47602-7818]
Aug 28 14:14:19.883636 runningboardd(RunningBoard)[33] <Info>: [application<dev.selfhost.firstActivationProbe>:57912] Applying updated state
Aug 28 14:14:19.883713 runningboardd(RunningBoard)[33] <Notice>: Calculated state for application<dev.selfhost.firstActivationProbe>: running-active (role: UserInteractiveFocal)
    <RBSInheritance| environment:UIScene:com.apple.frontboard.systemappservices::sceneID%3Adev.selfhost.firstActivationProbe-default name:com.apple.frontboard.visibility origID:33-47602-7818 payload>,
Aug 28 14:14:19.883942 runningboardd(RunningBoard)[33] <Debug>: Sending state update for application<dev.selfhost.firstActivationProbe>: <RBSProcessState| task:running-active debug:none terminationResistance:Interactive endowments:[
	<RBSProcessAssertionInfo| type:1 reason:0 name:"Custom" domain:"(null)" expl:"injecting inherited from "UIScene:com.apple.frontboard.systemappservices::com.apple.springboard" to 57912<UIScene:com.apple.frontboard.systemappservices::sceneID%3Adev.selfhost.firstActivationProbe-default>">,
Aug 28 14:14:19.884096 runningboardd(RunningBoard)[33] <Debug>: BEGIN suppressing state updates for application<dev.selfhost.firstActivationProbe>
Aug 28 14:14:19.884324 Runner(RunningBoardServices)[57912] <Debug>: Received message from server: async_didChangeInheritances:completion:
Aug 28 14:14:19.884460 Runner(RunningBoardServices)[57912] <Info>: didChangeInheritances
Aug 28 14:14:19.884585 runningboardd(RunningBoard)[33] <Debug>: Incrementing suppression state to 1 for application<dev.selfhost.firstActivationProbe>
Aug 28 14:14:19.884888 powerd[43] <Notice>: Process runningboardd.33 Released SystemIsActive "application<dev.selfhost.firstActivationProbe>;(null):(null);33-47602-7814:FBApplicationProcess" age:00:00:01  id:51539650447 [System: SysAct]
Aug 28 14:14:19.885417 Runner(RunningBoardServices)[57912] <Info>: didChangeInheritances: <RBSInheritanceChangeSet| gained:(null) lost:{(
Aug 28 14:14:19.885756 mediaserverd(RunningBoardServices)[36] <Info>: Update skipped for [application<dev.selfhost.firstActivationProbe>:57912] with state: <RBSProcessState| task:running-active debug:none endowments:[
Aug 28 14:14:19.885884 mediaserverd(RunningBoardServices)[36] <Info>: Update skipped for [application<dev.selfhost.firstActivationProbe>:57912] with state: <RBSProcessState| task:running-active debug:none endowments:[
Aug 28 14:14:19.886441 SpringBoard(RunningBoardServices)[47602] <Info>: Update skipped for [application<dev.selfhost.firstActivationProbe>:57912] with state: <RBSProcessState| task:running-active debug:none endowments:[
Aug 28 14:14:19.886703 SpringBoard(RunningBoardServices)[47602] <Info>: Update skipped for [application<dev.selfhost.firstActivationProbe>:57912] with state: <RBSProcessState| task:running-active debug:none endowments:[
Aug 28 14:14:19.886814 SpringBoard(RunningBoardServices)[47602] <Info>: Update skipped for [application<dev.selfhost.firstActivationProbe>:57912] with state: <RBSProcessState| task:running-active debug:none endowments:[
Aug 28 14:14:19.886973 SpringBoard(RunningBoardServices)[47602] <Info>: Update skipped for [application<dev.selfhost.firstActivationProbe>:57912] with state: <RBSProcessState| task:running-active debug:none endowments:[
Aug 28 14:14:19.887091 SpringBoard(RunningBoardServices)[47602] <Info>: Update skipped for [application<dev.selfhost.firstActivationProbe>:57912] with state: <RBSProcessState| task:running-active debug:none endowments:[
Aug 28 14:14:19.888565 kbd(RunningBoardServices)[303] <Info>: Update skipped for [application<dev.selfhost.firstActivationProbe>:57912] with state: <RBSProcessState| task:running-active debug:none endowments:[
Aug 28 14:14:19.898590 watchdogd(RunningBoardServices)[57] <Debug>: Received message from server: async_observedProcessStatesDidChange:completion:
Aug 28 14:14:19.902703 CommCenter(RunningBoardServices)[90] <Info>: Update skipped for [application<dev.selfhost.firstActivationProbe>:57912] with state: <RBSProcessState| task:running-active debug:none endowments:[
Aug 28 14:14:19.903319 backboardd(RunningBoardServices)[65] <Info>: Update skipped for [application<dev.selfhost.firstActivationProbe>:57912] with state: <RBSProcessState| task:running-active debug:none endowments:[
Aug 28 14:14:19.904208 UserEventAgent(RunningBoardServices)[30] <Info>: Update skipped for [application<dev.selfhost.firstActivationProbe>:57912] with state: <RBSProcessState| task:running-active debug:none endowments:[
	<RBSProcessAssertionInfo| type:1 reason:0 name:"Custom" domain:"(null)" expl:"injecting inherited from "UIScene:com.apple.frontboard.systemappservices::com.apple.springboard" to 57912<UIScene:com.apple.frontboard.systemappservices::sceneID%3Adev.selfhost.firstActivationProbe-default>">,
Aug 28 14:14:19.907492 watchdogd(RunningBoardServices)[57] <Info>: observedProcessStatesDidChange
Aug 28 14:14:19.907870 watchdogd(RunningBoardServices)[57] <Debug>: Decoded RBSProcessHandle with IPC ID 1e7682530000e238
Aug 28 14:14:19.908322 watchdogd(RunningBoardServices)[57] <Notice>: Received state update for 57912
Aug 28 14:14:19.909037 watchdogd(RunningBoardServices)[57] <Info>: Update skipped for [application<dev.selfhost.firstActivationProbe>:57912] with state: <RBSProcessState| task:running-active debug:none endowments:[
Aug 28 14:14:19.911368 aggregated(RunningBoardServices)[50213] <Info>: Update skipped for [application<dev.selfhost.firstActivationProbe>:57912] with state: <RBSProcessState| task:running-active debug:none endowments:[
Aug 28 14:14:19.911914 wifid(RunningBoardServices)[52] <Info>: Update skipped for [application<dev.selfhost.firstActivationProbe>:57912] with state: <RBSProcessState| task:running-active debug:none endowments:[
Aug 28 14:14:19.912193 contextstored(RunningBoardServices)[61] <Info>: Update skipped for [application<dev.selfhost.firstActivationProbe>:57912] with state: <RBSProcessState| task:running-active debug:none endowments:[
Aug 28 14:14:19.913210 symptomsd(RunningBoardServices)[170] <Info>: Update skipped for [application<dev.selfhost.firstActivationProbe>:57912] with state: <RBSProcessState| task:running-active debug:none endowments:[
Aug 28 14:14:19.913446 useractivityd(RunningBoardServices)[184] <Info>: Update skipped for [application<dev.selfhost.firstActivationProbe>:57912] with state: <RBSProcessState| task:running-active debug:none endowments:[
Aug 28 14:14:19.913885 dasd(RunningBoardServices)[94] <Info>: Update skipped for [application<dev.selfhost.firstActivationProbe>:57912] with state: <RBSProcessState| task:running-active debug:none endowments:[
Aug 28 14:14:19.914202 callservicesd(RunningBoardServices)[131] <Info>: Update skipped for [application<dev.selfhost.firstActivationProbe>:57912] with state: <RBSProcessState| task:running-active debug:none endowments:[
Aug 28 14:14:19.916211 dasd(RunningBoardServices)[94] <Info>: Update skipped for [application<dev.selfhost.firstActivationProbe>:57912] with state: <RBSProcessState| task:running-active debug:none endowments:[
Aug 28 14:14:19.916981 locationd(RunningBoardServices)[69] <Info>: Update skipped for [application<dev.selfhost.firstActivationProbe>:57912] with state: <RBSProcessState| task:running-active debug:none endowments:[
Aug 28 14:14:19.917615 dasd(RunningBoardServices)[94] <Info>: Update skipped for [application<dev.selfhost.firstActivationProbe>:57912] with state: <RBSProcessState| task:running-active debug:none endowments:[
Aug 28 14:14:19.919243 UserEventAgent(RunningBoardServices)[30] <Info>: Update delivered for [application<dev.selfhost.firstActivationProbe>:57912] with taskState 4
Aug 28 14:14:19.988676 runningboardd(RunningBoard)[33] <Debug>: Decrementing suppression state to 0 for application<dev.selfhost.firstActivationProbe>
Aug 28 14:14:19.988823 runningboardd(RunningBoard)[33] <Debug>: END suppressing state updates for application<dev.selfhost.firstActivationProbe>
Aug 28 14:14:20.243331 Runner(CoreFoundation)[57912] <Debug>: found no value for key QuickSpeak in CFPrefsSearchListSource<0x282ba3680> (Domain: com.apple.Accessibility, Container: (null))
Aug 28 14:14:20.243989 Runner(libAccessibility.dylib)[57912] <Debug>: CF Read: domain = com.apple.Accessibility, preference = QuickSpeak, appID = (null) result = (null) (-1 - empty, 0 - false, 1 - true)
Aug 28 14:14:20.244292 Runner(CoreFoundation)[57912] <Debug>: found no value for key QuickSpeak in CFPrefsPlistSource<0x282ba3700> (Domain: com.apple.Accessibility, User: kCFPreferencesCurrentUser, ByHost: No, Container: (null), Contents Need Refresh: No)
Aug 28 14:14:20.990915 wifid(WiFiPolicy)[52] <Notice>: __WiFiLQAMgrLogStats(tech support:Stationary): Rssi: -39 {-39 0} Channel: 44 Bandwidth: 80Mhz Snr: 35 Cca: 13 (S:0 O:0 I:0) TxPer: 0.0% (21) BcnPer: 1.0% (98, 50.5%) RxFrms: 24 RxRetryFrames: 0 TxRate: 24000 RxRate: 780000 FBRate: 520000 TxFwFrms: 2 TxFwFail: 0 TxReTrans: 4 time: 618.4secs fgApp: dev.selfhost.firstActivationProbe
Aug 28 14:14:21.049380 SpringBoard(CoreMotion)[47602] <Debug>: Ping timer fired, resetting watchdog
Aug 28 14:14:21.494842 backboardd(CoreMotion)[65] <Debug>: Ping timer fired, resetting watchdog
Aug 28 14:14:21.891199 biometrickitd(CoreMotion)[109] <Debug>: Ping timer fired, resetting watchdog
Aug 28 14:14:23.614594 runningboardd(RunningBoard)[33] <Info>: _requestedJetsamPriority = 6, _executablePath = /System/Library/PrivateFrameworks/MobileBackup.framework/backupd
Aug 28 14:14:23.617889 runningboardd(RunningBoard)[33] <Info>: _requestedJetsamPriority = 6, _executablePath = /System/Library/PrivateFrameworks/MobileBackup.framework/backupd
Aug 28 14:14:23.620319 runningboardd(RunningBoard)[33] <Debug>: Sending state update for daemon<com.apple.backupd>: <RBSProcessState| task:running debug:none terminationResistance:None>
Aug 28 14:14:24.068067 mediaserverd(CoreMotion)[36] <Debug>: Ping timer fired, resetting watchdog
Aug 28 14:14:24.096718 nearbyd(CoreMotion)[157] <Debug>: Ping timer fired, resetting watchdog
Aug 28 14:14:24.161306 locationd[69] <Debug>: Ping timer fired, resetting watchdog
Aug 28 14:14:25.270918 locationd[69] <Debug>: Fence: cancelLocationWatchdog, num fences, 1, location type, <private>
Aug 28 14:14:25.271215 locationd[69] <Debug>: Fence: cancelLocationWatchdog
Aug 28 14:14:26.002709 wifid(WiFiPolicy)[52] <Notice>: __WiFiLQAMgrLogStats(tech support:Stationary): Rssi: -38 {-48 -45} Channel: 44 Bandwidth: 80Mhz Snr: 35 Cca: 9 (S:0 O:0 I:0) TxPer: 0.0% (0) BcnPer: 0.0% (0, 50.5%) RxFrms: 2 RxRetryFrames: 0 TxRate: 24000 RxRate: 780000 FBRate: 520000 TxFwFrms: 6 TxFwFail: 0 TxReTrans: 0 time: 623.4secs fgApp: dev.selfhost.firstActivationProbe
Aug 28 14:14:26.049282 SpringBoard(CoreMotion)[47602] <Debug>: Ping timer fired, resetting watchdog
Aug 28 14:14:26.494571 backboardd(CoreMotion)[65] <Debug>: Ping timer fired, resetting watchdog
Aug 28 14:14:26.678074 watchdogd[57] <Debug>: 1310514420355833: <private>
Aug 28 14:14:26.678446 watchdogd[57] <Info>: 1310514420601416: <private>
Aug 28 14:14:26.678692 watchdogd[57] <Debug>: 1310514420659708: <private>
Aug 28 14:14:26.679210 watchdogd[57] <Info>: 1310514420664541: <private>
Aug 28 14:14:26.679605 watchdogd[57] <Debug>: 1310514420858000: <private>
Aug 28 14:14:26.679850 watchdogd[57] <Debug>: 1310514420990625: <private>
Aug 28 14:14:26.680082 watchdogd[57] <Debug>: 1310514421301000: <private>
Aug 28 14:14:26.680251 watchdogd[57] <Debug>: 1310514421315250: <private>
Aug 28 14:14:26.680384 watchdogd[57] <Debug>: 1310514421511958: <private>
Aug 28 14:14:26.680558 watchdogd[57] <Debug>: 1310514421527416: <private>
Aug 28 14:14:26.680759 watchdogd[57] <Info>: 1310514421549583: <private>
Aug 28 14:14:26.680914 watchdogd[57] <Info>: 1310514421556041: <private>
Aug 28 14:14:26.681067 watchdogd[57] <Info>: 1310514421558416: <private>
Aug 28 14:14:26.681221 watchdogd[57] <Info>: 1310514421560208: <private>
Aug 28 14:14:26.681361 watchdogd[57] <Info>: 1310514421561833: <private>
Aug 28 14:14:26.681539 watchdogd[57] <Info>: 1310514421563333: <private>
Aug 28 14:14:26.681642 watchdogd[57] <Info>: 1310514421564875: <private>
Aug 28 14:14:26.681859 watchdogd[57] <Info>: 1310514421566291: <private>
Aug 28 14:14:26.890418 biometrickitd(CoreMotion)[109] <Debug>: Ping timer fired, resetting watchdog
Aug 28 14:14:29.067915 mediaserverd(CoreMotion)[36] <Debug>: Ping timer fired, resetting watchdog
Aug 28 14:14:29.106297 nearbyd(CoreMotion)[157] <Debug>: Ping timer fired, resetting watchdog
Aug 28 14:14:29.161135 locationd[69] <Debug>: Ping timer fired, resetting watchdog
Aug 28 14:14:31.016394 wifid(WiFiPolicy)[52] <Notice>: __WiFiLQAMgrLogStats(tech support:Stationary): Rssi: -40 {-39 0} Channel: 44 Bandwidth: 80Mhz Snr: 35 Cca: 18 (S:0 O:0 I:0) TxPer: 0.0% (0) BcnPer: 0.0% (94, 50.5%) RxFrms: 4 RxRetryFrames: 0 TxRate: 24000 RxRate: 780000 FBRate: 520000 TxFwFrms: 0 TxFwFail: 0 TxReTrans: 0 time: 628.4secs fgApp: dev.selfhost.firstActivationProbe
Aug 28 14:14:31.049103 SpringBoard(CoreMotion)[47602] <Debug>: Ping timer fired, resetting watchdog
Aug 28 14:14:31.494650 backboardd(CoreMotion)[65] <Debug>: Ping timer fired, resetting watchdog
Aug 28 14:14:31.890901 biometrickitd(CoreMotion)[109] <Debug>: Ping timer fired, resetting watchdog
Aug 28 14:14:34.067705 mediaserverd(CoreMotion)[36] <Debug>: Ping timer fired, resetting watchdog
Aug 28 14:14:34.107870 nearbyd(CoreMotion)[157] <Debug>: Ping timer fired, resetting watchdog
Aug 28 14:14:34.160936 locationd[69] <Debug>: Ping timer fired, resetting watchdog
Aug 28 14:14:36.029610 wifid(WiFiPolicy)[52] <Notice>: __WiFiLQAMgrLogStats(tech support:Stationary): Rssi: -40 {-39 0} Channel: 44 Bandwidth: 80Mhz Snr: 35 Cca: 28 (S:0 O:0 I:0) TxPer: 0.0% (0) BcnPer: 0.0% (0, 50.5%) RxFrms: 5 RxRetryFrames: 0 TxRate: 24000 RxRate: 780000 FBRate: 520000 TxFwFrms: 0 TxFwFail: 0 TxReTrans: 0 time: 633.5secs fgApp: dev.selfhost.firstActivationProbe
Aug 28 14:14:36.049516 SpringBoard(CoreMotion)[47602] <Debug>: Ping timer fired, resetting watchdog
Aug 28 14:14:36.494430 backboardd(CoreMotion)[65] <Debug>: Ping timer fired, resetting watchdog
Aug 28 14:14:36.680044 watchdogd[57] <Debug>: 1310524420765875: <private>
Aug 28 14:14:36.681734 watchdogd[57] <Info>: 1310524421341208: <private>
Aug 28 14:14:36.682202 watchdogd[57] <Debug>: 1310524421493500: <private>
Aug 28 14:14:36.682650 watchdogd[57] <Info>: 1310524421505333: <private>
Aug 28 14:14:36.683302 watchdogd[57] <Debug>: 1310524421733125: <private>
Aug 28 14:14:36.683677 watchdogd[57] <Debug>: 1310524422152000: <private>
Aug 28 14:14:36.683948 watchdogd[57] <Debug>: 1310524422799291: <private>
Aug 28 14:14:36.685173 watchdogd[57] <Debug>: 1310524423159875: <private>
Aug 28 14:14:36.685636 watchdogd[57] <Debug>: 1310524423643125: <private>
Aug 28 14:14:36.686012 watchdogd[57] <Debug>: 1310524423886333: <private>
Aug 28 14:14:36.686162 watchdogd[57] <Info>: 1310524423947583: <private>
Aug 28 14:14:36.686400 watchdogd[57] <Info>: 1310524423962166: <private>
Aug 28 14:14:36.687181 watchdogd[57] <Info>: 1310524423968125: <private>
Aug 28 14:14:36.687429 watchdogd[57] <Info>: 1310524423973333: <private>
Aug 28 14:14:36.687703 watchdogd[57] <Info>: 1310524423977916: <private>
Aug 28 14:14:36.688129 watchdogd[57] <Info>: 1310524423982125: <private>
Aug 28 14:14:36.688267 watchdogd[57] <Info>: 1310524423986416: <private>
Aug 28 14:14:36.688529 watchdogd[57] <Info>: 1310524423990583: <private>
Aug 28 14:14:36.688685 watchdogd[57] <Info>: 1310524424644083: <private>
Aug 28 14:14:36.890614 biometrickitd(CoreMotion)[109] <Debug>: Ping timer fired, resetting watchdog
Aug 28 14:14:39.067100 mediaserverd(CoreMotion)[36] <Debug>: Ping timer fired, resetting watchdog
Aug 28 14:14:39.099661 nearbyd(CoreMotion)[157] <Debug>: Ping timer fired, resetting watchdog
Aug 28 14:14:39.160884 locationd[69] <Debug>: Ping timer fired, resetting watchdog
Aug 28 14:14:41.034573 wifid(WiFiPolicy)[52] <Notice>: __WiFiLQAMgrLogStats(tech support:Stationary): Rssi: -40 {-39 0} Channel: 44 Bandwidth: 80Mhz Snr: 35 Cca: 15 (S:0 O:0 I:0) TxPer: 0.0% (0) BcnPer: 1.0% (98, 50.5%) RxFrms: 4 RxRetryFrames: 0 TxRate: 24000 RxRate: 780000 FBRate: 520000 TxFwFrms: 3 TxFwFail: 0 TxReTrans: 0 time: 638.5secs fgApp: dev.selfhost.firstActivationProbe
Aug 28 14:14:41.048126 SpringBoard(CoreMotion)[47602] <Debug>: Ping timer fired, resetting watchdog
Aug 28 14:14:41.269860 routined(libcoreroutine.dylib)[38] <Debug>: pipeline, com.apple.routined.visit.pipeline.realtime-low-confidence, iteration, 3510, is terminated by <private>
Aug 28 14:14:41.280242 routined(libcoreroutine.dylib)[38] <Debug>: pipeline, com.apple.routined.visit.pipeline.realtime-high-confidence, iteration, 3510, is terminated by <private>
Aug 28 14:14:41.494201 backboardd(CoreMotion)[65] <Debug>: Ping timer fired, resetting watchdog
Aug 28 14:14:41.890622 biometrickitd(CoreMotion)[109] <Debug>: Ping timer fired, resetting watchdog
Aug 28 14:14:44.067505 mediaserverd(CoreMotion)[36] <Debug>: Ping timer fired, resetting watchdog
Aug 28 14:14:44.099649 nearbyd(CoreMotion)[157] <Debug>: Ping timer fired, resetting watchdog
Aug 28 14:14:44.160744 locationd[69] <Debug>: Ping timer fired, resetting watchdog
Aug 28 14:14:46.049581 wifid(WiFiPolicy)[52] <Notice>: __WiFiLQAMgrLogStats(tech support:Stationary): Rssi: -40 {-39 0} Channel: 44 Bandwidth: 80Mhz Snr: 35 Cca: 37 (S:0 O:0 I:0) TxPer: 0.0% (0) BcnPer: 0.0% (0, 50.5%) RxFrms: 4 RxRetryFrames: 0 TxRate: 24000 RxRate: 780000 FBRate: 520000 TxFwFrms: 0 TxFwFail: 0 TxReTrans: 0 time: 643.5secs fgApp: dev.selfhost.firstActivationProbe
Aug 28 14:14:46.050158 SpringBoard(CoreMotion)[47602] <Debug>: Ping timer fired, resetting watchdog
Aug 28 14:14:46.493730 backboardd(CoreMotion)[65] <Debug>: Ping timer fired, resetting watchdog
Aug 28 14:14:46.680360 watchdogd[57] <Debug>: 1310534421508333: <private>
Aug 28 14:14:46.680791 watchdogd[57] <Info>: 1310534422073291: <private>
Aug 28 14:14:46.681599 watchdogd[57] <Debug>: 1310534422226291: <private>
Aug 28 14:14:46.682075 watchdogd[57] <Info>: 1310534422238083: <private>
Aug 28 14:14:46.682764 watchdogd[57] <Debug>: 1310534422362708: <private>
Aug 28 14:14:46.684129 watchdogd[57] <Debug>: 1310534422939208: <private>
Aug 28 14:14:46.684509 watchdogd[57] <Debug>: 1310534423586750: <private>
Aug 28 14:14:46.684765 watchdogd[57] <Debug>: 1310534423865833: <private>
Aug 28 14:14:46.685196 watchdogd[57] <Debug>: 1310534424221875: <private>
Aug 28 14:14:46.686091 watchdogd[57] <Debug>: 1310534424509875: <private>
Aug 28 14:14:46.686384 watchdogd[57] <Info>: 1310534424566541: <private>
Aug 28 14:14:46.686679 watchdogd[57] <Info>: 1310534424581958: <private>
Aug 28 14:14:46.686929 watchdogd[57] <Info>: 1310534424588125: <private>
Aug 28 14:14:46.687604 watchdogd[57] <Info>: 1310534424593333: <private>
Aug 28 14:14:46.687754 watchdogd[57] <Info>: 1310534424597750: <private>
Aug 28 14:14:46.688051 watchdogd[57] <Info>: 1310534424602083: <private>
Aug 28 14:14:46.688219 watchdogd[57] <Info>: 1310534424606625: <private>
Aug 28 14:14:46.688333 watchdogd[57] <Info>: 1310534424610708: <private>
Aug 28 14:14:46.889953 biometrickitd(CoreMotion)[109] <Debug>: Ping timer fired, resetting watchdog
Aug 28 14:14:49.067364 mediaserverd(CoreMotion)[36] <Debug>: Ping timer fired, resetting watchdog
Aug 28 14:14:49.096627 nearbyd(CoreMotion)[157] <Debug>: Ping timer fired, resetting watchdog
Aug 28 14:14:49.160599 locationd[69] <Debug>: Ping timer fired, resetting watchdog
Aug 28 14:14:51.048590 SpringBoard(CoreMotion)[47602] <Debug>: Ping timer fired, resetting watchdog
Aug 28 14:14:51.070925 wifid(WiFiPolicy)[52] <Notice>: __WiFiLQAMgrLogStats(tech support:Stationary): Rssi: -40 {-39 0} Channel: 44 Bandwidth: 80Mhz Snr: 35 Cca: 37 (S:0 O:0 I:0) TxPer: 0.0% (0) BcnPer: 1.0% (98, 50.5%) RxFrms: 3 RxRetryFrames: 0 TxRate: 24000 RxRate: 780000 FBRate: 520000 TxFwFrms: 0 TxFwFail: 0 TxReTrans: 0 time: 648.5secs fgApp: dev.selfhost.firstActivationProbe
Aug 28 14:14:51.493919 backboardd(CoreMotion)[65] <Debug>: Ping timer fired, resetting watchdog
Aug 28 14:14:51.890604 biometrickitd(CoreMotion)[109] <Debug>: Ping timer fired, resetting watchdog
Aug 28 14:14:53.646825 runningboardd(RunningBoard)[33] <Notice>: [daemon<com.apple.backupd>:57913] termination reported by launchd (0, 0, 0)
Aug 28 14:14:53.651033 runningboardd(RunningBoard)[33] <Notice>: Removing assertions for terminated process: [daemon<com.apple.backupd>:57913]
Aug 28 14:14:53.653020 runningboardd(RunningBoard)[33] <Debug>: Sending state update for daemon<com.apple.backupd>: <RBSProcessState| task:none debug:none terminationResistance:None>
Aug 28 14:14:54.066571 mediaserverd(CoreMotion)[36] <Debug>: Ping timer fired, resetting watchdog
Aug 28 14:14:54.098906 nearbyd(CoreMotion)[157] <Debug>: Ping timer fired, resetting watchdog
Aug 28 14:14:54.160316 locationd[69] <Debug>: Ping timer fired, resetting watchdog
Aug 28 14:14:56.048426 SpringBoard(CoreMotion)[47602] <Debug>: Ping timer fired, resetting watchdog
Aug 28 14:14:56.082365 wifid(WiFiPolicy)[52] <Notice>: __WiFiLQAMgrLogStats(tech support:Stationary): Rssi: -39 {-39 0} Channel: 44 Bandwidth: 80Mhz Snr: 35 Cca: 22 (S:0 O:0 I:0) TxPer: 0.0% (0) BcnPer: 0.0% (0, 50.5%) RxFrms: 5 RxRetryFrames: 0 TxRate: 24000 RxRate: 780000 FBRate: 520000 TxFwFrms: 0 TxFwFail: 0 TxReTrans: 0 time: 653.5secs fgApp: dev.selfhost.firstActivationProbe
Aug 28 14:14:56.493977 backboardd(CoreMotion)[65] <Debug>: Ping timer fired, resetting watchdog
Aug 28 14:14:56.679059 watchdogd[57] <Debug>: 1310544422179708: <private>
Aug 28 14:14:56.679374 watchdogd[57] <Info>: 1310544422505291: <private>
Aug 28 14:14:56.679587 watchdogd[57] <Debug>: 1310544422590208: <private>
Aug 28 14:14:56.680100 watchdogd[57] <Info>: 1310544422596916: <private>
Aug 28 14:14:56.680499 watchdogd[57] <Debug>: 1310544422719750: <private>
Aug 28 14:14:56.681156 watchdogd[57] <Debug>: 1310544422980333: <private>
Aug 28 14:14:56.681451 watchdogd[57] <Debug>: 1310544423384416: <private>
Aug 28 14:14:56.681691 watchdogd[57] <Debug>: 1310544423507625: <private>
Aug 28 14:14:56.681931 watchdogd[57] <Debug>: 1310544423767500: <private>
Aug 28 14:14:56.682081 watchdogd[57] <Debug>: 1310544423938125: <private>
Aug 28 14:14:56.682800 watchdogd[57] <Info>: 1310544423970416: <private>
Aug 28 14:14:56.683051 watchdogd[57] <Info>: 1310544423979625: <private>
Aug 28 14:14:56.683219 watchdogd[57] <Info>: 1310544423983083: <private>
Aug 28 14:14:56.683612 watchdogd[57] <Info>: 1310544423985875: <private>
Aug 28 14:14:56.683907 watchdogd[57] <Info>: 1310544423988333: <private>
Aug 28 14:14:56.684112 watchdogd[57] <Info>: 1310544423990541: <private>
Aug 28 14:14:56.684425 watchdogd[57] <Info>: 1310544423992791: <private>
Aug 28 14:14:56.684583 watchdogd[57] <Info>: 1310544423995083: <private>
Aug 28 14:14:56.890538 biometrickitd(CoreMotion)[109] <Debug>: Ping timer fired, resetting watchdog
Aug 28 14:14:59.066521 mediaserverd(CoreMotion)[36] <Debug>: Ping timer fired, resetting watchdog
Aug 28 14:14:59.099201 nearbyd(CoreMotion)[157] <Debug>: Ping timer fired, resetting watchdog
Aug 28 14:14:59.160318 locationd[69] <Debug>: Ping timer fired, resetting watchdog
Aug 28 14:15:01.048298 SpringBoard(CoreMotion)[47602] <Debug>: Ping timer fired, resetting watchdog
Aug 28 14:15:01.095381 wifid(WiFiPolicy)[52] <Notice>: __WiFiLQAMgrLogStats(tech support:Stationary): Rssi: -40 {-39 0} Channel: 44 Bandwidth: 80Mhz Snr: 35 Cca: 30 (S:0 O:0 I:0) TxPer: 0.0% (0) BcnPer: 0.0% (98, 50.5%) RxFrms: 5 RxRetryFrames: 0 TxRate: 24000 RxRate: 6000 FBRate: 520000 TxFwFrms: 2 TxFwFail: 0 TxReTrans: 0 time: 658.5secs fgApp: dev.selfhost.firstActivationProbe
Aug 28 14:15:01.493749 backboardd(CoreMotion)[65] <Debug>: Ping timer fired, resetting watchdog
Aug 28 14:15:01.890250 biometrickitd(CoreMotion)[109] <Debug>: Ping timer fired, resetting watchdog
Aug 28 14:15:04.070920 mediaserverd(CoreMotion)[36] <Debug>: Ping timer fired, resetting watchdog
Aug 28 14:15:04.095937 nearbyd(CoreMotion)[157] <Debug>: Ping timer fired, resetting watchdog
Aug 28 14:15:04.160182 locationd[69] <Debug>: Ping timer fired, resetting watchdog
Aug 28 14:15:06.048126 SpringBoard(CoreMotion)[47602] <Debug>: Ping timer fired, resetting watchdog
Aug 28 14:15:06.108764 wifid(WiFiPolicy)[52] <Notice>: __WiFiLQAMgrLogStats(tech support:Stationary): Rssi: -40 {-39 0} Channel: 44 Bandwidth: 80Mhz Snr: 35 Cca: 22 (S:0 O:0 I:0) TxPer: 0.0% (0) BcnPer: 0.0% (0, 50.5%) RxFrms: 3 RxRetryFrames: 0 TxRate: 24000 RxRate: 6000 FBRate: 520000 TxFwFrms: 0 TxFwFail: 0 TxReTrans: 0 time: 663.5secs fgApp: dev.selfhost.firstActivationProbe
Aug 28 14:15:06.493688 backboardd(CoreMotion)[65] <Debug>: Ping timer fired, resetting watchdog
Aug 28 14:15:06.681474 watchdogd[57] <Debug>: 1310554422663000: <private>
Aug 28 14:15:06.681999 watchdogd[57] <Info>: 1310554423249458: <private>
Aug 28 14:15:06.682930 watchdogd[57] <Debug>: 1310554423420458: <private>
Aug 28 14:15:06.683321 watchdogd[57] <Debug>: 1310554423821791: <private>
Aug 28 14:15:06.684482 watchdogd[57] <Info>: 1310554423832666: <private>
Aug 28 14:15:06.684863 watchdogd[57] <Debug>: 1310554424142125: <private>
Aug 28 14:15:06.685176 watchdogd[57] <Debug>: 1310554424830166: <private>
Aug 28 14:15:06.686114 watchdogd[57] <Debug>: 1310554425016500: <private>
Aug 28 14:15:06.686702 watchdogd[57] <Debug>: 1310554425471250: <private>
Aug 28 14:15:06.688038 watchdogd[57] <Debug>: 1310554425572541: <private>
Aug 28 14:15:06.688641 watchdogd[57] <Info>: 1310554425634083: <private>
Aug 28 14:15:06.689018 watchdogd[57] <Info>: 1310554425650125: <private>
Aug 28 14:15:06.689452 watchdogd[57] <Info>: 1310554425656041: <private>
Aug 28 14:15:06.690808 watchdogd[57] <Info>: 1310554425661000: <private>
Aug 28 14:15:06.691267 watchdogd[57] <Info>: 1310554425665541: <private>
Aug 28 14:15:06.691541 watchdogd[57] <Info>: 1310554425669583: <private>
Aug 28 14:15:06.691976 watchdogd[57] <Info>: 1310554425673791: <private>
Aug 28 14:15:06.692236 watchdogd[57] <Info>: 1310554425677666: <private>
Aug 28 14:15:06.692721 watchdogd[57] <Info>: 1310554426312125: <private>
Aug 28 14:15:06.890198 biometrickitd(CoreMotion)[109] <Debug>: Ping timer fired, resetting watchdog
Aug 28 14:15:09.066812 mediaserverd(CoreMotion)[36] <Debug>: Ping timer fired, resetting watchdog
Aug 28 14:15:09.098936 nearbyd(CoreMotion)[157] <Debug>: Ping timer fired, resetting watchdog
Aug 28 14:15:09.163014 locationd[69] <Debug>: Ping timer fired, resetting watchdog
Aug 28 14:15:11.047284 SpringBoard(CoreMotion)[47602] <Debug>: Ping timer fired, resetting watchdog
Aug 28 14:15:11.112998 wifid(WiFiPolicy)[52] <Notice>: __WiFiLQAMgrLogStats(tech support:Stationary): Rssi: -39 {-39 0} Channel: 44 Bandwidth: 80Mhz Snr: 35 Cca: 35 (S:0 O:0 I:0) TxPer: 0.0% (0) BcnPer: 1.0% (98, 50.5%) RxFrms: 3 RxRetryFrames: 0 TxRate: 24000 RxRate: 6000 FBRate: 520000 TxFwFrms: 0 TxFwFail: 0 TxReTrans: 0 time: 668.5secs fgApp: dev.selfhost.firstActivationProbe
Aug 28 14:15:11.492758 backboardd(CoreMotion)[65] <Debug>: Ping timer fired, resetting watchdog
Aug 28 14:15:11.890147 biometrickitd(CoreMotion)[109] <Debug>: Ping timer fired, resetting watchdog
Aug 28 14:15:14.066560 mediaserverd(CoreMotion)[36] <Debug>: Ping timer fired, resetting watchdog
Aug 28 14:15:14.098790 nearbyd(CoreMotion)[157] <Debug>: Ping timer fired, resetting watchdog
Aug 28 14:15:14.159791 locationd[69] <Debug>: Ping timer fired, resetting watchdog
Aug 28 14:15:16.048046 SpringBoard(CoreMotion)[47602] <Debug>: Ping timer fired, resetting watchdog
Aug 28 14:15:16.131315 wifid(WiFiPolicy)[52] <Notice>: __WiFiLQAMgrLogStats(tech support:Stationary): Rssi: -40 {-39 0} Channel: 44 Bandwidth: 80Mhz Snr: 35 Cca: 35 (S:0 O:0 I:0) TxPer: 0.0% (0) BcnPer: 0.0% (0, 50.5%) RxFrms: 14 RxRetryFrames: 0 TxRate: 24000 RxRate: 6000 FBRate: 520000 TxFwFrms: 0 TxFwFail: 0 TxReTrans: 0 time: 673.6secs fgApp: dev.selfhost.firstActivationProbe
Aug 28 14:15:16.493043 backboardd(CoreMotion)[65] <Debug>: Ping timer fired, resetting watchdog
Aug 28 14:15:16.681432 watchdogd[57] <Debug>: 1310564423417625: <private>
Aug 28 14:15:16.682231 watchdogd[57] <Info>: 1310564423978791: <private>
Aug 28 14:15:16.683571 watchdogd[57] <Debug>: 1310564424137458: <private>
Aug 28 14:15:16.684041 watchdogd[57] <Info>: 1310564424149083: <private>
Aug 28 14:15:16.685392 watchdogd[57] <Debug>: 1310564424274000: <private>
Aug 28 14:15:16.686054 watchdogd[57] <Debug>: 1310564424781333: <private>
Aug 28 14:15:16.687168 watchdogd[57] <Debug>: 1310564425488500: <private>
Aug 28 14:15:16.687883 watchdogd[57] <Debug>: 1310564425924875: <private>
Aug 28 14:15:16.688153 watchdogd[57] <Debug>: 1310564426047166: <private>
Aug 28 14:15:16.688688 watchdogd[57] <Debug>: 1310564426517375: <private>
Aug 28 14:15:16.689143 watchdogd[57] <Info>: 1310564426576000: <private>
Aug 28 14:15:16.689411 watchdogd[57] <Info>: 1310564426591166: <private>
Aug 28 14:15:16.689876 watchdogd[57] <Info>: 1310564426597208: <private>
Aug 28 14:15:16.690120 watchdogd[57] <Info>: 1310564426602208: <private>
Aug 28 14:15:16.690590 watchdogd[57] <Info>: 1310564426606708: <private>
Aug 28 14:15:16.691102 watchdogd[57] <Info>: 1310564426610875: <private>
Aug 28 14:15:16.691411 watchdogd[57] <Info>: 1310564426615208: <private>
Aug 28 14:15:16.691856 watchdogd[57] <Info>: 1310564426619375: <private>
Aug 28 14:15:16.890001 biometrickitd(CoreMotion)[109] <Debug>: Ping timer fired, resetting watchdog
Aug 28 14:15:18.886141 Runner(CoreFoundation)[57912] <Debug>: Resource lookup at <private>
Aug 28 14:15:18.887527 Runner(CoreAnalytics)[57912] <Debug>: com.apple.metal.agx <private>
Aug 28 14:15:18.893319 Runner(CoreAnalytics)[57912] <Info>: Received configuration update from daemon and there was no CoreAnalyticsFramework external config.
Aug 28 14:15:18.893576 Runner(CoreAnalytics)[57912] <Notice>: Received configuration update from daemon (initial)
Aug 28 14:15:19.066413 mediaserverd(CoreMotion)[36] <Debug>: Ping timer fired, resetting watchdog
Aug 28 14:15:19.098577 nearbyd(CoreMotion)[157] <Debug>: Ping timer fired, resetting watchdog
Aug 28 14:15:19.159620 locationd[69] <Debug>: Ping timer fired, resetting watchdog
Aug 28 14:15:21.047693 SpringBoard(CoreMotion)[47602] <Debug>: Ping timer fired, resetting watchdog
Aug 28 14:15:21.143653 wifid(WiFiPolicy)[52] <Notice>: __WiFiLQAMgrLogStats(tech support:Stationary): Rssi: -39 {-39 0} Channel: 44 Bandwidth: 80Mhz Snr: 35 Cca: 14 (S:0 O:0 I:0) TxPer: 0.0% (0) BcnPer: 1.0% (98, 50.5%) RxFrms: 7 RxRetryFrames: 0 TxRate: 24000 RxRate: 6000 FBRate: 520000 TxFwFrms: 2 TxFwFail: 0 TxReTrans: 0 time: 678.6secs fgApp: dev.selfhost.firstActivationProbe
Aug 28 14:15:21.493157 backboardd(CoreMotion)[65] <Debug>: Ping timer fired, resetting watchdog
Aug 28 14:15:21.889383 biometrickitd(CoreMotion)[109] <Debug>: Ping timer fired, resetting watchdog
Aug 28 14:15:24.066288 mediaserverd(CoreMotion)[36] <Debug>: Ping timer fired, resetting watchdog
Aug 28 14:15:24.098454 nearbyd(CoreMotion)[157] <Debug>: Ping timer fired, resetting watchdog
Aug 28 14:15:24.159477 locationd[69] <Debug>: Ping timer fired, resetting watchdog
Aug 28 14:15:26.047624 SpringBoard(CoreMotion)[47602] <Debug>: Ping timer fired, resetting watchdog
Aug 28 14:15:26.157144 wifid(WiFiPolicy)[52] <Notice>: __WiFiLQAMgrLogStats(tech support:Stationary): Rssi: -39 {-39 0} Channel: 44 Bandwidth: 80Mhz Snr: 35 Cca: 28 (S:0 O:0 I:0) TxPer: 0.0% (0) BcnPer: 0.0% (0, 50.5%) RxFrms: 3 RxRetryFrames: 0 TxRate: 24000 RxRate: 6000 FBRate: 520000 TxFwFrms: 0 TxFwFail: 0 TxReTrans: 0 time: 683.6secs fgApp: dev.selfhost.firstActivationProbe
Aug 28 14:15:26.492438 backboardd(CoreMotion)[65] <Debug>: Ping timer fired, resetting watchdog
Aug 28 14:15:26.682144 watchdogd[57] <Debug>: 1310574424145375: <private>
Aug 28 14:15:26.682960 watchdogd[57] <Info>: 1310574424732583: <private>
Aug 28 14:15:26.683326 watchdogd[57] <Debug>: 1310574424889041: <private>
Aug 28 14:15:26.684452 watchdogd[57] <Info>: 1310574424900750: <private>
Aug 28 14:15:26.685919 watchdogd[57] <Debug>: 1310574425044916: <private>
Aug 28 14:15:26.686754 watchdogd[57] <Debug>: 1310574425570250: <private>
Aug 28 14:15:26.688085 watchdogd[57] <Debug>: 1310574426059375: <private>
Aug 28 14:15:26.688669 watchdogd[57] <Debug>: 1310574426617625: <private>
Aug 28 14:15:26.689104 watchdogd[57] <Debug>: 1310574427158625: <private>
Aug 28 14:15:26.689374 watchdogd[57] <Debug>: 1310574427265041: <private>
Aug 28 14:15:26.689829 watchdogd[57] <Info>: 1310574427324500: <private>
Aug 28 14:15:26.690218 watchdogd[57] <Info>: 1310574427339000: <private>
Aug 28 14:15:26.690499 watchdogd[57] <Info>: 1310574427345208: <private>
Aug 28 14:15:26.690953 watchdogd[57] <Info>: 1310574427350500: <private>
Aug 28 14:15:26.691454 watchdogd[57] <Info>: 1310574427355083: <private>
Aug 28 14:15:26.691887 watchdogd[57] <Info>: 1310574427359708: <private>
Aug 28 14:15:26.692197 watchdogd[57] <Info>: 1310574427363833: <private>
Aug 28 14:15:26.692653 watchdogd[57] <Info>: 1310574427367791: <private>
Aug 28 14:15:26.889542 biometrickitd(CoreMotion)[109] <Debug>: Ping timer fired, resetting watchdog
Aug 28 14:15:29.066113 mediaserverd(CoreMotion)[36] <Debug>: Ping timer fired, resetting watchdog
Aug 28 14:15:29.098434 nearbyd(CoreMotion)[157] <Debug>: Ping timer fired, resetting watchdog
Aug 28 14:15:29.159376 locationd[69] <Debug>: Ping timer fired, resetting watchdog
Aug 28 14:15:29.737349 runningboardd(RunningBoard)[33] <Info>: _requestedJetsamPriority = 6, _executablePath = /System/Library/PrivateFrameworks/MobileBackup.framework/backupd
Aug 28 14:15:29.740777 runningboardd(RunningBoard)[33] <Info>: _requestedJetsamPriority = 6, _executablePath = /System/Library/PrivateFrameworks/MobileBackup.framework/backupd
Aug 28 14:15:29.743168 runningboardd(RunningBoard)[33] <Debug>: Sending state update for daemon<com.apple.backupd>: <RBSProcessState| task:running debug:none terminationResistance:None>
Aug 28 14:15:31.047502 SpringBoard(CoreMotion)[47602] <Debug>: Ping timer fired, resetting watchdog
Aug 28 14:15:31.175500 wifid(WiFiPolicy)[52] <Notice>: __WiFiLQAMgrLogStats(tech support:Stationary): Rssi: -39 {-39 0} Channel: 44 Bandwidth: 80Mhz Snr: 35 Cca: 28 (S:0 O:0 I:0) TxPer: 0.0% (0) BcnPer: 0.0% (98, 50.5%) RxFrms: 4 RxRetryFrames: 0 TxRate: 24000 RxRate: 6000 FBRate: 520000 TxFwFrms: 0 TxFwFail: 0 TxReTrans: 0 time: 688.6secs fgApp: dev.selfhost.firstActivationProbe
Aug 28 14:15:31.492740 backboardd(CoreMotion)[65] <Debug>: Ping timer fired, resetting watchdog
Aug 28 14:15:31.889105 biometrickitd(CoreMotion)[109] <Debug>: Ping timer fired, resetting watchdog
Aug 28 14:15:34.065317 mediaserverd(CoreMotion)[36] <Debug>: Ping timer fired, resetting watchdog
Aug 28 14:15:34.111673 nearbyd(CoreMotion)[157] <Debug>: Ping timer fired, resetting watchdog
Aug 28 14:15:34.158866 locationd[69] <Debug>: Ping timer fired, resetting watchdog
Aug 28 14:15:36.047260 SpringBoard(CoreMotion)[47602] <Debug>: Ping timer fired, resetting watchdog
Aug 28 14:15:36.184106 wifid(WiFiPolicy)[52] <Notice>: __WiFiLQAMgrLogStats(tech support:Stationary): Rssi: -40 {-39 0} Channel: 44 Bandwidth: 80Mhz Snr: 35 Cca: 28 (S:0 O:0 I:0) TxPer: 0.0% (0) BcnPer: 0.0% (0, 50.5%) RxFrms: 10 RxRetryFrames: 0 TxRate: 24000 RxRate: 6000 FBRate: 520000 TxFwFrms: 0 TxFwFail: 0 TxReTrans: 0 time: 693.6secs fgApp: dev.selfhost.firstActivationProbe
Aug 28 14:15:36.493091 backboardd(CoreMotion)[65] <Debug>: Ping timer fired, resetting watchdog
Aug 28 14:15:36.682751 watchdogd[57] <Debug>: 1310584424887833: <private>
Aug 28 14:15:36.683214 watchdogd[57] <Info>: 1310584425463333: <private>
Aug 28 14:15:36.684330 watchdogd[57] <Debug>: 1310584425617083: <private>
Aug 28 14:15:36.684547 watchdogd[57] <Info>: 1310584425628666: <private>
Aug 28 14:15:36.684755 watchdogd[57] <Debug>: 1310584425752416: <private>
Aug 28 14:15:36.685067 watchdogd[57] <Debug>: 1310584426230125: <private>
Aug 28 14:15:36.685242 watchdogd[57] <Debug>: 1310584426914833: <private>
Aug 28 14:15:36.685923 watchdogd[57] <Debug>: 1310584427300958: <private>
Aug 28 14:15:36.686171 watchdogd[57] <Debug>: 1310584427495833: <private>
Aug 28 14:15:36.686403 watchdogd[57] <Debug>: 1310584428017541: <private>
Aug 28 14:15:36.686820 watchdogd[57] <Info>: 1310584428074375: <private>
Aug 28 14:15:36.687722 watchdogd[57] <Info>: 1310584428089583: <private>
Aug 28 14:15:36.687862 watchdogd[57] <Info>: 1310584428095166: <private>
Aug 28 14:15:36.688166 watchdogd[57] <Info>: 1310584428100083: <private>
Aug 28 14:15:36.688411 watchdogd[57] <Info>: 1310584428104375: <private>
Aug 28 14:15:36.688567 watchdogd[57] <Info>: 1310584428108500: <private>
Aug 28 14:15:36.688768 watchdogd[57] <Info>: 1310584428112875: <private>
Aug 28 14:15:36.689090 watchdogd[57] <Info>: 1310584428116875: <private>
Aug 28 14:15:36.689240 watchdogd[57] <Info>: 1310584428761083: <private>
Aug 28 14:15:36.889274 biometrickitd(CoreMotion)[109] <Debug>: Ping timer fired, resetting watchdog
Aug 28 14:15:39.065976 mediaserverd(CoreMotion)[36] <Debug>: Ping timer fired, resetting watchdog
Aug 28 14:15:39.094624 nearbyd(CoreMotion)[157] <Debug>: Ping timer fired, resetting watchdog
Aug 28 14:15:39.159058 locationd[69] <Debug>: Ping timer fired, resetting watchdog
Aug 28 14:15:41.046366 SpringBoard(CoreMotion)[47602] <Debug>: Ping timer fired, resetting watchdog
Aug 28 14:15:41.186605 wifid(WiFiPolicy)[52] <Notice>: __WiFiLQAMgrLogStats(tech support:Stationary): Rssi: -40 {-39 0} Channel: 44 Bandwidth: 80Mhz Snr: 35 Cca: 9 (S:0 O:0 I:0) TxPer: 0.0% (0) BcnPer: 2.0% (98, 50.5%) RxFrms: 4 RxRetryFrames: 0 TxRate: 24000 RxRate: 6000 FBRate: 520000 TxFwFrms: 2 TxFwFail: 0 TxReTrans: 0 time: 698.6secs fgApp: dev.selfhost.firstActivationProbe
Aug 28 14:15:41.492528 backboardd(CoreMotion)[65] <Debug>: Ping timer fired, resetting watchdog
Aug 28 14:15:41.889055 biometrickitd(CoreMotion)[109] <Debug>: Ping timer fired, resetting watchdog
Aug 28 14:15:44.064854 mediaserverd(CoreMotion)[36] <Debug>: Ping timer fired, resetting watchdog
Aug 28 14:15:44.111434 nearbyd(CoreMotion)[157] <Debug>: Ping timer fired, resetting watchdog
Aug 28 14:15:44.158896 locationd[69] <Debug>: Ping timer fired, resetting watchdog
Aug 28 14:15:46.047044 SpringBoard(CoreMotion)[47602] <Debug>: Ping timer fired, resetting watchdog
Aug 28 14:15:46.204554 wifid(WiFiPolicy)[52] <Notice>: __WiFiLQAMgrLogStats(tech support:Stationary): Rssi: -41 {-39 0} Channel: 44 Bandwidth: 80Mhz Snr: 35 Cca: 28 (S:0 O:0 I:0) TxPer: 0.0% (0) BcnPer: 0.0% (0, 50.5%) RxFrms: 4 RxRetryFrames: 0 TxRate: 24000 RxRate: 6000 FBRate: 520000 TxFwFrms: 0 TxFwFail: 0 TxReTrans: 0 time: 703.6secs fgApp: dev.selfhost.firstActivationProbe
Aug 28 14:15:46.492320 backboardd(CoreMotion)[65] <Debug>: Ping timer fired, resetting watchdog
Aug 28 14:15:46.683032 watchdogd[57] <Debug>: 1310594425626958: <private>
Aug 28 14:15:46.683930 watchdogd[57] <Info>: 1310594426213416: <private>
Aug 28 14:15:46.685324 watchdogd[57] <Debug>: 1310594426371833: <private>
Aug 28 14:15:46.685720 watchdogd[57] <Info>: 1310594426384291: <private>
Aug 28 14:15:46.685990 watchdogd[57] <Debug>: 1310594426505541: <private>
Aug 28 14:15:46.686429 watchdogd[57] <Debug>: 1310594427014666: <private>
Aug 28 14:15:46.687049 watchdogd[57] <Debug>: 1310594427429375: <private>
Aug 28 14:15:46.687422 watchdogd[57] <Debug>: 1310594427973625: <private>
Aug 28 14:15:46.689024 watchdogd[57] <Debug>: 1310594428445625: <private>
Aug 28 14:15:46.689403 watchdogd[57] <Debug>: 1310594428636083: <private>
Aug 28 14:15:46.689992 watchdogd[57] <Info>: 1310594428692708: <private>
Aug 28 14:15:46.690421 watchdogd[57] <Info>: 1310594428708458: <private>
Aug 28 14:15:46.690769 watchdogd[57] <Info>: 1310594428714625: <private>
Aug 28 14:15:46.691189 watchdogd[57] <Info>: 1310594428720000: <private>
Aug 28 14:15:46.691882 watchdogd[57] <Info>: 1310594428724791: <private>
Aug 28 14:15:46.692149 watchdogd[57] <Info>: 1310594428729083: <private>
Aug 28 14:15:46.692636 watchdogd[57] <Info>: 1310594428733375: <private>
Aug 28 14:15:46.692921 watchdogd[57] <Info>: 1310594428737541: <private>
Aug 28 14:15:46.888679 biometrickitd(CoreMotion)[109] <Debug>: Ping timer fired, resetting watchdog
Aug 28 14:15:49.065667 mediaserverd(CoreMotion)[36] <Debug>: Ping timer fired, resetting watchdog
Aug 28 14:15:49.097796 nearbyd(CoreMotion)[157] <Debug>: Ping timer fired, resetting watchdog
Aug 28 14:15:49.158871 locationd[69] <Debug>: Ping timer fired, resetting watchdog
Aug 28 14:15:51.046905 SpringBoard(CoreMotion)[47602] <Debug>: Ping timer fired, resetting watchdog
Aug 28 14:15:51.219497 wifid(WiFiPolicy)[52] <Notice>: __WiFiLQAMgrLogStats(tech support:Stationary): Rssi: -39 {-38 0} Channel: 44 Bandwidth: 80Mhz Snr: 35 Cca: 28 (S:0 O:0 I:0) TxPer: 0.0% (0) BcnPer: 1.0% (98, 50.5%) RxFrms: 3 RxRetryFrames: 0 TxRate: 24000 RxRate: 6000 FBRate: 520000 TxFwFrms: 0 TxFwFail: 0 TxReTrans: 0 time: 708.7secs fgApp: dev.selfhost.firstActivationProbe
Aug 28 14:15:51.492171 backboardd(CoreMotion)[65] <Debug>: Ping timer fired, resetting watchdog
Aug 28 14:15:51.888857 biometrickitd(CoreMotion)[109] <Debug>: Ping timer fired, resetting watchdog
Aug 28 14:15:54.065511 mediaserverd(CoreMotion)[36] <Debug>: Ping timer fired, resetting watchdog
Aug 28 14:15:54.096902 nearbyd(CoreMotion)[157] <Debug>: Ping timer fired, resetting watchdog
Aug 28 14:15:54.158182 locationd[69] <Debug>: Ping timer fired, resetting watchdog
Aug 28 14:15:56.046784 SpringBoard(CoreMotion)[47602] <Debug>: Ping timer fired, resetting watchdog
Aug 28 14:15:56.237159 wifid(WiFiPolicy)[52] <Notice>: __WiFiLQAMgrLogStats(tech support:Stationary): Rssi: -39 {-38 0} Channel: 44 Bandwidth: 80Mhz Snr: 35 Cca: 28 (S:0 O:0 I:0) TxPer: 0.0% (0) BcnPer: 0.0% (0, 50.5%) RxFrms: 5 RxRetryFrames: 0 TxRate: 24000 RxRate: 6000 FBRate: 520000 TxFwFrms: 0 TxFwFail: 0 TxReTrans: 0 time: 713.7secs fgApp: dev.selfhost.firstActivationProbe
Aug 28 14:15:56.491621 backboardd(CoreMotion)[65] <Debug>: Ping timer fired, resetting watchdog
Aug 28 14:15:56.683125 watchdogd[57] <Debug>: 1310604426373833: <private>
Aug 28 14:15:56.684422 watchdogd[57] <Info>: 1310604426958500: <private>
Aug 28 14:15:56.684824 watchdogd[57] <Debug>: 1310604427111375: <private>
Aug 28 14:15:56.685084 watchdogd[57] <Info>: 1310604427123166: <private>
Aug 28 14:15:56.685958 watchdogd[57] <Debug>: 1310604427245666: <private>
Aug 28 14:15:56.686424 watchdogd[57] <Debug>: 1310604427765541: <private>
Aug 28 14:15:56.687109 watchdogd[57] <Debug>: 1310604428463250: <private>
Aug 28 14:15:56.688588 watchdogd[57] <Debug>: 1310604428850541: <private>
Aug 28 14:15:56.688969 watchdogd[57] <Debug>: 1310604429078083: <private>
Aug 28 14:15:56.689223 watchdogd[57] <Debug>: 1310604429373416: <private>
Aug 28 14:15:56.689864 watchdogd[57] <Info>: 1310604429431041: <private>
Aug 28 14:15:56.690451 watchdogd[57] <Info>: 1310604429446000: <private>
Aug 28 14:15:56.691761 watchdogd[57] <Info>: 1310604429452000: <private>
Aug 28 14:15:56.692035 watchdogd[57] <Info>: 1310604429457083: <private>
Aug 28 14:15:56.692521 watchdogd[57] <Info>: 1310604429461500: <private>
Aug 28 14:15:56.692982 watchdogd[57] <Info>: 1310604429465666: <private>
Aug 28 14:15:56.693239 watchdogd[57] <Info>: 1310604429469958: <private>
Aug 28 14:15:56.693718 watchdogd[57] <Info>: 1310604429473875: <private>
Aug 28 14:15:56.887934 biometrickitd(CoreMotion)[109] <Debug>: Ping timer fired, resetting watchdog
Aug 28 14:15:58.407299 runningboardd(RunningBoard)[33] <Notice>: [daemon<com.apple.Safari.SafeBrowsing.Service>:38121] Ignoring jetsam update because this process is not memory-managed
Aug 28 14:15:58.408755 runningboardd(RunningBoard)[33] <Debug>: SUPPRESSING state update for daemon<com.apple.Safari.SafeBrowsing.Service>: <RBSProcessState| task:running debug:none terminationResistance:None rbAssertions:[
Aug 28 14:15:58.410661 runningboardd(RunningBoard)[33] <Debug>: Sending state update for daemon<com.apple.Safari.SafeBrowsing.Service>: <RBSProcessState| task:running debug:none terminationResistance:None rbAssertions:[
Aug 28 14:15:59.064666 mediaserverd(CoreMotion)[36] <Debug>: Ping timer fired, resetting watchdog
Aug 28 14:15:59.104532 nearbyd(CoreMotion)[157] <Debug>: Ping timer fired, resetting watchdog
Aug 28 14:15:59.157928 locationd[69] <Debug>: Ping timer fired, resetting watchdog
Aug 28 14:15:59.220606 useractivityd[184] <Debug>: SCHEDULE:idleDetermination scheduleNext, interval=0
Aug 28 14:15:59.220758 useractivityd[184] <Debug>: SCHEDULE:idleDetermination, next=NOW ( was forever ) freq=0
Aug 28 14:15:59.220909 useractivityd[184] <Debug>: SCHEDULE:idleDetermination, run.
Aug 28 14:15:59.221056 useractivityd[184] <Debug>: Determining idleDetermination, entering.
Aug 28 14:15:59.223435 useractivityd[184] <Debug>: SCHEDULE:idleDetermination, DONE run, next=forever
Aug 28 14:15:59.223675 useractivityd[184] <Debug>: SCHEDULE:idleDetermination scheduleNext, interval=0
Aug 28 14:15:59.223845 useractivityd[184] <Debug>: SCHEDULE:idleDetermination, next=NOW ( was forever ) freq=0
Aug 28 14:15:59.224030 useractivityd[184] <Debug>: SCHEDULE:idleDetermination, run.
Aug 28 14:15:59.224263 useractivityd[184] <Debug>: Determining idleDetermination, entering.
Aug 28 14:15:59.226109 useractivityd[184] <Debug>: SCHEDULE:idleDetermination, DONE run, next=forever
Aug 28 14:15:59.623738 runningboardd(RunningBoard)[33] <Debug>: Sending state update for daemon<com.apple.Safari.SafeBrowsing.Service>: <RBSProcessState| task:running debug:none terminationResistance:None>
Aug 28 14:15:59.623851 runningboardd(RunningBoard)[33] <Notice>: [daemon<com.apple.Safari.SafeBrowsing.Service>:38121] Ignoring jetsam update because this process is not memory-managed
Aug 28 14:15:59.783067 runningboardd(RunningBoard)[33] <Notice>: [daemon<com.apple.backupd>:57921] termination reported by launchd (0, 0, 0)
Aug 28 14:15:59.786757 runningboardd(RunningBoard)[33] <Notice>: Removing assertions for terminated process: [daemon<com.apple.backupd>:57921]
Aug 28 14:15:59.788712 runningboardd(RunningBoard)[33] <Debug>: Sending state update for daemon<com.apple.backupd>: <RBSProcessState| task:none debug:none terminationResistance:None>
Aug 28 14:16:01.046658 SpringBoard(CoreMotion)[47602] <Debug>: Ping timer fired, resetting watchdog
Aug 28 14:16:01.250675 wifid(WiFiPolicy)[52] <Notice>: __WiFiLQAMgrLogStats(tech support:Stationary): Rssi: -40 {-38 0} Channel: 44 Bandwidth: 80Mhz Snr: 35 Cca: 28 (S:0 O:0 I:0) TxPer: 0.0% (15) BcnPer: 0.0% (98, 50.5%) RxFrms: 18 RxRetryFrames: 2 TxRate: 24000 RxRate: 866667 FBRate: 468000 TxFwFrms: 2 TxFwFail: 0 TxReTrans: 5 time: 718.7secs fgApp: dev.selfhost.firstActivationProbe
Aug 28 14:16:01.492067 backboardd(CoreMotion)[65] <Debug>: Ping timer fired, resetting watchdog
Aug 28 14:16:01.888353 biometrickitd(CoreMotion)[109] <Debug>: Ping timer fired, resetting watchdog
Aug 28 14:16:04.065176 mediaserverd(CoreMotion)[36] <Debug>: Ping timer fired, resetting watchdog
Aug 28 14:16:04.093450 nearbyd(CoreMotion)[157] <Debug>: Ping timer fired, resetting watchdog
Aug 28 14:16:04.158261 locationd[69] <Debug>: Ping timer fired, resetting watchdog
Aug 28 14:16:06.046513 SpringBoard(CoreMotion)[47602] <Debug>: Ping timer fired, resetting watchdog
Aug 28 14:16:06.271442 wifid(WiFiPolicy)[52] <Notice>: __WiFiLQAMgrLogStats(tech support:Stationary): Rssi: -40 {-39 0} Channel: 44 Bandwidth: 80Mhz Snr: 35 Cca: 17 (S:0 O:0 I:0) TxPer: 0.0% (2) BcnPer: 0.0% (0, 50.5%) RxFrms: 7 RxRetryFrames: 0 TxRate: 24000 RxRate: 866667 FBRate: 468000 TxFwFrms: 2 TxFwFail: 0 TxReTrans: 0 time: 723.7secs fgApp: dev.selfhost.firstActivationProbe
Aug 28 14:16:06.491907 backboardd(CoreMotion)[65] <Debug>: Ping timer fired, resetting watchdog
Aug 28 14:16:06.684301 watchdogd[57] <Debug>: 1310614427114708: <private>
Aug 28 14:16:06.684928 watchdogd[57] <Info>: 1310614427680791: <private>
Aug 28 14:16:06.686238 watchdogd[57] <Debug>: 1310614427830416: <private>
Aug 28 14:16:06.686942 watchdogd[57] <Info>: 1310614427842041: <private>
Aug 28 14:16:06.687328 watchdogd[57] <Debug>: 1310614427964625: <private>
Aug 28 14:16:06.687781 watchdogd[57] <Debug>: 1310614428463833: <private>
Aug 28 14:16:06.688049 watchdogd[57] <Debug>: 1310614428927375: <private>
Aug 28 14:16:06.689423 watchdogd[57] <Debug>: 1310614429458125: <private>
Aug 28 14:16:06.689942 watchdogd[57] <Debug>: 1310614429977250: <private>
Aug 28 14:16:06.690907 watchdogd[57] <Debug>: 1310614430021500: <private>
Aug 28 14:16:06.691622 watchdogd[57] <Info>: 1310614430103500: <private>
Aug 28 14:16:06.692059 watchdogd[57] <Info>: 1310614430120416: <private>
Aug 28 14:16:06.692506 watchdogd[57] <Info>: 1310614430126666: <private>
Aug 28 14:16:06.693360 watchdogd[57] <Info>: 1310614430131625: <private>
Aug 28 14:16:06.693658 watchdogd[57] <Info>: 1310614430136291: <private>
Aug 28 14:16:06.693817 watchdogd[57] <Info>: 1310614430140458: <private>
Aug 28 14:16:06.694022 watchdogd[57] <Info>: 1310614430144791: <private>
Aug 28 14:16:06.694255 watchdogd[57] <Info>: 1310614430148708: <private>
Aug 28 14:16:06.694372 watchdogd[57] <Info>: 1310614430772083: <private>
Aug 28 14:16:06.888191 biometrickitd(CoreMotion)[109] <Debug>: Ping timer fired, resetting watchdog
Aug 28 14:16:09.064177 mediaserverd(CoreMotion)[36] <Debug>: Ping timer fired, resetting watchdog
Aug 28 14:16:09.094168 nearbyd(CoreMotion)[157] <Debug>: Ping timer fired, resetting watchdog
Aug 28 14:16:09.158210 locationd[69] <Debug>: Ping timer fired, resetting watchdog
Aug 28 14:16:11.045516 SpringBoard(CoreMotion)[47602] <Debug>: Ping timer fired, resetting watchdog
Aug 28 14:16:11.264376 wifid(WiFiPolicy)[52] <Notice>: __WiFiLQAMgrLogStats(tech support:Stationary): Rssi: -40 {-39 0} Channel: 44 Bandwidth: 80Mhz Snr: 35 Cca: 17 (S:0 O:0 I:0) TxPer: 0.0% (1) BcnPer: 0.0% (98, 50.5%) RxFrms: 5 RxRetryFrames: 1 TxRate: 24000 RxRate: 585000 FBRate: 468000 TxFwFrms: 2 TxFwFail: 0 TxReTrans: 0 time: 728.7secs fgApp: dev.selfhost.firstActivationProbe
Aug 28 14:16:11.491137 backboardd(CoreMotion)[65] <Debug>: Ping timer fired, resetting watchdog
Aug 28 14:16:11.887939 biometrickitd(CoreMotion)[109] <Debug>: Ping timer fired, resetting watchdog
Aug 28 14:16:14.065006 mediaserverd(CoreMotion)[36] <Debug>: Ping timer fired, resetting watchdog
Aug 28 14:16:14.096970 nearbyd(CoreMotion)[157] <Debug>: Ping timer fired, resetting watchdog
Aug 28 14:16:14.158045 locationd[69] <Debug>: Ping timer fired, resetting watchdog
Aug 28 14:16:16.046156 SpringBoard(CoreMotion)[47602] <Debug>: Ping timer fired, resetting watchdog
Aug 28 14:16:16.286834 wifid(WiFiPolicy)[52] <Notice>: __WiFiLQAMgrLogStats(tech support:Stationary): Rssi: -40 {-39 0} Channel: 44 Bandwidth: 80Mhz Snr: 35 Cca: 28 (S:0 O:0 I:0) TxPer: 0.0% (0) BcnPer: 0.0% (0, 50.5%) RxFrms: 21 RxRetryFrames: 0 TxRate: 24000 RxRate: 585000 FBRate: 468000 TxFwFrms: 0 TxFwFail: 0 TxReTrans: 0 time: 733.7secs fgApp: dev.selfhost.firstActivationProbe
Aug 28 14:16:16.491441 backboardd(CoreMotion)[65] <Debug>: Ping timer fired, resetting watchdog
Aug 28 14:16:16.684870 watchdogd[57] <Debug>: 1310624427831416: <private>
Aug 28 14:16:16.685506 watchdogd[57] <Info>: 1310624428487875: <private>
Aug 28 14:16:16.687007 watchdogd[57] <Debug>: 1310624428883125: <private>
Aug 28 14:16:16.687627 watchdogd[57] <Debug>: 1310624429053666: <private>
Aug 28 14:16:16.688004 watchdogd[57] <Info>: 1310624429063958: <private>
Aug 28 14:16:16.689275 watchdogd[57] <Debug>: 1310624429508875: <private>
Aug 28 14:16:16.689882 watchdogd[57] <Debug>: 1310624430344791: <private>
Aug 28 14:16:16.690550 watchdogd[57] <Debug>: 1310624430724625: <private>
Aug 28 14:16:16.690977 watchdogd[57] <Debug>: 1310624431248833: <private>
Aug 28 14:16:16.693063 watchdogd[57] <Debug>: 1310624431368125: <private>
Aug 28 14:16:16.693283 watchdogd[57] <Info>: 1310624431426166: <private>
Aug 28 14:16:16.693556 watchdogd[57] <Info>: 1310624431441083: <private>
Aug 28 14:16:16.693798 watchdogd[57] <Info>: 1310624431447375: <private>
Aug 28 14:16:16.693935 watchdogd[57] <Info>: 1310624431452250: <private>
Aug 28 14:16:16.694171 watchdogd[57] <Info>: 1310624431456708: <private>
Aug 28 14:16:16.694337 watchdogd[57] <Info>: 1310624431460875: <private>
Aug 28 14:16:16.694637 watchdogd[57] <Info>: 1310624431465375: <private>
Aug 28 14:16:16.694887 watchdogd[57] <Info>: 1310624431469416: <private>
Aug 28 14:16:16.893548 biometrickitd(CoreMotion)[109] <Debug>: Ping timer fired, resetting watchdog
Aug 28 14:16:19.063976 mediaserverd(CoreMotion)[36] <Debug>: Ping timer fired, resetting watchdog
Aug 28 14:16:19.103034 nearbyd(CoreMotion)[157] <Debug>: Ping timer fired, resetting watchdog
Aug 28 14:16:19.164404 locationd[69] <Debug>: Ping timer fired, resetting watchdog
Aug 28 14:16:21.045991 SpringBoard(CoreMotion)[47602] <Debug>: Ping timer fired, resetting watchdog
Aug 28 14:16:21.293757 wifid(WiFiPolicy)[52] <Notice>: __WiFiLQAMgrLogStats(tech support:Stationary): Rssi: -40 {-39 0} Channel: 44 Bandwidth: 80Mhz Snr: 35 Cca: 77 (S:0 O:0 I:0) TxPer: 0.0% (0) BcnPer: 0.0% (97, 50.5%) RxFrms: 76 RxRetryFrames: 0 TxRate: 24000 RxRate: 585000 FBRate: 468000 TxFwFrms: 0 TxFwFail: 0 TxReTrans: 0 time: 738.7secs fgApp: dev.selfhost.firstActivationProbe
Aug 28 14:16:21.491344 backboardd(CoreMotion)[65] <Debug>: Ping timer fired, resetting watchdog
Aug 28 14:16:21.887767 biometrickitd(CoreMotion)[109] <Debug>: Ping timer fired, resetting watchdog
Aug 28 14:16:24.063307 mediaserverd(CoreMotion)[36] <Debug>: Ping timer fired, resetting watchdog
Aug 28 14:16:24.093251 nearbyd(CoreMotion)[157] <Debug>: Ping timer fired, resetting watchdog
Aug 28 14:16:24.157750 locationd[69] <Debug>: Ping timer fired, resetting watchdog
Aug 28 14:16:26.045824 SpringBoard(CoreMotion)[47602] <Debug>: Ping timer fired, resetting watchdog
Aug 28 14:16:26.315300 wifid(WiFiPolicy)[52] <Notice>: __WiFiLQAMgrLogStats(tech support:Stationary): Rssi: -40 {-39 0} Channel: 44 Bandwidth: 80Mhz Snr: 35 Cca: 47 (S:0 O:0 I:0) TxPer: 0.0% (0) BcnPer: 0.0% (0, 50.5%) RxFrms: 36 RxRetryFrames: 0 TxRate: 24000 RxRate: 585000 FBRate: 468000 TxFwFrms: 0 TxFwFail: 0 TxReTrans: 0 time: 743.7secs fgApp: dev.selfhost.firstActivationProbe
Aug 28 14:16:26.491199 backboardd(CoreMotion)[65] <Debug>: Ping timer fired, resetting watchdog
Aug 28 14:16:26.684797 watchdogd[57] <Debug>: 1310634428649750: <private>
Aug 28 14:16:26.685443 watchdogd[57] <Info>: 1310634429218416: <private>
Aug 28 14:16:26.686546 watchdogd[57] <Debug>: 1310634429372166: <private>
Aug 28 14:16:26.687009 watchdogd[57] <Info>: 1310634429384083: <private>
Aug 28 14:16:26.687630 watchdogd[57] <Debug>: 1310634429507083: <private>
Aug 28 14:16:26.688224 watchdogd[57] <Debug>: 1310634429998500: <private>
Aug 28 14:16:26.690074 watchdogd[57] <Debug>: 1310634430572125: <private>
Aug 28 14:16:26.690528 watchdogd[57] <Debug>: 1310634431191458: <private>
Aug 28 14:16:26.691176 watchdogd[57] <Debug>: 1310634431459875: <private>
Aug 28 14:16:26.691635 watchdogd[57] <Debug>: 1310634431753958: <private>
Aug 28 14:16:26.692083 watchdogd[57] <Info>: 1310634431813250: <private>
Aug 28 14:16:26.692724 watchdogd[57] <Info>: 1310634431828750: <private>
Aug 28 14:16:26.693017 watchdogd[57] <Info>: 1310634431834583: <private>
Aug 28 14:16:26.693270 watchdogd[57] <Info>: 1310634431839708: <private>
Aug 28 14:16:26.693469 watchdogd[57] <Info>: 1310634431844666: <private>
Aug 28 14:16:26.693659 watchdogd[57] <Info>: 1310634431848750: <private>
Aug 28 14:16:26.693793 watchdogd[57] <Info>: 1310634431853041: <private>
Aug 28 14:16:26.693907 watchdogd[57] <Info>: 1310634431857416: <private>
Aug 28 14:16:26.887517 biometrickitd(CoreMotion)[109] <Debug>: Ping timer fired, resetting watchdog
Aug 28 14:16:29.063598 mediaserverd(CoreMotion)[36] <Debug>: Ping timer fired, resetting watchdog
Aug 28 14:16:29.097471 nearbyd(CoreMotion)[157] <Debug>: Ping timer fired, resetting watchdog
Aug 28 14:16:29.157626 locationd[69] <Debug>: Ping timer fired, resetting watchdog
Aug 28 14:16:31.045654 SpringBoard(CoreMotion)[47602] <Debug>: Ping timer fired, resetting watchdog
Aug 28 14:16:31.327019 wifid(WiFiPolicy)[52] <Notice>: __WiFiLQAMgrLogStats(tech support:Stationary): Rssi: -40 {-39 0} Channel: 44 Bandwidth: 80Mhz Snr: 35 Cca: 13 (S:0 O:0 I:0) TxPer: 0.0% (0) BcnPer: 1.0% (98, 50.5%) RxFrms: 13 RxRetryFrames: 0 TxRate: 24000 RxRate: 6000 FBRate: 468000 TxFwFrms: 2 TxFwFail: 0 TxReTrans: 0 time: 748.8secs fgApp: dev.selfhost.firstActivationProbe
Aug 28 14:16:31.491035 backboardd(CoreMotion)[65] <Debug>: Ping timer fired, resetting watchdog
Aug 28 14:16:31.887356 biometrickitd(CoreMotion)[109] <Debug>: Ping timer fired, resetting watchdog
Aug 28 14:16:34.064328 mediaserverd(CoreMotion)[36] <Debug>: Ping timer fired, resetting watchdog
Aug 28 14:16:34.104361 nearbyd(CoreMotion)[157] <Debug>: Ping timer fired, resetting watchdog
Aug 28 14:16:34.157495 locationd[69] <Debug>: Ping timer fired, resetting watchdog
Aug 28 14:16:35.864502 runningboardd(RunningBoard)[33] <Info>: _requestedJetsamPriority = 6, _executablePath = /System/Library/PrivateFrameworks/MobileBackup.framework/backupd
Aug 28 14:16:35.867998 runningboardd(RunningBoard)[33] <Info>: _requestedJetsamPriority = 6, _executablePath = /System/Library/PrivateFrameworks/MobileBackup.framework/backupd
Aug 28 14:16:35.870724 runningboardd(RunningBoard)[33] <Debug>: Sending state update for daemon<com.apple.backupd>: <RBSProcessState| task:running debug:none terminationResistance:None>
Aug 28 14:16:36.044730 SpringBoard(CoreMotion)[47602] <Debug>: Ping timer fired, resetting watchdog
Aug 28 14:16:36.336204 wifid(WiFiPolicy)[52] <Notice>: __WiFiLQAMgrLogStats(tech support:Stationary): Rssi: -40 {-39 0} Channel: 44 Bandwidth: 80Mhz Snr: 35 Cca: 30 (S:0 O:0 I:0) TxPer: 0.0% (0) BcnPer: 0.0% (0, 50.5%) RxFrms: 8 RxRetryFrames: 0 TxRate: 24000 RxRate: 6000 FBRate: 468000 TxFwFrms: 0 TxFwFail: 0 TxReTrans: 0 time: 753.8secs fgApp: dev.selfhost.firstActivationProbe
Aug 28 14:16:36.490399 backboardd(CoreMotion)[65] <Debug>: Ping timer fired, resetting watchdog
Aug 28 14:16:36.685420 watchdogd[57] <Debug>: 1310644429380375: <private>
Aug 28 14:16:36.685931 watchdogd[57] <Info>: 1310644429981375: <private>
Aug 28 14:16:36.687022 watchdogd[57] <Debug>: 1310644430235750: <private>
Aug 28 14:16:36.688629 watchdogd[57] <Info>: 1310644430247875: <private>
Aug 28 14:16:36.692751 watchdogd[57] <Debug>: 1310644430433500: <private>
Aug 28 14:16:36.693033 watchdogd[57] <Debug>: 1310644431215916: <private>
Aug 28 14:16:36.693485 watchdogd[57] <Debug>: 1310644431578458: <private>
Aug 28 14:16:36.693679 watchdogd[57] <Debug>: 1310644431925125: <private>
Aug 28 14:16:36.694057 watchdogd[57] <Debug>: 1310644432448708: <private>
Aug 28 14:16:36.694485 watchdogd[57] <Debug>: 1310644432605250: <private>
Aug 28 14:16:36.694781 watchdogd[57] <Info>: 1310644432662750: <private>
Aug 28 14:16:36.695740 watchdogd[57] <Info>: 1310644432678333: <private>
Aug 28 14:16:36.696022 watchdogd[57] <Info>: 1310644432684125: <private>
Aug 28 14:16:36.696182 watchdogd[57] <Info>: 1310644432689083: <private>
Aug 28 14:16:36.696305 watchdogd[57] <Info>: 1310644432693416: <private>
Aug 28 14:16:36.696634 watchdogd[57] <Info>: 1310644432697583: <private>
Aug 28 14:16:36.696918 watchdogd[57] <Info>: 1310644432701875: <private>
Aug 28 14:16:36.697059 watchdogd[57] <Info>: 1310644432705750: <private>
Aug 28 14:16:36.697342 watchdogd[57] <Info>: 1310644433360708: <private>
Aug 28 14:16:36.888061 biometrickitd(CoreMotion)[109] <Debug>: Ping timer fired, resetting watchdog
Aug 28 14:16:39.063392 mediaserverd(CoreMotion)[36] <Debug>: Ping timer fired, resetting watchdog
Aug 28 14:16:39.105074 nearbyd(CoreMotion)[157] <Debug>: Ping timer fired, resetting watchdog
Aug 28 14:16:39.157309 locationd[69] <Debug>: Ping timer fired, resetting watchdog
Aug 28 14:16:41.044613 SpringBoard(CoreMotion)[47602] <Debug>: Ping timer fired, resetting watchdog
Aug 28 14:16:41.348070 wifid(WiFiPolicy)[52] <Notice>: __WiFiLQAMgrLogStats(tech support:Stationary): Rssi: -40 {-39 0} Channel: 44 Bandwidth: 80Mhz Snr: 35 Cca: 30 (S:0 O:0 I:0) TxPer: 0.0% (0) BcnPer: 3.1% (98, 50.5%) RxFrms: 3 RxRetryFrames: 0 TxRate: 24000 RxRate: 6000 FBRate: 468000 TxFwFrms: 0 TxFwFail: 0 TxReTrans: 0 time: 758.8secs fgApp: dev.selfhost.firstActivationProbe
Aug 28 14:16:41.490703 backboardd(CoreMotion)[65] <Debug>: Ping timer fired, resetting watchdog
Aug 28 14:16:41.887349 biometrickitd(CoreMotion)[109] <Debug>: Ping timer fired, resetting watchdog
Aug 28 14:16:44.063182 mediaserverd(CoreMotion)[36] <Debug>: Ping timer fired, resetting watchdog
Aug 28 14:16:44.102276 nearbyd(CoreMotion)[157] <Debug>: Ping timer fired, resetting watchdog
Aug 28 14:16:44.157178 locationd[69] <Debug>: Ping timer fired, resetting watchdog
Aug 28 14:16:46.045212 SpringBoard(CoreMotion)[47602] <Debug>: Ping timer fired, resetting watchdog
Aug 28 14:16:46.363825 wifid(WiFiPolicy)[52] <Notice>: __WiFiLQAMgrLogStats(tech support:Stationary): Rssi: -41 {-40 0} Channel: 44 Bandwidth: 80Mhz Snr: 35 Cca: 30 (S:0 O:0 I:0) TxPer: 0.0% (0) BcnPer: 0.0% (0, 50.5%) RxFrms: 4 RxRetryFrames: 0 TxRate: 24000 RxRate: 6000 FBRate: 468000 TxFwFrms: 0 TxFwFail: 0 TxReTrans: 0 time: 763.8secs fgApp: dev.selfhost.firstActivationProbe
Aug 28 14:16:46.490670 backboardd(CoreMotion)[65] <Debug>: Ping timer fired, resetting watchdog
Aug 28 14:16:46.686238 watchdogd[57] <Debug>: 1310654430127791: <private>
Aug 28 14:16:46.687643 watchdogd[57] <Info>: 1310654430766625: <private>
Aug 28 14:16:46.688454 watchdogd[57] <Debug>: 1310654431408541: <private>
Aug 28 14:16:46.689771 watchdogd[57] <Debug>: 1310654431723541: <private>
Aug 28 14:16:46.690527 watchdogd[57] <Info>: 1310654431734041: <private>
Aug 28 14:16:46.691670 watchdogd[57] <Debug>: 1310654432523375: <private>
Aug 28 14:16:46.691938 watchdogd[57] <Debug>: 1310654432699083: <private>
Aug 28 14:16:46.692116 watchdogd[57] <Debug>: 1310654433196625: <private>
Aug 28 14:16:46.692358 watchdogd[57] <Debug>: 1310654433349250: <private>
Aug 28 14:16:46.692514 watchdogd[57] <Debug>: 1310654433892125: <private>
Aug 28 14:16:46.692625 watchdogd[57] <Info>: 1310654433950583: <private>
Aug 28 14:16:46.692897 watchdogd[57] <Info>: 1310654433965333: <private>
Aug 28 14:16:46.693182 watchdogd[57] <Info>: 1310654433970916: <private>
Aug 28 14:16:46.693342 watchdogd[57] <Info>: 1310654433976041: <private>
Aug 28 14:16:46.693558 watchdogd[57] <Info>: 1310654433980625: <private>
Aug 28 14:16:46.693839 watchdogd[57] <Info>: 1310654433984625: <private>
Aug 28 14:16:46.694080 watchdogd[57] <Info>: 1310654433989500: <private>
Aug 28 14:16:46.694340 watchdogd[57] <Info>: 1310654433993375: <private>
Aug 28 14:16:46.886901 biometrickitd(CoreMotion)[109] <Debug>: Ping timer fired, resetting watchdog
Aug 28 14:16:49.063956 mediaserverd(CoreMotion)[36] <Debug>: Ping timer fired, resetting watchdog
Aug 28 14:16:49.098090 nearbyd(CoreMotion)[157] <Debug>: Ping timer fired, resetting watchdog
Aug 28 14:16:49.157101 locationd[69] <Debug>: Ping timer fired, resetting watchdog
Aug 28 14:16:51.044355 SpringBoard(CoreMotion)[47602] <Debug>: Ping timer fired, resetting watchdog
Aug 28 14:16:51.380680 wifid(WiFiPolicy)[52] <Notice>: __WiFiLQAMgrLogStats(tech support:Stationary): Rssi: -41 {-40 0} Channel: 44 Bandwidth: 80Mhz Snr: 35 Cca: 22 (S:0 O:0 I:0) TxPer: 0.0% (0) BcnPer: 2.0% (98, 50.5%) RxFrms: 4 RxRetryFrames: 0 TxRate: 24000 RxRate: 6000 FBRate: 468000 TxFwFrms: 2 TxFwFail: 0 TxReTrans: 0 time: 768.8secs fgApp: dev.selfhost.firstActivationProbe
Aug 28 14:16:51.490430 backboardd(CoreMotion)[65] <Debug>: Ping timer fired, resetting watchdog
Aug 28 14:16:51.886767 biometrickitd(CoreMotion)[109] <Debug>: Ping timer fired, resetting watchdog
Aug 28 14:16:54.062869 mediaserverd(CoreMotion)[36] <Debug>: Ping timer fired, resetting watchdog
Aug 28 14:16:54.104641 nearbyd(CoreMotion)[157] <Debug>: Ping timer fired, resetting watchdog
Aug 28 14:16:54.156327 locationd[69] <Debug>: Ping timer fired, resetting watchdog
Aug 28 14:16:56.045042 SpringBoard(CoreMotion)[47602] <Debug>: Ping timer fired, resetting watchdog
Aug 28 14:16:56.397091 wifid(WiFiPolicy)[52] <Notice>: __WiFiLQAMgrLogStats(tech support:Stationary): Rssi: -41 {-40 0} Channel: 44 Bandwidth: 80Mhz Snr: 35 Cca: 29 (S:0 O:0 I:0) TxPer: 0.0% (0) BcnPer: 0.0% (0, 50.5%) RxFrms: 5 RxRetryFrames: 0 TxRate: 24000 RxRate: 6000 FBRate: 468000 TxFwFrms: 0 TxFwFail: 0 TxReTrans: 0 time: 773.8secs fgApp: dev.selfhost.firstActivationProbe
Aug 28 14:16:56.489851 backboardd(CoreMotion)[65] <Debug>: Ping timer fired, resetting watchdog
Aug 28 14:16:56.686020 watchdogd[57] <Debug>: 1310664430923625: <private>
Aug 28 14:16:56.687777 watchdogd[57] <Info>: 1310664431488458: <private>
Aug 28 14:16:56.691542 watchdogd[57] <Debug>: 1310664431637666: <private>
Aug 28 14:16:56.696270 watchdogd[57] <Info>: 1310664431649458: <private>
Aug 28 14:16:56.696706 watchdogd[57] <Debug>: 1310664431771791: <private>
Aug 28 14:16:56.697144 watchdogd[57] <Debug>: 1310664432281833: <private>
Aug 28 14:16:56.697668 watchdogd[57] <Debug>: 1310664432975333: <private>
Aug 28 14:16:56.702257 watchdogd[57] <Debug>: 1310664433241666: <private>
Aug 28 14:16:56.702534 watchdogd[57] <Debug>: 1310664433809083: <private>
Aug 28 14:16:56.702780 watchdogd[57] <Debug>: 1310664433975500: <private>
Aug 28 14:16:56.702990 watchdogd[57] <Info>: 1310664434033250: <private>
Aug 28 14:16:56.703197 watchdogd[57] <Info>: 1310664434049291: <private>
Aug 28 14:16:56.703387 watchdogd[57] <Info>: 1310664434055291: <private>
Aug 28 14:16:56.703579 watchdogd[57] <Info>: 1310664434060291: <private>
Aug 28 14:16:56.707699 watchdogd[57] <Info>: 1310664434064875: <private>
Aug 28 14:16:56.707900 watchdogd[57] <Info>: 1310664434069208: <private>
Aug 28 14:16:56.708143 watchdogd[57] <Info>: 1310664434073583: <private>
Aug 28 14:16:56.708403 watchdogd[57] <Info>: 1310664434077708: <private>
Aug 28 14:16:56.886675 biometrickitd(CoreMotion)[109] <Debug>: Ping timer fired, resetting watchdog
Aug 28 14:16:59.063585 mediaserverd(CoreMotion)[36] <Debug>: Ping timer fired, resetting watchdog
Aug 28 14:16:59.095712 nearbyd(CoreMotion)[157] <Debug>: Ping timer fired, resetting watchdog
Aug 28 14:16:59.156302 locationd[69] <Debug>: Ping timer fired, resetting watchdog
Aug 28 14:16:59.778686 appstored[180] <Info>: [ArcadePayout] Could not find app metdata for: dev.selfhost.firstActivationProbe
Aug 28 14:16:59.778861 appstored[180] <Info>: [ArcadePayout] Could not find app metdata for: dev.selfhost.firstActivationProbe
Aug 28 14:16:59.779288 appstored[180] <Info>: [ArcadePayout] Could not find app metdata for: dev.selfhost.firstActivationProbe
Aug 28 14:16:59.779772 appstored[180] <Info>: [ArcadePayout] Could not find app metdata for: dev.selfhost.firstActivationProbe
Aug 28 14:16:59.780198 appstored[180] <Info>: [ArcadePayout] Could not find app metdata for: dev.selfhost.firstActivationProbe
Aug 28 14:16:59.780616 appstored[180] <Info>: [ArcadePayout] Could not find app metdata for: dev.selfhost.firstActivationProbe
Aug 28 14:16:59.781119 appstored[180] <Info>: [ArcadePayout] Could not find app metdata for: dev.selfhost.firstActivationProbe
Aug 28 14:16:59.781615 appstored[180] <Info>: [ArcadePayout] Could not find app metdata for: dev.selfhost.firstActivationProbe
Aug 28 14:16:59.782033 appstored[180] <Info>: [ArcadePayout] Could not find app metdata for: dev.selfhost.firstActivationProbe
Aug 28 14:16:59.782449 appstored[180] <Info>: [ArcadePayout] Could not find app metdata for: dev.selfhost.firstActivationProbe
Aug 28 14:16:59.782917 appstored[180] <Info>: [ArcadePayout] Could not find app metdata for: dev.selfhost.firstActivationProbe
Aug 28 14:16:59.783188 appstored[180] <Info>: [ArcadePayout] Could not find app metdata for: dev.selfhost.firstActivationProbe
Aug 28 14:16:59.783471 appstored[180] <Info>: [ArcadePayout] Could not find app metdata for: dev.selfhost.firstActivationProbe
Aug 28 14:16:59.783865 appstored[180] <Info>: [ArcadePayout] Could not find app metdata for: dev.selfhost.firstActivationProbe
Aug 28 14:16:59.784049 appstored[180] <Info>: [ArcadePayout] Could not find app metdata for: dev.selfhost.firstActivationProbe
Aug 28 14:16:59.784394 appstored[180] <Info>: [ArcadePayout] Could not find app metdata for: dev.selfhost.firstActivationProbe
Aug 28 14:16:59.784786 appstored[180] <Info>: [ArcadePayout] Could not find app metdata for: dev.selfhost.firstActivationProbe
Aug 28 14:16:59.784928 appstored[180] <Info>: [ArcadePayout] Could not find app metdata for: dev.selfhost.firstActivationProbe
Aug 28 14:16:59.785332 appstored[180] <Info>: [ArcadePayout] Could not find app metdata for: dev.selfhost.firstActivationProbe
Aug 28 14:16:59.785645 appstored[180] <Info>: [ArcadePayout] Could not find app metdata for: dev.selfhost.firstActivationProbe
Aug 28 14:16:59.785949 appstored[180] <Info>: [ArcadePayout] Could not find app metdata for: dev.selfhost.firstActivationProbe
Aug 28 14:16:59.786234 appstored[180] <Info>: [ArcadePayout] Could not find app metdata for: dev.selfhost.firstActivationProbe
    "foreground-apps" = "{(\n    \"dev.selfhost.firstActivationProbe\"\n)}";
    "foreground-apps" = "{(\n    \"dev.selfhost.firstActivationProbe\"\n)}";
Aug 28 14:17:00.318800 runningboardd(RunningBoard)[33] <Debug>: SUPPRESSING state update for daemon<com.apple.appstored>: <RBSProcessState| task:running debug:none terminationResistance:None rbAssertions:[
Aug 28 14:17:00.319658 runningboardd(RunningBoard)[33] <Notice>: [daemon<com.apple.appstored>:180] Ignoring jetsam update because this process is not memory-managed
Aug 28 14:17:00.321747 runningboardd(RunningBoard)[33] <Debug>: Sending state update for daemon<com.apple.appstored>: <RBSProcessState| task:running debug:none terminationResistance:None rbAssertions:[
Aug 28 14:17:00.355855 runningboardd(RunningBoard)[33] <Notice>: [daemon<com.apple.appstored>:180] Ignoring jetsam update because this process is not memory-managed
Aug 28 14:17:00.357255 runningboardd(RunningBoard)[33] <Debug>: SUPPRESSING state update for daemon<com.apple.appstored>: <RBSProcessState| task:running debug:none terminationResistance:None legacyAssertions:[
Aug 28 14:17:00.357580 runningboardd(RunningBoard)[33] <Debug>: Sending state update for daemon<com.apple.appstored>: <RBSProcessState| task:running debug:none terminationResistance:None legacyAssertions:[
Aug 28 14:17:00.528018 runningboardd(RunningBoard)[33] <Notice>: [daemon<com.apple.appstored>:180] Ignoring jetsam update because this process is not memory-managed
Aug 28 14:17:00.529476 runningboardd(RunningBoard)[33] <Debug>: Sending state update for daemon<com.apple.appstored>: <RBSProcessState| task:running debug:none terminationResistance:None rbAssertions:[
Aug 28 14:17:01.044728 SpringBoard(CoreMotion)[47602] <Debug>: Ping timer fired, resetting watchdog
Aug 28 14:17:01.408914 wifid(WiFiPolicy)[52] <Notice>: __WiFiLQAMgrLogStats(tech support:Stationary): Rssi: -41 {-41 -46} Channel: 44 Bandwidth: 80Mhz Snr: 35 Cca: 10 (S:0 O:0 I:0) TxPer: 0.0% (22) BcnPer: 2.0% (98, 50.5%) RxFrms: 25 RxRetryFrames: 13 TxRate: 24000 RxRate: 702000 FBRate: 520000 TxFwFrms: 7 TxFwFail: 0 TxReTrans: 4 time: 778.8secs fgApp: dev.selfhost.firstActivationProbe
Aug 28 14:17:01.490294 backboardd(CoreMotion)[65] <Debug>: Ping timer fired, resetting watchdog
Aug 28 14:17:01.538625 runningboardd(RunningBoard)[33] <Notice>: [daemon<com.apple.appstored>:180] Ignoring jetsam update because this process is not memory-managed
Aug 28 14:17:01.542900 runningboardd(RunningBoard)[33] <Debug>: Sending state update for daemon<com.apple.appstored>: <RBSProcessState| task:running debug:none terminationResistance:None>
Aug 28 14:17:01.802424 runningboardd(RunningBoard)[33] <Info>: _requestedJetsamPriority = 4, _executablePath = /Developer/usr/bin/ScreenShotr
Aug 28 14:17:01.803641 runningboardd(RunningBoard)[33] <Info>: _requestedJetsamPriority = 4, _executablePath = /Developer/usr/bin/ScreenShotr
Aug 28 14:17:01.803801 SpringBoard(FrontBoard)[47602] <Notice>: Asked to bootstrap a new process for handle: [anon<ScreenShotr>:57932]
Aug 28 14:17:01.804988 SpringBoard(FrontBoard)[47602] <Notice>: Bootstrapping anon<ScreenShotr>
Aug 28 14:17:01.805207 runningboardd(RunningBoard)[33] <Debug>: Sending state update for anon<ScreenShotr>: <RBSProcessState| task:running debug:none terminationResistance:None>
Aug 28 14:17:01.805349 SpringBoard(FrontBoard)[47602] <Notice>: [anon<ScreenShotr>:57932] Bootstrap success!
Aug 28 14:17:01.885748 biometrickitd(CoreMotion)[109] <Debug>: Ping timer fired, resetting watchdog
Aug 28 14:17:02.003715 runningboardd(RunningBoard)[33] <Notice>: [anon<ScreenShotr>:57932] termination reported by launchd (0, 0, 0)
Aug 28 14:17:02.004700 runningboardd(RunningBoard)[33] <Notice>: Removing assertions for terminated process: [anon<ScreenShotr>:57932]
Aug 28 14:17:02.007095 runningboardd(RunningBoard)[33] <Debug>: Sending state update for anon<ScreenShotr>: <RBSProcessState| task:none debug:none terminationResistance:None>
