Aug 27 20:30:27.120507 biometrickitd(CoreMotion)[109] <Debug>: Ping timer fired, resetting watchdog
Aug 27 20:30:29.296038 mediaserverd(CoreMotion)[36] <Debug>: Ping timer fired, resetting watchdog
Aug 27 20:30:29.325928 nearbyd(CoreMotion)[157] <Debug>: Ping timer fired, resetting watchdog
Aug 27 20:30:29.401101 locationd[69] <Debug>: Ping timer fired, resetting watchdog
Aug 27 20:30:31.277271 SpringBoard(CoreMotion)[47602] <Debug>: Ping timer fired, resetting watchdog
Aug 27 20:30:31.721737 backboardd(CoreMotion)[65] <Debug>: Ping timer fired, resetting watchdog
Aug 27 20:30:32.118603 biometrickitd(CoreMotion)[109] <Debug>: Ping timer fired, resetting watchdog
Aug 27 20:30:32.627073 watchdogd[57] <Debug>: 1246680136776416: <private>
Aug 27 20:30:32.629703 watchdogd[57] <Info>: 1246680137344041: <private>
Aug 27 20:30:32.631294 watchdogd[57] <Debug>: 1246680137491083: <private>
Aug 27 20:30:32.631953 watchdogd[57] <Debug>: 1246680137866208: <private>
Aug 27 20:30:32.632929 watchdogd[57] <Info>: 1246680137876583: <private>
Aug 27 20:30:32.633603 watchdogd[57] <Debug>: 1246680138305416: <private>
Aug 27 20:30:32.633989 watchdogd[57] <Debug>: 1246680138936291: <private>
Aug 27 20:30:32.634430 watchdogd[57] <Debug>: 1246680139168083: <private>
Aug 27 20:30:32.634746 watchdogd[57] <Debug>: 1246680139550416: <private>
Aug 27 20:30:32.635758 watchdogd[57] <Debug>: 1246680139715208: <private>
Aug 27 20:30:32.636167 watchdogd[57] <Info>: 1246680139772416: <private>
Aug 27 20:30:32.636589 watchdogd[57] <Info>: 1246680139788125: <private>
Aug 27 20:30:32.637056 watchdogd[57] <Info>: 1246680139793791: <private>
Aug 27 20:30:32.637500 watchdogd[57] <Info>: 1246680139798875: <private>
Aug 27 20:30:32.637919 watchdogd[57] <Info>: 1246680139803291: <private>
Aug 27 20:30:32.638411 watchdogd[57] <Info>: 1246680139807458: <private>
Aug 27 20:30:32.638816 watchdogd[57] <Info>: 1246680139811666: <private>
Aug 27 20:30:32.639182 watchdogd[57] <Info>: 1246680139815750: <private>
Aug 27 20:30:34.295573 mediaserverd(CoreMotion)[36] <Debug>: Ping timer fired, resetting watchdog
Aug 27 20:30:34.327953 nearbyd(CoreMotion)[157] <Debug>: Ping timer fired, resetting watchdog
Aug 27 20:30:34.388655 locationd[69] <Debug>: Ping timer fired, resetting watchdog
Aug 27 20:30:36.277261 SpringBoard(CoreMotion)[47602] <Debug>: Ping timer fired, resetting watchdog
Aug 27 20:30:36.722277 backboardd(CoreMotion)[65] <Debug>: Ping timer fired, resetting watchdog
Aug 27 20:30:37.121482 biometrickitd(CoreMotion)[109] <Debug>: Ping timer fired, resetting watchdog
Aug 27 20:30:39.294744 mediaserverd(CoreMotion)[36] <Debug>: Ping timer fired, resetting watchdog
Aug 27 20:30:39.327804 nearbyd(CoreMotion)[157] <Debug>: Ping timer fired, resetting watchdog
Aug 27 20:30:39.388785 locationd[69] <Debug>: Ping timer fired, resetting watchdog
Aug 27 20:30:41.276044 SpringBoard(CoreMotion)[47602] <Debug>: Ping timer fired, resetting watchdog
Aug 27 20:30:41.722013 backboardd(CoreMotion)[65] <Debug>: Ping timer fired, resetting watchdog
Aug 27 20:30:42.118635 biometrickitd(CoreMotion)[109] <Debug>: Ping timer fired, resetting watchdog
Aug 27 20:30:42.626035 watchdogd[57] <Debug>: 1246690137497541: <private>
Aug 27 20:30:42.626857 watchdogd[57] <Info>: 1246690138066708: <private>
Aug 27 20:30:42.628533 watchdogd[57] <Debug>: 1246690138344875: <private>
Aug 27 20:30:42.629384 watchdogd[57] <Info>: 1246690138357375: <private>
Aug 27 20:30:42.630326 watchdogd[57] <Debug>: 1246690138714875: <private>
Aug 27 20:30:42.631038 watchdogd[57] <Debug>: 1246690139261166: <private>
Aug 27 20:30:42.633656 watchdogd[57] <Debug>: 1246690139983250: <private>
Aug 27 20:30:42.634251 watchdogd[57] <Debug>: 1246690140260541: <private>
Aug 27 20:30:42.634655 watchdogd[57] <Debug>: 1246690140564166: <private>
Aug 27 20:30:42.635058 watchdogd[57] <Debug>: 1246690140872083: <private>
Aug 27 20:30:42.635454 watchdogd[57] <Info>: 1246690140930708: <private>
Aug 27 20:30:42.635920 watchdogd[57] <Info>: 1246690140945916: <private>
Aug 27 20:30:42.636299 watchdogd[57] <Info>: 1246690140952166: <private>
Aug 27 20:30:42.636759 watchdogd[57] <Info>: 1246690140957000: <private>
Aug 27 20:30:42.637226 watchdogd[57] <Info>: 1246690140961291: <private>
Aug 27 20:30:42.637615 watchdogd[57] <Info>: 1246690140965291: <private>
Aug 27 20:30:42.638070 watchdogd[57] <Info>: 1246690140969500: <private>
Aug 27 20:30:42.638490 watchdogd[57] <Info>: 1246690140974000: <private>
Aug 27 20:30:44.295798 mediaserverd(CoreMotion)[36] <Debug>: Ping timer fired, resetting watchdog
Aug 27 20:30:44.328022 nearbyd(CoreMotion)[157] <Debug>: Ping timer fired, resetting watchdog
Aug 27 20:30:44.388881 locationd[69] <Debug>: Ping timer fired, resetting watchdog
Aug 27 20:30:46.276998 SpringBoard(CoreMotion)[47602] <Debug>: Ping timer fired, resetting watchdog
Aug 27 20:30:46.725298 backboardd(CoreMotion)[65] <Debug>: Ping timer fired, resetting watchdog
Aug 27 20:30:47.118795 biometrickitd(CoreMotion)[109] <Debug>: Ping timer fired, resetting watchdog
Aug 27 20:30:49.295711 mediaserverd(CoreMotion)[36] <Debug>: Ping timer fired, resetting watchdog
Aug 27 20:30:49.340210 nearbyd(CoreMotion)[157] <Debug>: Ping timer fired, resetting watchdog
Aug 27 20:30:49.389378 locationd[69] <Debug>: Ping timer fired, resetting watchdog
Aug 27 20:30:51.276918 SpringBoard(CoreMotion)[47602] <Debug>: Ping timer fired, resetting watchdog
Aug 27 20:30:51.722387 backboardd(CoreMotion)[65] <Debug>: Ping timer fired, resetting watchdog
Aug 27 20:30:52.118697 biometrickitd(CoreMotion)[109] <Debug>: Ping timer fired, resetting watchdog
Aug 27 20:30:52.626096 watchdogd[57] <Debug>: 1246700138220583: <private>
Aug 27 20:30:52.629583 watchdogd[57] <Info>: 1246700138801625: <private>
Aug 27 20:30:52.630811 watchdogd[57] <Debug>: 1246700138958875: <private>
Aug 27 20:30:52.631705 watchdogd[57] <Info>: 1246700138970625: <private>
Aug 27 20:30:52.632637 watchdogd[57] <Debug>: 1246700139093333: <private>
Aug 27 20:30:52.633756 watchdogd[57] <Debug>: 1246700139595500: <private>
Aug 27 20:30:52.634723 watchdogd[57] <Debug>: 1246700140460583: <private>
Aug 27 20:30:52.635211 watchdogd[57] <Debug>: 1246700140775416: <private>
Aug 27 20:30:52.636917 watchdogd[57] <Debug>: 1246700140817833: <private>
Aug 27 20:30:52.639739 watchdogd[57] <Debug>: 1246700141362708: <private>
Aug 27 20:30:52.640112 watchdogd[57] <Info>: 1246700141426458: <private>
Aug 27 20:30:52.640535 watchdogd[57] <Info>: 1246700141442000: <private>
Aug 27 20:30:52.641011 watchdogd[57] <Info>: 1246700141448458: <private>
Aug 27 20:30:52.641392 watchdogd[57] <Info>: 1246700141453458: <private>
Aug 27 20:30:52.641912 watchdogd[57] <Info>: 1246700141457958: <private>
Aug 27 20:30:52.642279 watchdogd[57] <Info>: 1246700141462000: <private>
Aug 27 20:30:52.642676 watchdogd[57] <Info>: 1246700141466083: <private>
Aug 27 20:30:52.643229 watchdogd[57] <Info>: 1246700141470041: <private>
Aug 27 20:30:52.643672 watchdogd[57] <Info>: 1246700142260625: <private>
Aug 27 20:30:54.295803 mediaserverd(CoreMotion)[36] <Debug>: Ping timer fired, resetting watchdog
Aug 27 20:30:54.328522 nearbyd(CoreMotion)[157] <Debug>: Ping timer fired, resetting watchdog
Aug 27 20:30:54.389301 locationd[69] <Debug>: Ping timer fired, resetting watchdog
Aug 27 20:30:56.276864 SpringBoard(CoreMotion)[47602] <Debug>: Ping timer fired, resetting watchdog
Aug 27 20:30:56.722762 backboardd(CoreMotion)[65] <Debug>: Ping timer fired, resetting watchdog
Aug 27 20:30:56.844231 runningboardd(RunningBoard)[33] <Notice>: [daemon<com.apple.backupd>:50192] termination reported by launchd (0, 0, 0)
Aug 27 20:30:56.850408 runningboardd(RunningBoard)[33] <Notice>: Removing assertions for terminated process: [daemon<com.apple.backupd>:50192]
Aug 27 20:30:56.852215 runningboardd(RunningBoard)[33] <Debug>: Sending state update for daemon<com.apple.backupd>: <RBSProcessState| task:none debug:none terminationResistance:None>
Aug 27 20:30:57.118748 biometrickitd(CoreMotion)[109] <Debug>: Ping timer fired, resetting watchdog
Aug 27 20:30:59.295780 mediaserverd(CoreMotion)[36] <Debug>: Ping timer fired, resetting watchdog
Aug 27 20:30:59.328026 nearbyd(CoreMotion)[157] <Debug>: Ping timer fired, resetting watchdog
Aug 27 20:30:59.389484 locationd[69] <Debug>: Ping timer fired, resetting watchdog
Aug 27 20:31:01.276979 SpringBoard(CoreMotion)[47602] <Debug>: Ping timer fired, resetting watchdog
Aug 27 20:31:01.728811 backboardd(CoreMotion)[65] <Debug>: Ping timer fired, resetting watchdog
Aug 27 20:31:02.118765 biometrickitd(CoreMotion)[109] <Debug>: Ping timer fired, resetting watchdog
Aug 27 20:31:02.635183 watchdogd[57] <Debug>: 1246710138940708: <private>
Aug 27 20:31:02.635596 watchdogd[57] <Info>: 1246710139520458: <private>
Aug 27 20:31:02.635986 watchdogd[57] <Debug>: 1246710139705666: <private>
Aug 27 20:31:02.636462 watchdogd[57] <Debug>: 1246710140097291: <private>
Aug 27 20:31:02.636924 watchdogd[57] <Info>: 1246710140108208: <private>
Aug 27 20:31:02.637449 watchdogd[57] <Debug>: 1246710140822791: <private>
Aug 27 20:31:02.637943 watchdogd[57] <Debug>: 1246710140934541: <private>
Aug 27 20:31:02.638370 watchdogd[57] <Debug>: 1246710141199916: <private>
Aug 27 20:31:02.638778 watchdogd[57] <Debug>: 1246710141221083: <private>
Aug 27 20:31:02.639145 watchdogd[57] <Debug>: 1246710141436458: <private>
Aug 27 20:31:02.639502 watchdogd[57] <Info>: 1246710141470500: <private>
Aug 27 20:31:02.639860 watchdogd[57] <Info>: 1246710141479958: <private>
Aug 27 20:31:02.640763 watchdogd[57] <Info>: 1246710141483541: <private>
Aug 27 20:31:02.641229 watchdogd[57] <Info>: 1246710141486375: <private>
Aug 27 20:31:02.641685 watchdogd[57] <Info>: 1246710141488791: <private>
Aug 27 20:31:02.642030 watchdogd[57] <Info>: 1246710141491000: <private>
Aug 27 20:31:02.642388 watchdogd[57] <Info>: 1246710141493375: <private>
Aug 27 20:31:02.642749 watchdogd[57] <Info>: 1246710141495500: <private>
Aug 27 20:31:04.296447 mediaserverd(CoreMotion)[36] <Debug>: Ping timer fired, resetting watchdog
Aug 27 20:31:04.324452 nearbyd(CoreMotion)[157] <Debug>: Ping timer fired, resetting watchdog
Aug 27 20:31:04.401446 locationd[69] <Debug>: Ping timer fired, resetting watchdog
Aug 27 20:31:06.286834 SpringBoard(CoreMotion)[47602] <Debug>: Ping timer fired, resetting watchdog
Aug 27 20:31:06.723010 backboardd(CoreMotion)[65] <Debug>: Ping timer fired, resetting watchdog
Aug 27 20:31:07.118206 biometrickitd(CoreMotion)[109] <Debug>: Ping timer fired, resetting watchdog
Aug 27 20:31:09.294956 mediaserverd(CoreMotion)[36] <Debug>: Ping timer fired, resetting watchdog
Aug 27 20:31:09.328170 nearbyd(CoreMotion)[157] <Debug>: Ping timer fired, resetting watchdog
Aug 27 20:31:09.388987 locationd[69] <Debug>: Ping timer fired, resetting watchdog
Aug 27 20:31:11.276142 SpringBoard(CoreMotion)[47602] <Debug>: Ping timer fired, resetting watchdog
Aug 27 20:31:11.722466 backboardd(CoreMotion)[65] <Debug>: Ping timer fired, resetting watchdog
Aug 27 20:31:12.119449 biometrickitd(CoreMotion)[109] <Debug>: Ping timer fired, resetting watchdog
Aug 27 20:31:12.627327 watchdogd[57] <Debug>: 1246720139674583: <private>
Aug 27 20:31:12.629195 watchdogd[57] <Info>: 1246720140280958: <private>
Aug 27 20:31:12.630632 watchdogd[57] <Debug>: 1246720140797625: <private>
Aug 27 20:31:12.631995 watchdogd[57] <Debug>: 1246720140842583: <private>
Aug 27 20:31:12.634217 watchdogd[57] <Info>: 1246720140851416: <private>
Aug 27 20:31:12.634872 watchdogd[57] <Debug>: 1246720141320083: <private>
Aug 27 20:31:12.635305 watchdogd[57] <Debug>: 1246720142066750: <private>
Aug 27 20:31:12.635697 watchdogd[57] <Debug>: 1246720142488125: <private>
Aug 27 20:31:12.636175 watchdogd[57] <Debug>: 1246720142528125: <private>
Aug 27 20:31:12.636605 watchdogd[57] <Debug>: 1246720143122625: <private>
Aug 27 20:31:12.637024 watchdogd[57] <Info>: 1246720143181916: <private>
Aug 27 20:31:12.637381 watchdogd[57] <Info>: 1246720143196666: <private>
Aug 27 20:31:12.637958 watchdogd[57] <Info>: 1246720143202666: <private>
Aug 27 20:31:12.638401 watchdogd[57] <Info>: 1246720143207750: <private>
Aug 27 20:31:12.639539 watchdogd[57] <Info>: 1246720143212166: <private>
Aug 27 20:31:12.639897 watchdogd[57] <Info>: 1246720143216416: <private>
Aug 27 20:31:12.640345 watchdogd[57] <Info>: 1246720143220708: <private>
Aug 27 20:31:12.640875 watchdogd[57] <Info>: 1246720143225083: <private>
Aug 27 20:31:14.296238 mediaserverd(CoreMotion)[36] <Debug>: Ping timer fired, resetting watchdog
Aug 27 20:31:14.332559 nearbyd(CoreMotion)[157] <Debug>: Ping timer fired, resetting watchdog
Aug 27 20:31:14.389013 locationd[69] <Debug>: Ping timer fired, resetting watchdog
Aug 27 20:31:16.277561 SpringBoard(CoreMotion)[47602] <Debug>: Ping timer fired, resetting watchdog
Aug 27 20:31:16.725085 backboardd(CoreMotion)[65] <Debug>: Ping timer fired, resetting watchdog
Aug 27 20:31:17.118963 biometrickitd(CoreMotion)[109] <Debug>: Ping timer fired, resetting watchdog
Aug 27 20:31:19.296976 mediaserverd(CoreMotion)[36] <Debug>: Ping timer fired, resetting watchdog
Aug 27 20:31:19.331536 nearbyd(CoreMotion)[157] <Debug>: Ping timer fired, resetting watchdog
Aug 27 20:31:19.389007 locationd[69] <Debug>: Ping timer fired, resetting watchdog
Aug 27 20:31:21.277600 SpringBoard(CoreMotion)[47602] <Debug>: Ping timer fired, resetting watchdog
Aug 27 20:31:21.722526 backboardd(CoreMotion)[65] <Debug>: Ping timer fired, resetting watchdog
Aug 27 20:31:22.118852 biometrickitd(CoreMotion)[109] <Debug>: Ping timer fired, resetting watchdog
Aug 27 20:31:22.629083 watchdogd[57] <Debug>: 1246730140448000: <private>
Aug 27 20:31:22.630221 watchdogd[57] <Info>: 1246730140837125: <private>
Aug 27 20:31:22.630778 watchdogd[57] <Debug>: 1246730140923458: <private>
Aug 27 20:31:22.631244 watchdogd[57] <Info>: 1246730140930208: <private>
Aug 27 20:31:22.631666 watchdogd[57] <Debug>: 1246730141082625: <private>
Aug 27 20:31:22.632166 watchdogd[57] <Debug>: 1246730141308291: <private>
Aug 27 20:31:22.632540 watchdogd[57] <Debug>: 1246730141441833: <private>
Aug 27 20:31:22.633029 watchdogd[57] <Debug>: 1246730141944291: <private>
Aug 27 20:31:22.633455 watchdogd[57] <Debug>: 1246730142100541: <private>
Aug 27 20:31:22.633868 watchdogd[57] <Debug>: 1246730142284000: <private>
Aug 27 20:31:22.634443 watchdogd[57] <Info>: 1246730142317208: <private>
Aug 27 20:31:22.634858 watchdogd[57] <Info>: 1246730142326125: <private>
Aug 27 20:31:22.635231 watchdogd[57] <Info>: 1246730142329375: <private>
Aug 27 20:31:22.635596 watchdogd[57] <Info>: 1246730142332000: <private>
Aug 27 20:31:22.635992 watchdogd[57] <Info>: 1246730142334375: <private>
Aug 27 20:31:22.636429 watchdogd[57] <Info>: 1246730142336666: <private>
Aug 27 20:31:22.636874 watchdogd[57] <Info>: 1246730142338916: <private>
Aug 27 20:31:22.637372 watchdogd[57] <Info>: 1246730142341041: <private>
Aug 27 20:31:22.637799 watchdogd[57] <Info>: 1246730142834333: <private>
Aug 27 20:31:24.295939 mediaserverd(CoreMotion)[36] <Debug>: Ping timer fired, resetting watchdog
Aug 27 20:31:24.336917 nearbyd(CoreMotion)[157] <Debug>: Ping timer fired, resetting watchdog
Aug 27 20:31:24.390218 locationd[69] <Debug>: Ping timer fired, resetting watchdog
Aug 27 20:31:26.277592 SpringBoard(CoreMotion)[47602] <Debug>: Ping timer fired, resetting watchdog
Aug 27 20:31:26.722557 backboardd(CoreMotion)[65] <Debug>: Ping timer fired, resetting watchdog
Aug 27 20:31:27.118950 biometrickitd(CoreMotion)[109] <Debug>: Ping timer fired, resetting watchdog
Aug 27 20:31:29.295947 mediaserverd(CoreMotion)[36] <Debug>: Ping timer fired, resetting watchdog
Aug 27 20:31:29.373631 nearbyd(CoreMotion)[157] <Debug>: Ping timer fired, resetting watchdog
Aug 27 20:31:29.388355 locationd[69] <Debug>: Ping timer fired, resetting watchdog
Aug 27 20:31:31.284561 SpringBoard(CoreMotion)[47602] <Debug>: Ping timer fired, resetting watchdog
Aug 27 20:31:31.723400 backboardd(CoreMotion)[65] <Debug>: Ping timer fired, resetting watchdog
Aug 27 20:31:32.121660 biometrickitd(CoreMotion)[109] <Debug>: Ping timer fired, resetting watchdog
Aug 27 20:31:32.629517 watchdogd[57] <Debug>: 1246740140996458: <private>
Aug 27 20:31:32.633481 watchdogd[57] <Info>: 1246740141562208: <private>
Aug 27 20:31:32.633994 watchdogd[57] <Debug>: 1246740141714250: <private>
Aug 27 20:31:32.634432 watchdogd[57] <Info>: 1246740141726583: <private>
Aug 27 20:31:32.634906 watchdogd[57] <Debug>: 1246740141849000: <private>
Aug 27 20:31:32.635311 watchdogd[57] <Debug>: 1246740142340541: <private>
Aug 27 20:31:32.636040 watchdogd[57] <Debug>: 1246740143051750: <private>
Aug 27 20:31:32.636582 watchdogd[57] <Debug>: 1246740143433166: <private>
Aug 27 20:31:32.636982 watchdogd[57] <Debug>: 1246740143600791: <private>
Aug 27 20:31:32.637340 watchdogd[57] <Debug>: 1246740143975375: <private>
Aug 27 20:31:32.637771 watchdogd[57] <Info>: 1246740144036333: <private>
Aug 27 20:31:32.638171 watchdogd[57] <Info>: 1246740144052000: <private>
Aug 27 20:31:32.638489 watchdogd[57] <Info>: 1246740144058083: <private>
Aug 27 20:31:32.639053 watchdogd[57] <Info>: 1246740144063125: <private>
Aug 27 20:31:32.639520 watchdogd[57] <Info>: 1246740144067750: <private>
Aug 27 20:31:32.639940 watchdogd[57] <Info>: 1246740144071875: <private>
Aug 27 20:31:32.640868 watchdogd[57] <Info>: 1246740144076208: <private>
Aug 27 20:31:32.641226 watchdogd[57] <Info>: 1246740144080375: <private>
Aug 27 20:31:32.878438 runningboardd(RunningBoard)[33] <Info>: _requestedJetsamPriority = 6, _executablePath = /System/Library/PrivateFrameworks/MobileBackup.framework/backupd
Aug 27 20:31:32.881761 runningboardd(RunningBoard)[33] <Info>: _requestedJetsamPriority = 6, _executablePath = /System/Library/PrivateFrameworks/MobileBackup.framework/backupd
Aug 27 20:31:32.884303 runningboardd(RunningBoard)[33] <Debug>: Sending state update for daemon<com.apple.backupd>: <RBSProcessState| task:running debug:none terminationResistance:None>
Aug 27 20:31:34.301639 mediaserverd(CoreMotion)[36] <Debug>: Ping timer fired, resetting watchdog
Aug 27 20:31:34.329355 nearbyd(CoreMotion)[157] <Debug>: Ping timer fired, resetting watchdog
Aug 27 20:31:34.389320 locationd[69] <Debug>: Ping timer fired, resetting watchdog
Aug 27 20:31:36.277174 SpringBoard(CoreMotion)[47602] <Debug>: Ping timer fired, resetting watchdog
Aug 27 20:31:36.722620 backboardd(CoreMotion)[65] <Debug>: Ping timer fired, resetting watchdog
Aug 27 20:31:37.118946 biometrickitd(CoreMotion)[109] <Debug>: Ping timer fired, resetting watchdog
Aug 27 20:31:39.296414 mediaserverd(CoreMotion)[36] <Debug>: Ping timer fired, resetting watchdog
Aug 27 20:31:39.334815 nearbyd(CoreMotion)[157] <Debug>: Ping timer fired, resetting watchdog
Aug 27 20:31:39.388771 locationd[69] <Debug>: Ping timer fired, resetting watchdog
Aug 27 20:31:41.276258 SpringBoard(CoreMotion)[47602] <Debug>: Ping timer fired, resetting watchdog
Aug 27 20:31:41.730621 backboardd(CoreMotion)[65] <Debug>: Ping timer fired, resetting watchdog
Aug 27 20:31:42.145319 biometrickitd(CoreMotion)[109] <Debug>: Ping timer fired, resetting watchdog
Aug 27 20:31:42.631909 watchdogd[57] <Debug>: 1246750141717541: <private>
Aug 27 20:31:42.634011 watchdogd[57] <Info>: 1246750142295125: <private>
Aug 27 20:31:42.634474 watchdogd[57] <Debug>: 1246750142448000: <private>
Aug 27 20:31:42.634905 watchdogd[57] <Info>: 1246750142460083: <private>
Aug 27 20:31:42.635443 watchdogd[57] <Debug>: 1246750142582708: <private>
Aug 27 20:31:42.635880 watchdogd[57] <Debug>: 1246750143066291: <private>
Aug 27 20:31:42.636656 watchdogd[57] <Debug>: 1246750143802041: <private>
Aug 27 20:31:42.637190 watchdogd[57] <Debug>: 1246750144119250: <private>
Aug 27 20:31:42.637619 watchdogd[57] <Debug>: 1246750144636916: <private>
Aug 27 20:31:42.638281 watchdogd[57] <Debug>: 1246750144885083: <private>
Aug 27 20:31:42.638761 watchdogd[57] <Info>: 1246750144943791: <private>
Aug 27 20:31:42.639211 watchdogd[57] <Info>: 1246750144958625: <private>
Aug 27 20:31:42.639589 watchdogd[57] <Info>: 1246750144964666: <private>
Aug 27 20:31:42.639964 watchdogd[57] <Info>: 1246750144969833: <private>
Aug 27 20:31:42.640380 watchdogd[57] <Info>: 1246750144974166: <private>
Aug 27 20:31:42.640778 watchdogd[57] <Info>: 1246750144978333: <private>
Aug 27 20:31:42.641157 watchdogd[57] <Info>: 1246750144982708: <private>
Aug 27 20:31:42.641450 watchdogd[57] <Info>: 1246750144986750: <private>
Aug 27 20:31:44.296028 mediaserverd(CoreMotion)[36] <Debug>: Ping timer fired, resetting watchdog
Aug 27 20:31:44.338294 nearbyd(CoreMotion)[157] <Debug>: Ping timer fired, resetting watchdog
Aug 27 20:31:44.390435 locationd[69] <Debug>: Ping timer fired, resetting watchdog
Aug 27 20:31:46.277261 SpringBoard(CoreMotion)[47602] <Debug>: Ping timer fired, resetting watchdog
Aug 27 20:31:46.723416 backboardd(CoreMotion)[65] <Debug>: Ping timer fired, resetting watchdog
Aug 27 20:31:47.118172 biometrickitd(CoreMotion)[109] <Debug>: Ping timer fired, resetting watchdog
Aug 27 20:31:49.296144 mediaserverd(CoreMotion)[36] <Debug>: Ping timer fired, resetting watchdog
Aug 27 20:31:49.327115 nearbyd(CoreMotion)[157] <Debug>: Ping timer fired, resetting watchdog
Aug 27 20:31:49.389222 locationd[69] <Debug>: Ping timer fired, resetting watchdog
Aug 27 20:31:51.276489 SpringBoard(CoreMotion)[47602] <Debug>: Ping timer fired, resetting watchdog
Aug 27 20:31:51.722825 backboardd(CoreMotion)[65] <Debug>: Ping timer fired, resetting watchdog
Aug 27 20:31:52.119163 biometrickitd(CoreMotion)[109] <Debug>: Ping timer fired, resetting watchdog
Aug 27 20:31:52.632593 watchdogd[57] <Debug>: 1246760142445250: <private>
Aug 27 20:31:52.634651 watchdogd[57] <Info>: 1246760142978333: <private>
Aug 27 20:31:52.635694 watchdogd[57] <Debug>: 1246760143464625: <private>
Aug 27 20:31:52.636107 watchdogd[57] <Debug>: 1246760143510375: <private>
Aug 27 20:31:52.636498 watchdogd[57] <Info>: 1246760143519208: <private>
Aug 27 20:31:52.636814 watchdogd[57] <Debug>: 1246760143954500: <private>
Aug 27 20:31:52.637286 watchdogd[57] <Debug>: 1246760144346416: <private>
Aug 27 20:31:52.637707 watchdogd[57] <Debug>: 1246760144883833: <private>
Aug 27 20:31:52.638188 watchdogd[57] <Debug>: 1246760145327875: <private>
Aug 27 20:31:52.639014 watchdogd[57] <Debug>: 1246760145365708: <private>
Aug 27 20:31:52.639385 watchdogd[57] <Info>: 1246760145421708: <private>
Aug 27 20:31:52.639821 watchdogd[57] <Info>: 1246760145436208: <private>
Aug 27 20:31:52.640095 watchdogd[57] <Info>: 1246760145441958: <private>
Aug 27 20:31:52.640621 watchdogd[57] <Info>: 1246760145447000: <private>
Aug 27 20:31:52.641015 watchdogd[57] <Info>: 1246760145451541: <private>
Aug 27 20:31:52.641286 watchdogd[57] <Info>: 1246760145455708: <private>
Aug 27 20:31:52.641839 watchdogd[57] <Info>: 1246760145459875: <private>
Aug 27 20:31:52.642308 watchdogd[57] <Info>: 1246760145463750: <private>
Aug 27 20:31:52.642676 watchdogd[57] <Info>: 1246760146168541: <private>
Aug 27 20:31:54.297099 mediaserverd(CoreMotion)[36] <Debug>: Ping timer fired, resetting watchdog
Aug 27 20:31:54.332198 nearbyd(CoreMotion)[157] <Debug>: Ping timer fired, resetting watchdog
Aug 27 20:31:54.389251 locationd[69] <Debug>: Ping timer fired, resetting watchdog
Aug 27 20:31:56.277309 SpringBoard(CoreMotion)[47602] <Debug>: Ping timer fired, resetting watchdog
Aug 27 20:31:56.722712 backboardd(CoreMotion)[65] <Debug>: Ping timer fired, resetting watchdog
Aug 27 20:31:57.119087 biometrickitd(CoreMotion)[109] <Debug>: Ping timer fired, resetting watchdog
Aug 27 20:31:59.295375 mediaserverd(CoreMotion)[36] <Debug>: Ping timer fired, resetting watchdog
Aug 27 20:31:59.335954 nearbyd(CoreMotion)[157] <Debug>: Ping timer fired, resetting watchdog
Aug 27 20:31:59.389880 locationd[69] <Debug>: Ping timer fired, resetting watchdog
Aug 27 20:32:01.279028 SpringBoard(CoreMotion)[47602] <Debug>: Ping timer fired, resetting watchdog
Aug 27 20:32:01.722764 backboardd(CoreMotion)[65] <Debug>: Ping timer fired, resetting watchdog
Aug 27 20:32:02.118633 biometrickitd(CoreMotion)[109] <Debug>: Ping timer fired, resetting watchdog
Aug 27 20:32:02.645572 watchdogd[57] <Debug>: 1246770143092333: <private>
Aug 27 20:32:02.645910 watchdogd[57] <Info>: 1246770143496083: <private>
Aug 27 20:32:02.646137 watchdogd[57] <Debug>: 1246770143592875: <private>
Aug 27 20:32:02.646538 watchdogd[57] <Debug>: 1246770143871333: <private>
Aug 27 20:32:02.647186 watchdogd[57] <Info>: 1246770143877125: <private>
Aug 27 20:32:02.647486 watchdogd[57] <Debug>: 1246770144259083: <private>
Aug 27 20:32:02.647768 watchdogd[57] <Debug>: 1246770144396750: <private>
Aug 27 20:32:02.648104 watchdogd[57] <Debug>: 1246770144642000: <private>
Aug 27 20:32:02.648400 watchdogd[57] <Debug>: 1246770144747708: <private>
Aug 27 20:32:02.648708 watchdogd[57] <Debug>: 1246770144944291: <private>
Aug 27 20:32:02.648999 watchdogd[57] <Info>: 1246770144981791: <private>
Aug 27 20:32:02.649315 watchdogd[57] <Info>: 1246770144991541: <private>
Aug 27 20:32:02.649590 watchdogd[57] <Info>: 1246770144994666: <private>
Aug 27 20:32:02.649905 watchdogd[57] <Info>: 1246770144997416: <private>
Aug 27 20:32:02.650251 watchdogd[57] <Info>: 1246770144999791: <private>
Aug 27 20:32:02.650464 watchdogd[57] <Info>: 1246770145002000: <private>
Aug 27 20:32:02.650729 watchdogd[57] <Info>: 1246770145004333: <private>
Aug 27 20:32:02.651253 watchdogd[57] <Info>: 1246770145006541: <private>
Aug 27 20:32:02.908736 runningboardd(RunningBoard)[33] <Notice>: [daemon<com.apple.backupd>:50199] termination reported by launchd (0, 0, 0)
Aug 27 20:32:02.916197 runningboardd(RunningBoard)[33] <Notice>: Removing assertions for terminated process: [daemon<com.apple.backupd>:50199]
Aug 27 20:32:02.919026 runningboardd(RunningBoard)[33] <Debug>: Sending state update for daemon<com.apple.backupd>: <RBSProcessState| task:none debug:none terminationResistance:None>
Aug 27 20:32:04.296070 mediaserverd(CoreMotion)[36] <Debug>: Ping timer fired, resetting watchdog
Aug 27 20:32:04.325374 nearbyd(CoreMotion)[157] <Debug>: Ping timer fired, resetting watchdog
Aug 27 20:32:04.397179 locationd[69] <Debug>: Ping timer fired, resetting watchdog
Aug 27 20:32:06.277373 SpringBoard(CoreMotion)[47602] <Debug>: Ping timer fired, resetting watchdog
Aug 27 20:32:06.722795 backboardd(CoreMotion)[65] <Debug>: Ping timer fired, resetting watchdog
Aug 27 20:32:07.119148 biometrickitd(CoreMotion)[109] <Debug>: Ping timer fired, resetting watchdog
Aug 27 20:32:07.639502 symptomsd(SymptomEvaluator)[170] <Debug>: --> activityBitmaps for dev.selfhost.firstActivationProbe is empty on interface WiFi
Aug 27 20:32:09.296469 mediaserverd(CoreMotion)[36] <Debug>: Ping timer fired, resetting watchdog
Aug 27 20:32:09.325405 nearbyd(CoreMotion)[157] <Debug>: Ping timer fired, resetting watchdog
Aug 27 20:32:09.389433 locationd[69] <Debug>: Ping timer fired, resetting watchdog
Aug 27 20:32:11.301421 SpringBoard(CoreMotion)[47602] <Debug>: Ping timer fired, resetting watchdog
Aug 27 20:32:11.722884 backboardd(CoreMotion)[65] <Debug>: Ping timer fired, resetting watchdog
Aug 27 20:32:12.118921 biometrickitd(CoreMotion)[109] <Debug>: Ping timer fired, resetting watchdog
Aug 27 20:32:12.632052 watchdogd[57] <Debug>: 1246780143645291: <private>
Aug 27 20:32:12.633440 watchdogd[57] <Info>: 1246780144223833: <private>
Aug 27 20:32:12.635256 watchdogd[57] <Debug>: 1246780144379375: <private>
Aug 27 20:32:12.638222 watchdogd[57] <Info>: 1246780144391208: <private>
Aug 27 20:32:12.638985 watchdogd[57] <Debug>: 1246780144512583: <private>
Aug 27 20:32:12.639863 watchdogd[57] <Debug>: 1246780144986375: <private>
Aug 27 20:32:12.640665 watchdogd[57] <Debug>: 1246780145768500: <private>
Aug 27 20:32:12.641646 watchdogd[57] <Debug>: 1246780146000875: <private>
Aug 27 20:32:12.642628 watchdogd[57] <Debug>: 1246780146311333: <private>
Aug 27 20:32:12.643404 watchdogd[57] <Debug>: 1246780146614958: <private>
Aug 27 20:32:12.644274 watchdogd[57] <Info>: 1246780146675833: <private>
Aug 27 20:32:12.644726 watchdogd[57] <Info>: 1246780146691583: <private>
Aug 27 20:32:12.645210 watchdogd[57] <Info>: 1246780146697875: <private>
Aug 27 20:32:12.645623 watchdogd[57] <Info>: 1246780146702916: <private>
Aug 27 20:32:12.646072 watchdogd[57] <Info>: 1246780146707500: <private>
Aug 27 20:32:12.646496 watchdogd[57] <Info>: 1246780146711833: <private>
Aug 27 20:32:12.646875 watchdogd[57] <Info>: 1246780146716125: <private>
Aug 27 20:32:12.647740 watchdogd[57] <Info>: 1246780146720291: <private>
Aug 27 20:32:14.296265 mediaserverd(CoreMotion)[36] <Debug>: Ping timer fired, resetting watchdog
Aug 27 20:32:14.325855 nearbyd(CoreMotion)[157] <Debug>: Ping timer fired, resetting watchdog
Aug 27 20:32:14.389385 locationd[69] <Debug>: Ping timer fired, resetting watchdog
Aug 27 20:32:16.277415 SpringBoard(CoreMotion)[47602] <Debug>: Ping timer fired, resetting watchdog
Aug 27 20:32:16.723095 backboardd(CoreMotion)[65] <Debug>: Ping timer fired, resetting watchdog
Aug 27 20:32:17.118917 biometrickitd(CoreMotion)[109] <Debug>: Ping timer fired, resetting watchdog
Aug 27 20:32:19.296183 mediaserverd(CoreMotion)[36] <Debug>: Ping timer fired, resetting watchdog
Aug 27 20:32:19.336183 nearbyd(CoreMotion)[157] <Debug>: Ping timer fired, resetting watchdog
Aug 27 20:32:19.389410 locationd[69] <Debug>: Ping timer fired, resetting watchdog
Aug 27 20:32:21.277526 SpringBoard(CoreMotion)[47602] <Debug>: Ping timer fired, resetting watchdog
Aug 27 20:32:21.723260 backboardd(CoreMotion)[65] <Debug>: Ping timer fired, resetting watchdog
Aug 27 20:32:22.119237 biometrickitd(CoreMotion)[109] <Debug>: Ping timer fired, resetting watchdog
Aug 27 20:32:22.633154 watchdogd[57] <Debug>: 1246790144403583: <private>
Aug 27 20:32:22.634583 watchdogd[57] <Info>: 1246790144975875: <private>
Aug 27 20:32:22.635406 watchdogd[57] <Debug>: 1246790145126791: <private>
Aug 27 20:32:22.636545 watchdogd[57] <Info>: 1246790145138375: <private>
Aug 27 20:32:22.637120 watchdogd[57] <Debug>: 1246790145261291: <private>
Aug 27 20:32:22.637643 watchdogd[57] <Debug>: 1246790145763875: <private>
Aug 27 20:32:22.638014 watchdogd[57] <Debug>: 1246790146480291: <private>
Aug 27 20:32:22.638429 watchdogd[57] <Debug>: 1246790146845416: <private>
Aug 27 20:32:22.638838 watchdogd[57] <Debug>: 1246790147402333: <private>
Aug 27 20:32:22.639352 watchdogd[57] <Debug>: 1246790147592333: <private>
Aug 27 20:32:22.639780 watchdogd[57] <Info>: 1246790147653458: <private>
Aug 27 20:32:22.640210 watchdogd[57] <Info>: 1246790147668041: <private>
Aug 27 20:32:22.640574 watchdogd[57] <Info>: 1246790147674041: <private>
Aug 27 20:32:22.641011 watchdogd[57] <Info>: 1246790147678916: <private>
Aug 27 20:32:22.641413 watchdogd[57] <Info>: 1246790147683458: <private>
Aug 27 20:32:22.641769 watchdogd[57] <Info>: 1246790147687833: <private>
Aug 27 20:32:22.642305 watchdogd[57] <Info>: 1246790147692041: <private>
Aug 27 20:32:22.642754 watchdogd[57] <Info>: 1246790147696000: <private>
Aug 27 20:32:22.643190 watchdogd[57] <Info>: 1246790148380875: <private>
Aug 27 20:32:24.296395 mediaserverd(CoreMotion)[36] <Debug>: Ping timer fired, resetting watchdog
Aug 27 20:32:24.341481 nearbyd(CoreMotion)[157] <Debug>: Ping timer fired, resetting watchdog
Aug 27 20:32:24.389435 locationd[69] <Debug>: Ping timer fired, resetting watchdog
Aug 27 20:32:26.277560 SpringBoard(CoreMotion)[47602] <Debug>: Ping timer fired, resetting watchdog
Aug 27 20:32:26.722953 backboardd(CoreMotion)[65] <Debug>: Ping timer fired, resetting watchdog
Aug 27 20:32:27.120162 biometrickitd(CoreMotion)[109] <Debug>: Ping timer fired, resetting watchdog
Aug 27 20:32:29.296317 mediaserverd(CoreMotion)[36] <Debug>: Ping timer fired, resetting watchdog
Aug 27 20:32:29.327119 nearbyd(CoreMotion)[157] <Debug>: Ping timer fired, resetting watchdog
Aug 27 20:32:29.390300 locationd[69] <Debug>: Ping timer fired, resetting watchdog
Aug 27 20:32:31.277606 SpringBoard(CoreMotion)[47602] <Debug>: Ping timer fired, resetting watchdog
Aug 27 20:32:31.723007 backboardd(CoreMotion)[65] <Debug>: Ping timer fired, resetting watchdog
Aug 27 20:32:32.119382 biometrickitd(CoreMotion)[109] <Debug>: Ping timer fired, resetting watchdog
Aug 27 20:32:32.634836 watchdogd[57] <Debug>: 1246800145133083: <private>
Aug 27 20:32:32.635748 watchdogd[57] <Info>: 1246800145720333: <private>
Aug 27 20:32:32.637003 watchdogd[57] <Debug>: 1246800145871166: <private>
Aug 27 20:32:32.637389 watchdogd[57] <Info>: 1246800145882375: <private>
Aug 27 20:32:32.637793 watchdogd[57] <Debug>: 1246800146004416: <private>
Aug 27 20:32:32.638235 watchdogd[57] <Debug>: 1246800147127291: <private>
Aug 27 20:32:32.638516 watchdogd[57] <Debug>: 1246800147648916: <private>
Aug 27 20:32:32.638993 watchdogd[57] <Debug>: 1246800147906250: <private>
Aug 27 20:32:32.639459 watchdogd[57] <Debug>: 1246800148236083: <private>
Aug 27 20:32:32.639922 watchdogd[57] <Debug>: 1246800148520875: <private>
Aug 27 20:32:32.640249 watchdogd[57] <Info>: 1246800148584208: <private>
Aug 27 20:32:32.640602 watchdogd[57] <Info>: 1246800148600333: <private>
Aug 27 20:32:32.640962 watchdogd[57] <Info>: 1246800148606125: <private>
Aug 27 20:32:32.641377 watchdogd[57] <Info>: 1246800148611083: <private>
Aug 27 20:32:32.641782 watchdogd[57] <Info>: 1246800148615416: <private>
Aug 27 20:32:32.642200 watchdogd[57] <Info>: 1246800148619541: <private>
Aug 27 20:32:32.642571 watchdogd[57] <Info>: 1246800148623625: <private>
Aug 27 20:32:32.642985 watchdogd[57] <Info>: 1246800148627583: <private>
Aug 27 20:32:34.296333 mediaserverd(CoreMotion)[36] <Debug>: Ping timer fired, resetting watchdog
Aug 27 20:32:34.324709 nearbyd(CoreMotion)[157] <Debug>: Ping timer fired, resetting watchdog
Aug 27 20:32:34.389576 locationd[69] <Debug>: Ping timer fired, resetting watchdog
Aug 27 20:32:36.277567 SpringBoard(CoreMotion)[47602] <Debug>: Ping timer fired, resetting watchdog
Aug 27 20:32:36.723019 backboardd(CoreMotion)[65] <Debug>: Ping timer fired, resetting watchdog
Aug 27 20:32:37.119328 biometrickitd(CoreMotion)[109] <Debug>: Ping timer fired, resetting watchdog
Aug 27 20:32:38.546862 runningboardd(RunningBoard)[33] <Info>: _requestedJetsamPriority = 6, _executablePath = /System/Library/PrivateFrameworks/MobileBackup.framework/backupd
Aug 27 20:32:38.550691 runningboardd(RunningBoard)[33] <Info>: _requestedJetsamPriority = 6, _executablePath = /System/Library/PrivateFrameworks/MobileBackup.framework/backupd
Aug 27 20:32:38.554185 runningboardd(RunningBoard)[33] <Debug>: Sending state update for daemon<com.apple.backupd>: <RBSProcessState| task:running debug:none terminationResistance:None>
Aug 27 20:32:39.296712 mediaserverd(CoreMotion)[36] <Debug>: Ping timer fired, resetting watchdog
Aug 27 20:32:39.331550 nearbyd(CoreMotion)[157] <Debug>: Ping timer fired, resetting watchdog
Aug 27 20:32:39.389591 locationd[69] <Debug>: Ping timer fired, resetting watchdog
Aug 27 20:32:41.276719 SpringBoard(CoreMotion)[47602] <Debug>: Ping timer fired, resetting watchdog
Aug 27 20:32:41.723007 backboardd(CoreMotion)[65] <Debug>: Ping timer fired, resetting watchdog
Aug 27 20:32:42.119422 biometrickitd(CoreMotion)[109] <Debug>: Ping timer fired, resetting watchdog
Aug 27 20:32:42.633660 watchdogd[57] <Debug>: 1246810145875083: <private>
Aug 27 20:32:42.634646 watchdogd[57] <Info>: 1246810146450750: <private>
Aug 27 20:32:42.636534 watchdogd[57] <Debug>: 1246810146602000: <private>
Aug 27 20:32:42.637365 watchdogd[57] <Info>: 1246810146613625: <private>
Aug 27 20:32:42.638672 watchdogd[57] <Debug>: 1246810146735541: <private>
Aug 27 20:32:42.639722 watchdogd[57] <Debug>: 1246810147234875: <private>
Aug 27 20:32:42.642410 watchdogd[57] <Debug>: 1246810147944958: <private>
Aug 27 20:32:42.643169 watchdogd[57] <Debug>: 1246810148198083: <private>
Aug 27 20:32:42.644735 watchdogd[57] <Debug>: 1246810148703291: <private>
Aug 27 20:32:42.645188 watchdogd[57] <Debug>: 1246810148876500: <private>
Aug 27 20:32:42.645595 watchdogd[57] <Info>: 1246810148939916: <private>
Aug 27 20:32:42.645998 watchdogd[57] <Info>: 1246810148955541: <private>
Aug 27 20:32:42.646389 watchdogd[57] <Info>: 1246810148961875: <private>
Aug 27 20:32:42.646755 watchdogd[57] <Info>: 1246810148967041: <private>
Aug 27 20:32:42.647117 watchdogd[57] <Info>: 1246810148972041: <private>
Aug 27 20:32:42.647428 watchdogd[57] <Info>: 1246810148976208: <private>
Aug 27 20:32:42.647689 watchdogd[57] <Info>: 1246810148980583: <private>
Aug 27 20:32:42.648055 watchdogd[57] <Info>: 1246810148984791: <private>
Aug 27 20:32:44.299101 mediaserverd(CoreMotion)[36] <Debug>: Ping timer fired, resetting watchdog
Aug 27 20:32:44.328442 nearbyd(CoreMotion)[157] <Debug>: Ping timer fired, resetting watchdog
Aug 27 20:32:44.389533 locationd[69] <Debug>: Ping timer fired, resetting watchdog
Aug 27 20:32:46.276991 SpringBoard(CoreMotion)[47602] <Debug>: Ping timer fired, resetting watchdog
Aug 27 20:32:46.723117 backboardd(CoreMotion)[65] <Debug>: Ping timer fired, resetting watchdog
Aug 27 20:32:47.119810 biometrickitd(CoreMotion)[109] <Debug>: Ping timer fired, resetting watchdog
Aug 27 20:32:49.295750 mediaserverd(CoreMotion)[36] <Debug>: Ping timer fired, resetting watchdog
Aug 27 20:32:49.336871 nearbyd(CoreMotion)[157] <Debug>: Ping timer fired, resetting watchdog
Aug 27 20:32:49.388530 locationd[69] <Debug>: Ping timer fired, resetting watchdog
Aug 27 20:32:50.467344 useractivityd[184] <Debug>: SCHEDULE:idleDetermination scheduleNext, interval=0
Aug 27 20:32:50.467745 useractivityd[184] <Debug>: SCHEDULE:idleDetermination, next=NOW ( was forever ) freq=0
Aug 27 20:32:50.468246 useractivityd[184] <Debug>: SCHEDULE:idleDetermination, run.
Aug 27 20:32:50.468905 useractivityd[184] <Debug>: Determining idleDetermination, entering.
Aug 27 20:32:50.480604 useractivityd[184] <Debug>: SCHEDULE:idleDetermination, DONE run, next=forever
Aug 27 20:32:50.480990 useractivityd[184] <Debug>: SCHEDULE:idleDetermination scheduleNext, interval=0
Aug 27 20:32:50.481204 useractivityd[184] <Debug>: SCHEDULE:idleDetermination, next=NOW ( was forever ) freq=0
Aug 27 20:32:50.483155 useractivityd[184] <Debug>: SCHEDULE:idleDetermination, run.
Aug 27 20:32:50.483355 useractivityd[184] <Debug>: Determining idleDetermination, entering.
Aug 27 20:32:50.487684 useractivityd[184] <Debug>: SCHEDULE:idleDetermination, DONE run, next=forever
Aug 27 20:32:51.295815 SpringBoard(CoreMotion)[47602] <Debug>: Ping timer fired, resetting watchdog
Aug 27 20:32:51.723958 backboardd(CoreMotion)[65] <Debug>: Ping timer fired, resetting watchdog
Aug 27 20:32:52.119555 biometrickitd(CoreMotion)[109] <Debug>: Ping timer fired, resetting watchdog
Aug 27 20:32:52.635152 watchdogd[57] <Debug>: 1246820146606916: <private>
Aug 27 20:32:52.636325 watchdogd[57] <Info>: 1246820147185833: <private>
Aug 27 20:32:52.638633 watchdogd[57] <Debug>: 1246820147341083: <private>
Aug 27 20:32:52.639448 watchdogd[57] <Info>: 1246820147352833: <private>
Aug 27 20:32:52.640602 watchdogd[57] <Debug>: 1246820147475208: <private>
Aug 27 20:32:52.641337 watchdogd[57] <Debug>: 1246820147969416: <private>
Aug 27 20:32:52.642867 watchdogd[57] <Debug>: 1246820148615000: <private>
Aug 27 20:32:52.644387 watchdogd[57] <Debug>: 1246820148936500: <private>
Aug 27 20:32:52.645047 watchdogd[57] <Debug>: 1246820149488833: <private>
Aug 27 20:32:52.645496 watchdogd[57] <Debug>: 1246820149637416: <private>
Aug 27 20:32:52.645823 watchdogd[57] <Info>: 1246820149696041: <private>
Aug 27 20:32:52.646671 watchdogd[57] <Info>: 1246820149710541: <private>
Aug 27 20:32:52.647103 watchdogd[57] <Info>: 1246820149716708: <private>
Aug 27 20:32:52.647539 watchdogd[57] <Info>: 1246820149721666: <private>
Aug 27 20:32:52.648001 watchdogd[57] <Info>: 1246820149726041: <private>
Aug 27 20:32:52.648421 watchdogd[57] <Info>: 1246820149730166: <private>
Aug 27 20:32:52.648873 watchdogd[57] <Info>: 1246820149734250: <private>
Aug 27 20:32:52.649191 watchdogd[57] <Info>: 1246820149738166: <private>
Aug 27 20:32:52.649557 watchdogd[57] <Info>: 1246820150422583: <private>
Aug 27 20:32:54.296438 mediaserverd(CoreMotion)[36] <Debug>: Ping timer fired, resetting watchdog
Aug 27 20:32:54.328624 nearbyd(CoreMotion)[157] <Debug>: Ping timer fired, resetting watchdog
Aug 27 20:32:54.389638 locationd[69] <Debug>: Ping timer fired, resetting watchdog
Aug 27 20:32:56.277042 SpringBoard(CoreMotion)[47602] <Debug>: Ping timer fired, resetting watchdog
Aug 27 20:32:56.723201 backboardd(CoreMotion)[65] <Debug>: Ping timer fired, resetting watchdog
Aug 27 20:32:57.129760 biometrickitd(CoreMotion)[109] <Debug>: Ping timer fired, resetting watchdog
Aug 27 20:32:59.296478 mediaserverd(CoreMotion)[36] <Debug>: Ping timer fired, resetting watchdog
Aug 27 20:32:59.325754 nearbyd(CoreMotion)[157] <Debug>: Ping timer fired, resetting watchdog
Aug 27 20:32:59.389930 locationd[69] <Debug>: Ping timer fired, resetting watchdog
Aug 27 20:33:01.277467 SpringBoard(CoreMotion)[47602] <Debug>: Ping timer fired, resetting watchdog
Aug 27 20:33:01.722670 backboardd(CoreMotion)[65] <Debug>: Ping timer fired, resetting watchdog
Aug 27 20:33:02.119603 biometrickitd(CoreMotion)[109] <Debug>: Ping timer fired, resetting watchdog
Aug 27 20:33:02.635707 watchdogd[57] <Debug>: 1246830147346791: <private>
Aug 27 20:33:02.636376 watchdogd[57] <Info>: 1246830147971750: <private>
Aug 27 20:33:02.638060 watchdogd[57] <Debug>: 1246830148121708: <private>
Aug 27 20:33:02.639705 watchdogd[57] <Debug>: 1246830148462166: <private>
Aug 27 20:33:02.640723 watchdogd[57] <Info>: 1246830148472458: <private>
Aug 27 20:33:02.642930 watchdogd[57] <Debug>: 1246830148970375: <private>
Aug 27 20:33:02.644920 watchdogd[57] <Debug>: 1246830149540541: <private>
Aug 27 20:33:02.646136 watchdogd[57] <Debug>: 1246830149901041: <private>
Aug 27 20:33:02.656516 watchdogd[57] <Debug>: 1246830150165583: <private>
Aug 27 20:33:02.657574 watchdogd[57] <Debug>: 1246830150453541: <private>
Aug 27 20:33:02.658574 watchdogd[57] <Info>: 1246830150510583: <private>
Aug 27 20:33:02.659100 watchdogd[57] <Info>: 1246830150524958: <private>
Aug 27 20:33:02.659525 watchdogd[57] <Info>: 1246830150531583: <private>
Aug 27 20:33:02.659945 watchdogd[57] <Info>: 1246830150536750: <private>
Aug 27 20:33:02.660348 watchdogd[57] <Info>: 1246830150541333: <private>
Aug 27 20:33:02.660838 watchdogd[57] <Info>: 1246830150545583: <private>
Aug 27 20:33:02.661097 watchdogd[57] <Info>: 1246830150549875: <private>
Aug 27 20:33:02.661557 watchdogd[57] <Info>: 1246830150553916: <private>
Aug 27 20:33:04.297630 mediaserverd(CoreMotion)[36] <Debug>: Ping timer fired, resetting watchdog
Aug 27 20:33:04.333200 nearbyd(CoreMotion)[157] <Debug>: Ping timer fired, resetting watchdog
Aug 27 20:33:04.390318 locationd[69] <Debug>: Ping timer fired, resetting watchdog
Aug 27 20:33:06.277772 SpringBoard(CoreMotion)[47602] <Debug>: Ping timer fired, resetting watchdog
Aug 27 20:33:06.722353 backboardd(CoreMotion)[65] <Debug>: Ping timer fired, resetting watchdog
Aug 27 20:33:07.119502 biometrickitd(CoreMotion)[109] <Debug>: Ping timer fired, resetting watchdog
Aug 27 20:33:08.584093 runningboardd(RunningBoard)[33] <Notice>: [daemon<com.apple.backupd>:50207] termination reported by launchd (0, 0, 0)
Aug 27 20:33:08.589332 runningboardd(RunningBoard)[33] <Notice>: Removing assertions for terminated process: [daemon<com.apple.backupd>:50207]
Aug 27 20:33:08.591747 runningboardd(RunningBoard)[33] <Debug>: Sending state update for daemon<com.apple.backupd>: <RBSProcessState| task:none debug:none terminationResistance:None>
Aug 27 20:33:09.295614 mediaserverd(CoreMotion)[36] <Debug>: Ping timer fired, resetting watchdog
Aug 27 20:33:09.323081 nearbyd(CoreMotion)[157] <Debug>: Ping timer fired, resetting watchdog
Aug 27 20:33:09.389148 locationd[69] <Debug>: Ping timer fired, resetting watchdog
Aug 27 20:33:11.276631 SpringBoard(CoreMotion)[47602] <Debug>: Ping timer fired, resetting watchdog
Aug 27 20:33:11.722214 backboardd(CoreMotion)[65] <Debug>: Ping timer fired, resetting watchdog
Aug 27 20:33:12.117870 biometrickitd(CoreMotion)[109] <Debug>: Ping timer fired, resetting watchdog
Aug 27 20:33:12.632882 watchdogd[57] <Debug>: 1246840148067875: <private>
Aug 27 20:33:12.633102 watchdogd[57] <Info>: 1246840148244875: <private>
Aug 27 20:33:12.633361 watchdogd[57] <Debug>: 1246840148349666: <private>
Aug 27 20:33:12.633782 watchdogd[57] <Info>: 1246840148353833: <private>
Aug 27 20:33:12.633986 watchdogd[57] <Debug>: 1246840148381291: <private>
Aug 27 20:33:12.634149 watchdogd[57] <Debug>: 1246840148531708: <private>
Aug 27 20:33:12.634355 watchdogd[57] <Debug>: 1246840148683625: <private>
Aug 27 20:33:12.634492 watchdogd[57] <Debug>: 1246840148792791: <private>
Aug 27 20:33:12.634683 watchdogd[57] <Debug>: 1246840148826625: <private>
Aug 27 20:33:12.634886 watchdogd[57] <Debug>: 1246840148902875: <private>
Aug 27 20:33:12.635117 watchdogd[57] <Info>: 1246840148917291: <private>
Aug 27 20:33:12.635219 watchdogd[57] <Info>: 1246840148922041: <private>
Aug 27 20:33:12.635287 watchdogd[57] <Info>: 1246840148923666: <private>
Aug 27 20:33:12.635415 watchdogd[57] <Info>: 1246840148924791: <private>
Aug 27 20:33:12.635468 watchdogd[57] <Info>: 1246840148925791: <private>
Aug 27 20:33:12.635521 watchdogd[57] <Info>: 1246840148926708: <private>
Aug 27 20:33:12.635574 watchdogd[57] <Info>: 1246840148927583: <private>
Aug 27 20:33:12.635627 watchdogd[57] <Info>: 1246840148928458: <private>
Aug 27 20:33:14.294909 mediaserverd(CoreMotion)[36] <Debug>: Ping timer fired, resetting watchdog
Aug 27 20:33:14.345895 nearbyd(CoreMotion)[157] <Debug>: Ping timer fired, resetting watchdog
Aug 27 20:33:14.388785 locationd[69] <Debug>: Ping timer fired, resetting watchdog
Aug 27 20:33:16.277998 SpringBoard(CoreMotion)[47602] <Debug>: Ping timer fired, resetting watchdog
Aug 27 20:33:16.722110 backboardd(CoreMotion)[65] <Debug>: Ping timer fired, resetting watchdog
Aug 27 20:33:17.118523 biometrickitd(CoreMotion)[109] <Debug>: Ping timer fired, resetting watchdog
Aug 27 20:33:19.295447 mediaserverd(CoreMotion)[36] <Debug>: Ping timer fired, resetting watchdog
Aug 27 20:33:19.324699 nearbyd(CoreMotion)[157] <Debug>: Ping timer fired, resetting watchdog
Aug 27 20:33:19.388624 locationd[69] <Debug>: Ping timer fired, resetting watchdog
Aug 27 20:33:21.276690 SpringBoard(CoreMotion)[47602] <Debug>: Ping timer fired, resetting watchdog
Aug 27 20:33:21.722080 backboardd(CoreMotion)[65] <Debug>: Ping timer fired, resetting watchdog
Aug 27 20:33:22.118682 biometrickitd(CoreMotion)[109] <Debug>: Ping timer fired, resetting watchdog
Aug 27 20:33:22.632780 watchdogd[57] <Debug>: 1246850148275083: <private>
Aug 27 20:33:22.632985 watchdogd[57] <Info>: 1246850148347083: <private>
Aug 27 20:33:22.633105 watchdogd[57] <Debug>: 1246850148397458: <private>
Aug 27 20:33:22.633207 watchdogd[57] <Debug>: 1246850148468791: <private>
Aug 27 20:33:22.633277 watchdogd[57] <Info>: 1246850148470000: <private>
Aug 27 20:33:22.633361 watchdogd[57] <Debug>: 1246850148530875: <private>
Aug 27 20:33:22.633457 watchdogd[57] <Debug>: 1246850148605791: <private>
Aug 27 20:33:22.633536 watchdogd[57] <Debug>: 1246850148681875: <private>
Aug 27 20:33:22.633622 watchdogd[57] <Debug>: 1246850148701833: <private>
Aug 27 20:33:22.633715 watchdogd[57] <Debug>: 1246850148746958: <private>
Aug 27 20:33:22.633791 watchdogd[57] <Info>: 1246850148753875: <private>
Aug 27 20:33:22.633875 watchdogd[57] <Info>: 1246850148756500: <private>
Aug 27 20:33:22.633954 watchdogd[57] <Info>: 1246850148757125: <private>
Aug 27 20:33:22.634040 watchdogd[57] <Info>: 1246850148757708: <private>
Aug 27 20:33:22.634126 watchdogd[57] <Info>: 1246850148758208: <private>
Aug 27 20:33:22.634182 watchdogd[57] <Info>: 1246850148758625: <private>
Aug 27 20:33:22.634270 watchdogd[57] <Info>: 1246850148759125: <private>
Aug 27 20:33:22.634367 watchdogd[57] <Info>: 1246850148759541: <private>
Aug 27 20:33:24.294607 mediaserverd(CoreMotion)[36] <Debug>: Ping timer fired, resetting watchdog
Aug 27 20:33:24.327648 nearbyd(CoreMotion)[157] <Debug>: Ping timer fired, resetting watchdog
Aug 27 20:33:24.388869 locationd[69] <Debug>: Ping timer fired, resetting watchdog
Aug 27 20:33:24.595990 symptomsd(SymptomEvaluator)[170] <Debug>: COSMCtrl applyPolicyDelta for E01B2FEA-36F1-3C21-AADE-93AC8E03F45C -> dev.selfhost.firstActivationProbe  policy id 0  fg 0 fg-activity 0
Aug 27 20:33:24.596079 symptomsd(SymptomEvaluator)[170] <Error>: COSMCtrl applyPolicyDelta unexpected absence of policy on appRecord dev.selfhost.firstActivationProbe bg time + grace 2026-08-27 20:34:26.943 -0400  now 2026-08-27 20:33:24.596 -0400
Aug 27 20:33:24.596331 symptomsd(SymptomEvaluator)[170] <Notice>: COSMCtrl ensureMaintenanceTimer set delay 62.846 for eviction timer on dev.selfhost.firstActivationProbe
Aug 27 20:33:26.276765 SpringBoard(CoreMotion)[47602] <Debug>: Ping timer fired, resetting watchdog
Aug 27 20:33:26.722165 backboardd(CoreMotion)[65] <Debug>: Ping timer fired, resetting watchdog
Aug 27 20:33:27.117951 biometrickitd(CoreMotion)[109] <Debug>: Ping timer fired, resetting watchdog
Aug 27 20:33:28.954484 wifid[52] <Notice>: __WiFiServerClientTerminationCallback: Client aggregated terminated, cleanup state
Aug 27 20:33:28.964849 runningboardd(RunningBoard)[33] <Notice>: [daemon<com.apple.aggregated>:25262] termination reported by launchd (0, 0, 0)
Aug 27 20:33:28.967754 runningboardd(RunningBoard)[33] <Notice>: Removing assertions for terminated process: [daemon<com.apple.aggregated>:25262]
Aug 27 20:33:28.973329 runningboardd(RunningBoard)[33] <Debug>: Sending state update for daemon<com.apple.aggregated>: <RBSProcessState| task:none debug:none terminationResistance:None>
Aug 27 20:33:29.295566 mediaserverd(CoreMotion)[36] <Debug>: Ping timer fired, resetting watchdog
Aug 27 20:33:29.330509 runningboardd(RunningBoard)[33] <Info>: _requestedJetsamPriority = 18, _executablePath = /System/Library/PrivateFrameworks/AggregateDictionary.framework/Support/aggregated
Aug 27 20:33:29.347607 runningboardd(RunningBoard)[33] <Debug>: Sending state update for daemon<com.apple.aggregated>: <RBSProcessState| task:running debug:none terminationResistance:None>
Aug 27 20:33:29.370045 nearbyd(CoreMotion)[157] <Debug>: Ping timer fired, resetting watchdog
Aug 27 20:33:29.389005 locationd[69] <Debug>: Ping timer fired, resetting watchdog
Aug 27 20:33:29.608517 SpringBoard(FrontBoard)[47602] <Notice>: Asked to bootstrap a new process for handle: [daemon<com.apple.aggregated>:50213]
Aug 27 20:33:29.610319 SpringBoard(FrontBoard)[47602] <Notice>: Bootstrapping daemon<com.apple.aggregated>
Aug 27 20:33:29.610546 SpringBoard(FrontBoard)[47602] <Notice>: [daemon<com.apple.aggregated>:50213] Bootstrap success!
Aug 27 20:33:29.816580 runningboardd(RunningBoard)[33] <Info>: _requestedJetsamPriority = 6, _executablePath = /System/Library/PrivateFrameworks/MobileBackup.framework/backupd
Aug 27 20:33:29.818603 runningboardd(RunningBoard)[33] <Info>: _requestedJetsamPriority = 6, _executablePath = /System/Library/PrivateFrameworks/MobileBackup.framework/backupd
Aug 27 20:33:29.822321 runningboardd(RunningBoard)[33] <Debug>: Sending state update for daemon<com.apple.backupd>: <RBSProcessState| task:running debug:none terminationResistance:None>
Aug 27 20:33:30.151573 symptomsd(SymptomEvaluator)[170] <Debug>:   SymptomAnalytics performQueryOnEntity: new entry for process dev.selfhost.firstActivationProbe [(null)]
Aug 27 20:33:30.181927 symptomsd(SymptomEvaluator)[170] <Notice>: entry: Thu Aug 27 20:27:55 2026         dev.selfhost.firstActivationProbe (bundle)          3193         2497            0            0   0   1
Aug 27 20:33:30.283725 aggregated(PowerlogLiteOperators)[50213] <Debug>: In logBatteryConfigtoCA. Adding key ResetDataWatchDog
Aug 27 20:33:30.360303 aggregated(PowerlogLiteOperators)[50213] <Debug>: In logBatteryConfigtoCA. Adding key ResetDataWatchDog
Aug 27 20:33:31.167211 aggregated(CoreFoundation)[50213] <Debug>: found no value for key BKNoWatchdogs in CFPrefsPlistSource<0x12ddaa880> (Domain: com.apple.backboardd, User: kCFPreferencesCurrentUser, ByHost: No, Container: (null), Contents Need Refresh: No)
Aug 27 20:33:31.277006 SpringBoard(CoreMotion)[47602] <Debug>: Ping timer fired, resetting watchdog
Aug 27 20:33:31.724472 backboardd(CoreMotion)[65] <Debug>: Ping timer fired, resetting watchdog
Aug 27 20:33:32.119995 biometrickitd(CoreMotion)[109] <Debug>: Ping timer fired, resetting watchdog
Aug 27 20:33:32.636969 watchdogd[57] <Debug>: 1246860148489333: <private>
Aug 27 20:33:32.638528 watchdogd[57] <Info>: 1246860149069500: <private>
Aug 27 20:33:32.640843 watchdogd[57] <Debug>: 1246860149223416: <private>
Aug 27 20:33:32.641919 watchdogd[57] <Info>: 1246860149235375: <private>
Aug 27 20:33:32.644606 watchdogd[57] <Debug>: 1246860149358750: <private>
Aug 27 20:33:32.645183 watchdogd[57] <Debug>: 1246860149840625: <private>
Aug 27 20:33:32.645576 watchdogd[57] <Debug>: 1246860150251333: <private>
Aug 27 20:33:32.645972 watchdogd[57] <Debug>: 1246860150642458: <private>
Aug 27 20:33:32.646343 watchdogd[57] <Debug>: 1246860150852416: <private>
Aug 27 20:33:32.646757 watchdogd[57] <Debug>: 1246860150894583: <private>
Aug 27 20:33:32.647162 watchdogd[57] <Info>: 1246860150952041: <private>
Aug 27 20:33:32.647539 watchdogd[57] <Info>: 1246860150968458: <private>
Aug 27 20:33:32.647903 watchdogd[57] <Info>: 1246860150974708: <private>
Aug 27 20:33:32.648131 watchdogd[57] <Info>: 1246860150979750: <private>
Aug 27 20:33:32.648371 watchdogd[57] <Info>: 1246860150984416: <private>
Aug 27 20:33:32.648585 watchdogd[57] <Info>: 1246860150989250: <private>
Aug 27 20:33:32.648861 watchdogd[57] <Info>: 1246860150993416: <private>
Aug 27 20:33:32.649366 watchdogd[57] <Info>: 1246860150997375: <private>
Aug 27 20:33:32.650327 watchdogd[57] <Info>: 1246860151663291: <private>
Aug 27 20:33:34.296877 mediaserverd(CoreMotion)[36] <Debug>: Ping timer fired, resetting watchdog
Aug 27 20:33:34.329809 nearbyd(CoreMotion)[157] <Debug>: Ping timer fired, resetting watchdog
Aug 27 20:33:34.389881 locationd[69] <Debug>: Ping timer fired, resetting watchdog
Aug 27 20:33:34.707555 CommCenter(libSystemDetermination.dylib)[90] <Notice>: #I <private> = 0
Aug 27 20:33:36.280739 SpringBoard(CoreMotion)[47602] <Debug>: Ping timer fired, resetting watchdog
Aug 27 20:33:36.722821 backboardd(CoreMotion)[65] <Debug>: Ping timer fired, resetting watchdog
Aug 27 20:33:37.119693 biometrickitd(CoreMotion)[109] <Debug>: Ping timer fired, resetting watchdog
Aug 27 20:33:39.297248 mediaserverd(CoreMotion)[36] <Debug>: Ping timer fired, resetting watchdog
Aug 27 20:33:39.337551 nearbyd(CoreMotion)[157] <Debug>: Ping timer fired, resetting watchdog
Aug 27 20:33:39.391220 locationd[69] <Debug>: Ping timer fired, resetting watchdog
Aug 27 20:33:41.276798 SpringBoard(CoreMotion)[47602] <Debug>: Ping timer fired, resetting watchdog
Aug 27 20:33:41.722585 backboardd(CoreMotion)[65] <Debug>: Ping timer fired, resetting watchdog
Aug 27 20:33:42.119882 biometrickitd(CoreMotion)[109] <Debug>: Ping timer fired, resetting watchdog
Aug 27 20:33:42.635851 watchdogd[57] <Debug>: 1246870149173333: <private>
Aug 27 20:33:42.638158 watchdogd[57] <Info>: 1246870149509125: <private>
Aug 27 20:33:42.638553 watchdogd[57] <Debug>: 1246870149596333: <private>
Aug 27 20:33:42.639021 watchdogd[57] <Info>: 1246870149603333: <private>
Aug 27 20:33:42.639481 watchdogd[57] <Debug>: 1246870149727375: <private>
Aug 27 20:33:42.639892 watchdogd[57] <Debug>: 1246870149980458: <private>
Aug 27 20:33:42.640277 watchdogd[57] <Debug>: 1246870150341083: <private>
Aug 27 20:33:42.640673 watchdogd[57] <Debug>: 1246870150579541: <private>
Aug 27 20:33:42.641033 watchdogd[57] <Debug>: 1246870150664625: <private>
Aug 27 20:33:42.641512 watchdogd[57] <Debug>: 1246870150868750: <private>
Aug 27 20:33:42.641957 watchdogd[57] <Info>: 1246870150900083: <private>
Aug 27 20:33:42.642374 watchdogd[57] <Info>: 1246870150909333: <private>
Aug 27 20:33:42.642815 watchdogd[57] <Info>: 1246870150912708: <private>
Aug 27 20:33:42.643168 watchdogd[57] <Info>: 1246870150915416: <private>
Aug 27 20:33:42.643546 watchdogd[57] <Info>: 1246870150917791: <private>
Aug 27 20:33:42.644458 watchdogd[57] <Info>: 1246870150920041: <private>
Aug 27 20:33:42.644908 watchdogd[57] <Info>: 1246870150922250: <private>
Aug 27 20:33:42.645428 watchdogd[57] <Info>: 1246870150924375: <private>
Aug 27 20:33:44.296696 mediaserverd(CoreMotion)[36] <Debug>: Ping timer fired, resetting watchdog
Aug 27 20:33:44.342025 nearbyd(CoreMotion)[157] <Debug>: Ping timer fired, resetting watchdog
Aug 27 20:33:44.389981 locationd[69] <Debug>: Ping timer fired, resetting watchdog
Aug 27 20:33:46.277947 SpringBoard(CoreMotion)[47602] <Debug>: Ping timer fired, resetting watchdog
Aug 27 20:33:46.726441 backboardd(CoreMotion)[65] <Debug>: Ping timer fired, resetting watchdog
Aug 27 20:33:47.118869 biometrickitd(CoreMotion)[109] <Debug>: Ping timer fired, resetting watchdog
Aug 27 20:33:49.296778 mediaserverd(CoreMotion)[36] <Debug>: Ping timer fired, resetting watchdog
Aug 27 20:33:49.328629 nearbyd(CoreMotion)[157] <Debug>: Ping timer fired, resetting watchdog
Aug 27 20:33:49.389945 locationd[69] <Debug>: Ping timer fired, resetting watchdog
Aug 27 20:33:51.278157 SpringBoard(CoreMotion)[47602] <Debug>: Ping timer fired, resetting watchdog
Aug 27 20:33:51.722442 backboardd(CoreMotion)[65] <Debug>: Ping timer fired, resetting watchdog
Aug 27 20:33:52.119756 biometrickitd(CoreMotion)[109] <Debug>: Ping timer fired, resetting watchdog
Aug 27 20:33:52.638798 watchdogd[57] <Debug>: 1246880149660791: <private>
Aug 27 20:33:52.642885 watchdogd[57] <Info>: 1246880150256625: <private>
Aug 27 20:33:52.643617 watchdogd[57] <Debug>: 1246880150411125: <private>
Aug 27 20:33:52.644418 watchdogd[57] <Debug>: 1246880150752416: <private>
Aug 27 20:33:52.645432 watchdogd[57] <Info>: 1246880150762791: <private>
Aug 27 20:33:52.646063 watchdogd[57] <Debug>: 1246880151472208: <private>
Aug 27 20:33:52.646473 watchdogd[57] <Debug>: 1246880151808791: <private>
Aug 27 20:33:52.646905 watchdogd[57] <Debug>: 1246880152274583: <private>
Aug 27 20:33:52.647270 watchdogd[57] <Debug>: 1246880152366083: <private>
Aug 27 20:33:52.648179 watchdogd[57] <Debug>: 1246880152769500: <private>
Aug 27 20:33:52.648586 watchdogd[57] <Info>: 1246880152833916: <private>
Aug 27 20:33:52.649079 watchdogd[57] <Info>: 1246880152849333: <private>
Aug 27 20:33:52.649491 watchdogd[57] <Info>: 1246880152855708: <private>
Aug 27 20:33:52.649978 watchdogd[57] <Info>: 1246880152860666: <private>
Aug 27 20:33:52.650392 watchdogd[57] <Info>: 1246880152865000: <private>
Aug 27 20:33:52.650718 watchdogd[57] <Info>: 1246880152869041: <private>
Aug 27 20:33:52.651071 watchdogd[57] <Info>: 1246880152873166: <private>
Aug 27 20:33:52.651441 watchdogd[57] <Info>: 1246880152877208: <private>
Aug 27 20:33:54.297020 mediaserverd(CoreMotion)[36] <Debug>: Ping timer fired, resetting watchdog
Aug 27 20:33:54.333694 nearbyd(CoreMotion)[157] <Debug>: Ping timer fired, resetting watchdog
Aug 27 20:33:54.390041 locationd[69] <Debug>: Ping timer fired, resetting watchdog
Aug 27 20:33:56.278124 SpringBoard(CoreMotion)[47602] <Debug>: Ping timer fired, resetting watchdog
Aug 27 20:33:56.722611 backboardd(CoreMotion)[65] <Debug>: Ping timer fired, resetting watchdog
Aug 27 20:33:57.119538 biometrickitd(CoreMotion)[109] <Debug>: Ping timer fired, resetting watchdog
Aug 27 20:33:59.296020 mediaserverd(CoreMotion)[36] <Debug>: Ping timer fired, resetting watchdog
Aug 27 20:33:59.342856 nearbyd(CoreMotion)[157] <Debug>: Ping timer fired, resetting watchdog
Aug 27 20:33:59.390896 locationd[69] <Debug>: Ping timer fired, resetting watchdog
Aug 27 20:34:01.278099 SpringBoard(CoreMotion)[47602] <Debug>: Ping timer fired, resetting watchdog
Aug 27 20:34:01.723486 backboardd(CoreMotion)[65] <Debug>: Ping timer fired, resetting watchdog
Aug 27 20:34:02.119814 biometrickitd(CoreMotion)[109] <Debug>: Ping timer fired, resetting watchdog
Aug 27 20:34:02.643544 watchdogd[57] <Debug>: 1246890150404416: <private>
Aug 27 20:34:02.645160 watchdogd[57] <Info>: 1246890150964125: <private>
Aug 27 20:34:02.645651 watchdogd[57] <Debug>: 1246890151112958: <private>
Aug 27 20:34:02.646095 watchdogd[57] <Info>: 1246890151124833: <private>
Aug 27 20:34:02.646550 watchdogd[57] <Debug>: 1246890151345416: <private>
Aug 27 20:34:02.646979 watchdogd[57] <Debug>: 1246890151757166: <private>
Aug 27 20:34:02.647376 watchdogd[57] <Debug>: 1246890152447625: <private>
Aug 27 20:34:02.647790 watchdogd[57] <Debug>: 1246890152828958: <private>
Aug 27 20:34:02.648227 watchdogd[57] <Debug>: 1246890153383041: <private>
Aug 27 20:34:02.648655 watchdogd[57] <Debug>: 1246890153578000: <private>
Aug 27 20:34:02.649110 watchdogd[57] <Info>: 1246890153637000: <private>
Aug 27 20:34:02.649527 watchdogd[57] <Info>: 1246890153651333: <private>
Aug 27 20:34:02.650029 watchdogd[57] <Info>: 1246890153657125: <private>
Aug 27 20:34:02.650698 watchdogd[57] <Info>: 1246890153662166: <private>
Aug 27 20:34:02.651083 watchdogd[57] <Info>: 1246890153666666: <private>
Aug 27 20:34:02.651404 watchdogd[57] <Info>: 1246890153670750: <private>
Aug 27 20:34:02.651765 watchdogd[57] <Info>: 1246890153675000: <private>
Aug 27 20:34:02.652143 watchdogd[57] <Info>: 1246890153679041: <private>
Aug 27 20:34:02.652501 watchdogd[57] <Info>: 1246890154398833: <private>
Aug 27 20:34:04.297360 mediaserverd(CoreMotion)[36] <Debug>: Ping timer fired, resetting watchdog
Aug 27 20:34:04.326367 nearbyd(CoreMotion)[157] <Debug>: Ping timer fired, resetting watchdog
Aug 27 20:34:04.390119 locationd[69] <Debug>: Ping timer fired, resetting watchdog
Aug 27 20:34:06.278291 SpringBoard(CoreMotion)[47602] <Debug>: Ping timer fired, resetting watchdog
Aug 27 20:34:06.724702 backboardd(CoreMotion)[65] <Debug>: Ping timer fired, resetting watchdog
Aug 27 20:34:07.119907 biometrickitd(CoreMotion)[109] <Debug>: Ping timer fired, resetting watchdog
    <UITouch: 0x11492c1c0> phase: Began tap count: 1 force: 0.000 window: <SBHomeScreenWindow: 0x1051b4220; HomeScreen-0x1051b4220-4; baseClass = UIWindow; frame = (0 0; 375 667); clipsToBounds = YES; opaque = NO; gestureRecognizers = <NSArray: 0x281278180>; layer = <UIWindowLayer: 0x281273180>> view: <SBIconView: 0x104917000; frame: {{114, 382}, {60, 74}}; icon: <SBApplicationIcon: 0x28337b880; nodeID: dev.selfhost.firstActivationProbe; bundleID: dev.selfhost.firstActivationProbe>; location: SBIconLocationRoot; isTouchDownInIcon: YES> location in window: {151.5, 421} previous location in window: {151.5, 421} location in view: {37.5, 39} previous location in view: {37.5, 39}
Aug 27 20:34:07.220815 SpringBoard(SplashBoard)[47602] <Info>: Loading image for <XBApplicationSnapshot: 0x109d3cb20; …A909693DA7E7> [dev.selfhost.firstActivationProbe]
Aug 27 20:34:07.229124 SpringBoard(SplashBoard)[47602] <Info>: <XBApplicationSnapshot: 0x109d3cb20; …A909693DA7E7> [dev.selfhost.firstActivationProbe] not purging the cached image; force: 0; _imageAccessCount: 0; _keepImageAccessUntilExpiration: 0; _hasProtectedContent: 0; _keepImageAccessForPreheat: 1
Aug 27 20:34:07.263462 useractivityd[184] <Debug>: userInactivePowerAssertion, setting to NO, so removing power assertion & triggering idle determination.
Aug 27 20:34:07.263623 useractivityd[184] <Debug>: SCHEDULE:idleDetermination scheduleNext, interval=0
Aug 27 20:34:07.263763 useractivityd[184] <Debug>: SCHEDULE:idleDetermination, next=NOW ( was forever ) freq=0
Aug 27 20:34:07.264646 useractivityd[184] <Debug>: SCHEDULE:idleDetermination, run.
Aug 27 20:34:07.274515 SpringBoard(Security)[47602] <Debug>: open(/private/var/containers/Bundle/Application/1EC21BA9-82AA-4B85-B2FC-10B206BC5C35/Runner.app/Runner,0x0,0x1b6) = 35
Aug 27 20:34:07.279062 SpringBoard(Security)[47602] <Debug>: open(/private/var/containers/Bundle/Application/1EC21BA9-82AA-4B85-B2FC-10B206BC5C35/Runner.app/Runner,0x0,0x1b6) = 36
Aug 27 20:34:07.280282 SpringBoard(Security)[47602] <Debug>: 6151 signing bytes in 5 blob(s) from /private/var/containers/Bundle/Application/1EC21BA9-82AA-4B85-B2FC-10B206BC5C35/Runner.app/Runner(arm64)
Aug 27 20:34:07.282946 SpringBoard(Security)[47602] <Debug>: open(/private/var/containers/Bundle/Application/1EC21BA9-82AA-4B85-B2FC-10B206BC5C35/Runner.app/Info.plist,0x0,0x1b6) = 35
Aug 27 20:34:07.284438 SpringBoard(Security)[47602] <Debug>: 0x114ba00f8 done serializing <?xml version="1.0" encoding="UTF-8"?><!DOCTYPE plist PUBLIC "-//Apple//DTD PLIST 1.0//EN" "https://www.apple.com/DTDs/PropertyList-1.0.dtd"><plist version="1.0"><dict><key>application-identifier</key><string>SK85S6YZP9.dev.selfhost.firstActivationProbe</string><key>com.apple.developer.team-identifier</key><string>SK85S6YZP9</string><key>get-task-allow</key><true/></dict></plist>
Aug 27 20:34:07.284976 useractivityd[184] <Debug>: Determining idleDetermination, entering.
        <SBLayoutElement: 0x2808018c0; uniqueIdentifier: sceneID:dev.selfhost.firstActivationProbe-default; layoutRole: primary> {
            SBLayoutRolePrimary = <SBDeviceApplicationSceneEntity: 0x283e6a580; ID: sceneID:dev.selfhost.firstActivationProbe-default; layoutRole: primary> {
                        fromIconWithLeafIdentifier = dev.selfhost.firstActivationProbe;
Aug 27 20:34:07.361215 SpringBoard(FrontBoard)[47602] <Notice>: Asked to bootstrap a new process with identity: application<dev.selfhost.firstActivationProbe>
Aug 27 20:34:07.361441 SpringBoard(FrontBoard)[47602] <Notice>: Creating process (sync=true) with identity: application<dev.selfhost.firstActivationProbe>
Aug 27 20:34:07.362224 SpringBoard(FrontBoard)[47602] <Notice>: Created <FBWorkspace: 0x282a6aec0; application<dev.selfhost.firstActivationProbe>>
Aug 27 20:34:07.396882 SpringBoard(FrontBoard)[47602] <Notice>: Bootstrapping application<dev.selfhost.firstActivationProbe> with intent foreground-interactive
Aug 27 20:34:07.399748 SpringBoard(RunningBoardServices)[47602] <Info>: Sending launch request: <RBSLaunchRequest| application<dev.selfhost.firstActivationProbe>; "FBApplicationProcess">
Aug 27 20:34:07.400386 runningboardd(RunningBoard)[33] <Notice>: Acquiring assertion targeting application<dev.selfhost.firstActivationProbe> from originator [daemon<com.apple.SpringBoard>:47602] with description <RBSAssertionDescriptor| "FBApplicationProcess" ID:33-47602-7435 target:application<dev.selfhost.firstActivationProbe> attributes:[
	<RBSDomainAttribute| domain:"com.apple.frontboard" name:"Bootstrap-Foreground" sourceEnvironment:"(null)">,
Aug 27 20:34:07.400458 runningboardd(RunningBoard)[33] <Notice>: Assertion 33-47602-7435 (target:application<dev.selfhost.firstActivationProbe>) will be created as active
Aug 27 20:34:07.400589 runningboardd(RunningBoard)[33] <Notice>: Executing launch request for application<dev.selfhost.firstActivationProbe> (FBApplicationProcess)
Aug 27 20:34:07.401009 runningboardd(RunningBoard)[33] <Notice>: Creating and launching job for: application<dev.selfhost.firstActivationProbe>
Aug 27 20:34:07.401044 runningboardd(RunningBoard)[33] <Notice>: _mutateContextIfNeeded called for dev.selfhost.firstActivationProbe
        <SBLayoutElement: 0x2808018c0; uniqueIdentifier: sceneID:dev.selfhost.firstActivationProbe-default; layoutRole: primary> {
Aug 27 20:34:07.413952 runningboardd(RunningBoard)[33] <Debug>: BEGIN suppressing state updates for application<dev.selfhost.firstActivationProbe>
Aug 27 20:34:07.416099 SpringBoard(SplashBoard)[47602] <Info>: Loading image for <XBApplicationSnapshot: 0x109ddf7d0; …2F3B89D0D3F1> [dev.selfhost.firstActivationProbe]
Aug 27 20:34:07.416157 SpringBoard(SplashBoard)[47602] <Info>: <XBApplicationSnapshot: 0x109ddf7d0; …2F3B89D0D3F1> [dev.selfhost.firstActivationProbe] not purging the cached image; force: 0; _imageAccessCount: 2; _keepImageAccessUntilExpiration: 0; _hasProtectedContent: 0; _keepImageAccessForPreheat: 0
Aug 27 20:34:07.418219 SpringBoard[47602] <Info>: attempted to activate overlay for dev.selfhost.firstActivationProbe, exiting early because app is not blocked
Aug 27 20:34:07.420724 runningboardd(RunningBoard)[33] <Info>: No personas found for bundle identifier: dev.selfhost.firstActivationProbe
Aug 27 20:34:07.420793 runningboardd(RunningBoard)[33] <Debug>: Incrementing suppression state to 1 for application<dev.selfhost.firstActivationProbe>
Aug 27 20:34:07.421526 runningboardd(RunningBoard)[33] <Info>: _requestedJetsamPriority = 3, _executablePath = /var/containers/Bundle/Application/1EC21BA9-82AA-4B85-B2FC-10B206BC5C35/Runner.app/Runner
Aug 27 20:34:07.424408 runningboardd(RunningBoard)[33] <Info>: _doesOverrideManagement = 1, _overrideManageFlags = 255, _underlyingAssertion = (null), _variableEUID = 0, _specifiedIdenity = application<dev.selfhost.firstActivationProbe> _beforeTranslocationBundlePath = (null), _disableFreezing = 0
<SBTransitionSwitcherModifierEvent: 0x282110a00; type: MainTransition; transitionID: BB2F90AF-91BD-4CCC-B8FF-B4A24862F79C; phase: Prepare; animated: YES; fromAppLayout: 0x0; toAppLayout: <SBAppLayout: 0x28087bb80; primary: dev.selfhost.firstActivationProbe:default; environment: main>; fromEnvironmentMode: home-screen; toEnvironmentMode: application; pendingTermination: {(
)}; activating: <SBAppLayout: 0x28087bb80; primary: dev.selfhost.firstActivationProbe:default; environment: main>; dosidoTransitionDirection: 0>
Aug 27 20:34:07.424681 runningboardd(RunningBoard)[33] <Notice>: [application<dev.selfhost.firstActivationProbe>:50220] This process will be managed.
Aug 27 20:34:07.424822 runningboardd(RunningBoard)[33] <Notice>: Now tracking process: [application<dev.selfhost.firstActivationProbe>:50220]
Aug 27 20:34:07.424863 cfprefsd(CoreFoundation)[91] <Debug>: Process 50220 (Runner) sent a request related to { com.apple.UIKit, user: mobile, kCFPreferencesCurrentHost, /Library/Managed Preferences/mobile/com.apple.UIKit.plist, managed: 1 } (0x101857bd0)
Aug 27 20:34:07.424939 cfprefsd(CoreFoundation)[91] <Debug>: Process 50220 (Runner) sent a request related to { com.apple.UIKit, user: kCFPreferencesAnyUser, kCFPreferencesCurrentHost, /Library/Managed Preferences/com.apple.UIKit.plist, managed: 1 } (0x10182e5f0)
Aug 27 20:34:07.425010 cfprefsd(CoreFoundation)[91] <Debug>: Process 50220 (Runner) sent a request related to { com.apple.UIKit, user: mobile, kCFPreferencesAnyHost, /var/mobile/Library/Preferences/com.apple.UIKit.plist, managed: 0 } (0x100317d00)
Aug 27 20:34:07.425050 cfprefsd(CoreFoundation)[91] <Debug>: Process 50220 (Runner) read data for { com.apple.UIKit, mobile, kCFPreferencesAnyHost, /var/mobile/Library/Preferences/com.apple.UIKit.plist, managed: 0 }, backed by /private/var/mobile/Library/Preferences/com.apple.UIKit.plist
Aug 27 20:34:07.425089 cfprefsd(CoreFoundation)[91] <Debug>: Process 50220 (Runner) sent a request related to { kCFPreferencesAnyApplication, user: mobile, kCFPreferencesCurrentHost, /Library/Managed Preferences/mobile/.GlobalPreferences.plist, managed: 1 } (0x10030c020)
	    <SBIconOverlayVisibilitySwitcherEventResponse: 0x28082da40; visible: YES; appLayout: <SBAppLayout: 0x28087bb80; primary: dev.selfhost.firstActivationProbe:default; environment: main>>;
	    <SBIconViewVisibilitySwitcherEventResponse: 0x283e236b0; visible: NO; animationSettings: 0x0; appLayout: <SBAppLayout: 0x28087bb80; primary: dev.selfhost.firstActivationProbe:default; environment: main>>;
Aug 27 20:34:07.425616 cfprefsd(CoreFoundation)[91] <Debug>: Process 50220 (Runner) read data for { kCFPreferencesAnyApplication, mobile, kCFPreferencesCurrentHost, /Library/Managed Preferences/mobile/.GlobalPreferences.plist, managed: 1 }, backed by /private/var/Managed Preferences/mobile/.GlobalPreferences.plist
Aug 27 20:34:07.425656 cfprefsd(CoreFoundation)[91] <Debug>: Process 50220 (Runner) sent a request related to { kCFPreferencesAnyApplication, user: mobile, kCFPreferencesAnyHost, /var/mobile/Library/Preferences/.GlobalPreferences.plist, managed: 0 } (0x10030c3f0)
Aug 27 20:34:07.425826 cfprefsd(CoreFoundation)[91] <Debug>: Process 50220 (Runner) read data for { kCFPreferencesAnyApplication, mobile, kCFPreferencesAnyHost, /var/mobile/Library/Preferences/.GlobalPreferences.plist, managed: 0 }, backed by /private/var/mobile/Library/Preferences/.GlobalPreferences.plist
Aug 27 20:34:07.425904 cfprefsd(CoreFoundation)[91] <Debug>: Process 50220 (Runner) sent a request related to { com.apple.UIKit, user: kCFPreferencesAnyUser, kCFPreferencesCurrentHost, /var/preferences/com.apple.UIKit.plist, managed: 0 } (0x10184f6c0)
Aug 27 20:34:07.425974 runningboardd(RunningBoard)[33] <Notice>: Using default underlying assertion for app: [application<dev.selfhost.firstActivationProbe>:50220]
Aug 27 20:34:07.426013 runningboardd(RunningBoard)[33] <Notice>: Acquiring assertion targeting [application<dev.selfhost.firstActivationProbe>:50220] from originator [application<dev.selfhost.firstActivationProbe>:50220] with description <RBSAssertionDescriptor| "RB Underlying Assertion" ID:33-33-7436 target:50220 attributes:[
Aug 27 20:34:07.426048 runningboardd(RunningBoard)[33] <Notice>: Assertion 33-33-7436 (target:[application<dev.selfhost.firstActivationProbe>:50220]) will be created as active
Aug 27 20:34:07.426104 runningboardd(RunningBoard)[33] <Debug>: Adding assertion 33-47602-7435 (target:application<dev.selfhost.firstActivationProbe>)
Aug 27 20:34:07.426174 runningboardd(RunningBoard)[33] <Info>: application<dev.selfhost.firstActivationProbe> is now targeted by 1 assertions
    bundleIdentifier = dev.selfhost.firstActivationProbe;
    uniqueIdentifier = sceneID:dev.selfhost.firstActivationProbe-default;
Aug 27 20:34:07.426341 Runner(CoreFoundation)[50220] <Debug>: Using ~iphone resources
Aug 27 20:34:07.426412 Runner(CoreFoundation)[50220] <Debug>: CFPrefsManagedSource<0x280c50900> (Domain: com.apple.UIKit, User: kCFPreferencesCurrentUser, ByHost: Yes, Container: (null), Contents Need Refresh: No) loaded: an empty base plist and no additional changes from the base plist
Aug 27 20:34:07.426483 Runner(CoreFoundation)[50220] <Debug>: CFPrefsManagedSource<0x280c50980> (Domain: com.apple.UIKit, User: kCFPreferencesAnyUser, ByHost: Yes, Container: (null), Contents Need Refresh: No) loaded: an empty base plist and no additional changes from the base plist
Aug 27 20:34:07.426556 Runner(CoreFoundation)[50220] <Debug>: CFPrefsPlistSource<0x280c50880> (Domain: com.apple.UIKit, User: kCFPreferencesCurrentUser, ByHost: No, Container: (null), Contents Need Refresh: No) loaded: a new base plist and no additional changes from the base plist
Aug 27 20:34:07.426624 Runner(CoreFoundation)[50220] <Debug>: CFPrefsManagedSource<0x280c50b00> (Domain: kCFPreferencesAnyApplication, User: kCFPreferencesCurrentUser, ByHost: Yes, Container: (null), Contents Need Refresh: No) loaded: a new base plist and no additional changes from the base plist
Aug 27 20:34:07.426698 Runner(CoreFoundation)[50220] <Debug>: CFPrefsPlistSource<0x280c50a00> (Domain: kCFPreferencesAnyApplication, User: kCFPreferencesCurrentUser, ByHost: No, Container: (null), Contents Need Refresh: No) loaded: a new base plist and no additional changes from the base plist
Aug 27 20:34:07.426958 Runner(CoreFoundation)[50220] <Debug>: CFPrefsPlistSource<0x280c50b80> (Domain: com.apple.UIKit, User: kCFPreferencesAnyUser, ByHost: Yes, Container: (null), Contents Need Refresh: No) loaded: an empty base plist and no additional changes from the base plist
Aug 27 20:34:07.427029 Runner(CoreFoundation)[50220] <Debug>: CFPrefsPlistSource<0x280c50c00> (Domain: kCFPreferencesAnyApplication, User: kCFPreferencesAnyUser, ByHost: Yes, Container: (null), Contents Need Refresh: No) loaded: an empty base plist and no additional changes from the base plist
Aug 27 20:34:07.427105 cfprefsd(CoreFoundation)[91] <Debug>: Process 50220 (Runner) sent a request related to { kCFPreferencesAnyApplication, user: kCFPreferencesAnyUser, kCFPreferencesCurrentHost, /var/preferences/.GlobalPreferences.plist, managed: 0 } (0x100316b90)
Aug 27 20:34:07.427308 cfprefsd(CoreFoundation)[91] <Debug>: Process 50220 (Runner) sent a request related to { dev.selfhost.firstActivationProbe, user: mobile, kCFPreferencesCurrentHost, /Library/Managed Preferences/mobile/dev.selfhost.firstActivationProbe.plist, managed: 1 } (0x1003679d0)
Aug 27 20:34:07.430165 cfprefsd(CoreFoundation)[91] <Debug>: Process 50220 (Runner) sent a request related to { dev.selfhost.firstActivationProbe, user: kCFPreferencesAnyUser, kCFPreferencesCurrentHost, /Library/Managed Preferences/dev.selfhost.firstActivationProbe.plist, managed: 1 } (0x1003679d0)
Aug 27 20:34:07.430299 Runner(CoreFoundation)[50220] <Debug>: found no value for key LogHIDEventFiltered in CFPrefsSearchListSource<0x280c50800> (Domain: com.apple.UIKit, Container: (null))
Aug 27 20:34:07.430335 runningboardd(RunningBoard)[33] <Debug>: Adding assertion 33-33-7436 (target:[application<dev.selfhost.firstActivationProbe>:50220])
Aug 27 20:34:07.430371 Runner(CoreFoundation)[50220] <Debug>: found no value for key LogHIDEventIncoming in CFPrefsSearchListSource<0x280c50800> (Domain: com.apple.UIKit, Container: (null))
Aug 27 20:34:07.430442 Runner(CoreFoundation)[50220] <Debug>: found no value for key LogApplication in CFPrefsSearchListSource<0x280c50800> (Domain: com.apple.UIKit, Container: (null))
Aug 27 20:34:07.430478 runningboardd(RunningBoard)[33] <Info>: application<dev.selfhost.firstActivationProbe> is now targeted by 2 assertions
Aug 27 20:34:07.430516 Runner(UIKitCore)[50220] <Notice>: Deactivation reason added: 10; deactivation reasons: 0 -> 1024; animating application lifecycle event: 0
Aug 27 20:34:07.430576 Runner(RunningBoardServices)[50220] <Notice>: Initializing connection
Aug 27 20:34:07.430612 runningboardd(RunningBoard)[33] <Info>: [application<dev.selfhost.firstActivationProbe>:50220] Applying updated state
Aug 27 20:34:07.430645 Runner(RunningBoardServices)[50220] <Notice>: Removing all cached process handles
Aug 27 20:34:07.430839 runningboardd(RunningBoard)[33] <Notice>: [application<dev.selfhost.firstActivationProbe>:50220] Set jetsam priority to 10 [0] flag[1]
Aug 27 20:34:07.430875 Runner(BoardServices)[50220] <Notice>: activating monitor for service com.apple.frontboard.open
Aug 27 20:34:07.430910 Runner(libMobileGestalt.dylib)[50220] <Notice>: Cache loaded with 4896 pre-cached in CacheData and 49 items in CacheExtra.
Aug 27 20:34:07.433800 Runner(CoreFoundation)[50220] <Debug>: CFPrefsManagedSource<0x280c51b80> (Domain: dev.selfhost.firstActivationProbe, User: kCFPreferencesCurrentUser, ByHost: Yes, Container: (null), Contents Need Refresh: No) loaded: an empty base plist and no additional changes from the base plist
Aug 27 20:34:07.433859 Runner(CoreFoundation)[50220] <Debug>: CFPrefsManagedSource<0x280c51c00> (Domain: dev.selfhost.firstActivationProbe, User: kCFPreferencesAnyUser, ByHost: Yes, Container: (null), Contents Need Refresh: No) loaded: an empty base plist and no additional changes from the base plist
Aug 27 20:34:07.433896 Runner(CoreFoundation)[50220] <Debug>: CFPrefsPlistSource<0x280c51b00> (Domain: dev.selfhost.firstActivationProbe, User: kCFPreferencesCurrentUser, ByHost: No, Container: (null), Contents Need Refresh: No) loaded: an empty base plist and no additional changes from the base plist
Aug 27 20:34:07.433932 Runner(CoreFoundation)[50220] <Debug>: CFPrefsPlistSource<0x280c51d80> (Domain: dev.selfhost.firstActivationProbe, User: kCFPreferencesAnyUser, ByHost: Yes, Container: (null), Contents Need Refresh: No) loaded: an empty base plist and no additional changes from the base plist
Aug 27 20:34:07.433969 Runner(BoardServices)[50220] <Notice>: activating monitor for service com.apple.frontboard.workspace-service
Aug 27 20:34:07.434220 SpringBoard(FrontBoard)[47602] <Notice>: [application<dev.selfhost.firstActivationProbe>:-1] Bootstrap success!
Aug 27 20:34:07.434267 SpringBoard(BaseBoard)[47602] <Debug>:  *|machport|* <BSMachPortTaskNameRight: 0x2808e1700; usable: YES; (47602:570f:send task_name_for_pid:Runner.50220)> -> (<NSThread: 0x280845ac0>{number = 530, name = (null)}) (
Aug 27 20:34:07.434675 runningboardd(RunningBoard)[33] <Debug>: SUPPRESSING state update for application<dev.selfhost.firstActivationProbe>: <RBSProcessState| task:none debug:none terminationResistance:None endowments:[
	<RBSProcessAssertionInfo| type:2 reason:10000 name:"Domain" domain:"com.apple.frontboard:Bootstrap-Foreground,com.apple.frontboard:Visibility" expl:"FBApplicationProcess">
Aug 27 20:34:07.434713 runningboardd(RunningBoard)[33] <Debug>: Incrementing suppression state to 2 for application<dev.selfhost.firstActivationProbe>
Aug 27 20:34:07.434749 runningboardd(RunningBoard)[33] <Notice>: Calculated state for application<dev.selfhost.firstActivationProbe>: running-active (role: UserInteractiveFocal)
Aug 27 20:34:07.434786 Runner(CoreFoundation)[50220] <Debug>: looked up value <private> for key AppleLanguages in CFPrefsPlistSource<0x280c50a00> (Domain: kCFPreferencesAnyApplication, User: kCFPreferencesCurrentUser, ByHost: No, Container: (null), Contents Need Refresh: No) via CFPrefsSearchListSource<0x280c51a80> (Domain: dev.selfhost.firstActivationProbe, Container: (null))
Aug 27 20:34:07.434821 Runner(FrontBoardServices)[50220] <Notice>: FBSWorkspace connecting to endpoint : <private>
Aug 27 20:34:07.434854 Runner(FrontBoardServices)[50220] <Notice>: FBSWorkspace registering source: <private>
Aug 27 20:34:07.434889 Runner(CoreFoundation)[50220] <Debug>: setting new value <private> for key <private> in CFPrefsSource<0x283751300> (Domain: Volatile, User: , ByHost: No, Container: , Contents Need Refresh: No)
Aug 27 20:34:07.434923 Runner(CoreFoundation)[50220] <Debug>: setting new value <private> for key <private> in CFPrefsSource<0x283751300> (Domain: Volatile, User: , ByHost: No, Container: , Contents Need Refresh: No)
Aug 27 20:34:07.434957 Runner(CoreFoundation)[50220] <Debug>: setting new value <private> for key <private> in CFPrefsSource<0x283751300> (Domain: Volatile, User: , ByHost: No, Container: , Contents Need Refresh: No)
Aug 27 20:34:07.435137 SpringBoard(BaseBoard)[47602] <Debug>:  *|machport|* <BSMachPortTaskNameRight: 0x2808fbe40; usable: YES; (47602:570f:send task_name_for_pid:Runner.50220)> -> (<NSThread: 0x2808f9600>{number = 531, name = (null)}) (
Aug 27 20:34:07.435272 runningboardd(RunningBoard)[33] <Debug>: [daemon<com.apple.SpringBoard>:47602] query resolved to [application<dev.selfhost.firstActivationProbe>:50220]
Aug 27 20:34:07.435307 runningboardd(RunningBoard)[33] <Debug>: Sending state update for application<dev.selfhost.firstActivationProbe>: <RBSProcessState| task:running-active debug:none terminationResistance:Interactive endowments:[
	<RBSProcessAssertionInfo| type:2 reason:10000 name:"Domain" domain:"com.apple.frontboard:Bootstrap-Foreground,com.apple.frontboard:Visibility" expl:"FBApplicationProcess">
Aug 27 20:34:07.435588 backboardd(IOKit)[65] <Notice>: Connection added: IOHIDEventSystemConnection uuid:D84B08B1-493B-40E7-8206-146E4ADD8A67 pid:50220 process:Runner type:Passive entitlements:0x0 caller:BackBoardServices: <redacted> + 336 attributes:{
    bundleID = "dev.selfhost.firstActivationProbe";
Aug 27 20:34:07.435623 backboardd(BackBoardHIDEventFoundation)[65] <Debug>: Got a client addition callback: IOHIDEventSystemConnection uuid:D84B08B1-493B-40E7-8206-146E4ADD8A67 pid:50220 process:Runner type:Passive entitlements:0x0 caller:BackBoardServices: <redacted> + 336 attributes:{
    bundleID = "dev.selfhost.firstActivationProbe";
Aug 27 20:34:07.435659 backboardd(BackBoardHIDEventFoundation)[65] <Info>: HID connection vpid:50220(v6D86C) bundleID:dev.selfhost.firstActivationProbe successfully initialized: IOHIDEventSystemConnection uuid:D84B08B1-493B-40E7-8206-146E4ADD8A67 pid:50220 process:Runner type:Passive entitlements:0x0 caller:BackBoardServices: <redacted> + 336 attributes:{
    bundleID = "dev.selfhost.firstActivationProbe";
Aug 27 20:34:07.435695 backboardd(BackBoardHIDEventFoundation)[65] <Notice>: Adding client connection: <BKHIDClientConnection: 0x10267c0a0; IOHIDEventSystemConnectionRef: 0x1027c05e0; vpid: 50220(v6D86C); taskPort: 0x32BC3; bundleID: dev.selfhost.firstActivationProbe> for client: IOHIDEventSystemConnection uuid:D84B08B1-493B-40E7-8206-146E4ADD8A67 pid:50220 process:Runner type:Passive entitlements:0x0 caller:BackBoardServices: <redacted> + 336 attributes:{
    bundleID = "dev.selfhost.firstActivationProbe";
Aug 27 20:34:07.435729 SpringBoard(FrontBoard)[47602] <Notice>: Asked to bootstrap a new process for handle: [application<dev.selfhost.firstActivationProbe>:50220]
Aug 27 20:34:07.436053 SpringBoard(FrontBoard)[47602] <Notice>: A pending process already exists for this handle: <FBApplicationProcess: 0x10a14de30; application<dev.selfhost.firstActivationProbe>:50220(v6D86C)>
Aug 27 20:34:07.437320 runningboardd(RunningBoard)[33] <Debug>: Incrementing suppression state to 3 for application<dev.selfhost.firstActivationProbe>
Aug 27 20:34:07.437393 runningboardd(RunningBoard)[33] <Info>: Ignoring insignificant state update for application<dev.selfhost.firstActivationProbe>
Aug 27 20:34:07.437428 runningboardd(RunningBoard)[33] <Notice>: Calculated state for application<dev.selfhost.firstActivationProbe>: running-active (role: UserInteractiveFocal)
Aug 27 20:34:07.437463 runningboardd(RunningBoard)[33] <Debug>: SUPPRESSING state update for application<dev.selfhost.firstActivationProbe>: <RBSProcessState| task:running-active debug:none terminationResistance:Interactive endowments:[
	<RBSProcessAssertionInfo| type:2 reason:10000 name:"Domain" domain:"com.apple.frontboard:Bootstrap-Foreground,com.apple.frontboard:Visibility" expl:"FBApplicationProcess">,
Aug 27 20:34:07.445085 SpringBoard(FrontBoard)[47602] <Notice>: [application<dev.selfhost.firstActivationProbe>:50220] Setting process task state to: Running
Aug 27 20:34:07.445193 SpringBoard(FrontBoard)[47602] <Notice>: [application<dev.selfhost.firstActivationProbe>:50220] Setting process visibility to: Foreground
Aug 27 20:34:07.446205 SpringBoard(FrontBoardServices)[47602] <Info>: [application<dev.selfhost.firstActivationProbe>:50220] [realTime] Now monitoring resource allowance of 20.00s (at refreshInterval -1.00s)
Aug 27 20:34:07.446241 SpringBoard(FrontBoard)[47602] <Notice>: [application<dev.selfhost.firstActivationProbe>:50220] Registering event dispatcher at connect
Aug 27 20:34:07.446413 SpringBoard(FrontBoard)[47602] <Info>: Registering workspace for processHandle: [application<dev.selfhost.firstActivationProbe>:50220]
Aug 27 20:34:07.446562 SpringBoard(FrontBoard)[47602] <Notice>: [application<dev.selfhost.firstActivationProbe>:50220] Initial launch assertion state: ForegroundFocal.
Aug 27 20:34:07.446891 SpringBoard(FrontBoard)[47602] <Notice>: Adding: <FBApplicationProcess: 0x10a14de30; application<dev.selfhost.firstActivationProbe>:50220(v6D86C)>
Aug 27 20:34:07.447108 SpringBoard(FrontBoard)[47602] <Info>: FBWorkspaceDomain: Assigning new workspace connection to workspace (0x282a6aec0) owned by process: <FBApplicationProcess: 0x10a14de30; application<dev.selfhost.firstActivationProbe>:50220(v6D86C)>
Aug 27 20:34:07.447144 SpringBoard(FrontBoard)[47602] <Notice>: [application<dev.selfhost.firstActivationProbe>:50220] Connection established.
Aug 27 20:34:07.447519 backboardd(IOKit)[65] <Debug>: SetProperty called IOHIDEventSystemClientIsUnresponsive=0 caller=IOHIDEventSystemConnection uuid:D84B08B1-493B-40E7-8206-146E4ADD8A67 pid:50220 process:Runner type:Passive entitlements:0x0 caller:BackBoardServices: <redacted> + 336 attributes:{
    bundleID = "dev.selfhost.firstActivationProbe";
Aug 27 20:34:07.449312 SpringBoard(FrontBoard)[47602] <Notice>: [application<dev.selfhost.firstActivationProbe>:50220] Connection to remote process established!
Aug 27 20:34:07.449362 SpringBoard(FrontBoardServices)[47602] <Info>: [application<dev.selfhost.firstActivationProbe>:50220] [realTime] Stopped monitoring.
Aug 27 20:34:07.450854 Runner(FrontBoardServices)[50220] <Notice>: FBSWorkspace connected to endpoint : <private>
Aug 27 20:34:07.450888 Runner(RunningBoardServices)[50220] <Notice>: Added observer for process assertions expiration warning: <_RBSExpirationWarningClient: 0x282256f40>
Aug 27 20:34:07.451508 SpringBoard(FrontBoardServices)[47602] <Debug>: [application<dev.selfhost.firstActivationProbe>:50220] [realTime] Updated resource consumption: 0.003s (0.01%)
Aug 27 20:34:07.453777 SpringBoard(FrontBoard)[47602] <Info>: [application<dev.selfhost.firstActivationProbe>:50220] Provision <FBSProcessResourceProvision: 0x282f26490; allowance: <; FBSProcessResourceAllowance; type: realTime; timeValue: 20.0s>> has remainder <FBSProcessResourceProvision: 0x282f3ed00; allowance: <; FBSProcessResourceAllowance; type: realTime; timeValue: 20.00s>>
Aug 27 20:34:07.454852 Runner(CoreFoundation)[50220] <Debug>: found no value for key UIScreenIsCapturedValue in CFPrefsSearchListSource<0x280c50800> (Domain: com.apple.UIKit, Container: (null))
Aug 27 20:34:07.454888 Runner(CoreFoundation)[50220] <Debug>: looked up value <private> for key AppleLanguages in CFPrefsPlistSource<0x280c50a00> (Domain: kCFPreferencesAnyApplication, User: kCFPreferencesCurrentUser, ByHost: No, Container: (null), Contents Need Refresh: No) via CFPrefsSearchListSource<0x280c51a80> (Domain: dev.selfhost.firstActivationProbe, Container: (null))
Aug 27 20:34:07.467438 SpringBoard(FrontBoard)[47602] <Info>: [application<dev.selfhost.firstActivationProbe>:50220] Made scene-create policy: <FBSProcessWatchdogPolicy: 0x281c06b60; name: "scene create after launch"> {
Aug 27 20:34:07.467978 SpringBoard(FrontBoardServices)[47602] <Debug>: [application<dev.selfhost.firstActivationProbe>:50220] Invalidating <FBProcessWatchdog: 0x283ede6c0; name: process-launch; time: 20.0s>
Aug 27 20:34:07.468127 Runner(CoreFoundation)[50220] <Debug>: Language lookup at <private>
Aug 27 20:34:07.468407 SpringBoard(FrontBoardServices)[47602] <Debug>: [application<dev.selfhost.firstActivationProbe>:50220] [realTime] Invalidated
Aug 27 20:34:07.468810 Runner(CoreFoundation)[50220] <Debug>: Resource lookup at <private>
Aug 27 20:34:07.468992 Runner(CoreFoundation)[50220] <Debug>: found no value for key _UIEnableLegacyRTL in CFPrefsSearchListSource<0x280c50800> (Domain: com.apple.UIKit, Container: (null))
Aug 27 20:34:07.469189 Runner(CoreFoundation)[50220] <Debug>: found no value for key NSTighteningFactorForTruncation in CFPrefsSearchListSource<0x280c51a80> (Domain: dev.selfhost.firstActivationProbe, Container: (null))
Aug 27 20:34:07.469375 Runner(CoreFoundation)[50220] <Debug>: found no value for key NSTighteningFactorForTruncation in CFPrefsSearchListSource<0x280c51a80> (Domain: dev.selfhost.firstActivationProbe, Container: (null))
Aug 27 20:34:07.469489 Runner(CoreFoundation)[50220] <Debug>: found no value for key NSAllowsDefaultTighteningForTruncation in CFPrefsSearchListSource<0x280c51a80> (Domain: dev.selfhost.firstActivationProbe, Container: (null))
Aug 27 20:34:07.469606 Runner(CoreFoundation)[50220] <Debug>: found no value for key NSUsesDefaultHyphenation in CFPrefsSearchListSource<0x280c51a80> (Domain: dev.selfhost.firstActivationProbe, Container: (null))
Aug 27 20:34:07.469775 Runner(CoreFoundation)[50220] <Debug>: found no value for key NSDefaultHyphenationFactor in CFPrefsSearchListSource<0x280c51a80> (Domain: dev.selfhost.firstActivationProbe, Container: (null))
Aug 27 20:34:07.469953 SpringBoard(FrontBoard)[47602] <Notice>: change foreground process from list:<FBApplicationProcess: 0x10a14de30; application<dev.selfhost.firstActivationProbe>:50220(v6D86C)>
Aug 27 20:34:07.470728 SpringBoard(FrontBoard)[47602] <Info>: Setting BKSEventFocusManager's foreground app to: <FBApplicationProcess: 0x10a14de30; application<dev.selfhost.firstActivationProbe>:50220(v6D86C)>
Aug 27 20:34:07.471544 cfprefsd(CoreFoundation)[91] <Debug>: Process 50220 (Runner) sent a request related to { dev.selfhost.firstActivationProbe, user: mobile, kCFPreferencesAnyHost, /var/mobile/Containers/Data/Application/18E6667F-E66B-4E74-92D9-B14869861554/Library/Preferences/dev.selfhost.firstActivationProbe.plist, managed: 0 } (0x10034f970)
Aug 27 20:34:07.497346 cfprefsd(CoreFoundation)[91] <Debug>: Process 50220 (Runner) sent a request related to { dev.selfhost.firstActivationProbe, user: kCFPreferencesAnyUser, kCFPreferencesCurrentHost, /var/preferences/dev.selfhost.firstActivationProbe.plist, managed: 0 } (0x1003679d0)
Aug 27 20:34:07.498116 cfprefsd(CoreFoundation)[91] <Debug>: Process 50220 (Runner) sent a request related to { com.apple.Accessibility, user: mobile, kCFPreferencesCurrentHost, /Library/Managed Preferences/mobile/com.apple.Accessibility.plist, managed: 1 } (0x101814050)
<SBTransitionSwitcherModifierEvent: 0x28216ef00; type: MainTransition; transitionID: BB2F90AF-91BD-4CCC-B8FF-B4A24862F79C; phase: Animate; animated: YES; fromAppLayout: 0x0; toAppLayout: <SBAppLayout: 0x28087bb80; primary: dev.selfhost.firstActivationProbe:default; environment: main>; fromEnvironmentMode: home-screen; toEnvironmentMode: application; pendingTermination: {(
)}; activating: <SBAppLayout: 0x28087bb80; primary: dev.selfhost.firstActivationProbe:default; environment: main>; dosidoTransitionDirection: 0>
Aug 27 20:34:07.542068 Runner(CoreFoundation)[50220] <Debug>: found no value for key NSForceRightToLeftWritingDirection in CFPrefsSearchListSource<0x280c51a80> (Domain: dev.selfhost.firstActivationProbe, Container: (null))
Aug 27 20:34:07.542161 Runner(CoreFoundation)[50220] <Debug>: CFPrefsManagedSource<0x280c56380> (Domain: com.apple.Accessibility, User: kCFPreferencesCurrentUser, ByHost: Yes, Container: (null), Contents Need Refresh: No) loaded: an empty base plist and no additional changes from the base plist
Aug 27 20:34:07.542297 Runner(CoreFoundation)[50220] <Debug>: CFPrefsManagedSource<0x280c56580> (Domain: com.apple.Accessibility, User: kCFPreferencesAnyUser, ByHost: Yes, Container: (null), Contents Need Refresh: No) loaded: an empty base plist and no additional changes from the base plist
Aug 27 20:34:07.542757 Runner(CoreFoundation)[50220] <Debug>: CFPrefsPlistSource<0x280c55a00> (Domain: com.apple.Accessibility, User: kCFPreferencesCurrentUser, ByHost: No, Container: (null), Contents Need Refresh: No) loaded: a new base plist and no additional changes from the base plist
Aug 27 20:34:07.542800 Runner(CoreFoundation)[50220] <Debug>: CFPrefsPlistSource<0x280c56a00> (Domain: com.apple.Accessibility, User: kCFPreferencesAnyUser, ByHost: Yes, Container: (null), Contents Need Refresh: No) loaded: an empty base plist and no additional changes from the base plist
Aug 27 20:34:07.542854 Runner(CoreFoundation)[50220] <Debug>: found no value for key ForceTouchEnabled in CFPrefsSearchListSource<0x280c55500> (Domain: com.apple.Accessibility, Container: (null))
Aug 27 20:34:07.542891 Runner(libAccessibility.dylib)[50220] <Debug>: CF Read: domain = com.apple.Accessibility, preference = ForceTouchEnabled, appID = (null) result = (null) (-1 - empty, 0 - false, 1 - true)
Aug 27 20:34:07.542954 Runner(CoreFoundation)[50220] <Debug>: found no value for key ForceTouchEnabled in CFPrefsPlistSource<0x280c55a00> (Domain: com.apple.Accessibility, User: kCFPreferencesCurrentUser, ByHost: No, Container: (null), Contents Need Refresh: No)
Aug 27 20:34:07.542990 Runner(CoreFoundation)[50220] <Debug>: found no value for key UIPreferredContentSizeCategoryName in CFPrefsSearchListSource<0x280c51a80> (Domain: dev.selfhost.firstActivationProbe, Container: (null))
Aug 27 20:34:07.543085 Runner(libAccessibility.dylib)[50220] <Debug>: CF Read Category Name: domain = dev.selfhost.firstActivationProbe, appID = dev.selfhost.firstActivationProbe value = (null)
Aug 27 20:34:07.543340 Runner(libAccessibility.dylib)[50220] <Notice>: Read CategoryName: per-app = 1, category name = (null)
Aug 27 20:34:07.543377 Runner(CoreFoundation)[50220] <Debug>: found no value for key UIPreferredContentSizeCategoryName in CFPrefsSearchListSource<0x280c50800> (Domain: com.apple.UIKit, Container: (null))
Aug 27 20:34:07.543413 Runner(libAccessibility.dylib)[50220] <Debug>: CF Read Category Name: domain = /var/mobile/Library/Preferences/com.apple.UIKit, appID = (null) value = (null)
Aug 27 20:34:07.543447 Runner(libAccessibility.dylib)[50220] <Notice>: Read CategoryName: per-app = 0, category name = (null)
Aug 27 20:34:07.543483 Runner(CoreFoundation)[50220] <Debug>: found no value for key UICarPlayPreferredContentSizeCategoryName in CFPrefsSearchListSource<0x280c50800> (Domain: com.apple.UIKit, Container: (null))
Aug 27 20:34:07.543791 Runner(CoreFoundation)[50220] <Debug>: found no value for key EnhancedTextLegibilityEnabled in CFPrefsSearchListSource<0x280c55500> (Domain: com.apple.Accessibility, Container: (null))
Aug 27 20:34:07.543850 Runner(libAccessibility.dylib)[50220] <Debug>: CF Read: domain = com.apple.Accessibility, preference = EnhancedTextLegibilityEnabled, appID = (null) result = (null) (-1 - empty, 0 - false, 1 - true)
Aug 27 20:34:07.543897 Runner(CoreFoundation)[50220] <Debug>: found no value for key EnhancedTextLegibilityEnabled in CFPrefsPlistSource<0x280c55a00> (Domain: com.apple.Accessibility, User: kCFPreferencesCurrentUser, ByHost: No, Container: (null), Contents Need Refresh: No)
Aug 27 20:34:07.544030 Runner(CoreFoundation)[50220] <Debug>: found no value for key DarkenSystemColors in CFPrefsSearchListSource<0x280c55500> (Domain: com.apple.Accessibility, Container: (null))
Aug 27 20:34:07.544129 Runner(libAccessibility.dylib)[50220] <Debug>: CF Read: domain = com.apple.Accessibility, preference = DarkenSystemColors, appID = (null) result = (null) (-1 - empty, 0 - false, 1 - true)
Aug 27 20:34:07.544202 Runner(CoreFoundation)[50220] <Debug>: found no value for key DarkenSystemColors in CFPrefsPlistSource<0x280c55a00> (Domain: com.apple.Accessibility, User: kCFPreferencesCurrentUser, ByHost: No, Container: (null), Contents Need Refresh: No)
Aug 27 20:34:07.544238 Runner(CoreFoundation)[50220] <Debug>: found no value for key UITraitCollectionChangeLoggingEnabled in CFPrefsSearchListSource<0x280c51a80> (Domain: dev.selfhost.firstActivationProbe, Container: (null))
Aug 27 20:34:07.544274 Runner(CoreFoundation)[50220] <Debug>: found no value for key UIStateRestorationDebugLogging in CFPrefsSearchListSource<0x280c51a80> (Domain: dev.selfhost.firstActivationProbe, Container: (null))
Aug 27 20:34:07.544451 Runner(CoreFoundation)[50220] <Debug>: Resource lookup at <private>
Aug 27 20:34:07.544522 Runner(CoreFoundation)[50220] <Debug>: looked up value <private> for key AccessibilityEnabled in CFPrefsPlistSource<0x280c55a00> (Domain: com.apple.Accessibility, User: kCFPreferencesCurrentUser, ByHost: No, Container: (null), Contents Need Refresh: No) via CFPrefsSearchListSource<0x280c55500> (Domain: com.apple.Accessibility, Container: (null))
Aug 27 20:34:07.544572 Runner(libAccessibility.dylib)[50220] <Debug>: CF Read: domain = com.apple.Accessibility, preference = AccessibilityEnabled, appID = (null) result = 0 (-1 - empty, 0 - false, 1 - true)
Aug 27 20:34:07.544609 Runner(CoreFoundation)[50220] <Debug>: looked up value <private> for key InvertColorsEnabled in CFPrefsPlistSource<0x280c55a00> (Domain: com.apple.Accessibility, User: kCFPreferencesCurrentUser, ByHost: No, Container: (null), Contents Need Refresh: No) via CFPrefsSearchListSource<0x280c55500> (Domain: com.apple.Accessibility, Container: (null))
Aug 27 20:34:07.544685 Runner(libAccessibility.dylib)[50220] <Debug>: CF Read: domain = com.apple.Accessibility, preference = InvertColorsEnabled, appID = (null) result = 0 (-1 - empty, 0 - false, 1 - true)
Aug 27 20:34:07.544742 Runner(libAccessibility.dylib)[50220] <Debug>: Read Global: preference = InvertColorsEnabled, result = 0 (-1 - empty, 0 - false, 1 - true)
Aug 27 20:34:07.544785 Runner(libAccessibility.dylib)[50220] <Debug>: Updated cache: preference = InvertColorsEnabled, result = 0 (-1 - empty, 0 - false, 1 - true)
Aug 27 20:34:07.544820 Runner(CoreFoundation)[50220] <Debug>: looked up value <private> for key ApplicationAccessibilityEnabled in CFPrefsPlistSource<0x280c55a00> (Domain: com.apple.Accessibility, User: kCFPreferencesCurrentUser, ByHost: No, Container: (null), Contents Need Refresh: No) via CFPrefsSearchListSource<0x280c55500> (Domain: com.apple.Accessibility, Container: (null))
Aug 27 20:34:07.544856 Runner(libAccessibility.dylib)[50220] <Debug>: CF Read: domain = com.apple.Accessibility, preference = ApplicationAccessibilityEnabled, appID = (null) result = 0 (-1 - empty, 0 - false, 1 - true)
Aug 27 20:34:07.544888 Runner(XCTTargetBootstrap)[50220] <Notice>: Registering for test daemon availability notify post.
Aug 27 20:34:07.544920 Runner(XCTTargetBootstrap)[50220] <Notice>: notify_get_state check indicated test daemon not ready.
Aug 27 20:34:07.546534 Runner(XCTTargetBootstrap)[50220] <Notice>: notify_get_state check indicated test daemon not ready.
Aug 27 20:34:07.546567 Runner(XCTTargetBootstrap)[50220] <Notice>: notify_get_state check indicated test daemon not ready.
Aug 27 20:34:07.546602 Runner(CoreFoundation)[50220] <Debug>: found no value for key UIRequireCrimsonLifecycle in CFPrefsSearchListSource<0x280c50800> (Domain: com.apple.UIKit, Container: (null))
Aug 27 20:34:07.546665 Runner(UIKitCore)[50220] <Notice>: Deactivation reason added: 11; deactivation reasons: 1024 -> 3072; animating application lifecycle event: 0
Aug 27 20:34:07.546705 Runner(CoreFoundation)[50220] <Debug>: Resource lookup at <private>
Aug 27 20:34:07.546740 Runner(RunningBoardServices)[50220] <Notice>: Sending handshake request attempt #1 to server
Aug 27 20:34:07.549645 SpringBoard(FrontBoard)[47602] <Notice>: [application<dev.selfhost.firstActivationProbe>:50220] Registered new scene: <FBUIApplicationWorkspaceScene: 0x2826438e0; sceneID:dev.selfhost.firstActivationProbe-default> (fromRemnant = 0)
Aug 27 20:34:07.549684 SpringBoard(FrontBoard)[47602] <Notice>: [sceneID:dev.selfhost.firstActivationProbe-default][1] Scene activated.
Aug 27 20:34:07.549720 SpringBoard(FrontBoard)[47602] <Debug>: [FBSceneManager] PENDING:   <BSEventQueueEvent: 0x281c0b100; didAdd-sceneID:dev.selfhost.firstActivationProbe-default(0)> @ back
Aug 27 20:34:07.549755 SpringBoard(FrontBoard)[47602] <Debug>: [FBSceneManager] EXECUTING: <BSEventQueueEvent: 0x281c0b100; didAdd-sceneID:dev.selfhost.firstActivationProbe-default(0)>
Aug 27 20:34:07.549789 SpringBoard(FrontBoard)[47602] <Debug>: [FBSceneManager] PENDING:   <BSEventQueueEvent: 0x281c0b7a0; didAdd-sceneID:dev.selfhost.firstActivationProbe-default(0)> @ front
Aug 27 20:34:07.549872 SpringBoard(FrontBoard)[47602] <Notice>: [application<dev.selfhost.firstActivationProbe>:50220] Workspace interruption policy did change: reconnect
Aug 27 20:34:07.549929 SpringBoard(FrontBoard)[47602] <Debug>: [FBSceneManager] EXECUTING: <BSEventQueueEvent: 0x281c0b7a0; didAdd-sceneID:dev.selfhost.firstActivationProbe-default(0)>
Aug 27 20:34:07.550067 runningboardd(RunningBoard)[33] <Debug>: Decrementing suppression state to 2 for application<dev.selfhost.firstActivationProbe>
Aug 27 20:34:07.550221 runningboardd(RunningBoard)[33] <Debug>: Sending state 0x1010748c0 for application<dev.selfhost.firstActivationProbe> to [daemon<com.apple.SpringBoard>:47602]
Aug 27 20:34:07.550398 SpringBoard(FrontBoard)[47602] <Info>: Client intercepting scene update for scene: sceneID:dev.selfhost.firstActivationProbe-default
Aug 27 20:34:07.550480 SpringBoard(UIKitCore)[47602] <Notice>: Now tracking: <FBScene: 0x282858600; sceneID:dev.selfhost.firstActivationProbe-default>
Aug 27 20:34:07.550544 SpringBoard(UIKitCore)[47602] <Notice>: [sceneID:dev.selfhost.firstActivationProbe-default] Setting deactivation reasons to: 'systemAnimation' for reason: scene settings update - settings are eligible for deactivation reasons.
Aug 27 20:34:07.550581 SpringBoard(FrontBoard)[47602] <Debug>: START SCENE MUTATION ------- sceneID:dev.selfhost.firstActivationProbe-default
Aug 27 20:34:07.550635 SpringBoard(FrontBoard)[47602] <Debug>: [FBSceneManager] PENDING:   <BSEventQueueEvent: 0x281c0be60; sceneDidActivate-sceneID:dev.selfhost.firstActivationProbe-default(1)> @ back
Aug 27 20:34:07.550744 runningboardd(RunningBoard)[33] <Notice>: Acquiring assertion targeting [application<dev.selfhost.firstActivationProbe>:50220] from originator [daemon<com.apple.SpringBoard>:47602] with description <RBSAssertionDescriptor| "com.apple.frontboard.after-life.interrupted" ID:33-47602-7437 target:50220 attributes:[
Aug 27 20:34:07.550779 runningboardd(RunningBoard)[33] <Notice>: Assertion 33-47602-7437 (target:[application<dev.selfhost.firstActivationProbe>:50220]) will be created as inactive as originator process has not exited
Aug 27 20:34:07.550815 SpringBoard(FrontBoard)[47602] <Debug>: [FBSceneManager] PENDING:   <BSEventQueueEvent: 0x281c05860; sceneUpdatePrepared-sceneID:dev.selfhost.firstActivationProbe-default(1)> @ back
Aug 27 20:34:07.550859 SpringBoard(FrontBoard)[47602] <Debug>: [FBSceneManager] PENDING:   <BSEventQueueEvent: 0x281c68360; applySettings-sceneID:dev.selfhost.firstActivationProbe-default(1)> @ back
Aug 27 20:34:07.550893 SpringBoard(FrontBoard)[47602] <Debug>: Flushing all events for sceneID:dev.selfhost.firstActivationProbe-default
Aug 27 20:34:07.551188 cfprefsd(CoreFoundation)[91] <Debug>: Process 50220 (Runner) sent a request related to { com.apple.Accessibility, user: kCFPreferencesAnyUser, kCFPreferencesCurrentHost, /Library/Managed Preferences/com.apple.Accessibility.plist, managed: 1 } (0x101814300)
Aug 27 20:34:07.551276 cfprefsd(CoreFoundation)[91] <Debug>: Process 50220 (Runner) sent a request related to { com.apple.Accessibility, user: mobile, kCFPreferencesAnyHost, /var/mobile/Library/Preferences/com.apple.Accessibility.plist, managed: 0 } (0x100311170)
Aug 27 20:34:07.551331 cfprefsd(CoreFoundation)[91] <Debug>: Process 50220 (Runner) read data for { com.apple.Accessibility, mobile, kCFPreferencesAnyHost, /var/mobile/Library/Preferences/com.apple.Accessibility.plist, managed: 0 }, backed by /private/var/mobile/Library/Preferences/com.apple.Accessibility.plist
Aug 27 20:34:07.551370 cfprefsd(CoreFoundation)[91] <Debug>: Process 50220 (Runner) sent a request related to { com.apple.Accessibility, user: kCFPreferencesAnyUser, kCFPreferencesCurrentHost, /var/preferences/com.apple.Accessibility.plist, managed: 0 } (0x1018145a0)
Aug 27 20:34:07.551543 Runner(RunningBoardServices)[50220] <Notice>: Creating connection to com.apple.runningboard
Aug 27 20:34:07.551591 Runner(CoreFoundation)[50220] <Debug>: found no value for key UIStateRestorationDeveloperMode in CFPrefsSearchListSource<0x280c51a80> (Domain: dev.selfhost.firstActivationProbe, Container: (null))
Aug 27 20:34:07.551626 SpringBoard(FrontBoard)[47602] <Debug>: [FBSceneManager] EXECUTING: <BSEventQueueEvent: 0x281c0be60; sceneDidActivate-sceneID:dev.selfhost.firstActivationProbe-default(1)>
Aug 27 20:34:07.551721 SpringBoard(FrontBoard)[47602] <Debug>: [FBSceneManager] PENDING:   <BSEventQueueEvent: 0x281c6b080; sceneDidActivate-sceneID:dev.selfhost.firstActivationProbe-default(1)> @ front
Aug 27 20:34:07.551782 SpringBoard(FrontBoard)[47602] <Debug>: [FBSceneManager] EXECUTING: <BSEventQueueEvent: 0x281c6b080; sceneDidActivate-sceneID:dev.selfhost.firstActivationProbe-default(1)>
Aug 27 20:34:07.552328 SpringBoard[47602] <Notice>: didAddExternalForegroundApplicationSceneHandle pid:50220 scene:com.apple.frontboard.systemappservices::sceneID%3Adev.selfhost.firstActivationProbe-default now:<recentPIDs: [50220]; recentSceneIdentityTokensByPID: {50220: [com.apple.frontboard.systemappservices::sceneID%3Adev.selfhost.firstActivationProbe-default]}>
Aug 27 20:34:07.552384 SpringBoard[47602] <Notice>: policy: MRU target:<pid=50220 token=com.apple.frontboard.systemappservices::sceneID%3Adev.selfhost.firstActivationProbe-default>
Aug 27 20:34:07.552418 SpringBoard[47602] <Notice>: policy: now generation: 225; keyboardFocusTarget: <token: com.apple.frontboard.systemappservices::sceneID%3Adev.selfhost.firstActivationProbe-default; pid: 50220>; recentlyUsedScenes: <recentPIDs: [50220]; recentSceneIdentityTokensByPID: {50220: [com.apple.frontboard.systemappservices::sceneID%3Adev.selfhost.firstActivationProbe-default]}>; selectionPolicy: KeyboardArbiter; shouldSuppressRemoteDeferring: 0
Aug 27 20:34:07.552948 SpringBoard(FrontBoard)[47602] <Debug>: [FBSceneManager] EXECUTING: <BSEventQueueEvent: 0x281c05860; sceneUpdatePrepared-sceneID:dev.selfhost.firstActivationProbe-default(1)>
Aug 27 20:34:07.552993 SpringBoard(FrontBoard)[47602] <Debug>: [FBSceneManager] PENDING:   <BSEventQueueEvent: 0x281c66940; sceneUpdatePrepared-sceneID:dev.selfhost.firstActivationProbe-default(1)> @ front
Aug 27 20:34:07.553027 SpringBoard(FrontBoard)[47602] <Debug>: [FBSceneManager] EXECUTING: <BSEventQueueEvent: 0x281c66940; sceneUpdatePrepared-sceneID:dev.selfhost.firstActivationProbe-default(1)>
Aug 27 20:34:07.553104 SpringBoard(FrontBoard)[47602] <Debug>: [FBSceneManager] EXECUTING: <BSEventQueueEvent: 0x281c68360; applySettings-sceneID:dev.selfhost.firstActivationProbe-default(1)>
Aug 27 20:34:07.553243 SpringBoard(FrontBoard)[47602] <Notice>: [sceneID:dev.selfhost.firstActivationProbe-default] scene content state changed: preparing
Aug 27 20:34:07.553308 SpringBoard(FrontBoard)[47602] <Debug>: [FBSceneManager] PENDING:   <BSEventQueueEvent: 0x281c11d60; contentStateDidChange-sceneID:dev.selfhost.firstActivationProbe-default(1)> @ back
Aug 27 20:34:07.553344 SpringBoard(FrontBoard)[47602] <Debug>: [FBSceneManager] PENDING:   <BSEventQueueEvent: 0x281c11860; sceneUpdateApplied-sceneID:dev.selfhost.firstActivationProbe-default(1)> @ back
Aug 27 20:34:07.553379 SpringBoard(FrontBoard)[47602] <Debug>: [FBSceneManager] PENDING:   <BSEventQueueEvent: 0x281c11080; sceneMutationCompletion-sceneID:dev.selfhost.firstActivationProbe-default(1)> @ back
Aug 27 20:34:07.553414 SpringBoard(FrontBoard)[47602] <Debug>: [FBSceneManager] EXECUTING: <BSEventQueueEvent: 0x281c11d60; contentStateDidChange-sceneID:dev.selfhost.firstActivationProbe-default(1)>
Aug 27 20:34:07.553449 SpringBoard(FrontBoard)[47602] <Debug>: [FBSceneManager] PENDING:   <BSEventQueueEvent: 0x281c10fe0; contentStateDidChange-sceneID:dev.selfhost.firstActivationProbe-default(1)> @ front
Aug 27 20:34:07.553483 SpringBoard(FrontBoard)[47602] <Debug>: [FBSceneManager] EXECUTING: <BSEventQueueEvent: 0x281c10fe0; contentStateDidChange-sceneID:dev.selfhost.firstActivationProbe-default(1)>
Aug 27 20:34:07.553551 SpringBoard(FrontBoard)[47602] <Notice>: [sceneID:dev.selfhost.firstActivationProbe-default] Scene lifecycle state did change: Foreground
Aug 27 20:34:07.553618 SpringBoard(FrontBoard)[47602] <Notice>: [sceneID:dev.selfhost.firstActivationProbe-default] Scene assertion state did change: ForegroundFocal.
Aug 27 20:34:07.553684 SpringBoard(FrontBoard)[47602] <Debug>: [FBSceneManager] EXECUTING: <BSEventQueueEvent: 0x281c11860; sceneUpdateApplied-sceneID:dev.selfhost.firstActivationProbe-default(1)>
Aug 27 20:34:07.553719 SpringBoard(FrontBoard)[47602] <Debug>: [FBSceneManager] PENDING:   <BSEventQueueEvent: 0x281c65a00; sceneUpdateApplied-sceneID:dev.selfhost.firstActivationProbe-default(1)> @ front
Aug 27 20:34:07.553754 SpringBoard(FrontBoard)[47602] <Notice>: [application<dev.selfhost.firstActivationProbe>:50220] Launch assertion supersedes update of workspace assertion to ForegroundFocal.
Aug 27 20:34:07.553787 SpringBoard(FrontBoard)[47602] <Debug>: [FBSceneManager] EXECUTING: <BSEventQueueEvent: 0x281c65a00; sceneUpdateApplied-sceneID:dev.selfhost.firstActivationProbe-default(1)>
Aug 27 20:34:07.553823 SpringBoard(FrontBoard)[47602] <Notice>: [application<dev.selfhost.firstActivationProbe>:50220] Workspace assertion state did change: ForegroundFocal (acquireAssertion = NO).
Aug 27 20:34:07.553895 SpringBoard(FrontBoardServices)[47602] <Info>: [application<dev.selfhost.firstActivationProbe>:50220] [realTime] Now monitoring resource allowance of 20.00s (at refreshInterval -1.00s)
Aug 27 20:34:07.553965 SpringBoard(FrontBoard)[47602] <Notice>: [sceneID:dev.selfhost.firstActivationProbe-default] Sending scene action [Logical Activate][0xd79b] to process 0x10a14de30 (watchdog: 20.00s)
Aug 27 20:34:07.553999 SpringBoard(FrontBoard)[47602] <Debug>: [FBSceneManager] EXECUTING: <BSEventQueueEvent: 0x281c11080; sceneMutationCompletion-sceneID:dev.selfhost.firstActivationProbe-default(1)>
Aug 27 20:34:07.554038 SpringBoard(FrontBoard)[47602] <Debug>: ---------- END SCENE MUTATION: sceneID:dev.selfhost.firstActivationProbe-default
Aug 27 20:34:07.555974 runningboardd(RunningBoard)[33] <Info>: Received message from [application<dev.selfhost.firstActivationProbe>:50220] (euid 501, auid 501): handshakeWithRequest:
Aug 27 20:34:07.556033 runningboardd(RunningBoard)[33] <Notice>: Setting client for [application<dev.selfhost.firstActivationProbe>:50220] as ready
Aug 27 20:34:07.557498 Runner(UIKitCore)[50220] <Notice>: Deactivation reason removed: 10; deactivation reasons: 3072 -> 2048; animating application lifecycle event: 0
Aug 27 20:34:07.557563 Runner(RunningBoardServices)[50220] <Notice>: Handshake succeeded
Aug 27 20:34:07.557598 Runner(RunningBoardServices)[50220] <Notice>: Identity resolved as application<dev.selfhost.firstActivationProbe>
Aug 27 20:34:07.557682 Runner(FrontBoardServices)[50220] <Info>: [FBSScene] [sceneID:dev.selfhost.firstActivationProbe-default] Created client agent: <UIApplicationSceneClientAgent: 0x28205c310>
Aug 27 20:34:07.557757 Runner(RunningBoardServices)[50220] <Debug>: Received message from server: async_didChangeInheritances:completion:
Aug 27 20:34:07.557795 Runner(CoreFoundation)[50220] <Debug>: Resource lookup at <private>
	Result        : file:///private/var/containers/Bundle/Application/1EC21BA9-82AA-4B85-B2FC-10B206BC5C35/Runner.app/Base.lproj/Main.storyboardc/
Aug 27 20:34:07.557921 Runner(CoreFoundation)[50220] <Debug>: Resource lookup at <private>
	Result        : file:///private/var/containers/Bundle/Application/1EC21BA9-82AA-4B85-B2FC-10B206BC5C35/Runner.app/Base.lproj/Main.storyboardc/
Aug 27 20:34:07.557958 Runner(CoreFoundation)[50220] <Debug>: found no value for key _UICanvasShouldDeliverCanvasActionsToCanvasDelegateOnlyKey in CFPrefsSearchListSource<0x280c51a80> (Domain: dev.selfhost.firstActivationProbe, Container: (null))
Aug 27 20:34:07.558015 Runner(CoreFoundation)[50220] <Debug>: found no value for key LogBackgroundTask in CFPrefsSearchListSource<0x280c50800> (Domain: com.apple.UIKit, Container: (null))
Aug 27 20:34:07.558052 Runner(UIKitCore)[50220] <Notice>: <private>: Will add backgroundTask with taskName: <private>, expirationHandler: <__NSGlobalBlock__: 0x1ec737410>
Aug 27 20:34:07.558289 runningboardd(RunningBoard)[33] <Info>: Received message from [application<dev.selfhost.firstActivationProbe>:50220] (euid 501, auid 501): acquireAssertionWithDescriptor:error:
Aug 27 20:34:07.558360 runningboardd(RunningBoard)[33] <Notice>: Acquiring assertion targeting [application<dev.selfhost.firstActivationProbe>:50220] from originator [application<dev.selfhost.firstActivationProbe>:50220] with description <RBSAssertionDescriptor| "Shared Background Assertion 0 for dev.selfhost.firstActivationProbe" ID:33-50220-7438 target:50220 attributes:[
Aug 27 20:34:07.558396 runningboardd(RunningBoard)[33] <Notice>: Assertion 33-50220-7438 (target:[application<dev.selfhost.firstActivationProbe>:50220]) will be created as inactive as start-time-defining assertions exist
Aug 27 20:34:07.558470 Runner(UIKitCore)[50220] <Notice>: <private>: Created background task <private>. Assertion will be assigned soon
Aug 27 20:34:07.558504 Runner(UIKitCore)[50220] <Notice>: <private>: Creating new assertion since assertion is nil
Aug 27 20:34:07.558560 Runner(RunningBoardServices)[50220] <Info>: Acquiring assertion: <RBSAssertionDescriptor| "Shared Background Assertion 0 for dev.selfhost.firstActivationProbe" ID:(null) target:50220>
Aug 27 20:34:07.558596 Runner(RunningBoardServices)[50220] <Debug>: Adding assertion 33-50220-7438 to dictionary
Aug 27 20:34:07.558677 Runner(UIKitCore)[50220] <Notice>: <private>: Created new assertion <BKSProcessAssertion: 0x280153c50>
        <SBDeviceApplicationSceneEntity: 0x283e6a580; ID: sceneID:dev.selfhost.firstActivationProbe-default; layoutRole: primary>
Aug 27 20:34:07.558861 Runner(UIKitCore)[50220] <Notice>: Deactivation reason added: 5; deactivation reasons: 2048 -> 2080; animating application lifecycle event: 1
Aug 27 20:34:07.558901 Runner(CoreFoundation)[50220] <Debug>: found no value for key LogEventDeferring in CFPrefsSearchListSource<0x280c50800> (Domain: com.apple.UIKit, Container: (null))
Aug 27 20:34:07.558938 Runner(UIKitCore)[50220] <Notice>: [0x280951c00] Initialized with scene: <UIWindowScene: 0x151e1afe0>; behavior: <_UIEventDeferringBehavior_Default: 0x282246100>
Aug 27 20:34:07.558989 Runner(CoreFoundation)[50220] <Debug>: found no value for key LogKeyWindow in CFPrefsSearchListSource<0x280c50800> (Domain: com.apple.UIKit, Container: (null))
Aug 27 20:34:07.559041 Runner(CoreFoundation)[50220] <Debug>: found no value for key FullKeyboardAccessEnabled in CFPrefsSearchListSource<0x280c55500> (Domain: com.apple.Accessibility, Container: (null))
Aug 27 20:34:07.559085 Runner(libAccessibility.dylib)[50220] <Debug>: CF Read: domain = com.apple.Accessibility, preference = FullKeyboardAccessEnabled, appID = (null) result = (null) (-1 - empty, 0 - false, 1 - true)
Aug 27 20:34:07.559122 Runner(CoreFoundation)[50220] <Debug>: found no value for key FullKeyboardAccessEnabled in CFPrefsPlistSource<0x280c55a00> (Domain: com.apple.Accessibility, User: kCFPreferencesCurrentUser, ByHost: No, Container: (null), Contents Need Refresh: No)
Aug 27 20:34:07.559158 Runner(CoreFoundation)[50220] <Debug>: Resource lookup at <private>
Aug 27 20:34:07.559193 Runner(CoreFoundation)[50220] <Debug>: Resource lookup at <private>
	Result        : file:///private/var/containers/Bundle/Application/1EC21BA9-82AA-4B85-B2FC-10B206BC5C35/Runner.app/Base.lproj/Main.storyboardc/
Aug 27 20:34:07.559233 Runner(CoreFoundation)[50220] <Debug>: Resource lookup at <private>
	Result        : file:///private/var/containers/Bundle/Application/1EC21BA9-82AA-4B85-B2FC-10B206BC5C35/Runner.app/Base.lproj/Main.storyboardc/UIViewController-BYZ-38-t0r.nib
Aug 27 20:34:07.559269 Runner(CoreFoundation)[50220] <Debug>: found no value for key UITraitCollectionInvalidationDebuggingModeEnabled in CFPrefsSearchListSource<0x280c51a80> (Domain: dev.selfhost.firstActivationProbe, Container: (null))
Aug 27 20:34:07.559318 Runner(CoreFoundation)[50220] <Debug>: Resource lookup at <private>
Aug 27 20:34:07.559345 Runner(RunningBoardServices)[50220] <Info>: didChangeInheritances
Aug 27 20:34:07.559451 Runner(RunningBoardServices)[50220] <Info>: didChangeInheritances: <RBSInheritanceChangeSet| gained:{(
Aug 27 20:34:07.559503 Runner(CoreFoundation)[50220] <Debug>: Language lookup at <private>
Aug 27 20:34:07.559539 Runner(CoreFoundation)[50220] <Debug>: Resource lookup at <private>
	Result        : file:///var/containers/Bundle/Application/1EC21BA9-82AA-4B85-B2FC-10B206BC5C35/Runner.app/Frameworks/Flutter.framework/icudtl.dat
Aug 27 20:34:07.559573 Runner(Flutter)[50220] <Notice>: SANITY CHECK: Running precompiled code.
Aug 27 20:34:07.559609 Runner(CoreFoundation)[50220] <Debug>: Resource lookup at <private>
Aug 27 20:34:07.559675 Runner(CoreFoundation)[50220] <Debug>: Resource lookup at <private>
	Result        : file:///private/var/containers/Bundle/Application/1EC21BA9-82AA-4B85-B2FC-10B206BC5C35/Runner.app/Frameworks/App.framework/
Aug 27 20:34:07.559712 Runner(Flutter)[50220] <Notice>: Using App.framework from /private/var/containers/Bundle/Application/1EC21BA9-82AA-4B85-B2FC-10B206BC5C35/Runner.app/Frameworks/App.framework
Aug 27 20:34:07.559752 Runner(CoreFoundation)[50220] <Debug>: Language lookup at <private>
Aug 27 20:34:07.559788 Runner(CoreFoundation)[50220] <Debug>: Resource lookup at <private>
Aug 27 20:34:07.559824 SpringBoard(FrontBoard)[47602] <Info>: [sceneID:dev.selfhost.firstActivationProbe-default] Client settings updated with diff: <private>
Aug 27 20:34:07.559947 SpringBoard(FrontBoard)[47602] <Info>: [sceneID:dev.selfhost.firstActivationProbe-default] Client settings updated with diff: <private>
        <SBDeviceApplicationSceneEntity: 0x283e6a580; ID: sceneID:dev.selfhost.firstActivationProbe-default; layoutRole: primary>
Aug 27 20:34:07.560308 SpringBoard(SplashBoard)[47602] <Info>: <XBApplicationSnapshot: 0x109ddf7d0; …2F3B89D0D3F1> [dev.selfhost.firstActivationProbe] not purging the cached image; force: 0; _imageAccessCount: 1; _keepImageAccessUntilExpiration: 0; _hasProtectedContent: 0; _keepImageAccessForPreheat: 0
Aug 27 20:34:07.560344 Runner(CoreFoundation)[50220] <Debug>: Resource lookup at <private>
Aug 27 20:34:07.560403 Runner(CoreFoundation)[50220] <Debug>: Resource lookup at <private>
	Result        : file:///var/containers/Bundle/Application/1EC21BA9-82AA-4B85-B2FC-10B206BC5C35/Runner.app/Frameworks/App.framework/flutter_assets/
Aug 27 20:34:07.560580 Runner(Flutter)[50220] <Notice>: ASSET PATH /var/containers/Bundle/Application/1EC21BA9-82AA-4B85-B2FC-10B206BC5C35/Runner.app/Frameworks/App.framework/flutter_assets
Aug 27 20:34:07.560630 Runner(CoreFoundation)[50220] <Debug>: Resource lookup at <private>
Aug 27 20:34:07.560665 Runner(CoreFoundation)[50220] <Debug>: Resource lookup at <private>
Aug 27 20:34:07.560722 Runner(Flutter)[50220] <Notice>: [INFO:flutter/shell/common/shorebird/shorebird.cc(112)] [shorebird] SetBaseSnapshot mappings: vm_data_size=5178 iso_data_size=556021 vm_insns_size=43584 iso_insns_size=1818768 total=2423551
Aug 27 20:34:07.560819 SpringBoard[47602] <Notice>: Application process state changed for dev.selfhost.firstActivationProbe: <SBApplicationProcessState: 0x281d70d20; pid: 50220; taskState: Running; visibility: Foreground>
Aug 27 20:34:07.561265 SpringBoard[47602] <Info>: -[SBApplication _processWillLaunch:] dev.selfhost.firstActivationProbe
Aug 27 20:34:07.561300 SpringBoard[47602] <Notice>: Application process state changed for dev.selfhost.firstActivationProbe: <SBApplicationProcessState: 0x281c0dbe0; pid: 50220; taskState: Running; visibility: Foreground>
Aug 27 20:34:07.561334 SpringBoard[47602] <Info>: -[SBApplication _processDidLaunch:] dev.selfhost.firstActivationProbe
Aug 27 20:34:07.561368 SpringBoard[47602] <Notice>: Application process state changed for dev.selfhost.firstActivationProbe: <SBApplicationProcessState: 0x281c0da00; pid: 50220; taskState: Running; visibility: Foreground>
Aug 27 20:34:07.561480 SpringBoard(FrontBoard)[47602] <Info>: [sceneID:dev.selfhost.firstActivationProbe-default] didUpdateClientSettingsWithDiff: <private>
Aug 27 20:34:07.561523 SpringBoard(FrontBoard)[47602] <Debug>: [FBSceneManager] PENDING:   <BSEventQueueEvent: 0x281c0d900; handleDidUpdateClientSettings-sceneID:dev.selfhost.firstActivationProbe-default(1)> @ back
Aug 27 20:34:07.561559 SpringBoard(FrontBoard)[47602] <Debug>: [FBSceneManager] EXECUTING: <BSEventQueueEvent: 0x281c0d900; handleDidUpdateClientSettings-sceneID:dev.selfhost.firstActivationProbe-default(1)>
Aug 27 20:34:07.561687 SpringBoard(FrontBoard)[47602] <Debug>: [FBSceneManager] PENDING:   <BSEventQueueEvent: 0x281c0d9a0; didUpdateClientSettings-sceneID:dev.selfhost.firstActivationProbe-default(1)> @ back
Aug 27 20:34:07.561722 SpringBoard(FrontBoard)[47602] <Debug>: [FBSceneManager] PENDING:   <BSEventQueueEvent: 0x281c0e1c0; didUpdateClientSettingsCompletion-sceneID:dev.selfhost.firstActivationProbe-default(1)> @ back
Aug 27 20:34:07.561826 Runner(Flutter)[50220] <Notice>: [shorebird] Preparing next boot.
Aug 27 20:34:07.561860 Runner(Flutter)[50220] <Notice>: [shorebird] No public key configured; skipping signature verification
Aug 27 20:34:07.561895 Runner(Flutter)[50220] <Notice>: [shorebird] Prepared boot of patch 1.
Aug 27 20:34:07.561928 Runner(Flutter)[50220] <Notice>: [INFO:flutter/shell/common/shorebird/shorebird.cc(663)] Shorebird updater: active path: /private/var/mobile/Containers/Data/Application/18E6667F-E66B-4E74-92D9-B14869861554/Library/Application Support/shorebird/shorebird_updater/patches/1/dlc.vmcode
Aug 27 20:34:07.561987 Runner(Flutter)[50220] <Notice>: [INFO:flutter/shell/common/shorebird/shorebird.cc(686)] Shorebird updater: active patch is a Route B container
Aug 27 20:34:07.562064 Runner(Flutter)[50220] <Notice>: [INFO:flutter/shell/common/shorebird/shorebird.cc(762)] Starting Shorebird update
Aug 27 20:34:07.562100 Runner(CoreFoundation)[50220] <Debug>: Resource lookup at <private>
Aug 27 20:34:07.562194 SpringBoard(FrontBoard)[47602] <Debug>: [FBSceneManager] EXECUTING: <BSEventQueueEvent: 0x281c0d9a0; didUpdateClientSettings-sceneID:dev.selfhost.firstActivationProbe-default(1)>
Aug 27 20:34:07.562231 SpringBoard(FrontBoard)[47602] <Debug>: [FBSceneManager] PENDING:   <BSEventQueueEvent: 0x281d53fe0; didUpdateClientSettings-sceneID:dev.selfhost.firstActivationProbe-default(1)> @ front
Aug 27 20:34:07.562266 SpringBoard(FrontBoard)[47602] <Debug>: [FBSceneManager] EXECUTING: <BSEventQueueEvent: 0x281d53fe0; didUpdateClientSettings-sceneID:dev.selfhost.firstActivationProbe-default(1)>
Aug 27 20:34:07.562807 SpringBoard(FrontBoard)[47602] <Debug>: [FBSceneManager] EXECUTING: <BSEventQueueEvent: 0x281c0e1c0; didUpdateClientSettingsCompletion-sceneID:dev.selfhost.firstActivationProbe-default(1)>
Aug 27 20:34:07.563033 cfprefsd(CoreFoundation)[91] <Debug>: Process 50220 (Runner) sent a request related to { com.apple.Metal, user: mobile, kCFPreferencesCurrentHost, /Library/Managed Preferences/mobile/com.apple.Metal.plist, managed: 1 } (0x1003679d0)
Aug 27 20:34:07.563124 cfprefsd(CoreFoundation)[91] <Debug>: Process 50220 (Runner) sent a request related to { com.apple.Metal, user: kCFPreferencesAnyUser, kCFPreferencesCurrentHost, /Library/Managed Preferences/com.apple.Metal.plist, managed: 1 } (0x1003679d0)
Aug 27 20:34:07.563203 cfprefsd(CoreFoundation)[91] <Debug>: Process 50220 (Runner) sent a request related to { com.apple.Metal, user: mobile, kCFPreferencesAnyHost, /var/mobile/Library/Preferences/com.apple.Metal.plist, managed: 0 } (0x1003679d0)
Aug 27 20:34:07.563411 SpringBoard(FrontBoard)[47602] <Info>: [sceneID:dev.selfhost.firstActivationProbe-default] didUpdateClientSettingsWithDiff: <private>
Aug 27 20:34:07.563446 SpringBoard(FrontBoard)[47602] <Debug>: [FBSceneManager] PENDING:   <BSEventQueueEvent: 0x281c0d860; handleDidUpdateClientSettings-sceneID:dev.selfhost.firstActivationProbe-default(1)> @ back
Aug 27 20:34:07.563482 SpringBoard(FrontBoard)[47602] <Debug>: [FBSceneManager] EXECUTING: <BSEventQueueEvent: 0x281c0d860; handleDidUpdateClientSettings-sceneID:dev.selfhost.firstActivationProbe-default(1)>
Aug 27 20:34:07.563585 SpringBoard(FrontBoard)[47602] <Debug>: [FBSceneManager] PENDING:   <BSEventQueueEvent: 0x281d42380; didUpdateClientSettings-sceneID:dev.selfhost.firstActivationProbe-default(1)> @ back
Aug 27 20:34:07.563620 SpringBoard(FrontBoard)[47602] <Debug>: [FBSceneManager] PENDING:   <BSEventQueueEvent: 0x281d45260; didUpdateClientSettingsCompletion-sceneID:dev.selfhost.firstActivationProbe-default(1)> @ back
Aug 27 20:34:07.563707 Runner(CoreFoundation)[50220] <Debug>: setting new value <private> for key <private> in CFPrefsSource<0x283751300> (Domain: Volatile, User: , ByHost: No, Container: , Contents Need Refresh: No)
Aug 27 20:34:07.563850 SpringBoard(FrontBoard)[47602] <Debug>: [FBSceneManager] EXECUTING: <BSEventQueueEvent: 0x281d42380; didUpdateClientSettings-sceneID:dev.selfhost.firstActivationProbe-default(1)>
Aug 27 20:34:07.563886 Runner(CoreFoundation)[50220] <Debug>: looked up value <private> for key METAL_DEVICE_WRAPPER_TYPE in CFPrefsSource<0x283751300> (Domain: Volatile, User: , ByHost: No, Container: , Contents Need Refresh: No) via CFPrefsSearchListSource<0x280c51a80> (Domain: dev.selfhost.firstActivationProbe, Container: (null))
Aug 27 20:34:07.563922 Runner(CoreFoundation)[50220] <Debug>: CFPrefsManagedSource<0x280c5e400> (Domain: com.apple.Metal, User: kCFPreferencesCurrentUser, ByHost: Yes, Container: (null), Contents Need Refresh: No) loaded: an empty base plist and no additional changes from the base plist
Aug 27 20:34:07.563958 Runner(CoreFoundation)[50220] <Debug>: CFPrefsManagedSource<0x280c5ea00> (Domain: com.apple.Metal, User: kCFPreferencesAnyUser, ByHost: Yes, Container: (null), Contents Need Refresh: No) loaded: an empty base plist and no additional changes from the base plist
Aug 27 20:34:07.563993 Runner(CoreFoundation)[50220] <Debug>: CFPrefsPlistSource<0x280c5e900> (Domain: com.apple.Metal, User: kCFPreferencesCurrentUser, ByHost: No, Container: (null), Contents Need Refresh: No) loaded: an empty base plist and no additional changes from the base plist
Aug 27 20:34:07.564028 Runner(CoreFoundation)[50220] <Debug>: CFPrefsPlistSource<0x280c5eb80> (Domain: com.apple.Metal, User: kCFPreferencesAnyUser, ByHost: Yes, Container: (null), Contents Need Refresh: No) loaded: an empty base plist and no additional changes from the base plist
Aug 27 20:34:07.564063 Runner(CoreFoundation)[50220] <Debug>: found no value for key UseMetalTelemetry in CFPrefsSearchListSource<0x280c5e980> (Domain: com.apple.Metal, Container: (null))
Aug 27 20:34:07.564098 Runner(CoreFoundation)[50220] <Debug>: Resource lookup at <private>
Aug 27 20:34:07.564134 SpringBoard(FrontBoard)[47602] <Debug>: [FBSceneManager] PENDING:   <BSEventQueueEvent: 0x281d6e2a0; didUpdateClientSettings-sceneID:dev.selfhost.firstActivationProbe-default(1)> @ front
Aug 27 20:34:07.564188 SpringBoard(FrontBoard)[47602] <Debug>: [FBSceneManager] EXECUTING: <BSEventQueueEvent: 0x281d6e2a0; didUpdateClientSettings-sceneID:dev.selfhost.firstActivationProbe-default(1)>
Aug 27 20:34:07.564320 SpringBoard(FrontBoard)[47602] <Debug>: [FBSceneManager] EXECUTING: <BSEventQueueEvent: 0x281d45260; didUpdateClientSettingsCompletion-sceneID:dev.selfhost.firstActivationProbe-default(1)>
Aug 27 20:34:07.565497 SpringBoard(FrontBoard)[47602] <Info>: Client intercepting scene update for scene: sceneID:dev.selfhost.firstActivationProbe-default
Aug 27 20:34:07.565532 SpringBoard(FrontBoard)[47602] <Debug>: START SCENE MUTATION ------- sceneID:dev.selfhost.firstActivationProbe-default
Aug 27 20:34:07.565566 SpringBoard(FrontBoard)[47602] <Debug>: [FBSceneManager] PENDING:   <BSEventQueueEvent: 0x281c0d820; sceneUpdatePrepared-sceneID:dev.selfhost.firstActivationProbe-default(2)> @ back
Aug 27 20:34:07.565601 SpringBoard(FrontBoard)[47602] <Debug>: [FBSceneManager] PENDING:   <BSEventQueueEvent: 0x281c0f1c0; applySettings-sceneID:dev.selfhost.firstActivationProbe-default(2)> @ back
Aug 27 20:34:07.565635 SpringBoard(FrontBoard)[47602] <Debug>: Flushing all events for sceneID:dev.selfhost.firstActivationProbe-default
Aug 27 20:34:07.565704 SpringBoard(FrontBoard)[47602] <Debug>: [FBSceneManager] EXECUTING: <BSEventQueueEvent: 0x281c0d820; sceneUpdatePrepared-sceneID:dev.selfhost.firstActivationProbe-default(2)>
Aug 27 20:34:07.565739 SpringBoard(FrontBoard)[47602] <Debug>: [FBSceneManager] PENDING:   <BSEventQueueEvent: 0x281c0eda0; sceneUpdatePrepared-sceneID:dev.selfhost.firstActivationProbe-default(2)> @ front
Aug 27 20:34:07.565773 SpringBoard(FrontBoard)[47602] <Debug>: [FBSceneManager] EXECUTING: <BSEventQueueEvent: 0x281c0eda0; sceneUpdatePrepared-sceneID:dev.selfhost.firstActivationProbe-default(2)>
Aug 27 20:34:07.565839 SpringBoard(FrontBoard)[47602] <Debug>: [FBSceneManager] EXECUTING: <BSEventQueueEvent: 0x281c0f1c0; applySettings-sceneID:dev.selfhost.firstActivationProbe-default(2)>
Aug 27 20:34:07.565873 SpringBoard(FrontBoard)[47602] <Debug>: [FBSceneManager] PENDING:   <BSEventQueueEvent: 0x281d6bc80; sceneUpdateApplied-sceneID:dev.selfhost.firstActivationProbe-default(2)> @ back
Aug 27 20:34:07.565909 SpringBoard(FrontBoard)[47602] <Debug>: [FBSceneManager] PENDING:   <BSEventQueueEvent: 0x281d45260; sceneMutationCompletion-sceneID:dev.selfhost.firstActivationProbe-default(2)> @ back
Aug 27 20:34:07.565943 SpringBoard(FrontBoard)[47602] <Debug>: [FBSceneManager] EXECUTING: <BSEventQueueEvent: 0x281d6bc80; sceneUpdateApplied-sceneID:dev.selfhost.firstActivationProbe-default(2)>
Aug 27 20:34:07.565993 SpringBoard(FrontBoard)[47602] <Debug>: [FBSceneManager] PENDING:   <BSEventQueueEvent: 0x281d53fe0; sceneUpdateApplied-sceneID:dev.selfhost.firstActivationProbe-default(2)> @ front
Aug 27 20:34:07.566026 SpringBoard(FrontBoard)[47602] <Debug>: [FBSceneManager] EXECUTING: <BSEventQueueEvent: 0x281d53fe0; sceneUpdateApplied-sceneID:dev.selfhost.firstActivationProbe-default(2)>
Aug 27 20:34:07.566175 SpringBoard(FrontBoard)[47602] <Debug>: [FBSceneManager] EXECUTING: <BSEventQueueEvent: 0x281d45260; sceneMutationCompletion-sceneID:dev.selfhost.firstActivationProbe-default(2)>
Aug 27 20:34:07.566210 SpringBoard(FrontBoard)[47602] <Debug>: ---------- END SCENE MUTATION: sceneID:dev.selfhost.firstActivationProbe-default
Aug 27 20:34:07.566248 SpringBoard(FrontBoard)[47602] <Info>: [sceneID:dev.selfhost.firstActivationProbe-default] Sending scene action [Forward Event][0x36f5] to process 0x10a14de30 (watchdog: none)
            SceneID: sceneID:dev.selfhost.firstActivationProbe-default
Aug 27 20:34:07.566750 Runner(CoreFoundation)[50220] <Debug>: found no value for key MetalForceCaptureEnabled in CFPrefsSearchListSource<0x280c51a80> (Domain: dev.selfhost.firstActivationProbe, Container: (null))
Aug 27 20:34:07.566836 Runner(CoreFoundation)[50220] <Debug>: found no value for key VertexInstanceBoundsCheckMode in CFPrefsSearchListSource<0x280c5e980> (Domain: com.apple.Metal, Container: (null))
Aug 27 20:34:07.566881 Runner(CoreFoundation)[50220] <Debug>: found no value for key DisableDriverSuballocation in CFPrefsSearchListSource<0x280c5e980> (Domain: com.apple.Metal, Container: (null))
Aug 27 20:34:07.566948 Runner(CoreFoundation)[50220] <Debug>: found no value for key CPUMappingForPrivateTexturesMode in CFPrefsSearchListSource<0x280c5e980> (Domain: com.apple.Metal, Container: (null))
Aug 27 20:34:07.566985 Runner(CoreFoundation)[50220] <Debug>: found no value for key IOSurfaceCompressedWriteValidation in CFPrefsSearchListSource<0x280c5e980> (Domain: com.apple.Metal, Container: (null))
Aug 27 20:34:07.567045 Runner(CoreFoundation)[50220] <Debug>: Language lookup at <private>
Aug 27 20:34:07.568194 Runner(CoreFoundation)[50220] <Debug>: Resource lookup at <private>
Aug 27 20:34:07.568234 Runner(CoreFoundation)[50220] <Debug>: Resource lookup at <private>
Aug 27 20:34:07.568269 Runner(CoreFoundation)[50220] <Debug>: Resource lookup at <private>
Aug 27 20:34:07.568308 Runner(CoreFoundation)[50220] <Debug>: Resource lookup at <private>
Aug 27 20:34:07.568366 Runner(CoreFoundation)[50220] <Debug>: Resource lookup at <private>
Aug 27 20:34:07.568401 Runner(CoreFoundation)[50220] <Debug>: Resource lookup at <private>
Aug 27 20:34:07.568849 Runner(CoreFoundation)[50220] <Debug>: Resource lookup at <private>
Aug 27 20:34:07.568953 Runner(CoreFoundation)[50220] <Debug>: Resource lookup at <private>
Aug 27 20:34:07.569006 Runner(CoreFoundation)[50220] <Debug>: Resource lookup at <private>
Aug 27 20:34:07.569041 Runner(CoreFoundation)[50220] <Debug>: Resource lookup at <private>
Aug 27 20:34:07.569075 Runner(CoreFoundation)[50220] <Debug>: Resource lookup at <private>
Aug 27 20:34:07.569108 Runner(CoreFoundation)[50220] <Debug>: Resource lookup at <private>
Aug 27 20:34:07.569333 runningboardd(RunningBoard)[33] <Debug>: Adding assertion 33-47602-7437 (target:[application<dev.selfhost.firstActivationProbe>:50220])
Aug 27 20:34:07.569440 runningboardd(RunningBoard)[33] <Info>: application<dev.selfhost.firstActivationProbe> is now targeted by 3 assertions
Aug 27 20:34:07.569478 runningboardd(RunningBoard)[33] <Notice>: [application<dev.selfhost.firstActivationProbe>:50220] Resuming task.
Aug 27 20:34:07.569511 runningboardd(RunningBoard)[33] <Info>: Finished acquiring assertion 33-47602-7435 (target:application<dev.selfhost.firstActivationProbe>)
Aug 27 20:34:07.570988 SpringBoard(RunningBoardServices)[47602] <Info>: Update delivered for [application<dev.selfhost.firstActivationProbe>:50220] with taskState 4
Aug 27 20:34:07.571192 SpringBoard(RunningBoardServices)[47602] <Info>: Update delivered for [application<dev.selfhost.firstActivationProbe>:50220] with taskState 4
Aug 27 20:34:07.571271 runningboardd(RunningBoard)[33] <Info>: Finished acquiring assertion 33-47602-7437 (target:[application<dev.selfhost.firstActivationProbe>:50220])
Aug 27 20:34:07.571319 runningboardd(RunningBoard)[33] <Debug>: Adding assertion 33-50220-7438 (target:[application<dev.selfhost.firstActivationProbe>:50220])
Aug 27 20:34:07.572559 useractivityd[184] <Debug>: SCHEDULE:idleDetermination, DONE run, next=forever
Aug 27 20:34:07.573754 runningboardd(RunningBoard)[33] <Info>: Finished acquiring assertion 33-33-7436 (target:[application<dev.selfhost.firstActivationProbe>:50220])
Aug 27 20:34:07.574201 runningboardd(RunningBoard)[33] <Notice>: [application<dev.selfhost.firstActivationProbe>:50220] Set darwin role to: UserInteractiveFocal
Aug 27 20:34:07.574435 kernel(Sandbox)[0] <Notice>: /private/var/containers/Bundle/Application/1EC21BA9-82AA-4B85-B2FC-10B206BC5C35/Runner.app/Runner[50220] ==> container
Aug 27 20:34:07.574584 kernel(Sandbox)[0] <Error>: Sandbox: Runner(50220) deny(2) file-test-existence /private/etc/.mdns_debug
Aug 27 20:34:07.574777 kernel(Sandbox)[0] <Error>: Sandbox: Runner(50220) deny(1) sysctl-read kern.iossupportversion
Aug 27 20:34:07.576227 runningboardd(RunningBoard)[33] <Notice>: Successfully acquired underlying assertion for [application<dev.selfhost.firstActivationProbe>:50220]
Aug 27 20:34:07.576297 runningboardd(RunningBoard)[33] <Info>: application<dev.selfhost.firstActivationProbe> is now targeted by 4 assertions
Aug 27 20:34:07.576369 runningboardd(RunningBoard)[33] <Debug>: Sending state 0x1010748c0 for application<dev.selfhost.firstActivationProbe> to [daemon<com.apple.mediaserverd>:36]
Aug 27 20:34:07.576465 runningboardd(RunningBoard)[33] <Info>: [application<dev.selfhost.firstActivationProbe>:50220] Disabled CPU monitoring
Aug 27 20:34:07.576622 runningboardd(RunningBoard)[33] <Debug>: Updating events for assertion: 33-47602-7435 (target:application<dev.selfhost.firstActivationProbe>)
Aug 27 20:34:07.576846 runningboardd(RunningBoard)[33] <Debug>: Decrementing suppression state to 1 for application<dev.selfhost.firstActivationProbe>
Aug 27 20:34:07.576882 runningboardd(RunningBoard)[33] <Info>: [application<dev.selfhost.firstActivationProbe>:50220] Reset CPU monitoring limits to defaults
Aug 27 20:34:07.576984 runningboardd(RunningBoard)[33] <Info>: Finished acquiring assertion 33-50220-7438 (target:[application<dev.selfhost.firstActivationProbe>:50220])
Aug 27 20:34:07.577037 runningboardd(RunningBoard)[33] <Debug>: Removing events for context: 33-47602-7435 (target:application<dev.selfhost.firstActivationProbe>)
Aug 27 20:34:07.577082 runningboardd(RunningBoard)[33] <Debug>: Enqueueing events for assertion: 33-47602-7435 (target:application<dev.selfhost.firstActivationProbe>)
Aug 27 20:34:07.577173 runningboardd(RunningBoard)[33] <Info>: [application<dev.selfhost.firstActivationProbe>:50220] Resumed CPU monitoring
Aug 27 20:34:07.577296 runningboardd(RunningBoard)[33] <Debug>: Updating events for assertion: 33-33-7436 (target:[application<dev.selfhost.firstActivationProbe>:50220])
Aug 27 20:34:07.577356 runningboardd(RunningBoard)[33] <Info>: [application<dev.selfhost.firstActivationProbe>:50220] Applying updated state
Aug 27 20:34:07.577391 runningboardd(RunningBoard)[33] <Debug>: Sending state 0x1010748c0 for application<dev.selfhost.firstActivationProbe> to [daemon<com.apple.symptomsd>:170]
Aug 27 20:34:07.577450 runningboardd(RunningBoard)[33] <Debug>: Removing events for context: 33-33-7436 (target:[application<dev.selfhost.firstActivationProbe>:50220])
Aug 27 20:34:07.577593 runningboardd(RunningBoard)[33] <Debug>: Enqueueing events for assertion: 33-33-7436 (target:[application<dev.selfhost.firstActivationProbe>:50220])
Aug 27 20:34:07.577694 mediaserverd(RunningBoardServices)[36] <Notice>: Hit the server for a process handle 4b60f880000c42c that resolved to: [application<dev.selfhost.firstActivationProbe>:50220]
Aug 27 20:34:07.577737 Runner(CoreFoundation)[50220] <Debug>: Resource lookup at <private>
Aug 27 20:34:07.577777 Runner(CoreFoundation)[50220] <Debug>: Resource lookup at <private>
Aug 27 20:34:07.577863 Runner(CoreFoundation)[50220] <Debug>: Resource lookup at <private>
Aug 27 20:34:07.577937 Runner(CoreFoundation)[50220] <Debug>: Resource lookup at <private>
Aug 27 20:34:07.577973 Runner(CoreFoundation)[50220] <Debug>: found no value for key UIViewLayoutFeedbackLoopDebuggingThreshold in CFPrefsSearchListSource<0x280c51a80> (Domain: dev.selfhost.firstActivationProbe, Container: (null))
Aug 27 20:34:07.578011 Runner(CoreFoundation)[50220] <Debug>: found no value for key UIViewUseStaleDelegateContentInsets in CFPrefsSearchListSource<0x280c51a80> (Domain: dev.selfhost.firstActivationProbe, Container: (null))
Aug 27 20:34:07.578092 Runner(CoreFoundation)[50220] <Debug>: found no value for key _UIConstraintBasedLayoutEngageNonLazily in CFPrefsSearchListSource<0x280c51a80> (Domain: dev.selfhost.firstActivationProbe, Container: (null))
Aug 27 20:34:07.578231 powerd[43] <Notice>: Process runningboardd.33 Created SystemIsActive "application<dev.selfhost.firstActivationProbe>;(null):(null);33-47602-7435:FBApplicationProcess" age:00:00:00  id:51539649916 [System: SysAct]
Aug 27 20:34:07.578314 Runner(CoreFoundation)[50220] <Debug>: Resource lookup at <private>
Aug 27 20:34:07.578389 Runner(CoreFoundation)[50220] <Debug>: Resource lookup at <private>
Aug 27 20:34:07.578436 Runner(CoreFoundation)[50220] <Debug>: setting new value <private> for key <private> in CFPrefsSource<0x283751300> (Domain: Volatile, User: , ByHost: No, Container: , Contents Need Refresh: No)
Aug 27 20:34:07.578473 Runner(CoreFoundation)[50220] <Debug>: looked up value <private> for key METAL_ERROR_MODE in CFPrefsSource<0x283751300> (Domain: Volatile, User: , ByHost: No, Container: , Contents Need Refresh: No) via CFPrefsSearchListSource<0x280c51a80> (Domain: dev.selfhost.firstActivationProbe, Container: (null))
Aug 27 20:34:07.578560 Runner(CoreFoundation)[50220] <Debug>: setting new value <private> for key <private> in CFPrefsSource<0x283751300> (Domain: Volatile, User: , ByHost: No, Container: , Contents Need Refresh: No)
Aug 27 20:34:07.578609 Runner(CoreFoundation)[50220] <Debug>: looked up value <private> for key METAL_DEBUG_ERROR_MODE in CFPrefsSource<0x283751300> (Domain: Volatile, User: , ByHost: No, Container: , Contents Need Refresh: No) via CFPrefsSearchListSource<0x280c51a80> (Domain: dev.selfhost.firstActivationProbe, Container: (null))
Aug 27 20:34:07.578644 kernel(Sandbox)[0] <Error>: Sandbox: Runner(50220) deny(1) sysctl-read machdep.cpu.brand_string
Aug 27 20:34:07.579484 Runner(CoreFoundation)[50220] <Debug>: setting new value <private> for key <private> in CFPrefsSource<0x283751300> (Domain: Volatile, User: , ByHost: No, Container: , Contents Need Refresh: No)
Aug 27 20:34:07.579576 Runner(CoreFoundation)[50220] <Debug>: looked up value <private> for key METAL_WARNING_MODE in CFPrefsSource<0x283751300> (Domain: Volatile, User: , ByHost: No, Container: , Contents Need Refresh: No) via CFPrefsSearchListSource<0x280c51a80> (Domain: dev.selfhost.firstActivationProbe, Container: (null))
Aug 27 20:34:07.579658 Runner(CoreFoundation)[50220] <Debug>: setting new value <private> for key <private> in CFPrefsSource<0x283751300> (Domain: Volatile, User: , ByHost: No, Container: , Contents Need Refresh: No)
Aug 27 20:34:07.579716 Runner(CoreFoundation)[50220] <Debug>: looked up value <private> for key METAL_ERROR_CHECK_EXTENDED_MODE in CFPrefsSource<0x283751300> (Domain: Volatile, User: , ByHost: No, Container: , Contents Need Refresh: No) via CFPrefsSearchListSource<0x280c51a80> (Domain: dev.selfhost.firstActivationProbe, Container: (null))
Aug 27 20:34:07.579796 Runner(CoreFoundation)[50220] <Debug>: found no value for key dataBufferCachingOverride in CFPrefsSearchListSource<0x280c5e980> (Domain: com.apple.Metal, Container: (null))
Aug 27 20:34:07.579892 Runner(CoreFoundation)[50220] <Debug>: found no value for key disableBlitEncoderCoalescing in CFPrefsPlistSource<0x280c5e900> (Domain: com.apple.Metal, User: kCFPreferencesCurrentUser, ByHost: No, Container: (null), Contents Need Refresh: No)
Aug 27 20:34:07.579997 Runner(CoreFoundation)[50220] <Debug>: found no value for key disableEncoderCoalescing in CFPrefsPlistSource<0x280c5e900> (Domain: com.apple.Metal, User: kCFPreferencesCurrentUser, ByHost: No, Container: (null), Contents Need Refresh: No)
Aug 27 20:34:07.580085 Runner(CoreFoundation)[50220] <Debug>: Resource lookup at <private>
Aug 27 20:34:07.580166 Runner(CoreFoundation)[50220] <Debug>: Resource lookup at <private>
Aug 27 20:34:07.580259 Runner(CoreFoundation)[50220] <Debug>: looked up value <private> for key AppleLanguages in CFPrefsPlistSource<0x280c50a00> (Domain: kCFPreferencesAnyApplication, User: kCFPreferencesCurrentUser, ByHost: No, Container: (null), Contents Need Refresh: No) via CFPrefsSearchListSource<0x280c51a80> (Domain: dev.selfhost.firstActivationProbe, Container: (null))
Aug 27 20:34:07.580346 Runner(CoreFoundation)[50220] <Debug>: Resource lookup at <private>
Aug 27 20:34:07.580436 Runner(Flutter)[50220] <Notice>: [shorebird] Sending patch check request: PatchCheckRequest { app_id: "235a9d93-ef97-6372-d78a-ce88f798a726", channel: "stable", release_version: "1.3.0+1", platform: "ios", arch: "aarch64", client_id: "eb65ad4b-0c7a-4c80-8d71-7e98c91af47a", current_patch_number: Some(1) }
Aug 27 20:34:07.580511 Runner(CoreFoundation)[50220] <Debug>: Resource lookup at <private>
Aug 27 20:34:07.580575 Runner(CoreFoundation)[50220] <Debug>: Resource lookup at <private>
Aug 27 20:34:07.580636 Runner(CoreFoundation)[50220] <Debug>: Resource lookup at <private>
Aug 27 20:34:07.580698 Runner(CoreFoundation)[50220] <Debug>: Resource lookup at <private>
Aug 27 20:34:07.581055 Runner(CoreFoundation)[50220] <Debug>: Resource lookup at <private>
Aug 27 20:34:07.581131 Runner(CoreFoundation)[50220] <Debug>: Resource lookup at <private>
	Result        : file:///private/var/containers/Bundle/Application/1EC21BA9-82AA-4B85-B2FC-10B206BC5C35/Runner.app/Base.lproj/LaunchScreen.storyboardc/
Aug 27 20:34:07.581214 Runner(CoreFoundation)[50220] <Debug>: Resource lookup at <private>
	Result        : file:///private/var/containers/Bundle/Application/1EC21BA9-82AA-4B85-B2FC-10B206BC5C35/Runner.app/Base.lproj/LaunchScreen.storyboardc/
Aug 27 20:34:07.581269 Runner(CoreFoundation)[50220] <Debug>: Resource lookup at <private>
	Result        : file:///private/var/containers/Bundle/Application/1EC21BA9-82AA-4B85-B2FC-10B206BC5C35/Runner.app/Base.lproj/LaunchScreen.storyboardc/UIViewController-01J-lp-oVM.nib
Aug 27 20:34:07.581313 Runner(CoreFoundation)[50220] <Debug>: Resource lookup at <private>
	Result        : file:///private/var/containers/Bundle/Application/1EC21BA9-82AA-4B85-B2FC-10B206BC5C35/Runner.app/Base.lproj/LaunchScreen.storyboardc/01J-lp-oVM-view-Ze5-6b-2t3.nib
Aug 27 20:34:07.581348 Runner(CoreFoundation)[50220] <Debug>: Resource lookup at <private>
	Result        : file:///private/var/containers/Bundle/Application/1EC21BA9-82AA-4B85-B2FC-10B206BC5C35/Runner.app/Base.lproj/LaunchScreen.storyboardc/
Aug 27 20:34:07.581403 Runner(CoreFoundation)[50220] <Debug>: Resource lookup at <private>
	Result        : file:///private/var/containers/Bundle/Application/1EC21BA9-82AA-4B85-B2FC-10B206BC5C35/Runner.app/Base.lproj/LaunchScreen.storyboardc/01J-lp-oVM-view-Ze5-6b-2t3.nib
Aug 27 20:34:07.581459 Runner(CoreFoundation)[50220] <Debug>: found no value for key _UIConstraintBasedLayout in CFPrefsSearchListSource<0x280c51a80> (Domain: dev.selfhost.firstActivationProbe, Container: (null))
Aug 27 20:34:07.581495 Runner(CoreFoundation)[50220] <Debug>: Resource lookup at <private>
	Result        : file:///private/var/containers/Bundle/Application/1EC21BA9-82AA-4B85-B2FC-10B206BC5C35/Runner.app/Assets.car
Aug 27 20:34:07.581562 Runner(CoreFoundation)[50220] <Debug>: found no value for key CUIShowDebugLogs in CFPrefsSearchListSource<0x280c51a80> (Domain: dev.selfhost.firstActivationProbe, Container: (null))
Aug 27 20:34:07.581624 Runner(CoreFoundation)[50220] <Debug>: found no value for key CGAllowDebuggingDefaults in CFPrefsPlistSource<0x280c50a00> (Domain: kCFPreferencesAnyApplication, User: kCFPreferencesCurrentUser, ByHost: No, Container: (null), Contents Need Refresh: No)
Aug 27 20:34:07.581659 Runner(CoreFoundation)[50220] <Debug>: found no value for key NSConstraintBasedLayoutTrackAllocation in CFPrefsSearchListSource<0x280c51a80> (Domain: dev.selfhost.firstActivationProbe, Container: (null))
Aug 27 20:34:07.581713 Runner(CoreFoundation)[50220] <Debug>: found no value for key UIViewShowAlignmentRects in CFPrefsSearchListSource<0x280c51a80> (Domain: dev.selfhost.firstActivationProbe, Container: (null))
Aug 27 20:34:07.581811 Runner(CoreFoundation)[50220] <Debug>: found no value for key NSConstraintBasedLayoutAriadneTracepoints in CFPrefsSearchListSource<0x280c51a80> (Domain: dev.selfhost.firstActivationProbe, Container: (null))
Aug 27 20:34:07.581870 Runner(CoreFoundation)[50220] <Debug>: Resource lookup at <private>
Aug 27 20:34:07.581904 Runner(CoreFoundation)[50220] <Debug>: found no value for key ReduceMotionEnabled in CFPrefsSearchListSource<0x280c55500> (Domain: com.apple.Accessibility, Container: (null))
Aug 27 20:34:07.581980 Runner(libAccessibility.dylib)[50220] <Debug>: CF Read: domain = com.apple.Accessibility, preference = ReduceMotionEnabled, appID = (null) result = (null) (-1 - empty, 0 - false, 1 - true)
Aug 27 20:34:07.582084 Runner(CoreFoundation)[50220] <Debug>: found no value for key ReduceMotionEnabled in CFPrefsPlistSource<0x280c55a00> (Domain: com.apple.Accessibility, User: kCFPreferencesCurrentUser, ByHost: No, Container: (null), Contents Need Refresh: No)
Aug 27 20:34:07.582206 SpringBoard(FrontBoard)[47602] <Info>: [sceneID:dev.selfhost.firstActivationProbe-default] Client settings updated with diff: <private>
Aug 27 20:34:07.582242 SpringBoard(FrontBoard)[47602] <Info>: [sceneID:dev.selfhost.firstActivationProbe-default] didUpdateClientSettingsWithDiff: <private>
Aug 27 20:34:07.582354 SpringBoard(FrontBoard)[47602] <Debug>: [FBSceneManager] PENDING:   <BSEventQueueEvent: 0x281c04ac0; handleDidUpdateClientSettings-sceneID:dev.selfhost.firstActivationProbe-default(2)> @ back
Aug 27 20:34:07.582410 SpringBoard(FrontBoard)[47602] <Debug>: [FBSceneManager] EXECUTING: <BSEventQueueEvent: 0x281c04ac0; handleDidUpdateClientSettings-sceneID:dev.selfhost.firstActivationProbe-default(2)>
Aug 27 20:34:07.582618 SpringBoard(FrontBoard)[47602] <Debug>: [FBSceneManager] PENDING:   <BSEventQueueEvent: 0x281c05ce0; didUpdateClientSettings-sceneID:dev.selfhost.firstActivationProbe-default(2)> @ back
Aug 27 20:34:07.582662 SpringBoard(FrontBoard)[47602] <Debug>: [FBSceneManager] PENDING:   <BSEventQueueEvent: 0x281c04b80; didUpdateClientSettingsCompletion-sceneID:dev.selfhost.firstActivationProbe-default(2)> @ back
Aug 27 20:34:07.582907 SpringBoard(FrontBoard)[47602] <Debug>: [FBSceneManager] EXECUTING: <BSEventQueueEvent: 0x281c05ce0; didUpdateClientSettings-sceneID:dev.selfhost.firstActivationProbe-default(2)>
Aug 27 20:34:07.582942 SpringBoard(FrontBoard)[47602] <Debug>: [FBSceneManager] PENDING:   <BSEventQueueEvent: 0x281c06d40; didUpdateClientSettings-sceneID:dev.selfhost.firstActivationProbe-default(2)> @ front
Aug 27 20:34:07.582977 SpringBoard(FrontBoard)[47602] <Debug>: [FBSceneManager] EXECUTING: <BSEventQueueEvent: 0x281c06d40; didUpdateClientSettings-sceneID:dev.selfhost.firstActivationProbe-default(2)>
Aug 27 20:34:07.583131 SpringBoard(FrontBoard)[47602] <Debug>: [FBSceneManager] EXECUTING: <BSEventQueueEvent: 0x281c04b80; didUpdateClientSettingsCompletion-sceneID:dev.selfhost.firstActivationProbe-default(2)>
Aug 27 20:34:07.583435 SpringBoard(FrontBoard)[47602] <Info>: [sceneID:dev.selfhost.firstActivationProbe-default] Client settings updated with diff: <private>
Aug 27 20:34:07.583580 SpringBoard(FrontBoard)[47602] <Info>: [sceneID:dev.selfhost.firstActivationProbe-default] didUpdateClientSettingsWithDiff: <private>
Aug 27 20:34:07.583632 SpringBoard(FrontBoard)[47602] <Debug>: [FBSceneManager] PENDING:   <BSEventQueueEvent: 0x281c04180; handleDidUpdateClientSettings-sceneID:dev.selfhost.firstActivationProbe-default(2)> @ back
Aug 27 20:34:07.583668 SpringBoard(FrontBoard)[47602] <Debug>: [FBSceneManager] EXECUTING: <BSEventQueueEvent: 0x281c04180; handleDidUpdateClientSettings-sceneID:dev.selfhost.firstActivationProbe-default(2)>
Aug 27 20:34:07.583956 SpringBoard(FrontBoard)[47602] <Debug>: [FBSceneManager] PENDING:   <BSEventQueueEvent: 0x281c04b60; didUpdateClientSettings-sceneID:dev.selfhost.firstActivationProbe-default(2)> @ back
Aug 27 20:34:07.584047 SpringBoard(FrontBoard)[47602] <Debug>: [FBSceneManager] PENDING:   <BSEventQueueEvent: 0x281c04b80; didUpdateClientSettingsCompletion-sceneID:dev.selfhost.firstActivationProbe-default(2)> @ back
Aug 27 20:34:07.584450 SpringBoard(FrontBoard)[47602] <Debug>: [FBSceneManager] EXECUTING: <BSEventQueueEvent: 0x281c04b60; didUpdateClientSettings-sceneID:dev.selfhost.firstActivationProbe-default(2)>
Aug 27 20:34:07.584527 SpringBoard(FrontBoard)[47602] <Debug>: [FBSceneManager] PENDING:   <BSEventQueueEvent: 0x281c04200; didUpdateClientSettings-sceneID:dev.selfhost.firstActivationProbe-default(2)> @ front
Aug 27 20:34:07.584619 SpringBoard(FrontBoard)[47602] <Debug>: [FBSceneManager] EXECUTING: <BSEventQueueEvent: 0x281c04200; didUpdateClientSettings-sceneID:dev.selfhost.firstActivationProbe-default(2)>
Aug 27 20:34:07.584820 SpringBoard(FrontBoard)[47602] <Debug>: [FBSceneManager] EXECUTING: <BSEventQueueEvent: 0x281c04b80; didUpdateClientSettingsCompletion-sceneID:dev.selfhost.firstActivationProbe-default(2)>
Aug 27 20:34:07.585008 runningboardd(RunningBoard)[33] <Debug>: Updating events for assertion: 33-47602-7437 (target:[application<dev.selfhost.firstActivationProbe>:50220])
Aug 27 20:34:07.585058 runningboardd(RunningBoard)[33] <Debug>: Removing events for context: 33-47602-7437 (target:[application<dev.selfhost.firstActivationProbe>:50220])
Aug 27 20:34:07.585100 runningboardd(RunningBoard)[33] <Debug>: Updating events for assertion: 33-50220-7438 (target:[application<dev.selfhost.firstActivationProbe>:50220])
Aug 27 20:34:07.585183 runningboardd(RunningBoard)[33] <Debug>: Removing events for context: 33-50220-7438 (target:[application<dev.selfhost.firstActivationProbe>:50220])
Aug 27 20:34:07.585227 runningboardd(RunningBoard)[33] <Notice>: [application<dev.selfhost.firstActivationProbe>:50220] reported to RB as running
Aug 27 20:34:07.585379 runningboardd(RunningBoard)[33] <Debug>: [daemon<com.apple.CommCenter>:90] query resolved to [application<dev.selfhost.firstActivationProbe>:50220]
Aug 27 20:34:07.585828 Runner(CoreFoundation)[50220] <Debug>: Resource lookup at <private>
Aug 27 20:34:07.586059 Runner(CoreFoundation)[50220] <Debug>: Resource lookup at <private>
Aug 27 20:34:07.586095 Runner(CoreFoundation)[50220] <Debug>: Resource lookup at <private>
Aug 27 20:34:07.586168 mediaserverd(RunningBoardServices)[36] <Info>: Update delivered for [application<dev.selfhost.firstActivationProbe>:50220] with taskState 4
Aug 27 20:34:07.586275 mediaserverd(MediaExperience)[36] <Notice>: -CMSessionMgr- CMSessionMgrHandleApplicationStateChange: Client dev.selfhost.firstActivationProbe with pid '50220' is now Foreground Running. Background entitlement: NO ActiveLongFormVideoSession: NO WhitelistedLongFormVideoApp NO
Aug 27 20:34:07.586358 mediaserverd(MediaExperience)[36] <Notice>: -CMSessionMgr- CMSessionMgrHandleApplicationStateChange: Sending EndInterruption to dev.selfhost.firstActivationProbe with pid '50220' because client moved to ForegroundRunning and is not allowed to play in the background
Aug 27 20:34:07.586426 mediaserverd(RunningBoardServices)[36] <Info>: Update delivered for [application<dev.selfhost.firstActivationProbe>:50220] with taskState 4
Aug 27 20:34:07.586908 SpringBoard(RunningBoardServices)[47602] <Info>: Update delivered for [application<dev.selfhost.firstActivationProbe>:50220] with taskState 4
Aug 27 20:34:07.587081 SpringBoard(RunningBoardServices)[47602] <Info>: Update skipped for [application<dev.selfhost.firstActivationProbe>:50220] with state: <RBSProcessState| task:running-active debug:none endowments:[
Aug 27 20:34:07.587227 Runner(CoreFoundation)[50220] <Debug>: Resource lookup at <private>
Aug 27 20:34:07.587564 runningboardd(RunningBoard)[33] <Debug>: Decrementing suppression state to 0 for application<dev.selfhost.firstActivationProbe>
Aug 27 20:34:07.587636 runningboardd(RunningBoard)[33] <Debug>: END suppressing state updates for application<dev.selfhost.firstActivationProbe>
Aug 27 20:34:07.587683 runningboardd(RunningBoard)[33] <Debug>: Sending state update for application<dev.selfhost.firstActivationProbe>: <RBSProcessState| task:running-active debug:none terminationResistance:Interactive endowments:[
	<RBSProcessAssertionInfo| type:2 reason:10000 name:"Domain" domain:"com.apple.frontboard:Bootstrap-Foreground,com.apple.frontboard:Visibility" expl:"FBApplicationProcess">,
Aug 27 20:34:07.588033 mediaserverd(RunningBoardServices)[36] <Info>: Update skipped for [application<dev.selfhost.firstActivationProbe>:50220] with state: <RBSProcessState| task:running-active debug:none endowments:[
Aug 27 20:34:07.588081 mediaserverd(RunningBoardServices)[36] <Info>: Update skipped for [application<dev.selfhost.firstActivationProbe>:50220] with state: <RBSProcessState| task:running-active debug:none endowments:[
Aug 27 20:34:07.588116 SpringBoard(RunningBoardServices)[47602] <Info>: Update skipped for [application<dev.selfhost.firstActivationProbe>:50220] with state: <RBSProcessState| task:running-active debug:none endowments:[
Aug 27 20:34:07.588284 Runner(CoreFoundation)[50220] <Debug>: found no value for key UIScrollViewForceConvertSafeAreaToContentInsetPreference in CFPrefsSearchListSource<0x280c51a80> (Domain: dev.selfhost.firstActivationProbe, Container: (null))
Aug 27 20:34:07.589029 Runner(CoreFoundation)[50220] <Debug>: found no value for key UIBarsApplyChromelessEverywhere in CFPrefsSearchListSource<0x280c51a80> (Domain: dev.selfhost.firstActivationProbe, Container: (null))
Aug 27 20:34:07.589191 Runner(CoreFoundation)[50220] <Debug>: looked up value <private> for key AppleLanguages in CFPrefsPlistSource<0x280c50a00> (Domain: kCFPreferencesAnyApplication, User: kCFPreferencesCurrentUser, ByHost: No, Container: (null), Contents Need Refresh: No) via CFPrefsSearchListSource<0x280c51a80> (Domain: dev.selfhost.firstActivationProbe, Container: (null))
Aug 27 20:34:07.589326 Runner(Flutter)[50220] <Notice>: [ERROR:flutter/shell/common/shorebird/shorebird.cc(210)] ROUTEB: hook entered
Aug 27 20:34:07.589466 Runner(Flutter)[50220] <Notice>: [ERROR:flutter/shell/common/shorebird/shorebird.cc(210)] ROUTEB: parsed, targets=1, built-for=1db897c72e9c358db599a2d62fbb2a68
Aug 27 20:34:07.589603 Runner(Flutter)[50220] <Notice>: [ERROR:flutter/shell/common/shorebird/shorebird.cc(210)] ROUTEB: running=1db897c72e9c358db599a2d62fbb2a68
Aug 27 20:34:07.589698 Runner(Flutter)[50220] <Notice>: [ERROR:flutter/shell/common/shorebird/shorebird.cc(210)] ROUTEB: assert-pool-offset supplied=0xd4a8
Aug 27 20:34:07.590396 Runner(Flutter)[50220] <Notice>: ROUTEB: activated activationState in package:first_activation_probe/main.dart before main
Aug 27 20:34:07.590499 Runner(Flutter)[50220] <Notice>: [ERROR:flutter/shell/common/shorebird/shorebird.cc(210)] ROUTEB: applied 1/1 targets, entering main
Aug 27 20:34:07.590862 cfprefsd(CoreFoundation)[91] <Debug>: Process 50220 (Runner) sent a request related to { com.apple.Metal, user: kCFPreferencesAnyUser, kCFPreferencesCurrentHost, /var/preferences/com.apple.Metal.plist, managed: 0 } (0x1003679d0)
Aug 27 20:34:07.591050 SpringBoard(SpringBoardServices)[47602] <Debug>: [SBMig] Runner:50220 calling _SBXXDeactivateReachability (msgID 100052) --> implemented by SpringBoard.
Aug 27 20:34:07.591881 Runner(CoreFoundation)[50220] <Debug>: found no value for key UseSingleSystemColor in CFPrefsSearchListSource<0x280c55500> (Domain: com.apple.Accessibility, Container: (null))
Aug 27 20:34:07.591965 Runner(libAccessibility.dylib)[50220] <Debug>: CF Read: domain = com.apple.Accessibility, preference = UseSingleSystemColor, appID = (null) result = (null) (-1 - empty, 0 - false, 1 - true)
Aug 27 20:34:07.592058 Runner(CoreFoundation)[50220] <Debug>: found no value for key UseSingleSystemColor in CFPrefsPlistSource<0x280c55a00> (Domain: com.apple.Accessibility, User: kCFPreferencesCurrentUser, ByHost: No, Container: (null), Contents Need Refresh: No)
Aug 27 20:34:07.592144 Runner(CoreFoundation)[50220] <Debug>: found no value for key UIViewLocalizeOverrideLayoutEngine in CFPrefsSearchListSource<0x280c51a80> (Domain: dev.selfhost.firstActivationProbe, Container: (null))
Aug 27 20:34:07.592222 Runner(CoreFoundation)[50220] <Debug>: found no value for key NSPreTigerAttributedStringHash in CFPrefsSearchListSource<0x280c51a80> (Domain: dev.selfhost.firstActivationProbe, Container: (null))
Aug 27 20:34:07.592305 Runner(CoreFoundation)[50220] <Debug>: looked up value <private> for key AppleLanguages in CFPrefsPlistSource<0x280c50a00> (Domain: kCFPreferencesAnyApplication, User: kCFPreferencesCurrentUser, ByHost: No, Container: (null), Contents Need Refresh: No) via CFPrefsSearchListSource<0x280c51a80> (Domain: dev.selfhost.firstActivationProbe, Container: (null))
Aug 27 20:34:07.592386 Runner(CoreFoundation)[50220] <Debug>: looked up value <private> for key AppleLanguages in CFPrefsPlistSource<0x280c50a00> (Domain: kCFPreferencesAnyApplication, User: kCFPreferencesCurrentUser, ByHost: No, Container: (null), Contents Need Refresh: No) via CFPrefsSearchListSource<0x280c51a80> (Domain: dev.selfhost.firstActivationProbe, Container: (null))
Aug 27 20:34:07.592440 Runner(CoreFoundation)[50220] <Debug>: Resource lookup at <private>
Aug 27 20:34:07.592490 Runner(CoreFoundation)[50220] <Debug>: found no value for key NSConstraintBasedLayoutDebug in CFPrefsSearchListSource<0x280c51a80> (Domain: dev.selfhost.firstActivationProbe, Container: (null))
Aug 27 20:34:07.592607 Runner(CoreFoundation)[50220] <Debug>: found no value for key NSConstraintBasedLayoutAllowUnoptimizedReads in CFPrefsSearchListSource<0x280c51a80> (Domain: dev.selfhost.firstActivationProbe, Container: (null))
Aug 27 20:34:07.592676 Runner(CoreFoundation)[50220] <Debug>: found no value for key NSConstraintBasedLayoutDebugEngineConsistency in CFPrefsSearchListSource<0x280c51a80> (Domain: dev.selfhost.firstActivationProbe, Container: (null))
Aug 27 20:34:07.592741 Runner(CoreFoundation)[50220] <Debug>: found no value for key NSConstraintBasedLayoutVariableChangeTransactions in CFPrefsSearchListSource<0x280c51a80> (Domain: dev.selfhost.firstActivationProbe, Container: (null))
Aug 27 20:34:07.592809 Runner(CoreFoundation)[50220] <Debug>: found no value for key NSConstraintBasedLayoutDeferOptimization in CFPrefsSearchListSource<0x280c51a80> (Domain: dev.selfhost.firstActivationProbe, Container: (null))
Aug 27 20:34:07.592889 Runner(CoreFoundation)[50220] <Debug>: found no value for key UIViewControllerDetachedInheritsContentOverlayInsetsFromSuperview in CFPrefsSearchListSource<0x280c51a80> (Domain: dev.selfhost.firstActivationProbe, Container: (null))
Aug 27 20:34:07.592966 Runner(CoreFoundation)[50220] <Debug>: found no value for key ModernContentOverlayInsetsPropagation in CFPrefsSearchListSource<0x280c51a80> (Domain: dev.selfhost.firstActivationProbe, Container: (null))
Aug 27 20:34:07.593429 SpringBoard(FrontBoard)[47602] <Info>: [sceneID:dev.selfhost.firstActivationProbe-default] Client settings updated with diff: <private>
Aug 27 20:34:07.593483 SpringBoard(FrontBoard)[47602] <Info>: [sceneID:dev.selfhost.firstActivationProbe-default] didUpdateClientSettingsWithDiff: <private>
Aug 27 20:34:07.593583 SpringBoard(FrontBoard)[47602] <Debug>: [FBSceneManager] PENDING:   <BSEventQueueEvent: 0x281d1ec00; handleDidUpdateClientSettings-sceneID:dev.selfhost.firstActivationProbe-default(2)> @ back
Aug 27 20:34:07.593619 SpringBoard(FrontBoard)[47602] <Debug>: [FBSceneManager] EXECUTING: <BSEventQueueEvent: 0x281d1ec00; handleDidUpdateClientSettings-sceneID:dev.selfhost.firstActivationProbe-default(2)>
Aug 27 20:34:07.593754 SpringBoard(FrontBoard)[47602] <Debug>: [FBSceneManager] PENDING:   <BSEventQueueEvent: 0x281d1e4a0; didUpdateClientSettings-sceneID:dev.selfhost.firstActivationProbe-default(2)> @ back
Aug 27 20:34:07.593790 SpringBoard(FrontBoard)[47602] <Debug>: [FBSceneManager] PENDING:   <BSEventQueueEvent: 0x281d19060; didUpdateClientSettingsCompletion-sceneID:dev.selfhost.firstActivationProbe-default(2)> @ back
Aug 27 20:34:07.593994 SpringBoard(FrontBoard)[47602] <Debug>: [FBSceneManager] EXECUTING: <BSEventQueueEvent: 0x281d1e4a0; didUpdateClientSettings-sceneID:dev.selfhost.firstActivationProbe-default(2)>
Aug 27 20:34:07.594065 SpringBoard(FrontBoard)[47602] <Info>: [sceneID:dev.selfhost.firstActivationProbe-default] Client settings updated with diff: <private>
Aug 27 20:34:07.594125 SpringBoard(FrontBoard)[47602] <Debug>: [FBSceneManager] PENDING:   <BSEventQueueEvent: 0x281d04ba0; didUpdateClientSettings-sceneID:dev.selfhost.firstActivationProbe-default(2)> @ front
Aug 27 20:34:07.594287 SpringBoard(FrontBoard)[47602] <Debug>: [FBSceneManager] EXECUTING: <BSEventQueueEvent: 0x281d04ba0; didUpdateClientSettings-sceneID:dev.selfhost.firstActivationProbe-default(2)>
Aug 27 20:34:07.594369 SpringBoard(FrontBoard)[47602] <Info>: [sceneID:dev.selfhost.firstActivationProbe-default] Client settings updated with diff: <private>
Aug 27 20:34:07.594453 SpringBoard(FrontBoard)[47602] <Info>: [sceneID:dev.selfhost.firstActivationProbe-default] Client settings updated with diff: <private>
Aug 27 20:34:07.594540 SpringBoard(FrontBoard)[47602] <Debug>: [FBSceneManager] EXECUTING: <BSEventQueueEvent: 0x281d19060; didUpdateClientSettingsCompletion-sceneID:dev.selfhost.firstActivationProbe-default(2)>
Aug 27 20:34:07.594838 SpringBoard(FrontBoard)[47602] <Info>: [sceneID:dev.selfhost.firstActivationProbe-default] didUpdateClientSettingsWithDiff: (null)
Aug 27 20:34:07.594876 SpringBoard(FrontBoard)[47602] <Debug>: [FBSceneManager] PENDING:   <BSEventQueueEvent: 0x281c04ac0; handleDidUpdateClientSettings-sceneID:dev.selfhost.firstActivationProbe-default(2)> @ back
Aug 27 20:34:07.594910 SpringBoard(FrontBoard)[47602] <Debug>: [FBSceneManager] EXECUTING: <BSEventQueueEvent: 0x281c04ac0; handleDidUpdateClientSettings-sceneID:dev.selfhost.firstActivationProbe-default(2)>
Aug 27 20:34:07.595012 SpringBoard(FrontBoard)[47602] <Debug>: [FBSceneManager] PENDING:   <BSEventQueueEvent: 0x281c05a80; didUpdateClientSettings-sceneID:dev.selfhost.firstActivationProbe-default(2)> @ back
Aug 27 20:34:07.595046 SpringBoard(FrontBoard)[47602] <Debug>: [FBSceneManager] PENDING:   <BSEventQueueEvent: 0x281c04b20; didUpdateClientSettingsCompletion-sceneID:dev.selfhost.firstActivationProbe-default(2)> @ back
Aug 27 20:34:07.595228 backboardd(BackBoardHIDEventFoundation)[65] <Notice>: new deferring rules for pid:50220: [<environment: keyboardFocus; display: builtin; token: com.apple.frontboard.systemappservices::sceneID%3Adev.selfhost.firstActivationProbe-default> -> <pid: 50220; token: 0x6EF745BC> reason: "1-deferDiscrete: UIWindowScene: 0x151e1afe0: Begin event deferring in keyboardFocus for window: 0x151d21530"]
Aug 27 20:34:07.595298 SpringBoard(FrontBoard)[47602] <Debug>: [FBSceneManager] EXECUTING: <BSEventQueueEvent: 0x281c05a80; didUpdateClientSettings-sceneID:dev.selfhost.firstActivationProbe-default(2)>
Aug 27 20:34:07.595375 SpringBoard(FrontBoard)[47602] <Debug>: [FBSceneManager] PENDING:   <BSEventQueueEvent: 0x281c05620; didUpdateClientSettings-sceneID:dev.selfhost.firstActivationProbe-default(2)> @ front
Aug 27 20:34:07.595444 SpringBoard(FrontBoard)[47602] <Debug>: [FBSceneManager] EXECUTING: <BSEventQueueEvent: 0x281c05620; didUpdateClientSettings-sceneID:dev.selfhost.firstActivationProbe-default(2)>
Aug 27 20:34:07.596264 SpringBoard(FrontBoard)[47602] <Debug>: [FBSceneManager] EXECUTING: <BSEventQueueEvent: 0x281c04b20; didUpdateClientSettingsCompletion-sceneID:dev.selfhost.firstActivationProbe-default(2)>
Aug 27 20:34:07.597318 SpringBoard(FrontBoard)[47602] <Info>: [sceneID:dev.selfhost.firstActivationProbe-default] didUpdateClientSettingsWithDiff: <private>
Aug 27 20:34:07.597508 SpringBoard(FrontBoard)[47602] <Debug>: [FBSceneManager] PENDING:   <BSEventQueueEvent: 0x281d1be20; handleDidUpdateClientSettings-sceneID:dev.selfhost.firstActivationProbe-default(2)> @ back
Aug 27 20:34:07.597659 SpringBoard(FrontBoard)[47602] <Debug>: [FBSceneManager] EXECUTING: <BSEventQueueEvent: 0x281d1be20; handleDidUpdateClientSettings-sceneID:dev.selfhost.firstActivationProbe-default(2)>
Aug 27 20:34:07.597979 SpringBoard(FrontBoard)[47602] <Debug>: [FBSceneManager] PENDING:   <BSEventQueueEvent: 0x281d1e4a0; didUpdateClientSettings-sceneID:dev.selfhost.firstActivationProbe-default(2)> @ back
Aug 27 20:34:07.598348 SpringBoard(FrontBoard)[47602] <Debug>: [FBSceneManager] PENDING:   <BSEventQueueEvent: 0x281d05420; didUpdateClientSettingsCompletion-sceneID:dev.selfhost.firstActivationProbe-default(2)> @ back
Aug 27 20:34:07.599686 SpringBoard(FrontBoard)[47602] <Debug>: [FBSceneManager] EXECUTING: <BSEventQueueEvent: 0x281d1e4a0; didUpdateClientSettings-sceneID:dev.selfhost.firstActivationProbe-default(2)>
Aug 27 20:34:07.599750 SpringBoard(FrontBoard)[47602] <Debug>: [FBSceneManager] PENDING:   <BSEventQueueEvent: 0x281d19060; didUpdateClientSettings-sceneID:dev.selfhost.firstActivationProbe-default(2)> @ front
Aug 27 20:34:07.600178 SpringBoard(FrontBoard)[47602] <Debug>: [FBSceneManager] EXECUTING: <BSEventQueueEvent: 0x281d19060; didUpdateClientSettings-sceneID:dev.selfhost.firstActivationProbe-default(2)>
Aug 27 20:34:07.600951 SpringBoard(FrontBoard)[47602] <Debug>: [FBSceneManager] EXECUTING: <BSEventQueueEvent: 0x281d05420; didUpdateClientSettingsCompletion-sceneID:dev.selfhost.firstActivationProbe-default(2)>
Aug 27 20:34:07.601305 SpringBoard(FrontBoard)[47602] <Info>: [sceneID:dev.selfhost.firstActivationProbe-default] didUpdateClientSettingsWithDiff: <private>
Aug 27 20:34:07.601481 SpringBoard(FrontBoard)[47602] <Debug>: [FBSceneManager] PENDING:   <BSEventQueueEvent: 0x281c06e80; handleDidUpdateClientSettings-sceneID:dev.selfhost.firstActivationProbe-default(2)> @ back
Aug 27 20:34:07.601515 SpringBoard(FrontBoard)[47602] <Debug>: [FBSceneManager] EXECUTING: <BSEventQueueEvent: 0x281c06e80; handleDidUpdateClientSettings-sceneID:dev.selfhost.firstActivationProbe-default(2)>
Aug 27 20:34:07.601725 SpringBoard(FrontBoard)[47602] <Debug>: [FBSceneManager] PENDING:   <BSEventQueueEvent: 0x281d03cc0; didUpdateClientSettings-sceneID:dev.selfhost.firstActivationProbe-default(2)> @ back
Aug 27 20:34:07.601962 SpringBoard(FrontBoard)[47602] <Debug>: [FBSceneManager] PENDING:   <BSEventQueueEvent: 0x281d1ddc0; didUpdateClientSettingsCompletion-sceneID:dev.selfhost.firstActivationProbe-default(2)> @ back
Aug 27 20:34:07.602372 SpringBoard(FrontBoard)[47602] <Debug>: [FBSceneManager] EXECUTING: <BSEventQueueEvent: 0x281d03cc0; didUpdateClientSettings-sceneID:dev.selfhost.firstActivationProbe-default(2)>
Aug 27 20:34:07.602491 SpringBoard(FrontBoard)[47602] <Debug>: [FBSceneManager] PENDING:   <BSEventQueueEvent: 0x281d1e660; didUpdateClientSettings-sceneID:dev.selfhost.firstActivationProbe-default(2)> @ front
Aug 27 20:34:07.603315 SpringBoard(FrontBoard)[47602] <Debug>: [FBSceneManager] EXECUTING: <BSEventQueueEvent: 0x281d1e660; didUpdateClientSettings-sceneID:dev.selfhost.firstActivationProbe-default(2)>
Aug 27 20:34:07.604097 SpringBoard(FrontBoard)[47602] <Debug>: [FBSceneManager] EXECUTING: <BSEventQueueEvent: 0x281d1ddc0; didUpdateClientSettingsCompletion-sceneID:dev.selfhost.firstActivationProbe-default(2)>
Aug 27 20:34:07.606092 SpringBoard(FrontBoard)[47602] <Info>: [sceneID:dev.selfhost.firstActivationProbe-default] didUpdateClientSettingsWithDiff: <private>
Aug 27 20:34:07.606179 SpringBoard(FrontBoard)[47602] <Debug>: [FBSceneManager] PENDING:   <BSEventQueueEvent: 0x281c05060; handleDidUpdateClientSettings-sceneID:dev.selfhost.firstActivationProbe-default(2)> @ back
Aug 27 20:34:07.606257 SpringBoard(FrontBoard)[47602] <Debug>: [FBSceneManager] EXECUTING: <BSEventQueueEvent: 0x281c05060; handleDidUpdateClientSettings-sceneID:dev.selfhost.firstActivationProbe-default(2)>
Aug 27 20:34:07.606998 SpringBoard(FrontBoard)[47602] <Debug>: [FBSceneManager] PENDING:   <BSEventQueueEvent: 0x281c05540; didUpdateClientSettings-sceneID:dev.selfhost.firstActivationProbe-default(2)> @ back
Aug 27 20:34:07.607166 SpringBoard(FrontBoard)[47602] <Debug>: [FBSceneManager] PENDING:   <BSEventQueueEvent: 0x281d1ddc0; didUpdateClientSettingsCompletion-sceneID:dev.selfhost.firstActivationProbe-default(2)> @ back
Aug 27 20:34:07.608135 SpringBoard(FrontBoard)[47602] <Debug>: [FBSceneManager] EXECUTING: <BSEventQueueEvent: 0x281c05540; didUpdateClientSettings-sceneID:dev.selfhost.firstActivationProbe-default(2)>
Aug 27 20:34:07.608261 SpringBoard(FrontBoard)[47602] <Debug>: [FBSceneManager] PENDING:   <BSEventQueueEvent: 0x281c07060; didUpdateClientSettings-sceneID:dev.selfhost.firstActivationProbe-default(2)> @ front
Aug 27 20:34:07.608348 SpringBoard(FrontBoard)[47602] <Debug>: [FBSceneManager] EXECUTING: <BSEventQueueEvent: 0x281c07060; didUpdateClientSettings-sceneID:dev.selfhost.firstActivationProbe-default(2)>
Aug 27 20:34:07.609138 Runner(CoreFoundation)[50220] <Debug>: found no value for key LogStatusBar in CFPrefsSearchListSource<0x280c50800> (Domain: com.apple.UIKit, Container: (null))
Aug 27 20:34:07.609182 Runner(UIKitCore)[50220] <Notice>: Key window API is scene-level: YES
Aug 27 20:34:07.609254 Runner(UIKitCore)[50220] <Notice>: UIWindowScene: 0x151e1afe0: Window became key in scene: UIWindow: 0x151d21530; contextId: 0x6EF745BC: reason: UIWindowScene: 0x151e1afe0: Window requested to become key in scene: 0x151d21530
Aug 27 20:34:07.609302 Runner(UIKitCore)[50220] <Notice>: Key window needs update: 1; currentKeyWindowScene: 0x0; evaluatedKeyWindowScene: 0x151e1afe0; currentApplicationKeyWindow: 0x0; evaluatedApplicationKeyWindow: 0x151d21530; reason: UIWindowScene: 0x151e1afe0: Window requested to become key in scene: 0x151d21530
Aug 27 20:34:07.609356 Runner(UIKitCore)[50220] <Notice>: Window did become application key: UIWindow: 0x151d21530; contextId: 0x6EF745BC; scene identity: com.apple.frontboard.systemappservices::sceneID%3Adev.selfhost.firstActivationProbe-default
Aug 27 20:34:07.609414 Runner(UIKitCore)[50220] <Notice>: [0x280951c00] Begin local event deferring requested for token: 0x280147750; environments: 1; reason: UIWindowScene: 0x151e1afe0: Begin event deferring in keyboardFocus for window: 0x151d21530
Aug 27 20:34:07.609466 Runner(CoreFoundation)[50220] <Debug>: found no value for key LogKeyboardFocus in CFPrefsSearchListSource<0x280c50800> (Domain: com.apple.UIKit, Container: (null))
Aug 27 20:34:07.609538 Runner(CoreFoundation)[50220] <Debug>: Resource lookup at <private>
Aug 27 20:34:07.609583 Runner(CoreFoundation)[50220] <Debug>: Resource lookup at <private>
Aug 27 20:34:07.609618 Runner(CoreFoundation)[50220] <Debug>: Resource lookup at <private>
Aug 27 20:34:07.609654 Runner(CoreFoundation)[50220] <Debug>: found no value for key NSConstraintBasedLayoutLogPivotCounts in CFPrefsSearchListSource<0x280c51a80> (Domain: dev.selfhost.firstActivationProbe, Container: (null))
Aug 27 20:34:07.609690 Runner(CoreFoundation)[50220] <Debug>: Resource lookup at <private>
Aug 27 20:34:07.609765 Runner(CoreFoundation)[50220] <Debug>: found no value for key NSConstraintBasedLayoutTrackDirtyObservables in CFPrefsSearchListSource<0x280c51a80> (Domain: dev.selfhost.firstActivationProbe, Container: (null))
Aug 27 20:34:07.609817 Runner(CoreFoundation)[50220] <Debug>: found no value for key LogAppLifecycle in CFPrefsSearchListSource<0x280c50800> (Domain: com.apple.UIKit, Container: (null))
Aug 27 20:34:07.610234 Runner(UIKitCore)[50220] <Notice>: sceneOfRecord: sceneID: sceneID:dev.selfhost.firstActivationProbe-default  persistentID: 38A6B0E8-D18B-43CA-916F-1BCC03B36967
Aug 27 20:34:07.610276 Runner(UIKitCore)[50220] <Notice>: Ignoring already applied deactivation reason: 5; deactivation reasons: 2080
Aug 27 20:34:07.610311 Runner(UIKitCore)[50220] <Debug>: Setting device orientation to 1 and sending notification.
Aug 27 20:34:07.610366 Runner(UIKitCore)[50220] <Notice>: Deactivation reason added: 12; deactivation reasons: 2080 -> 6176; animating application lifecycle event: 1
Aug 27 20:34:07.610423 Runner(CoreFoundation)[50220] <Debug>: Resource lookup at <private>
Aug 27 20:34:07.610521 Runner(UIKitCore)[50220] <Notice>: Deactivation reason removed: 11; deactivation reasons: 6176 -> 4128; animating application lifecycle event: 1
Aug 27 20:34:07.610603 SpringBoard(FrontBoard)[47602] <Debug>: [FBSceneManager] EXECUTING: <BSEventQueueEvent: 0x281d1ddc0; didUpdateClientSettingsCompletion-sceneID:dev.selfhost.firstActivationProbe-default(2)>
Aug 27 20:34:07.611216 SpringBoard(FrontBoard)[47602] <Info>: [sceneID:dev.selfhost.firstActivationProbe-default] Client settings updated with diff: <private>
Aug 27 20:34:07.611281 SpringBoard(FrontBoard)[47602] <Info>: [sceneID:dev.selfhost.firstActivationProbe-default] didUpdateClientSettingsWithDiff: <private>
Aug 27 20:34:07.611356 SpringBoard(FrontBoard)[47602] <Debug>: [FBSceneManager] PENDING:   <BSEventQueueEvent: 0x281c04ac0; handleDidUpdateClientSettings-sceneID:dev.selfhost.firstActivationProbe-default(2)> @ back
Aug 27 20:34:07.611454 SpringBoard(FrontBoard)[47602] <Notice>: [sceneID:dev.selfhost.firstActivationProbe-default] Scene action [Logical Activate][0xd79b] completed with success: 1
Aug 27 20:34:07.611530 SpringBoard(FrontBoard)[47602] <Debug>: [FBSceneManager] EXECUTING: <BSEventQueueEvent: 0x281c04ac0; handleDidUpdateClientSettings-sceneID:dev.selfhost.firstActivationProbe-default(2)>
Aug 27 20:34:07.611588 SpringBoard(FrontBoardServices)[47602] <Info>: [application<dev.selfhost.firstActivationProbe>:50220] [realTime] Stopped monitoring.
Aug 27 20:34:07.611686 SpringBoard(FrontBoardServices)[47602] <Debug>: [application<dev.selfhost.firstActivationProbe>:50220] [realTime] Updated resource consumption: 0.110s (0.55%)
Aug 27 20:34:07.611762 SpringBoard(FrontBoardServices)[47602] <Debug>: [application<dev.selfhost.firstActivationProbe>:50220] Invalidating <FBProcessWatchdog: 0x283e968a0; name: scene-create; time: 20.00s>
Aug 27 20:34:07.611815 SpringBoard(FrontBoardServices)[47602] <Debug>: [application<dev.selfhost.firstActivationProbe>:50220] [realTime] Invalidated
Aug 27 20:34:07.612016 SpringBoard(FrontBoard)[47602] <Debug>: [FBSceneManager] PENDING:   <BSEventQueueEvent: 0x281c04500; didUpdateClientSettings-sceneID:dev.selfhost.firstActivationProbe-default(2)> @ back
Aug 27 20:34:07.612085 SpringBoard(FrontBoard)[47602] <Debug>: [FBSceneManager] PENDING:   <BSEventQueueEvent: 0x281c04e20; didUpdateClientSettingsCompletion-sceneID:dev.selfhost.firstActivationProbe-default(2)> @ back
Aug 27 20:34:07.612233 Runner(CoreFoundation)[50220] <Debug>: found no value for key CAEnableDeepFramebuffer in CFPrefsSearchListSource<0x280c51a80> (Domain: dev.selfhost.firstActivationProbe, Container: (null))
Aug 27 20:34:07.612470 Runner(AggregateDictionary)[50220] <Notice>: AggregateDictionary is deprecated and will be removed in this release. Please migrate to Core Analytics.
Aug 27 20:34:07.612636 SpringBoard(FrontBoard)[47602] <Debug>: [FBSceneManager] EXECUTING: <BSEventQueueEvent: 0x281c04500; didUpdateClientSettings-sceneID:dev.selfhost.firstActivationProbe-default(2)>
Aug 27 20:34:07.612672 SpringBoard(FrontBoard)[47602] <Debug>: [FBSceneManager] PENDING:   <BSEventQueueEvent: 0x281c058e0; didUpdateClientSettings-sceneID:dev.selfhost.firstActivationProbe-default(2)> @ front
Aug 27 20:34:07.612706 SpringBoard(FrontBoard)[47602] <Debug>: [FBSceneManager] EXECUTING: <BSEventQueueEvent: 0x281c058e0; didUpdateClientSettings-sceneID:dev.selfhost.firstActivationProbe-default(2)>
Aug 27 20:34:07.612925 SpringBoard(FrontBoard)[47602] <Debug>: [FBSceneManager] EXECUTING: <BSEventQueueEvent: 0x281c04e20; didUpdateClientSettingsCompletion-sceneID:dev.selfhost.firstActivationProbe-default(2)>
Aug 27 20:34:07.613341 SpringBoard(FrontBoard)[47602] <Notice>: [sceneID:dev.selfhost.firstActivationProbe-default] scene content state changed: ready
Aug 27 20:34:07.613416 SpringBoard(FrontBoard)[47602] <Debug>: [FBSceneManager] PENDING:   <BSEventQueueEvent: 0x281d7f160; contentStateDidChange-sceneID:dev.selfhost.firstActivationProbe-default(2)> @ back
Aug 27 20:34:07.613502 SpringBoard(FrontBoard)[47602] <Debug>: [FBSceneManager] EXECUTING: <BSEventQueueEvent: 0x281d7f160; contentStateDidChange-sceneID:dev.selfhost.firstActivationProbe-default(2)>
Aug 27 20:34:07.613587 SpringBoard(FrontBoard)[47602] <Debug>: [FBSceneManager] PENDING:   <BSEventQueueEvent: 0x281d4b200; contentStateDidChange-sceneID:dev.selfhost.firstActivationProbe-default(2)> @ front
Aug 27 20:34:07.613664 SpringBoard(FrontBoard)[47602] <Debug>: [FBSceneManager] EXECUTING: <BSEventQueueEvent: 0x281d4b200; contentStateDidChange-sceneID:dev.selfhost.firstActivationProbe-default(2)>
Aug 27 20:34:07.614028 SpringBoard(FrontBoard)[47602] <Info>: Client intercepting scene update for scene: sceneID:dev.selfhost.firstActivationProbe-default
Aug 27 20:34:07.614125 SpringBoard(FrontBoard)[47602] <Debug>: START SCENE MUTATION ------- sceneID:dev.selfhost.firstActivationProbe-default
Aug 27 20:34:07.614197 SpringBoard(FrontBoard)[47602] <Debug>: [FBSceneManager] PENDING:   <BSEventQueueEvent: 0x281d6a940; sceneUpdatePrepared-sceneID:dev.selfhost.firstActivationProbe-default(3)> @ back
Aug 27 20:34:07.614258 SpringBoard(FrontBoard)[47602] <Debug>: Executing pended events before sceneID:dev.selfhost.firstActivationProbe-default: (
Aug 27 20:34:07.614504 SpringBoard(KeyboardArbiter)[47602] <Debug>: [_UIKeyboardArbiter] Received new connection [<_UIKeyboardArbiterHandle: 0x282a49c30; PID 50220: dev.selfhost.firstActivationProbe <(null)>; hosting PIDs {(
Aug 27 20:34:07.614601 SpringBoard(FrontBoard)[47602] <Debug>: [FBSceneManager] PENDING:   <BSEventQueueEvent: 0x281c04c00; applySettings-sceneID:dev.selfhost.firstActivationProbe-default(3)> @ back
Aug 27 20:34:07.614689 SpringBoard(FrontBoard)[47602] <Debug>: Flushing all events for sceneID:dev.selfhost.firstActivationProbe-default
Aug 27 20:34:07.614858 SpringBoard(FrontBoard)[47602] <Debug>: [FBSceneManager] EXECUTING: <BSEventQueueEvent: 0x281d6a940; sceneUpdatePrepared-sceneID:dev.selfhost.firstActivationProbe-default(3)>
Aug 27 20:34:07.614918 SpringBoard(FrontBoard)[47602] <Debug>: [FBSceneManager] PENDING:   <BSEventQueueEvent: 0x281c05620; sceneUpdatePrepared-sceneID:dev.selfhost.firstActivationProbe-default(3)> @ front
Aug 27 20:34:07.614973 SpringBoard(FrontBoard)[47602] <Debug>: [FBSceneManager] EXECUTING: <BSEventQueueEvent: 0x281c05620; sceneUpdatePrepared-sceneID:dev.selfhost.firstActivationProbe-default(3)>
Aug 27 20:34:07.615162 SpringBoard(FrontBoard)[47602] <Debug>: [FBSceneManager] EXECUTING: <BSEventQueueEvent: 0x281c04c00; applySettings-sceneID:dev.selfhost.firstActivationProbe-default(3)>
Aug 27 20:34:07.615236 SpringBoard(FrontBoard)[47602] <Debug>: [FBSceneManager] PENDING:   <BSEventQueueEvent: 0x281d33200; sceneUpdateApplied-sceneID:dev.selfhost.firstActivationProbe-default(3)> @ back
Aug 27 20:34:07.615293 SpringBoard(FrontBoard)[47602] <Debug>: [FBSceneManager] PENDING:   <BSEventQueueEvent: 0x281d08940; sceneMutationCompletion-sceneID:dev.selfhost.firstActivationProbe-default(3)> @ back
Aug 27 20:34:07.615371 SpringBoard(FrontBoard)[47602] <Debug>: [FBSceneManager] EXECUTING: <BSEventQueueEvent: 0x281d33200; sceneUpdateApplied-sceneID:dev.selfhost.firstActivationProbe-default(3)>
Aug 27 20:34:07.615430 SpringBoard(FrontBoard)[47602] <Info>: [sceneID:dev.selfhost.firstActivationProbe-default] Sending scene action [Forward Event][0x9fad] to process 0x10a14de30 (watchdog: none)
Aug 27 20:34:07.615475 SpringBoard(FrontBoard)[47602] <Debug>: [FBSceneManager] PENDING:   <BSEventQueueEvent: 0x281c04c00; sceneUpdateApplied-sceneID:dev.selfhost.firstActivationProbe-default(3)> @ front
Aug 27 20:34:07.615508 SpringBoard(FrontBoard)[47602] <Debug>: [FBSceneManager] EXECUTING: <BSEventQueueEvent: 0x281c04c00; sceneUpdateApplied-sceneID:dev.selfhost.firstActivationProbe-default(3)>
Aug 27 20:34:07.615585 SpringBoard(RunningBoardServices)[47602] <Notice>: Updating configuration of monitor <RBSProcessMonitorConfiguration| id:M47602-8 qos:25 predicates:[<RBSProcessPredicate <RBSCompoundAllPredicate [<RBSCompoundAllPredicate [<RBSProcessEUIDPredicate 501>, <RBSProcessBKSLegacyPredicate>]>, <RBSProcessBundleIdentifierPredicate "com.apple.springboard">]>>, <RBSProcessPredicate <RBSCompoundAllPredicate [<RBSCompoundAllPredicate [<RBSProcessEUIDPredicate 501>, <RBSProcessBKSLegacyPredicate>]>, <RBSProcessBundleIdentifierPredicate "dev.selfhost.firstActivationProbe">]>>] descriptor:<RBSProcessStateDescriptor| values:9 namespaces:[com.apple.frontboard.visibility]> events:0x0>
Aug 27 20:34:07.615652 SpringBoard(FrontBoard)[47602] <Debug>: [FBSceneManager] EXECUTING: <BSEventQueueEvent: 0x281d08940; sceneMutationCompletion-sceneID:dev.selfhost.firstActivationProbe-default(3)>
Aug 27 20:34:07.615686 SpringBoard(FrontBoard)[47602] <Debug>: ---------- END SCENE MUTATION: sceneID:dev.selfhost.firstActivationProbe-default
Aug 27 20:34:07.615870 SpringBoard(KeyboardArbiter)[47602] <Debug>: [<_UIKeyboardArbiterHandle: 0x282a49c30; PID 50220: dev.selfhost.firstActivationProbe <(null)>; hosting PIDs {(
)}; level 0.000000; active NO [wants NO]; suppression 0; iav 0.000000; on screen NO>] startArbitrationWithExpectedState:sceneIdentity:hostingPIDs:usingFence:withSuppression:onConnected:: currentKeyboard: (null); sceneIdentity: com.apple.frontboard.systemappservices::sceneID%3Adev.selfhost.firstActivationProbe-default; pids: (
Aug 27 20:34:07.615906 SpringBoard(KeyboardArbiter)[47602] <Debug>: [_UIKeyboardArbiter] Handler requested focus: <_UIKeyboardArbiterHandle: 0x282a49c30; PID 50220: dev.selfhost.firstActivationProbe <com.apple.frontboard.systemappservices::sceneID%3Adev.selfhost.firstActivationProbe-default>; hosting PIDs {(
Aug 27 20:34:07.615954 SpringBoard(KeyboardArbiter)[47602] <Debug>: [_UIKeyboardArbiter] _focusRequestedHandle is now <_UIKeyboardArbiterHandle: 0x282a49c30; PID 50220: dev.selfhost.firstActivationProbe <com.apple.frontboard.systemappservices::sceneID%3Adev.selfhost.firstActivationProbe-default>; hosting PIDs {(
Aug 27 20:34:07.616027 SpringBoard(KeyboardArbiter)[47602] <Debug>: Advisor: Triggering reevaluation. Active PID: 50220, activeHandleID: com.apple.frontboard.systemappservices::sceneID%3Adev.selfhost.firstActivationProbe-default
Aug 27 20:34:07.616148 SpringBoard(KeyboardArbiter)[47602] <Debug>: Advisor: KeyboardFocus from _activeHandleForFocusEvaluation [<_UIKeyboardArbiterHandle: 0x282a49c30; PID 50220: dev.selfhost.firstActivationProbe <com.apple.frontboard.systemappservices::sceneID%3Adev.selfhost.firstActivationProbe-default>; hosting PIDs {(
Aug 27 20:34:07.616339 SpringBoard[47602] <Notice>: advisor: gen:225 arbiter spec pid 50220 / com.apple.frontboard.systemappservices::sceneID%3Adev.selfhost.firstActivationProbe-default
Aug 27 20:34:07.616770 SpringBoard(KeyboardArbiter)[47602] <Debug>: Advisor: Deliberation result: com.apple.frontboard.systemappservices::sceneID%3Adev.selfhost.firstActivationProbe-default
Aug 27 20:34:07.616986 SpringBoard(FrontBoard)[47602] <Debug>: [FBSceneManager] PENDING:   <BSEventQueueEvent: 0x281d1f660; updateComplete-sceneID:dev.selfhost.firstActivationProbe-default(3)> @ back
Aug 27 20:34:07.617068 SpringBoard(FrontBoard)[47602] <Debug>: [FBSceneManager] EXECUTING: <BSEventQueueEvent: 0x281d1f660; updateComplete-sceneID:dev.selfhost.firstActivationProbe-default(3)>
<SBSceneReadySwitcherModifierEvent: 0x281c1df00; type: SceneReady; appLayout: <SBAppLayout: 0x28087bb80; primary: dev.selfhost.firstActivationProbe:default; environment: main> {
            bundleIdentifier = dev.selfhost.firstActivationProbe;
            uniqueIdentifier = sceneID:dev.selfhost.firstActivationProbe-default;
Aug 27 20:34:07.618631 SpringBoard(FrontBoard)[47602] <Debug>: [FBSceneManager] PENDING:   <BSEventQueueEvent: 0x281c14ce0; sceneUpdateCompleted-sceneID:dev.selfhost.firstActivationProbe-default(3)> @ back
Aug 27 20:34:07.618721 SpringBoard(RunningBoardServices)[47602] <Info>: Acquiring assertion: <RBSAssertionDescriptor| "injecting inherited from "UIScene:com.apple.frontboard.systemappservices::com.apple.springboard" to 50220<UIScene:com.apple.frontboard.systemappservices::sceneID%3Adev.selfhost.firstActivationProbe-default>" ID:(null) target:50220<UIScene:com.apple.frontboard.systemappservices::sceneID%3Adev.selfhost.firstActivationProbe-default>>
Aug 27 20:34:07.618792 SpringBoard(FrontBoard)[47602] <Debug>: [FBSceneManager] EXECUTING: <BSEventQueueEvent: 0x281c14ce0; sceneUpdateCompleted-sceneID:dev.selfhost.firstActivationProbe-default(3)>
Aug 27 20:34:07.618878 SpringBoard(FrontBoard)[47602] <Debug>: [FBSceneManager] PENDING:   <BSEventQueueEvent: 0x281c14dc0; sceneUpdateCompleted-sceneID:dev.selfhost.firstActivationProbe-default(3)> @ front
Aug 27 20:34:07.619051 SpringBoard(FrontBoard)[47602] <Debug>: [FBSceneManager] EXECUTING: <BSEventQueueEvent: 0x281c14dc0; sceneUpdateCompleted-sceneID:dev.selfhost.firstActivationProbe-default(3)>
Aug 27 20:34:07.619387 SpringBoard[47602] <Notice>: advisor: target (from arbiter advice): <pid=50220 token=com.apple.frontboard.systemappservices::sceneID%3Adev.selfhost.firstActivationProbe-default>
Aug 27 20:34:07.619461 SpringBoard[47602] <Notice>: policy: input target:<pid=50220 token=com.apple.frontboard.systemappservices::sceneID%3Adev.selfhost.firstActivationProbe-default>
Aug 27 20:34:07.619537 SpringBoard[47602] <Notice>: rules: target changed from:(null) to <pid=50220 token=com.apple.frontboard.systemappservices::sceneID%3Adev.selfhost.firstActivationProbe-default>
Aug 27 20:34:07.619604 SpringBoard[47602] <Notice>: rules: defer (b4a8982e) -> <pid=50220 token=com.apple.frontboard.systemappservices::sceneID%3Adev.selfhost.firstActivationProbe-default>
    <environment: keyboardFocus; token: 0xB4A8982E> -> <pid: 50220; token: com.apple.frontboard.systemappservices::sceneID%3Adev.selfhost.firstActivationProbe-default> reason: "105-deferDiscrete: SpringBoard: outbound"
Aug 27 20:34:07.620768 backboardd(BackBoardHIDEventFoundation)[65] <Debug>:   SELECT: reject (doesn't match environment:keyboardFocus display:(null)) deferringRule:{<environment: keyboardFocus; token: 0xB4A8982E> -> <pid=50220 token=com.apple.frontboard.systemappservices::sceneID%3Adev.selfhost.firstActivationProbe-default> : 105-deferDiscrete: SpringBoard: outbound} (main)
Aug 27 20:34:07.622130 backboardd(BackBoardHIDEventFoundation)[65] <Debug>:   SELECT: reject (doesn't match environment:keyboardFocus display:builtin) deferringRule:{<environment: keyboardFocus; token: 0xB4A8982E> -> <pid=50220 token=com.apple.frontboard.systemappservices::sceneID%3Adev.selfhost.firstActivationProbe-default> : 105-deferDiscrete: SpringBoard: outbound} (main)
Aug 27 20:34:07.624306 backboardd(BackBoardHIDEventFoundation)[65] <Debug>:   SELECT: complete deferringRule:{<environment: keyboardFocus; token: 0xB4A8982E> -> <pid=50220 token=com.apple.frontboard.systemappservices::sceneID%3Adev.selfhost.firstActivationProbe-default> : 105-deferDiscrete: SpringBoard: outbound}
Aug 27 20:34:07.624493 backboardd(BackBoardHIDEventFoundation)[65] <Debug>:    RDC selected: {<environment: keyboardFocus; token: 0xB4A8982E> -> <pid=50220 token=com.apple.frontboard.systemappservices::sceneID%3Adev.selfhost.firstActivationProbe-default> : 105-deferDiscrete: SpringBoard: outbound}
Aug 27 20:34:07.624876 backboardd(BackBoardHIDEventFoundation)[65] <Debug>:   SELECT: complete deferringRule:{<environment: keyboardFocus; display: builtin; token: com.apple.frontboard.systemappservices::sceneID%3Adev.selfhost.firstActivationProbe-default> -> <pid=50220 token=6ef745bc> : 1-deferDiscrete: UIWindowScene: 0x151e1afe0: Begin event deferring in keyboardFocus for window: 0x151d21530}
Aug 27 20:34:07.625115 backboardd(BackBoardHIDEventFoundation)[65] <Debug>:    RDC selected: {<environment: keyboardFocus; display: builtin; token: com.apple.frontboard.systemappservices::sceneID%3Adev.selfhost.firstActivationProbe-default> -> <pid=50220 token=6ef745bc> : 1-deferDiscrete: UIWindowScene: 0x151e1afe0: Begin event deferring in keyboardFocus for window: 0x151d21530}
Aug 27 20:34:07.625802 backboardd(BackBoardHIDEventFoundation)[65] <Debug>:   SELECT: reject (doesn't match environment:system display:(null)) deferringRule:{<environment: keyboardFocus; token: 0xB4A8982E> -> <pid=50220 token=com.apple.frontboard.systemappservices::sceneID%3Adev.selfhost.firstActivationProbe-default> : 105-deferDiscrete: SpringBoard: outbound} (main)
Aug 27 20:34:07.626987 backboardd(BackBoardHIDEventFoundation)[65] <Debug>:   SELECT: reject (doesn't match environment:system display:(null)) deferringRule:{<environment: keyboardFocus; token: 0xB4A8982E> -> <pid=50220 token=com.apple.frontboard.systemappservices::sceneID%3Adev.selfhost.firstActivationProbe-default> : 105-deferDiscrete: SpringBoard: outbound} (main)
Aug 27 20:34:07.627893 backboardd(BackBoardHIDEventFoundation)[65] <Debug>:   SELECT: reject (doesn't match environment:system display:(null)) deferringRule:{<environment: keyboardFocus; token: 0xB4A8982E> -> <pid=50220 token=com.apple.frontboard.systemappservices::sceneID%3Adev.selfhost.firstActivationProbe-default> : 105-deferDiscrete: SpringBoard: outbound} (main)
Aug 27 20:34:07.628699 SpringBoard[47602] <Notice>: keyboardFocus environment target added to scene: sceneID:dev.selfhost.firstActivationProbe-default
Aug 27 20:34:07.628848 backboardd(BackBoardHIDEventFoundation)[65] <Debug>:   SELECT: reject (doesn't match environment:keyboardFocus display:(null)) deferringRule:{<environment: keyboardFocus; token: 0xB4A8982E> -> <pid=50220 token=com.apple.frontboard.systemappservices::sceneID%3Adev.selfhost.firstActivationProbe-default> : 105-deferDiscrete: SpringBoard: outbound} (main)
Aug 27 20:34:07.629812 SpringBoard(FrontBoard)[47602] <Info>: Client intercepting scene update for scene: sceneID:dev.selfhost.firstActivationProbe-default
Aug 27 20:34:07.629906 backboardd(BackBoardHIDEventFoundation)[65] <Debug>:   SELECT: reject (doesn't match environment:keyboardFocus display:builtin) deferringRule:{<environment: keyboardFocus; token: 0xB4A8982E> -> <pid=50220 token=com.apple.frontboard.systemappservices::sceneID%3Adev.selfhost.firstActivationProbe-default> : 105-deferDiscrete: SpringBoard: outbound} (main)
Aug 27 20:34:07.630249 SpringBoard(FrontBoard)[47602] <Debug>: START SCENE MUTATION ------- sceneID:dev.selfhost.firstActivationProbe-default
Aug 27 20:34:07.630310 SpringBoard(FrontBoard)[47602] <Debug>: [FBSceneManager] PENDING:   <BSEventQueueEvent: 0x281c11520; sceneUpdatePrepared-sceneID:dev.selfhost.firstActivationProbe-default(4)> @ back
Aug 27 20:34:07.630816 backboardd(BackBoardHIDEventFoundation)[65] <Debug>:   SELECT: complete deferringRule:{<environment: keyboardFocus; token: 0xB4A8982E> -> <pid=50220 token=com.apple.frontboard.systemappservices::sceneID%3Adev.selfhost.firstActivationProbe-default> : 105-deferDiscrete: SpringBoard: outbound}
Aug 27 20:34:07.630940 backboardd(BackBoardHIDEventFoundation)[65] <Debug>:    RDC selected: {<environment: keyboardFocus; token: 0xB4A8982E> -> <pid=50220 token=com.apple.frontboard.systemappservices::sceneID%3Adev.selfhost.firstActivationProbe-default> : 105-deferDiscrete: SpringBoard: outbound}
Aug 27 20:34:07.631245 backboardd(BackBoardHIDEventFoundation)[65] <Debug>:   SELECT: complete deferringRule:{<environment: keyboardFocus; display: builtin; token: com.apple.frontboard.systemappservices::sceneID%3Adev.selfhost.firstActivationProbe-default> -> <pid=50220 token=6ef745bc> : 1-deferDiscrete: UIWindowScene: 0x151e1afe0: Begin event deferring in keyboardFocus for window: 0x151d21530}
Aug 27 20:34:07.631321 backboardd(BackBoardHIDEventFoundation)[65] <Debug>:    RDC selected: {<environment: keyboardFocus; display: builtin; token: com.apple.frontboard.systemappservices::sceneID%3Adev.selfhost.firstActivationProbe-default> -> <pid=50220 token=6ef745bc> : 1-deferDiscrete: UIWindowScene: 0x151e1afe0: Begin event deferring in keyboardFocus for window: 0x151d21530}
Aug 27 20:34:07.631833 SpringBoard(FrontBoard)[47602] <Debug>: [FBSceneManager] PENDING:   <BSEventQueueEvent: 0x281c11ee0; applySettings-sceneID:dev.selfhost.firstActivationProbe-default(4)> @ back
Aug 27 20:34:07.631989 backboardd(BackBoardHIDEventFoundation)[65] <Debug>:   SELECT: reject (doesn't match environment:system display:(null)) deferringRule:{<environment: keyboardFocus; token: 0xB4A8982E> -> <pid=50220 token=com.apple.frontboard.systemappservices::sceneID%3Adev.selfhost.firstActivationProbe-default> : 105-deferDiscrete: SpringBoard: outbound} (main)
Aug 27 20:34:07.632515 SpringBoard(FrontBoard)[47602] <Debug>: Flushing all events for sceneID:dev.selfhost.firstActivationProbe-default
Aug 27 20:34:07.632550 SpringBoard(FrontBoard)[47602] <Debug>: [FBSceneManager] EXECUTING: <BSEventQueueEvent: 0x281c11520; sceneUpdatePrepared-sceneID:dev.selfhost.firstActivationProbe-default(4)>
Aug 27 20:34:07.632634 SpringBoard(FrontBoard)[47602] <Debug>: [FBSceneManager] PENDING:   <BSEventQueueEvent: 0x281c11880; sceneUpdatePrepared-sceneID:dev.selfhost.firstActivationProbe-default(4)> @ front
Aug 27 20:34:07.632691 SpringBoard(FrontBoard)[47602] <Debug>: [FBSceneManager] EXECUTING: <BSEventQueueEvent: 0x281c11880; sceneUpdatePrepared-sceneID:dev.selfhost.firstActivationProbe-default(4)>
Aug 27 20:34:07.633325 backboardd(BackBoardHIDEventFoundation)[65] <Debug>:   SELECT: reject (doesn't match environment:system display:(null)) deferringRule:{<environment: keyboardFocus; token: 0xB4A8982E> -> <pid=50220 token=com.apple.frontboard.systemappservices::sceneID%3Adev.selfhost.firstActivationProbe-default> : 105-deferDiscrete: SpringBoard: outbound} (main)
Aug 27 20:34:07.634121 SpringBoard(FrontBoard)[47602] <Debug>: [FBSceneManager] EXECUTING: <BSEventQueueEvent: 0x281c11ee0; applySettings-sceneID:dev.selfhost.firstActivationProbe-default(4)>
Aug 27 20:34:07.634202 SpringBoard(FrontBoard)[47602] <Debug>: [FBSceneManager] PENDING:   <BSEventQueueEvent: 0x281c67ba0; sceneUpdateApplied-sceneID:dev.selfhost.firstActivationProbe-default(4)> @ back
Aug 27 20:34:07.634265 SpringBoard(FrontBoard)[47602] <Debug>: [FBSceneManager] PENDING:   <BSEventQueueEvent: 0x281db8a60; sceneMutationCompletion-sceneID:dev.selfhost.firstActivationProbe-default(4)> @ back
Aug 27 20:34:07.634498 backboardd(BackBoardHIDEventFoundation)[65] <Debug>:   SELECT: reject (doesn't match environment:keyboardFocus display:builtin) deferringRule:{<environment: keyboardFocus; token: 0xB4A8982E> -> <pid=50220 token=com.apple.frontboard.systemappservices::sceneID%3Adev.selfhost.firstActivationProbe-default> : 105-deferDiscrete: SpringBoard: outbound} (main)
Aug 27 20:34:07.635070 SpringBoard(FrontBoard)[47602] <Debug>: [FBSceneManager] EXECUTING: <BSEventQueueEvent: 0x281c67ba0; sceneUpdateApplied-sceneID:dev.selfhost.firstActivationProbe-default(4)>
Aug 27 20:34:07.635316 SpringBoard(FrontBoard)[47602] <Debug>: [FBSceneManager] PENDING:   <BSEventQueueEvent: 0x281c67b40; sceneUpdateApplied-sceneID:dev.selfhost.firstActivationProbe-default(4)> @ front
Aug 27 20:34:07.635486 SpringBoard(FrontBoard)[47602] <Debug>: [FBSceneManager] EXECUTING: <BSEventQueueEvent: 0x281c67b40; sceneUpdateApplied-sceneID:dev.selfhost.firstActivationProbe-default(4)>
Aug 27 20:34:07.635541 backboardd(BackBoardHIDEventFoundation)[65] <Debug>:   SELECT: reject (doesn't match environment:keyboardFocus display:builtin) deferringRule:{<environment: keyboardFocus; token: 0xB4A8982E> -> <pid=50220 token=com.apple.frontboard.systemappservices::sceneID%3Adev.selfhost.firstActivationProbe-default> : 105-deferDiscrete: SpringBoard: outbound} (main)
Aug 27 20:34:07.635648 SpringBoard(FrontBoard)[47602] <Info>: [sceneID:dev.selfhost.firstActivationProbe-default] Sending scene action [Forward Event][0xb3ce] to process 0x10a14de30 (watchdog: none)
Aug 27 20:34:07.635779 SpringBoard(FrontBoard)[47602] <Debug>: [FBSceneManager] EXECUTING: <BSEventQueueEvent: 0x281db8a60; sceneMutationCompletion-sceneID:dev.selfhost.firstActivationProbe-default(4)>
Aug 27 20:34:07.635918 SpringBoard(FrontBoard)[47602] <Debug>: ---------- END SCENE MUTATION: sceneID:dev.selfhost.firstActivationProbe-default
Aug 27 20:34:07.636087 backboardd(BackBoardHIDEventFoundation)[65] <Debug>:   SELECT: complete deferringRule:{<environment: keyboardFocus; token: 0xB4A8982E> -> <pid=50220 token=com.apple.frontboard.systemappservices::sceneID%3Adev.selfhost.firstActivationProbe-default> : 105-deferDiscrete: SpringBoard: outbound}
Aug 27 20:34:07.636121 backboardd(BackBoardHIDEventFoundation)[65] <Debug>:    RDC selected: {<environment: keyboardFocus; token: 0xB4A8982E> -> <pid=50220 token=com.apple.frontboard.systemappservices::sceneID%3Adev.selfhost.firstActivationProbe-default> : 105-deferDiscrete: SpringBoard: outbound}
Aug 27 20:34:07.636264 backboardd(BackBoardHIDEventFoundation)[65] <Debug>:   SELECT: complete deferringRule:{<environment: keyboardFocus; display: builtin; token: com.apple.frontboard.systemappservices::sceneID%3Adev.selfhost.firstActivationProbe-default> -> <pid=50220 token=6ef745bc> : 1-deferDiscrete: UIWindowScene: 0x151e1afe0: Begin event deferring in keyboardFocus for window: 0x151d21530}
Aug 27 20:34:07.636299 backboardd(BackBoardHIDEventFoundation)[65] <Debug>:    RDC selected: {<environment: keyboardFocus; display: builtin; token: com.apple.frontboard.systemappservices::sceneID%3Adev.selfhost.firstActivationProbe-default> -> <pid=50220 token=6ef745bc> : 1-deferDiscrete: UIWindowScene: 0x151e1afe0: Begin event deferring in keyboardFocus for window: 0x151d21530}
Aug 27 20:34:07.636688 backboardd(BackBoardHIDEventFoundation)[65] <Debug>:   SELECT: reject (doesn't match environment:keyboardFocus display:null) deferringRule:{<environment: keyboardFocus; token: 0xB4A8982E> -> <pid=50220 token=com.apple.frontboard.systemappservices::sceneID%3Adev.selfhost.firstActivationProbe-default> : 105-deferDiscrete: SpringBoard: outbound} (main)
Aug 27 20:34:07.637056 backboardd(BackBoardHIDEventFoundation)[65] <Debug>:   SELECT: reject (doesn't match environment:keyboardFocus display:builtin) deferringRule:{<environment: keyboardFocus; token: 0xB4A8982E> -> <pid=50220 token=com.apple.frontboard.systemappservices::sceneID%3Adev.selfhost.firstActivationProbe-default> : 105-deferDiscrete: SpringBoard: outbound} (main)
Aug 27 20:34:07.637479 backboardd(BackBoardHIDEventFoundation)[65] <Debug>:   SELECT: complete deferringRule:{<environment: keyboardFocus; token: 0xB4A8982E> -> <pid=50220 token=com.apple.frontboard.systemappservices::sceneID%3Adev.selfhost.firstActivationProbe-default> : 105-deferDiscrete: SpringBoard: outbound}
Aug 27 20:34:07.637522 backboardd(BackBoardHIDEventFoundation)[65] <Debug>:    RDC selected: {<environment: keyboardFocus; token: 0xB4A8982E> -> <pid=50220 token=com.apple.frontboard.systemappservices::sceneID%3Adev.selfhost.firstActivationProbe-default> : 105-deferDiscrete: SpringBoard: outbound}
Aug 27 20:34:07.637711 backboardd(BackBoardHIDEventFoundation)[65] <Debug>:   SELECT: complete deferringRule:{<environment: keyboardFocus; display: builtin; token: com.apple.frontboard.systemappservices::sceneID%3Adev.selfhost.firstActivationProbe-default> -> <pid=50220 token=6ef745bc> : 1-deferDiscrete: UIWindowScene: 0x151e1afe0: Begin event deferring in keyboardFocus for window: 0x151d21530}
Aug 27 20:34:07.637746 backboardd(BackBoardHIDEventFoundation)[65] <Debug>:    RDC selected: {<environment: keyboardFocus; display: builtin; token: com.apple.frontboard.systemappservices::sceneID%3Adev.selfhost.firstActivationProbe-default> -> <pid=50220 token=6ef745bc> : 1-deferDiscrete: UIWindowScene: 0x151e1afe0: Begin event deferring in keyboardFocus for window: 0x151d21530}
Aug 27 20:34:07.647352 runningboardd(RunningBoard)[33] <Notice>: Acquiring assertion targeting [application<dev.selfhost.firstActivationProbe>:50220](UIScene:com.apple.frontboard.systemappservices::sceneID%3Adev.selfhost.firstActivationProbe-default) from originator [daemon<com.apple.SpringBoard>:47602] with description <RBSAssertionDescriptor| "injecting inherited from "UIScene:com.apple.frontboard.systemappservices::com.apple.springboard" to 50220<UIScene:com.apple.frontboard.systemappservices::sceneID%3Adev.selfhost.firstActivationProbe-default>" ID:33-47602-7439 target:50220<UIScene:com.apple.frontboard.systemappservices::sceneID%3Adev.selfhost.firstActivationProbe-default> attributes:[
Aug 27 20:34:07.647486 runningboardd(RunningBoard)[33] <Notice>: Assertion 33-47602-7439 (target:[application<dev.selfhost.firstActivationProbe>:50220](UIScene:com.apple.frontboard.systemappservices::sceneID%3Adev.selfhost.firstActivationProbe-default)) will be created as active
Aug 27 20:34:07.647593 runningboardd(RunningBoard)[33] <Debug>: Adding assertion 33-47602-7439 (target:[application<dev.selfhost.firstActivationProbe>:50220](UIScene:com.apple.frontboard.systemappservices::sceneID%3Adev.selfhost.firstActivationProbe-default))
Aug 27 20:34:07.647856 runningboardd(RunningBoard)[33] <Info>: application<dev.selfhost.firstActivationProbe> is now targeted by 5 assertions
Aug 27 20:34:07.648112 runningboardd(RunningBoard)[33] <Debug>: Updating events for assertion: 33-47602-7439 (target:[application<dev.selfhost.firstActivationProbe>:50220](UIScene:com.apple.frontboard.systemappservices::sceneID%3Adev.selfhost.firstActivationProbe-default))
Aug 27 20:34:07.648208 runningboardd(RunningBoard)[33] <Debug>: Removing events for context: 33-47602-7439 (target:[application<dev.selfhost.firstActivationProbe>:50220](UIScene:com.apple.frontboard.systemappservices::sceneID%3Adev.selfhost.firstActivationProbe-default))
Aug 27 20:34:07.648294 runningboardd(RunningBoard)[33] <Debug>: BEGIN suppressing state updates for application<dev.selfhost.firstActivationProbe>
Aug 27 20:34:07.648392 runningboardd(RunningBoard)[33] <Debug>: Incrementing suppression state to 1 for application<dev.selfhost.firstActivationProbe>
Aug 27 20:34:07.648497 runningboardd(RunningBoard)[33] <Info>: [application<dev.selfhost.firstActivationProbe>:50220] Applying updated state
Aug 27 20:34:07.648598 runningboardd(RunningBoard)[33] <Notice>: Calculated state for application<dev.selfhost.firstActivationProbe>: running-active (role: UserInteractiveFocal)
Aug 27 20:34:07.648708 backboardd(BackBoardHIDEventFoundation)[65] <Debug>:   SELECT: reject (doesn't match environment:cameraButton display:builtin) deferringRule:{<environment: keyboardFocus; token: 0xB4A8982E> -> <pid=50220 token=com.apple.frontboard.systemappservices::sceneID%3Adev.selfhost.firstActivationProbe-default> : 105-deferDiscrete: SpringBoard: outbound} (main)
Aug 27 20:34:07.649761 Runner(UIKitCore)[50220] <Notice>: sceneOfRecord: sceneID: sceneID:dev.selfhost.firstActivationProbe-default  persistentID: 38A6B0E8-D18B-43CA-916F-1BCC03B36967
Aug 27 20:34:07.649876 Runner(Flutter)[50220] <Notice>: [shorebird] Reporting successful launch.
Aug 27 20:34:07.650005 Runner(Flutter)[50220] <Notice>: [shorebird] Launch success for patch 1: prior_ambiguous_attempts=0 (recovery event suppressed: no prior ambiguity)
Aug 27 20:34:07.650136 Runner(UIKitCore)[50220] <Notice>: sceneOfRecord: sceneID: sceneID:dev.selfhost.firstActivationProbe-default  persistentID: 38A6B0E8-D18B-43CA-916F-1BCC03B36967
Aug 27 20:34:07.650285 Runner(CoreFoundation)[50220] <Debug>: looked up value <private> for key AppleLanguages in CFPrefsPlistSource<0x280c50a00> (Domain: kCFPreferencesAnyApplication, User: kCFPreferencesCurrentUser, ByHost: No, Container: (null), Contents Need Refresh: No) via CFPrefsSearchListSource<0x280c51a80> (Domain: dev.selfhost.firstActivationProbe, Container: (null))
Aug 27 20:34:07.651054 runningboardd(RunningBoard)[33] <Debug>: Enqueueing events for assertion: 33-47602-7439 (target:[application<dev.selfhost.firstActivationProbe>:50220](UIScene:com.apple.frontboard.systemappservices::sceneID%3Adev.selfhost.firstActivationProbe-default))
    <RBSInheritance| environment:UIScene:com.apple.frontboard.systemappservices::sceneID%3Adev.selfhost.firstActivationProbe-default name:com.apple.frontboard.visibility origID:33-47602-7439 payload>
Aug 27 20:34:07.651294 runningboardd(RunningBoard)[33] <Info>: Finished acquiring assertion 33-47602-7439 (target:[application<dev.selfhost.firstActivationProbe>:50220](UIScene:com.apple.frontboard.systemappservices::sceneID%3Adev.selfhost.firstActivationProbe-default))
Aug 27 20:34:07.651388 runningboardd(RunningBoard)[33] <Debug>: Sending state 0x1010748c0 for application<dev.selfhost.firstActivationProbe> to [daemon<com.apple.UserEventAgent-System>:30]
Aug 27 20:34:07.651482 runningboardd(RunningBoard)[33] <Debug>: SUPPRESSING state update for application<dev.selfhost.firstActivationProbe>: <RBSProcessState| task:running-active debug:none terminationResistance:Interactive endowments:[
	<RBSProcessAssertionInfo| type:2 reason:10000 name:"Domain" domain:"com.apple.frontboard:Bootstrap-Foreground,com.apple.frontboard:Visibility" expl:"FBApplicationProcess">,
	<RBSProcessAssertionInfo| type:1 reason:0 name:"Custom" domain:"(null)" expl:"injecting inherited from "UIScene:com.apple.frontboard.systemappservices::com.apple.springboard" to 50220<UIScene:com.apple.frontboard.systemappservices::sceneID%3Adev.selfhost.firstActivationProbe-default>">
Aug 27 20:34:07.671431 Runner(RunningBoardServices)[50220] <Debug>: Received message from server: async_didChangeInheritances:completion:
Aug 27 20:34:07.671465 Runner(RunningBoardServices)[50220] <Info>: didChangeInheritances
Aug 27 20:34:07.671507 Runner(RunningBoardServices)[50220] <Info>: didChangeInheritances: <RBSInheritanceChangeSet| gained:{(
    <RBSInheritance| environment:UIScene:com.apple.frontboard.systemappservices::sceneID%3Adev.selfhost.firstActivationProbe-default name:com.apple.frontboard.visibility origID:33-47602-7439 payload>
Aug 27 20:34:07.671545 Runner(CoreFoundation)[50220] <Debug>: Resource lookup at <private>
Aug 27 20:34:07.671618 Runner(CoreFoundation)[50220] <Debug>: looked up value <private> for key AppleLanguages in CFPrefsPlistSource<0x280c50a00> (Domain: kCFPreferencesAnyApplication, User: kCFPreferencesCurrentUser, ByHost: No, Container: (null), Contents Need Refresh: No) via CFPrefsSearchListSource<0x280c51a80> (Domain: dev.selfhost.firstActivationProbe, Container: (null))
Aug 27 20:34:07.678673 runningboardd(RunningBoard)[33] <Debug>: Decrementing suppression state to 0 for application<dev.selfhost.firstActivationProbe>
Aug 27 20:34:07.678761 runningboardd(RunningBoard)[33] <Debug>: END suppressing state updates for application<dev.selfhost.firstActivationProbe>
Aug 27 20:34:07.678848 runningboardd(RunningBoard)[33] <Debug>: Sending state update for application<dev.selfhost.firstActivationProbe>: <RBSProcessState| task:running-active debug:none terminationResistance:Interactive endowments:[
	<RBSProcessAssertionInfo| type:2 reason:10000 name:"Domain" domain:"com.apple.frontboard:Bootstrap-Foreground,com.apple.frontboard:Visibility" expl:"FBApplicationProcess">,
	<RBSProcessAssertionInfo| type:1 reason:0 name:"Custom" domain:"(null)" expl:"injecting inherited from "UIScene:com.apple.frontboard.systemappservices::com.apple.springboard" to 50220<UIScene:com.apple.frontboard.systemappservices::sceneID%3Adev.selfhost.firstActivationProbe-default>">
Aug 27 20:34:07.678915 runningboardd(RunningBoard)[33] <Debug>: Sending state 0x1010748c0 for application<dev.selfhost.firstActivationProbe> to [daemon<com.apple.TextInput.kbd>:303]
Aug 27 20:34:07.678974 runningboardd(RunningBoard)[33] <Debug>: Sending state 0x1011f9600 for application<dev.selfhost.firstActivationProbe> to [daemon<com.apple.SpringBoard>:47602]
Aug 27 20:34:07.679152 runningboardd(RunningBoard)[33] <Debug>: Sending state 0x1010748c0 for application<dev.selfhost.firstActivationProbe> to [daemon<com.apple.contextstored>:61]
Aug 27 20:34:07.680416 Runner(UIKitCore)[50220] <Notice>: sceneOfRecord: sceneID: sceneID:dev.selfhost.firstActivationProbe-default  persistentID: 38A6B0E8-D18B-43CA-916F-1BCC03B36967
Aug 27 20:34:07.680571 Runner(UIKitCore)[50220] <Notice>: [0x280951c00] Scene target of event deferring environments did update: scene: 0x151e1afe0; current systemShellManagesKeyboardFocus: 1; systemShellManagesKeyboardFocusForScene: 1; eligibleForRecordRemoval: 1;
Aug 27 20:34:07.680703 Runner(UIKitCore)[50220] <Notice>: Scene became target of keyboard event deferring environment: UIWindowScene: 0x151e1afe0; scene identity: com.apple.frontboard.systemappservices::sceneID%3Adev.selfhost.firstActivationProbe-default
Aug 27 20:34:07.680887 Runner(CoreFoundation)[50220] <Debug>: found no value for key LogFirstResponderRestoration in CFPrefsSearchListSource<0x280c50800> (Domain: com.apple.UIKit, Container: (null))
Aug 27 20:34:07.681471 runningboardd(RunningBoard)[33] <Info>: Received message from [application<dev.selfhost.firstActivationProbe>:50220] (euid 501, auid 501): statesForPredicate:descriptor:error:
Aug 27 20:34:07.681564 runningboardd(RunningBoard)[33] <Info>: _predicatesMatchOnlyAllowedProcess allowing predicate matching self <RBSProcessPredicate <RBSProcessHandlePredicateImpl| application<dev.selfhost.firstActivationProbe>:50220>> for process [application<dev.selfhost.firstActivationProbe>:50220]
Aug 27 20:34:07.682727 SpringBoard(FrontBoard)[47602] <Info>: [sceneID:dev.selfhost.firstActivationProbe-default] Client settings updated with diff: <private>
Aug 27 20:34:07.683088 SpringBoard(FrontBoard)[47602] <Info>: [sceneID:dev.selfhost.firstActivationProbe-default] didUpdateClientSettingsWithDiff: <private>
Aug 27 20:34:07.683282 SpringBoard(FrontBoard)[47602] <Debug>: [FBSceneManager] PENDING:   <BSEventQueueEvent: 0x281c41200; handleDidUpdateClientSettings-sceneID:dev.selfhost.firstActivationProbe-default(4)> @ back
Aug 27 20:34:07.683372 SpringBoard(FrontBoard)[47602] <Debug>: [FBSceneManager] EXECUTING: <BSEventQueueEvent: 0x281c41200; handleDidUpdateClientSettings-sceneID:dev.selfhost.firstActivationProbe-default(4)>
Aug 27 20:34:07.683582 SpringBoard(FrontBoard)[47602] <Debug>: [FBSceneManager] PENDING:   <BSEventQueueEvent: 0x281c43e60; didUpdateClientSettings-sceneID:dev.selfhost.firstActivationProbe-default(4)> @ back
Aug 27 20:34:07.683721 SpringBoard(FrontBoard)[47602] <Debug>: [FBSceneManager] PENDING:   <BSEventQueueEvent: 0x281c41260; didUpdateClientSettingsCompletion-sceneID:dev.selfhost.firstActivationProbe-default(4)> @ back
Aug 27 20:34:07.684807 SpringBoard(FrontBoard)[47602] <Debug>: [FBSceneManager] EXECUTING: <BSEventQueueEvent: 0x281c43e60; didUpdateClientSettings-sceneID:dev.selfhost.firstActivationProbe-default(4)>
Aug 27 20:34:07.684877 SpringBoard(FrontBoard)[47602] <Debug>: [FBSceneManager] PENDING:   <BSEventQueueEvent: 0x281c4a1c0; didUpdateClientSettings-sceneID:dev.selfhost.firstActivationProbe-default(4)> @ front
Aug 27 20:34:07.684938 SpringBoard(FrontBoard)[47602] <Debug>: [FBSceneManager] EXECUTING: <BSEventQueueEvent: 0x281c4a1c0; didUpdateClientSettings-sceneID:dev.selfhost.firstActivationProbe-default(4)>
Aug 27 20:34:07.687721 Runner(Flutter)[50220] <Notice>: [shorebird] Update thread finished with status: No update
Aug 27 20:34:07.687920 runningboardd(RunningBoard)[33] <Notice>: Invalidating assertion 33-50220-7440 (target:[application<dev.selfhost.firstActivationProbe>:50220]) from originator [application<dev.selfhost.firstActivationProbe>:50220]
Aug 27 20:34:07.688038 runningboardd(RunningBoard)[33] <Debug>: Updating events for assertion: 33-50220-7440 (target:[application<dev.selfhost.firstActivationProbe>:50220])
Aug 27 20:34:07.688112 runningboardd(RunningBoard)[33] <Debug>: Removing events for context: 33-50220-7440 (target:[application<dev.selfhost.firstActivationProbe>:50220])
Aug 27 20:34:07.688181 runningboardd(RunningBoard)[33] <Info>: Finished acquiring assertion 33-50220-7440 (target:[application<dev.selfhost.firstActivationProbe>:50220])
Aug 27 20:34:07.688273 runningboardd(RunningBoard)[33] <Debug>: Decrementing suppression state to 0 for application<dev.selfhost.firstActivationProbe>
Aug 27 20:34:07.688899 runningboardd(RunningBoard)[33] <Debug>: END suppressing state updates for application<dev.selfhost.firstActivationProbe>
Aug 27 20:34:07.689216 SpringBoard(RunningBoardServices)[47602] <Info>: Update delivered for [application<dev.selfhost.firstActivationProbe>:50220] with taskState 4
Aug 27 20:34:07.689520 SpringBoard(RunningBoardServices)[47602] <Info>: Update skipped for [application<dev.selfhost.firstActivationProbe>:50220] with state: <RBSProcessState| task:running-active debug:none endowments:[
Aug 27 20:34:07.689748 SpringBoard(RunningBoardServices)[47602] <Info>: Update skipped for [application<dev.selfhost.firstActivationProbe>:50220] with state: <RBSProcessState| task:running-active debug:none endowments:[
Aug 27 20:34:07.689876 SpringBoard(RunningBoardServices)[47602] <Info>: Update skipped for [application<dev.selfhost.firstActivationProbe>:50220] with state: <RBSProcessState| task:running-active debug:none endowments:[
Aug 27 20:34:07.690067 SpringBoard(RunningBoardServices)[47602] <Info>: Update skipped for [application<dev.selfhost.firstActivationProbe>:50220] with state: <RBSProcessState| task:running-active debug:none endowments:[
Aug 27 20:34:07.692129 symptomsd(RunningBoardServices)[170] <Notice>: Hit the server for a process handle 4b60f880000c42c that resolved to: [application<dev.selfhost.firstActivationProbe>:50220]
Aug 27 20:34:07.693156 runningboardd(RunningBoard)[33] <Debug>: Sending state 0x1010748c0 for application<dev.selfhost.firstActivationProbe> to [daemon<com.apple.wifid>:52]
Aug 27 20:34:07.693594 sharingd[66] <Debug>: SystemUI unknown identifier: 'sceneID:dev.selfhost.firstActivationProbe-default'/ 'dev.selfhost.firstActivationProbe'
Aug 27 20:34:07.693932 SpringBoard(UserNotificationsServer)[47602] <Notice>: [dev.selfhost.firstActivationProbe] dev.selfhost.firstActivationProbe application state changed to ForegroundRunning
Aug 27 20:34:07.694069 SpringBoard(UserNotificationsServer)[47602] <Notice>: [dev.selfhost.firstActivationProbe] Ignore becoming foreground for application without push registration
Aug 27 20:34:07.700705 watchdogd(RunningBoardServices)[57] <Debug>: Received message from server: async_observedProcessStatesDidChange:completion:
Aug 27 20:34:07.702858 chronod(ChronoCore)[102] <Notice>: noting foreground launch for dev.selfhost.firstActivationProbe with widget extension; trigger metadata query
        <SBSDisplayLayoutElement: 0x28362d2d0; sceneID:dev.selfhost.firstActivationProbe-default; bundleID: dev.selfhost.firstActivationProbe; frame: {{0, 0}, {375, 667}}; level: 1; role: primary>;
Aug 27 20:34:07.704281 SpringBoard(RunningBoardServices)[47602] <Info>: Update skipped for [application<dev.selfhost.firstActivationProbe>:50220] with state: <RBSProcessState| task:running-active debug:none endowments:[
Aug 27 20:34:07.704450 SpringBoard(RunningBoardServices)[47602] <Info>: Update skipped for [application<dev.selfhost.firstActivationProbe>:50220] with state: <RBSProcessState| task:running-active debug:none endowments:[
Aug 27 20:34:07.704504 SpringBoard(RunningBoardServices)[47602] <Info>: Update skipped for [application<dev.selfhost.firstActivationProbe>:50220] with state: <RBSProcessState| task:running-active debug:none endowments:[
Aug 27 20:34:07.704637 SpringBoard(RunningBoardServices)[47602] <Info>: Update skipped for [application<dev.selfhost.firstActivationProbe>:50220] with state: <RBSProcessState| task:running-active debug:none endowments:[
Aug 27 20:34:07.704802 SpringBoard(RunningBoardServices)[47602] <Info>: Update skipped for [application<dev.selfhost.firstActivationProbe>:50220] with state: <RBSProcessState| task:running-active debug:none endowments:[
Aug 27 20:34:07.704903 SpringBoard(RunningBoardServices)[47602] <Info>: Update skipped for [application<dev.selfhost.firstActivationProbe>:50220] with state: <RBSProcessState| task:running-active debug:none endowments:[
Aug 27 20:34:07.705470 watchdogd(RunningBoardServices)[57] <Info>: observedProcessStatesDidChange
Aug 27 20:34:07.705638 watchdogd(RunningBoardServices)[57] <Debug>: Decoded RBSProcessHandle with IPC ID 4b60f880000c42c
Aug 27 20:34:07.717583 bluetoothd(CoreUtils)[86] <Notice>: SystemUI unknown identifier: 'sceneID:dev.selfhost.firstActivationProbe-default' / 'dev.selfhost.firstActivationProbe'
Aug 27 20:34:07.717769 UserEventAgent(RunningBoardServices)[30] <Notice>: Hit the server for a process handle 4b60f880000c42c that resolved to: [application<dev.selfhost.firstActivationProbe>:50220]
Aug 27 20:34:07.718031 UserEventAgent(RunningBoardServices)[30] <Info>: Update delivered for [application<dev.selfhost.firstActivationProbe>:50220] with taskState 4
Aug 27 20:34:07.718127 UserEventAgent(ADEventListenerPlugin)[30] <Debug>: AppStateChange: <private> (50220) terminated => foregroundRunning
Aug 27 20:34:07.718836 symptomsd(SymptomNetworkUsage)[170] <Debug>: 50220 dev.selfhost.firstActivationProbe: ForegroundRunning (most elevated: ForegroundRunning)
Aug 27 20:34:07.718915 symptomsd(RunningBoardServices)[170] <Info>: Update delivered for [application<dev.selfhost.firstActivationProbe>:50220] with taskState 4
Aug 27 20:34:07.721226 SpringBoard(UIKitCore)[47602] <Notice>: [sceneID:dev.selfhost.firstActivationProbe-default] Setting deactivation reasons to: '(none)' for reason: updateAllScenesForBand - Assertion removed.
Aug 27 20:34:07.721434 SpringBoard(FrontBoard)[47602] <Info>: Client intercepting scene update for scene: sceneID:dev.selfhost.firstActivationProbe-default
Aug 27 20:34:07.721468 SpringBoard(FrontBoard)[47602] <Debug>: START SCENE MUTATION ------- sceneID:dev.selfhost.firstActivationProbe-default
Aug 27 20:34:07.721533 SpringBoard(FrontBoard)[47602] <Debug>: [FBSceneManager] PENDING:   <BSEventQueueEvent: 0x281d48980; sceneUpdatePrepared-sceneID:dev.selfhost.firstActivationProbe-default(5)> @ back
Aug 27 20:34:07.721588 SpringBoard(FrontBoard)[47602] <Debug>: [FBSceneManager] PENDING:   <BSEventQueueEvent: 0x281d5a520; applySettings-sceneID:dev.selfhost.firstActivationProbe-default(5)> @ back
Aug 27 20:34:07.721622 SpringBoard(FrontBoard)[47602] <Debug>: Flushing all events for sceneID:dev.selfhost.firstActivationProbe-default
Aug 27 20:34:07.722389 SpringBoard(FrontBoard)[47602] <Debug>: [FBSceneManager] EXECUTING: <BSEventQueueEvent: 0x281d48980; sceneUpdatePrepared-sceneID:dev.selfhost.firstActivationProbe-default(5)>
Aug 27 20:34:07.722559 SpringBoard(FrontBoard)[47602] <Debug>: [FBSceneManager] PENDING:   <BSEventQueueEvent: 0x281d52000; sceneUpdatePrepared-sceneID:dev.selfhost.firstActivationProbe-default(5)> @ front
Aug 27 20:34:07.722701 SpringBoard(FrontBoard)[47602] <Debug>: [FBSceneManager] EXECUTING: <BSEventQueueEvent: 0x281d52000; sceneUpdatePrepared-sceneID:dev.selfhost.firstActivationProbe-default(5)>
Aug 27 20:34:07.723117 SpringBoard(FrontBoard)[47602] <Debug>: [FBSceneManager] EXECUTING: <BSEventQueueEvent: 0x281d5a520; applySettings-sceneID:dev.selfhost.firstActivationProbe-default(5)>
Aug 27 20:34:07.723235 SpringBoard(FrontBoard)[47602] <Debug>: [FBSceneManager] PENDING:   <BSEventQueueEvent: 0x281d423a0; sceneUpdateApplied-sceneID:dev.selfhost.firstActivationProbe-default(5)> @ back
Aug 27 20:34:07.723408 SpringBoard(FrontBoard)[47602] <Debug>: [FBSceneManager] PENDING:   <BSEventQueueEvent: 0x281d455a0; sceneMutationCompletion-sceneID:dev.selfhost.firstActivationProbe-default(5)> @ back
Aug 27 20:34:07.723546 SpringBoard(FrontBoard)[47602] <Debug>: [FBSceneManager] EXECUTING: <BSEventQueueEvent: 0x281d423a0; sceneUpdateApplied-sceneID:dev.selfhost.firstActivationProbe-default(5)>
Aug 27 20:34:07.723641 SpringBoard(FrontBoard)[47602] <Debug>: [FBSceneManager] PENDING:   <BSEventQueueEvent: 0x281d5a520; sceneUpdateApplied-sceneID:dev.selfhost.firstActivationProbe-default(5)> @ front
Aug 27 20:34:07.723719 SpringBoard(FrontBoard)[47602] <Info>: [sceneID:dev.selfhost.firstActivationProbe-default] Sending scene action [Forward Event][0xfecd] to process 0x10a14de30 (watchdog: none)
Aug 27 20:34:07.723780 SpringBoard(FrontBoard)[47602] <Debug>: [FBSceneManager] EXECUTING: <BSEventQueueEvent: 0x281d5a520; sceneUpdateApplied-sceneID:dev.selfhost.firstActivationProbe-default(5)>
Aug 27 20:34:07.724010 SpringBoard(FrontBoard)[47602] <Debug>: [FBSceneManager] EXECUTING: <BSEventQueueEvent: 0x281d455a0; sceneMutationCompletion-sceneID:dev.selfhost.firstActivationProbe-default(5)>
Aug 27 20:34:07.724205 SpringBoard(FrontBoard)[47602] <Debug>: ---------- END SCENE MUTATION: sceneID:dev.selfhost.firstActivationProbe-default
Aug 27 20:34:07.725035 Runner(CoreFoundation)[50220] <Debug>: Resource lookup at <private>
Aug 27 20:34:07.725137 Runner(CoreFoundation)[50220] <Debug>: Resource lookup at <private>
Aug 27 20:34:07.725246 Runner(UIKitCore)[50220] <Notice>: sceneOfRecord: sceneID: sceneID:dev.selfhost.firstActivationProbe-default  persistentID: 38A6B0E8-D18B-43CA-916F-1BCC03B36967
Aug 27 20:34:07.725324 Runner(UIKitCore)[50220] <Notice>: Deactivation reason removed: 12; deactivation reasons: 4128 -> 32; animating application lifecycle event: 1
Aug 27 20:34:07.725422 Runner(UIKitCore)[50220] <Notice>: Deactivation reason removed: 5; deactivation reasons: 32 -> 0; animating application lifecycle event: 0
Aug 27 20:34:07.725498 Runner(CoreAnalytics)[50220] <Info>: Daemon status changed from 0 to 1
Aug 27 20:34:07.725593 Runner(CoreFoundation)[50220] <Debug>: Resource lookup at <private>
Aug 27 20:34:07.725683 Runner(CoreFoundation)[50220] <Debug>: Resource lookup at <private>
Aug 27 20:34:07.725805 Runner(HangTracer)[50220] <Info>: HTPrefs initialization
Aug 27 20:34:07.725863 Runner(CoreFoundation)[50220] <Info>: Loading Preferences From System CFPrefsD
Aug 27 20:34:07.725962 Runner(CoreFoundation)[50220] <Debug>: CFPrefsPlistSource<0x280c43980> (Domain: com.apple.da, User: kCFPreferencesCurrentUser, ByHost: No, Container: (null), Contents Need Refresh: No) loaded: a new base plist and no additional changes from the base plist
Aug 27 20:34:07.726048 Runner(CoreFoundation)[50220] <Debug>: found no value for key HTEPL.HangTracerEnableCustomerMode in CFPrefsPlistSource<0x280c43980> (Domain: com.apple.da, User: kCFPreferencesCurrentUser, ByHost: No, Container: (null), Contents Need Refresh: No)
Aug 27 20:34:07.726130 Runner(CoreFoundation)[50220] <Debug>: found no value for key PLTasking.HangTracerEnableCustomerMode in CFPrefsPlistSource<0x280c43980> (Domain: com.apple.da, User: kCFPreferencesCurrentUser, ByHost: No, Container: (null), Contents Need Refresh: No)
Aug 27 20:34:07.726222 Runner(CoreFoundation)[50220] <Debug>: found no value for key HangTracerEnableCustomerMode in CFPrefsPlistSource<0x280c43980> (Domain: com.apple.da, User: kCFPreferencesCurrentUser, ByHost: No, Container: (null), Contents Need Refresh: No)
Aug 27 20:34:07.726299 Runner(CoreFoundation)[50220] <Debug>: found no value for key PDSEHangTracer.HangTracerEnableCustomerMode in CFPrefsPlistSource<0x280c43980> (Domain: com.apple.da, User: kCFPreferencesCurrentUser, ByHost: No, Container: (null), Contents Need Refresh: No)
Aug 27 20:34:07.726405 Runner(CoreFoundation)[50220] <Debug>: found no value for key PDSEHTThirdParty.HangTracerEnableCustomerMode in CFPrefsPlistSource<0x280c43980> (Domain: com.apple.da, User: kCFPreferencesCurrentUser, ByHost: No, Container: (null), Contents Need Refresh: No)
Aug 27 20:34:07.726482 Runner(CoreFoundation)[50220] <Debug>: found no value for key PDSEHTRateOnly.HangTracerEnableCustomerMode in CFPrefsPlistSource<0x280c43980> (Domain: com.apple.da, User: kCFPreferencesCurrentUser, ByHost: No, Container: (null), Contents Need Refresh: No)
Aug 27 20:34:07.726559 Runner(CoreFoundation)[50220] <Debug>: found no value for key PDSESentry.HangTracerEnableCustomerMode in CFPrefsPlistSource<0x280c43980> (Domain: com.apple.da, User: kCFPreferencesCurrentUser, ByHost: No, Container: (null), Contents Need Refresh: No)
Aug 27 20:34:07.726623 Runner(HangTracer)[50220] <Debug>: HTPrefs: HangTracerEnableCustomerMode was not found in the com.apple.da domain, a profile, by EPL, by PowerLog Tasking domain, by HT Self Enablement or by HT Sentry Enablement
Aug 27 20:34:07.726975 runningboardd(RunningBoard)[33] <Debug>: Removing assertion 33-50220-7440 on [application<dev.selfhost.firstActivationProbe>:50220]
Aug 27 20:34:07.727061 runningboardd(RunningBoard)[33] <Debug>: > application<dev.selfhost.firstActivationProbe> ['RB Underlying Assertion'] [33-33-7436]
Aug 27 20:34:07.727153 runningboardd(RunningBoard)[33] <Debug>: Updating events for assertion: 33-50220-7440 (target:[application<dev.selfhost.firstActivationProbe>:50220])
Aug 27 20:34:07.727236 Runner(HangTracer)[50220] <Info>: HTPrefs: Refreshing preferences
Aug 27 20:34:07.727303 Runner(CoreFoundation)[50220] <Debug>: found no value for key HTEPL.HangTracerEnableCustomerMode in CFPrefsPlistSource<0x280c43980> (Domain: com.apple.da, User: kCFPreferencesCurrentUser, ByHost: No, Container: (null), Contents Need Refresh: No)
Aug 27 20:34:07.727363 Runner(CoreFoundation)[50220] <Debug>: found no value for key PLTasking.HangTracerEnableCustomerMode in CFPrefsPlistSource<0x280c43980> (Domain: com.apple.da, User: kCFPreferencesCurrentUser, ByHost: No, Container: (null), Contents Need Refresh: No)
Aug 27 20:34:07.727421 runningboardd(RunningBoard)[33] <Debug>: Removing events for context: 33-50220-7440 (target:[application<dev.selfhost.firstActivationProbe>:50220])
Aug 27 20:34:07.727503 runningboardd(RunningBoard)[33] <Debug>: > application<dev.selfhost.firstActivationProbe> ['Shared Background Assertion 0 for dev.selfhost.firstActivationProbe'] [33-50220-7438]
Aug 27 20:34:07.727570 Runner(CoreFoundation)[50220] <Debug>: found no value for key HangTracerEnableCustomerMode in CFPrefsPlistSource<0x280c43980> (Domain: com.apple.da, User: kCFPreferencesCurrentUser, ByHost: No, Container: (null), Contents Need Refresh: No)
Aug 27 20:34:07.727684 runningboardd(RunningBoard)[33] <Info>: application<dev.selfhost.firstActivationProbe> is now targeted by 5 assertions
Aug 27 20:34:07.728043 Runner(CoreFoundation)[50220] <Debug>: found no value for key PDSEHangTracer.HangTracerEnableCustomerMode in CFPrefsPlistSource<0x280c43980> (Domain: com.apple.da, User: kCFPreferencesCurrentUser, ByHost: No, Container: (null), Contents Need Refresh: No)
Aug 27 20:34:07.728180 Runner(CoreFoundation)[50220] <Debug>: found no value for key PDSEHTThirdParty.HangTracerEnableCustomerMode in CFPrefsPlistSource<0x280c43980> (Domain: com.apple.da, User: kCFPreferencesCurrentUser, ByHost: No, Container: (null), Contents Need Refresh: No)
Aug 27 20:34:07.728265 Runner(CoreFoundation)[50220] <Debug>: found no value for key PDSEHTRateOnly.HangTracerEnableCustomerMode in CFPrefsPlistSource<0x280c43980> (Domain: com.apple.da, User: kCFPreferencesCurrentUser, ByHost: No, Container: (null), Contents Need Refresh: No)
Aug 27 20:34:07.728325 Runner(CoreFoundation)[50220] <Debug>: found no value for key PDSESentry.HangTracerEnableCustomerMode in CFPrefsPlistSource<0x280c43980> (Domain: com.apple.da, User: kCFPreferencesCurrentUser, ByHost: No, Container: (null), Contents Need Refresh: No)
Aug 27 20:34:07.728525 Runner(HangTracer)[50220] <Debug>: HTPrefs: HangTracerEnableCustomerMode was not found in the com.apple.da domain, a profile, by EPL, by PowerLog Tasking domain, by HT Self Enablement or by HT Sentry Enablement
Aug 27 20:34:07.728628 Runner(HangTracer)[50220] <Debug>: Preparing prefInitList
Aug 27 20:34:07.728707 Runner(CoreFoundation)[50220] <Debug>: found no value for key HTEPL.HangTracerEnabled in CFPrefsPlistSource<0x280c43980> (Domain: com.apple.da, User: kCFPreferencesCurrentUser, ByHost: No, Container: (null), Contents Need Refresh: No)
Aug 27 20:34:07.728762 Runner(CoreFoundation)[50220] <Debug>: found no value for key PLTasking.HangTracerEnabled in CFPrefsPlistSource<0x280c43980> (Domain: com.apple.da, User: kCFPreferencesCurrentUser, ByHost: No, Container: (null), Contents Need Refresh: No)
Aug 27 20:34:07.728832 Runner(CoreFoundation)[50220] <Debug>: found no value for key HangTracerEnabled in CFPrefsPlistSource<0x280c43980> (Domain: com.apple.da, User: kCFPreferencesCurrentUser, ByHost: No, Container: (null), Contents Need Refresh: No)
Aug 27 20:34:07.728935 Runner(CoreFoundation)[50220] <Debug>: found no value for key PDSEHangTracer.HangTracerEnabled in CFPrefsPlistSource<0x280c43980> (Domain: com.apple.da, User: kCFPreferencesCurrentUser, ByHost: No, Container: (null), Contents Need Refresh: No)
Aug 27 20:34:07.729028 cfprefsd(CoreFoundation)[91] <Debug>: Process 50220 (Runner) sent a request related to { com.apple.da, user: mobile, kCFPreferencesAnyHost, /var/mobile/Library/Preferences/com.apple.da.plist, managed: 0 } (0x100307ae0)
Aug 27 20:34:07.729318 Runner(CoreFoundation)[50220] <Debug>: found no value for key PDSEHTThirdParty.HangTracerEnabled in CFPrefsPlistSource<0x280c43980> (Domain: com.apple.da, User: kCFPreferencesCurrentUser, ByHost: No, Container: (null), Contents Need Refresh: No)
Aug 27 20:34:07.729428 cfprefsd(CoreFoundation)[91] <Debug>: Process 50220 (Runner) read data for { com.apple.da, mobile, kCFPreferencesAnyHost, /var/mobile/Library/Preferences/com.apple.da.plist, managed: 0 }, backed by /private/var/mobile/Library/Preferences/com.apple.da.plist
Aug 27 20:34:07.729964 Runner(CoreFoundation)[50220] <Debug>: found no value for key PDSEHTRateOnly.HangTracerEnabled in CFPrefsPlistSource<0x280c43980> (Domain: com.apple.da, User: kCFPreferencesCurrentUser, ByHost: No, Container: (null), Contents Need Refresh: No)
Aug 27 20:34:07.730154 Runner(CoreFoundation)[50220] <Debug>: found no value for key PDSESentry.HangTracerEnabled in CFPrefsPlistSource<0x280c43980> (Domain: com.apple.da, User: kCFPreferencesCurrentUser, ByHost: No, Container: (null), Contents Need Refresh: No)
Aug 27 20:34:07.730380 Runner(HangTracer)[50220] <Debug>: HTPrefs: HangTracerEnabled was not found in the com.apple.da domain, a profile, by EPL, by PowerLog Tasking domain, by HT Self Enablement or by HT Sentry Enablement
Aug 27 20:34:07.730564 runningboardd(RunningBoard)[33] <Debug>: > 50220 ['Shared Background Assertion 0 for dev.selfhost.firstActivationProbe'] [33-50220-7438]
Aug 27 20:34:07.730656 Runner(HangTracer)[50220] <Info>: Posting notification com.apple.hangtracer.htprefs.refreshed
Aug 27 20:34:07.730816 runningboardd(RunningBoard)[33] <Debug>: > 50220 ['injecting inherited from "UIScene:com.apple.frontboard.systemappservices::com.apple.springboard" to 50220<UIScene:com.apple.frontboard.systemappservices::sceneID%3Adev.selfhost.firstActivationProbe-default>'] [33-47602-7439]
Aug 27 20:34:07.731071 SpringBoard(FrontBoard)[47602] <Info>: [sceneID:dev.selfhost.firstActivationProbe-default] Scene action [Forward Event][0xfecd] completed with success: 1
Aug 27 20:34:07.731223 SpringBoard(FrontBoard)[47602] <Debug>: [FBSceneManager] PENDING:   <BSEventQueueEvent: 0x281daff60; updateComplete-sceneID:dev.selfhost.firstActivationProbe-default(5)> @ back
Aug 27 20:34:07.731309 SpringBoard(FrontBoard)[47602] <Debug>: [FBSceneManager] EXECUTING: <BSEventQueueEvent: 0x281daff60; updateComplete-sceneID:dev.selfhost.firstActivationProbe-default(5)>
Aug 27 20:34:07.731396 SpringBoard(FrontBoard)[47602] <Debug>: [FBSceneManager] PENDING:   <BSEventQueueEvent: 0x281daffa0; sceneUpdateCompleted-sceneID:dev.selfhost.firstActivationProbe-default(5)> @ back
Aug 27 20:34:07.731497 SpringBoard(FrontBoard)[47602] <Debug>: [FBSceneManager] EXECUTING: <BSEventQueueEvent: 0x281daffa0; sceneUpdateCompleted-sceneID:dev.selfhost.firstActivationProbe-default(5)>
Aug 27 20:34:07.731602 SpringBoard(FrontBoard)[47602] <Debug>: [FBSceneManager] PENDING:   <BSEventQueueEvent: 0x281daf740; sceneUpdateCompleted-sceneID:dev.selfhost.firstActivationProbe-default(5)> @ front
Aug 27 20:34:07.731698 SpringBoard(FrontBoard)[47602] <Debug>: [FBSceneManager] EXECUTING: <BSEventQueueEvent: 0x281daf740; sceneUpdateCompleted-sceneID:dev.selfhost.firstActivationProbe-default(5)>
Aug 27 20:34:07.731803 SpringBoard(FrontBoard)[47602] <Info>: [sceneID:dev.selfhost.firstActivationProbe-default] Client settings updated with diff: <private>
Aug 27 20:34:07.731920 SpringBoard(FrontBoard)[47602] <Info>: [sceneID:dev.selfhost.firstActivationProbe-default] didUpdateClientSettingsWithDiff: <private>
Aug 27 20:34:07.732017 SpringBoard(FrontBoard)[47602] <Debug>: [FBSceneManager] PENDING:   <BSEventQueueEvent: 0x281dbcb20; handleDidUpdateClientSettings-sceneID:dev.selfhost.firstActivationProbe-default(5)> @ back
Aug 27 20:34:07.732086 SpringBoard(FrontBoard)[47602] <Debug>: [FBSceneManager] EXECUTING: <BSEventQueueEvent: 0x281dbcb20; handleDidUpdateClientSettings-sceneID:dev.selfhost.firstActivationProbe-default(5)>
Aug 27 20:34:07.732342 SpringBoard(FrontBoard)[47602] <Debug>: [FBSceneManager] PENDING:   <BSEventQueueEvent: 0x281dae480; didUpdateClientSettings-sceneID:dev.selfhost.firstActivationProbe-default(5)> @ back
Aug 27 20:34:07.732416 SpringBoard(FrontBoard)[47602] <Debug>: [FBSceneManager] PENDING:   <BSEventQueueEvent: 0x281daf740; didUpdateClientSettingsCompletion-sceneID:dev.selfhost.firstActivationProbe-default(5)> @ back
Aug 27 20:34:07.732734 SpringBoard(FrontBoard)[47602] <Debug>: [FBSceneManager] EXECUTING: <BSEventQueueEvent: 0x281dae480; didUpdateClientSettings-sceneID:dev.selfhost.firstActivationProbe-default(5)>
Aug 27 20:34:07.732809 SpringBoard(FrontBoard)[47602] <Debug>: [FBSceneManager] PENDING:   <BSEventQueueEvent: 0x281dbec20; didUpdateClientSettings-sceneID:dev.selfhost.firstActivationProbe-default(5)> @ front
Aug 27 20:34:07.732860 SpringBoard(FrontBoard)[47602] <Debug>: [FBSceneManager] EXECUTING: <BSEventQueueEvent: 0x281dbec20; didUpdateClientSettings-sceneID:dev.selfhost.firstActivationProbe-default(5)>
Aug 27 20:34:07.732971 SpringBoard(FrontBoard)[47602] <Debug>: [FBSceneManager] EXECUTING: <BSEventQueueEvent: 0x281daf740; didUpdateClientSettingsCompletion-sceneID:dev.selfhost.firstActivationProbe-default(5)>
Aug 27 20:34:07.742561 runningboardd(RunningBoard)[33] <Debug>: Sending state 0x1010748c0 for application<dev.selfhost.firstActivationProbe> to [daemon<com.apple.CommCenter>:90]
Aug 27 20:34:07.742752 runningboardd(RunningBoard)[33] <Debug>: Sending state 0x1010748c0 for application<dev.selfhost.firstActivationProbe> to [daemon<com.apple.coreservices.useractivityd>:184]
Aug 27 20:34:07.743968 CommCenter(RunningBoardServices)[90] <Info>: Update delivered for [application<dev.selfhost.firstActivationProbe>:50220] with taskState 4
Aug 27 20:34:07.744187 runningboardd(RunningBoard)[33] <Debug>: Sending state 0x1010748c0 for application<dev.selfhost.firstActivationProbe> to [daemon<com.apple.locationd>:69]
Aug 27 20:34:07.744828 runningboardd(RunningBoard)[33] <Debug>: Sending state 0x1010748c0 for application<dev.selfhost.firstActivationProbe> to [daemon<com.apple.dasd>:94]
Aug 27 20:34:07.745119 runningboardd(RunningBoard)[33] <Debug>: Sending state 0x1010748c0 for application<dev.selfhost.firstActivationProbe> to [daemon<com.apple.aggregated>:50213]
Aug 27 20:34:07.746250 runningboardd(RunningBoard)[33] <Info>: Received message from [daemon<com.apple.watchdogd>:57] (euid 0, auid 0): lookupHandleForKey:error:
Aug 27 20:34:07.746360 backboardd(RunningBoardServices)[65] <Notice>: Hit the server for a process handle 4b60f880000c42c that resolved to: [application<dev.selfhost.firstActivationProbe>:50220]
Aug 27 20:34:07.746727 backboardd(RunningBoardServices)[65] <Info>: Update delivered for [application<dev.selfhost.firstActivationProbe>:50220] with taskState 4
Aug 27 20:34:07.747128 backboardd(RunningBoardServices)[65] <Info>: Update skipped for [application<dev.selfhost.firstActivationProbe>:50220] with state: <RBSProcessState| task:running-active debug:none endowments:[
Aug 27 20:34:07.747312 symptomsd(RunningBoardServices)[170] <Info>: Update skipped for [application<dev.selfhost.firstActivationProbe>:50220] with state: <RBSProcessState| task:running-active debug:none endowments:[
Aug 27 20:34:07.747509 watchdogd(RunningBoardServices)[57] <Notice>: Hit the server for a process handle 4b60f880000c42c that resolved to: [application<dev.selfhost.firstActivationProbe>:50220]
Aug 27 20:34:07.747600 watchdogd(RunningBoardServices)[57] <Notice>: Received state update for 50220
Aug 27 20:34:07.747847 callservicesd(RunningBoardServices)[131] <Notice>: Hit the server for a process handle 4b60f880000c42c that resolved to: [application<dev.selfhost.firstActivationProbe>:50220]
Aug 27 20:34:07.748441 kbd(RunningBoardServices)[303] <Notice>: Hit the server for a process handle 4b60f880000c42c that resolved to: [application<dev.selfhost.firstActivationProbe>:50220]
Aug 27 20:34:07.748626 kbd(RunningBoardServices)[303] <Info>: Update delivered for [application<dev.selfhost.firstActivationProbe>:50220] with taskState 4
Aug 27 20:34:07.749448 CommCenter(RunningBoardServices)[90] <Info>: Update skipped for [application<dev.selfhost.firstActivationProbe>:50220] with state: <RBSProcessState| task:running-active debug:none endowments:[
Aug 27 20:34:07.749857 watchdogd(RunningBoardServices)[57] <Info>: Update delivered for [application<dev.selfhost.firstActivationProbe>:50220] with taskState 4
Aug 27 20:34:07.750440 watchdogd[57] <Info>: 1246895252007625: <private>
Aug 27 20:34:07.751063 runningboardd(RunningBoard)[33] <Debug>: [daemon<com.apple.SpringBoard>:47602] query resolved to [application<dev.selfhost.firstActivationProbe>:50220]
Aug 27 20:34:07.751132 watchdogd(RunningBoardServices)[57] <Debug>: Received message from server: async_observedProcessStatesDidChange:completion:
Aug 27 20:34:07.751210 watchdogd(RunningBoardServices)[57] <Info>: observedProcessStatesDidChange
Aug 27 20:34:07.751304 watchdogd(RunningBoardServices)[57] <Debug>: Decoded RBSProcessHandle with IPC ID 4b60f880000c42c
Aug 27 20:34:07.751387 watchdogd(RunningBoardServices)[57] <Notice>: Received state update for 50220
Aug 27 20:34:07.751476 callservicesd(RunningBoardServices)[131] <Info>: Update delivered for [application<dev.selfhost.firstActivationProbe>:50220] with taskState 4
Aug 27 20:34:07.751565 callservicesd(RunningBoardServices)[131] <Info>: Update skipped for [application<dev.selfhost.firstActivationProbe>:50220] with state: <RBSProcessState| task:running-active debug:none endowments:[
Aug 27 20:34:07.751892 watchdogd(RunningBoardServices)[57] <Info>: Update skipped for [application<dev.selfhost.firstActivationProbe>:50220] with state: <RBSProcessState| task:running-active debug:none endowments:[
Aug 27 20:34:07.753025 wifid(RunningBoardServices)[52] <Notice>: Hit the server for a process handle 4b60f880000c42c that resolved to: [application<dev.selfhost.firstActivationProbe>:50220]
Aug 27 20:34:07.755632 useractivityd(RunningBoardServices)[184] <Notice>: Hit the server for a process handle 4b60f880000c42c that resolved to: [application<dev.selfhost.firstActivationProbe>:50220]
Aug 27 20:34:07.756060 locationd(RunningBoardServices)[69] <Notice>: Hit the server for a process handle 4b60f880000c42c that resolved to: [application<dev.selfhost.firstActivationProbe>:50220]
Aug 27 20:34:07.757798 dasd(RunningBoardServices)[94] <Notice>: Hit the server for a process handle 4b60f880000c42c that resolved to: [application<dev.selfhost.firstActivationProbe>:50220]
Aug 27 20:34:07.758154 contextstored(RunningBoardServices)[61] <Notice>: Hit the server for a process handle 4b60f880000c42c that resolved to: [application<dev.selfhost.firstActivationProbe>:50220]
Aug 27 20:34:07.759324 locationd(RunningBoardServices)[69] <Info>: Update delivered for [application<dev.selfhost.firstActivationProbe>:50220] with taskState 4
Aug 27 20:34:07.765376 locationd[69] <Notice>: {"msg":"#CLIUA Marking change", "clientKey":"dev.selfhost.firstActivationProbe", "reason":"Process state from RunningBoard", "assertionLevel":5, "coming":1}
Aug 27 20:34:07.768654 locationd[69] <Info>: getClientEffectiveRegistrationResult, , dev.selfhost.firstActivationProbe, , CLClientRegistrationResult, kCLClientRegistrationResultFailedUnavailable, CLCommonLocationServicesEnabled, 1
Aug 27 20:34:07.768782 locationd[69] <Info>: getClientEffectiveRegistrationResult, , dev.selfhost.firstActivationProbe, , CLClientRegistrationResult, kCLClientRegistrationResultFailedUnavailable, CLCommonLocationServicesEnabled, 1
Aug 27 20:34:07.768968 locationd[69] <Debug>: {"msg":"Skip UpdateClientServiceTypeMasks #pla for zones. No InterestZones", "ClientKey":"dev.selfhost.firstActivationProbe"}
Aug 27 20:34:07.773078 kbd(RunningBoardServices)[303] <Info>: Update skipped for [application<dev.selfhost.firstActivationProbe>:50220] with state: <RBSProcessState| task:running-active debug:none endowments:[
Aug 27 20:34:07.774172 useractivityd(RunningBoardServices)[184] <Info>: Update delivered for [application<dev.selfhost.firstActivationProbe>:50220] with taskState 4
Aug 27 20:34:07.774407 aggregated(RunningBoardServices)[50213] <Notice>: Hit the server for a process handle 4b60f880000c42c that resolved to: [application<dev.selfhost.firstActivationProbe>:50220]
Aug 27 20:34:07.776339 contextstored(RunningBoardServices)[61] <Info>: Update delivered for [application<dev.selfhost.firstActivationProbe>:50220] with taskState 4
Aug 27 20:34:07.776697 aggregated(RunningBoardServices)[50213] <Info>: Update delivered for [application<dev.selfhost.firstActivationProbe>:50220] with taskState 4
Aug 27 20:34:07.780581 wifid(RunningBoardServices)[52] <Info>: Update delivered for [application<dev.selfhost.firstActivationProbe>:50220] with taskState 4
Aug 27 20:34:07.782661 UserEventAgent(RunningBoardServices)[30] <Info>: Update delivered for [application<dev.selfhost.firstActivationProbe>:50220] with taskState 4
Aug 27 20:34:07.782823 dasd(RunningBoardServices)[94] <Info>: Update delivered for [application<dev.selfhost.firstActivationProbe>:50220] with taskState 4
Aug 27 20:34:07.785275 wifid(WiFiPolicy)[52] <Notice>: WifiDeviceManagerCatsWhitelistedApp: CATS en0:  deviceManager:0x10582dc00 FgApp:dev.selfhost.firstActivationProbe stateChange:1 whitelisted=1
Aug 27 20:34:07.785816 useractivityd(RunningBoardServices)[184] <Info>: Update skipped for [application<dev.selfhost.firstActivationProbe>:50220] with state: <RBSProcessState| task:running-active debug:none endowments:[
Aug 27 20:34:07.786673 UserEventAgent(RunningBoardServices)[30] <Info>: Update delivered for [application<dev.selfhost.firstActivationProbe>:50220] with taskState 4
Aug 27 20:34:07.787363 contextstored(RunningBoardServices)[61] <Info>: Update skipped for [application<dev.selfhost.firstActivationProbe>:50220] with state: <RBSProcessState| task:running-active debug:none endowments:[
Aug 27 20:34:07.790729 wifid(WiFiPolicy)[52] <Notice>: WiFiDeviceManagerCatsSetLowLatencyApp: CATSUpdate en0: fgApp:dev.selfhost.firstActivationProbe b=0x0 rc=0
Aug 27 20:34:07.790843 wifid(WiFiPolicy)[52] <Notice>: WiFiDeviceManagerCatsSetForegroundApp: CATSUpdate en0: fgApp:dev.selfhost.firstActivationProbe hs=0 t=1 wl=1 rc=1
Aug 27 20:34:07.793053 UserEventAgent(RunningBoardServices)[30] <Info>: Update skipped for [application<dev.selfhost.firstActivationProbe>:50220] with state: <RBSProcessState| task:running-active debug:none endowments:[
	<RBSProcessAssertionInfo| type:2 reason:10000 name:"Domain" domain:"com.apple.frontboard:Bootstrap-Foreground,com.apple.frontboard:Visibility" expl:"FBApplicationProcess">,
	<RBSProcessAssertionInfo| type:1 reason:0 name:"Custom" domain:"(null)" expl:"injecting inherited from "UIScene:com.apple.frontboard.systemappservices::com.apple.springboard" to 50220<UIScene:com.apple.frontboard.systemappservices::sceneID%3Adev.selfhost.firstActivationProbe-default>">
Aug 27 20:34:07.793390 aggregated(RunningBoardServices)[50213] <Info>: Update skipped for [application<dev.selfhost.firstActivationProbe>:50220] with state: <RBSProcessState| task:running-active debug:none endowments:[
Aug 27 20:34:07.800433 symptomsd(SymptomNetworkUsage)[170] <Debug>: Dynamic lookup for E01B2FEA-36F1-3C21-AADE-93AC8E03F45C found entry dev.selfhost.firstActivationProbe
Aug 27 20:34:07.812553 dasd(RunningBoardServices)[94] <Info>: Update delivered for [application<dev.selfhost.firstActivationProbe>:50220] with taskState 4
Aug 27 20:34:07.812845 dasd(RunningBoardServices)[94] <Info>: Update delivered for [application<dev.selfhost.firstActivationProbe>:50220] with taskState 4
Aug 27 20:34:07.813615 wifid(RunningBoardServices)[52] <Info>: Update skipped for [application<dev.selfhost.firstActivationProbe>:50220] with state: <RBSProcessState| task:running-active debug:none endowments:[
Aug 27 20:34:07.815364 locationd(RunningBoardServices)[69] <Info>: Update skipped for [application<dev.selfhost.firstActivationProbe>:50220] with state: <RBSProcessState| task:running-active debug:none endowments:[
Aug 27 20:34:07.815447 dasd(RunningBoardServices)[94] <Info>: Update skipped for [application<dev.selfhost.firstActivationProbe>:50220] with state: <RBSProcessState| task:running-active debug:none endowments:[
Aug 27 20:34:07.815755 dasd(RunningBoardServices)[94] <Info>: Update skipped for [application<dev.selfhost.firstActivationProbe>:50220] with state: <RBSProcessState| task:running-active debug:none endowments:[
Aug 27 20:34:07.816107 dasd(RunningBoardServices)[94] <Info>: Update skipped for [application<dev.selfhost.firstActivationProbe>:50220] with state: <RBSProcessState| task:running-active debug:none endowments:[
Aug 27 20:34:07.820073 symptomsd(SymptomNetworkUsage)[170] <Info>: handleApplicationStateChangeForDisplayName: name dev.selfhost.firstActivationProbe uuid E01B2FEA-36F1-3C21-AADE-93AC8E03F45C pid 50220 state BKSApplicationStateForegroundRunning
Aug 27 20:34:07.821205 symptomsd(SymptomNetworkUsage)[170] <Debug>: Dynamic lookup for E01B2FEA-36F1-3C21-AADE-93AC8E03F45C found entry dev.selfhost.firstActivationProbe
Aug 27 20:34:07.823707 symptomsd(SymptomEvaluator)[170] <Info>: COSMCtrl foregroundAppObserver gets E01B2FEA-36F1-3C21-AADE-93AC8E03F45C for dev.selfhost.firstActivationProbe state 1
Aug 27 20:34:07.824219 symptomsd(SymptomEvaluator)[170] <Debug>: COSMCtrl _foregroundAppActivity entry for E01B2FEA-36F1-3C21-AADE-93AC8E03F45C -> dev.selfhost.firstActivationProbe  fg 1
Aug 27 20:34:07.825643 symptomsd(SymptomEvaluator)[170] <Debug>: COSMCtrl _foregroundAppActivity exit for E01B2FEA-36F1-3C21-AADE-93AC8E03F45C -> dev.selfhost.firstActivationProbe  policy id 0  fg 1 fg-activity 0
Aug 27 20:34:07.830795 symptomsd(SymptomEvaluator)[170] <Debug>: Flow data on entry is Runner TCP4 flow id 1182030 (close) so pkts rx 2 tx 2, bytes 311 424 cell 0 0 wifi 391 504 wired 0 0 deltas 311 424 0 0 391 504 0 0
src 1182030 snapshot: Runner TCP4 flow id 1182030 (close) so pkts rx 2 tx 2, bytes 311 424 cell 0 0 wifi 391 504 wired 0 0 deltas 311 424 0 0 391 504 0 0
Aug 27 20:34:07.831532 symptomsd(SymptomEvaluator)[170] <Debug>: --> activityBitmaps: adding new bitmaps for app [dev.selfhost.firstActivationProbe] with bitmaps starting at 1246888: [             0x1] [               0]
Aug 27 20:34:07.831711 symptomsd(SymptomEvaluator)[170] <Debug>: --> activityBitmaps for dev.selfhost.firstActivationProbe: current bitmaps stored before adding new bitmap: [Activity time: 11:04:05.000 -0400 (1246520) ] [wordOffset: 0, numOfWords:3] <             0x9                0                0 >
Aug 27 20:34:07.831867 symptomsd(SymptomEvaluator)[170] <Debug>: --> activityBitmaps for dev.selfhost.firstActivationProbe: flowId 1182030, startTime 1246888, new bitmap part1:              0x1, part2:                0
Aug 27 20:34:07.832109 symptomsd(SymptomEvaluator)[170] <Debug>: --> activityBitmaps for dev.selfhost.firstActivationProbe: current bitmaps stored after adding new bitmap: [Activity time: 11:04:05.000 -0400 (1246520) ] [wordOffset: 0, numOfWords:3] <  0x400000000009                0                0 >
Aug 27 20:34:07.833787 symptomsd(SymptomEvaluator)[170] <Debug>: found LU hint (mode: 1) for dev.selfhost.firstActivationProbe: 0x102829350, subscriber tag: 0
Aug 27 20:34:07.834005 symptomsd(SymptomEvaluator)[170] <Notice>: Data Usage for dev.selfhost.firstActivationProbe on flow 1182030 - WiFi in/out: 3584/3001, WiFi delta_in/delta_out: 391/504, Cell in/out: 0/0, Cell delta_in/delta_out: 0/0, RNF: 0, subscriber tag: 0
Aug 27 20:34:07.834169 symptomsd(SymptomEvaluator)[170] <Debug>: Data Usage for dev.selfhost.firstActivationProbe on flow 1182030 - Wired in/out: 0/0, Wired delta_in/delta_out: 0/0, subscriber tag: 0
Aug 27 20:34:07.834426 symptomsd(SymptomEvaluator)[170] <Info>: changedForegroundState to 1 for dev.selfhost.firstActivationProbe
Aug 27 20:34:07.834688 symptomsd(SymptomEvaluator)[170] <Debug>: app name dev.selfhost.firstActivationProbe isForeground 1  hasForegroundApps 1, current idea of foreground 0 disp (null)
Aug 27 20:34:07.835086 symptomsd(SymptomEvaluator)[170] <Notice>: dev.selfhost.firstActivationProbe: Foreground: true
Aug 27 20:34:07.835296 symptomsd(SymptomEvaluator)[170] <Debug>: found LU hint (mode: 1) for dev.selfhost.firstActivationProbe: 0x102829350, subscriber tag: 0
Aug 27 20:34:07.845426 SpringBoard(SplashBoard)[47602] <Info>: <XBApplicationSnapshot: 0x109ddf7d0; …2F3B89D0D3F1> [dev.selfhost.firstActivationProbe] Purging the cached image; force: 0; _imageAccessCount: 0; _keepImageAccessUntilExpiration: 0; _hasProtectedContent: 0; _keepImageAccessForPreheat: 0
Aug 27 20:34:07.857767 symptomsd(SymptomEvaluator)[170] <Info>: Set appCompactState object 6585 for key dev.selfhost.firstActivationProbe
Aug 27 20:34:07.868124 Runner(CoreFoundation)[50220] <Debug>: Resource lookup at <private>
Aug 27 20:34:07.874634 Runner(CoreFoundation)[50220] <Debug>: found no value for key EnhancedTextLegibilityEnabled in CFPrefsSearchListSource<0x280c51a80> (Domain: dev.selfhost.firstActivationProbe, Container: (null))
Aug 27 20:34:07.874721 Runner(libAccessibility.dylib)[50220] <Debug>: CF Read: domain = dev.selfhost.firstActivationProbe, preference = EnhancedTextLegibilityEnabled, appID = dev.selfhost.firstActivationProbe result = (null) (-1 - empty, 0 - false, 1 - true)
Aug 27 20:34:07.874921 Runner(CoreFoundation)[50220] <Debug>: found no value for key DarkenSystemColors in CFPrefsSearchListSource<0x280c51a80> (Domain: dev.selfhost.firstActivationProbe, Container: (null))
Aug 27 20:34:07.875059 Runner(libAccessibility.dylib)[50220] <Debug>: CF Read: domain = dev.selfhost.firstActivationProbe, preference = DarkenSystemColors, appID = dev.selfhost.firstActivationProbe result = (null) (-1 - empty, 0 - false, 1 - true)
Aug 27 20:34:07.875096 Runner(CoreFoundation)[50220] <Debug>: found no value for key InvertColorsEnabled in CFPrefsSearchListSource<0x280c51a80> (Domain: dev.selfhost.firstActivationProbe, Container: (null))
Aug 27 20:34:07.875152 Runner(libAccessibility.dylib)[50220] <Debug>: CF Read: domain = dev.selfhost.firstActivationProbe, preference = InvertColorsEnabled, appID = dev.selfhost.firstActivationProbe result = (null) (-1 - empty, 0 - false, 1 - true)
Aug 27 20:34:07.877582 Runner(UIKitCore)[50220] <Notice>: <private>: Ending background task with UIBackgroundTaskIdentifier: 1
Aug 27 20:34:07.877688 Runner(UIKitCore)[50220] <Notice>: <private>: Ending task with identifier 1 and description: <private>, _expireHandler: <__NSGlobalBlock__: 0x1ec737410>
Aug 27 20:34:07.877741 Runner(UIKitCore)[50220] <Notice>: <private>: Decrementing reference count for assertion used by background task with identifier 1: <private>
Aug 27 20:34:07.877778 Runner(UIKitCore)[50220] <Notice>: <private>: Will invalidate assertion: <BKSProcessAssertion: 0x280153c50> for task identifier: 1
Aug 27 20:34:07.877904 runningboardd(RunningBoard)[33] <Info>: Received message from [application<dev.selfhost.firstActivationProbe>:50220] (euid 501, auid 501): async_invalidateAssertionWithIdentifier:
Aug 27 20:34:07.877969 runningboardd(RunningBoard)[33] <Notice>: Invalidating assertion 33-50220-7438 (target:[application<dev.selfhost.firstActivationProbe>:50220]) from originator [application<dev.selfhost.firstActivationProbe>:50220]
<SBTransitionSwitcherModifierEvent: 0x28216af00; type: MainTransition; transitionID: BB2F90AF-91BD-4CCC-B8FF-B4A24862F79C; phase: Complete; animated: YES; fromAppLayout: 0x0; toAppLayout: <SBAppLayout: 0x28087bb80; primary: dev.selfhost.firstActivationProbe:default; environment: main>; fromEnvironmentMode: home-screen; toEnvironmentMode: application; pendingTermination: {(
)}; activating: <SBAppLayout: 0x28087bb80; primary: dev.selfhost.firstActivationProbe:default; environment: main>; dosidoTransitionDirection: 0>
		    <SBIconOverlayVisibilitySwitcherEventResponse: 0x280807600; visible: NO; appLayout: <SBAppLayout: 0x28087bb80; primary: dev.selfhost.firstActivationProbe:default; environment: main>>;
		    <SBIconViewVisibilitySwitcherEventResponse: 0x283edae40; visible: YES; animationSettings: 0x0; appLayout: <SBAppLayout: 0x28087bb80; primary: dev.selfhost.firstActivationProbe:default; environment: main>>;
		    <SBMatchMoveToIconViewSwitcherEventResponse: 0x280807d80; active: NO; appLayout: <SBAppLayout: 0x28087bb80; primary: dev.selfhost.firstActivationProbe:default; environment: main>>;
Aug 27 20:34:07.921201 SpringBoard[47602] <Notice>: Front display did change: <SBApplication: 0x28242b100; dev.selfhost.firstActivationProbe>
        <SBDeviceApplicationSceneEntity: 0x283e6a580; ID: sceneID:dev.selfhost.firstActivationProbe-default; layoutRole: primary>
                            Application: <SBDeviceApplicationSceneEntity: 0x283e6a580; ID: sceneID:dev.selfhost.firstActivationProbe-default; layoutRole: primary>
                            SceneID: sceneID:dev.selfhost.firstActivationProbe-default
                                    Process: <FBApplicationProcess: 0x10a14de30; application<dev.selfhost.firstActivationProbe>:50220(v6D86C)>
                                    SceneID: sceneID:dev.selfhost.firstActivationProbe-default
                                        TIME: 20:34:07.358; DESCRIPTION: Updating scene with watchdog policy: RunWatchdog
        <SBDeviceApplicationSceneEntity: 0x283e6a580; ID: sceneID:dev.selfhost.firstActivationProbe-default; layoutRole: primary>
        <SBDeviceApplicationSceneEntity: 0x283e6a580; ID: sceneID:dev.selfhost.firstActivationProbe-default; layoutRole: primary>
Aug 27 20:34:07.951817 runningboardd(RunningBoard)[33] <Debug>: [daemon<com.apple.CommCenter>:90] query resolved to [application<dev.selfhost.firstActivationProbe>:50220]
Aug 27 20:34:07.952206 bluetoothd(CoreUtils)[86] <Notice>: SystemUI unknown identifier: 'sceneID:dev.selfhost.firstActivationProbe-default' / 'dev.selfhost.firstActivationProbe'
Aug 27 20:34:07.952245 sharingd[66] <Debug>: SystemUI unknown identifier: 'sceneID:dev.selfhost.firstActivationProbe-default'/ 'dev.selfhost.firstActivationProbe'
        <SBSDisplayLayoutElement: 0x28367da40; sceneID:dev.selfhost.firstActivationProbe-default; bundleID: dev.selfhost.firstActivationProbe; frame: {{0, 0}, {375, 667}}; level: 1; role: primary>;
Aug 27 20:34:07.953594 runningboardd(RunningBoard)[33] <Debug>: [daemon<com.apple.SpringBoard>:47602] query resolved to [application<dev.selfhost.firstActivationProbe>:50220]
Aug 27 20:34:07.972805 Runner(CoreFoundation)[50220] <Debug>: found no value for key ReduceMotionEnabled in CFPrefsSearchListSource<0x280c51a80> (Domain: dev.selfhost.firstActivationProbe, Container: (null))
Aug 27 20:34:07.972856 Runner(libAccessibility.dylib)[50220] <Debug>: CF Read: domain = dev.selfhost.firstActivationProbe, preference = ReduceMotionEnabled, appID = dev.selfhost.firstActivationProbe result = (null) (-1 - empty, 0 - false, 1 - true)
Aug 27 20:34:07.984171 runningboardd(RunningBoard)[33] <Debug>: Updating events for assertion: 33-50220-7438 (target:[application<dev.selfhost.firstActivationProbe>:50220])
Aug 27 20:34:07.984261 runningboardd(RunningBoard)[33] <Debug>: Removing assertion 33-50220-7438 on [application<dev.selfhost.firstActivationProbe>:50220]
Aug 27 20:34:07.984307 runningboardd(RunningBoard)[33] <Debug>: Removing events for context: 33-50220-7438 (target:[application<dev.selfhost.firstActivationProbe>:50220])
Aug 27 20:34:07.984452 runningboardd(RunningBoard)[33] <Debug>: > application<dev.selfhost.firstActivationProbe> ['RB Underlying Assertion'] [33-33-7436]
Aug 27 20:34:07.984514 runningboardd(RunningBoard)[33] <Info>: application<dev.selfhost.firstActivationProbe> is now targeted by 4 assertions
Aug 27 20:34:07.984851 runningboardd(RunningBoard)[33] <Debug>: > 50220 ['injecting inherited from "UIScene:com.apple.frontboard.systemappservices::com.apple.springboard" to 50220<UIScene:com.apple.frontboard.systemappservices::sceneID%3Adev.selfhost.firstActivationProbe-default>'] [33-47602-7439]
Aug 27 20:34:08.072090 Runner(CoreFoundation)[50220] <Debug>: found no value for key IncreaseButtonLegibilityEnabled in CFPrefsSearchListSource<0x280c51a80> (Domain: dev.selfhost.firstActivationProbe, Container: (null))
Aug 27 20:34:08.072149 Runner(libAccessibility.dylib)[50220] <Debug>: CF Read: domain = dev.selfhost.firstActivationProbe, preference = IncreaseButtonLegibilityEnabled, appID = dev.selfhost.firstActivationProbe result = (null) (-1 - empty, 0 - false, 1 - true)
Aug 27 20:34:08.072290 Runner(CoreFoundation)[50220] <Debug>: found no value for key ReduceMotionAutoplayVideoPreviewsEnabled in CFPrefsSearchListSource<0x280c51a80> (Domain: dev.selfhost.firstActivationProbe, Container: (null))
Aug 27 20:34:08.072361 Runner(libAccessibility.dylib)[50220] <Debug>: CF Read: domain = dev.selfhost.firstActivationProbe, preference = ReduceMotionAutoplayVideoPreviewsEnabled, appID = dev.selfhost.firstActivationProbe result = (null) (-1 - empty, 0 - false, 1 - true)
Aug 27 20:34:08.208738 SpringBoard(SplashBoard)[47602] <Info>: <XBApplicationSnapshot: 0x109d3cb20; …A909693DA7E7> [dev.selfhost.firstActivationProbe] Purging the cached image; force: 0; _imageAccessCount: 0; _keepImageAccessUntilExpiration: 0; _hasProtectedContent: 0; _keepImageAccessForPreheat: 0
Aug 27 20:34:08.382459 SpringBoard(FrontBoard)[47602] <Notice>: [application<dev.selfhost.firstActivationProbe>:50220] Now acquiring workspace assertion with state: ForegroundFocal.
Aug 27 20:34:08.395168 runningboardd(RunningBoard)[33] <Notice>: Acquiring assertion targeting [application<dev.selfhost.firstActivationProbe>:50220] from originator [daemon<com.apple.SpringBoard>:47602] with description <RBSAssertionDescriptor| "FBWorkspace (ForegroundFocal)" ID:33-47602-7441 target:50220 attributes:[
Aug 27 20:34:08.395693 runningboardd(RunningBoard)[33] <Notice>: Assertion 33-47602-7441 (target:[application<dev.selfhost.firstActivationProbe>:50220]) will be created as active
Aug 27 20:34:08.396263 runningboardd(RunningBoard)[33] <Debug>: BEGIN suppressing state updates for application<dev.selfhost.firstActivationProbe>
Aug 27 20:34:08.396668 runningboardd(RunningBoard)[33] <Debug>: Adding assertion 33-47602-7441 (target:[application<dev.selfhost.firstActivationProbe>:50220])
Aug 27 20:34:08.397074 runningboardd(RunningBoard)[33] <Debug>: Incrementing suppression state to 1 for application<dev.selfhost.firstActivationProbe>
Aug 27 20:34:08.398231 runningboardd(RunningBoard)[33] <Info>: application<dev.selfhost.firstActivationProbe> is now targeted by 5 assertions
Aug 27 20:34:08.399022 runningboardd(RunningBoard)[33] <Debug>: Updating events for assertion: 33-47602-7441 (target:[application<dev.selfhost.firstActivationProbe>:50220])
Aug 27 20:34:08.399424 runningboardd(RunningBoard)[33] <Debug>: Removing events for context: 33-47602-7441 (target:[application<dev.selfhost.firstActivationProbe>:50220])
Aug 27 20:34:08.399814 runningboardd(RunningBoard)[33] <Info>: [application<dev.selfhost.firstActivationProbe>:50220] Applying updated state
Aug 27 20:34:08.400186 runningboardd(RunningBoard)[33] <Debug>: Enqueueing events for assertion: 33-47602-7441 (target:[application<dev.selfhost.firstActivationProbe>:50220])
Aug 27 20:34:08.400584 runningboardd(RunningBoard)[33] <Notice>: Calculated state for application<dev.selfhost.firstActivationProbe>: running-active (role: UserInteractiveFocal)
    <RBSInheritance| environment:UIScene:com.apple.frontboard.systemappservices::sceneID%3Adev.selfhost.firstActivationProbe-default name:com.apple.frontboard.visibility origID:33-47602-7439 payload>
Aug 27 20:34:08.401557 runningboardd(RunningBoard)[33] <Debug>: SUPPRESSING state update for application<dev.selfhost.firstActivationProbe>: <RBSProcessState| task:running-active debug:none terminationResistance:Interactive endowments:[
	<RBSProcessAssertionInfo| type:2 reason:10000 name:"Domain" domain:"com.apple.frontboard:Bootstrap-Foreground,com.apple.frontboard:Visibility" expl:"FBApplicationProcess">,
	<RBSProcessAssertionInfo| type:1 reason:0 name:"Custom" domain:"(null)" expl:"injecting inherited from "UIScene:com.apple.frontboard.systemappservices::com.apple.springboard" to 50220<UIScene:com.apple.frontboard.systemappservices::sceneID%3Adev.selfhost.firstActivationProbe-default>">
Aug 27 20:34:08.402274 runningboardd(RunningBoard)[33] <Info>: Finished acquiring assertion 33-47602-7441 (target:[application<dev.selfhost.firstActivationProbe>:50220])
Aug 27 20:34:08.402628 runningboardd(RunningBoard)[33] <Debug>: Decrementing suppression state to 0 for application<dev.selfhost.firstActivationProbe>
Aug 27 20:34:08.403273 runningboardd(RunningBoard)[33] <Debug>: END suppressing state updates for application<dev.selfhost.firstActivationProbe>
Aug 27 20:34:08.403666 runningboardd(RunningBoard)[33] <Debug>: Sending state update for application<dev.selfhost.firstActivationProbe>: <RBSProcessState| task:running-active debug:none terminationResistance:Interactive endowments:[
	<RBSProcessAssertionInfo| type:2 reason:10000 name:"Domain" domain:"com.apple.frontboard:Bootstrap-Foreground,com.apple.frontboard:Visibility" expl:"FBApplicationProcess">,
	<RBSProcessAssertionInfo| type:1 reason:0 name:"Custom" domain:"(null)" expl:"injecting inherited from "UIScene:com.apple.frontboard.systemappservices::com.apple.springboard" to 50220<UIScene:com.apple.frontboard.systemappservices::sceneID%3Adev.selfhost.firstActivationProbe-default>">
Aug 27 20:34:08.404428 SpringBoard(FrontBoard)[47602] <Notice>: [application<dev.selfhost.firstActivationProbe>:50220] Dropping launch assertion.
Aug 27 20:34:08.406701 SpringBoard(RunningBoardServices)[47602] <Info>: Update skipped for [application<dev.selfhost.firstActivationProbe>:50220] with state: <RBSProcessState| task:running-active debug:none endowments:[
Aug 27 20:34:08.407354 Runner(RunningBoardServices)[50220] <Debug>: Received message from server: async_didChangeInheritances:completion:
Aug 27 20:34:08.407510 Runner(RunningBoardServices)[50220] <Info>: didChangeInheritances
Aug 27 20:34:08.407723 Runner(RunningBoardServices)[50220] <Info>: didChangeInheritances: <RBSInheritanceChangeSet| gained:{(
Aug 27 20:34:08.409466 SpringBoard(RunningBoardServices)[47602] <Info>: Update skipped for [application<dev.selfhost.firstActivationProbe>:50220] with state: <RBSProcessState| task:running-active debug:none endowments:[
Aug 27 20:34:08.409900 SpringBoard(RunningBoardServices)[47602] <Info>: Update skipped for [application<dev.selfhost.firstActivationProbe>:50220] with state: <RBSProcessState| task:running-active debug:none endowments:[
Aug 27 20:34:08.411293 runningboardd(RunningBoard)[33] <Notice>: Invalidating assertion 33-47602-7435 (target:application<dev.selfhost.firstActivationProbe>) from originator [daemon<com.apple.SpringBoard>:47602]
Aug 27 20:34:08.412707 mediaserverd(RunningBoardServices)[36] <Info>: Update skipped for [application<dev.selfhost.firstActivationProbe>:50220] with state: <RBSProcessState| task:running-active debug:none endowments:[
Aug 27 20:34:08.413428 mediaserverd(RunningBoardServices)[36] <Info>: Update skipped for [application<dev.selfhost.firstActivationProbe>:50220] with state: <RBSProcessState| task:running-active debug:none endowments:[
Aug 27 20:34:08.416390 kbd(RunningBoardServices)[303] <Info>: Update skipped for [application<dev.selfhost.firstActivationProbe>:50220] with state: <RBSProcessState| task:running-active debug:none endowments:[
Aug 27 20:34:08.417260 SpringBoard(RunningBoardServices)[47602] <Info>: Update skipped for [application<dev.selfhost.firstActivationProbe>:50220] with state: <RBSProcessState| task:running-active debug:none endowments:[
Aug 27 20:34:08.418122 SpringBoard(RunningBoardServices)[47602] <Info>: Update skipped for [application<dev.selfhost.firstActivationProbe>:50220] with state: <RBSProcessState| task:running-active debug:none endowments:[
Aug 27 20:34:08.422039 watchdogd(RunningBoardServices)[57] <Debug>: Received message from server: async_observedProcessStatesDidChange:completion:
Aug 27 20:34:08.427519 backboardd(RunningBoardServices)[65] <Info>: Update skipped for [application<dev.selfhost.firstActivationProbe>:50220] with state: <RBSProcessState| task:running-active debug:none endowments:[
Aug 27 20:34:08.429124 UserEventAgent(RunningBoardServices)[30] <Info>: Update skipped for [application<dev.selfhost.firstActivationProbe>:50220] with state: <RBSProcessState| task:running-active debug:none endowments:[
	<RBSProcessAssertionInfo| type:2 reason:10000 name:"Domain" domain:"com.apple.frontboard:Bootstrap-Foreground,com.apple.frontboard:Visibility" expl:"FBApplicationProcess">,
	<RBSProcessAssertionInfo| type:1 reason:0 name:"Custom" domain:"(null)" expl:"injecting inherited from "UIScene:com.apple.frontboard.systemappservices::com.apple.springboard" to 50220<UIScene:com.apple.frontboard.systemappservices::sceneID%3Adev.selfhost.firstActivationProbe-default>">
Aug 27 20:34:08.430465 CommCenter(RunningBoardServices)[90] <Info>: Update skipped for [application<dev.selfhost.firstActivationProbe>:50220] with state: <RBSProcessState| task:running-active debug:none endowments:[
Aug 27 20:34:08.438356 watchdogd(RunningBoardServices)[57] <Info>: observedProcessStatesDidChange
Aug 27 20:34:08.438770 watchdogd(RunningBoardServices)[57] <Debug>: Decoded RBSProcessHandle with IPC ID 4b60f880000c42c
Aug 27 20:34:08.438997 wifid(RunningBoardServices)[52] <Info>: Update skipped for [application<dev.selfhost.firstActivationProbe>:50220] with state: <RBSProcessState| task:running-active debug:none endowments:[
Aug 27 20:34:08.439262 watchdogd(RunningBoardServices)[57] <Notice>: Received state update for 50220
Aug 27 20:34:08.443432 aggregated(RunningBoardServices)[50213] <Info>: Update skipped for [application<dev.selfhost.firstActivationProbe>:50220] with state: <RBSProcessState| task:running-active debug:none endowments:[
Aug 27 20:34:08.444363 dasd(RunningBoardServices)[94] <Info>: Update skipped for [application<dev.selfhost.firstActivationProbe>:50220] with state: <RBSProcessState| task:running-active debug:none endowments:[
Aug 27 20:34:08.446533 callservicesd(RunningBoardServices)[131] <Info>: Update skipped for [application<dev.selfhost.firstActivationProbe>:50220] with state: <RBSProcessState| task:running-active debug:none endowments:[
Aug 27 20:34:08.446941 watchdogd(RunningBoardServices)[57] <Info>: Update skipped for [application<dev.selfhost.firstActivationProbe>:50220] with state: <RBSProcessState| task:running-active debug:none endowments:[
Aug 27 20:34:08.447421 useractivityd(RunningBoardServices)[184] <Info>: Update skipped for [application<dev.selfhost.firstActivationProbe>:50220] with state: <RBSProcessState| task:running-active debug:none endowments:[
Aug 27 20:34:08.447606 dasd(RunningBoardServices)[94] <Info>: Update skipped for [application<dev.selfhost.firstActivationProbe>:50220] with state: <RBSProcessState| task:running-active debug:none endowments:[
Aug 27 20:34:08.448008 locationd(RunningBoardServices)[69] <Info>: Update skipped for [application<dev.selfhost.firstActivationProbe>:50220] with state: <RBSProcessState| task:running-active debug:none endowments:[
Aug 27 20:34:08.449205 contextstored(RunningBoardServices)[61] <Info>: Update skipped for [application<dev.selfhost.firstActivationProbe>:50220] with state: <RBSProcessState| task:running-active debug:none endowments:[
Aug 27 20:34:08.450171 dasd(RunningBoardServices)[94] <Info>: Update skipped for [application<dev.selfhost.firstActivationProbe>:50220] with state: <RBSProcessState| task:running-active debug:none endowments:[
Aug 27 20:34:08.451006 symptomsd(RunningBoardServices)[170] <Info>: Update skipped for [application<dev.selfhost.firstActivationProbe>:50220] with state: <RBSProcessState| task:running-active debug:none endowments:[
Aug 27 20:34:08.453005 UserEventAgent(RunningBoardServices)[30] <Info>: Update delivered for [application<dev.selfhost.firstActivationProbe>:50220] with taskState 4
Aug 27 20:34:08.511085 runningboardd(RunningBoard)[33] <Debug>: Updating events for assertion: 33-47602-7435 (target:application<dev.selfhost.firstActivationProbe>)
Aug 27 20:34:08.511888 runningboardd(RunningBoard)[33] <Debug>: Removing assertion 33-47602-7435 on application<dev.selfhost.firstActivationProbe>
Aug 27 20:34:08.512501 runningboardd(RunningBoard)[33] <Debug>: Removing events for context: 33-47602-7435 (target:application<dev.selfhost.firstActivationProbe>)
Aug 27 20:34:08.512941 runningboardd(RunningBoard)[33] <Debug>: > application<dev.selfhost.firstActivationProbe> ['FBWorkspace (ForegroundFocal)'] [33-47602-7441]
Aug 27 20:34:08.514239 runningboardd(RunningBoard)[33] <Debug>: > application<dev.selfhost.firstActivationProbe> ['com.apple.frontboard.after-life.interrupted'] [33-47602-7437]
Aug 27 20:34:08.517668 runningboardd(RunningBoard)[33] <Debug>: > application<dev.selfhost.firstActivationProbe> ['injecting inherited from "UIScene:com.apple.frontboard.systemappservices::com.apple.springboard" to 50220<UIScene:com.apple.frontboard.systemappservices::sceneID%3Adev.selfhost.firstActivationProbe-default>'] [33-47602-7439]
Aug 27 20:34:08.520891 runningboardd(RunningBoard)[33] <Info>: application<dev.selfhost.firstActivationProbe> is now targeted by 4 assertions
Aug 27 20:34:08.521771 runningboardd(RunningBoard)[33] <Debug>: > 47602 ['injecting inherited from "UIScene:com.apple.frontboard.systemappservices::com.apple.springboard" to 50220<UIScene:com.apple.frontboard.systemappservices::sceneID%3Adev.selfhost.firstActivationProbe-default>'] [33-47602-7439]
Aug 27 20:34:08.522661 runningboardd(RunningBoard)[33] <Info>: [application<dev.selfhost.firstActivationProbe>:50220] Applying updated state
Aug 27 20:34:08.522951 runningboardd(RunningBoard)[33] <Notice>: Calculated state for application<dev.selfhost.firstActivationProbe>: running-active (role: UserInteractiveFocal)
    <RBSInheritance| environment:UIScene:com.apple.frontboard.systemappservices::sceneID%3Adev.selfhost.firstActivationProbe-default name:com.apple.frontboard.visibility origID:33-47602-7439 payload>,
Aug 27 20:34:08.523546 runningboardd(RunningBoard)[33] <Debug>: Sending state update for application<dev.selfhost.firstActivationProbe>: <RBSProcessState| task:running-active debug:none terminationResistance:Interactive endowments:[
	<RBSProcessAssertionInfo| type:1 reason:0 name:"Custom" domain:"(null)" expl:"injecting inherited from "UIScene:com.apple.frontboard.systemappservices::com.apple.springboard" to 50220<UIScene:com.apple.frontboard.systemappservices::sceneID%3Adev.selfhost.firstActivationProbe-default>">,
Aug 27 20:34:08.524429 runningboardd(RunningBoard)[33] <Debug>: BEGIN suppressing state updates for application<dev.selfhost.firstActivationProbe>
Aug 27 20:34:08.525015 Runner(RunningBoardServices)[50220] <Debug>: Received message from server: async_didChangeInheritances:completion:
Aug 27 20:34:08.525204 Runner(RunningBoardServices)[50220] <Info>: didChangeInheritances
Aug 27 20:34:08.525440 Runner(RunningBoardServices)[50220] <Info>: didChangeInheritances: <RBSInheritanceChangeSet| gained:(null) lost:{(
Aug 27 20:34:08.525669 runningboardd(RunningBoard)[33] <Debug>: Incrementing suppression state to 1 for application<dev.selfhost.firstActivationProbe>
Aug 27 20:34:08.525916 powerd[43] <Notice>: Process runningboardd.33 Released SystemIsActive "application<dev.selfhost.firstActivationProbe>;(null):(null);33-47602-7435:FBApplicationProcess" age:00:00:01  id:51539649916 [System: SysAct]
Aug 27 20:34:08.526735 SpringBoard(RunningBoardServices)[47602] <Info>: Update skipped for [application<dev.selfhost.firstActivationProbe>:50220] with state: <RBSProcessState| task:running-active debug:none endowments:[
Aug 27 20:34:08.527071 mediaserverd(RunningBoardServices)[36] <Info>: Update skipped for [application<dev.selfhost.firstActivationProbe>:50220] with state: <RBSProcessState| task:running-active debug:none endowments:[
Aug 27 20:34:08.527177 SpringBoard(RunningBoardServices)[47602] <Info>: Update skipped for [application<dev.selfhost.firstActivationProbe>:50220] with state: <RBSProcessState| task:running-active debug:none endowments:[
Aug 27 20:34:08.527283 mediaserverd(RunningBoardServices)[36] <Info>: Update skipped for [application<dev.selfhost.firstActivationProbe>:50220] with state: <RBSProcessState| task:running-active debug:none endowments:[
Aug 27 20:34:08.527399 SpringBoard(RunningBoardServices)[47602] <Info>: Update skipped for [application<dev.selfhost.firstActivationProbe>:50220] with state: <RBSProcessState| task:running-active debug:none endowments:[
Aug 27 20:34:08.527511 SpringBoard(RunningBoardServices)[47602] <Info>: Update skipped for [application<dev.selfhost.firstActivationProbe>:50220] with state: <RBSProcessState| task:running-active debug:none endowments:[
Aug 27 20:34:08.527670 SpringBoard(RunningBoardServices)[47602] <Info>: Update skipped for [application<dev.selfhost.firstActivationProbe>:50220] with state: <RBSProcessState| task:running-active debug:none endowments:[
Aug 27 20:34:08.528977 kbd(RunningBoardServices)[303] <Info>: Update skipped for [application<dev.selfhost.firstActivationProbe>:50220] with state: <RBSProcessState| task:running-active debug:none endowments:[
Aug 27 20:34:08.532870 UserEventAgent(RunningBoardServices)[30] <Info>: Update skipped for [application<dev.selfhost.firstActivationProbe>:50220] with state: <RBSProcessState| task:running-active debug:none endowments:[
	<RBSProcessAssertionInfo| type:1 reason:0 name:"Custom" domain:"(null)" expl:"injecting inherited from "UIScene:com.apple.frontboard.systemappservices::com.apple.springboard" to 50220<UIScene:com.apple.frontboard.systemappservices::sceneID%3Adev.selfhost.firstActivationProbe-default>">,
Aug 27 20:34:08.535264 backboardd(RunningBoardServices)[65] <Info>: Update skipped for [application<dev.selfhost.firstActivationProbe>:50220] with state: <RBSProcessState| task:running-active debug:none endowments:[
Aug 27 20:34:08.535730 watchdogd(RunningBoardServices)[57] <Debug>: Received message from server: async_observedProcessStatesDidChange:completion:
Aug 27 20:34:08.538018 CommCenter(RunningBoardServices)[90] <Info>: Update skipped for [application<dev.selfhost.firstActivationProbe>:50220] with state: <RBSProcessState| task:running-active debug:none endowments:[
Aug 27 20:34:08.541841 locationd(RunningBoardServices)[69] <Info>: Update skipped for [application<dev.selfhost.firstActivationProbe>:50220] with state: <RBSProcessState| task:running-active debug:none endowments:[
Aug 27 20:34:08.542205 watchdogd(RunningBoardServices)[57] <Info>: observedProcessStatesDidChange
Aug 27 20:34:08.542933 watchdogd(RunningBoardServices)[57] <Debug>: Decoded RBSProcessHandle with IPC ID 4b60f880000c42c
Aug 27 20:34:08.547036 dasd(RunningBoardServices)[94] <Info>: Update skipped for [application<dev.selfhost.firstActivationProbe>:50220] with state: <RBSProcessState| task:running-active debug:none endowments:[
Aug 27 20:34:08.547428 aggregated(RunningBoardServices)[50213] <Info>: Update skipped for [application<dev.selfhost.firstActivationProbe>:50220] with state: <RBSProcessState| task:running-active debug:none endowments:[
Aug 27 20:34:08.547843 watchdogd(RunningBoardServices)[57] <Notice>: Received state update for 50220
Aug 27 20:34:08.548182 wifid(RunningBoardServices)[52] <Info>: Update skipped for [application<dev.selfhost.firstActivationProbe>:50220] with state: <RBSProcessState| task:running-active debug:none endowments:[
Aug 27 20:34:08.548904 callservicesd(RunningBoardServices)[131] <Info>: Update skipped for [application<dev.selfhost.firstActivationProbe>:50220] with state: <RBSProcessState| task:running-active debug:none endowments:[
Aug 27 20:34:08.549312 contextstored(RunningBoardServices)[61] <Info>: Update skipped for [application<dev.selfhost.firstActivationProbe>:50220] with state: <RBSProcessState| task:running-active debug:none endowments:[
Aug 27 20:34:08.550409 dasd(RunningBoardServices)[94] <Info>: Update skipped for [application<dev.selfhost.firstActivationProbe>:50220] with state: <RBSProcessState| task:running-active debug:none endowments:[
Aug 27 20:34:08.551027 useractivityd(RunningBoardServices)[184] <Info>: Update skipped for [application<dev.selfhost.firstActivationProbe>:50220] with state: <RBSProcessState| task:running-active debug:none endowments:[
Aug 27 20:34:08.554270 dasd(RunningBoardServices)[94] <Info>: Update skipped for [application<dev.selfhost.firstActivationProbe>:50220] with state: <RBSProcessState| task:running-active debug:none endowments:[
Aug 27 20:34:08.555069 watchdogd(RunningBoardServices)[57] <Info>: Update skipped for [application<dev.selfhost.firstActivationProbe>:50220] with state: <RBSProcessState| task:running-active debug:none endowments:[
Aug 27 20:34:08.556384 symptomsd(RunningBoardServices)[170] <Info>: Update skipped for [application<dev.selfhost.firstActivationProbe>:50220] with state: <RBSProcessState| task:running-active debug:none endowments:[
Aug 27 20:34:08.557365 UserEventAgent(RunningBoardServices)[30] <Info>: Update delivered for [application<dev.selfhost.firstActivationProbe>:50220] with taskState 4
Aug 27 20:34:08.620606 runningboardd(RunningBoard)[33] <Debug>: Decrementing suppression state to 0 for application<dev.selfhost.firstActivationProbe>
Aug 27 20:34:08.620867 runningboardd(RunningBoard)[33] <Debug>: END suppressing state updates for application<dev.selfhost.firstActivationProbe>
Aug 27 20:34:08.851856 Runner(CoreFoundation)[50220] <Debug>: found no value for key QuickSpeak in CFPrefsSearchListSource<0x280c55500> (Domain: com.apple.Accessibility, Container: (null))
Aug 27 20:34:08.852638 Runner(libAccessibility.dylib)[50220] <Debug>: CF Read: domain = com.apple.Accessibility, preference = QuickSpeak, appID = (null) result = (null) (-1 - empty, 0 - false, 1 - true)
Aug 27 20:34:08.853317 Runner(CoreFoundation)[50220] <Debug>: found no value for key QuickSpeak in CFPrefsPlistSource<0x280c55a00> (Domain: com.apple.Accessibility, User: kCFPreferencesCurrentUser, ByHost: No, Container: (null), Contents Need Refresh: No)
Aug 27 20:34:09.296904 mediaserverd(CoreMotion)[36] <Debug>: Ping timer fired, resetting watchdog
Aug 27 20:34:09.331446 nearbyd(CoreMotion)[157] <Debug>: Ping timer fired, resetting watchdog
Aug 27 20:34:09.390051 locationd[69] <Debug>: Ping timer fired, resetting watchdog
Aug 27 20:34:11.277063 SpringBoard(CoreMotion)[47602] <Debug>: Ping timer fired, resetting watchdog
Aug 27 20:34:11.415420 wifid(WiFiPolicy)[52] <Notice>: __WiFiLQAMgrLogStats(tech support:Stationary): Rssi: -37 {-37 0} Channel: 44 Bandwidth: 80Mhz Snr: 35 Cca: 11 (S:0 O:0 I:0) TxPer: 0.0% (8) BcnPer: 0.0% (0, 50.5%) RxFrms: 10 RxRetryFrames: 7 TxRate: 24000 RxRate: 702000 FBRate: 520000 TxFwFrms: 2 TxFwFail: 0 TxReTrans: 0 time: 771.4secs fgApp: dev.selfhost.firstActivationProbe
Aug 27 20:34:11.722747 backboardd(CoreMotion)[65] <Debug>: Ping timer fired, resetting watchdog
Aug 27 20:34:12.119875 biometrickitd(CoreMotion)[109] <Debug>: Ping timer fired, resetting watchdog
Aug 27 20:34:12.643472 watchdogd[57] <Debug>: 1246900151096583: <private>
Aug 27 20:34:12.644000 watchdogd[57] <Info>: 1246900151455666: <private>
Aug 27 20:34:12.645840 watchdogd[57] <Debug>: 1246900151650958: <private>
Aug 27 20:34:12.646327 watchdogd[57] <Debug>: 1246900151732458: <private>
Aug 27 20:34:12.646820 watchdogd[57] <Info>: 1246900151737916: <private>
Aug 27 20:34:12.647283 watchdogd[57] <Debug>: 1246900151989833: <private>
Aug 27 20:34:12.647650 watchdogd[57] <Debug>: 1246900152172625: <private>
Aug 27 20:34:12.648022 watchdogd[57] <Debug>: 1246900152359708: <private>
Aug 27 20:34:12.648386 watchdogd[57] <Debug>: 1246900152519208: <private>
Aug 27 20:34:12.648703 watchdogd[57] <Debug>: 1246900152676125: <private>
Aug 27 20:34:12.649252 watchdogd[57] <Info>: 1246900152708875: <private>
Aug 27 20:34:12.649615 watchdogd[57] <Info>: 1246900152718291: <private>
Aug 27 20:34:12.650184 watchdogd[57] <Info>: 1246900152721416: <private>
Aug 27 20:34:12.650628 watchdogd[57] <Info>: 1246900152724041: <private>
Aug 27 20:34:12.651039 watchdogd[57] <Info>: 1246900152726416: <private>
Aug 27 20:34:12.651439 watchdogd[57] <Info>: 1246900152728666: <private>
Aug 27 20:34:12.651874 watchdogd[57] <Info>: 1246900152731000: <private>
Aug 27 20:34:12.652226 watchdogd[57] <Info>: 1246900152733250: <private>
Aug 27 20:34:14.118224 locationd[69] <Debug>: Fence: cancelLocationWatchdog, num fences, 1, location type, <private>
Aug 27 20:34:14.118314 locationd[69] <Debug>: Fence: cancelLocationWatchdog
Aug 27 20:34:14.295964 mediaserverd(CoreMotion)[36] <Debug>: Ping timer fired, resetting watchdog
Aug 27 20:34:14.328158 nearbyd(CoreMotion)[157] <Debug>: Ping timer fired, resetting watchdog
Aug 27 20:34:14.389516 locationd[69] <Debug>: Ping timer fired, resetting watchdog
Aug 27 20:34:14.577859 runningboardd(RunningBoard)[33] <Notice>: [daemon<com.apple.backupd>:50214] termination reported by launchd (0, 0, 0)
Aug 27 20:34:14.580544 runningboardd(RunningBoard)[33] <Notice>: Removing assertions for terminated process: [daemon<com.apple.backupd>:50214]
Aug 27 20:34:14.585190 runningboardd(RunningBoard)[33] <Debug>: Sending state update for daemon<com.apple.backupd>: <RBSProcessState| task:none debug:none terminationResistance:None>
Aug 27 20:34:16.278151 SpringBoard(CoreMotion)[47602] <Debug>: Ping timer fired, resetting watchdog
Aug 27 20:34:16.423505 wifid(WiFiPolicy)[52] <Notice>: __WiFiLQAMgrLogStats(tech support:Stationary): Rssi: -37 {0 0} Channel: 44 Bandwidth: 80Mhz Snr: 0 Cca: 16 (S:0 O:0 I:0) TxPer: 0.0% (0) BcnPer: 0.0% (0, 50.5%) RxFrms: 0 RxRetryFrames: 0 TxRate: 0 RxRate: 0 FBRate: 0 TxFwFrms: 0 TxFwFail: 0 TxReTrans: 0 time: 776.4secs fgApp: dev.selfhost.firstActivationProbe
Aug 27 20:34:16.723629 backboardd(CoreMotion)[65] <Debug>: Ping timer fired, resetting watchdog
Aug 27 20:34:17.119970 biometrickitd(CoreMotion)[109] <Debug>: Ping timer fired, resetting watchdog
Aug 27 20:34:17.316345 runningboardd(RunningBoard)[33] <Info>: _requestedJetsamPriority = 4, _executablePath = /Developer/usr/bin/ScreenShotr
Aug 27 20:34:17.318606 runningboardd(RunningBoard)[33] <Info>: _requestedJetsamPriority = 4, _executablePath = /Developer/usr/bin/ScreenShotr
Aug 27 20:34:17.319495 SpringBoard(FrontBoard)[47602] <Notice>: Asked to bootstrap a new process for handle: [anon<ScreenShotr>:50222]
Aug 27 20:34:17.320294 SpringBoard(FrontBoard)[47602] <Notice>: Bootstrapping anon<ScreenShotr>
Aug 27 20:34:17.320371 SpringBoard(FrontBoard)[47602] <Notice>: [anon<ScreenShotr>:50222] Bootstrap success!
Aug 27 20:34:17.321253 runningboardd(RunningBoard)[33] <Debug>: Sending state update for anon<ScreenShotr>: <RBSProcessState| task:running debug:none terminationResistance:None>
Aug 27 20:34:17.535434 runningboardd(RunningBoard)[33] <Notice>: [anon<ScreenShotr>:50222] termination reported by launchd (0, 0, 0)
Aug 27 20:34:17.537340 runningboardd(RunningBoard)[33] <Notice>: Removing assertions for terminated process: [anon<ScreenShotr>:50222]
Aug 27 20:34:17.538081 runningboardd(RunningBoard)[33] <Debug>: Sending state update for anon<ScreenShotr>: <RBSProcessState| task:none debug:none terminationResistance:None>
Aug 27 20:34:19.295832 mediaserverd(CoreMotion)[36] <Debug>: Ping timer fired, resetting watchdog
Aug 27 20:34:19.352496 nearbyd(CoreMotion)[157] <Debug>: Ping timer fired, resetting watchdog
Aug 27 20:34:19.528339 locationd[69] <Debug>: Ping timer fired, resetting watchdog
Aug 27 20:34:21.279823 SpringBoard(CoreMotion)[47602] <Debug>: Ping timer fired, resetting watchdog
Aug 27 20:34:21.436139 wifid(WiFiPolicy)[52] <Notice>: __WiFiLQAMgrLogStats(tech support:Stationary): Rssi: -37 {-37 0} Channel: 44 Bandwidth: 80Mhz Snr: 35 Cca: 16 (S:0 O:0 I:0) TxPer: 0.0% (0) BcnPer: 2.0% (98, 50.5%) RxFrms: 6 RxRetryFrames: 0 TxRate: 24000 RxRate: 702000 FBRate: 520000 TxFwFrms: 6 TxFwFail: 0 TxReTrans: 0 time: 781.5secs fgApp: dev.selfhost.firstActivationProbe
Aug 27 20:34:21.722818 backboardd(CoreMotion)[65] <Debug>: Ping timer fired, resetting watchdog
Aug 27 20:34:22.120335 biometrickitd(CoreMotion)[109] <Debug>: Ping timer fired, resetting watchdog
Aug 27 20:34:22.640797 watchdogd[57] <Debug>: 1246910151601750: <private>
Aug 27 20:34:22.642457 watchdogd[57] <Info>: 1246910152192000: <private>
Aug 27 20:34:22.645040 watchdogd[57] <Debug>: 1246910152348416: <private>
Aug 27 20:34:22.645801 watchdogd[57] <Info>: 1246910152359708: <private>
Aug 27 20:34:22.646216 watchdogd[57] <Debug>: 1246910152483375: <private>
Aug 27 20:34:22.646734 watchdogd[57] <Debug>: 1246910152997625: <private>
Aug 27 20:34:22.647124 watchdogd[57] <Debug>: 1246910153698708: <private>
Aug 27 20:34:22.647569 watchdogd[57] <Debug>: 1246910153931458: <private>
Aug 27 20:34:22.647950 watchdogd[57] <Debug>: 1246910154235708: <private>
Aug 27 20:34:22.648315 watchdogd[57] <Debug>: 1246910154514541: <private>
Aug 27 20:34:22.648749 watchdogd[57] <Info>: 1246910154574125: <private>
Aug 27 20:34:22.649208 watchdogd[57] <Info>: 1246910154589333: <private>
Aug 27 20:34:22.649518 watchdogd[57] <Info>: 1246910154595416: <private>
Aug 27 20:34:22.650109 watchdogd[57] <Info>: 1246910154600583: <private>
Aug 27 20:34:22.650569 watchdogd[57] <Info>: 1246910154605041: <private>
Aug 27 20:34:22.650975 watchdogd[57] <Info>: 1246910154609208: <private>
Aug 27 20:34:22.651600 watchdogd[57] <Info>: 1246910154613416: <private>
Aug 27 20:34:22.652042 watchdogd[57] <Info>: 1246910154617708: <private>
Aug 27 20:34:24.297049 mediaserverd(CoreMotion)[36] <Debug>: Ping timer fired, resetting watchdog
Aug 27 20:34:24.336191 nearbyd(CoreMotion)[157] <Debug>: Ping timer fired, resetting watchdog
Aug 27 20:34:24.390302 locationd[69] <Debug>: Ping timer fired, resetting watchdog
Aug 27 20:34:26.278252 SpringBoard(CoreMotion)[47602] <Debug>: Ping timer fired, resetting watchdog
Aug 27 20:34:26.461162 wifid(WiFiPolicy)[52] <Notice>: __WiFiLQAMgrLogStats(tech support:Stationary): Rssi: -37 {-36 0} Channel: 44 Bandwidth: 80Mhz Snr: 35 Cca: 16 (S:0 O:0 I:0) TxPer: 0.0% (0) BcnPer: 1.1% (94, 50.5%) RxFrms: 4 RxRetryFrames: 0 TxRate: 24000 RxRate: 702000 FBRate: 520000 TxFwFrms: 0 TxFwFail: 0 TxReTrans: 0 time: 786.5secs fgApp: dev.selfhost.firstActivationProbe
Aug 27 20:34:26.723047 backboardd(CoreMotion)[65] <Debug>: Ping timer fired, resetting watchdog
Aug 27 20:34:27.119414 biometrickitd(CoreMotion)[109] <Debug>: Ping timer fired, resetting watchdog
Aug 27 20:34:29.296175 mediaserverd(CoreMotion)[36] <Debug>: Ping timer fired, resetting watchdog
Aug 27 20:34:29.330303 nearbyd(CoreMotion)[157] <Debug>: Ping timer fired, resetting watchdog
Aug 27 20:34:29.389493 locationd[69] <Debug>: Ping timer fired, resetting watchdog
Aug 27 20:34:31.118441 routined(libcoreroutine.dylib)[38] <Debug>: pipeline, com.apple.routined.visit.pipeline.realtime-low-confidence, iteration, 3364, is terminated by <private>
Aug 27 20:34:31.138581 routined(libcoreroutine.dylib)[38] <Debug>: pipeline, com.apple.routined.visit.pipeline.realtime-high-confidence, iteration, 3364, is terminated by <private>
Aug 27 20:34:31.276876 SpringBoard(CoreMotion)[47602] <Debug>: Ping timer fired, resetting watchdog
Aug 27 20:34:31.473234 wifid(WiFiPolicy)[52] <Notice>: __WiFiLQAMgrLogStats(tech support:Stationary): Rssi: -38 {-37 0} Channel: 44 Bandwidth: 80Mhz Snr: 35 Cca: 16 (S:0 O:0 I:0) TxPer: 0.0% (0) BcnPer: 0.0% (0, 50.5%) RxFrms: 3 RxRetryFrames: 0 TxRate: 24000 RxRate: 702000 FBRate: 520000 TxFwFrms: 0 TxFwFail: 0 TxReTrans: 0 time: 791.5secs fgApp: dev.selfhost.firstActivationProbe
Aug 27 20:34:31.723743 backboardd(CoreMotion)[65] <Debug>: Ping timer fired, resetting watchdog
Aug 27 20:34:32.120083 biometrickitd(CoreMotion)[109] <Debug>: Ping timer fired, resetting watchdog
Aug 27 20:34:32.641022 watchdogd[57] <Debug>: 1246920152351250: <private>
Aug 27 20:34:32.642748 watchdogd[57] <Info>: 1246920152936625: <private>
Aug 27 20:34:32.643634 watchdogd[57] <Debug>: 1246920153081875: <private>
Aug 27 20:34:32.645411 watchdogd[57] <Debug>: 1246920153448041: <private>
Aug 27 20:34:32.646488 watchdogd[57] <Info>: 1246920153458416: <private>
Aug 27 20:34:32.647331 watchdogd[57] <Debug>: 1246920154004291: <private>
Aug 27 20:34:32.647714 watchdogd[57] <Debug>: 1246920154566291: <private>
Aug 27 20:34:32.648147 watchdogd[57] <Debug>: 1246920154750875: <private>
Aug 27 20:34:32.648488 watchdogd[57] <Debug>: 1246920155185291: <private>
Aug 27 20:34:32.648923 watchdogd[57] <Debug>: 1246920155386541: <private>
Aug 27 20:34:32.649327 watchdogd[57] <Info>: 1246920155444541: <private>
Aug 27 20:34:32.649722 watchdogd[57] <Info>: 1246920155458875: <private>
Aug 27 20:34:32.650127 watchdogd[57] <Info>: 1246920155464666: <private>
Aug 27 20:34:32.650518 watchdogd[57] <Info>: 1246920155469916: <private>
Aug 27 20:34:32.651051 watchdogd[57] <Info>: 1246920155474250: <private>
Aug 27 20:34:32.651524 watchdogd[57] <Info>: 1246920155478291: <private>
Aug 27 20:34:32.651958 watchdogd[57] <Info>: 1246920155482291: <private>
Aug 27 20:34:32.652515 watchdogd[57] <Info>: 1246920155486166: <private>
Aug 27 20:34:32.652859 watchdogd[57] <Info>: 1246920156254583: <private>
Aug 27 20:34:33.666239 symptomsd(SymptomEvaluator)[170] <Debug>: COSMCtrl applyPolicyDelta for E01B2FEA-36F1-3C21-AADE-93AC8E03F45C -> dev.selfhost.firstActivationProbe  policy id 0  fg 1 fg-activity 0
Aug 27 20:34:34.297082 mediaserverd(CoreMotion)[36] <Debug>: Ping timer fired, resetting watchdog
Aug 27 20:34:34.329227 nearbyd(CoreMotion)[157] <Debug>: Ping timer fired, resetting watchdog
Aug 27 20:34:34.390218 locationd[69] <Debug>: Ping timer fired, resetting watchdog
Aug 27 20:34:36.278313 SpringBoard(CoreMotion)[47602] <Debug>: Ping timer fired, resetting watchdog
Aug 27 20:34:36.505533 wifid(WiFiPolicy)[52] <Notice>: __WiFiLQAMgrLogStats(tech support:Stationary): Rssi: -38 {-37 0} Channel: 44 Bandwidth: 80Mhz Snr: 35 Cca: 16 (S:0 O:0 I:0) TxPer: 0.0% (0) BcnPer: 1.0% (98, 50.5%) RxFrms: 3 RxRetryFrames: 0 TxRate: 24000 RxRate: 6000 FBRate: 520000 TxFwFrms: 2 TxFwFail: 0 TxReTrans: 0 time: 796.5secs fgApp: dev.selfhost.firstActivationProbe
Aug 27 20:34:36.723722 backboardd(CoreMotion)[65] <Debug>: Ping timer fired, resetting watchdog
Aug 27 20:34:37.120454 biometrickitd(CoreMotion)[109] <Debug>: Ping timer fired, resetting watchdog
Aug 27 20:34:39.296235 mediaserverd(CoreMotion)[36] <Debug>: Ping timer fired, resetting watchdog
Aug 27 20:34:39.341528 nearbyd(CoreMotion)[157] <Debug>: Ping timer fired, resetting watchdog
Aug 27 20:34:39.390255 locationd[69] <Debug>: Ping timer fired, resetting watchdog
Aug 27 20:34:41.277744 SpringBoard(CoreMotion)[47602] <Debug>: Ping timer fired, resetting watchdog
Aug 27 20:34:41.489195 wifid(WiFiPolicy)[52] <Notice>: __WiFiLQAMgrLogStats(tech support:Stationary): Rssi: -38 {-38 0} Channel: 44 Bandwidth: 80Mhz Snr: 35 Cca: 16 (S:0 O:0 I:0) TxPer: 0.0% (0) BcnPer: 0.0% (0, 50.5%) RxFrms: 8 RxRetryFrames: 0 TxRate: 24000 RxRate: 6000 FBRate: 520000 TxFwFrms: 0 TxFwFail: 0 TxReTrans: 0 time: 801.5secs fgApp: dev.selfhost.firstActivationProbe
Aug 27 20:34:41.722969 backboardd(CoreMotion)[65] <Debug>: Ping timer fired, resetting watchdog
Aug 27 20:34:42.120314 biometrickitd(CoreMotion)[109] <Debug>: Ping timer fired, resetting watchdog
Aug 27 20:34:42.641783 watchdogd[57] <Debug>: 1246930153087375: <private>
Aug 27 20:34:42.642833 watchdogd[57] <Info>: 1246930153664500: <private>
Aug 27 20:34:42.645077 watchdogd[57] <Debug>: 1246930153817875: <private>
Aug 27 20:34:42.645578 watchdogd[57] <Info>: 1246930153829458: <private>
Aug 27 20:34:42.646058 watchdogd[57] <Debug>: 1246930153951666: <private>
Aug 27 20:34:42.646495 watchdogd[57] <Debug>: 1246930154454041: <private>
Aug 27 20:34:42.646927 watchdogd[57] <Debug>: 1246930155160708: <private>
Aug 27 20:34:42.647433 watchdogd[57] <Debug>: 1246930155590500: <private>
Aug 27 20:34:42.648116 watchdogd[57] <Debug>: 1246930155712000: <private>
Aug 27 20:34:42.648692 watchdogd[57] <Debug>: 1246930156095875: <private>
Aug 27 20:34:42.649127 watchdogd[57] <Info>: 1246930156159250: <private>
Aug 27 20:34:42.649510 watchdogd[57] <Info>: 1246930156175458: <private>
Aug 27 20:34:42.649927 watchdogd[57] <Info>: 1246930156181416: <private>
Aug 27 20:34:42.650340 watchdogd[57] <Info>: 1246930156186333: <private>
Aug 27 20:34:42.650738 watchdogd[57] <Info>: 1246930156190791: <private>
Aug 27 20:34:42.651150 watchdogd[57] <Info>: 1246930156194916: <private>
Aug 27 20:34:42.651573 watchdogd[57] <Info>: 1246930156199000: <private>
Aug 27 20:34:42.652024 watchdogd[57] <Info>: 1246930156202958: <private>
Aug 27 20:34:44.308506 mediaserverd(CoreMotion)[36] <Debug>: Ping timer fired, resetting watchdog
Aug 27 20:34:44.325815 nearbyd(CoreMotion)[157] <Debug>: Ping timer fired, resetting watchdog
Aug 27 20:34:44.390293 locationd[69] <Debug>: Ping timer fired, resetting watchdog
Aug 27 20:34:46.278422 SpringBoard(CoreMotion)[47602] <Debug>: Ping timer fired, resetting watchdog
Aug 27 20:34:46.512516 wifid(WiFiPolicy)[52] <Notice>: __WiFiLQAMgrLogStats(tech support:Stationary): Rssi: -38 {-37 0} Channel: 44 Bandwidth: 80Mhz Snr: 35 Cca: 43 (S:0 O:0 I:0) TxPer: 0.0% (0) BcnPer: 2.0% (98, 50.5%) RxFrms: 3 RxRetryFrames: 0 TxRate: 24000 RxRate: 6000 FBRate: 520000 TxFwFrms: 0 TxFwFail: 0 TxReTrans: 0 time: 806.5secs fgApp: dev.selfhost.firstActivationProbe
Aug 27 20:34:46.723709 backboardd(CoreMotion)[65] <Debug>: Ping timer fired, resetting watchdog
Aug 27 20:34:47.120227 biometrickitd(CoreMotion)[109] <Debug>: Ping timer fired, resetting watchdog
Aug 27 20:34:49.297135 mediaserverd(CoreMotion)[36] <Debug>: Ping timer fired, resetting watchdog
Aug 27 20:34:49.329252 nearbyd(CoreMotion)[157] <Debug>: Ping timer fired, resetting watchdog
Aug 27 20:34:49.397934 locationd[69] <Debug>: Ping timer fired, resetting watchdog
Aug 27 20:34:50.527589 runningboardd(RunningBoard)[33] <Info>: _requestedJetsamPriority = 6, _executablePath = /System/Library/PrivateFrameworks/MobileBackup.framework/backupd
Aug 27 20:34:50.532951 runningboardd(RunningBoard)[33] <Info>: _requestedJetsamPriority = 6, _executablePath = /System/Library/PrivateFrameworks/MobileBackup.framework/backupd
Aug 27 20:34:50.535485 runningboardd(RunningBoard)[33] <Debug>: Sending state update for daemon<com.apple.backupd>: <RBSProcessState| task:running debug:none terminationResistance:None>
Aug 27 20:34:51.278531 SpringBoard(CoreMotion)[47602] <Debug>: Ping timer fired, resetting watchdog
Aug 27 20:34:51.524676 wifid(WiFiPolicy)[52] <Notice>: __WiFiLQAMgrLogStats(tech support:Stationary): Rssi: -37 {-37 0} Channel: 44 Bandwidth: 80Mhz Snr: 35 Cca: 36 (S:0 O:0 I:0) TxPer: 0.0% (0) BcnPer: 0.0% (0, 50.5%) RxFrms: 11 RxRetryFrames: 0 TxRate: 24000 RxRate: 6000 FBRate: 520000 TxFwFrms: 0 TxFwFail: 0 TxReTrans: 0 time: 811.5secs fgApp: dev.selfhost.firstActivationProbe
Aug 27 20:34:51.725702 backboardd(CoreMotion)[65] <Debug>: Ping timer fired, resetting watchdog
Aug 27 20:34:52.126654 biometrickitd(CoreMotion)[109] <Debug>: Ping timer fired, resetting watchdog
Aug 27 20:34:52.642665 watchdogd[57] <Debug>: 1246940153814791: <private>
Aug 27 20:34:52.643690 watchdogd[57] <Info>: 1246940154390833: <private>
Aug 27 20:34:52.645349 watchdogd[57] <Debug>: 1246940154542250: <private>
Aug 27 20:34:52.646357 watchdogd[57] <Info>: 1246940154554041: <private>
Aug 27 20:34:52.647396 watchdogd[57] <Debug>: 1246940154676416: <private>
Aug 27 20:34:52.648061 watchdogd[57] <Debug>: 1246940155187666: <private>
Aug 27 20:34:52.648981 watchdogd[57] <Debug>: 1246940155606458: <private>
Aug 27 20:34:52.650291 watchdogd[57] <Debug>: 1246940156117791: <private>
Aug 27 20:34:52.651528 watchdogd[57] <Debug>: 1246940156508416: <private>
Aug 27 20:34:52.652133 watchdogd[57] <Debug>: 1246940156657875: <private>
Aug 27 20:34:52.652946 watchdogd[57] <Info>: 1246940156720250: <private>
Aug 27 20:34:52.653831 watchdogd[57] <Info>: 1246940156736041: <private>
Aug 27 20:34:52.655185 watchdogd[57] <Info>: 1246940156742250: <private>
Aug 27 20:34:52.655589 watchdogd[57] <Info>: 1246940156747333: <private>
Aug 27 20:34:52.655992 watchdogd[57] <Info>: 1246940156751750: <private>
Aug 27 20:34:52.656431 watchdogd[57] <Info>: 1246940156756000: <private>
Aug 27 20:34:52.656829 watchdogd[57] <Info>: 1246940156760291: <private>
Aug 27 20:34:52.657362 watchdogd[57] <Info>: 1246940156764416: <private>
Aug 27 20:34:53.782865 runningboardd(RunningBoard)[33] <Notice>: [daemon<com.apple.Safari.SafeBrowsing.Service>:38121] Ignoring jetsam update because this process is not memory-managed
Aug 27 20:34:53.783392 runningboardd(RunningBoard)[33] <Debug>: SUPPRESSING state update for daemon<com.apple.Safari.SafeBrowsing.Service>: <RBSProcessState| task:running debug:none terminationResistance:None rbAssertions:[
Aug 27 20:34:53.784978 runningboardd(RunningBoard)[33] <Debug>: Sending state update for daemon<com.apple.Safari.SafeBrowsing.Service>: <RBSProcessState| task:running debug:none terminationResistance:None rbAssertions:[
Aug 27 20:34:54.296324 mediaserverd(CoreMotion)[36] <Debug>: Ping timer fired, resetting watchdog
Aug 27 20:34:54.325400 nearbyd(CoreMotion)[157] <Debug>: Ping timer fired, resetting watchdog
Aug 27 20:34:54.389647 locationd[69] <Debug>: Ping timer fired, resetting watchdog
Aug 27 20:34:54.959577 runningboardd(RunningBoard)[33] <Notice>: [daemon<com.apple.Safari.SafeBrowsing.Service>:38121] Ignoring jetsam update because this process is not memory-managed
Aug 27 20:34:54.962867 runningboardd(RunningBoard)[33] <Debug>: Sending state update for daemon<com.apple.Safari.SafeBrowsing.Service>: <RBSProcessState| task:running debug:none terminationResistance:None>
Aug 27 20:34:56.278436 SpringBoard(CoreMotion)[47602] <Debug>: Ping timer fired, resetting watchdog
Aug 27 20:34:56.535377 wifid(WiFiPolicy)[52] <Notice>: __WiFiLQAMgrLogStats(tech support:Stationary): Rssi: -38 {-37 0} Channel: 44 Bandwidth: 80Mhz Snr: 35 Cca: 54 (S:0 O:0 I:0) TxPer: 0.0% (18) BcnPer: 1.0% (98, 50.5%) RxFrms: 20 RxRetryFrames: 0 TxRate: 24000 RxRate: 702000 FBRate: 468000 TxFwFrms: 2 TxFwFail: 0 TxReTrans: 0 time: 816.5secs fgApp: dev.selfhost.firstActivationProbe
Aug 27 20:34:56.723877 backboardd(CoreMotion)[65] <Debug>: Ping timer fired, resetting watchdog
Aug 27 20:34:57.120640 biometrickitd(CoreMotion)[109] <Debug>: Ping timer fired, resetting watchdog
Aug 27 20:34:59.297203 mediaserverd(CoreMotion)[36] <Debug>: Ping timer fired, resetting watchdog
Aug 27 20:34:59.329352 nearbyd(CoreMotion)[157] <Debug>: Ping timer fired, resetting watchdog
Aug 27 20:34:59.391898 locationd[69] <Debug>: Ping timer fired, resetting watchdog
Aug 27 20:35:01.278628 SpringBoard(CoreMotion)[47602] <Debug>: Ping timer fired, resetting watchdog
Aug 27 20:35:01.551049 wifid(WiFiPolicy)[52] <Notice>: __WiFiLQAMgrLogStats(tech support:Stationary): Rssi: -38 {-37 0} Channel: 44 Bandwidth: 80Mhz Snr: 35 Cca: 17 (S:0 O:0 I:0) TxPer: 0.0% (2) BcnPer: 0.0% (0, 50.5%) RxFrms: 5 RxRetryFrames: 0 TxRate: 24000 RxRate: 780000 FBRate: 468000 TxFwFrms: 2 TxFwFail: 0 TxReTrans: 0 time: 821.6secs fgApp: dev.selfhost.firstActivationProbe
Aug 27 20:35:01.723932 backboardd(CoreMotion)[65] <Debug>: Ping timer fired, resetting watchdog
Aug 27 20:35:02.120833 biometrickitd(CoreMotion)[109] <Debug>: Ping timer fired, resetting watchdog
Aug 27 20:35:02.644143 watchdogd[57] <Debug>: 1246950154543916: <private>
Aug 27 20:35:02.645276 watchdogd[57] <Info>: 1246950155136708: <private>
Aug 27 20:35:02.646035 watchdogd[57] <Debug>: 1246950155292708: <private>
Aug 27 20:35:02.647901 watchdogd[57] <Info>: 1246950155304375: <private>
Aug 27 20:35:02.648807 watchdogd[57] <Debug>: 1246950155535041: <private>
Aug 27 20:35:02.649628 watchdogd[57] <Debug>: 1246950155942625: <private>
Aug 27 20:35:02.650604 watchdogd[57] <Debug>: 1246950156340500: <private>
Aug 27 20:35:02.651633 watchdogd[57] <Debug>: 1246950156890458: <private>
Aug 27 20:35:02.653676 watchdogd[57] <Debug>: 1246950157327750: <private>
Aug 27 20:35:02.654468 watchdogd[57] <Debug>: 1246950157472625: <private>
Aug 27 20:35:02.655263 watchdogd[57] <Info>: 1246950157529541: <private>
Aug 27 20:35:02.655694 watchdogd[57] <Info>: 1246950157545125: <private>
Aug 27 20:35:02.656075 watchdogd[57] <Info>: 1246950157551000: <private>
Aug 27 20:35:02.656437 watchdogd[57] <Info>: 1246950157556000: <private>
Aug 27 20:35:02.656797 watchdogd[57] <Info>: 1246950157560500: <private>
Aug 27 20:35:02.657155 watchdogd[57] <Info>: 1246950157564750: <private>
Aug 27 20:35:02.657515 watchdogd[57] <Info>: 1246950157569291: <private>
Aug 27 20:35:02.657865 watchdogd[57] <Info>: 1246950157573166: <private>
Aug 27 20:35:02.658229 watchdogd[57] <Info>: 1246950158239000: <private>
Aug 27 20:35:04.297236 mediaserverd(CoreMotion)[36] <Debug>: Ping timer fired, resetting watchdog
Aug 27 20:35:04.329768 nearbyd(CoreMotion)[157] <Debug>: Ping timer fired, resetting watchdog
Aug 27 20:35:04.390405 locationd[69] <Debug>: Ping timer fired, resetting watchdog
Aug 27 20:35:06.278882 SpringBoard(CoreMotion)[47602] <Debug>: Ping timer fired, resetting watchdog
Aug 27 20:35:06.566208 wifid(WiFiPolicy)[52] <Notice>: __WiFiLQAMgrLogStats(tech support:Stationary): Rssi: -37 {-37 0} Channel: 44 Bandwidth: 80Mhz Snr: 35 Cca: 30 (S:0 O:0 I:0) TxPer: 0.0% (1) BcnPer: 1.0% (98, 50.5%) RxFrms: 3 RxRetryFrames: 0 TxRate: 24000 RxRate: 780000 FBRate: 468000 TxFwFrms: 2 TxFwFail: 0 TxReTrans: 0 time: 826.6secs fgApp: dev.selfhost.firstActivationProbe
Aug 27 20:35:06.723917 backboardd(CoreMotion)[65] <Debug>: Ping timer fired, resetting watchdog
Aug 27 20:35:07.119658 biometrickitd(CoreMotion)[109] <Debug>: Ping timer fired, resetting watchdog
Aug 27 20:35:07.479845 Runner(CoreFoundation)[50220] <Debug>: Resource lookup at <private>
Aug 27 20:35:07.480625 Runner(CoreAnalytics)[50220] <Debug>: com.apple.metal.agx <private>
Aug 27 20:35:07.488164 Runner(CoreAnalytics)[50220] <Info>: Received configuration update from daemon and there was no CoreAnalyticsFramework external config.
Aug 27 20:35:07.489121 Runner(CoreAnalytics)[50220] <Notice>: Received configuration update from daemon (initial)
Aug 27 20:35:09.297339 mediaserverd(CoreMotion)[36] <Debug>: Ping timer fired, resetting watchdog
Aug 27 20:35:09.339515 nearbyd(CoreMotion)[157] <Debug>: Ping timer fired, resetting watchdog
Aug 27 20:35:09.390496 locationd[69] <Debug>: Ping timer fired, resetting watchdog
Aug 27 20:35:10.999587 runningboardd(RunningBoard)[33] <Info>: _requestedJetsamPriority = 4, _executablePath = /Developer/usr/bin/ScreenShotr
Aug 27 20:35:11.002087 runningboardd(RunningBoard)[33] <Info>: _requestedJetsamPriority = 4, _executablePath = /Developer/usr/bin/ScreenShotr
Aug 27 20:35:11.003414 SpringBoard(FrontBoard)[47602] <Notice>: Asked to bootstrap a new process for handle: [anon<ScreenShotr>:50231]
Aug 27 20:35:11.004053 SpringBoard(FrontBoard)[47602] <Notice>: Bootstrapping anon<ScreenShotr>
Aug 27 20:35:11.004110 SpringBoard(FrontBoard)[47602] <Notice>: [anon<ScreenShotr>:50231] Bootstrap success!
Aug 27 20:35:11.004643 runningboardd(RunningBoard)[33] <Debug>: Sending state update for anon<ScreenShotr>: <RBSProcessState| task:running debug:none terminationResistance:None>
Aug 27 20:35:11.279031 SpringBoard(CoreMotion)[47602] <Debug>: Ping timer fired, resetting watchdog
Aug 27 20:35:11.571401 wifid(WiFiPolicy)[52] <Notice>: __WiFiLQAMgrLogStats(tech support:Stationary): Rssi: -37 {-36 0} Channel: 44 Bandwidth: 80Mhz Snr: 35 Cca: 30 (S:0 O:0 I:0) TxPer: 0.0% (0) BcnPer: 0.0% (0, 50.5%) RxFrms: 8 RxRetryFrames: 0 TxRate: 24000 RxRate: 780000 FBRate: 468000 TxFwFrms: 0 TxFwFail: 0 TxReTrans: 0 time: 831.6secs fgApp: dev.selfhost.firstActivationProbe
Aug 27 20:35:11.723405 backboardd(CoreMotion)[65] <Debug>: Ping timer fired, resetting watchdog
Aug 27 20:35:11.943849 runningboardd(RunningBoard)[33] <Notice>: [anon<ScreenShotr>:50231] termination reported by launchd (0, 0, 0)
Aug 27 20:35:11.944352 runningboardd(RunningBoard)[33] <Notice>: Removing assertions for terminated process: [anon<ScreenShotr>:50231]
Aug 27 20:35:11.945093 runningboardd(RunningBoard)[33] <Debug>: Sending state update for anon<ScreenShotr>: <RBSProcessState| task:none debug:none terminationResistance:None>
Aug 27 20:35:12.119477 biometrickitd(CoreMotion)[109] <Debug>: Ping timer fired, resetting watchdog
Aug 27 20:35:12.642380 watchdogd[57] <Debug>: 1246960155236708: <private>
Aug 27 20:35:12.642856 watchdogd[57] <Info>: 1246960155580333: <private>
Aug 27 20:35:12.643275 watchdogd[57] <Debug>: 1246960155699583: <private>
Aug 27 20:35:12.644133 watchdogd[57] <Info>: 1246960155706541: <private>
Aug 27 20:35:12.644738 watchdogd[57] <Debug>: 1246960155839416: <private>
Aug 27 20:35:12.645200 watchdogd[57] <Debug>: 1246960156136958: <private>
Aug 27 20:35:12.645746 watchdogd[57] <Debug>: 1246960156499166: <private>
Aug 27 20:35:12.646989 watchdogd[57] <Debug>: 1246960156609791: <private>
Aug 27 20:35:12.647374 watchdogd[57] <Debug>: 1246960156866708: <private>
Aug 27 20:35:12.647921 watchdogd[57] <Debug>: 1246960156937500: <private>
Aug 27 20:35:12.648395 watchdogd[57] <Info>: 1246960156971291: <private>
Aug 27 20:35:12.648842 watchdogd[57] <Info>: 1246960156980958: <private>
Aug 27 20:35:12.649250 watchdogd[57] <Info>: 1246960156984375: <private>
Aug 27 20:35:12.649580 watchdogd[57] <Info>: 1246960156987125: <private>
Aug 27 20:35:12.650066 watchdogd[57] <Info>: 1246960156989458: <private>
Aug 27 20:35:12.650512 watchdogd[57] <Info>: 1246960156991666: <private>
Aug 27 20:35:12.650967 watchdogd[57] <Info>: 1246960156994041: <private>
Aug 27 20:35:12.651396 watchdogd[57] <Info>: 1246960156996250: <private>
Aug 27 20:35:14.296690 mediaserverd(CoreMotion)[36] <Debug>: Ping timer fired, resetting watchdog
Aug 27 20:35:14.345748 nearbyd(CoreMotion)[157] <Debug>: Ping timer fired, resetting watchdog
Aug 27 20:35:14.390315 locationd[69] <Debug>: Ping timer fired, resetting watchdog
Aug 27 20:35:16.278573 SpringBoard(CoreMotion)[47602] <Debug>: Ping timer fired, resetting watchdog
Aug 27 20:35:16.592661 wifid(WiFiPolicy)[52] <Notice>: __WiFiLQAMgrLogStats(tech support:Stationary): Rssi: -38 {-38 0} Channel: 44 Bandwidth: 80Mhz Snr: 35 Cca: 30 (S:0 O:0 I:0) TxPer: 0.0% (0) BcnPer: 0.0% (98, 50.5%) RxFrms: 5 RxRetryFrames: 0 TxRate: 24000 RxRate: 780000 FBRate: 468000 TxFwFrms: 0 TxFwFail: 0 TxReTrans: 0 time: 836.6secs fgApp: dev.selfhost.firstActivationProbe
Aug 27 20:35:16.724062 backboardd(CoreMotion)[65] <Debug>: Ping timer fired, resetting watchdog
Aug 27 20:35:17.120869 biometrickitd(CoreMotion)[109] <Debug>: Ping timer fired, resetting watchdog
Aug 27 20:35:19.296674 mediaserverd(CoreMotion)[36] <Debug>: Ping timer fired, resetting watchdog
Aug 27 20:35:19.329474 nearbyd(CoreMotion)[157] <Debug>: Ping timer fired, resetting watchdog
Aug 27 20:35:19.390482 locationd[69] <Debug>: Ping timer fired, resetting watchdog
Aug 27 20:35:20.564809 runningboardd(RunningBoard)[33] <Notice>: [daemon<com.apple.backupd>:50228] termination reported by launchd (0, 0, 0)
Aug 27 20:35:20.570114 runningboardd(RunningBoard)[33] <Notice>: Removing assertions for terminated process: [daemon<com.apple.backupd>:50228]
Aug 27 20:35:20.572430 runningboardd(RunningBoard)[33] <Debug>: Sending state update for daemon<com.apple.backupd>: <RBSProcessState| task:none debug:none terminationResistance:None>
Aug 27 20:35:21.278740 SpringBoard(CoreMotion)[47602] <Debug>: Ping timer fired, resetting watchdog
Aug 27 20:35:21.601819 wifid(WiFiPolicy)[52] <Notice>: __WiFiLQAMgrLogStats(tech support:Stationary): Rssi: -38 {-37 0} Channel: 44 Bandwidth: 80Mhz Snr: 35 Cca: 30 (S:0 O:0 I:0) TxPer: 0.0% (0) BcnPer: 0.0% (0, 50.5%) RxFrms: 6 RxRetryFrames: 0 TxRate: 24000 RxRate: 780000 FBRate: 468000 TxFwFrms: 0 TxFwFail: 0 TxReTrans: 0 time: 841.6secs fgApp: dev.selfhost.firstActivationProbe
Aug 27 20:35:21.723933 backboardd(CoreMotion)[65] <Debug>: Ping timer fired, resetting watchdog
Aug 27 20:35:22.120423 biometrickitd(CoreMotion)[109] <Debug>: Ping timer fired, resetting watchdog
Aug 27 20:35:22.654227 watchdogd[57] <Debug>: 1246970155683166: <private>
Aug 27 20:35:22.654628 watchdogd[57] <Info>: 1246970156017833: <private>
Aug 27 20:35:22.655161 watchdogd[57] <Debug>: 1246970156284125: <private>
Aug 27 20:35:22.655521 watchdogd[57] <Debug>: 1246970156308958: <private>
Aug 27 20:35:22.655807 watchdogd[57] <Info>: 1246970156313666: <private>
Aug 27 20:35:22.656098 watchdogd[57] <Debug>: 1246970156572875: <private>
Aug 27 20:35:22.656374 watchdogd[57] <Debug>: 1246970156801541: <private>
Aug 27 20:35:22.656714 watchdogd[57] <Debug>: 1246970157099375: <private>
Aug 27 20:35:22.657030 watchdogd[57] <Debug>: 1246970157343041: <private>
Aug 27 20:35:22.657343 watchdogd[57] <Debug>: 1246970157365625: <private>
Aug 27 20:35:22.657616 watchdogd[57] <Info>: 1246970157397833: <private>
Aug 27 20:35:22.657947 watchdogd[57] <Info>: 1246970157407458: <private>
Aug 27 20:35:22.658245 watchdogd[57] <Info>: 1246970157410458: <private>
Aug 27 20:35:22.658516 watchdogd[57] <Info>: 1246970157413125: <private>
Aug 27 20:35:22.658842 watchdogd[57] <Info>: 1246970157415500: <private>
Aug 27 20:35:22.659159 watchdogd[57] <Info>: 1246970157418125: <private>
Aug 27 20:35:22.659483 watchdogd[57] <Info>: 1246970157420416: <private>
Aug 27 20:35:22.659796 watchdogd[57] <Info>: 1246970157422958: <private>
Aug 27 20:35:24.298089 mediaserverd(CoreMotion)[36] <Debug>: Ping timer fired, resetting watchdog
Aug 27 20:35:24.339594 nearbyd(CoreMotion)[157] <Debug>: Ping timer fired, resetting watchdog
Aug 27 20:35:24.391512 locationd[69] <Debug>: Ping timer fired, resetting watchdog
Aug 27 20:35:26.278607 SpringBoard(CoreMotion)[47602] <Debug>: Ping timer fired, resetting watchdog
Aug 27 20:35:26.616666 wifid(WiFiPolicy)[52] <Notice>: __WiFiLQAMgrLogStats(tech support:Stationary): Rssi: -37 {-37 0} Channel: 44 Bandwidth: 80Mhz Snr: 35 Cca: 14 (S:0 O:0 I:0) TxPer: 0.0% (0) BcnPer: 0.0% (98, 50.5%) RxFrms: 5 RxRetryFrames: 0 TxRate: 24000 RxRate: 6000 FBRate: 468000 TxFwFrms: 2 TxFwFail: 0 TxReTrans: 0 time: 846.6secs fgApp: dev.selfhost.firstActivationProbe
Aug 27 20:35:26.724054 backboardd(CoreMotion)[65] <Debug>: Ping timer fired, resetting watchdog
Aug 27 20:35:27.120343 biometrickitd(CoreMotion)[109] <Debug>: Ping timer fired, resetting watchdog
Aug 27 20:35:29.297304 mediaserverd(CoreMotion)[36] <Debug>: Ping timer fired, resetting watchdog
Aug 27 20:35:29.326695 nearbyd(CoreMotion)[157] <Debug>: Ping timer fired, resetting watchdog
Aug 27 20:35:29.390608 locationd[69] <Debug>: Ping timer fired, resetting watchdog
Aug 27 20:35:31.278702 SpringBoard(CoreMotion)[47602] <Debug>: Ping timer fired, resetting watchdog
Aug 27 20:35:31.631882 wifid(WiFiPolicy)[52] <Notice>: __WiFiLQAMgrLogStats(tech support:Stationary): Rssi: -38 {-37 0} Channel: 44 Bandwidth: 80Mhz Snr: 35 Cca: 36 (S:0 O:0 I:0) TxPer: 0.0% (0) BcnPer: 0.0% (0, 50.5%) RxFrms: 5 RxRetryFrames: 0 TxRate: 24000 RxRate: 6000 FBRate: 468000 TxFwFrms: 0 TxFwFail: 0 TxReTrans: 0 time: 851.6secs fgApp: dev.selfhost.firstActivationProbe
Aug 27 20:35:31.724478 backboardd(CoreMotion)[65] <Debug>: Ping timer fired, resetting watchdog
Aug 27 20:35:32.120438 biometrickitd(CoreMotion)[109] <Debug>: Ping timer fired, resetting watchdog
Aug 27 20:35:32.641813 watchdogd[57] <Debug>: 1246980156072875: <private>
Aug 27 20:35:32.642068 watchdogd[57] <Info>: 1246980156210500: <private>
Aug 27 20:35:32.642258 watchdogd[57] <Debug>: 1246980156340625: <private>
Aug 27 20:35:32.642439 watchdogd[57] <Debug>: 1246980156350083: <private>
Aug 27 20:35:32.642986 watchdogd[57] <Info>: 1246980156351541: <private>
Aug 27 20:35:32.643154 watchdogd[57] <Debug>: 1246980156461458: <private>
Aug 27 20:35:32.643326 watchdogd[57] <Debug>: 1246980156649875: <private>
Aug 27 20:35:32.643453 watchdogd[57] <Debug>: 1246980156735000: <private>
Aug 27 20:35:32.643633 watchdogd[57] <Debug>: 1246980156881916: <private>
Aug 27 20:35:32.643713 watchdogd[57] <Debug>: 1246980156920000: <private>
Aug 27 20:35:32.643957 watchdogd[57] <Info>: 1246980156933291: <private>
Aug 27 20:35:32.644049 watchdogd[57] <Info>: 1246980156937333: <private>
Aug 27 20:35:32.644204 watchdogd[57] <Info>: 1246980156938833: <private>
Aug 27 20:35:32.644286 watchdogd[57] <Info>: 1246980156939958: <private>
Aug 27 20:35:32.644356 watchdogd[57] <Info>: 1246980156940958: <private>
Aug 27 20:35:32.644426 watchdogd[57] <Info>: 1246980156941791: <private>
Aug 27 20:35:32.644513 watchdogd[57] <Info>: 1246980156942750: <private>
Aug 27 20:35:32.644583 watchdogd[57] <Info>: 1246980156943583: <private>
Aug 27 20:35:34.298179 mediaserverd(CoreMotion)[36] <Debug>: Ping timer fired, resetting watchdog
Aug 27 20:35:34.332381 nearbyd(CoreMotion)[157] <Debug>: Ping timer fired, resetting watchdog
Aug 27 20:35:34.390575 locationd[69] <Debug>: Ping timer fired, resetting watchdog
Aug 27 20:35:36.278782 SpringBoard(CoreMotion)[47602] <Debug>: Ping timer fired, resetting watchdog
Aug 27 20:35:36.637518 wifid(WiFiPolicy)[52] <Notice>: __WiFiLQAMgrLogStats(tech support:Stationary): Rssi: -37 {-37 0} Channel: 44 Bandwidth: 80Mhz Snr: 35 Cca: 36 (S:0 O:0 I:0) TxPer: 0.0% (0) BcnPer: 2.0% (98, 50.5%) RxFrms: 11 RxRetryFrames: 0 TxRate: 24000 RxRate: 6000 FBRate: 468000 TxFwFrms: 0 TxFwFail: 0 TxReTrans: 0 time: 856.6secs fgApp: dev.selfhost.firstActivationProbe
Aug 27 20:35:36.723551 backboardd(CoreMotion)[65] <Debug>: Ping timer fired, resetting watchdog
Aug 27 20:35:37.119842 biometrickitd(CoreMotion)[109] <Debug>: Ping timer fired, resetting watchdog
Aug 27 20:35:39.297520 mediaserverd(CoreMotion)[36] <Debug>: Ping timer fired, resetting watchdog
Aug 27 20:35:39.337354 nearbyd(CoreMotion)[157] <Debug>: Ping timer fired, resetting watchdog
Aug 27 20:35:39.390586 locationd[69] <Debug>: Ping timer fired, resetting watchdog
Aug 27 20:35:41.277865 SpringBoard(CoreMotion)[47602] <Debug>: Ping timer fired, resetting watchdog
Aug 27 20:35:41.650474 wifid(WiFiPolicy)[52] <Notice>: __WiFiLQAMgrLogStats(tech support:Stationary): Rssi: -38 {-38 0} Channel: 44 Bandwidth: 80Mhz Snr: 35 Cca: 36 (S:0 O:0 I:0) TxPer: 0.0% (0) BcnPer: 0.0% (0, 50.5%) RxFrms: 4 RxRetryFrames: 0 TxRate: 24000 RxRate: 6000 FBRate: 468000 TxFwFrms: 0 TxFwFail: 0 TxReTrans: 0 time: 861.7secs fgApp: dev.selfhost.firstActivationProbe
Aug 27 20:35:41.724143 backboardd(CoreMotion)[65] <Debug>: Ping timer fired, resetting watchdog
Aug 27 20:35:42.120412 biometrickitd(CoreMotion)[109] <Debug>: Ping timer fired, resetting watchdog
Aug 27 20:35:42.645985 watchdogd[57] <Debug>: 1246990156353583: <private>
Aug 27 20:35:42.647463 watchdogd[57] <Info>: 1246990156920000: <private>
Aug 27 20:35:42.650796 watchdogd[57] <Debug>: 1246990157074791: <private>
Aug 27 20:35:42.652310 watchdogd[57] <Info>: 1246990157086333: <private>
Aug 27 20:35:42.653223 watchdogd[57] <Debug>: 1246990157209833: <private>
Aug 27 20:35:42.654068 watchdogd[57] <Debug>: 1246990157660583: <private>
Aug 27 20:35:42.654969 watchdogd[57] <Debug>: 1246990158378375: <private>
Aug 27 20:35:42.655620 watchdogd[57] <Debug>: 1246990158625083: <private>
Aug 27 20:35:42.656046 watchdogd[57] <Debug>: 1246990158983625: <private>
Aug 27 20:35:42.656432 watchdogd[57] <Debug>: 1246990159275000: <private>
Aug 27 20:35:42.656866 watchdogd[57] <Info>: 1246990159340000: <private>
Aug 27 20:35:42.657285 watchdogd[57] <Info>: 1246990159355250: <private>
Aug 27 20:35:42.657647 watchdogd[57] <Info>: 1246990159361083: <private>
Aug 27 20:35:42.658597 watchdogd[57] <Info>: 1246990159366083: <private>
Aug 27 20:35:42.658995 watchdogd[57] <Info>: 1246990159370416: <private>
Aug 27 20:35:42.659394 watchdogd[57] <Info>: 1246990159374583: <private>
Aug 27 20:35:42.659811 watchdogd[57] <Info>: 1246990159378666: <private>
Aug 27 20:35:42.660193 watchdogd[57] <Info>: 1246990159382583: <private>
Aug 27 20:35:42.660556 watchdogd[57] <Info>: 1246990160114583: <private>
Aug 27 20:35:44.297478 mediaserverd(CoreMotion)[36] <Debug>: Ping timer fired, resetting watchdog
Aug 27 20:35:44.342568 nearbyd(CoreMotion)[157] <Debug>: Ping timer fired, resetting watchdog
Aug 27 20:35:44.390911 locationd[69] <Debug>: Ping timer fired, resetting watchdog
Aug 27 20:35:46.278750 SpringBoard(CoreMotion)[47602] <Debug>: Ping timer fired, resetting watchdog
Aug 27 20:35:46.664206 wifid(WiFiPolicy)[52] <Notice>: __WiFiLQAMgrLogStats(tech support:Stationary): Rssi: -38 {-37 0} Channel: 44 Bandwidth: 80Mhz Snr: 35 Cca: 18 (S:0 O:0 I:0) TxPer: 0.0% (0) BcnPer: 1.0% (98, 50.5%) RxFrms: 2 RxRetryFrames: 0 TxRate: 24000 RxRate: 6000 FBRate: 468000 TxFwFrms: 2 TxFwFail: 0 TxReTrans: 0 time: 866.7secs fgApp: dev.selfhost.firstActivationProbe
Aug 27 20:35:46.723515 backboardd(CoreMotion)[65] <Debug>: Ping timer fired, resetting watchdog
Aug 27 20:35:47.123017 biometrickitd(CoreMotion)[109] <Debug>: Ping timer fired, resetting watchdog
Aug 27 20:35:49.297494 mediaserverd(CoreMotion)[36] <Debug>: Ping timer fired, resetting watchdog
Aug 27 20:35:49.330228 nearbyd(CoreMotion)[157] <Debug>: Ping timer fired, resetting watchdog
Aug 27 20:35:49.390554 locationd[69] <Debug>: Ping timer fired, resetting watchdog
Aug 27 20:35:51.278963 SpringBoard(CoreMotion)[47602] <Debug>: Ping timer fired, resetting watchdog
Aug 27 20:35:51.677418 wifid(WiFiPolicy)[52] <Notice>: __WiFiLQAMgrLogStats(tech support:Stationary): Rssi: -39 {-38 0} Channel: 44 Bandwidth: 80Mhz Snr: 35 Cca: 35 (S:0 O:0 I:0) TxPer: 0.0% (0) BcnPer: 0.0% (0, 50.5%) RxFrms: 12 RxRetryFrames: 0 TxRate: 24000 RxRate: 6000 FBRate: 468000 TxFwFrms: 0 TxFwFail: 0 TxReTrans: 0 time: 871.7secs fgApp: dev.selfhost.firstActivationProbe
Aug 27 20:35:51.723545 backboardd(CoreMotion)[65] <Debug>: Ping timer fired, resetting watchdog
Aug 27 20:35:52.120495 biometrickitd(CoreMotion)[109] <Debug>: Ping timer fired, resetting watchdog
Aug 27 20:35:52.648726 watchdogd[57] <Debug>: 1247000157096416: <private>
Aug 27 20:35:52.650965 watchdogd[57] <Info>: 1247000157675666: <private>
Aug 27 20:35:52.652411 watchdogd[57] <Debug>: 1247000157993541: <private>
Aug 27 20:35:52.653164 watchdogd[57] <Info>: 1247000158005708: <private>
Aug 27 20:35:52.653922 watchdogd[57] <Debug>: 1247000158378041: <private>
Aug 27 20:35:52.654703 watchdogd[57] <Debug>: 1247000159095916: <private>
Aug 27 20:35:52.655598 watchdogd[57] <Debug>: 1247000159135166: <private>
Aug 27 20:35:52.656019 watchdogd[57] <Debug>: 1247000159685708: <private>
Aug 27 20:35:52.656454 watchdogd[57] <Debug>: 1247000159920583: <private>
Aug 27 20:35:52.656817 watchdogd[57] <Debug>: 1247000160498666: <private>
Aug 27 20:35:52.657265 watchdogd[57] <Info>: 1247000160561416: <private>
Aug 27 20:35:52.657618 watchdogd[57] <Info>: 1247000160576750: <private>
Aug 27 20:35:52.658042 watchdogd[57] <Info>: 1247000160582916: <private>
Aug 27 20:35:52.658473 watchdogd[57] <Info>: 1247000160587916: <private>
Aug 27 20:35:52.658817 watchdogd[57] <Info>: 1247000160592916: <private>
Aug 27 20:35:52.659699 watchdogd[57] <Info>: 1247000160597083: <private>
Aug 27 20:35:52.660136 watchdogd[57] <Info>: 1247000160601291: <private>
Aug 27 20:35:52.660569 watchdogd[57] <Info>: 1247000160605250: <private>
Aug 27 20:35:54.306583 mediaserverd(CoreMotion)[36] <Debug>: Ping timer fired, resetting watchdog
Aug 27 20:35:54.335299 nearbyd(CoreMotion)[157] <Debug>: Ping timer fired, resetting watchdog
Aug 27 20:35:54.390674 locationd[69] <Debug>: Ping timer fired, resetting watchdog
    "foreground-apps" = "{(\n    \"dev.selfhost.firstActivationProbe\"\n)}";
    "foreground-apps" = "{(\n    \"dev.selfhost.firstActivationProbe\"\n)}";
Aug 27 20:35:56.277609 SpringBoard(CoreMotion)[47602] <Debug>: Ping timer fired, resetting watchdog
Aug 27 20:35:56.593514 runningboardd(RunningBoard)[33] <Info>: _requestedJetsamPriority = 6, _executablePath = /System/Library/PrivateFrameworks/MobileBackup.framework/backupd
Aug 27 20:35:56.596146 runningboardd(RunningBoard)[33] <Info>: _requestedJetsamPriority = 6, _executablePath = /System/Library/PrivateFrameworks/MobileBackup.framework/backupd
Aug 27 20:35:56.600077 runningboardd(RunningBoard)[33] <Debug>: Sending state update for daemon<com.apple.backupd>: <RBSProcessState| task:running debug:none terminationResistance:None>
Aug 27 20:35:56.604860 runningboardd(RunningBoard)[33] <Info>: daemon<com.apple.watchdogd> has 0 targeting assertions. Debug log lines of their details follow.
Aug 27 20:35:56.623815 runningboardd(RunningBoard)[33] <Info>: application<dev.selfhost.firstActivationProbe> has 4 targeting assertions. Debug log lines of their details follow.
Aug 27 20:35:56.623944 runningboardd(RunningBoard)[33] <Info>: application<dev.selfhost.firstActivationProbe> assertion details 1/4. ID:33-33-7436 Explanation:"RB Underlying Assertion" Attributes:
Aug 27 20:35:56.624252 runningboardd(RunningBoard)[33] <Info>: application<dev.selfhost.firstActivationProbe> assertion details 2/4. ID:33-47602-7437 Explanation:"com.apple.frontboard.after-life.interrupted" Attributes:
Aug 27 20:35:56.624408 runningboardd(RunningBoard)[33] <Info>: application<dev.selfhost.firstActivationProbe> assertion details 3/4. ID:33-47602-7439 Explanation:"injecting inherited from "UIScene:com.apple.frontboard.systemappservices::com.apple.springboard" to 50220<UIScene:com.apple.frontboard.systemappservices::sceneID%3Adev.selfhost.firstActivationProbe-default>" Attributes:
Aug 27 20:35:56.624590 runningboardd(RunningBoard)[33] <Info>: application<dev.selfhost.firstActivationProbe> assertion details 4/4. ID:33-47602-7441 Explanation:"FBWorkspace (ForegroundFocal)" Attributes:
Aug 27 20:35:56.679376 wifid(WiFiPolicy)[52] <Notice>: __WiFiLQAMgrLogStats(tech support:Stationary): Rssi: -38 {-38 0} Channel: 44 Bandwidth: 80Mhz Snr: 35 Cca: 17 (S:0 O:0 I:0) TxPer: 0.0% (3) BcnPer: 0.0% (98, 50.5%) RxFrms: 8 RxRetryFrames: 0 TxRate: 24000 RxRate: 780000 FBRate: 520000 TxFwFrms: 2 TxFwFail: 0 TxReTrans: 2 time: 876.7secs fgApp: dev.selfhost.firstActivationProbe
Aug 27 20:35:56.723098 backboardd(CoreMotion)[65] <Debug>: Ping timer fired, resetting watchdog
Aug 27 20:35:57.119577 biometrickitd(CoreMotion)[109] <Debug>: Ping timer fired, resetting watchdog
Aug 27 20:35:59.296715 mediaserverd(CoreMotion)[36] <Debug>: Ping timer fired, resetting watchdog
Aug 27 20:35:59.340274 nearbyd(CoreMotion)[157] <Debug>: Ping timer fired, resetting watchdog
Aug 27 20:35:59.392515 locationd[69] <Debug>: Ping timer fired, resetting watchdog
Aug 27 20:36:01.278951 SpringBoard(CoreMotion)[47602] <Debug>: Ping timer fired, resetting watchdog
Aug 27 20:36:01.702642 wifid(WiFiPolicy)[52] <Notice>: __WiFiLQAMgrLogStats(tech support:Stationary): Rssi: -39 {-38 0} Channel: 44 Bandwidth: 80Mhz Snr: 35 Cca: 17 (S:0 O:0 I:0) TxPer: 0.0% (2) BcnPer: 0.0% (0, 50.5%) RxFrms: 5 RxRetryFrames: 0 TxRate: 24000 RxRate: 780000 FBRate: 520000 TxFwFrms: 4 TxFwFail: 0 TxReTrans: 0 time: 881.7secs fgApp: dev.selfhost.firstActivationProbe
Aug 27 20:36:01.727209 backboardd(CoreMotion)[65] <Debug>: Ping timer fired, resetting watchdog
Aug 27 20:36:02.137306 biometrickitd(CoreMotion)[109] <Debug>: Ping timer fired, resetting watchdog
Aug 27 20:36:02.647239 watchdogd[57] <Debug>: 1247010157833375: <private>
Aug 27 20:36:02.648394 watchdogd[57] <Info>: 1247010158419208: <private>
Aug 27 20:36:02.650676 watchdogd[57] <Debug>: 1247010158569041: <private>
Aug 27 20:36:02.653250 watchdogd[57] <Info>: 1247010158580750: <private>
Aug 27 20:36:02.654005 watchdogd[57] <Debug>: 1247010158704875: <private>
Aug 27 20:36:02.654821 watchdogd[57] <Debug>: 1247010159216583: <private>
Aug 27 20:36:02.655626 watchdogd[57] <Debug>: 1247010159926916: <private>
Aug 27 20:36:02.656012 watchdogd[57] <Debug>: 1247010160221958: <private>
Aug 27 20:36:02.656378 watchdogd[57] <Debug>: 1247010160729708: <private>
Aug 27 20:36:02.656786 watchdogd[57] <Debug>: 1247010160880208: <private>
Aug 27 20:36:02.657275 watchdogd[57] <Info>: 1247010160936916: <private>
Aug 27 20:36:02.658087 watchdogd[57] <Info>: 1247010160952458: <private>
Aug 27 20:36:02.658516 watchdogd[57] <Info>: 1247010160958541: <private>
Aug 27 20:36:02.659400 watchdogd[57] <Info>: 1247010160963458: <private>
Aug 27 20:36:02.659754 watchdogd[57] <Info>: 1247010160967875: <private>
Aug 27 20:36:02.660154 watchdogd[57] <Info>: 1247010160971916: <private>
Aug 27 20:36:02.660651 watchdogd[57] <Info>: 1247010160976083: <private>
Aug 27 20:36:02.661055 watchdogd[57] <Info>: 1247010160979958: <private>
Aug 27 20:36:04.297631 mediaserverd(CoreMotion)[36] <Debug>: Ping timer fired, resetting watchdog
Aug 27 20:36:04.328005 nearbyd(CoreMotion)[157] <Debug>: Ping timer fired, resetting watchdog
Aug 27 20:36:04.390820 locationd[69] <Debug>: Ping timer fired, resetting watchdog
Aug 27 20:36:06.279005 SpringBoard(CoreMotion)[47602] <Debug>: Ping timer fired, resetting watchdog
Aug 27 20:36:06.719568 wifid(WiFiPolicy)[52] <Notice>: __WiFiLQAMgrLogStats(tech support:Stationary): Rssi: -38 {-38 0} Channel: 44 Bandwidth: 80Mhz Snr: 35 Cca: 31 (S:0 O:0 I:0) TxPer: 0.0% (1) BcnPer: 1.0% (98, 50.5%) RxFrms: 3 RxRetryFrames: 0 TxRate: 24000 RxRate: 780000 FBRate: 520000 TxFwFrms: 2 TxFwFail: 0 TxReTrans: 0 time: 886.7secs fgApp: dev.selfhost.firstActivationProbe
Aug 27 20:36:06.727542 backboardd(CoreMotion)[65] <Debug>: Ping timer fired, resetting watchdog
Aug 27 20:36:07.120691 biometrickitd(CoreMotion)[109] <Debug>: Ping timer fired, resetting watchdog
Aug 27 20:36:09.297534 mediaserverd(CoreMotion)[36] <Debug>: Ping timer fired, resetting watchdog
Aug 27 20:36:09.326916 nearbyd(CoreMotion)[157] <Debug>: Ping timer fired, resetting watchdog
Aug 27 20:36:09.390850 locationd[69] <Debug>: Ping timer fired, resetting watchdog
Aug 27 20:36:11.277898 SpringBoard(CoreMotion)[47602] <Debug>: Ping timer fired, resetting watchdog
Aug 27 20:36:11.720871 wifid(WiFiPolicy)[52] <Notice>: __WiFiLQAMgrLogStats(tech support:Stationary): Rssi: -38 {-38 0} Channel: 44 Bandwidth: 80Mhz Snr: 35 Cca: 31 (S:0 O:0 I:0) TxPer: 0.0% (0) BcnPer: 0.0% (0, 50.5%) RxFrms: 6 RxRetryFrames: 0 TxRate: 24000 RxRate: 780000 FBRate: 520000 TxFwFrms: 0 TxFwFail: 0 TxReTrans: 0 time: 891.7secs fgApp: dev.selfhost.firstActivationProbe
Aug 27 20:36:11.723437 backboardd(CoreMotion)[65] <Debug>: Ping timer fired, resetting watchdog
Aug 27 20:36:12.120706 biometrickitd(CoreMotion)[109] <Debug>: Ping timer fired, resetting watchdog
Aug 27 20:36:12.648869 watchdogd[57] <Debug>: 1247020158567958: <private>
Aug 27 20:36:12.649789 watchdogd[57] <Info>: 1247020159154500: <private>
Aug 27 20:36:12.652259 watchdogd[57] <Debug>: 1247020159311708: <private>
Aug 27 20:36:12.653259 watchdogd[57] <Info>: 1247020159323041: <private>
Aug 27 20:36:12.653929 watchdogd[57] <Debug>: 1247020159446750: <private>
Aug 27 20:36:12.654967 watchdogd[57] <Debug>: 1247020160563541: <private>
Aug 27 20:36:12.655747 watchdogd[57] <Debug>: 1247020161179125: <private>
Aug 27 20:36:12.656216 watchdogd[57] <Debug>: 1247020161437125: <private>
Aug 27 20:36:12.657010 watchdogd[57] <Debug>: 1247020161802750: <private>
Aug 27 20:36:12.657396 watchdogd[57] <Debug>: 1247020162093291: <private>
Aug 27 20:36:12.657781 watchdogd[57] <Info>: 1247020162154458: <private>
Aug 27 20:36:12.658245 watchdogd[57] <Info>: 1247020162169833: <private>
Aug 27 20:36:12.658718 watchdogd[57] <Info>: 1247020162176000: <private>
Aug 27 20:36:12.659297 watchdogd[57] <Info>: 1247020162181083: <private>
Aug 27 20:36:12.659770 watchdogd[57] <Info>: 1247020162185583: <private>
Aug 27 20:36:12.660134 watchdogd[57] <Info>: 1247020162189750: <private>
Aug 27 20:36:12.660674 watchdogd[57] <Info>: 1247020162193958: <private>
Aug 27 20:36:12.661057 watchdogd[57] <Info>: 1247020162198041: <private>
Aug 27 20:36:12.661415 watchdogd[57] <Info>: 1247020162887625: <private>
Aug 27 20:36:14.297648 mediaserverd(CoreMotion)[36] <Debug>: Ping timer fired, resetting watchdog
Aug 27 20:36:14.329810 nearbyd(CoreMotion)[157] <Debug>: Ping timer fired, resetting watchdog
Aug 27 20:36:14.390928 locationd[69] <Debug>: Ping timer fired, resetting watchdog
Aug 27 20:36:16.278280 SpringBoard(CoreMotion)[47602] <Debug>: Ping timer fired, resetting watchdog
Aug 27 20:36:16.724876 backboardd(CoreMotion)[65] <Debug>: Ping timer fired, resetting watchdog
Aug 27 20:36:16.738969 wifid(WiFiPolicy)[52] <Notice>: __WiFiLQAMgrLogStats(tech support:Stationary): Rssi: -38 {-37 0} Channel: 44 Bandwidth: 80Mhz Snr: 35 Cca: 31 (S:0 O:0 I:0) TxPer: 0.0% (0) BcnPer: 0.0% (98, 50.5%) RxFrms: 3 RxRetryFrames: 0 TxRate: 24000 RxRate: 780000 FBRate: 520000 TxFwFrms: 0 TxFwFail: 0 TxReTrans: 0 time: 896.8secs fgApp: dev.selfhost.firstActivationProbe
Aug 27 20:36:17.121066 biometrickitd(CoreMotion)[109] <Debug>: Ping timer fired, resetting watchdog
Aug 27 20:36:19.297701 mediaserverd(CoreMotion)[36] <Debug>: Ping timer fired, resetting watchdog
Aug 27 20:36:19.350452 nearbyd(CoreMotion)[157] <Debug>: Ping timer fired, resetting watchdog
Aug 27 20:36:19.390953 locationd[69] <Debug>: Ping timer fired, resetting watchdog
Aug 27 20:36:21.288154 SpringBoard(CoreMotion)[47602] <Debug>: Ping timer fired, resetting watchdog
Aug 27 20:36:21.724384 backboardd(CoreMotion)[65] <Debug>: Ping timer fired, resetting watchdog
Aug 27 20:36:21.760383 wifid(WiFiPolicy)[52] <Notice>: __WiFiLQAMgrLogStats(tech support:Stationary): Rssi: -37 {-37 0} Channel: 44 Bandwidth: 80Mhz Snr: 35 Cca: 15 (S:0 O:0 I:0) TxPer: 0.0% (0) BcnPer: 0.0% (0, 50.5%) RxFrms: 7 RxRetryFrames: 0 TxRate: 24000 RxRate: 780000 FBRate: 520000 TxFwFrms: 3 TxFwFail: 0 TxReTrans: 0 time: 901.8secs fgApp: dev.selfhost.firstActivationProbe
Aug 27 20:36:22.120738 biometrickitd(CoreMotion)[109] <Debug>: Ping timer fired, resetting watchdog
Aug 27 20:36:22.648950 watchdogd[57] <Debug>: 1247030159309125: <private>
Aug 27 20:36:22.649865 watchdogd[57] <Info>: 1247030159897416: <private>
Aug 27 20:36:22.652066 watchdogd[57] <Debug>: 1247030160054208: <private>
Aug 27 20:36:22.652871 watchdogd[57] <Info>: 1247030160065875: <private>
Aug 27 20:36:22.653866 watchdogd[57] <Debug>: 1247030160300041: <private>
Aug 27 20:36:22.654754 watchdogd[57] <Debug>: 1247030160766958: <private>
Aug 27 20:36:22.655726 watchdogd[57] <Debug>: 1247030161365083: <private>
Aug 27 20:36:22.656221 watchdogd[57] <Debug>: 1247030161764458: <private>
Aug 27 20:36:22.656754 watchdogd[57] <Debug>: 1247030162237041: <private>
Aug 27 20:36:22.657332 watchdogd[57] <Debug>: 1247030162415041: <private>
Aug 27 20:36:22.657744 watchdogd[57] <Info>: 1247030162475250: <private>
Aug 27 20:36:22.658099 watchdogd[57] <Info>: 1247030162490458: <private>
Aug 27 20:36:22.658500 watchdogd[57] <Info>: 1247030162496583: <private>
Aug 27 20:36:22.658937 watchdogd[57] <Info>: 1247030162501708: <private>
Aug 27 20:36:22.659391 watchdogd[57] <Info>: 1247030162506083: <private>
Aug 27 20:36:22.659839 watchdogd[57] <Info>: 1247030162510208: <private>
Aug 27 20:36:22.660414 watchdogd[57] <Info>: 1247030162514458: <private>
Aug 27 20:36:22.660852 watchdogd[57] <Info>: 1247030162518375: <private>
Aug 27 20:36:24.297864 mediaserverd(CoreMotion)[36] <Debug>: Ping timer fired, resetting watchdog
Aug 27 20:36:24.341048 nearbyd(CoreMotion)[157] <Debug>: Ping timer fired, resetting watchdog
Aug 27 20:36:24.390848 locationd[69] <Debug>: Ping timer fired, resetting watchdog
Aug 27 20:36:26.279039 SpringBoard(CoreMotion)[47602] <Debug>: Ping timer fired, resetting watchdog
Aug 27 20:36:26.618085 runningboardd(RunningBoard)[33] <Notice>: [daemon<com.apple.backupd>:50238] termination reported by launchd (0, 0, 0)
Aug 27 20:36:26.623277 runningboardd(RunningBoard)[33] <Notice>: Removing assertions for terminated process: [daemon<com.apple.backupd>:50238]
Aug 27 20:36:26.625202 runningboardd(RunningBoard)[33] <Debug>: Sending state update for daemon<com.apple.backupd>: <RBSProcessState| task:none debug:none terminationResistance:None>
Aug 27 20:36:26.725465 backboardd(CoreMotion)[65] <Debug>: Ping timer fired, resetting watchdog
Aug 27 20:36:26.775087 wifid(WiFiPolicy)[52] <Notice>: __WiFiLQAMgrLogStats(tech support:Stationary): Rssi: -38 {-37 0} Channel: 44 Bandwidth: 80Mhz Snr: 35 Cca: 34 (S:0 O:0 I:0) TxPer: 0.0% (0) BcnPer: 2.0% (98, 50.5%) RxFrms: 8 RxRetryFrames: 0 TxRate: 24000 RxRate: 780000 FBRate: 520000 TxFwFrms: 0 TxFwFail: 0 TxReTrans: 0 time: 906.8secs fgApp: dev.selfhost.firstActivationProbe
Aug 27 20:36:27.121247 biometrickitd(CoreMotion)[109] <Debug>: Ping timer fired, resetting watchdog
Aug 27 20:36:29.297762 mediaserverd(CoreMotion)[36] <Debug>: Ping timer fired, resetting watchdog
Aug 27 20:36:29.329896 nearbyd(CoreMotion)[157] <Debug>: Ping timer fired, resetting watchdog
Aug 27 20:36:29.390862 locationd[69] <Debug>: Ping timer fired, resetting watchdog
Aug 27 20:36:31.316421 SpringBoard(CoreMotion)[47602] <Debug>: Ping timer fired, resetting watchdog
Aug 27 20:36:31.724390 backboardd(CoreMotion)[65] <Debug>: Ping timer fired, resetting watchdog
Aug 27 20:36:31.776817 wifid(WiFiPolicy)[52] <Notice>: __WiFiLQAMgrLogStats(tech support:Stationary): Rssi: -38 {-37 0} Channel: 44 Bandwidth: 80Mhz Snr: 35 Cca: 34 (S:0 O:0 I:0) TxPer: 0.0% (0) BcnPer: 0.0% (0, 50.5%) RxFrms: 3 RxRetryFrames: 0 TxRate: 24000 RxRate: 780000 FBRate: 520000 TxFwFrms: 0 TxFwFail: 0 TxReTrans: 0 time: 911.8secs fgApp: dev.selfhost.firstActivationProbe
Aug 27 20:36:32.120764 biometrickitd(CoreMotion)[109] <Debug>: Ping timer fired, resetting watchdog
Aug 27 20:36:32.649618 watchdogd[57] <Debug>: 1247040160056250: <private>
Aug 27 20:36:32.650307 watchdogd[57] <Info>: 1247040160634291: <private>
Aug 27 20:36:32.652174 watchdogd[57] <Debug>: 1247040160786958: <private>
Aug 27 20:36:32.653232 watchdogd[57] <Info>: 1247040160798291: <private>
Aug 27 20:36:32.653867 watchdogd[57] <Debug>: 1247040160921125: <private>
Aug 27 20:36:32.654803 watchdogd[57] <Debug>: 1247040161394875: <private>
Aug 27 20:36:32.656577 watchdogd[57] <Debug>: 1247040161840833: <private>
Aug 27 20:36:32.656996 watchdogd[57] <Debug>: 1247040162340583: <private>
Aug 27 20:36:32.657365 watchdogd[57] <Debug>: 1247040162817083: <private>
Aug 27 20:36:32.657776 watchdogd[57] <Debug>: 1247040162955125: <private>
Aug 27 20:36:32.658173 watchdogd[57] <Info>: 1247040163011875: <private>
Aug 27 20:36:32.658675 watchdogd[57] <Info>: 1247040163027375: <private>
Aug 27 20:36:32.659048 watchdogd[57] <Info>: 1247040163033416: <private>
Aug 27 20:36:32.659557 watchdogd[57] <Info>: 1247040163038375: <private>
Aug 27 20:36:32.659869 watchdogd[57] <Info>: 1247040163042833: <private>
Aug 27 20:36:32.660321 watchdogd[57] <Info>: 1247040163046958: <private>
Aug 27 20:36:32.660724 watchdogd[57] <Info>: 1247040163051041: <private>
Aug 27 20:36:32.661085 watchdogd[57] <Info>: 1247040163055041: <private>
Aug 27 20:36:34.302972 mediaserverd(CoreMotion)[36] <Debug>: Ping timer fired, resetting watchdog
Aug 27 20:36:34.330243 nearbyd(CoreMotion)[157] <Debug>: Ping timer fired, resetting watchdog
Aug 27 20:36:34.389930 locationd[69] <Debug>: Ping timer fired, resetting watchdog
Aug 27 20:36:36.279007 SpringBoard(CoreMotion)[47602] <Debug>: Ping timer fired, resetting watchdog
Aug 27 20:36:36.738976 backboardd(CoreMotion)[65] <Debug>: Ping timer fired, resetting watchdog
Aug 27 20:36:36.787724 wifid(WiFiPolicy)[52] <Notice>: __WiFiLQAMgrLogStats(tech support:Stationary): Rssi: -38 {-37 0} Channel: 44 Bandwidth: 80Mhz Snr: 35 Cca: 34 (S:0 O:0 I:0) TxPer: 0.0% (0) BcnPer: 2.0% (98, 50.5%) RxFrms: 1 RxRetryFrames: 0 TxRate: 24000 RxRate: 780000 FBRate: 520000 TxFwFrms: 0 TxFwFail: 0 TxReTrans: 0 time: 916.8secs fgApp: dev.selfhost.firstActivationProbe
Aug 27 20:36:37.120805 biometrickitd(CoreMotion)[109] <Debug>: Ping timer fired, resetting watchdog
Aug 27 20:36:39.305312 mediaserverd(CoreMotion)[36] <Debug>: Ping timer fired, resetting watchdog
Aug 27 20:36:39.329095 nearbyd(CoreMotion)[157] <Debug>: Ping timer fired, resetting watchdog
Aug 27 20:36:39.393232 locationd[69] <Debug>: Ping timer fired, resetting watchdog
Aug 27 20:36:41.278580 SpringBoard(CoreMotion)[47602] <Debug>: Ping timer fired, resetting watchdog
Aug 27 20:36:41.724425 backboardd(CoreMotion)[65] <Debug>: Ping timer fired, resetting watchdog
Aug 27 20:36:41.806722 wifid(WiFiPolicy)[52] <Notice>: __WiFiLQAMgrLogStats(tech support:Stationary): Rssi: -38 {-37 0} Channel: 44 Bandwidth: 80Mhz Snr: 35 Cca: 5 (S:0 O:0 I:0) TxPer: 0.0% (0) BcnPer: 0.0% (0, 50.5%) RxFrms: 3 RxRetryFrames: 0 TxRate: 24000 RxRate: 6000 FBRate: 520000 TxFwFrms: 2 TxFwFail: 0 TxReTrans: 0 time: 921.8secs fgApp: dev.selfhost.firstActivationProbe
Aug 27 20:36:42.123150 biometrickitd(CoreMotion)[109] <Debug>: Ping timer fired, resetting watchdog
Aug 27 20:36:42.650575 watchdogd[57] <Debug>: 1247050160805208: <private>
Aug 27 20:36:42.651453 watchdogd[57] <Info>: 1247050161369125: <private>
Aug 27 20:36:42.653292 watchdogd[57] <Debug>: 1247050161524833: <private>
Aug 27 20:36:42.654257 watchdogd[57] <Info>: 1247050161536625: <private>
Aug 27 20:36:42.654927 watchdogd[57] <Debug>: 1247050161659666: <private>
Aug 27 20:36:42.655846 watchdogd[57] <Debug>: 1247050162159916: <private>
Aug 27 20:36:42.656459 watchdogd[57] <Debug>: 1247050162862375: <private>
Aug 27 20:36:42.657644 watchdogd[57] <Debug>: 1247050163118083: <private>
Aug 27 20:36:42.658207 watchdogd[57] <Debug>: 1247050163664541: <private>
Aug 27 20:36:42.658776 watchdogd[57] <Debug>: 1247050163885208: <private>
Aug 27 20:36:42.659252 watchdogd[57] <Info>: 1247050163943583: <private>
Aug 27 20:36:42.659772 watchdogd[57] <Info>: 1247050163958291: <private>
Aug 27 20:36:42.660194 watchdogd[57] <Info>: 1247050163964458: <private>
Aug 27 20:36:42.660611 watchdogd[57] <Info>: 1247050163969583: <private>
Aug 27 20:36:42.661025 watchdogd[57] <Info>: 1247050163974041: <private>
Aug 27 20:36:42.661409 watchdogd[57] <Info>: 1247050163978250: <private>
Aug 27 20:36:42.661720 watchdogd[57] <Info>: 1247050163982458: <private>
Aug 27 20:36:42.662092 watchdogd[57] <Info>: 1247050163986666: <private>
Aug 27 20:36:42.662521 watchdogd[57] <Info>: 1247050164678250: <private>
Aug 27 20:36:44.296997 mediaserverd(CoreMotion)[36] <Debug>: Ping timer fired, resetting watchdog
Aug 27 20:36:44.326739 nearbyd(CoreMotion)[157] <Debug>: Ping timer fired, resetting watchdog
Aug 27 20:36:44.390982 locationd[69] <Debug>: Ping timer fired, resetting watchdog
Aug 27 20:36:46.279136 SpringBoard(CoreMotion)[47602] <Debug>: Ping timer fired, resetting watchdog
Aug 27 20:36:46.724549 backboardd(CoreMotion)[65] <Debug>: Ping timer fired, resetting watchdog
Aug 27 20:36:46.817176 wifid(WiFiPolicy)[52] <Notice>: __WiFiLQAMgrLogStats(tech support:Stationary): Rssi: -36 {-36 0} Channel: 44 Bandwidth: 80Mhz Snr: 35 Cca: 27 (S:0 O:0 I:0) TxPer: 0.0% (0) BcnPer: 4.1% (98, 50.5%) RxFrms: 1 RxRetryFrames: 0 TxRate: 24000 RxRate: 6000 FBRate: 520000 TxFwFrms: 0 TxFwFail: 0 TxReTrans: 0 time: 926.8secs fgApp: dev.selfhost.firstActivationProbe
Aug 27 20:36:47.120865 biometrickitd(CoreMotion)[109] <Debug>: Ping timer fired, resetting watchdog
