Aug 27 21:19:31.025407 SpringBoard(CoreMotion)[47602] <Debug>: Ping timer fired, resetting watchdog
Aug 27 21:19:31.472070 backboardd(CoreMotion)[65] <Debug>: Ping timer fired, resetting watchdog
Aug 27 21:19:31.871748 biometrickitd(CoreMotion)[109] <Debug>: Ping timer fired, resetting watchdog
Aug 27 21:19:32.676091 watchdogd[57] <Debug>: 1249620322375500: <private>
Aug 27 21:19:32.676230 watchdogd[57] <Info>: 1249620322467208: <private>
Aug 27 21:19:32.676401 watchdogd[57] <Debug>: 1249620322560500: <private>
Aug 27 21:19:32.676537 watchdogd[57] <Debug>: 1249620322579000: <private>
Aug 27 21:19:32.676670 watchdogd[57] <Info>: 1249620322579916: <private>
Aug 27 21:19:32.676815 watchdogd[57] <Debug>: 1249620322633583: <private>
Aug 27 21:19:32.676965 watchdogd[57] <Debug>: 1249620322732791: <private>
Aug 27 21:19:32.677123 watchdogd[57] <Debug>: 1249620322777041: <private>
Aug 27 21:19:32.677270 watchdogd[57] <Debug>: 1249620322854000: <private>
Aug 27 21:19:32.677417 watchdogd[57] <Debug>: 1249620322881000: <private>
Aug 27 21:19:32.677557 watchdogd[57] <Info>: 1249620322887583: <private>
Aug 27 21:19:32.677705 watchdogd[57] <Info>: 1249620322889833: <private>
Aug 27 21:19:32.677853 watchdogd[57] <Info>: 1249620322890666: <private>
Aug 27 21:19:32.677987 watchdogd[57] <Info>: 1249620322891333: <private>
Aug 27 21:19:32.678150 watchdogd[57] <Info>: 1249620322891833: <private>
Aug 27 21:19:32.678284 watchdogd[57] <Info>: 1249620322892291: <private>
Aug 27 21:19:32.678412 watchdogd[57] <Info>: 1249620322892750: <private>
Aug 27 21:19:32.678566 watchdogd[57] <Info>: 1249620322893166: <private>
Aug 27 21:19:33.070785 locationd[69] <Debug>: Fence: cancelLocationWatchdog, num fences, 1, location type, <private>
Aug 27 21:19:33.072997 locationd[69] <Debug>: Fence: cancelLocationWatchdog
Aug 27 21:19:34.046088 mediaserverd(CoreMotion)[36] <Debug>: Ping timer fired, resetting watchdog
Aug 27 21:19:34.075194 nearbyd(CoreMotion)[157] <Debug>: Ping timer fired, resetting watchdog
Aug 27 21:19:34.182171 locationd[69] <Debug>: Ping timer fired, resetting watchdog
Aug 27 21:19:36.062463 SpringBoard(CoreMotion)[47602] <Debug>: Ping timer fired, resetting watchdog
Aug 27 21:19:36.473808 backboardd(CoreMotion)[65] <Debug>: Ping timer fired, resetting watchdog
Aug 27 21:19:36.892233 biometrickitd(CoreMotion)[109] <Debug>: Ping timer fired, resetting watchdog
Aug 27 21:19:39.046797 mediaserverd(CoreMotion)[36] <Debug>: Ping timer fired, resetting watchdog
Aug 27 21:19:39.089543 nearbyd(CoreMotion)[157] <Debug>: Ping timer fired, resetting watchdog
Aug 27 21:19:39.141907 locationd[69] <Debug>: Ping timer fired, resetting watchdog
Aug 27 21:19:41.024262 SpringBoard(CoreMotion)[47602] <Debug>: Ping timer fired, resetting watchdog
Aug 27 21:19:41.474075 backboardd(CoreMotion)[65] <Debug>: Ping timer fired, resetting watchdog
Aug 27 21:19:41.867124 biometrickitd(CoreMotion)[109] <Debug>: Ping timer fired, resetting watchdog
Aug 27 21:19:42.565246 watchdogd[57] <Debug>: 1249630322559291: <private>
Aug 27 21:19:42.566802 watchdogd[57] <Info>: 1249630322932541: <private>
Aug 27 21:19:42.568487 watchdogd[57] <Debug>: 1249630323131500: <private>
Aug 27 21:19:42.570291 watchdogd[57] <Debug>: 1249630323558208: <private>
Aug 27 21:19:42.571701 watchdogd[57] <Info>: 1249630323564083: <private>
Aug 27 21:19:42.573248 watchdogd[57] <Debug>: 1249630323733958: <private>
Aug 27 21:19:42.574822 watchdogd[57] <Debug>: 1249630324052458: <private>
Aug 27 21:19:42.576185 watchdogd[57] <Debug>: 1249630324233333: <private>
Aug 27 21:19:42.577724 watchdogd[57] <Debug>: 1249630324403416: <private>
Aug 27 21:19:42.579149 watchdogd[57] <Debug>: 1249630324535666: <private>
Aug 27 21:19:42.580678 watchdogd[57] <Info>: 1249630324569500: <private>
Aug 27 21:19:42.581838 watchdogd[57] <Info>: 1249630324578291: <private>
Aug 27 21:19:42.583283 watchdogd[57] <Info>: 1249630324581250: <private>
Aug 27 21:19:42.584413 watchdogd[57] <Info>: 1249630324584041: <private>
Aug 27 21:19:42.585363 watchdogd[57] <Info>: 1249630324586500: <private>
Aug 27 21:19:42.586510 watchdogd[57] <Info>: 1249630324588750: <private>
Aug 27 21:19:42.587769 watchdogd[57] <Info>: 1249630324591041: <private>
Aug 27 21:19:42.588906 watchdogd[57] <Info>: 1249630324593208: <private>
Aug 27 21:19:42.589836 watchdogd[57] <Info>: 1249630324995041: <private>
Aug 27 21:19:44.055839 mediaserverd(CoreMotion)[36] <Debug>: Ping timer fired, resetting watchdog
Aug 27 21:19:44.076944 nearbyd(CoreMotion)[157] <Debug>: Ping timer fired, resetting watchdog
Aug 27 21:19:44.138570 locationd[69] <Debug>: Ping timer fired, resetting watchdog
Aug 27 21:19:46.025514 SpringBoard(CoreMotion)[47602] <Debug>: Ping timer fired, resetting watchdog
Aug 27 21:19:46.470938 backboardd(CoreMotion)[65] <Debug>: Ping timer fired, resetting watchdog
Aug 27 21:19:46.871809 biometrickitd(CoreMotion)[109] <Debug>: Ping timer fired, resetting watchdog
Aug 27 21:19:49.015710 routined(libcoreroutine.dylib)[38] <Debug>: pipeline, com.apple.routined.visit.pipeline.realtime-low-confidence, iteration, 3379, is terminated by <private>
Aug 27 21:19:49.043146 mediaserverd(CoreMotion)[36] <Debug>: Ping timer fired, resetting watchdog
Aug 27 21:19:49.049345 routined(libcoreroutine.dylib)[38] <Debug>: pipeline, com.apple.routined.visit.pipeline.realtime-high-confidence, iteration, 3379, is terminated by <private>
Aug 27 21:19:49.076908 nearbyd(CoreMotion)[157] <Debug>: Ping timer fired, resetting watchdog
Aug 27 21:19:49.136013 locationd[69] <Debug>: Ping timer fired, resetting watchdog
Aug 27 21:19:51.024785 SpringBoard(CoreMotion)[47602] <Debug>: Ping timer fired, resetting watchdog
Aug 27 21:19:51.469037 backboardd(CoreMotion)[65] <Debug>: Ping timer fired, resetting watchdog
Aug 27 21:19:51.866609 biometrickitd(CoreMotion)[109] <Debug>: Ping timer fired, resetting watchdog
Aug 27 21:19:52.558790 watchdogd[57] <Debug>: 1249640323052708: <private>
Aug 27 21:19:52.560173 watchdogd[57] <Info>: 1249640323377875: <private>
Aug 27 21:19:52.561939 watchdogd[57] <Debug>: 1249640323461875: <private>
Aug 27 21:19:52.563339 watchdogd[57] <Info>: 1249640323468208: <private>
Aug 27 21:19:52.564697 watchdogd[57] <Debug>: 1249640323537666: <private>
Aug 27 21:19:52.566193 watchdogd[57] <Debug>: 1249640323848041: <private>
Aug 27 21:19:52.568285 watchdogd[57] <Debug>: 1249640324095125: <private>
Aug 27 21:19:52.569751 watchdogd[57] <Debug>: 1249640324398500: <private>
Aug 27 21:19:52.571227 watchdogd[57] <Debug>: 1249640324642166: <private>
Aug 27 21:19:52.572270 watchdogd[57] <Debug>: 1249640324663166: <private>
Aug 27 21:19:52.573307 watchdogd[57] <Info>: 1249640324694333: <private>
Aug 27 21:19:52.574331 watchdogd[57] <Info>: 1249640324703208: <private>
Aug 27 21:19:52.575262 watchdogd[57] <Info>: 1249640324706625: <private>
Aug 27 21:19:52.576256 watchdogd[57] <Info>: 1249640324709250: <private>
Aug 27 21:19:52.577207 watchdogd[57] <Info>: 1249640324711708: <private>
Aug 27 21:19:52.578262 watchdogd[57] <Info>: 1249640324713958: <private>
Aug 27 21:19:52.579688 watchdogd[57] <Info>: 1249640324716250: <private>
Aug 27 21:19:52.580621 watchdogd[57] <Info>: 1249640324718416: <private>
Aug 27 21:19:54.042572 mediaserverd(CoreMotion)[36] <Debug>: Ping timer fired, resetting watchdog
Aug 27 21:19:54.090008 nearbyd(CoreMotion)[157] <Debug>: Ping timer fired, resetting watchdog
Aug 27 21:19:54.135939 locationd[69] <Debug>: Ping timer fired, resetting watchdog
Aug 27 21:19:56.026932 SpringBoard(CoreMotion)[47602] <Debug>: Ping timer fired, resetting watchdog
Aug 27 21:19:56.513533 backboardd(CoreMotion)[65] <Debug>: Ping timer fired, resetting watchdog
Aug 27 21:19:56.865035 biometrickitd(CoreMotion)[109] <Debug>: Ping timer fired, resetting watchdog
Aug 27 21:19:58.933494 runningboardd(RunningBoard)[33] <Info>: _requestedJetsamPriority = 6, _executablePath = /System/Library/PrivateFrameworks/MobileBackup.framework/backupd
Aug 27 21:19:58.940033 runningboardd(RunningBoard)[33] <Info>: _requestedJetsamPriority = 6, _executablePath = /System/Library/PrivateFrameworks/MobileBackup.framework/backupd
Aug 27 21:19:58.941081 runningboardd(RunningBoard)[33] <Debug>: Sending state update for daemon<com.apple.backupd>: <RBSProcessState| task:running debug:none terminationResistance:None>
Aug 27 21:19:59.047352 mediaserverd(CoreMotion)[36] <Debug>: Ping timer fired, resetting watchdog
Aug 27 21:19:59.085789 nearbyd(CoreMotion)[157] <Debug>: Ping timer fired, resetting watchdog
Aug 27 21:19:59.135126 locationd[69] <Debug>: Ping timer fired, resetting watchdog
Aug 27 21:20:01.027619 SpringBoard(CoreMotion)[47602] <Debug>: Ping timer fired, resetting watchdog
Aug 27 21:20:01.470021 backboardd(CoreMotion)[65] <Debug>: Ping timer fired, resetting watchdog
Aug 27 21:20:01.870302 biometrickitd(CoreMotion)[109] <Debug>: Ping timer fired, resetting watchdog
Aug 27 21:20:02.565377 watchdogd[57] <Debug>: 1249650323514541: <private>
Aug 27 21:20:02.566845 watchdogd[57] <Info>: 1249650324071583: <private>
Aug 27 21:20:02.568413 watchdogd[57] <Debug>: 1249650324610666: <private>
Aug 27 21:20:02.569833 watchdogd[57] <Debug>: 1249650324842458: <private>
Aug 27 21:20:02.571654 watchdogd[57] <Info>: 1249650324852958: <private>
Aug 27 21:20:02.573548 watchdogd[57] <Debug>: 1249650325360208: <private>
Aug 27 21:20:02.575077 watchdogd[57] <Debug>: 1249650326034041: <private>
Aug 27 21:20:02.576587 watchdogd[57] <Debug>: 1249650326281375: <private>
Aug 27 21:20:02.578014 watchdogd[57] <Debug>: 1249650326646000: <private>
Aug 27 21:20:02.579612 watchdogd[57] <Debug>: 1249650326934125: <private>
Aug 27 21:20:02.581133 watchdogd[57] <Info>: 1249650326999416: <private>
Aug 27 21:20:02.582650 watchdogd[57] <Info>: 1249650327015500: <private>
Aug 27 21:20:02.584224 watchdogd[57] <Info>: 1249650327021666: <private>
Aug 27 21:20:02.585822 watchdogd[57] <Info>: 1249650327026583: <private>
Aug 27 21:20:02.587128 watchdogd[57] <Info>: 1249650327031208: <private>
Aug 27 21:20:02.589142 watchdogd[57] <Info>: 1249650327035250: <private>
Aug 27 21:20:02.590537 watchdogd[57] <Info>: 1249650327039500: <private>
Aug 27 21:20:02.591591 watchdogd[57] <Info>: 1249650327043541: <private>
Aug 27 21:20:04.044158 mediaserverd(CoreMotion)[36] <Debug>: Ping timer fired, resetting watchdog
Aug 27 21:20:04.080485 nearbyd(CoreMotion)[157] <Debug>: Ping timer fired, resetting watchdog
Aug 27 21:20:04.139930 locationd[69] <Debug>: Ping timer fired, resetting watchdog
Aug 27 21:20:06.033990 SpringBoard(CoreMotion)[47602] <Debug>: Ping timer fired, resetting watchdog
Aug 27 21:20:06.470105 backboardd(CoreMotion)[65] <Debug>: Ping timer fired, resetting watchdog
Aug 27 21:20:06.865019 biometrickitd(CoreMotion)[109] <Debug>: Ping timer fired, resetting watchdog
Aug 27 21:20:09.041603 mediaserverd(CoreMotion)[36] <Debug>: Ping timer fired, resetting watchdog
Aug 27 21:20:09.086039 nearbyd(CoreMotion)[157] <Debug>: Ping timer fired, resetting watchdog
Aug 27 21:20:09.137823 locationd[69] <Debug>: Ping timer fired, resetting watchdog
Aug 27 21:20:11.024123 SpringBoard(CoreMotion)[47602] <Debug>: Ping timer fired, resetting watchdog
Aug 27 21:20:11.467887 backboardd(CoreMotion)[65] <Debug>: Ping timer fired, resetting watchdog
Aug 27 21:20:11.915685 biometrickitd(CoreMotion)[109] <Debug>: Ping timer fired, resetting watchdog
Aug 27 21:20:12.562328 watchdogd[57] <Debug>: 1249660324231833: <private>
Aug 27 21:20:12.564106 watchdogd[57] <Info>: 1249660324805041: <private>
Aug 27 21:20:12.565648 watchdogd[57] <Debug>: 1249660324956708: <private>
Aug 27 21:20:12.568716 watchdogd[57] <Info>: 1249660324968541: <private>
Aug 27 21:20:12.570195 watchdogd[57] <Debug>: 1249660325089916: <private>
Aug 27 21:20:12.571625 watchdogd[57] <Debug>: 1249660325599500: <private>
Aug 27 21:20:12.573054 watchdogd[57] <Debug>: 1249660326271083: <private>
Aug 27 21:20:12.574602 watchdogd[57] <Debug>: 1249660326657375: <private>
Aug 27 21:20:12.576023 watchdogd[57] <Debug>: 1249660326825375: <private>
Aug 27 21:20:12.577609 watchdogd[57] <Debug>: 1249660327197500: <private>
Aug 27 21:20:12.579610 watchdogd[57] <Info>: 1249660327256125: <private>
Aug 27 21:20:12.581331 watchdogd[57] <Info>: 1249660327271583: <private>
Aug 27 21:20:12.582944 watchdogd[57] <Info>: 1249660327277250: <private>
Aug 27 21:20:12.584314 watchdogd[57] <Info>: 1249660327282458: <private>
Aug 27 21:20:12.585907 watchdogd[57] <Info>: 1249660327287166: <private>
Aug 27 21:20:12.587397 watchdogd[57] <Info>: 1249660327291666: <private>
Aug 27 21:20:12.589108 watchdogd[57] <Info>: 1249660327295875: <private>
Aug 27 21:20:12.590227 watchdogd[57] <Info>: 1249660327299958: <private>
Aug 27 21:20:12.591120 watchdogd[57] <Info>: 1249660327999875: <private>
Aug 27 21:20:14.044278 mediaserverd(CoreMotion)[36] <Debug>: Ping timer fired, resetting watchdog
Aug 27 21:20:14.089001 nearbyd(CoreMotion)[157] <Debug>: Ping timer fired, resetting watchdog
Aug 27 21:20:14.140616 locationd[69] <Debug>: Ping timer fired, resetting watchdog
Aug 27 21:20:16.032947 SpringBoard(CoreMotion)[47602] <Debug>: Ping timer fired, resetting watchdog
Aug 27 21:20:16.469058 backboardd(CoreMotion)[65] <Debug>: Ping timer fired, resetting watchdog
Aug 27 21:20:16.869813 biometrickitd(CoreMotion)[109] <Debug>: Ping timer fired, resetting watchdog
Aug 27 21:20:19.042425 mediaserverd(CoreMotion)[36] <Debug>: Ping timer fired, resetting watchdog
Aug 27 21:20:19.072361 nearbyd(CoreMotion)[157] <Debug>: Ping timer fired, resetting watchdog
Aug 27 21:20:19.135084 locationd[69] <Debug>: Ping timer fired, resetting watchdog
Aug 27 21:20:21.025475 SpringBoard(CoreMotion)[47602] <Debug>: Ping timer fired, resetting watchdog
Aug 27 21:20:21.468511 backboardd(CoreMotion)[65] <Debug>: Ping timer fired, resetting watchdog
Aug 27 21:20:21.873844 biometrickitd(CoreMotion)[109] <Debug>: Ping timer fired, resetting watchdog
Aug 27 21:20:22.558947 watchdogd[57] <Debug>: 1249670324889666: <private>
Aug 27 21:20:22.559321 watchdogd[57] <Info>: 1249670325044250: <private>
Aug 27 21:20:22.559704 watchdogd[57] <Debug>: 1249670325118708: <private>
Aug 27 21:20:22.560247 watchdogd[57] <Debug>: 1249670325186916: <private>
Aug 27 21:20:22.560657 watchdogd[57] <Info>: 1249670325188625: <private>
Aug 27 21:20:22.561172 watchdogd[57] <Debug>: 1249670325298541: <private>
Aug 27 21:20:22.561552 watchdogd[57] <Debug>: 1249670325368875: <private>
Aug 27 21:20:22.561998 watchdogd[57] <Debug>: 1249670325484208: <private>
Aug 27 21:20:22.562501 watchdogd[57] <Debug>: 1249670325545916: <private>
Aug 27 21:20:22.562960 watchdogd[57] <Debug>: 1249670325631666: <private>
Aug 27 21:20:22.563613 watchdogd[57] <Info>: 1249670325643291: <private>
Aug 27 21:20:22.564136 watchdogd[57] <Info>: 1249670325647375: <private>
Aug 27 21:20:22.564506 watchdogd[57] <Info>: 1249670325648541: <private>
Aug 27 21:20:22.564931 watchdogd[57] <Info>: 1249670325649541: <private>
Aug 27 21:20:22.565454 watchdogd[57] <Info>: 1249670325650333: <private>
Aug 27 21:20:22.565914 watchdogd[57] <Info>: 1249670325651083: <private>
Aug 27 21:20:22.566406 watchdogd[57] <Info>: 1249670325651750: <private>
Aug 27 21:20:22.566957 watchdogd[57] <Info>: 1249670325652416: <private>
Aug 27 21:20:24.042317 mediaserverd(CoreMotion)[36] <Debug>: Ping timer fired, resetting watchdog
Aug 27 21:20:24.071962 nearbyd(CoreMotion)[157] <Debug>: Ping timer fired, resetting watchdog
Aug 27 21:20:24.137127 locationd[69] <Debug>: Ping timer fired, resetting watchdog
Aug 27 21:20:26.024165 SpringBoard(CoreMotion)[47602] <Debug>: Ping timer fired, resetting watchdog
Aug 27 21:20:26.471899 backboardd(CoreMotion)[65] <Debug>: Ping timer fired, resetting watchdog
Aug 27 21:20:26.866443 biometrickitd(CoreMotion)[109] <Debug>: Ping timer fired, resetting watchdog
Aug 27 21:20:28.976955 runningboardd(RunningBoard)[33] <Notice>: [daemon<com.apple.backupd>:50578] termination reported by launchd (0, 0, 0)
Aug 27 21:20:28.979765 runningboardd(RunningBoard)[33] <Notice>: Removing assertions for terminated process: [daemon<com.apple.backupd>:50578]
Aug 27 21:20:28.982304 runningboardd(RunningBoard)[33] <Debug>: Sending state update for daemon<com.apple.backupd>: <RBSProcessState| task:none debug:none terminationResistance:None>
Aug 27 21:20:29.040435 mediaserverd(CoreMotion)[36] <Debug>: Ping timer fired, resetting watchdog
Aug 27 21:20:29.078526 nearbyd(CoreMotion)[157] <Debug>: Ping timer fired, resetting watchdog
Aug 27 21:20:29.134358 locationd[69] <Debug>: Ping timer fired, resetting watchdog
Aug 27 21:20:31.023812 SpringBoard(CoreMotion)[47602] <Debug>: Ping timer fired, resetting watchdog
Aug 27 21:20:31.470170 backboardd(CoreMotion)[65] <Debug>: Ping timer fired, resetting watchdog
Aug 27 21:20:31.865650 biometrickitd(CoreMotion)[109] <Debug>: Ping timer fired, resetting watchdog
Aug 27 21:20:32.558517 watchdogd[57] <Debug>: 1249680325134000: <private>
Aug 27 21:20:32.559931 watchdogd[57] <Info>: 1249680325472958: <private>
Aug 27 21:20:32.561508 watchdogd[57] <Debug>: 1249680325561625: <private>
Aug 27 21:20:32.563108 watchdogd[57] <Info>: 1249680325568250: <private>
Aug 27 21:20:32.564450 watchdogd[57] <Debug>: 1249680325690833: <private>
Aug 27 21:20:32.566007 watchdogd[57] <Debug>: 1249680325937666: <private>
Aug 27 21:20:32.567477 watchdogd[57] <Debug>: 1249680326218250: <private>
Aug 27 21:20:32.569421 watchdogd[57] <Debug>: 1249680326505666: <private>
Aug 27 21:20:32.570744 watchdogd[57] <Debug>: 1249680326764791: <private>
Aug 27 21:20:32.571932 watchdogd[57] <Debug>: 1249680326788750: <private>
Aug 27 21:20:32.573338 watchdogd[57] <Info>: 1249680326819625: <private>
Aug 27 21:20:32.574420 watchdogd[57] <Info>: 1249680326828708: <private>
Aug 27 21:20:32.575615 watchdogd[57] <Info>: 1249680326832250: <private>
Aug 27 21:20:32.576708 watchdogd[57] <Info>: 1249680326834916: <private>
Aug 27 21:20:32.577496 watchdogd[57] <Info>: 1249680326837333: <private>
Aug 27 21:20:32.578744 watchdogd[57] <Info>: 1249680326839583: <private>
Aug 27 21:20:32.579557 watchdogd[57] <Info>: 1249680326841875: <private>
Aug 27 21:20:32.580132 watchdogd[57] <Info>: 1249680326844083: <private>
Aug 27 21:20:34.055254 mediaserverd(CoreMotion)[36] <Debug>: Ping timer fired, resetting watchdog
Aug 27 21:20:34.073678 nearbyd(CoreMotion)[157] <Debug>: Ping timer fired, resetting watchdog
Aug 27 21:20:34.136536 locationd[69] <Debug>: Ping timer fired, resetting watchdog
Aug 27 21:20:36.023564 SpringBoard(CoreMotion)[47602] <Debug>: Ping timer fired, resetting watchdog
Aug 27 21:20:36.468915 backboardd(CoreMotion)[65] <Debug>: Ping timer fired, resetting watchdog
Aug 27 21:20:36.865579 biometrickitd(CoreMotion)[109] <Debug>: Ping timer fired, resetting watchdog
Aug 27 21:20:39.064577 mediaserverd(CoreMotion)[36] <Debug>: Ping timer fired, resetting watchdog
Aug 27 21:20:39.084375 nearbyd(CoreMotion)[157] <Debug>: Ping timer fired, resetting watchdog
Aug 27 21:20:39.135833 locationd[69] <Debug>: Ping timer fired, resetting watchdog
Aug 27 21:20:41.020486 SpringBoard(CoreMotion)[47602] <Debug>: Ping timer fired, resetting watchdog
Aug 27 21:20:41.466476 backboardd(CoreMotion)[65] <Debug>: Ping timer fired, resetting watchdog
Aug 27 21:20:41.865371 biometrickitd(CoreMotion)[109] <Debug>: Ping timer fired, resetting watchdog
Aug 27 21:20:42.655559 watchdogd[57] <Debug>: 1249690325508583: <private>
Aug 27 21:20:42.656056 watchdogd[57] <Info>: 1249690325585500: <private>
Aug 27 21:20:42.656272 watchdogd[57] <Debug>: 1249690325683375: <private>
Aug 27 21:20:42.656440 watchdogd[57] <Debug>: 1249690325809625: <private>
Aug 27 21:20:42.656670 watchdogd[57] <Info>: 1249690325811166: <private>
Aug 27 21:20:42.656811 watchdogd[57] <Debug>: 1249690325960083: <private>
Aug 27 21:20:42.657020 watchdogd[57] <Debug>: 1249690326016166: <private>
Aug 27 21:20:42.657182 watchdogd[57] <Debug>: 1249690326096083: <private>
Aug 27 21:20:42.657300 watchdogd[57] <Debug>: 1249690326107333: <private>
Aug 27 21:20:42.657418 watchdogd[57] <Debug>: 1249690326153208: <private>
Aug 27 21:20:42.657624 watchdogd[57] <Info>: 1249690326160541: <private>
Aug 27 21:20:42.657769 watchdogd[57] <Info>: 1249690326163041: <private>
Aug 27 21:20:42.657888 watchdogd[57] <Info>: 1249690326163916: <private>
Aug 27 21:20:42.658016 watchdogd[57] <Info>: 1249690326164500: <private>
Aug 27 21:20:42.658208 watchdogd[57] <Info>: 1249690326165041: <private>
Aug 27 21:20:42.658355 watchdogd[57] <Info>: 1249690326165500: <private>
Aug 27 21:20:42.658601 watchdogd[57] <Info>: 1249690326165916: <private>
Aug 27 21:20:42.658858 watchdogd[57] <Info>: 1249690326166333: <private>
Aug 27 21:20:44.045746 mediaserverd(CoreMotion)[36] <Debug>: Ping timer fired, resetting watchdog
Aug 27 21:20:44.073966 nearbyd(CoreMotion)[157] <Debug>: Ping timer fired, resetting watchdog
Aug 27 21:20:44.141146 locationd[69] <Debug>: Ping timer fired, resetting watchdog
Aug 27 21:20:46.024138 SpringBoard(CoreMotion)[47602] <Debug>: Ping timer fired, resetting watchdog
Aug 27 21:20:46.495681 backboardd(CoreMotion)[65] <Debug>: Ping timer fired, resetting watchdog
Aug 27 21:20:46.880100 biometrickitd(CoreMotion)[109] <Debug>: Ping timer fired, resetting watchdog
Aug 27 21:20:49.042879 mediaserverd(CoreMotion)[36] <Debug>: Ping timer fired, resetting watchdog
Aug 27 21:20:49.071388 nearbyd(CoreMotion)[157] <Debug>: Ping timer fired, resetting watchdog
Aug 27 21:20:49.136585 locationd[69] <Debug>: Ping timer fired, resetting watchdog
Aug 27 21:20:51.027267 SpringBoard(CoreMotion)[47602] <Debug>: Ping timer fired, resetting watchdog
Aug 27 21:20:51.470229 backboardd(CoreMotion)[65] <Debug>: Ping timer fired, resetting watchdog
Aug 27 21:20:51.869040 biometrickitd(CoreMotion)[109] <Debug>: Ping timer fired, resetting watchdog
Aug 27 21:20:52.565851 watchdogd[57] <Debug>: 1249700325746541: <private>
Aug 27 21:20:52.568743 watchdogd[57] <Info>: 1249700326315708: <private>
Aug 27 21:20:52.570735 watchdogd[57] <Debug>: 1249700326470625: <private>
Aug 27 21:20:52.572138 watchdogd[57] <Info>: 1249700326482250: <private>
Aug 27 21:20:52.573596 watchdogd[57] <Debug>: 1249700326604250: <private>
Aug 27 21:20:52.575160 watchdogd[57] <Debug>: 1249700327115625: <private>
Aug 27 21:20:52.576647 watchdogd[57] <Debug>: 1249700327780208: <private>
Aug 27 21:20:52.578016 watchdogd[57] <Debug>: 1249700328240125: <private>
Aug 27 21:20:52.579531 watchdogd[57] <Debug>: 1249700328279750: <private>
Aug 27 21:20:52.581023 watchdogd[57] <Debug>: 1249700328745458: <private>
Aug 27 21:20:52.582763 watchdogd[57] <Info>: 1249700328808166: <private>
Aug 27 21:20:52.584250 watchdogd[57] <Info>: 1249700328822708: <private>
Aug 27 21:20:52.585593 watchdogd[57] <Info>: 1249700328828625: <private>
Aug 27 21:20:52.587158 watchdogd[57] <Info>: 1249700328833916: <private>
Aug 27 21:20:52.588700 watchdogd[57] <Info>: 1249700328838625: <private>
Aug 27 21:20:52.590198 watchdogd[57] <Info>: 1249700328842875: <private>
Aug 27 21:20:52.591838 watchdogd[57] <Info>: 1249700328847041: <private>
Aug 27 21:20:52.593275 watchdogd[57] <Info>: 1249700328851083: <private>
Aug 27 21:20:52.596296 watchdogd[57] <Info>: 1249700329531625: <private>
Aug 27 21:20:54.043000 mediaserverd(CoreMotion)[36] <Debug>: Ping timer fired, resetting watchdog
Aug 27 21:20:54.073621 nearbyd(CoreMotion)[157] <Debug>: Ping timer fired, resetting watchdog
Aug 27 21:20:54.134587 locationd[69] <Debug>: Ping timer fired, resetting watchdog
Aug 27 21:20:56.025979 SpringBoard(CoreMotion)[47602] <Debug>: Ping timer fired, resetting watchdog
Aug 27 21:20:56.471771 backboardd(CoreMotion)[65] <Debug>: Ping timer fired, resetting watchdog
Aug 27 21:20:56.868091 biometrickitd(CoreMotion)[109] <Debug>: Ping timer fired, resetting watchdog
Aug 27 21:20:59.041896 mediaserverd(CoreMotion)[36] <Debug>: Ping timer fired, resetting watchdog
Aug 27 21:20:59.074287 nearbyd(CoreMotion)[157] <Debug>: Ping timer fired, resetting watchdog
Aug 27 21:20:59.137363 locationd[69] <Debug>: Ping timer fired, resetting watchdog
Aug 27 21:21:01.025605 SpringBoard(CoreMotion)[47602] <Debug>: Ping timer fired, resetting watchdog
Aug 27 21:21:01.471356 backboardd(CoreMotion)[65] <Debug>: Ping timer fired, resetting watchdog
Aug 27 21:21:01.867442 biometrickitd(CoreMotion)[109] <Debug>: Ping timer fired, resetting watchdog
Aug 27 21:21:02.561475 watchdogd[57] <Debug>: 1249710326418958: <private>
Aug 27 21:21:02.562955 watchdogd[57] <Info>: 1249710326754500: <private>
Aug 27 21:21:02.564430 watchdogd[57] <Debug>: 1249710326840875: <private>
Aug 27 21:21:02.565641 watchdogd[57] <Info>: 1249710326847375: <private>
Aug 27 21:21:02.567080 watchdogd[57] <Debug>: 1249710326970958: <private>
Aug 27 21:21:02.568683 watchdogd[57] <Debug>: 1249710327228875: <private>
Aug 27 21:21:02.570479 watchdogd[57] <Debug>: 1249710327596708: <private>
Aug 27 21:21:02.572044 watchdogd[57] <Debug>: 1249710327855500: <private>
Aug 27 21:21:02.573694 watchdogd[57] <Debug>: 1249710327876541: <private>
Aug 27 21:21:02.575029 watchdogd[57] <Debug>: 1249710328143416: <private>
Aug 27 21:21:02.576529 watchdogd[57] <Info>: 1249710328176583: <private>
Aug 27 21:21:02.577924 watchdogd[57] <Info>: 1249710328185791: <private>
Aug 27 21:21:02.579380 watchdogd[57] <Info>: 1249710328189041: <private>
Aug 27 21:21:02.581111 watchdogd[57] <Info>: 1249710328191833: <private>
Aug 27 21:21:02.582398 watchdogd[57] <Info>: 1249710328194208: <private>
Aug 27 21:21:02.583995 watchdogd[57] <Info>: 1249710328196416: <private>
Aug 27 21:21:02.585346 watchdogd[57] <Info>: 1249710328198625: <private>
Aug 27 21:21:02.586665 watchdogd[57] <Info>: 1249710328200791: <private>
Aug 27 21:21:04.043813 mediaserverd(CoreMotion)[36] <Debug>: Ping timer fired, resetting watchdog
Aug 27 21:21:04.092375 nearbyd(CoreMotion)[157] <Debug>: Ping timer fired, resetting watchdog
Aug 27 21:21:04.136013 locationd[69] <Debug>: Ping timer fired, resetting watchdog
Aug 27 21:21:05.025719 runningboardd(RunningBoard)[33] <Info>: _requestedJetsamPriority = 6, _executablePath = /System/Library/PrivateFrameworks/MobileBackup.framework/backupd
Aug 27 21:21:05.032517 runningboardd(RunningBoard)[33] <Info>: _requestedJetsamPriority = 6, _executablePath = /System/Library/PrivateFrameworks/MobileBackup.framework/backupd
Aug 27 21:21:05.034350 runningboardd(RunningBoard)[33] <Debug>: Sending state update for daemon<com.apple.backupd>: <RBSProcessState| task:running debug:none terminationResistance:None>
Aug 27 21:21:06.049765 SpringBoard(CoreMotion)[47602] <Debug>: Ping timer fired, resetting watchdog
Aug 27 21:21:06.469616 backboardd(CoreMotion)[65] <Debug>: Ping timer fired, resetting watchdog
Aug 27 21:21:06.866237 biometrickitd(CoreMotion)[109] <Debug>: Ping timer fired, resetting watchdog
    <UITouch: 0x114928620> phase: Began tap count: 1 force: 0.000 window: <SBHomeScreenWindow: 0x1051b4220; HomeScreen-0x1051b4220-4; baseClass = UIWindow; frame = (0 0; 375 667); clipsToBounds = YES; opaque = NO; gestureRecognizers = <NSArray: 0x281278180>; layer = <UIWindowLayer: 0x281273180>> view: <SBIconView: 0x104917000; frame: {{114, 382}, {60, 74}}; icon: <SBApplicationIcon: 0x28337b880; nodeID: dev.selfhost.firstActivationProbe; bundleID: dev.selfhost.firstActivationProbe>; location: SBIconLocationRoot; isTouchDownInIcon: YES> location in window: {133.5, 421} previous location in window: {133.5, 421} location in view: {19.5, 39} previous location in view: {19.5, 39}
Aug 27 21:21:07.415778 SpringBoard(SplashBoard)[47602] <Info>: Loading image for <XBApplicationSnapshot: 0x109d3cb20; …A909693DA7E7> [dev.selfhost.firstActivationProbe]
Aug 27 21:21:07.419242 SpringBoard(SplashBoard)[47602] <Info>: <XBApplicationSnapshot: 0x109d3cb20; …A909693DA7E7> [dev.selfhost.firstActivationProbe] not purging the cached image; force: 0; _imageAccessCount: 0; _keepImageAccessUntilExpiration: 0; _hasProtectedContent: 0; _keepImageAccessForPreheat: 1
Aug 27 21:21:07.574998 SpringBoard(Security)[47602] <Debug>: open(/private/var/containers/Bundle/Application/1EC21BA9-82AA-4B85-B2FC-10B206BC5C35/Runner.app/Runner,0x0,0x1b6) = 35
Aug 27 21:21:07.575212 SpringBoard(Security)[47602] <Debug>: open(/private/var/containers/Bundle/Application/1EC21BA9-82AA-4B85-B2FC-10B206BC5C35/Runner.app/Runner,0x0,0x1b6) = 36
Aug 27 21:21:07.579544 SpringBoard(Security)[47602] <Debug>: 6151 signing bytes in 5 blob(s) from /private/var/containers/Bundle/Application/1EC21BA9-82AA-4B85-B2FC-10B206BC5C35/Runner.app/Runner(arm64)
Aug 27 21:21:07.580734 SpringBoard(Security)[47602] <Debug>: open(/private/var/containers/Bundle/Application/1EC21BA9-82AA-4B85-B2FC-10B206BC5C35/Runner.app/Info.plist,0x0,0x1b6) = 35
Aug 27 21:21:07.584097 SpringBoard(Security)[47602] <Debug>: 0x10a17bf18 done serializing <?xml version="1.0" encoding="UTF-8"?><!DOCTYPE plist PUBLIC "-//Apple//DTD PLIST 1.0//EN" "https://www.apple.com/DTDs/PropertyList-1.0.dtd"><plist version="1.0"><dict><key>application-identifier</key><string>SK85S6YZP9.dev.selfhost.firstActivationProbe</string><key>com.apple.developer.team-identifier</key><string>SK85S6YZP9</string><key>get-task-allow</key><true/></dict></plist>
        <SBLayoutElement: 0x2808024c0; uniqueIdentifier: sceneID:dev.selfhost.firstActivationProbe-default; layoutRole: primary> {
            SBLayoutRolePrimary = <SBDeviceApplicationSceneEntity: 0x283e008c0; ID: sceneID:dev.selfhost.firstActivationProbe-default; layoutRole: primary> {
                        fromIconWithLeafIdentifier = dev.selfhost.firstActivationProbe;
Aug 27 21:21:07.589240 SpringBoard(FrontBoard)[47602] <Notice>: Asked to bootstrap a new process with identity: application<dev.selfhost.firstActivationProbe>
Aug 27 21:21:07.589723 SpringBoard(FrontBoard)[47602] <Notice>: Creating process (sync=true) with identity: application<dev.selfhost.firstActivationProbe>
Aug 27 21:21:07.591259 SpringBoard(FrontBoard)[47602] <Notice>: Created <FBWorkspace: 0x282a76c00; application<dev.selfhost.firstActivationProbe>>
Aug 27 21:21:07.591455 SpringBoard(FrontBoard)[47602] <Notice>: Bootstrapping application<dev.selfhost.firstActivationProbe> with intent foreground-interactive
Aug 27 21:21:07.597112 SpringBoard(RunningBoardServices)[47602] <Info>: Sending launch request: <RBSLaunchRequest| application<dev.selfhost.firstActivationProbe>; "FBApplicationProcess">
Aug 27 21:21:07.684576 runningboardd(RunningBoard)[33] <Notice>: Acquiring assertion targeting application<dev.selfhost.firstActivationProbe> from originator [daemon<com.apple.SpringBoard>:47602] with description <RBSAssertionDescriptor| "FBApplicationProcess" ID:33-47602-7509 target:application<dev.selfhost.firstActivationProbe> attributes:[
	<RBSDomainAttribute| domain:"com.apple.frontboard" name:"Bootstrap-Foreground" sourceEnvironment:"(null)">,
Aug 27 21:21:07.684692 runningboardd(RunningBoard)[33] <Notice>: Assertion 33-47602-7509 (target:application<dev.selfhost.firstActivationProbe>) will be created as active
Aug 27 21:21:07.684929 runningboardd(RunningBoard)[33] <Debug>: Adding assertion 33-47602-7509 (target:application<dev.selfhost.firstActivationProbe>)
Aug 27 21:21:07.687303 runningboardd(RunningBoard)[33] <Info>: application<dev.selfhost.firstActivationProbe> is now targeted by 2 assertions
Aug 27 21:21:07.687977 runningboardd(RunningBoard)[33] <Debug>: Updating events for assertion: 33-47602-7509 (target:application<dev.selfhost.firstActivationProbe>)
Aug 27 21:21:07.689087 runningboardd(RunningBoard)[33] <Debug>: Removing events for context: 33-47602-7509 (target:application<dev.selfhost.firstActivationProbe>)
Aug 27 21:21:07.689244 runningboardd(RunningBoard)[33] <Debug>: Enqueueing events for assertion: 33-47602-7509 (target:application<dev.selfhost.firstActivationProbe>)
Aug 27 21:21:07.689370 runningboardd(RunningBoard)[33] <Info>: [application<dev.selfhost.firstActivationProbe>:50572] Applying updated state
Aug 27 21:21:07.689493 runningboardd(RunningBoard)[33] <Notice>: [application<dev.selfhost.firstActivationProbe>:50572] Set jetsam priority to 10 [0] flag[1]
Aug 27 21:21:07.689666 runningboardd(RunningBoard)[33] <Notice>: [application<dev.selfhost.firstActivationProbe>:50572] Resuming task.
Aug 27 21:21:07.689851 runningboardd(RunningBoard)[33] <Notice>: [application<dev.selfhost.firstActivationProbe>:50572] Set darwin role to: UserInteractiveFocal
        <SBLayoutElement: 0x2808024c0; uniqueIdentifier: sceneID:dev.selfhost.firstActivationProbe-default; layoutRole: primary> {
Aug 27 21:21:07.696727 SpringBoard(FrontBoard)[47602] <Notice>: [application<dev.selfhost.firstActivationProbe>:-1] Bootstrap success!
Aug 27 21:21:07.697804 SpringBoard(BaseBoard)[47602] <Debug>:  *|machport|* <BSMachPortTaskNameRight: 0x280803b00; usable: YES; (47602:25d57:send task_name_for_pid:Runner.50572)> -> (<NSThread: 0x280801680>{number = 649, name = (null)}) (
Aug 27 21:21:07.697947 runningboardd(RunningBoard)[33] <Info>: Finished acquiring assertion 33-47602-7509 (target:application<dev.selfhost.firstActivationProbe>)
Aug 27 21:21:07.698253 runningboardd(RunningBoard)[33] <Notice>: Executing launch request for application<dev.selfhost.firstActivationProbe> (FBApplicationProcess)
Aug 27 21:21:07.698381 runningboardd(RunningBoard)[33] <Info>: application<dev.selfhost.firstActivationProbe> is already running as [application<dev.selfhost.firstActivationProbe>:50572]
Aug 27 21:21:07.698771 runningboardd(RunningBoard)[33] <Debug>: BEGIN suppressing state updates for application<dev.selfhost.firstActivationProbe>
Aug 27 21:21:07.698933 runningboardd(RunningBoard)[33] <Debug>: Incrementing suppression state to 1 for application<dev.selfhost.firstActivationProbe>
Aug 27 21:21:07.699083 runningboardd(RunningBoard)[33] <Debug>: Incrementing suppression state to 2 for application<dev.selfhost.firstActivationProbe>
Aug 27 21:21:07.701180 cfprefsd(CoreFoundation)[91] <Debug>: Process 50572 (Runner) sent a request related to { com.apple.UIKit, user: mobile, kCFPreferencesCurrentHost, /Library/Managed Preferences/mobile/com.apple.UIKit.plist, managed: 1 } (0x101812d60)
Aug 27 21:21:07.701724 cfprefsd(CoreFoundation)[91] <Debug>: Process 50572 (Runner) sent a request related to { com.apple.UIKit, user: kCFPreferencesAnyUser, kCFPreferencesCurrentHost, /Library/Managed Preferences/com.apple.UIKit.plist, managed: 1 } (0x101812d60)
Aug 27 21:21:07.703143 cfprefsd(CoreFoundation)[91] <Debug>: Process 50572 (Runner) sent a request related to { com.apple.UIKit, user: mobile, kCFPreferencesAnyHost, /var/mobile/Library/Preferences/com.apple.UIKit.plist, managed: 0 } (0x100317d00)
Aug 27 21:21:07.703393 cfprefsd(CoreFoundation)[91] <Debug>: Process 50572 (Runner) read data for { com.apple.UIKit, mobile, kCFPreferencesAnyHost, /var/mobile/Library/Preferences/com.apple.UIKit.plist, managed: 0 }, backed by /private/var/mobile/Library/Preferences/com.apple.UIKit.plist
Aug 27 21:21:07.703792 cfprefsd(CoreFoundation)[91] <Debug>: Process 50572 (Runner) sent a request related to { kCFPreferencesAnyApplication, user: mobile, kCFPreferencesCurrentHost, /Library/Managed Preferences/mobile/.GlobalPreferences.plist, managed: 1 } (0x10030c020)
Aug 27 21:21:07.704234 cfprefsd(CoreFoundation)[91] <Debug>: Process 50572 (Runner) read data for { kCFPreferencesAnyApplication, mobile, kCFPreferencesCurrentHost, /Library/Managed Preferences/mobile/.GlobalPreferences.plist, managed: 1 }, backed by /private/var/Managed Preferences/mobile/.GlobalPreferences.plist
Aug 27 21:21:07.704460 SpringBoard(FrontBoard)[47602] <Notice>: [application<dev.selfhost.firstActivationProbe>:50572] Setting process task state to: Running
Aug 27 21:21:07.704599 cfprefsd(CoreFoundation)[91] <Debug>: Process 50572 (Runner) sent a request related to { kCFPreferencesAnyApplication, user: mobile, kCFPreferencesAnyHost, /var/mobile/Library/Preferences/.GlobalPreferences.plist, managed: 0 } (0x10030c3f0)
Aug 27 21:21:07.704944 cfprefsd(CoreFoundation)[91] <Debug>: Process 50572 (Runner) read data for { kCFPreferencesAnyApplication, mobile, kCFPreferencesAnyHost, /var/mobile/Library/Preferences/.GlobalPreferences.plist, managed: 0 }, backed by /private/var/mobile/Library/Preferences/.GlobalPreferences.plist
Aug 27 21:21:07.705176 SpringBoard(FrontBoard)[47602] <Notice>: [application<dev.selfhost.firstActivationProbe>:50572] Setting process visibility to: Foreground
Aug 27 21:21:07.705667 SpringBoard(FrontBoardServices)[47602] <Info>: [application<dev.selfhost.firstActivationProbe>:50572] [realTime] Now monitoring resource allowance of 20.00s (at refreshInterval -1.00s)
Aug 27 21:21:07.705938 SpringBoard(FrontBoard)[47602] <Notice>: [application<dev.selfhost.firstActivationProbe>:50572] Registering event dispatcher at connect
Aug 27 21:21:07.706618 SpringBoard(FrontBoard)[47602] <Info>: Registering workspace for processHandle: [application<dev.selfhost.firstActivationProbe>:50572]
Aug 27 21:21:07.707614 SpringBoard(FrontBoard)[47602] <Notice>: [application<dev.selfhost.firstActivationProbe>:50572] Initial launch assertion state: ForegroundFocal.
Aug 27 21:21:07.708709 SpringBoard(FrontBoard)[47602] <Notice>: Adding: <FBApplicationProcess: 0x10a17bf00; application<dev.selfhost.firstActivationProbe>:50572(v6DC7F)>
Aug 27 21:21:07.708986 Runner(CoreFoundation)[50572] <Debug>: Using ~iphone resources
Aug 27 21:21:07.709248 Runner(CoreFoundation)[50572] <Debug>: CFPrefsManagedSource<0x282c88880> (Domain: com.apple.UIKit, User: kCFPreferencesCurrentUser, ByHost: Yes, Container: (null), Contents Need Refresh: No) loaded: an empty base plist and no additional changes from the base plist
Aug 27 21:21:07.709392 Runner(CoreFoundation)[50572] <Debug>: CFPrefsManagedSource<0x282c88900> (Domain: com.apple.UIKit, User: kCFPreferencesAnyUser, ByHost: Yes, Container: (null), Contents Need Refresh: No) loaded: an empty base plist and no additional changes from the base plist
Aug 27 21:21:07.709527 Runner(CoreFoundation)[50572] <Debug>: CFPrefsPlistSource<0x282c88800> (Domain: com.apple.UIKit, User: kCFPreferencesCurrentUser, ByHost: No, Container: (null), Contents Need Refresh: No) loaded: a new base plist and no additional changes from the base plist
Aug 27 21:21:07.709789 SpringBoard(FrontBoard)[47602] <Notice>: change foreground process from list:<FBApplicationProcess: 0x10a17bf00; application<dev.selfhost.firstActivationProbe>:50572(v6DC7F)>
Aug 27 21:21:07.710242 SpringBoard(FrontBoard)[47602] <Info>: Setting BKSEventFocusManager's foreground app to: <FBApplicationProcess: 0x10a17bf00; application<dev.selfhost.firstActivationProbe>:50572(v6DC7F)>
Aug 27 21:21:07.711280 SpringBoard(SplashBoard)[47602] <Info>: Loading image for <XBApplicationSnapshot: 0x109ddf7d0; …2F3B89D0D3F1> [dev.selfhost.firstActivationProbe]
Aug 27 21:21:07.711573 SpringBoard(SplashBoard)[47602] <Info>: <XBApplicationSnapshot: 0x109ddf7d0; …2F3B89D0D3F1> [dev.selfhost.firstActivationProbe] not purging the cached image; force: 0; _imageAccessCount: 2; _keepImageAccessUntilExpiration: 0; _hasProtectedContent: 0; _keepImageAccessForPreheat: 0
Aug 27 21:21:07.712348 Runner(CoreFoundation)[50572] <Debug>: CFPrefsManagedSource<0x282c88a80> (Domain: kCFPreferencesAnyApplication, User: kCFPreferencesCurrentUser, ByHost: Yes, Container: (null), Contents Need Refresh: No) loaded: a new base plist and no additional changes from the base plist
Aug 27 21:21:07.712463 Runner(CoreFoundation)[50572] <Debug>: CFPrefsPlistSource<0x282c88980> (Domain: kCFPreferencesAnyApplication, User: kCFPreferencesCurrentUser, ByHost: No, Container: (null), Contents Need Refresh: No) loaded: a new base plist and no additional changes from the base plist
Aug 27 21:21:07.712580 Runner(CoreFoundation)[50572] <Debug>: CFPrefsPlistSource<0x282c88b00> (Domain: com.apple.UIKit, User: kCFPreferencesAnyUser, ByHost: Yes, Container: (null), Contents Need Refresh: No) loaded: an empty base plist and no additional changes from the base plist
Aug 27 21:21:07.712723 Runner(CoreFoundation)[50572] <Debug>: CFPrefsPlistSource<0x282c88b80> (Domain: kCFPreferencesAnyApplication, User: kCFPreferencesAnyUser, ByHost: Yes, Container: (null), Contents Need Refresh: No) loaded: an empty base plist and no additional changes from the base plist
Aug 27 21:21:07.712849 Runner(CoreFoundation)[50572] <Debug>: found no value for key LogHIDEventFiltered in CFPrefsSearchListSource<0x282c88380> (Domain: com.apple.UIKit, Container: (null))
Aug 27 21:21:07.712964 Runner(CoreFoundation)[50572] <Debug>: found no value for key LogHIDEventIncoming in CFPrefsSearchListSource<0x282c88380> (Domain: com.apple.UIKit, Container: (null))
Aug 27 21:21:07.715148 Runner(libMobileGestalt.dylib)[50572] <Notice>: Cache loaded with 4896 pre-cached in CacheData and 49 items in CacheExtra.
Aug 27 21:21:07.715475 Runner(CoreFoundation)[50572] <Debug>: found no value for key LogApplication in CFPrefsSearchListSource<0x282c88380> (Domain: com.apple.UIKit, Container: (null))
Aug 27 21:21:07.715753 Runner(UIKitCore)[50572] <Notice>: Deactivation reason added: 10; deactivation reasons: 0 -> 1024; animating application lifecycle event: 0
Aug 27 21:21:07.716051 Runner(RunningBoardServices)[50572] <Notice>: Initializing connection
Aug 27 21:21:07.716491 Runner(RunningBoardServices)[50572] <Notice>: Removing all cached process handles
Aug 27 21:21:07.716915 Runner(BoardServices)[50572] <Notice>: activating monitor for service com.apple.frontboard.open
Aug 27 21:21:07.717254 backboardd(IOKit)[65] <Notice>: Connection added: IOHIDEventSystemConnection uuid:FD91885D-1215-4851-917E-40497D216D2D pid:50572 process:Runner type:Passive entitlements:0x0 caller:BackBoardServices: <redacted> + 336 attributes:{
    bundleID = "dev.selfhost.firstActivationProbe";
Aug 27 21:21:07.717428 backboardd(BackBoardHIDEventFoundation)[65] <Debug>: Got a client addition callback: IOHIDEventSystemConnection uuid:FD91885D-1215-4851-917E-40497D216D2D pid:50572 process:Runner type:Passive entitlements:0x0 caller:BackBoardServices: <redacted> + 336 attributes:{
    bundleID = "dev.selfhost.firstActivationProbe";
Aug 27 21:21:07.717786 backboardd(BackBoardHIDEventFoundation)[65] <Info>: HID connection vpid:50572(v6DC7F) bundleID:dev.selfhost.firstActivationProbe successfully initialized: IOHIDEventSystemConnection uuid:FD91885D-1215-4851-917E-40497D216D2D pid:50572 process:Runner type:Passive entitlements:0x0 caller:BackBoardServices: <redacted> + 336 attributes:{
    bundleID = "dev.selfhost.firstActivationProbe";
Aug 27 21:21:07.717965 backboardd(BackBoardHIDEventFoundation)[65] <Notice>: Adding client connection: <BKHIDClientConnection: 0x108e4a280; IOHIDEventSystemConnectionRef: 0x108ed8510; vpid: 50572(v6DC7F); taskPort: 0x3B55F; bundleID: dev.selfhost.firstActivationProbe> for client: IOHIDEventSystemConnection uuid:FD91885D-1215-4851-917E-40497D216D2D pid:50572 process:Runner type:Passive entitlements:0x0 caller:BackBoardServices: <redacted> + 336 attributes:{
    bundleID = "dev.selfhost.firstActivationProbe";
Aug 27 21:21:07.718377 SpringBoard[47602] <Info>: attempted to activate overlay for dev.selfhost.firstActivationProbe, exiting early because app is not blocked
Aug 27 21:21:07.724712 cfprefsd(CoreFoundation)[91] <Debug>: Process 50572 (Runner) sent a request related to { com.apple.UIKit, user: kCFPreferencesAnyUser, kCFPreferencesCurrentHost, /var/preferences/com.apple.UIKit.plist, managed: 0 } (0x101850e70)
Aug 27 21:21:07.725487 cfprefsd(CoreFoundation)[91] <Debug>: Process 50572 (Runner) sent a request related to { kCFPreferencesAnyApplication, user: kCFPreferencesAnyUser, kCFPreferencesCurrentHost, /var/preferences/.GlobalPreferences.plist, managed: 0 } (0x100316b90)
Aug 27 21:21:07.731588 SpringBoard(BaseBoard)[47602] <Debug>:  *|machport|* <BSMachPortTaskNameRight: 0x28081eb40; usable: YES; (47602:25d57:send task_name_for_pid:Runner.50572)> -> (<NSThread: 0x28081dac0>{number = 650, name = (null)}) (
Aug 27 21:21:07.738791 cfprefsd(CoreFoundation)[91] <Debug>: Process 50572 (Runner) sent a request related to { dev.selfhost.firstActivationProbe, user: mobile, kCFPreferencesCurrentHost, /Library/Managed Preferences/mobile/dev.selfhost.firstActivationProbe.plist, managed: 1 } (0x10184eaa0)
Aug 27 21:21:07.740726 SpringBoard(FrontBoard)[47602] <Info>: FBWorkspaceDomain: Assigning new workspace connection to workspace (0x282a76c00) owned by process: <FBApplicationProcess: 0x10a17bf00; application<dev.selfhost.firstActivationProbe>:50572(v6DC7F)>
Aug 27 21:21:07.741760 cfprefsd(CoreFoundation)[91] <Debug>: Process 50572 (Runner) sent a request related to { dev.selfhost.firstActivationProbe, user: kCFPreferencesAnyUser, kCFPreferencesCurrentHost, /Library/Managed Preferences/dev.selfhost.firstActivationProbe.plist, managed: 1 } (0x100362850)
Aug 27 21:21:07.747175 SpringBoard(FrontBoard)[47602] <Notice>: [application<dev.selfhost.firstActivationProbe>:50572] Connection established.
Aug 27 21:21:07.748568 Runner(BoardServices)[50572] <Notice>: activating monitor for service com.apple.frontboard.workspace-service
Aug 27 21:21:07.749320 SpringBoard(FrontBoard)[47602] <Notice>: [application<dev.selfhost.firstActivationProbe>:50572] Connection to remote process established!
Aug 27 21:21:07.749997 SpringBoard(FrontBoardServices)[47602] <Info>: [application<dev.selfhost.firstActivationProbe>:50572] [realTime] Stopped monitoring.
Aug 27 21:21:07.750547 SpringBoard(FrontBoardServices)[47602] <Debug>: [application<dev.selfhost.firstActivationProbe>:50572] [realTime] Updated resource consumption: 0.015s (0.07%)
Aug 27 21:21:07.750724 Runner(FrontBoardServices)[50572] <Notice>: FBSWorkspace connecting to endpoint : <private>
Aug 27 21:21:07.750951 Runner(FrontBoardServices)[50572] <Notice>: FBSWorkspace registering source: <private>
Aug 27 21:21:07.751153 Runner(FrontBoardServices)[50572] <Notice>: FBSWorkspace connected to endpoint : <private>
Aug 27 21:21:07.751386 Runner(RunningBoardServices)[50572] <Notice>: Added observer for process assertions expiration warning: <_RBSExpirationWarningClient: 0x280285f00>
Aug 27 21:21:07.751586 Runner(CoreFoundation)[50572] <Debug>: CFPrefsManagedSource<0x282c89d80> (Domain: dev.selfhost.firstActivationProbe, User: kCFPreferencesCurrentUser, ByHost: Yes, Container: (null), Contents Need Refresh: No) loaded: an empty base plist and no additional changes from the base plist
Aug 27 21:21:07.751930 Runner(CoreFoundation)[50572] <Debug>: CFPrefsManagedSource<0x282c89e00> (Domain: dev.selfhost.firstActivationProbe, User: kCFPreferencesAnyUser, ByHost: Yes, Container: (null), Contents Need Refresh: No) loaded: an empty base plist and no additional changes from the base plist
Aug 27 21:21:07.752137 Runner(CoreFoundation)[50572] <Debug>: found no value for key UIScreenIsCapturedValue in CFPrefsSearchListSource<0x282c88380> (Domain: com.apple.UIKit, Container: (null))
Aug 27 21:21:07.754275 SpringBoard(FrontBoard)[47602] <Info>: [application<dev.selfhost.firstActivationProbe>:50572] Provision <FBSProcessResourceProvision: 0x282f27330; allowance: <; FBSProcessResourceAllowance; type: realTime; timeValue: 20.0s>> has remainder <FBSProcessResourceProvision: 0x282f20090; allowance: <; FBSProcessResourceAllowance; type: realTime; timeValue: 19.98s>>
Aug 27 21:21:07.754876 SpringBoard(FrontBoard)[47602] <Info>: [application<dev.selfhost.firstActivationProbe>:50572] Made scene-create policy: <FBSProcessWatchdogPolicy: 0x281c46400; name: "scene create after launch"> {
Aug 27 21:21:07.755768 SpringBoard(FrontBoardServices)[47602] <Debug>: [application<dev.selfhost.firstActivationProbe>:50572] Invalidating <FBProcessWatchdog: 0x283e3c1e0; name: process-launch; time: 20.0s>
Aug 27 21:21:07.756167 SpringBoard(FrontBoardServices)[47602] <Debug>: [application<dev.selfhost.firstActivationProbe>:50572] [realTime] Invalidated
Aug 27 21:21:07.756563 Runner(CoreFoundation)[50572] <Debug>: CFPrefsPlistSource<0x282c89d00> (Domain: dev.selfhost.firstActivationProbe, User: kCFPreferencesCurrentUser, ByHost: No, Container: (null), Contents Need Refresh: No) loaded: an empty base plist and no additional changes from the base plist
Aug 27 21:21:07.756717 Runner(CoreFoundation)[50572] <Debug>: CFPrefsPlistSource<0x282c89f80> (Domain: dev.selfhost.firstActivationProbe, User: kCFPreferencesAnyUser, ByHost: Yes, Container: (null), Contents Need Refresh: No) loaded: an empty base plist and no additional changes from the base plist
Aug 27 21:21:07.758421 Runner(CoreFoundation)[50572] <Debug>: looked up value <private> for key AppleLanguages in CFPrefsPlistSource<0x282c88980> (Domain: kCFPreferencesAnyApplication, User: kCFPreferencesCurrentUser, ByHost: No, Container: (null), Contents Need Refresh: No) via CFPrefsSearchListSource<0x282c89c80> (Domain: dev.selfhost.firstActivationProbe, Container: (null))
Aug 27 21:21:07.758589 Runner(CoreFoundation)[50572] <Debug>: setting new value <private> for key <private> in CFPrefsSource<0x28178cdc0> (Domain: Volatile, User: , ByHost: No, Container: , Contents Need Refresh: No)
Aug 27 21:21:07.758748 Runner(CoreFoundation)[50572] <Debug>: looked up value <private> for key AppleLanguages in CFPrefsPlistSource<0x282c88980> (Domain: kCFPreferencesAnyApplication, User: kCFPreferencesCurrentUser, ByHost: No, Container: (null), Contents Need Refresh: No) via CFPrefsSearchListSource<0x282c89c80> (Domain: dev.selfhost.firstActivationProbe, Container: (null))
Aug 27 21:21:07.759107 Runner(CoreFoundation)[50572] <Debug>: setting new value <private> for key <private> in CFPrefsSource<0x28178cdc0> (Domain: Volatile, User: , ByHost: No, Container: , Contents Need Refresh: No)
Aug 27 21:21:07.759499 Runner(CoreFoundation)[50572] <Debug>: setting new value <private> for key <private> in CFPrefsSource<0x28178cdc0> (Domain: Volatile, User: , ByHost: No, Container: , Contents Need Refresh: No)
Aug 27 21:21:07.760217 Runner(CoreFoundation)[50572] <Debug>: Language lookup at <private>
Aug 27 21:21:07.760934 Runner(CoreFoundation)[50572] <Debug>: Resource lookup at <private>
Aug 27 21:21:07.761492 Runner(CoreFoundation)[50572] <Debug>: found no value for key _UIEnableLegacyRTL in CFPrefsSearchListSource<0x282c88380> (Domain: com.apple.UIKit, Container: (null))
Aug 27 21:21:07.764533 cfprefsd(CoreFoundation)[91] <Debug>: Process 50572 (Runner) sent a request related to { dev.selfhost.firstActivationProbe, user: mobile, kCFPreferencesAnyHost, /var/mobile/Containers/Data/Application/18E6667F-E66B-4E74-92D9-B14869861554/Library/Preferences/dev.selfhost.firstActivationProbe.plist, managed: 0 } (0x101852b90)
Aug 27 21:21:07.764994 cfprefsd(CoreFoundation)[91] <Debug>: Process 50572 (Runner) sent a request related to { dev.selfhost.firstActivationProbe, user: kCFPreferencesAnyUser, kCFPreferencesCurrentHost, /var/preferences/dev.selfhost.firstActivationProbe.plist, managed: 0 } (0x100362850)
Aug 27 21:21:07.765277 cfprefsd(CoreFoundation)[91] <Debug>: Process 50572 (Runner) sent a request related to { com.apple.Accessibility, user: mobile, kCFPreferencesCurrentHost, /Library/Managed Preferences/mobile/com.apple.Accessibility.plist, managed: 1 } (0x101814050)
Aug 27 21:21:07.767446 cfprefsd(CoreFoundation)[91] <Debug>: Process 50572 (Runner) sent a request related to { com.apple.Accessibility, user: kCFPreferencesAnyUser, kCFPreferencesCurrentHost, /Library/Managed Preferences/com.apple.Accessibility.plist, managed: 1 } (0x101814300)
Aug 27 21:21:07.767837 cfprefsd(CoreFoundation)[91] <Debug>: Process 50572 (Runner) sent a request related to { com.apple.Accessibility, user: mobile, kCFPreferencesAnyHost, /var/mobile/Library/Preferences/com.apple.Accessibility.plist, managed: 0 } (0x100311170)
Aug 27 21:21:07.767979 cfprefsd(CoreFoundation)[91] <Debug>: Process 50572 (Runner) read data for { com.apple.Accessibility, mobile, kCFPreferencesAnyHost, /var/mobile/Library/Preferences/com.apple.Accessibility.plist, managed: 0 }, backed by /private/var/mobile/Library/Preferences/com.apple.Accessibility.plist
Aug 27 21:21:07.768150 cfprefsd(CoreFoundation)[91] <Debug>: Process 50572 (Runner) sent a request related to { com.apple.Accessibility, user: kCFPreferencesAnyUser, kCFPreferencesCurrentHost, /var/preferences/com.apple.Accessibility.plist, managed: 0 } (0x1018145a0)
Aug 27 21:21:07.769364 Runner(CoreFoundation)[50572] <Debug>: found no value for key NSTighteningFactorForTruncation in CFPrefsSearchListSource<0x282c89c80> (Domain: dev.selfhost.firstActivationProbe, Container: (null))
Aug 27 21:21:07.769485 Runner(CoreFoundation)[50572] <Debug>: found no value for key NSTighteningFactorForTruncation in CFPrefsSearchListSource<0x282c89c80> (Domain: dev.selfhost.firstActivationProbe, Container: (null))
Aug 27 21:21:07.769604 Runner(CoreFoundation)[50572] <Debug>: found no value for key NSAllowsDefaultTighteningForTruncation in CFPrefsSearchListSource<0x282c89c80> (Domain: dev.selfhost.firstActivationProbe, Container: (null))
Aug 27 21:21:07.769721 Runner(CoreFoundation)[50572] <Debug>: found no value for key NSUsesDefaultHyphenation in CFPrefsSearchListSource<0x282c89c80> (Domain: dev.selfhost.firstActivationProbe, Container: (null))
Aug 27 21:21:07.769840 Runner(CoreFoundation)[50572] <Debug>: found no value for key NSDefaultHyphenationFactor in CFPrefsSearchListSource<0x282c89c80> (Domain: dev.selfhost.firstActivationProbe, Container: (null))
Aug 27 21:21:07.769958 Runner(CoreFoundation)[50572] <Debug>: found no value for key NSForceRightToLeftWritingDirection in CFPrefsSearchListSource<0x282c89c80> (Domain: dev.selfhost.firstActivationProbe, Container: (null))
Aug 27 21:21:07.771177 Runner(CoreFoundation)[50572] <Debug>: CFPrefsManagedSource<0x282c8bb00> (Domain: com.apple.Accessibility, User: kCFPreferencesCurrentUser, ByHost: Yes, Container: (null), Contents Need Refresh: No) loaded: an empty base plist and no additional changes from the base plist
Aug 27 21:21:07.771319 Runner(CoreFoundation)[50572] <Debug>: CFPrefsManagedSource<0x282c8bb80> (Domain: com.apple.Accessibility, User: kCFPreferencesAnyUser, ByHost: Yes, Container: (null), Contents Need Refresh: No) loaded: an empty base plist and no additional changes from the base plist
Aug 27 21:21:07.771651 Runner(CoreFoundation)[50572] <Debug>: CFPrefsPlistSource<0x282c8ba80> (Domain: com.apple.Accessibility, User: kCFPreferencesCurrentUser, ByHost: No, Container: (null), Contents Need Refresh: No) loaded: a new base plist and no additional changes from the base plist
Aug 27 21:21:07.772158 Runner(CoreFoundation)[50572] <Debug>: CFPrefsPlistSource<0x282c8bd00> (Domain: com.apple.Accessibility, User: kCFPreferencesAnyUser, ByHost: Yes, Container: (null), Contents Need Refresh: No) loaded: an empty base plist and no additional changes from the base plist
Aug 27 21:21:07.772366 Runner(CoreFoundation)[50572] <Debug>: found no value for key ForceTouchEnabled in CFPrefsSearchListSource<0x282c8ba00> (Domain: com.apple.Accessibility, Container: (null))
Aug 27 21:21:07.772611 Runner(libAccessibility.dylib)[50572] <Debug>: CF Read: domain = com.apple.Accessibility, preference = ForceTouchEnabled, appID = (null) result = (null) (-1 - empty, 0 - false, 1 - true)
Aug 27 21:21:07.773100 Runner(CoreFoundation)[50572] <Debug>: found no value for key ForceTouchEnabled in CFPrefsPlistSource<0x282c8ba80> (Domain: com.apple.Accessibility, User: kCFPreferencesCurrentUser, ByHost: No, Container: (null), Contents Need Refresh: No)
Aug 27 21:21:07.773375 Runner(CoreFoundation)[50572] <Debug>: found no value for key UIPreferredContentSizeCategoryName in CFPrefsSearchListSource<0x282c89c80> (Domain: dev.selfhost.firstActivationProbe, Container: (null))
Aug 27 21:21:07.773593 Runner(libAccessibility.dylib)[50572] <Debug>: CF Read Category Name: domain = dev.selfhost.firstActivationProbe, appID = dev.selfhost.firstActivationProbe value = (null)
Aug 27 21:21:07.773757 Runner(libAccessibility.dylib)[50572] <Notice>: Read CategoryName: per-app = 1, category name = (null)
Aug 27 21:21:07.773960 Runner(CoreFoundation)[50572] <Debug>: found no value for key UIPreferredContentSizeCategoryName in CFPrefsSearchListSource<0x282c88380> (Domain: com.apple.UIKit, Container: (null))
Aug 27 21:21:07.774096 Runner(libAccessibility.dylib)[50572] <Debug>: CF Read Category Name: domain = /var/mobile/Library/Preferences/com.apple.UIKit, appID = (null) value = (null)
Aug 27 21:21:07.775963 Runner(libAccessibility.dylib)[50572] <Notice>: Read CategoryName: per-app = 0, category name = (null)
Aug 27 21:21:07.776172 Runner(CoreFoundation)[50572] <Debug>: found no value for key UICarPlayPreferredContentSizeCategoryName in CFPrefsSearchListSource<0x282c88380> (Domain: com.apple.UIKit, Container: (null))
Aug 27 21:21:07.776611 Runner(CoreFoundation)[50572] <Debug>: found no value for key EnhancedTextLegibilityEnabled in CFPrefsSearchListSource<0x282c8ba00> (Domain: com.apple.Accessibility, Container: (null))
Aug 27 21:21:07.776968 Runner(libAccessibility.dylib)[50572] <Debug>: CF Read: domain = com.apple.Accessibility, preference = EnhancedTextLegibilityEnabled, appID = (null) result = (null) (-1 - empty, 0 - false, 1 - true)
Aug 27 21:21:07.777169 Runner(CoreFoundation)[50572] <Debug>: found no value for key EnhancedTextLegibilityEnabled in CFPrefsPlistSource<0x282c8ba80> (Domain: com.apple.Accessibility, User: kCFPreferencesCurrentUser, ByHost: No, Container: (null), Contents Need Refresh: No)
Aug 27 21:21:07.777341 Runner(CoreFoundation)[50572] <Debug>: found no value for key DarkenSystemColors in CFPrefsSearchListSource<0x282c8ba00> (Domain: com.apple.Accessibility, Container: (null))
<SBTransitionSwitcherModifierEvent: 0x28217e400; type: MainTransition; transitionID: 217AA030-2A10-4265-A0ED-AF33D2E53EF3; phase: Prepare; animated: YES; fromAppLayout: 0x0; toAppLayout: <SBAppLayout: 0x28087bb80; primary: dev.selfhost.firstActivationProbe:default; environment: main>; fromEnvironmentMode: home-screen; toEnvironmentMode: application; pendingTermination: {(
)}; activating: <SBAppLayout: 0x28087bb80; primary: dev.selfhost.firstActivationProbe:default; environment: main>; dosidoTransitionDirection: 0>
Aug 27 21:21:07.777764 Runner(libAccessibility.dylib)[50572] <Debug>: CF Read: domain = com.apple.Accessibility, preference = DarkenSystemColors, appID = (null) result = (null) (-1 - empty, 0 - false, 1 - true)
Aug 27 21:21:07.777978 Runner(CoreFoundation)[50572] <Debug>: found no value for key DarkenSystemColors in CFPrefsPlistSource<0x282c8ba80> (Domain: com.apple.Accessibility, User: kCFPreferencesCurrentUser, ByHost: No, Container: (null), Contents Need Refresh: No)
Aug 27 21:21:07.778155 Runner(CoreFoundation)[50572] <Debug>: found no value for key UITraitCollectionChangeLoggingEnabled in CFPrefsSearchListSource<0x282c89c80> (Domain: dev.selfhost.firstActivationProbe, Container: (null))
Aug 27 21:21:07.778403 Runner(CoreFoundation)[50572] <Debug>: found no value for key UIStateRestorationDebugLogging in CFPrefsSearchListSource<0x282c89c80> (Domain: dev.selfhost.firstActivationProbe, Container: (null))
Aug 27 21:21:07.778600 Runner(CoreFoundation)[50572] <Debug>: Resource lookup at <private>
Aug 27 21:21:07.778837 Runner(CoreFoundation)[50572] <Debug>: looked up value <private> for key AccessibilityEnabled in CFPrefsPlistSource<0x282c8ba80> (Domain: com.apple.Accessibility, User: kCFPreferencesCurrentUser, ByHost: No, Container: (null), Contents Need Refresh: No) via CFPrefsSearchListSource<0x282c8ba00> (Domain: com.apple.Accessibility, Container: (null))
Aug 27 21:21:07.779211 Runner(libAccessibility.dylib)[50572] <Debug>: CF Read: domain = com.apple.Accessibility, preference = AccessibilityEnabled, appID = (null) result = 0 (-1 - empty, 0 - false, 1 - true)
Aug 27 21:21:07.779357 Runner(CoreFoundation)[50572] <Debug>: looked up value <private> for key InvertColorsEnabled in CFPrefsPlistSource<0x282c8ba80> (Domain: com.apple.Accessibility, User: kCFPreferencesCurrentUser, ByHost: No, Container: (null), Contents Need Refresh: No) via CFPrefsSearchListSource<0x282c8ba00> (Domain: com.apple.Accessibility, Container: (null))
Aug 27 21:21:07.779485 Runner(libAccessibility.dylib)[50572] <Debug>: CF Read: domain = com.apple.Accessibility, preference = InvertColorsEnabled, appID = (null) result = 0 (-1 - empty, 0 - false, 1 - true)
Aug 27 21:21:07.779617 Runner(libAccessibility.dylib)[50572] <Debug>: Read Global: preference = InvertColorsEnabled, result = 0 (-1 - empty, 0 - false, 1 - true)
Aug 27 21:21:07.779773 Runner(libAccessibility.dylib)[50572] <Debug>: Updated cache: preference = InvertColorsEnabled, result = 0 (-1 - empty, 0 - false, 1 - true)
Aug 27 21:21:07.779974 Runner(CoreFoundation)[50572] <Debug>: looked up value <private> for key ApplicationAccessibilityEnabled in CFPrefsPlistSource<0x282c8ba80> (Domain: com.apple.Accessibility, User: kCFPreferencesCurrentUser, ByHost: No, Container: (null), Contents Need Refresh: No) via CFPrefsSearchListSource<0x282c8ba00> (Domain: com.apple.Accessibility, Container: (null))
Aug 27 21:21:07.780256 Runner(libAccessibility.dylib)[50572] <Debug>: CF Read: domain = com.apple.Accessibility, preference = ApplicationAccessibilityEnabled, appID = (null) result = 0 (-1 - empty, 0 - false, 1 - true)
	    <SBIconOverlayVisibilitySwitcherEventResponse: 0x2808d1680; visible: YES; appLayout: <SBAppLayout: 0x28087bb80; primary: dev.selfhost.firstActivationProbe:default; environment: main>>;
	    <SBIconViewVisibilitySwitcherEventResponse: 0x283e92210; visible: NO; animationSettings: 0x0; appLayout: <SBAppLayout: 0x28087bb80; primary: dev.selfhost.firstActivationProbe:default; environment: main>>;
    bundleIdentifier = dev.selfhost.firstActivationProbe;
    uniqueIdentifier = sceneID:dev.selfhost.firstActivationProbe-default;
Aug 27 21:21:07.782576 Runner(XCTTargetBootstrap)[50572] <Notice>: Registering for test daemon availability notify post.
Aug 27 21:21:07.782684 Runner(XCTTargetBootstrap)[50572] <Notice>: notify_get_state check indicated test daemon not ready.
Aug 27 21:21:07.782810 Runner(XCTTargetBootstrap)[50572] <Notice>: notify_get_state check indicated test daemon not ready.
Aug 27 21:21:07.782933 Runner(XCTTargetBootstrap)[50572] <Notice>: notify_get_state check indicated test daemon not ready.
Aug 27 21:21:07.783072 Runner(CoreFoundation)[50572] <Debug>: found no value for key UIRequireCrimsonLifecycle in CFPrefsSearchListSource<0x282c88380> (Domain: com.apple.UIKit, Container: (null))
Aug 27 21:21:07.783273 Runner(UIKitCore)[50572] <Notice>: Deactivation reason added: 11; deactivation reasons: 1024 -> 3072; animating application lifecycle event: 0
Aug 27 21:21:07.784816 runningboardd(RunningBoard)[33] <Notice>: Calculated state for application<dev.selfhost.firstActivationProbe>: running-active (role: UserInteractiveFocal)
Aug 27 21:21:07.784941 runningboardd(RunningBoard)[33] <Debug>: Sending state update for application<dev.selfhost.firstActivationProbe>: <RBSProcessState| task:running-active debug:none terminationResistance:Interactive endowments:[
	<RBSProcessAssertionInfo| type:2 reason:10000 name:"Domain" domain:"com.apple.frontboard:Bootstrap-Foreground,com.apple.frontboard:Visibility" expl:"FBApplicationProcess">,
Aug 27 21:21:07.785067 runningboardd(RunningBoard)[33] <Debug>: Incrementing suppression state to 3 for application<dev.selfhost.firstActivationProbe>
Aug 27 21:21:07.785244 runningboardd(RunningBoard)[33] <Debug>: Decrementing suppression state to 2 for application<dev.selfhost.firstActivationProbe>
Aug 27 21:21:07.797844 backboardd(IOKit)[65] <Debug>: SetProperty called IOHIDEventSystemClientIsUnresponsive=0 caller=IOHIDEventSystemConnection uuid:FD91885D-1215-4851-917E-40497D216D2D pid:50572 process:Runner type:Passive entitlements:0x0 caller:BackBoardServices: <redacted> + 336 attributes:{
    bundleID = "dev.selfhost.firstActivationProbe";
<SBTransitionSwitcherModifierEvent: 0x282117a00; type: MainTransition; transitionID: 217AA030-2A10-4265-A0ED-AF33D2E53EF3; phase: Animate; animated: YES; fromAppLayout: 0x0; toAppLayout: <SBAppLayout: 0x28087bb80; primary: dev.selfhost.firstActivationProbe:default; environment: main>; fromEnvironmentMode: home-screen; toEnvironmentMode: application; pendingTermination: {(
)}; activating: <SBAppLayout: 0x28087bb80; primary: dev.selfhost.firstActivationProbe:default; environment: main>; dosidoTransitionDirection: 0>
Aug 27 21:21:07.854910 Runner(CoreFoundation)[50572] <Debug>: Resource lookup at <private>
Aug 27 21:21:07.855230 Runner(RunningBoardServices)[50572] <Notice>: Sending handshake request attempt #1 to server
Aug 27 21:21:07.855547 Runner(RunningBoardServices)[50572] <Notice>: Creating connection to com.apple.runningboard
Aug 27 21:21:07.855891 Runner(CoreFoundation)[50572] <Debug>: found no value for key UIStateRestorationDeveloperMode in CFPrefsSearchListSource<0x282c89c80> (Domain: dev.selfhost.firstActivationProbe, Container: (null))
Aug 27 21:21:07.856171 Runner(UIKitCore)[50572] <Notice>: Deactivation reason removed: 10; deactivation reasons: 3072 -> 2048; animating application lifecycle event: 0
Aug 27 21:21:07.864952 runningboardd(RunningBoard)[33] <Info>: Received message from [application<dev.selfhost.firstActivationProbe>:50572] (euid 501, auid 501): handshakeWithRequest:
Aug 27 21:21:07.865363 runningboardd(RunningBoard)[33] <Notice>: Setting client for [application<dev.selfhost.firstActivationProbe>:50572] as ready
Aug 27 21:21:07.891304 runningboardd(RunningBoard)[33] <Debug>: Decrementing suppression state to 1 for application<dev.selfhost.firstActivationProbe>
Aug 27 21:21:07.892266 runningboardd(RunningBoard)[33] <Debug>: Sending state 0x1011e6a40 for application<dev.selfhost.firstActivationProbe> to [daemon<com.apple.SpringBoard>:47602]
Aug 27 21:21:07.895501 SpringBoard(FrontBoard)[47602] <Notice>: [application<dev.selfhost.firstActivationProbe>:50572] Registered new scene: <FBUIApplicationWorkspaceScene: 0x2826423c0; sceneID:dev.selfhost.firstActivationProbe-default> (fromRemnant = 0)
Aug 27 21:21:07.895647 SpringBoard(RunningBoardServices)[47602] <Info>: Update delivered for [application<dev.selfhost.firstActivationProbe>:50572] with taskState 4
Aug 27 21:21:07.895777 SpringBoard(FrontBoard)[47602] <Notice>: [sceneID:dev.selfhost.firstActivationProbe-default][1] Scene activated.
Aug 27 21:21:07.895933 SpringBoard(FrontBoard)[47602] <Debug>: [FBSceneManager] PENDING:   <BSEventQueueEvent: 0x281c3c540; didAdd-sceneID:dev.selfhost.firstActivationProbe-default(0)> @ back
Aug 27 21:21:07.896144 SpringBoard(FrontBoard)[47602] <Debug>: [FBSceneManager] EXECUTING: <BSEventQueueEvent: 0x281c3c540; didAdd-sceneID:dev.selfhost.firstActivationProbe-default(0)>
Aug 27 21:21:07.896360 SpringBoard(FrontBoard)[47602] <Debug>: [FBSceneManager] PENDING:   <BSEventQueueEvent: 0x281c3c740; didAdd-sceneID:dev.selfhost.firstActivationProbe-default(0)> @ front
Aug 27 21:21:07.896496 SpringBoard(FrontBoard)[47602] <Debug>: [FBSceneManager] EXECUTING: <BSEventQueueEvent: 0x281c3c740; didAdd-sceneID:dev.selfhost.firstActivationProbe-default(0)>
Aug 27 21:21:07.896767 SpringBoard(FrontBoard)[47602] <Notice>: [application<dev.selfhost.firstActivationProbe>:50572] Workspace interruption policy did change: reconnect
Aug 27 21:21:07.897936 SpringBoard(FrontBoard)[47602] <Info>: Client intercepting scene update for scene: sceneID:dev.selfhost.firstActivationProbe-default
Aug 27 21:21:07.898154 SpringBoard(UIKitCore)[47602] <Notice>: Now tracking: <FBScene: 0x282858300; sceneID:dev.selfhost.firstActivationProbe-default>
Aug 27 21:21:07.898336 SpringBoard(UIKitCore)[47602] <Notice>: [sceneID:dev.selfhost.firstActivationProbe-default] Setting deactivation reasons to: 'systemAnimation' for reason: scene settings update - settings are eligible for deactivation reasons.
Aug 27 21:21:07.898585 SpringBoard(FrontBoard)[47602] <Debug>: START SCENE MUTATION ------- sceneID:dev.selfhost.firstActivationProbe-default
Aug 27 21:21:07.898779 SpringBoard(FrontBoard)[47602] <Debug>: [FBSceneManager] PENDING:   <BSEventQueueEvent: 0x281c23900; sceneDidActivate-sceneID:dev.selfhost.firstActivationProbe-default(1)> @ back
Aug 27 21:21:07.899017 SpringBoard(FrontBoard)[47602] <Debug>: [FBSceneManager] PENDING:   <BSEventQueueEvent: 0x281c21640; sceneUpdatePrepared-sceneID:dev.selfhost.firstActivationProbe-default(1)> @ back
Aug 27 21:21:07.899768 mediaserverd(RunningBoardServices)[36] <Info>: Update delivered for [application<dev.selfhost.firstActivationProbe>:50572] with taskState 4
Aug 27 21:21:07.900193 mediaserverd(MediaExperience)[36] <Notice>: -CMSessionMgr- CMSessionMgrHandleApplicationStateChange: Client dev.selfhost.firstActivationProbe with pid '50572' is now Foreground Running. Background entitlement: NO ActiveLongFormVideoSession: NO WhitelistedLongFormVideoApp NO
Aug 27 21:21:07.900467 mediaserverd(MediaExperience)[36] <Notice>: -CMSessionMgr- CMSessionMgrHandleApplicationStateChange: Sending EndInterruption to dev.selfhost.firstActivationProbe with pid '50572' because client moved to ForegroundRunning and is not allowed to play in the background
Aug 27 21:21:07.901507 SpringBoard(FrontBoard)[47602] <Debug>: [FBSceneManager] PENDING:   <BSEventQueueEvent: 0x281c20bc0; applySettings-sceneID:dev.selfhost.firstActivationProbe-default(1)> @ back
Aug 27 21:21:07.901697 runningboardd(RunningBoard)[33] <Notice>: Acquiring assertion targeting [application<dev.selfhost.firstActivationProbe>:50572] from originator [daemon<com.apple.SpringBoard>:47602] with description <RBSAssertionDescriptor| "com.apple.frontboard.after-life.interrupted" ID:33-47602-7510 target:50572 attributes:[
Aug 27 21:21:07.901942 SpringBoard(FrontBoard)[47602] <Debug>: Flushing all events for sceneID:dev.selfhost.firstActivationProbe-default
Aug 27 21:21:07.902168 runningboardd(RunningBoard)[33] <Notice>: Assertion 33-47602-7510 (target:[application<dev.selfhost.firstActivationProbe>:50572]) will be created as inactive as originator process has not exited
Aug 27 21:21:07.903380 SpringBoard(FrontBoard)[47602] <Debug>: [FBSceneManager] EXECUTING: <BSEventQueueEvent: 0x281c23900; sceneDidActivate-sceneID:dev.selfhost.firstActivationProbe-default(1)>
Aug 27 21:21:07.904422 SpringBoard(FrontBoard)[47602] <Debug>: [FBSceneManager] PENDING:   <BSEventQueueEvent: 0x281c3f5c0; sceneDidActivate-sceneID:dev.selfhost.firstActivationProbe-default(1)> @ front
Aug 27 21:21:07.904638 SpringBoard(FrontBoard)[47602] <Debug>: [FBSceneManager] EXECUTING: <BSEventQueueEvent: 0x281c3f5c0; sceneDidActivate-sceneID:dev.selfhost.firstActivationProbe-default(1)>
Aug 27 21:21:07.907164 SpringBoard(RunningBoardServices)[47602] <Info>: Update delivered for [application<dev.selfhost.firstActivationProbe>:50572] with taskState 4
Aug 27 21:21:07.907309 SpringBoard[47602] <Notice>: didAddExternalForegroundApplicationSceneHandle pid:50572 scene:com.apple.frontboard.systemappservices::sceneID%3Adev.selfhost.firstActivationProbe-default now:<recentPIDs: [50572]; recentSceneIdentityTokensByPID: {50572: [com.apple.frontboard.systemappservices::sceneID%3Adev.selfhost.firstActivationProbe-default]}>
Aug 27 21:21:07.907511 SpringBoard[47602] <Notice>: policy: MRU target:<pid=50572 token=com.apple.frontboard.systemappservices::sceneID%3Adev.selfhost.firstActivationProbe-default>
Aug 27 21:21:07.907674 SpringBoard[47602] <Notice>: policy: now generation: 274; keyboardFocusTarget: <token: com.apple.frontboard.systemappservices::sceneID%3Adev.selfhost.firstActivationProbe-default; pid: 50572>; recentlyUsedScenes: <recentPIDs: [50572]; recentSceneIdentityTokensByPID: {50572: [com.apple.frontboard.systemappservices::sceneID%3Adev.selfhost.firstActivationProbe-default]}>; selectionPolicy: KeyboardArbiter; shouldSuppressRemoteDeferring: 0
Aug 27 21:21:07.909307 runningboardd(RunningBoard)[33] <Debug>: Adding assertion 33-47602-7510 (target:[application<dev.selfhost.firstActivationProbe>:50572])
Aug 27 21:21:07.910046 runningboardd(RunningBoard)[33] <Info>: application<dev.selfhost.firstActivationProbe> is now targeted by 3 assertions
Aug 27 21:21:07.910391 runningboardd(RunningBoard)[33] <Info>: Finished acquiring assertion 33-47602-7510 (target:[application<dev.selfhost.firstActivationProbe>:50572])
Aug 27 21:21:07.911801 SpringBoard(FrontBoard)[47602] <Debug>: [FBSceneManager] EXECUTING: <BSEventQueueEvent: 0x281c21640; sceneUpdatePrepared-sceneID:dev.selfhost.firstActivationProbe-default(1)>
Aug 27 21:21:07.912064 SpringBoard(FrontBoard)[47602] <Debug>: [FBSceneManager] PENDING:   <BSEventQueueEvent: 0x281c21400; sceneUpdatePrepared-sceneID:dev.selfhost.firstActivationProbe-default(1)> @ front
Aug 27 21:21:07.912313 SpringBoard(FrontBoard)[47602] <Debug>: [FBSceneManager] EXECUTING: <BSEventQueueEvent: 0x281c21400; sceneUpdatePrepared-sceneID:dev.selfhost.firstActivationProbe-default(1)>
Aug 27 21:21:07.913312 SpringBoard(FrontBoard)[47602] <Debug>: [FBSceneManager] EXECUTING: <BSEventQueueEvent: 0x281c20bc0; applySettings-sceneID:dev.selfhost.firstActivationProbe-default(1)>
Aug 27 21:21:07.913521 SpringBoard(FrontBoard)[47602] <Notice>: [sceneID:dev.selfhost.firstActivationProbe-default] scene content state changed: preparing
Aug 27 21:21:07.913731 SpringBoard(FrontBoard)[47602] <Debug>: [FBSceneManager] PENDING:   <BSEventQueueEvent: 0x281c220c0; contentStateDidChange-sceneID:dev.selfhost.firstActivationProbe-default(1)> @ back
Aug 27 21:21:07.913881 SpringBoard(FrontBoard)[47602] <Debug>: [FBSceneManager] PENDING:   <BSEventQueueEvent: 0x281c3f5c0; sceneUpdateApplied-sceneID:dev.selfhost.firstActivationProbe-default(1)> @ back
Aug 27 21:21:07.914009 SpringBoard(FrontBoard)[47602] <Debug>: [FBSceneManager] PENDING:   <BSEventQueueEvent: 0x281c20520; sceneMutationCompletion-sceneID:dev.selfhost.firstActivationProbe-default(1)> @ back
Aug 27 21:21:07.914127 SpringBoard(FrontBoard)[47602] <Debug>: [FBSceneManager] EXECUTING: <BSEventQueueEvent: 0x281c220c0; contentStateDidChange-sceneID:dev.selfhost.firstActivationProbe-default(1)>
Aug 27 21:21:07.914242 SpringBoard(FrontBoard)[47602] <Notice>: [sceneID:dev.selfhost.firstActivationProbe-default] Scene lifecycle state did change: Foreground
Aug 27 21:21:07.914398 SpringBoard(FrontBoard)[47602] <Debug>: [FBSceneManager] PENDING:   <BSEventQueueEvent: 0x281c23260; contentStateDidChange-sceneID:dev.selfhost.firstActivationProbe-default(1)> @ front
Aug 27 21:21:07.914522 SpringBoard(FrontBoard)[47602] <Notice>: [sceneID:dev.selfhost.firstActivationProbe-default] Scene assertion state did change: ForegroundFocal.
Aug 27 21:21:07.914639 SpringBoard(FrontBoard)[47602] <Notice>: [application<dev.selfhost.firstActivationProbe>:50572] Launch assertion supersedes update of workspace assertion to ForegroundFocal.
Aug 27 21:21:07.914759 SpringBoard(FrontBoard)[47602] <Notice>: [application<dev.selfhost.firstActivationProbe>:50572] Workspace assertion state did change: ForegroundFocal (acquireAssertion = NO).
Aug 27 21:21:07.914876 SpringBoard(FrontBoard)[47602] <Debug>: [FBSceneManager] EXECUTING: <BSEventQueueEvent: 0x281c23260; contentStateDidChange-sceneID:dev.selfhost.firstActivationProbe-default(1)>
Aug 27 21:21:07.915305 SpringBoard(FrontBoard)[47602] <Notice>: [sceneID:dev.selfhost.firstActivationProbe-default] Sending scene action [Logical Activate][0x71] to process 0x10a17bf00 (watchdog: 19.98s)
Aug 27 21:21:07.915660 SpringBoard(FrontBoard)[47602] <Debug>: [FBSceneManager] EXECUTING: <BSEventQueueEvent: 0x281c3f5c0; sceneUpdateApplied-sceneID:dev.selfhost.firstActivationProbe-default(1)>
Aug 27 21:21:07.915816 SpringBoard(FrontBoard)[47602] <Debug>: [FBSceneManager] PENDING:   <BSEventQueueEvent: 0x281c3e480; sceneUpdateApplied-sceneID:dev.selfhost.firstActivationProbe-default(1)> @ front
Aug 27 21:21:07.916103 SpringBoard(FrontBoard)[47602] <Debug>: [FBSceneManager] EXECUTING: <BSEventQueueEvent: 0x281c3e480; sceneUpdateApplied-sceneID:dev.selfhost.firstActivationProbe-default(1)>
Aug 27 21:21:07.916799 SpringBoard(FrontBoard)[47602] <Debug>: [FBSceneManager] EXECUTING: <BSEventQueueEvent: 0x281c20520; sceneMutationCompletion-sceneID:dev.selfhost.firstActivationProbe-default(1)>
Aug 27 21:21:07.916999 SpringBoard(FrontBoardServices)[47602] <Info>: [application<dev.selfhost.firstActivationProbe>:50572] [realTime] Now monitoring resource allowance of 19.98s (at refreshInterval -1.00s)
Aug 27 21:21:07.917115 SpringBoard(FrontBoard)[47602] <Debug>: ---------- END SCENE MUTATION: sceneID:dev.selfhost.firstActivationProbe-default
Aug 27 21:21:07.921785 Runner(RunningBoardServices)[50572] <Debug>: Received message from server: async_didChangeInheritances:completion:
Aug 27 21:21:07.921868 Runner(RunningBoardServices)[50572] <Info>: didChangeInheritances
Aug 27 21:21:07.922026 Runner(RunningBoardServices)[50572] <Info>: didChangeInheritances: <RBSInheritanceChangeSet| gained:{(
Aug 27 21:21:07.922548 Runner(RunningBoardServices)[50572] <Notice>: Handshake succeeded
Aug 27 21:21:07.922798 Runner(RunningBoardServices)[50572] <Notice>: Identity resolved as application<dev.selfhost.firstActivationProbe>
Aug 27 21:21:07.923025 Runner(FrontBoardServices)[50572] <Info>: [FBSScene] [sceneID:dev.selfhost.firstActivationProbe-default] Created client agent: <UIApplicationSceneClientAgent: 0x280088a30>
Aug 27 21:21:07.926874 Runner(CoreFoundation)[50572] <Debug>: Resource lookup at <private>
	Result        : file:///private/var/containers/Bundle/Application/1EC21BA9-82AA-4B85-B2FC-10B206BC5C35/Runner.app/Base.lproj/Main.storyboardc/
Aug 27 21:21:07.927023 Runner(CoreFoundation)[50572] <Debug>: Resource lookup at <private>
	Result        : file:///private/var/containers/Bundle/Application/1EC21BA9-82AA-4B85-B2FC-10B206BC5C35/Runner.app/Base.lproj/Main.storyboardc/
Aug 27 21:21:07.927204 Runner(CoreFoundation)[50572] <Debug>: found no value for key _UICanvasShouldDeliverCanvasActionsToCanvasDelegateOnlyKey in CFPrefsSearchListSource<0x282c89c80> (Domain: dev.selfhost.firstActivationProbe, Container: (null))
Aug 27 21:21:07.927412 Runner(CoreFoundation)[50572] <Debug>: found no value for key LogBackgroundTask in CFPrefsSearchListSource<0x282c88380> (Domain: com.apple.UIKit, Container: (null))
Aug 27 21:21:07.927590 Runner(UIKitCore)[50572] <Notice>: <private>: Will add backgroundTask with taskName: <private>, expirationHandler: <__NSGlobalBlock__: 0x1ec737410>
Aug 27 21:21:07.927717 Runner(UIKitCore)[50572] <Notice>: <private>: Created background task <private>. Assertion will be assigned soon
Aug 27 21:21:07.929800 runningboardd(RunningBoard)[33] <Debug>: Sending state 0x1011e6a40 for application<dev.selfhost.firstActivationProbe> to [daemon<com.apple.UserEventAgent-System>:30]
Aug 27 21:21:07.929934 runningboardd(RunningBoard)[33] <Debug>: Incrementing suppression state to 2 for application<dev.selfhost.firstActivationProbe>
Aug 27 21:21:07.930124 runningboardd(RunningBoard)[33] <Info>: Received message from [application<dev.selfhost.firstActivationProbe>:50572] (euid 501, auid 501): acquireAssertionWithDescriptor:error:
Aug 27 21:21:07.930441 runningboardd(RunningBoard)[33] <Notice>: Acquiring assertion targeting [application<dev.selfhost.firstActivationProbe>:50572] from originator [application<dev.selfhost.firstActivationProbe>:50572] with description <RBSAssertionDescriptor| "Shared Background Assertion 0 for dev.selfhost.firstActivationProbe" ID:33-50572-7511 target:50572 attributes:[
Aug 27 21:21:07.931564 Runner(UIKitCore)[50572] <Notice>: <private>: Creating new assertion since assertion is nil
Aug 27 21:21:07.931707 Runner(RunningBoardServices)[50572] <Info>: Acquiring assertion: <RBSAssertionDescriptor| "Shared Background Assertion 0 for dev.selfhost.firstActivationProbe" ID:(null) target:50572>
Aug 27 21:21:07.932028 Runner(RunningBoardServices)[50572] <Debug>: Adding assertion 33-50572-7511 to dictionary
Aug 27 21:21:07.932195 Runner(UIKitCore)[50572] <Notice>: <private>: Created new assertion <BKSProcessAssertion: 0x282188690>
Aug 27 21:21:07.932421 Runner(UIKitCore)[50572] <Notice>: Deactivation reason added: 5; deactivation reasons: 2048 -> 2080; animating application lifecycle event: 1
Aug 27 21:21:07.932576 Runner(CoreFoundation)[50572] <Debug>: found no value for key LogEventDeferring in CFPrefsSearchListSource<0x282c88380> (Domain: com.apple.UIKit, Container: (null))
Aug 27 21:21:07.932755 Runner(UIKitCore)[50572] <Notice>: [0x282989ff0] Initialized with scene: <UIWindowScene: 0x100a0b2c0>; behavior: <_UIEventDeferringBehavior_Default: 0x28029cc20>
Aug 27 21:21:07.933010 Runner(CoreFoundation)[50572] <Debug>: found no value for key LogKeyWindow in CFPrefsSearchListSource<0x282c88380> (Domain: com.apple.UIKit, Container: (null))
Aug 27 21:21:07.933165 Runner(CoreFoundation)[50572] <Debug>: found no value for key FullKeyboardAccessEnabled in CFPrefsSearchListSource<0x282c8ba00> (Domain: com.apple.Accessibility, Container: (null))
Aug 27 21:21:07.933306 Runner(libAccessibility.dylib)[50572] <Debug>: CF Read: domain = com.apple.Accessibility, preference = FullKeyboardAccessEnabled, appID = (null) result = (null) (-1 - empty, 0 - false, 1 - true)
Aug 27 21:21:07.933457 Runner(CoreFoundation)[50572] <Debug>: found no value for key FullKeyboardAccessEnabled in CFPrefsPlistSource<0x282c8ba80> (Domain: com.apple.Accessibility, User: kCFPreferencesCurrentUser, ByHost: No, Container: (null), Contents Need Refresh: No)
Aug 27 21:21:07.933602 Runner(CoreFoundation)[50572] <Debug>: Resource lookup at <private>
Aug 27 21:21:07.933817 Runner(CoreFoundation)[50572] <Debug>: Resource lookup at <private>
	Result        : file:///private/var/containers/Bundle/Application/1EC21BA9-82AA-4B85-B2FC-10B206BC5C35/Runner.app/Base.lproj/Main.storyboardc/
Aug 27 21:21:07.933982 Runner(CoreFoundation)[50572] <Debug>: Resource lookup at <private>
	Result        : file:///private/var/containers/Bundle/Application/1EC21BA9-82AA-4B85-B2FC-10B206BC5C35/Runner.app/Base.lproj/Main.storyboardc/UIViewController-BYZ-38-t0r.nib
Aug 27 21:21:07.934203 Runner(CoreFoundation)[50572] <Debug>: found no value for key UITraitCollectionInvalidationDebuggingModeEnabled in CFPrefsSearchListSource<0x282c89c80> (Domain: dev.selfhost.firstActivationProbe, Container: (null))
Aug 27 21:21:07.934389 Runner(CoreFoundation)[50572] <Debug>: Resource lookup at <private>
Aug 27 21:21:07.934619 Runner(CoreFoundation)[50572] <Debug>: Language lookup at <private>
Aug 27 21:21:07.934756 Runner(CoreFoundation)[50572] <Debug>: Resource lookup at <private>
	Result        : file:///var/containers/Bundle/Application/1EC21BA9-82AA-4B85-B2FC-10B206BC5C35/Runner.app/Frameworks/Flutter.framework/icudtl.dat
Aug 27 21:21:07.935202 SpringBoard(FrontBoard)[47602] <Info>: [sceneID:dev.selfhost.firstActivationProbe-default] Client settings updated with diff: <private>
Aug 27 21:21:07.935343 SpringBoard(FrontBoard)[47602] <Info>: [sceneID:dev.selfhost.firstActivationProbe-default] Client settings updated with diff: <private>
        <SBDeviceApplicationSceneEntity: 0x283e008c0; ID: sceneID:dev.selfhost.firstActivationProbe-default; layoutRole: primary>
        <SBDeviceApplicationSceneEntity: 0x283e008c0; ID: sceneID:dev.selfhost.firstActivationProbe-default; layoutRole: primary>
Aug 27 21:21:07.937313 Runner(Flutter)[50572] <Notice>: SANITY CHECK: Running precompiled code.
Aug 27 21:21:07.937754 Runner(CoreFoundation)[50572] <Debug>: Resource lookup at <private>
Aug 27 21:21:07.937973 Runner(CoreFoundation)[50572] <Debug>: Resource lookup at <private>
	Result        : file:///private/var/containers/Bundle/Application/1EC21BA9-82AA-4B85-B2FC-10B206BC5C35/Runner.app/Frameworks/App.framework/
Aug 27 21:21:07.938131 Runner(Flutter)[50572] <Notice>: Using App.framework from /private/var/containers/Bundle/Application/1EC21BA9-82AA-4B85-B2FC-10B206BC5C35/Runner.app/Frameworks/App.framework
Aug 27 21:21:07.938308 Runner(CoreFoundation)[50572] <Debug>: Language lookup at <private>
Aug 27 21:21:07.938477 Runner(CoreFoundation)[50572] <Debug>: Resource lookup at <private>
Aug 27 21:21:07.938712 Runner(CoreFoundation)[50572] <Debug>: Resource lookup at <private>
Aug 27 21:21:07.938945 Runner(CoreFoundation)[50572] <Debug>: Resource lookup at <private>
	Result        : file:///var/containers/Bundle/Application/1EC21BA9-82AA-4B85-B2FC-10B206BC5C35/Runner.app/Frameworks/App.framework/flutter_assets/
Aug 27 21:21:07.939180 Runner(Flutter)[50572] <Notice>: ASSET PATH /var/containers/Bundle/Application/1EC21BA9-82AA-4B85-B2FC-10B206BC5C35/Runner.app/Frameworks/App.framework/flutter_assets
Aug 27 21:21:07.939396 Runner(CoreFoundation)[50572] <Debug>: Resource lookup at <private>
Aug 27 21:21:07.939584 Runner(CoreFoundation)[50572] <Debug>: Resource lookup at <private>
Aug 27 21:21:07.939755 Runner(Flutter)[50572] <Notice>: [INFO:flutter/shell/common/shorebird/shorebird.cc(112)] [shorebird] SetBaseSnapshot mappings: vm_data_size=5178 iso_data_size=556021 vm_insns_size=43584 iso_insns_size=1818768 total=2423551
Aug 27 21:21:07.940001 Runner(Flutter)[50572] <Notice>: [shorebird] Preparing next boot.
Aug 27 21:21:07.940217 Runner(Flutter)[50572] <Notice>: [shorebird] No public key configured; skipping signature verification
Aug 27 21:21:07.940417 Runner(Flutter)[50572] <Notice>: [shorebird] Prepared boot of patch 3.
Aug 27 21:21:07.940555 Runner(Flutter)[50572] <Notice>: [INFO:flutter/shell/common/shorebird/shorebird.cc(663)] Shorebird updater: active path: /private/var/mobile/Containers/Data/Application/18E6667F-E66B-4E74-92D9-B14869861554/Library/Application Support/shorebird/shorebird_updater/patches/3/dlc.vmcode
Aug 27 21:21:07.940702 Runner(Flutter)[50572] <Notice>: [INFO:flutter/shell/common/shorebird/shorebird.cc(686)] Shorebird updater: active patch is a Route B container
Aug 27 21:21:07.940860 Runner(Flutter)[50572] <Notice>: [INFO:flutter/shell/common/shorebird/shorebird.cc(762)] Starting Shorebird update
Aug 27 21:21:07.940993 cfprefsd(CoreFoundation)[91] <Debug>: Process 50572 (Runner) sent a request related to { com.apple.Metal, user: mobile, kCFPreferencesCurrentHost, /Library/Managed Preferences/mobile/com.apple.Metal.plist, managed: 1 } (0x10182aa60)
Aug 27 21:21:07.941239 cfprefsd(CoreFoundation)[91] <Debug>: Process 50572 (Runner) sent a request related to { com.apple.Metal, user: kCFPreferencesAnyUser, kCFPreferencesCurrentHost, /Library/Managed Preferences/com.apple.Metal.plist, managed: 1 } (0x10182aa60)
Aug 27 21:21:07.941584 cfprefsd(CoreFoundation)[91] <Debug>: Process 50572 (Runner) sent a request related to { com.apple.Metal, user: mobile, kCFPreferencesAnyHost, /var/mobile/Library/Preferences/com.apple.Metal.plist, managed: 0 } (0x10182aa60)
Aug 27 21:21:07.942014 Runner(CoreFoundation)[50572] <Debug>: Resource lookup at <private>
Aug 27 21:21:07.942247 Runner(CoreFoundation)[50572] <Debug>: setting new value <private> for key <private> in CFPrefsSource<0x28178cdc0> (Domain: Volatile, User: , ByHost: No, Container: , Contents Need Refresh: No)
Aug 27 21:21:07.942444 Runner(CoreFoundation)[50572] <Debug>: looked up value <private> for key METAL_DEVICE_WRAPPER_TYPE in CFPrefsSource<0x28178cdc0> (Domain: Volatile, User: , ByHost: No, Container: , Contents Need Refresh: No) via CFPrefsSearchListSource<0x282c89c80> (Domain: dev.selfhost.firstActivationProbe, Container: (null))
Aug 27 21:21:07.942753 Runner(CoreFoundation)[50572] <Debug>: CFPrefsManagedSource<0x282c81880> (Domain: com.apple.Metal, User: kCFPreferencesCurrentUser, ByHost: Yes, Container: (null), Contents Need Refresh: No) loaded: an empty base plist and no additional changes from the base plist
Aug 27 21:21:07.942875 Runner(CoreFoundation)[50572] <Debug>: CFPrefsManagedSource<0x282c81980> (Domain: com.apple.Metal, User: kCFPreferencesAnyUser, ByHost: Yes, Container: (null), Contents Need Refresh: No) loaded: an empty base plist and no additional changes from the base plist
Aug 27 21:21:07.942995 Runner(CoreFoundation)[50572] <Debug>: CFPrefsPlistSource<0x282c81800> (Domain: com.apple.Metal, User: kCFPreferencesCurrentUser, ByHost: No, Container: (null), Contents Need Refresh: No) loaded: an empty base plist and no additional changes from the base plist
Aug 27 21:21:07.943691 SpringBoard[47602] <Notice>: Application process state changed for dev.selfhost.firstActivationProbe: <SBApplicationProcessState: 0x281c23be0; pid: 50572; taskState: Running; visibility: Foreground>
Aug 27 21:21:07.945703 SpringBoard[47602] <Info>: -[SBApplication _processWillLaunch:] dev.selfhost.firstActivationProbe
Aug 27 21:21:07.945846 SpringBoard[47602] <Notice>: Application process state changed for dev.selfhost.firstActivationProbe: <SBApplicationProcessState: 0x281c53e80; pid: 50572; taskState: Running; visibility: Foreground>
Aug 27 21:21:07.946100 SpringBoard(SplashBoard)[47602] <Info>: <XBApplicationSnapshot: 0x109ddf7d0; …2F3B89D0D3F1> [dev.selfhost.firstActivationProbe] not purging the cached image; force: 0; _imageAccessCount: 1; _keepImageAccessUntilExpiration: 0; _hasProtectedContent: 0; _keepImageAccessForPreheat: 0
Aug 27 21:21:07.946332 SpringBoard[47602] <Info>: -[SBApplication _processDidLaunch:] dev.selfhost.firstActivationProbe
Aug 27 21:21:07.946552 SpringBoard[47602] <Notice>: Application process state changed for dev.selfhost.firstActivationProbe: <SBApplicationProcessState: 0x281c505c0; pid: 50572; taskState: Running; visibility: Foreground>
Aug 27 21:21:07.949121 SpringBoard(FrontBoard)[47602] <Info>: Client intercepting scene update for scene: sceneID:dev.selfhost.firstActivationProbe-default
Aug 27 21:21:07.949261 SpringBoard(FrontBoard)[47602] <Debug>: START SCENE MUTATION ------- sceneID:dev.selfhost.firstActivationProbe-default
Aug 27 21:21:07.949405 SpringBoard(FrontBoard)[47602] <Debug>: [FBSceneManager] PENDING:   <BSEventQueueEvent: 0x281db8b00; sceneUpdatePrepared-sceneID:dev.selfhost.firstActivationProbe-default(2)> @ back
Aug 27 21:21:07.950144 SpringBoard(FrontBoard)[47602] <Debug>: [FBSceneManager] PENDING:   <BSEventQueueEvent: 0x281db4240; applySettings-sceneID:dev.selfhost.firstActivationProbe-default(2)> @ back
Aug 27 21:21:07.950259 SpringBoard(FrontBoard)[47602] <Debug>: Flushing all events for sceneID:dev.selfhost.firstActivationProbe-default
Aug 27 21:21:07.950377 SpringBoard(FrontBoard)[47602] <Debug>: [FBSceneManager] EXECUTING: <BSEventQueueEvent: 0x281db8b00; sceneUpdatePrepared-sceneID:dev.selfhost.firstActivationProbe-default(2)>
Aug 27 21:21:07.950494 SpringBoard(FrontBoard)[47602] <Debug>: [FBSceneManager] PENDING:   <BSEventQueueEvent: 0x281db45c0; sceneUpdatePrepared-sceneID:dev.selfhost.firstActivationProbe-default(2)> @ front
Aug 27 21:21:07.950609 SpringBoard(FrontBoard)[47602] <Debug>: [FBSceneManager] EXECUTING: <BSEventQueueEvent: 0x281db45c0; sceneUpdatePrepared-sceneID:dev.selfhost.firstActivationProbe-default(2)>
Aug 27 21:21:07.950839 SpringBoard(FrontBoard)[47602] <Debug>: [FBSceneManager] EXECUTING: <BSEventQueueEvent: 0x281db4240; applySettings-sceneID:dev.selfhost.firstActivationProbe-default(2)>
Aug 27 21:21:07.950956 SpringBoard(FrontBoard)[47602] <Debug>: [FBSceneManager] PENDING:   <BSEventQueueEvent: 0x281c23860; sceneUpdateApplied-sceneID:dev.selfhost.firstActivationProbe-default(2)> @ back
Aug 27 21:21:07.951075 SpringBoard(FrontBoard)[47602] <Debug>: [FBSceneManager] PENDING:   <BSEventQueueEvent: 0x281c22780; sceneMutationCompletion-sceneID:dev.selfhost.firstActivationProbe-default(2)> @ back
Aug 27 21:21:07.951191 SpringBoard(FrontBoard)[47602] <Debug>: [FBSceneManager] EXECUTING: <BSEventQueueEvent: 0x281c23860; sceneUpdateApplied-sceneID:dev.selfhost.firstActivationProbe-default(2)>
Aug 27 21:21:07.951309 SpringBoard(FrontBoard)[47602] <Debug>: [FBSceneManager] PENDING:   <BSEventQueueEvent: 0x281c201a0; sceneUpdateApplied-sceneID:dev.selfhost.firstActivationProbe-default(2)> @ front
Aug 27 21:21:07.951424 SpringBoard(FrontBoard)[47602] <Debug>: [FBSceneManager] EXECUTING: <BSEventQueueEvent: 0x281c201a0; sceneUpdateApplied-sceneID:dev.selfhost.firstActivationProbe-default(2)>
Aug 27 21:21:07.951656 Runner(CoreFoundation)[50572] <Debug>: CFPrefsPlistSource<0x282c81b00> (Domain: com.apple.Metal, User: kCFPreferencesAnyUser, ByHost: Yes, Container: (null), Contents Need Refresh: No) loaded: an empty base plist and no additional changes from the base plist
Aug 27 21:21:07.951968 Runner(CoreFoundation)[50572] <Debug>: found no value for key UseMetalTelemetry in CFPrefsSearchListSource<0x282c81900> (Domain: com.apple.Metal, Container: (null))
Aug 27 21:21:07.952130 SpringBoard(FrontBoard)[47602] <Debug>: [FBSceneManager] EXECUTING: <BSEventQueueEvent: 0x281c22780; sceneMutationCompletion-sceneID:dev.selfhost.firstActivationProbe-default(2)>
Aug 27 21:21:07.953283 Runner(CoreFoundation)[50572] <Debug>: Resource lookup at <private>
Aug 27 21:21:07.953615 SpringBoard(FrontBoard)[47602] <Debug>: ---------- END SCENE MUTATION: sceneID:dev.selfhost.firstActivationProbe-default
Aug 27 21:21:07.953856 Runner(CoreFoundation)[50572] <Debug>: found no value for key MetalForceCaptureEnabled in CFPrefsSearchListSource<0x282c89c80> (Domain: dev.selfhost.firstActivationProbe, Container: (null))
Aug 27 21:21:07.954245 SpringBoard(FrontBoard)[47602] <Info>: [sceneID:dev.selfhost.firstActivationProbe-default] Sending scene action [Forward Event][0x168b] to process 0x10a17bf00 (watchdog: none)
            SceneID: sceneID:dev.selfhost.firstActivationProbe-default
Aug 27 21:21:07.956869 Runner(CoreFoundation)[50572] <Debug>: found no value for key VertexInstanceBoundsCheckMode in CFPrefsSearchListSource<0x282c81900> (Domain: com.apple.Metal, Container: (null))
Aug 27 21:21:07.957005 Runner(CoreFoundation)[50572] <Debug>: found no value for key DisableDriverSuballocation in CFPrefsSearchListSource<0x282c81900> (Domain: com.apple.Metal, Container: (null))
Aug 27 21:21:07.957181 Runner(CoreFoundation)[50572] <Debug>: found no value for key CPUMappingForPrivateTexturesMode in CFPrefsSearchListSource<0x282c81900> (Domain: com.apple.Metal, Container: (null))
Aug 27 21:21:07.957340 Runner(CoreFoundation)[50572] <Debug>: found no value for key IOSurfaceCompressedWriteValidation in CFPrefsSearchListSource<0x282c81900> (Domain: com.apple.Metal, Container: (null))
Aug 27 21:21:07.957469 Runner(CoreFoundation)[50572] <Debug>: Language lookup at <private>
Aug 27 21:21:07.957608 Runner(CoreFoundation)[50572] <Debug>: Resource lookup at <private>
Aug 27 21:21:07.959100 Runner(CoreFoundation)[50572] <Debug>: Resource lookup at <private>
Aug 27 21:21:07.961030 Runner(CoreFoundation)[50572] <Debug>: Resource lookup at <private>
Aug 27 21:21:07.961146 Runner(CoreFoundation)[50572] <Debug>: Resource lookup at <private>
Aug 27 21:21:07.961262 Runner(CoreFoundation)[50572] <Debug>: Resource lookup at <private>
Aug 27 21:21:07.961395 Runner(CoreFoundation)[50572] <Debug>: Resource lookup at <private>
Aug 27 21:21:07.961529 Runner(CoreFoundation)[50572] <Debug>: Resource lookup at <private>
Aug 27 21:21:07.961646 Runner(CoreFoundation)[50572] <Debug>: Resource lookup at <private>
Aug 27 21:21:07.961762 Runner(CoreFoundation)[50572] <Debug>: Resource lookup at <private>
Aug 27 21:21:07.964659 Runner(CoreFoundation)[50572] <Debug>: Resource lookup at <private>
Aug 27 21:21:07.964850 Runner(CoreFoundation)[50572] <Debug>: Resource lookup at <private>
Aug 27 21:21:07.965091 Runner(CoreFoundation)[50572] <Debug>: Resource lookup at <private>
Aug 27 21:21:07.965285 Runner(CoreFoundation)[50572] <Debug>: Resource lookup at <private>
Aug 27 21:21:07.965474 Runner(CoreFoundation)[50572] <Debug>: Resource lookup at <private>
Aug 27 21:21:07.965655 Runner(CoreFoundation)[50572] <Debug>: Resource lookup at <private>
Aug 27 21:21:07.965964 runningboardd(RunningBoard)[33] <Notice>: Assertion 33-50572-7511 (target:[application<dev.selfhost.firstActivationProbe>:50572]) will be created as inactive as start-time-defining assertions exist
Aug 27 21:21:07.966603 SpringBoard(FrontBoard)[47602] <Info>: [sceneID:dev.selfhost.firstActivationProbe-default] didUpdateClientSettingsWithDiff: <private>
Aug 27 21:21:07.966757 SpringBoard(FrontBoard)[47602] <Debug>: [FBSceneManager] PENDING:   <BSEventQueueEvent: 0x281c21ca0; handleDidUpdateClientSettings-sceneID:dev.selfhost.firstActivationProbe-default(2)> @ back
Aug 27 21:21:07.967028 SpringBoard(FrontBoard)[47602] <Debug>: [FBSceneManager] EXECUTING: <BSEventQueueEvent: 0x281c21ca0; handleDidUpdateClientSettings-sceneID:dev.selfhost.firstActivationProbe-default(2)>
Aug 27 21:21:07.967780 SpringBoard(FrontBoard)[47602] <Debug>: [FBSceneManager] PENDING:   <BSEventQueueEvent: 0x281c231a0; didUpdateClientSettings-sceneID:dev.selfhost.firstActivationProbe-default(2)> @ back
Aug 27 21:21:07.967927 SpringBoard(FrontBoard)[47602] <Debug>: [FBSceneManager] PENDING:   <BSEventQueueEvent: 0x281db2d40; didUpdateClientSettingsCompletion-sceneID:dev.selfhost.firstActivationProbe-default(2)> @ back
Aug 27 21:21:07.968677 SpringBoard(FrontBoard)[47602] <Debug>: [FBSceneManager] EXECUTING: <BSEventQueueEvent: 0x281c231a0; didUpdateClientSettings-sceneID:dev.selfhost.firstActivationProbe-default(2)>
Aug 27 21:21:07.969521 SpringBoard(FrontBoard)[47602] <Debug>: [FBSceneManager] PENDING:   <BSEventQueueEvent: 0x281c20480; didUpdateClientSettings-sceneID:dev.selfhost.firstActivationProbe-default(2)> @ front
Aug 27 21:21:07.969763 SpringBoard(FrontBoard)[47602] <Debug>: [FBSceneManager] EXECUTING: <BSEventQueueEvent: 0x281c20480; didUpdateClientSettings-sceneID:dev.selfhost.firstActivationProbe-default(2)>
Aug 27 21:21:07.973501 SpringBoard(FrontBoard)[47602] <Debug>: [FBSceneManager] EXECUTING: <BSEventQueueEvent: 0x281db2d40; didUpdateClientSettingsCompletion-sceneID:dev.selfhost.firstActivationProbe-default(2)>
Aug 27 21:21:07.974797 SpringBoard(FrontBoard)[47602] <Info>: [sceneID:dev.selfhost.firstActivationProbe-default] didUpdateClientSettingsWithDiff: <private>
Aug 27 21:21:07.975123 SpringBoard(FrontBoard)[47602] <Debug>: [FBSceneManager] PENDING:   <BSEventQueueEvent: 0x281db2700; handleDidUpdateClientSettings-sceneID:dev.selfhost.firstActivationProbe-default(2)> @ back
Aug 27 21:21:07.975417 SpringBoard(FrontBoard)[47602] <Debug>: [FBSceneManager] EXECUTING: <BSEventQueueEvent: 0x281db2700; handleDidUpdateClientSettings-sceneID:dev.selfhost.firstActivationProbe-default(2)>
Aug 27 21:21:07.975879 SpringBoard(FrontBoard)[47602] <Debug>: [FBSceneManager] PENDING:   <BSEventQueueEvent: 0x281c22dc0; didUpdateClientSettings-sceneID:dev.selfhost.firstActivationProbe-default(2)> @ back
Aug 27 21:21:07.976086 SpringBoard(FrontBoard)[47602] <Debug>: [FBSceneManager] PENDING:   <BSEventQueueEvent: 0x281c20c80; didUpdateClientSettingsCompletion-sceneID:dev.selfhost.firstActivationProbe-default(2)> @ back
Aug 27 21:21:07.977179 SpringBoard(FrontBoard)[47602] <Debug>: [FBSceneManager] EXECUTING: <BSEventQueueEvent: 0x281c22dc0; didUpdateClientSettings-sceneID:dev.selfhost.firstActivationProbe-default(2)>
Aug 27 21:21:07.977317 SpringBoard(FrontBoard)[47602] <Debug>: [FBSceneManager] PENDING:   <BSEventQueueEvent: 0x281c23100; didUpdateClientSettings-sceneID:dev.selfhost.firstActivationProbe-default(2)> @ front
Aug 27 21:21:07.977433 SpringBoard(FrontBoard)[47602] <Debug>: [FBSceneManager] EXECUTING: <BSEventQueueEvent: 0x281c23100; didUpdateClientSettings-sceneID:dev.selfhost.firstActivationProbe-default(2)>
Aug 27 21:21:07.977948 SpringBoard(FrontBoard)[47602] <Debug>: [FBSceneManager] EXECUTING: <BSEventQueueEvent: 0x281c20c80; didUpdateClientSettingsCompletion-sceneID:dev.selfhost.firstActivationProbe-default(2)>
Aug 27 21:21:07.978596 kernel(Sandbox)[0] <Error>: Sandbox: Runner(50572) deny(2) file-test-existence /private/etc/.mdns_debug
Aug 27 21:21:07.978730 runningboardd(RunningBoard)[33] <Debug>: Decrementing suppression state to 1 for application<dev.selfhost.firstActivationProbe>
Aug 27 21:21:07.978863 kernel(Sandbox)[0] <Error>: Sandbox: Runner(50572) deny(1) sysctl-read kern.iossupportversion
Aug 27 21:21:07.979023 runningboardd(RunningBoard)[33] <Debug>: Adding assertion 33-50572-7511 (target:[application<dev.selfhost.firstActivationProbe>:50572])
Aug 27 21:21:07.979535 runningboardd(RunningBoard)[33] <Debug>: Updating events for assertion: 33-47602-7510 (target:[application<dev.selfhost.firstActivationProbe>:50572])
Aug 27 21:21:07.979678 runningboardd(RunningBoard)[33] <Info>: application<dev.selfhost.firstActivationProbe> is now targeted by 4 assertions
Aug 27 21:21:07.979892 runningboardd(RunningBoard)[33] <Debug>: Removing events for context: 33-47602-7510 (target:[application<dev.selfhost.firstActivationProbe>:50572])
Aug 27 21:21:07.980060 Runner(CoreFoundation)[50572] <Debug>: Resource lookup at <private>
Aug 27 21:21:07.980263 Runner(CoreFoundation)[50572] <Debug>: found no value for key UIViewLayoutFeedbackLoopDebuggingThreshold in CFPrefsSearchListSource<0x282c89c80> (Domain: dev.selfhost.firstActivationProbe, Container: (null))
Aug 27 21:21:07.980396 Runner(CoreFoundation)[50572] <Debug>: found no value for key UIViewUseStaleDelegateContentInsets in CFPrefsSearchListSource<0x282c89c80> (Domain: dev.selfhost.firstActivationProbe, Container: (null))
Aug 27 21:21:07.980611 Runner(CoreFoundation)[50572] <Debug>: found no value for key _UIConstraintBasedLayoutEngageNonLazily in CFPrefsSearchListSource<0x282c89c80> (Domain: dev.selfhost.firstActivationProbe, Container: (null))
Aug 27 21:21:07.980759 Runner(CoreFoundation)[50572] <Debug>: Resource lookup at <private>
Aug 27 21:21:07.980919 Runner(CoreFoundation)[50572] <Debug>: Resource lookup at <private>
Aug 27 21:21:07.981068 Runner(CoreFoundation)[50572] <Debug>: setting new value <private> for key <private> in CFPrefsSource<0x28178cdc0> (Domain: Volatile, User: , ByHost: No, Container: , Contents Need Refresh: No)
Aug 27 21:21:07.981218 Runner(CoreFoundation)[50572] <Debug>: looked up value <private> for key METAL_ERROR_MODE in CFPrefsSource<0x28178cdc0> (Domain: Volatile, User: , ByHost: No, Container: , Contents Need Refresh: No) via CFPrefsSearchListSource<0x282c89c80> (Domain: dev.selfhost.firstActivationProbe, Container: (null))
Aug 27 21:21:07.981354 Runner(CoreFoundation)[50572] <Debug>: setting new value <private> for key <private> in CFPrefsSource<0x28178cdc0> (Domain: Volatile, User: , ByHost: No, Container: , Contents Need Refresh: No)
Aug 27 21:21:07.981614 Runner(CoreFoundation)[50572] <Debug>: looked up value <private> for key METAL_DEBUG_ERROR_MODE in CFPrefsSource<0x28178cdc0> (Domain: Volatile, User: , ByHost: No, Container: , Contents Need Refresh: No) via CFPrefsSearchListSource<0x282c89c80> (Domain: dev.selfhost.firstActivationProbe, Container: (null))
Aug 27 21:21:07.981676 kernel(Sandbox)[0] <Error>: Sandbox: Runner(50572) deny(1) sysctl-read machdep.cpu.brand_string
Aug 27 21:21:07.981898 Runner(CoreFoundation)[50572] <Debug>: setting new value <private> for key <private> in CFPrefsSource<0x28178cdc0> (Domain: Volatile, User: , ByHost: No, Container: , Contents Need Refresh: No)
Aug 27 21:21:07.984151 Runner(CoreFoundation)[50572] <Debug>: looked up value <private> for key METAL_WARNING_MODE in CFPrefsSource<0x28178cdc0> (Domain: Volatile, User: , ByHost: No, Container: , Contents Need Refresh: No) via CFPrefsSearchListSource<0x282c89c80> (Domain: dev.selfhost.firstActivationProbe, Container: (null))
Aug 27 21:21:07.984409 Runner(CoreFoundation)[50572] <Debug>: setting new value <private> for key <private> in CFPrefsSource<0x28178cdc0> (Domain: Volatile, User: , ByHost: No, Container: , Contents Need Refresh: No)
Aug 27 21:21:07.984638 Runner(CoreFoundation)[50572] <Debug>: looked up value <private> for key METAL_ERROR_CHECK_EXTENDED_MODE in CFPrefsSource<0x28178cdc0> (Domain: Volatile, User: , ByHost: No, Container: , Contents Need Refresh: No) via CFPrefsSearchListSource<0x282c89c80> (Domain: dev.selfhost.firstActivationProbe, Container: (null))
Aug 27 21:21:07.984872 Runner(CoreFoundation)[50572] <Debug>: found no value for key dataBufferCachingOverride in CFPrefsSearchListSource<0x282c81900> (Domain: com.apple.Metal, Container: (null))
Aug 27 21:21:07.985031 Runner(CoreFoundation)[50572] <Debug>: found no value for key disableBlitEncoderCoalescing in CFPrefsPlistSource<0x282c81800> (Domain: com.apple.Metal, User: kCFPreferencesCurrentUser, ByHost: No, Container: (null), Contents Need Refresh: No)
Aug 27 21:21:07.985175 Runner(CoreFoundation)[50572] <Debug>: found no value for key disableEncoderCoalescing in CFPrefsPlistSource<0x282c81800> (Domain: com.apple.Metal, User: kCFPreferencesCurrentUser, ByHost: No, Container: (null), Contents Need Refresh: No)
Aug 27 21:21:07.985460 Runner(CoreFoundation)[50572] <Debug>: Resource lookup at <private>
Aug 27 21:21:07.986292 Runner(CoreFoundation)[50572] <Debug>: Resource lookup at <private>
Aug 27 21:21:07.986845 Runner(CoreFoundation)[50572] <Debug>: looked up value <private> for key AppleLanguages in CFPrefsPlistSource<0x282c88980> (Domain: kCFPreferencesAnyApplication, User: kCFPreferencesCurrentUser, ByHost: No, Container: (null), Contents Need Refresh: No) via CFPrefsSearchListSource<0x282c89c80> (Domain: dev.selfhost.firstActivationProbe, Container: (null))
Aug 27 21:21:07.987255 Runner(CoreFoundation)[50572] <Debug>: Resource lookup at <private>
Aug 27 21:21:07.987770 Runner(CoreFoundation)[50572] <Debug>: Resource lookup at <private>
Aug 27 21:21:07.988059 Runner(CoreFoundation)[50572] <Debug>: Resource lookup at <private>
Aug 27 21:21:07.988402 Runner(CoreFoundation)[50572] <Debug>: Resource lookup at <private>
Aug 27 21:21:07.988664 Runner(CoreFoundation)[50572] <Debug>: Resource lookup at <private>
Aug 27 21:21:07.989268 Runner(CoreFoundation)[50572] <Debug>: Resource lookup at <private>
Aug 27 21:21:07.989482 runningboardd(RunningBoard)[33] <Debug>: Incrementing suppression state to 2 for application<dev.selfhost.firstActivationProbe>
Aug 27 21:21:07.989623 runningboardd(RunningBoard)[33] <Info>: Finished acquiring assertion 33-50572-7511 (target:[application<dev.selfhost.firstActivationProbe>:50572])
Aug 27 21:21:07.989748 runningboardd(RunningBoard)[33] <Debug>: Decrementing suppression state to 1 for application<dev.selfhost.firstActivationProbe>
Aug 27 21:21:07.989864 runningboardd(RunningBoard)[33] <Debug>: Updating events for assertion: 33-50572-7511 (target:[application<dev.selfhost.firstActivationProbe>:50572])
Aug 27 21:21:07.989980 runningboardd(RunningBoard)[33] <Debug>: Removing events for context: 33-50572-7511 (target:[application<dev.selfhost.firstActivationProbe>:50572])
Aug 27 21:21:07.990107 Runner(CoreFoundation)[50572] <Debug>: Resource lookup at <private>
	Result        : file:///private/var/containers/Bundle/Application/1EC21BA9-82AA-4B85-B2FC-10B206BC5C35/Runner.app/Base.lproj/LaunchScreen.storyboardc/
Aug 27 21:21:07.990229 Runner(CoreFoundation)[50572] <Debug>: Resource lookup at <private>
	Result        : file:///private/var/containers/Bundle/Application/1EC21BA9-82AA-4B85-B2FC-10B206BC5C35/Runner.app/Base.lproj/LaunchScreen.storyboardc/
Aug 27 21:21:07.990354 Runner(CoreFoundation)[50572] <Debug>: Resource lookup at <private>
	Result        : file:///private/var/containers/Bundle/Application/1EC21BA9-82AA-4B85-B2FC-10B206BC5C35/Runner.app/Base.lproj/LaunchScreen.storyboardc/UIViewController-01J-lp-oVM.nib
Aug 27 21:21:07.990475 Runner(CoreFoundation)[50572] <Debug>: Resource lookup at <private>
	Result        : file:///private/var/containers/Bundle/Application/1EC21BA9-82AA-4B85-B2FC-10B206BC5C35/Runner.app/Base.lproj/LaunchScreen.storyboardc/01J-lp-oVM-view-Ze5-6b-2t3.nib
Aug 27 21:21:07.990599 Runner(CoreFoundation)[50572] <Debug>: Resource lookup at <private>
	Result        : file:///private/var/containers/Bundle/Application/1EC21BA9-82AA-4B85-B2FC-10B206BC5C35/Runner.app/Base.lproj/LaunchScreen.storyboardc/
Aug 27 21:21:07.990804 Runner(CoreFoundation)[50572] <Debug>: Resource lookup at <private>
	Result        : file:///private/var/containers/Bundle/Application/1EC21BA9-82AA-4B85-B2FC-10B206BC5C35/Runner.app/Base.lproj/LaunchScreen.storyboardc/01J-lp-oVM-view-Ze5-6b-2t3.nib
Aug 27 21:21:07.990934 Runner(CoreFoundation)[50572] <Debug>: found no value for key _UIConstraintBasedLayout in CFPrefsSearchListSource<0x282c89c80> (Domain: dev.selfhost.firstActivationProbe, Container: (null))
Aug 27 21:21:07.991054 Runner(CoreFoundation)[50572] <Debug>: Resource lookup at <private>
	Result        : file:///private/var/containers/Bundle/Application/1EC21BA9-82AA-4B85-B2FC-10B206BC5C35/Runner.app/Assets.car
Aug 27 21:21:07.991296 runningboardd(RunningBoard)[33] <Debug>: Decrementing suppression state to 0 for application<dev.selfhost.firstActivationProbe>
Aug 27 21:21:07.991497 runningboardd(RunningBoard)[33] <Debug>: [daemon<com.apple.CommCenter>:90] query resolved to [application<dev.selfhost.firstActivationProbe>:50572]
Aug 27 21:21:07.992667 Runner(CoreFoundation)[50572] <Debug>: found no value for key CUIShowDebugLogs in CFPrefsSearchListSource<0x282c89c80> (Domain: dev.selfhost.firstActivationProbe, Container: (null))
Aug 27 21:21:07.992892 Runner(CoreFoundation)[50572] <Debug>: found no value for key CGAllowDebuggingDefaults in CFPrefsPlistSource<0x282c88980> (Domain: kCFPreferencesAnyApplication, User: kCFPreferencesCurrentUser, ByHost: No, Container: (null), Contents Need Refresh: No)
Aug 27 21:21:07.993109 Runner(CoreFoundation)[50572] <Debug>: found no value for key NSConstraintBasedLayoutTrackAllocation in CFPrefsSearchListSource<0x282c89c80> (Domain: dev.selfhost.firstActivationProbe, Container: (null))
Aug 27 21:21:07.993441 Runner(CoreFoundation)[50572] <Debug>: found no value for key UIViewShowAlignmentRects in CFPrefsSearchListSource<0x282c89c80> (Domain: dev.selfhost.firstActivationProbe, Container: (null))
Aug 27 21:21:07.994045 Runner(CoreFoundation)[50572] <Debug>: found no value for key NSConstraintBasedLayoutAriadneTracepoints in CFPrefsSearchListSource<0x282c89c80> (Domain: dev.selfhost.firstActivationProbe, Container: (null))
Aug 27 21:21:07.994678 Runner(CoreFoundation)[50572] <Debug>: Resource lookup at <private>
Aug 27 21:21:07.996875 Runner(CoreFoundation)[50572] <Debug>: found no value for key ReduceMotionEnabled in CFPrefsSearchListSource<0x282c8ba00> (Domain: com.apple.Accessibility, Container: (null))
Aug 27 21:21:07.997165 Runner(libAccessibility.dylib)[50572] <Debug>: CF Read: domain = com.apple.Accessibility, preference = ReduceMotionEnabled, appID = (null) result = (null) (-1 - empty, 0 - false, 1 - true)
Aug 27 21:21:07.997422 Runner(CoreFoundation)[50572] <Debug>: found no value for key ReduceMotionEnabled in CFPrefsPlistSource<0x282c8ba80> (Domain: com.apple.Accessibility, User: kCFPreferencesCurrentUser, ByHost: No, Container: (null), Contents Need Refresh: No)
Aug 27 21:21:07.997705 Runner(CoreFoundation)[50572] <Debug>: Resource lookup at <private>
Aug 27 21:21:07.997918 Runner(CoreFoundation)[50572] <Debug>: Resource lookup at <private>
Aug 27 21:21:07.998419 SpringBoard(FrontBoard)[47602] <Info>: [sceneID:dev.selfhost.firstActivationProbe-default] Client settings updated with diff: <private>
Aug 27 21:21:07.998631 SpringBoard(FrontBoard)[47602] <Info>: [sceneID:dev.selfhost.firstActivationProbe-default] didUpdateClientSettingsWithDiff: <private>
Aug 27 21:21:07.998771 SpringBoard(FrontBoard)[47602] <Debug>: [FBSceneManager] PENDING:   <BSEventQueueEvent: 0x281c22960; handleDidUpdateClientSettings-sceneID:dev.selfhost.firstActivationProbe-default(2)> @ back
Aug 27 21:21:07.998961 SpringBoard(FrontBoard)[47602] <Debug>: [FBSceneManager] EXECUTING: <BSEventQueueEvent: 0x281c22960; handleDidUpdateClientSettings-sceneID:dev.selfhost.firstActivationProbe-default(2)>
Aug 27 21:21:07.999309 SpringBoard(FrontBoard)[47602] <Debug>: [FBSceneManager] PENDING:   <BSEventQueueEvent: 0x281d8ce40; didUpdateClientSettings-sceneID:dev.selfhost.firstActivationProbe-default(2)> @ back
Aug 27 21:21:07.999426 SpringBoard(FrontBoard)[47602] <Debug>: [FBSceneManager] PENDING:   <BSEventQueueEvent: 0x281d8f640; didUpdateClientSettingsCompletion-sceneID:dev.selfhost.firstActivationProbe-default(2)> @ back
Aug 27 21:21:08.002965 SpringBoard(FrontBoard)[47602] <Debug>: [FBSceneManager] EXECUTING: <BSEventQueueEvent: 0x281d8ce40; didUpdateClientSettings-sceneID:dev.selfhost.firstActivationProbe-default(2)>
Aug 27 21:21:08.003413 SpringBoard(FrontBoard)[47602] <Debug>: [FBSceneManager] PENDING:   <BSEventQueueEvent: 0x281c21cc0; didUpdateClientSettings-sceneID:dev.selfhost.firstActivationProbe-default(2)> @ front
Aug 27 21:21:08.003584 SpringBoard(FrontBoard)[47602] <Debug>: [FBSceneManager] EXECUTING: <BSEventQueueEvent: 0x281c21cc0; didUpdateClientSettings-sceneID:dev.selfhost.firstActivationProbe-default(2)>
Aug 27 21:21:08.004433 SpringBoard(FrontBoard)[47602] <Debug>: [FBSceneManager] EXECUTING: <BSEventQueueEvent: 0x281d8f640; didUpdateClientSettingsCompletion-sceneID:dev.selfhost.firstActivationProbe-default(2)>
Aug 27 21:21:08.005827 SpringBoard(FrontBoard)[47602] <Info>: [sceneID:dev.selfhost.firstActivationProbe-default] Client settings updated with diff: <private>
Aug 27 21:21:08.006093 SpringBoard(FrontBoard)[47602] <Info>: [sceneID:dev.selfhost.firstActivationProbe-default] didUpdateClientSettingsWithDiff: <private>
Aug 27 21:21:08.006418 SpringBoard(FrontBoard)[47602] <Debug>: [FBSceneManager] PENDING:   <BSEventQueueEvent: 0x281c20ba0; handleDidUpdateClientSettings-sceneID:dev.selfhost.firstActivationProbe-default(2)> @ back
Aug 27 21:21:08.006923 SpringBoard(FrontBoard)[47602] <Debug>: [FBSceneManager] EXECUTING: <BSEventQueueEvent: 0x281c20ba0; handleDidUpdateClientSettings-sceneID:dev.selfhost.firstActivationProbe-default(2)>
Aug 27 21:21:08.007676 SpringBoard(FrontBoard)[47602] <Debug>: [FBSceneManager] PENDING:   <BSEventQueueEvent: 0x281c21de0; didUpdateClientSettings-sceneID:dev.selfhost.firstActivationProbe-default(2)> @ back
Aug 27 21:21:08.007831 SpringBoard(FrontBoard)[47602] <Debug>: [FBSceneManager] PENDING:   <BSEventQueueEvent: 0x281d87e20; didUpdateClientSettingsCompletion-sceneID:dev.selfhost.firstActivationProbe-default(2)> @ back
Aug 27 21:21:08.008501 SpringBoard(FrontBoard)[47602] <Debug>: [FBSceneManager] EXECUTING: <BSEventQueueEvent: 0x281c21de0; didUpdateClientSettings-sceneID:dev.selfhost.firstActivationProbe-default(2)>
Aug 27 21:21:08.008656 SpringBoard(FrontBoard)[47602] <Debug>: [FBSceneManager] PENDING:   <BSEventQueueEvent: 0x281d874c0; didUpdateClientSettings-sceneID:dev.selfhost.firstActivationProbe-default(2)> @ front
Aug 27 21:21:08.008816 SpringBoard(FrontBoard)[47602] <Debug>: [FBSceneManager] EXECUTING: <BSEventQueueEvent: 0x281d874c0; didUpdateClientSettings-sceneID:dev.selfhost.firstActivationProbe-default(2)>
Aug 27 21:21:08.009304 SpringBoard(FrontBoard)[47602] <Debug>: [FBSceneManager] EXECUTING: <BSEventQueueEvent: 0x281d87e20; didUpdateClientSettingsCompletion-sceneID:dev.selfhost.firstActivationProbe-default(2)>
Aug 27 21:21:08.009669 Runner(CoreFoundation)[50572] <Debug>: Resource lookup at <private>
Aug 27 21:21:08.010496 Runner(CoreFoundation)[50572] <Debug>: Resource lookup at <private>
Aug 27 21:21:08.010709 Runner(CoreFoundation)[50572] <Debug>: found no value for key UIScrollViewForceConvertSafeAreaToContentInsetPreference in CFPrefsSearchListSource<0x282c89c80> (Domain: dev.selfhost.firstActivationProbe, Container: (null))
Aug 27 21:21:08.010872 Runner(CoreFoundation)[50572] <Debug>: found no value for key UIBarsApplyChromelessEverywhere in CFPrefsSearchListSource<0x282c89c80> (Domain: dev.selfhost.firstActivationProbe, Container: (null))
Aug 27 21:21:08.011020 Runner(CoreFoundation)[50572] <Debug>: looked up value <private> for key AppleLanguages in CFPrefsPlistSource<0x282c88980> (Domain: kCFPreferencesAnyApplication, User: kCFPreferencesCurrentUser, ByHost: No, Container: (null), Contents Need Refresh: No) via CFPrefsSearchListSource<0x282c89c80> (Domain: dev.selfhost.firstActivationProbe, Container: (null))
Aug 27 21:21:08.011155 Runner(Flutter)[50572] <Notice>: [ERROR:flutter/shell/common/shorebird/shorebird.cc(210)] ROUTEB: hook entered
Aug 27 21:21:08.011303 Runner(Flutter)[50572] <Notice>: [ERROR:flutter/shell/common/shorebird/shorebird.cc(210)] ROUTEB: parsed, targets=1, built-for=1db897c72e9c358db599a2d62fbb2a68
Aug 27 21:21:08.011433 Runner(Flutter)[50572] <Notice>: [ERROR:flutter/shell/common/shorebird/shorebird.cc(210)] ROUTEB: running=1db897c72e9c358db599a2d62fbb2a68
Aug 27 21:21:08.011611 Runner(Flutter)[50572] <Notice>: [shorebird] Sending patch check request: PatchCheckRequest { app_id: "235a9d93-ef97-6372-d78a-ce88f798a726", channel: "stable", release_version: "1.3.0+1", platform: "ios", arch: "aarch64", client_id: "eb65ad4b-0c7a-4c80-8d71-7e98c91af47a", current_patch_number: Some(3) }
Aug 27 21:21:08.011859 Runner(Flutter)[50572] <Notice>: [ERROR:flutter/shell/common/shorebird/shorebird.cc(210)] ROUTEB: assert-pool-offset supplied=0xd4a8
Aug 27 21:21:08.012066 Runner(Flutter)[50572] <Notice>: ROUTEB: activated activationState in package:first_activation_probe/main.dart before main
Aug 27 21:21:08.012196 Runner(Flutter)[50572] <Notice>: [ERROR:flutter/shell/common/shorebird/shorebird.cc(210)] ROUTEB: applied 1/1 targets, entering main
Aug 27 21:21:08.012433 Runner(CoreFoundation)[50572] <Debug>: found no value for key UseSingleSystemColor in CFPrefsSearchListSource<0x282c8ba00> (Domain: com.apple.Accessibility, Container: (null))
Aug 27 21:21:08.013213 SpringBoard(SpringBoardServices)[47602] <Debug>: [SBMig] Runner:50572 calling _SBXXDeactivateReachability (msgID 100052) --> implemented by SpringBoard.
Aug 27 21:21:08.014451 Runner(libAccessibility.dylib)[50572] <Debug>: CF Read: domain = com.apple.Accessibility, preference = UseSingleSystemColor, appID = (null) result = (null) (-1 - empty, 0 - false, 1 - true)
Aug 27 21:21:08.014712 Runner(CoreFoundation)[50572] <Debug>: found no value for key UseSingleSystemColor in CFPrefsPlistSource<0x282c8ba80> (Domain: com.apple.Accessibility, User: kCFPreferencesCurrentUser, ByHost: No, Container: (null), Contents Need Refresh: No)
Aug 27 21:21:08.014912 Runner(CoreFoundation)[50572] <Debug>: found no value for key UIViewLocalizeOverrideLayoutEngine in CFPrefsSearchListSource<0x282c89c80> (Domain: dev.selfhost.firstActivationProbe, Container: (null))
Aug 27 21:21:08.015061 Runner(CoreFoundation)[50572] <Debug>: found no value for key NSPreTigerAttributedStringHash in CFPrefsSearchListSource<0x282c89c80> (Domain: dev.selfhost.firstActivationProbe, Container: (null))
Aug 27 21:21:08.015333 Runner(CoreFoundation)[50572] <Debug>: looked up value <private> for key AppleLanguages in CFPrefsPlistSource<0x282c88980> (Domain: kCFPreferencesAnyApplication, User: kCFPreferencesCurrentUser, ByHost: No, Container: (null), Contents Need Refresh: No) via CFPrefsSearchListSource<0x282c89c80> (Domain: dev.selfhost.firstActivationProbe, Container: (null))
Aug 27 21:21:08.015469 Runner(CoreFoundation)[50572] <Debug>: looked up value <private> for key AppleLanguages in CFPrefsPlistSource<0x282c88980> (Domain: kCFPreferencesAnyApplication, User: kCFPreferencesCurrentUser, ByHost: No, Container: (null), Contents Need Refresh: No) via CFPrefsSearchListSource<0x282c89c80> (Domain: dev.selfhost.firstActivationProbe, Container: (null))
Aug 27 21:21:08.015602 Runner(CoreFoundation)[50572] <Debug>: Resource lookup at <private>
Aug 27 21:21:08.015841 Runner(CoreFoundation)[50572] <Debug>: found no value for key NSConstraintBasedLayoutDebug in CFPrefsSearchListSource<0x282c89c80> (Domain: dev.selfhost.firstActivationProbe, Container: (null))
Aug 27 21:21:08.015972 Runner(CoreFoundation)[50572] <Debug>: found no value for key NSConstraintBasedLayoutAllowUnoptimizedReads in CFPrefsSearchListSource<0x282c89c80> (Domain: dev.selfhost.firstActivationProbe, Container: (null))
Aug 27 21:21:08.017114 Runner(CoreFoundation)[50572] <Debug>: found no value for key NSConstraintBasedLayoutDebugEngineConsistency in CFPrefsSearchListSource<0x282c89c80> (Domain: dev.selfhost.firstActivationProbe, Container: (null))
Aug 27 21:21:08.017361 Runner(CoreFoundation)[50572] <Debug>: found no value for key NSConstraintBasedLayoutVariableChangeTransactions in CFPrefsSearchListSource<0x282c89c80> (Domain: dev.selfhost.firstActivationProbe, Container: (null))
Aug 27 21:21:08.017630 Runner(CoreFoundation)[50572] <Debug>: found no value for key NSConstraintBasedLayoutDeferOptimization in CFPrefsSearchListSource<0x282c89c80> (Domain: dev.selfhost.firstActivationProbe, Container: (null))
Aug 27 21:21:08.017805 Runner(CoreFoundation)[50572] <Debug>: found no value for key UIViewControllerDetachedInheritsContentOverlayInsetsFromSuperview in CFPrefsSearchListSource<0x282c89c80> (Domain: dev.selfhost.firstActivationProbe, Container: (null))
Aug 27 21:21:08.017964 Runner(CoreFoundation)[50572] <Debug>: found no value for key ModernContentOverlayInsetsPropagation in CFPrefsSearchListSource<0x282c89c80> (Domain: dev.selfhost.firstActivationProbe, Container: (null))
Aug 27 21:21:08.018319 Runner(CoreFoundation)[50572] <Debug>: found no value for key LogStatusBar in CFPrefsSearchListSource<0x282c88380> (Domain: com.apple.UIKit, Container: (null))
Aug 27 21:21:08.018471 SpringBoard(FrontBoard)[47602] <Info>: [sceneID:dev.selfhost.firstActivationProbe-default] Client settings updated with diff: <private>
Aug 27 21:21:08.018724 SpringBoard(FrontBoard)[47602] <Info>: [sceneID:dev.selfhost.firstActivationProbe-default] didUpdateClientSettingsWithDiff: <private>
Aug 27 21:21:08.018899 SpringBoard(FrontBoard)[47602] <Debug>: [FBSceneManager] PENDING:   <BSEventQueueEvent: 0x281c372c0; handleDidUpdateClientSettings-sceneID:dev.selfhost.firstActivationProbe-default(2)> @ back
Aug 27 21:21:08.020904 SpringBoard(FrontBoard)[47602] <Debug>: [FBSceneManager] EXECUTING: <BSEventQueueEvent: 0x281c372c0; handleDidUpdateClientSettings-sceneID:dev.selfhost.firstActivationProbe-default(2)>
Aug 27 21:21:08.021180 SpringBoard(FrontBoard)[47602] <Info>: [sceneID:dev.selfhost.firstActivationProbe-default] Client settings updated with diff: <private>
Aug 27 21:21:08.021653 SpringBoard(FrontBoard)[47602] <Info>: [sceneID:dev.selfhost.firstActivationProbe-default] Client settings updated with diff: <private>
Aug 27 21:21:08.022172 SpringBoard(FrontBoard)[47602] <Info>: [sceneID:dev.selfhost.firstActivationProbe-default] Client settings updated with diff: <private>
Aug 27 21:21:08.022328 SpringBoard(FrontBoard)[47602] <Debug>: [FBSceneManager] PENDING:   <BSEventQueueEvent: 0x281c37280; didUpdateClientSettings-sceneID:dev.selfhost.firstActivationProbe-default(2)> @ back
Aug 27 21:21:08.022458 SpringBoard(FrontBoard)[47602] <Debug>: [FBSceneManager] PENDING:   <BSEventQueueEvent: 0x281c35180; didUpdateClientSettingsCompletion-sceneID:dev.selfhost.firstActivationProbe-default(2)> @ back
Aug 27 21:21:08.023878 SpringBoard(FrontBoard)[47602] <Debug>: [FBSceneManager] EXECUTING: <BSEventQueueEvent: 0x281c37280; didUpdateClientSettings-sceneID:dev.selfhost.firstActivationProbe-default(2)>
Aug 27 21:21:08.024087 SpringBoard(FrontBoard)[47602] <Debug>: [FBSceneManager] PENDING:   <BSEventQueueEvent: 0x281c374c0; didUpdateClientSettings-sceneID:dev.selfhost.firstActivationProbe-default(2)> @ front
Aug 27 21:21:08.024717 backboardd(BackBoardHIDEventFoundation)[65] <Notice>: new deferring rules for pid:50572: [<environment: keyboardFocus; display: builtin; token: com.apple.frontboard.systemappservices::sceneID%3Adev.selfhost.firstActivationProbe-default> -> <pid: 50572; token: 0x2A8A231E> reason: "1-deferDiscrete: UIWindowScene: 0x100a0b2c0: Begin event deferring in keyboardFocus for window: 0x101f1ecf0"]
Aug 27 21:21:08.033317 SpringBoard(FrontBoard)[47602] <Debug>: [FBSceneManager] EXECUTING: <BSEventQueueEvent: 0x281c374c0; didUpdateClientSettings-sceneID:dev.selfhost.firstActivationProbe-default(2)>
Aug 27 21:21:08.034870 Runner(UIKitCore)[50572] <Notice>: Key window API is scene-level: YES
Aug 27 21:21:08.035112 Runner(UIKitCore)[50572] <Notice>: UIWindowScene: 0x100a0b2c0: Window became key in scene: UIWindow: 0x101f1ecf0; contextId: 0x2A8A231E: reason: UIWindowScene: 0x100a0b2c0: Window requested to become key in scene: 0x101f1ecf0
Aug 27 21:21:08.042195 Runner(UIKitCore)[50572] <Notice>: Key window needs update: 1; currentKeyWindowScene: 0x0; evaluatedKeyWindowScene: 0x100a0b2c0; currentApplicationKeyWindow: 0x0; evaluatedApplicationKeyWindow: 0x101f1ecf0; reason: UIWindowScene: 0x100a0b2c0: Window requested to become key in scene: 0x101f1ecf0
Aug 27 21:21:08.044916 Runner(UIKitCore)[50572] <Notice>: Window did become application key: UIWindow: 0x101f1ecf0; contextId: 0x2A8A231E; scene identity: com.apple.frontboard.systemappservices::sceneID%3Adev.selfhost.firstActivationProbe-default
Aug 27 21:21:08.045794 SpringBoard(FrontBoard)[47602] <Debug>: [FBSceneManager] EXECUTING: <BSEventQueueEvent: 0x281c35180; didUpdateClientSettingsCompletion-sceneID:dev.selfhost.firstActivationProbe-default(2)>
Aug 27 21:21:08.046977 Runner(UIKitCore)[50572] <Notice>: [0x282989ff0] Begin local event deferring requested for token: 0x282195770; environments: 1; reason: UIWindowScene: 0x100a0b2c0: Begin event deferring in keyboardFocus for window: 0x101f1ecf0
Aug 27 21:21:08.047673 Runner(CoreFoundation)[50572] <Debug>: found no value for key LogKeyboardFocus in CFPrefsSearchListSource<0x282c88380> (Domain: com.apple.UIKit, Container: (null))
Aug 27 21:21:08.050894 Runner(CoreFoundation)[50572] <Debug>: Resource lookup at <private>
Aug 27 21:21:08.051566 Runner(CoreFoundation)[50572] <Debug>: Resource lookup at <private>
Aug 27 21:21:08.057582 SpringBoard(FrontBoard)[47602] <Info>: [sceneID:dev.selfhost.firstActivationProbe-default] didUpdateClientSettingsWithDiff: (null)
Aug 27 21:21:08.057834 SpringBoard(FrontBoard)[47602] <Debug>: [FBSceneManager] PENDING:   <BSEventQueueEvent: 0x281de1d60; handleDidUpdateClientSettings-sceneID:dev.selfhost.firstActivationProbe-default(2)> @ back
Aug 27 21:21:08.058047 SpringBoard(FrontBoard)[47602] <Debug>: [FBSceneManager] EXECUTING: <BSEventQueueEvent: 0x281de1d60; handleDidUpdateClientSettings-sceneID:dev.selfhost.firstActivationProbe-default(2)>
Aug 27 21:21:08.059216 Runner(CoreFoundation)[50572] <Debug>: Resource lookup at <private>
Aug 27 21:21:08.059350 Runner(CoreFoundation)[50572] <Debug>: found no value for key NSConstraintBasedLayoutLogPivotCounts in CFPrefsSearchListSource<0x282c89c80> (Domain: dev.selfhost.firstActivationProbe, Container: (null))
Aug 27 21:21:08.060401 Runner(CoreFoundation)[50572] <Debug>: Resource lookup at <private>
Aug 27 21:21:08.060827 SpringBoard(FrontBoard)[47602] <Debug>: [FBSceneManager] PENDING:   <BSEventQueueEvent: 0x281de2080; didUpdateClientSettings-sceneID:dev.selfhost.firstActivationProbe-default(2)> @ back
Aug 27 21:21:08.061359 Runner(CoreFoundation)[50572] <Debug>: found no value for key NSConstraintBasedLayoutTrackDirtyObservables in CFPrefsSearchListSource<0x282c89c80> (Domain: dev.selfhost.firstActivationProbe, Container: (null))
Aug 27 21:21:08.061836 SpringBoard(FrontBoard)[47602] <Debug>: [FBSceneManager] PENDING:   <BSEventQueueEvent: 0x281c055a0; didUpdateClientSettingsCompletion-sceneID:dev.selfhost.firstActivationProbe-default(2)> @ back
Aug 27 21:21:08.063973 SpringBoard(FrontBoard)[47602] <Debug>: [FBSceneManager] EXECUTING: <BSEventQueueEvent: 0x281de2080; didUpdateClientSettings-sceneID:dev.selfhost.firstActivationProbe-default(2)>
Aug 27 21:21:08.064513 SpringBoard(FrontBoard)[47602] <Debug>: [FBSceneManager] PENDING:   <BSEventQueueEvent: 0x281dc7ca0; didUpdateClientSettings-sceneID:dev.selfhost.firstActivationProbe-default(2)> @ front
Aug 27 21:21:08.064986 SpringBoard(FrontBoard)[47602] <Debug>: [FBSceneManager] EXECUTING: <BSEventQueueEvent: 0x281dc7ca0; didUpdateClientSettings-sceneID:dev.selfhost.firstActivationProbe-default(2)>
Aug 27 21:21:08.065491 Runner(CoreFoundation)[50572] <Debug>: found no value for key LogAppLifecycle in CFPrefsSearchListSource<0x282c88380> (Domain: com.apple.UIKit, Container: (null))
Aug 27 21:21:08.065931 Runner(UIKitCore)[50572] <Notice>: sceneOfRecord: sceneID: sceneID:dev.selfhost.firstActivationProbe-default  persistentID: 38A6B0E8-D18B-43CA-916F-1BCC03B36967
Aug 27 21:21:08.066390 Runner(UIKitCore)[50572] <Notice>: Ignoring already applied deactivation reason: 5; deactivation reasons: 2080
Aug 27 21:21:08.066887 Runner(UIKitCore)[50572] <Debug>: Setting device orientation to 1 and sending notification.
Aug 27 21:21:08.067398 Runner(UIKitCore)[50572] <Notice>: Deactivation reason added: 12; deactivation reasons: 2080 -> 6176; animating application lifecycle event: 1
Aug 27 21:21:08.067965 Runner(CoreFoundation)[50572] <Debug>: Resource lookup at <private>
Aug 27 21:21:08.073786 SpringBoard(FrontBoard)[47602] <Debug>: [FBSceneManager] EXECUTING: <BSEventQueueEvent: 0x281c055a0; didUpdateClientSettingsCompletion-sceneID:dev.selfhost.firstActivationProbe-default(2)>
Aug 27 21:21:08.077005 SpringBoard(FrontBoard)[47602] <Info>: [sceneID:dev.selfhost.firstActivationProbe-default] didUpdateClientSettingsWithDiff: <private>
Aug 27 21:21:08.077408 SpringBoard(FrontBoard)[47602] <Debug>: [FBSceneManager] PENDING:   <BSEventQueueEvent: 0x281c06da0; handleDidUpdateClientSettings-sceneID:dev.selfhost.firstActivationProbe-default(2)> @ back
Aug 27 21:21:08.077939 SpringBoard(FrontBoard)[47602] <Debug>: [FBSceneManager] EXECUTING: <BSEventQueueEvent: 0x281c06da0; handleDidUpdateClientSettings-sceneID:dev.selfhost.firstActivationProbe-default(2)>
Aug 27 21:21:08.079546 SpringBoard(FrontBoard)[47602] <Debug>: [FBSceneManager] PENDING:   <BSEventQueueEvent: 0x281c06b60; didUpdateClientSettings-sceneID:dev.selfhost.firstActivationProbe-default(2)> @ back
Aug 27 21:21:08.080072 SpringBoard(FrontBoard)[47602] <Debug>: [FBSceneManager] PENDING:   <BSEventQueueEvent: 0x281c04000; didUpdateClientSettingsCompletion-sceneID:dev.selfhost.firstActivationProbe-default(2)> @ back
Aug 27 21:21:08.087301 SpringBoard(FrontBoard)[47602] <Debug>: [FBSceneManager] EXECUTING: <BSEventQueueEvent: 0x281c06b60; didUpdateClientSettings-sceneID:dev.selfhost.firstActivationProbe-default(2)>
Aug 27 21:21:08.088013 SpringBoard(FrontBoard)[47602] <Debug>: [FBSceneManager] PENDING:   <BSEventQueueEvent: 0x281c04200; didUpdateClientSettings-sceneID:dev.selfhost.firstActivationProbe-default(2)> @ front
Aug 27 21:21:08.088539 SpringBoard(FrontBoard)[47602] <Debug>: [FBSceneManager] EXECUTING: <BSEventQueueEvent: 0x281c04200; didUpdateClientSettings-sceneID:dev.selfhost.firstActivationProbe-default(2)>
Aug 27 21:21:08.090287 SpringBoard(FrontBoard)[47602] <Debug>: [FBSceneManager] EXECUTING: <BSEventQueueEvent: 0x281c04000; didUpdateClientSettingsCompletion-sceneID:dev.selfhost.firstActivationProbe-default(2)>
Aug 27 21:21:08.093024 SpringBoard(FrontBoard)[47602] <Info>: [sceneID:dev.selfhost.firstActivationProbe-default] Client settings updated with diff: <private>
Aug 27 21:21:08.093562 SpringBoard(FrontBoard)[47602] <Info>: [sceneID:dev.selfhost.firstActivationProbe-default] didUpdateClientSettingsWithDiff: <private>
Aug 27 21:21:08.094051 SpringBoard(FrontBoard)[47602] <Debug>: [FBSceneManager] PENDING:   <BSEventQueueEvent: 0x281c05c00; handleDidUpdateClientSettings-sceneID:dev.selfhost.firstActivationProbe-default(2)> @ back
Aug 27 21:21:08.094471 SpringBoard(FrontBoard)[47602] <Notice>: [sceneID:dev.selfhost.firstActivationProbe-default] Scene action [Logical Activate][0x71] completed with success: 1
Aug 27 21:21:08.094902 SpringBoard(FrontBoard)[47602] <Debug>: [FBSceneManager] EXECUTING: <BSEventQueueEvent: 0x281c05c00; handleDidUpdateClientSettings-sceneID:dev.selfhost.firstActivationProbe-default(2)>
Aug 27 21:21:08.095374 SpringBoard(FrontBoardServices)[47602] <Info>: [application<dev.selfhost.firstActivationProbe>:50572] [realTime] Stopped monitoring.
Aug 27 21:21:08.096418 SpringBoard(FrontBoardServices)[47602] <Debug>: [application<dev.selfhost.firstActivationProbe>:50572] [realTime] Updated resource consumption: 0.102s (0.51%)
Aug 27 21:21:08.098661 Runner(UIKitCore)[50572] <Notice>: Deactivation reason removed: 11; deactivation reasons: 6176 -> 4128; animating application lifecycle event: 1
Aug 27 21:21:08.099249 SpringBoard(FrontBoardServices)[47602] <Debug>: [application<dev.selfhost.firstActivationProbe>:50572] Invalidating <FBProcessWatchdog: 0x283ee6530; name: scene-create; time: 19.98s>
Aug 27 21:21:08.099915 SpringBoard(FrontBoard)[47602] <Debug>: [FBSceneManager] PENDING:   <BSEventQueueEvent: 0x281c04160; didUpdateClientSettings-sceneID:dev.selfhost.firstActivationProbe-default(2)> @ back
Aug 27 21:21:08.100538 SpringBoard(FrontBoardServices)[47602] <Debug>: [application<dev.selfhost.firstActivationProbe>:50572] [realTime] Invalidated
Aug 27 21:21:08.101121 SpringBoard(FrontBoard)[47602] <Debug>: [FBSceneManager] PENDING:   <BSEventQueueEvent: 0x281d20b20; didUpdateClientSettingsCompletion-sceneID:dev.selfhost.firstActivationProbe-default(2)> @ back
Aug 27 21:21:08.101636 Runner(CoreFoundation)[50572] <Debug>: found no value for key CAEnableDeepFramebuffer in CFPrefsSearchListSource<0x282c89c80> (Domain: dev.selfhost.firstActivationProbe, Container: (null))
Aug 27 21:21:08.107153 SpringBoard(FrontBoard)[47602] <Debug>: [FBSceneManager] EXECUTING: <BSEventQueueEvent: 0x281c04160; didUpdateClientSettings-sceneID:dev.selfhost.firstActivationProbe-default(2)>
Aug 27 21:21:08.107467 SpringBoard(FrontBoard)[47602] <Debug>: [FBSceneManager] PENDING:   <BSEventQueueEvent: 0x281c04000; didUpdateClientSettings-sceneID:dev.selfhost.firstActivationProbe-default(2)> @ front
Aug 27 21:21:08.107749 SpringBoard(FrontBoard)[47602] <Debug>: [FBSceneManager] EXECUTING: <BSEventQueueEvent: 0x281c04000; didUpdateClientSettings-sceneID:dev.selfhost.firstActivationProbe-default(2)>
Aug 27 21:21:08.108661 SpringBoard(FrontBoard)[47602] <Debug>: [FBSceneManager] EXECUTING: <BSEventQueueEvent: 0x281d20b20; didUpdateClientSettingsCompletion-sceneID:dev.selfhost.firstActivationProbe-default(2)>
Aug 27 21:21:08.109602 SpringBoard(FrontBoard)[47602] <Info>: [sceneID:dev.selfhost.firstActivationProbe-default] didUpdateClientSettingsWithDiff: <private>
Aug 27 21:21:08.109731 SpringBoard(FrontBoard)[47602] <Debug>: [FBSceneManager] PENDING:   <BSEventQueueEvent: 0x281c05060; handleDidUpdateClientSettings-sceneID:dev.selfhost.firstActivationProbe-default(2)> @ back
Aug 27 21:21:08.110027 SpringBoard(FrontBoard)[47602] <Debug>: [FBSceneManager] EXECUTING: <BSEventQueueEvent: 0x281c05060; handleDidUpdateClientSettings-sceneID:dev.selfhost.firstActivationProbe-default(2)>
Aug 27 21:21:08.110575 SpringBoard(FrontBoard)[47602] <Debug>: [FBSceneManager] PENDING:   <BSEventQueueEvent: 0x281c040c0; didUpdateClientSettings-sceneID:dev.selfhost.firstActivationProbe-default(2)> @ back
Aug 27 21:21:08.110876 SpringBoard(FrontBoard)[47602] <Debug>: [FBSceneManager] PENDING:   <BSEventQueueEvent: 0x281c04200; didUpdateClientSettingsCompletion-sceneID:dev.selfhost.firstActivationProbe-default(2)> @ back
Aug 27 21:21:08.112180 SpringBoard(KeyboardArbiter)[47602] <Debug>: [_UIKeyboardArbiter] Received new connection [<_UIKeyboardArbiterHandle: 0x282a77b20; PID 50572: dev.selfhost.firstActivationProbe <(null)>; hosting PIDs {(
Aug 27 21:21:08.112800 SpringBoard(FrontBoard)[47602] <Debug>: [FBSceneManager] EXECUTING: <BSEventQueueEvent: 0x281c040c0; didUpdateClientSettings-sceneID:dev.selfhost.firstActivationProbe-default(2)>
Aug 27 21:21:08.113068 SpringBoard(FrontBoard)[47602] <Debug>: [FBSceneManager] PENDING:   <BSEventQueueEvent: 0x281d36320; didUpdateClientSettings-sceneID:dev.selfhost.firstActivationProbe-default(2)> @ front
Aug 27 21:21:08.113211 SpringBoard(FrontBoard)[47602] <Debug>: [FBSceneManager] EXECUTING: <BSEventQueueEvent: 0x281d36320; didUpdateClientSettings-sceneID:dev.selfhost.firstActivationProbe-default(2)>
Aug 27 21:21:08.114148 SpringBoard(FrontBoard)[47602] <Debug>: [FBSceneManager] EXECUTING: <BSEventQueueEvent: 0x281c04200; didUpdateClientSettingsCompletion-sceneID:dev.selfhost.firstActivationProbe-default(2)>
Aug 27 21:21:08.115337 runningboardd(RunningBoard)[33] <Debug>: END suppressing state updates for application<dev.selfhost.firstActivationProbe>
Aug 27 21:21:08.115491 SpringBoard(RunningBoardServices)[47602] <Notice>: Updating configuration of monitor <RBSProcessMonitorConfiguration| id:M47602-8 qos:25 predicates:[<RBSProcessPredicate <RBSCompoundAllPredicate [<RBSCompoundAllPredicate [<RBSProcessEUIDPredicate 501>, <RBSProcessBKSLegacyPredicate>]>, <RBSProcessBundleIdentifierPredicate "com.apple.springboard">]>>, <RBSProcessPredicate <RBSCompoundAllPredicate [<RBSCompoundAllPredicate [<RBSProcessEUIDPredicate 501>, <RBSProcessBKSLegacyPredicate>]>, <RBSProcessBundleIdentifierPredicate "dev.selfhost.firstActivationProbe">]>>] descriptor:<RBSProcessStateDescriptor| values:9 namespaces:[com.apple.frontboard.visibility]> events:0x0>
Aug 27 21:21:08.115690 SpringBoard(FrontBoard)[47602] <Info>: [sceneID:dev.selfhost.firstActivationProbe-default] didUpdateClientSettingsWithDiff: <private>
Aug 27 21:21:08.115814 SpringBoard(FrontBoard)[47602] <Debug>: [FBSceneManager] PENDING:   <BSEventQueueEvent: 0x281c00e80; handleDidUpdateClientSettings-sceneID:dev.selfhost.firstActivationProbe-default(2)> @ back
Aug 27 21:21:08.115992 SpringBoard(FrontBoard)[47602] <Debug>: [FBSceneManager] EXECUTING: <BSEventQueueEvent: 0x281c00e80; handleDidUpdateClientSettings-sceneID:dev.selfhost.firstActivationProbe-default(2)>
Aug 27 21:21:08.116959 SpringBoard(FrontBoard)[47602] <Debug>: [FBSceneManager] PENDING:   <BSEventQueueEvent: 0x281d09800; didUpdateClientSettings-sceneID:dev.selfhost.firstActivationProbe-default(2)> @ back
Aug 27 21:21:08.117138 SpringBoard(FrontBoard)[47602] <Debug>: [FBSceneManager] PENDING:   <BSEventQueueEvent: 0x281c00900; didUpdateClientSettingsCompletion-sceneID:dev.selfhost.firstActivationProbe-default(2)> @ back
Aug 27 21:21:08.117894 SpringBoard(FrontBoard)[47602] <Debug>: [FBSceneManager] EXECUTING: <BSEventQueueEvent: 0x281d09800; didUpdateClientSettings-sceneID:dev.selfhost.firstActivationProbe-default(2)>
Aug 27 21:21:08.118020 SpringBoard(FrontBoard)[47602] <Debug>: [FBSceneManager] PENDING:   <BSEventQueueEvent: 0x281c02a40; didUpdateClientSettings-sceneID:dev.selfhost.firstActivationProbe-default(2)> @ front
Aug 27 21:21:08.118134 SpringBoard(FrontBoard)[47602] <Debug>: [FBSceneManager] EXECUTING: <BSEventQueueEvent: 0x281c02a40; didUpdateClientSettings-sceneID:dev.selfhost.firstActivationProbe-default(2)>
Aug 27 21:21:08.120361 SpringBoard(KeyboardArbiter)[47602] <Debug>: [<_UIKeyboardArbiterHandle: 0x282a77b20; PID 50572: dev.selfhost.firstActivationProbe <(null)>; hosting PIDs {(
)}; level 0.000000; active NO [wants NO]; suppression 0; iav 0.000000; on screen NO>] startArbitrationWithExpectedState:sceneIdentity:hostingPIDs:usingFence:withSuppression:onConnected:: currentKeyboard: (null); sceneIdentity: com.apple.frontboard.systemappservices::sceneID%3Adev.selfhost.firstActivationProbe-default; pids: (
Aug 27 21:21:08.120691 SpringBoard(FrontBoard)[47602] <Debug>: [FBSceneManager] EXECUTING: <BSEventQueueEvent: 0x281c00900; didUpdateClientSettingsCompletion-sceneID:dev.selfhost.firstActivationProbe-default(2)>
Aug 27 21:21:08.122123 SpringBoard(KeyboardArbiter)[47602] <Debug>: [_UIKeyboardArbiter] Handler requested focus: <_UIKeyboardArbiterHandle: 0x282a77b20; PID 50572: dev.selfhost.firstActivationProbe <com.apple.frontboard.systemappservices::sceneID%3Adev.selfhost.firstActivationProbe-default>; hosting PIDs {(
Aug 27 21:21:08.122260 SpringBoard(KeyboardArbiter)[47602] <Debug>: [_UIKeyboardArbiter] _focusRequestedHandle is now <_UIKeyboardArbiterHandle: 0x282a77b20; PID 50572: dev.selfhost.firstActivationProbe <com.apple.frontboard.systemappservices::sceneID%3Adev.selfhost.firstActivationProbe-default>; hosting PIDs {(
Aug 27 21:21:08.122404 SpringBoard(KeyboardArbiter)[47602] <Debug>: Advisor: Triggering reevaluation. Active PID: 50572, activeHandleID: com.apple.frontboard.systemappservices::sceneID%3Adev.selfhost.firstActivationProbe-default
Aug 27 21:21:08.122534 SpringBoard(KeyboardArbiter)[47602] <Debug>: Advisor: KeyboardFocus from _activeHandleForFocusEvaluation [<_UIKeyboardArbiterHandle: 0x282a77b20; PID 50572: dev.selfhost.firstActivationProbe <com.apple.frontboard.systemappservices::sceneID%3Adev.selfhost.firstActivationProbe-default>; hosting PIDs {(
Aug 27 21:21:08.122682 SpringBoard(FrontBoard)[47602] <Notice>: [sceneID:dev.selfhost.firstActivationProbe-default] scene content state changed: ready
Aug 27 21:21:08.122811 SpringBoard(FrontBoard)[47602] <Debug>: [FBSceneManager] PENDING:   <BSEventQueueEvent: 0x281d1b560; contentStateDidChange-sceneID:dev.selfhost.firstActivationProbe-default(2)> @ back
Aug 27 21:21:08.122948 SpringBoard(FrontBoard)[47602] <Debug>: [FBSceneManager] EXECUTING: <BSEventQueueEvent: 0x281d1b560; contentStateDidChange-sceneID:dev.selfhost.firstActivationProbe-default(2)>
Aug 27 21:21:08.123098 SpringBoard(FrontBoard)[47602] <Debug>: [FBSceneManager] PENDING:   <BSEventQueueEvent: 0x281d1be20; contentStateDidChange-sceneID:dev.selfhost.firstActivationProbe-default(2)> @ front
Aug 27 21:21:08.123236 SpringBoard(FrontBoard)[47602] <Debug>: [FBSceneManager] EXECUTING: <BSEventQueueEvent: 0x281d1be20; contentStateDidChange-sceneID:dev.selfhost.firstActivationProbe-default(2)>
Aug 27 21:21:08.124782 SpringBoard[47602] <Notice>: advisor: gen:274 arbiter spec pid 50572 / com.apple.frontboard.systemappservices::sceneID%3Adev.selfhost.firstActivationProbe-default
Aug 27 21:21:08.124895 SpringBoard(KeyboardArbiter)[47602] <Debug>: Advisor: Deliberation result: com.apple.frontboard.systemappservices::sceneID%3Adev.selfhost.firstActivationProbe-default
        jetsamMode = default;
    "<_UIKeyboardArbiterHandle: 0x282a77b20; PID 50572: dev.selfhost.firstActivationProbe <com.apple.frontboard.systemappservices::sceneID%3Adev.selfhost.firstActivationProbe-default>; hosting PIDs {(\n)}; level 0.000000; active NO [wants NO]; suppression 0; iav 0.000000; on screen NO>"
Aug 27 21:21:08.125520 SpringBoard(FrontBoard)[47602] <Info>: Client intercepting scene update for scene: sceneID:dev.selfhost.firstActivationProbe-default
Aug 27 21:21:08.125793 SpringBoard(FrontBoard)[47602] <Debug>: START SCENE MUTATION ------- sceneID:dev.selfhost.firstActivationProbe-default
Aug 27 21:21:08.125935 SpringBoard(FrontBoard)[47602] <Debug>: [FBSceneManager] PENDING:   <BSEventQueueEvent: 0x281d1cfe0; sceneUpdatePrepared-sceneID:dev.selfhost.firstActivationProbe-default(3)> @ back
Aug 27 21:21:08.126057 SpringBoard(FrontBoard)[47602] <Debug>: Executing pended events before sceneID:dev.selfhost.firstActivationProbe-default: (
Aug 27 21:21:08.126743 SpringBoard(FrontBoard)[47602] <Debug>: [FBSceneManager] PENDING:   <BSEventQueueEvent: 0x281d053a0; applySettings-sceneID:dev.selfhost.firstActivationProbe-default(3)> @ back
Aug 27 21:21:08.126954 SpringBoard(FrontBoard)[47602] <Debug>: Flushing all events for sceneID:dev.selfhost.firstActivationProbe-default
Aug 27 21:21:08.127300 SpringBoard(FrontBoard)[47602] <Debug>: [FBSceneManager] EXECUTING: <BSEventQueueEvent: 0x281d1cfe0; sceneUpdatePrepared-sceneID:dev.selfhost.firstActivationProbe-default(3)>
Aug 27 21:21:08.127563 SpringBoard(FrontBoard)[47602] <Debug>: [FBSceneManager] PENDING:   <BSEventQueueEvent: 0x281d01580; sceneUpdatePrepared-sceneID:dev.selfhost.firstActivationProbe-default(3)> @ front
Aug 27 21:21:08.127792 SpringBoard(FrontBoard)[47602] <Debug>: [FBSceneManager] EXECUTING: <BSEventQueueEvent: 0x281d01580; sceneUpdatePrepared-sceneID:dev.selfhost.firstActivationProbe-default(3)>
Aug 27 21:21:08.128208 SpringBoard(FrontBoard)[47602] <Debug>: [FBSceneManager] EXECUTING: <BSEventQueueEvent: 0x281d053a0; applySettings-sceneID:dev.selfhost.firstActivationProbe-default(3)>
Aug 27 21:21:08.128473 SpringBoard(FrontBoard)[47602] <Debug>: [FBSceneManager] PENDING:   <BSEventQueueEvent: 0x281c192a0; sceneUpdateApplied-sceneID:dev.selfhost.firstActivationProbe-default(3)> @ back
Aug 27 21:21:08.128711 SpringBoard(FrontBoard)[47602] <Debug>: [FBSceneManager] PENDING:   <BSEventQueueEvent: 0x281c18760; sceneMutationCompletion-sceneID:dev.selfhost.firstActivationProbe-default(3)> @ back
Aug 27 21:21:08.128866 SpringBoard(FrontBoard)[47602] <Debug>: [FBSceneManager] EXECUTING: <BSEventQueueEvent: 0x281c192a0; sceneUpdateApplied-sceneID:dev.selfhost.firstActivationProbe-default(3)>
Aug 27 21:21:08.129020 SpringBoard(FrontBoard)[47602] <Debug>: [FBSceneManager] PENDING:   <BSEventQueueEvent: 0x281c19580; sceneUpdateApplied-sceneID:dev.selfhost.firstActivationProbe-default(3)> @ front
Aug 27 21:21:08.129336 SpringBoard(FrontBoard)[47602] <Info>: [sceneID:dev.selfhost.firstActivationProbe-default] Sending scene action [Forward Event][0x5631] to process 0x10a17bf00 (watchdog: none)
Aug 27 21:21:08.129521 SpringBoard(FrontBoard)[47602] <Debug>: [FBSceneManager] EXECUTING: <BSEventQueueEvent: 0x281c19580; sceneUpdateApplied-sceneID:dev.selfhost.firstActivationProbe-default(3)>
Aug 27 21:21:08.130260 Runner(AggregateDictionary)[50572] <Notice>: AggregateDictionary is deprecated and will be removed in this release. Please migrate to Core Analytics.
Aug 27 21:21:08.130463 Runner(UIKitCore)[50572] <Notice>: sceneOfRecord: sceneID: sceneID:dev.selfhost.firstActivationProbe-default  persistentID: 38A6B0E8-D18B-43CA-916F-1BCC03B36967
Aug 27 21:21:08.130654 Runner(Flutter)[50572] <Notice>: [shorebird] Reporting successful launch.
Aug 27 21:21:08.130970 SpringBoard(FrontBoard)[47602] <Debug>: [FBSceneManager] EXECUTING: <BSEventQueueEvent: 0x281c18760; sceneMutationCompletion-sceneID:dev.selfhost.firstActivationProbe-default(3)>
Aug 27 21:21:08.131226 SpringBoard(FrontBoard)[47602] <Debug>: ---------- END SCENE MUTATION: sceneID:dev.selfhost.firstActivationProbe-default
Aug 27 21:21:08.134169 SpringBoard(RunningBoardServices)[47602] <Info>: Update delivered for [application<dev.selfhost.firstActivationProbe>:50572] with taskState 4
Aug 27 21:21:08.134398 SpringBoard(FrontBoard)[47602] <Debug>: [FBSceneManager] PENDING:   <BSEventQueueEvent: 0x281c14060; updateComplete-sceneID:dev.selfhost.firstActivationProbe-default(3)> @ back
Aug 27 21:21:08.134612 SpringBoard(FrontBoard)[47602] <Debug>: [FBSceneManager] EXECUTING: <BSEventQueueEvent: 0x281c14060; updateComplete-sceneID:dev.selfhost.firstActivationProbe-default(3)>
<SBSceneReadySwitcherModifierEvent: 0x281c11800; type: SceneReady; appLayout: <SBAppLayout: 0x28087bb80; primary: dev.selfhost.firstActivationProbe:default; environment: main> {
            bundleIdentifier = dev.selfhost.firstActivationProbe;
            uniqueIdentifier = sceneID:dev.selfhost.firstActivationProbe-default;
Aug 27 21:21:08.139884 SpringBoard(RunningBoardServices)[47602] <Info>: Update delivered for [application<dev.selfhost.firstActivationProbe>:50572] with taskState 4
Aug 27 21:21:08.141810 SpringBoard(FrontBoard)[47602] <Debug>: [FBSceneManager] PENDING:   <BSEventQueueEvent: 0x281d0e260; sceneUpdateCompleted-sceneID:dev.selfhost.firstActivationProbe-default(3)> @ back
Aug 27 21:21:08.142135 SpringBoard(FrontBoard)[47602] <Debug>: [FBSceneManager] EXECUTING: <BSEventQueueEvent: 0x281d0e260; sceneUpdateCompleted-sceneID:dev.selfhost.firstActivationProbe-default(3)>
Aug 27 21:21:08.142511 SpringBoard(FrontBoard)[47602] <Debug>: [FBSceneManager] PENDING:   <BSEventQueueEvent: 0x281d01580; sceneUpdateCompleted-sceneID:dev.selfhost.firstActivationProbe-default(3)> @ front
Aug 27 21:21:08.142846 SpringBoard(FrontBoard)[47602] <Debug>: [FBSceneManager] EXECUTING: <BSEventQueueEvent: 0x281d01580; sceneUpdateCompleted-sceneID:dev.selfhost.firstActivationProbe-default(3)>
Aug 27 21:21:08.143844 SpringBoard[47602] <Notice>: advisor: target (from arbiter advice): <pid=50572 token=com.apple.frontboard.systemappservices::sceneID%3Adev.selfhost.firstActivationProbe-default>
Aug 27 21:21:08.143961 SpringBoard[47602] <Notice>: policy: input target:<pid=50572 token=com.apple.frontboard.systemappservices::sceneID%3Adev.selfhost.firstActivationProbe-default>
Aug 27 21:21:08.144317 SpringBoard[47602] <Notice>: rules: target changed from:(null) to <pid=50572 token=com.apple.frontboard.systemappservices::sceneID%3Adev.selfhost.firstActivationProbe-default>
Aug 27 21:21:08.144739 SpringBoard[47602] <Notice>: rules: defer (b4a8982e) -> <pid=50572 token=com.apple.frontboard.systemappservices::sceneID%3Adev.selfhost.firstActivationProbe-default>
    <environment: keyboardFocus; token: 0xB4A8982E> -> <pid: 50572; token: com.apple.frontboard.systemappservices::sceneID%3Adev.selfhost.firstActivationProbe-default> reason: "126-deferDiscrete: SpringBoard: outbound"
Aug 27 21:21:08.148502 backboardd(BackBoardHIDEventFoundation)[65] <Debug>:   SELECT: reject (doesn't match environment:keyboardFocus display:(null)) deferringRule:{<environment: keyboardFocus; token: 0xB4A8982E> -> <pid=50572 token=com.apple.frontboard.systemappservices::sceneID%3Adev.selfhost.firstActivationProbe-default> : 126-deferDiscrete: SpringBoard: outbound} (main)
Aug 27 21:21:08.150384 backboardd(BackBoardHIDEventFoundation)[65] <Debug>:   SELECT: reject (doesn't match environment:keyboardFocus display:builtin) deferringRule:{<environment: keyboardFocus; token: 0xB4A8982E> -> <pid=50572 token=com.apple.frontboard.systemappservices::sceneID%3Adev.selfhost.firstActivationProbe-default> : 126-deferDiscrete: SpringBoard: outbound} (main)
Aug 27 21:21:08.151982 backboardd(BackBoardHIDEventFoundation)[65] <Debug>:   SELECT: complete deferringRule:{<environment: keyboardFocus; token: 0xB4A8982E> -> <pid=50572 token=com.apple.frontboard.systemappservices::sceneID%3Adev.selfhost.firstActivationProbe-default> : 126-deferDiscrete: SpringBoard: outbound}
Aug 27 21:21:08.152165 backboardd(BackBoardHIDEventFoundation)[65] <Debug>:    RDC selected: {<environment: keyboardFocus; token: 0xB4A8982E> -> <pid=50572 token=com.apple.frontboard.systemappservices::sceneID%3Adev.selfhost.firstActivationProbe-default> : 126-deferDiscrete: SpringBoard: outbound}
Aug 27 21:21:08.153234 backboardd(BackBoardHIDEventFoundation)[65] <Debug>:   SELECT: complete deferringRule:{<environment: keyboardFocus; display: builtin; token: com.apple.frontboard.systemappservices::sceneID%3Adev.selfhost.firstActivationProbe-default> -> <pid=50572 token=2a8a231e> : 1-deferDiscrete: UIWindowScene: 0x100a0b2c0: Begin event deferring in keyboardFocus for window: 0x101f1ecf0}
Aug 27 21:21:08.153348 backboardd(BackBoardHIDEventFoundation)[65] <Debug>:    RDC selected: {<environment: keyboardFocus; display: builtin; token: com.apple.frontboard.systemappservices::sceneID%3Adev.selfhost.firstActivationProbe-default> -> <pid=50572 token=2a8a231e> : 1-deferDiscrete: UIWindowScene: 0x100a0b2c0: Begin event deferring in keyboardFocus for window: 0x101f1ecf0}
Aug 27 21:21:08.155112 backboardd(BackBoardHIDEventFoundation)[65] <Debug>:   SELECT: reject (doesn't match environment:system display:(null)) deferringRule:{<environment: keyboardFocus; token: 0xB4A8982E> -> <pid=50572 token=com.apple.frontboard.systemappservices::sceneID%3Adev.selfhost.firstActivationProbe-default> : 126-deferDiscrete: SpringBoard: outbound} (main)
Aug 27 21:21:08.157034 backboardd(BackBoardHIDEventFoundation)[65] <Debug>:   SELECT: reject (doesn't match environment:system display:(null)) deferringRule:{<environment: keyboardFocus; token: 0xB4A8982E> -> <pid=50572 token=com.apple.frontboard.systemappservices::sceneID%3Adev.selfhost.firstActivationProbe-default> : 126-deferDiscrete: SpringBoard: outbound} (main)
Aug 27 21:21:08.158924 backboardd(BackBoardHIDEventFoundation)[65] <Debug>:   SELECT: reject (doesn't match environment:system display:(null)) deferringRule:{<environment: keyboardFocus; token: 0xB4A8982E> -> <pid=50572 token=com.apple.frontboard.systemappservices::sceneID%3Adev.selfhost.firstActivationProbe-default> : 126-deferDiscrete: SpringBoard: outbound} (main)
Aug 27 21:21:08.160103 backboardd(BackBoardHIDEventFoundation)[65] <Debug>:   SELECT: reject (doesn't match environment:keyboardFocus display:(null)) deferringRule:{<environment: keyboardFocus; token: 0xB4A8982E> -> <pid=50572 token=com.apple.frontboard.systemappservices::sceneID%3Adev.selfhost.firstActivationProbe-default> : 126-deferDiscrete: SpringBoard: outbound} (main)
Aug 27 21:21:08.160748 backboardd(BackBoardHIDEventFoundation)[65] <Debug>:   SELECT: reject (doesn't match environment:keyboardFocus display:builtin) deferringRule:{<environment: keyboardFocus; token: 0xB4A8982E> -> <pid=50572 token=com.apple.frontboard.systemappservices::sceneID%3Adev.selfhost.firstActivationProbe-default> : 126-deferDiscrete: SpringBoard: outbound} (main)
Aug 27 21:21:08.161301 backboardd(BackBoardHIDEventFoundation)[65] <Debug>:   SELECT: complete deferringRule:{<environment: keyboardFocus; token: 0xB4A8982E> -> <pid=50572 token=com.apple.frontboard.systemappservices::sceneID%3Adev.selfhost.firstActivationProbe-default> : 126-deferDiscrete: SpringBoard: outbound}
Aug 27 21:21:08.171079 Runner(Flutter)[50572] <Notice>: [shorebird] Patch check response: PatchCheckResponse { patch_available: false, patch: None, rolled_back_patch_numbers: Some([]) }
Aug 27 21:21:08.171408 Runner(Flutter)[50572] <Notice>: [shorebird] Update thread finished with status: No update
Aug 27 21:21:08.171652 kbd(RunningBoardServices)[303] <Info>: Update skipped for [application<dev.selfhost.firstActivationProbe>:50572] with state: <RBSProcessState| task:running-active debug:none endowments:[
Aug 27 21:21:08.171897 SpringBoard(RunningBoardServices)[47602] <Info>: Update skipped for [application<dev.selfhost.firstActivationProbe>:50572] with state: <RBSProcessState| task:running-active debug:none endowments:[
Aug 27 21:21:08.172012 SpringBoard(RunningBoardServices)[47602] <Info>: Update skipped for [application<dev.selfhost.firstActivationProbe>:50572] with state: <RBSProcessState| task:running-active debug:none endowments:[
Aug 27 21:21:08.172276 SpringBoard(RunningBoardServices)[47602] <Info>: Update skipped for [application<dev.selfhost.firstActivationProbe>:50572] with state: <RBSProcessState| task:running-active debug:none endowments:[
Aug 27 21:21:08.172393 SpringBoard(RunningBoardServices)[47602] <Info>: Update skipped for [application<dev.selfhost.firstActivationProbe>:50572] with state: <RBSProcessState| task:running-active debug:none endowments:[
Aug 27 21:21:08.190409 chronod(ChronoCore)[102] <Notice>: noting foreground launch for dev.selfhost.firstActivationProbe with widget extension; trigger metadata query
        <SBSDisplayLayoutElement: 0x2836cd500; sceneID:dev.selfhost.firstActivationProbe-default; bundleID: dev.selfhost.firstActivationProbe; frame: {{0, 0}, {375, 667}}; level: 1; role: primary>;
Aug 27 21:21:08.225108 sharingd[66] <Debug>: SystemUI unknown identifier: 'sceneID:dev.selfhost.firstActivationProbe-default'/ 'dev.selfhost.firstActivationProbe'
Aug 27 21:21:08.225473 symptomsd(RunningBoardServices)[170] <Info>: Update delivered for [application<dev.selfhost.firstActivationProbe>:50572] with taskState 4
Aug 27 21:21:08.225707 contextstored(RunningBoardServices)[61] <Info>: Update delivered for [application<dev.selfhost.firstActivationProbe>:50572] with taskState 4
Aug 27 21:21:08.226281 symptomsd(RunningBoardServices)[170] <Info>: Update skipped for [application<dev.selfhost.firstActivationProbe>:50572] with state: <RBSProcessState| task:running-active debug:none endowments:[
Aug 27 21:21:08.228412 locationd(RunningBoardServices)[69] <Info>: Update delivered for [application<dev.selfhost.firstActivationProbe>:50572] with taskState 4
Aug 27 21:21:08.235884 locationd[69] <Notice>: {"msg":"#CLIUA Marking change", "clientKey":"dev.selfhost.firstActivationProbe", "reason":"Process state from RunningBoard", "assertionLevel":5, "coming":1}
Aug 27 21:21:08.241115 locationd[69] <Info>: getClientEffectiveRegistrationResult, , dev.selfhost.firstActivationProbe, , CLClientRegistrationResult, kCLClientRegistrationResultFailedUnavailable, CLCommonLocationServicesEnabled, 1
Aug 27 21:21:08.241237 locationd[69] <Info>: getClientEffectiveRegistrationResult, , dev.selfhost.firstActivationProbe, , CLClientRegistrationResult, kCLClientRegistrationResultFailedUnavailable, CLCommonLocationServicesEnabled, 1
Aug 27 21:21:08.241428 locationd[69] <Debug>: {"msg":"Skip UpdateClientServiceTypeMasks #pla for zones. No InterestZones", "ClientKey":"dev.selfhost.firstActivationProbe"}
Aug 27 21:21:08.245759 SpringBoard(UIKitCore)[47602] <Notice>: [sceneID:dev.selfhost.firstActivationProbe-default] Setting deactivation reasons to: '(none)' for reason: updateAllScenesForBand - Assertion removed.
Aug 27 21:21:08.246537 SpringBoard(FrontBoard)[47602] <Info>: Client intercepting scene update for scene: sceneID:dev.selfhost.firstActivationProbe-default
Aug 27 21:21:08.246652 SpringBoard(FrontBoard)[47602] <Debug>: START SCENE MUTATION ------- sceneID:dev.selfhost.firstActivationProbe-default
Aug 27 21:21:08.246767 SpringBoard(FrontBoard)[47602] <Debug>: [FBSceneManager] PENDING:   <BSEventQueueEvent: 0x281de1340; sceneUpdatePrepared-sceneID:dev.selfhost.firstActivationProbe-default(5)> @ back
Aug 27 21:21:08.246881 SpringBoard(FrontBoard)[47602] <Debug>: [FBSceneManager] PENDING:   <BSEventQueueEvent: 0x281de1de0; applySettings-sceneID:dev.selfhost.firstActivationProbe-default(5)> @ back
Aug 27 21:21:08.246991 SpringBoard(FrontBoard)[47602] <Debug>: Flushing all events for sceneID:dev.selfhost.firstActivationProbe-default
Aug 27 21:21:08.247113 SpringBoard(FrontBoard)[47602] <Debug>: [FBSceneManager] EXECUTING: <BSEventQueueEvent: 0x281de1340; sceneUpdatePrepared-sceneID:dev.selfhost.firstActivationProbe-default(5)>
Aug 27 21:21:08.247274 SpringBoard(FrontBoard)[47602] <Debug>: [FBSceneManager] PENDING:   <BSEventQueueEvent: 0x281de29e0; sceneUpdatePrepared-sceneID:dev.selfhost.firstActivationProbe-default(5)> @ front
Aug 27 21:21:08.247396 SpringBoard(FrontBoard)[47602] <Debug>: [FBSceneManager] EXECUTING: <BSEventQueueEvent: 0x281de29e0; sceneUpdatePrepared-sceneID:dev.selfhost.firstActivationProbe-default(5)>
Aug 27 21:21:08.247807 SpringBoard(FrontBoard)[47602] <Debug>: [FBSceneManager] EXECUTING: <BSEventQueueEvent: 0x281de1de0; applySettings-sceneID:dev.selfhost.firstActivationProbe-default(5)>
Aug 27 21:21:08.247923 SpringBoard(FrontBoard)[47602] <Debug>: [FBSceneManager] PENDING:   <BSEventQueueEvent: 0x281de2080; sceneUpdateApplied-sceneID:dev.selfhost.firstActivationProbe-default(5)> @ back
Aug 27 21:21:08.248039 SpringBoard(FrontBoard)[47602] <Debug>: [FBSceneManager] PENDING:   <BSEventQueueEvent: 0x281de1340; sceneMutationCompletion-sceneID:dev.selfhost.firstActivationProbe-default(5)> @ back
Aug 27 21:21:08.248178 SpringBoard(FrontBoard)[47602] <Debug>: [FBSceneManager] EXECUTING: <BSEventQueueEvent: 0x281de2080; sceneUpdateApplied-sceneID:dev.selfhost.firstActivationProbe-default(5)>
Aug 27 21:21:08.248342 SpringBoard(FrontBoard)[47602] <Debug>: [FBSceneManager] PENDING:   <BSEventQueueEvent: 0x281de29e0; sceneUpdateApplied-sceneID:dev.selfhost.firstActivationProbe-default(5)> @ front
Aug 27 21:21:08.248462 SpringBoard(FrontBoard)[47602] <Info>: [sceneID:dev.selfhost.firstActivationProbe-default] Sending scene action [Forward Event][0xcfc2] to process 0x10a17bf00 (watchdog: none)
Aug 27 21:21:08.248574 SpringBoard(FrontBoard)[47602] <Debug>: [FBSceneManager] EXECUTING: <BSEventQueueEvent: 0x281de29e0; sceneUpdateApplied-sceneID:dev.selfhost.firstActivationProbe-default(5)>
Aug 27 21:21:08.248928 SpringBoard(FrontBoard)[47602] <Debug>: [FBSceneManager] EXECUTING: <BSEventQueueEvent: 0x281de1340; sceneMutationCompletion-sceneID:dev.selfhost.firstActivationProbe-default(5)>
Aug 27 21:21:08.249042 SpringBoard(FrontBoard)[47602] <Debug>: ---------- END SCENE MUTATION: sceneID:dev.selfhost.firstActivationProbe-default
Aug 27 21:21:08.249734 Runner(CoreFoundation)[50572] <Debug>: Resource lookup at <private>
Aug 27 21:21:08.249858 Runner(CoreFoundation)[50572] <Debug>: Resource lookup at <private>
Aug 27 21:21:08.249976 Runner(UIKitCore)[50572] <Notice>: sceneOfRecord: sceneID: sceneID:dev.selfhost.firstActivationProbe-default  persistentID: 38A6B0E8-D18B-43CA-916F-1BCC03B36967
Aug 27 21:21:08.250146 Runner(UIKitCore)[50572] <Notice>: Deactivation reason removed: 12; deactivation reasons: 4128 -> 32; animating application lifecycle event: 1
Aug 27 21:21:08.250262 Runner(UIKitCore)[50572] <Notice>: Deactivation reason removed: 5; deactivation reasons: 32 -> 0; animating application lifecycle event: 0
Aug 27 21:21:08.250387 Runner(CoreAnalytics)[50572] <Info>: Daemon status changed from 0 to 1
Aug 27 21:21:08.250756 Runner(CoreFoundation)[50572] <Debug>: Resource lookup at <private>
Aug 27 21:21:08.250871 Runner(HangTracer)[50572] <Info>: HTPrefs initialization
Aug 27 21:21:08.251185 Runner(CoreFoundation)[50572] <Debug>: Resource lookup at <private>
Aug 27 21:21:08.251274 Runner(CoreFoundation)[50572] <Info>: Loading Preferences From System CFPrefsD
Aug 27 21:21:08.251426 Runner(CoreFoundation)[50572] <Debug>: CFPrefsPlistSource<0x282c99000> (Domain: com.apple.da, User: kCFPreferencesCurrentUser, ByHost: No, Container: (null), Contents Need Refresh: No) loaded: a new base plist and no additional changes from the base plist
Aug 27 21:21:08.251559 Runner(CoreFoundation)[50572] <Debug>: found no value for key HTEPL.HangTracerEnableCustomerMode in CFPrefsPlistSource<0x282c99000> (Domain: com.apple.da, User: kCFPreferencesCurrentUser, ByHost: No, Container: (null), Contents Need Refresh: No)
Aug 27 21:21:08.251711 Runner(CoreFoundation)[50572] <Debug>: found no value for key PLTasking.HangTracerEnableCustomerMode in CFPrefsPlistSource<0x282c99000> (Domain: com.apple.da, User: kCFPreferencesCurrentUser, ByHost: No, Container: (null), Contents Need Refresh: No)
Aug 27 21:21:08.251830 Runner(CoreFoundation)[50572] <Debug>: found no value for key HangTracerEnableCustomerMode in CFPrefsPlistSource<0x282c99000> (Domain: com.apple.da, User: kCFPreferencesCurrentUser, ByHost: No, Container: (null), Contents Need Refresh: No)
Aug 27 21:21:08.251962 Runner(CoreFoundation)[50572] <Debug>: found no value for key PDSEHangTracer.HangTracerEnableCustomerMode in CFPrefsPlistSource<0x282c99000> (Domain: com.apple.da, User: kCFPreferencesCurrentUser, ByHost: No, Container: (null), Contents Need Refresh: No)
Aug 27 21:21:08.252126 Runner(CoreFoundation)[50572] <Debug>: found no value for key PDSEHTThirdParty.HangTracerEnableCustomerMode in CFPrefsPlistSource<0x282c99000> (Domain: com.apple.da, User: kCFPreferencesCurrentUser, ByHost: No, Container: (null), Contents Need Refresh: No)
Aug 27 21:21:08.252320 Runner(CoreFoundation)[50572] <Debug>: found no value for key PDSEHTRateOnly.HangTracerEnableCustomerMode in CFPrefsPlistSource<0x282c99000> (Domain: com.apple.da, User: kCFPreferencesCurrentUser, ByHost: No, Container: (null), Contents Need Refresh: No)
Aug 27 21:21:08.252506 Runner(CoreFoundation)[50572] <Debug>: found no value for key PDSESentry.HangTracerEnableCustomerMode in CFPrefsPlistSource<0x282c99000> (Domain: com.apple.da, User: kCFPreferencesCurrentUser, ByHost: No, Container: (null), Contents Need Refresh: No)
Aug 27 21:21:08.252641 Runner(HangTracer)[50572] <Debug>: HTPrefs: HangTracerEnableCustomerMode was not found in the com.apple.da domain, a profile, by EPL, by PowerLog Tasking domain, by HT Self Enablement or by HT Sentry Enablement
Aug 27 21:21:08.252749 Runner(HangTracer)[50572] <Info>: HTPrefs: Refreshing preferences
Aug 27 21:21:08.252879 Runner(CoreFoundation)[50572] <Debug>: found no value for key HTEPL.HangTracerEnableCustomerMode in CFPrefsPlistSource<0x282c99000> (Domain: com.apple.da, User: kCFPreferencesCurrentUser, ByHost: No, Container: (null), Contents Need Refresh: No)
Aug 27 21:21:08.253045 Runner(CoreFoundation)[50572] <Debug>: found no value for key PLTasking.HangTracerEnableCustomerMode in CFPrefsPlistSource<0x282c99000> (Domain: com.apple.da, User: kCFPreferencesCurrentUser, ByHost: No, Container: (null), Contents Need Refresh: No)
Aug 27 21:21:08.253175 Runner(CoreFoundation)[50572] <Debug>: found no value for key HangTracerEnableCustomerMode in CFPrefsPlistSource<0x282c99000> (Domain: com.apple.da, User: kCFPreferencesCurrentUser, ByHost: No, Container: (null), Contents Need Refresh: No)
Aug 27 21:21:08.253331 Runner(CoreFoundation)[50572] <Debug>: found no value for key PDSEHangTracer.HangTracerEnableCustomerMode in CFPrefsPlistSource<0x282c99000> (Domain: com.apple.da, User: kCFPreferencesCurrentUser, ByHost: No, Container: (null), Contents Need Refresh: No)
Aug 27 21:21:08.253458 Runner(CoreFoundation)[50572] <Debug>: found no value for key PDSEHTThirdParty.HangTracerEnableCustomerMode in CFPrefsPlistSource<0x282c99000> (Domain: com.apple.da, User: kCFPreferencesCurrentUser, ByHost: No, Container: (null), Contents Need Refresh: No)
Aug 27 21:21:08.253572 Runner(CoreFoundation)[50572] <Debug>: found no value for key PDSEHTRateOnly.HangTracerEnableCustomerMode in CFPrefsPlistSource<0x282c99000> (Domain: com.apple.da, User: kCFPreferencesCurrentUser, ByHost: No, Container: (null), Contents Need Refresh: No)
Aug 27 21:21:08.253698 Runner(CoreFoundation)[50572] <Debug>: found no value for key PDSESentry.HangTracerEnableCustomerMode in CFPrefsPlistSource<0x282c99000> (Domain: com.apple.da, User: kCFPreferencesCurrentUser, ByHost: No, Container: (null), Contents Need Refresh: No)
Aug 27 21:21:08.253856 Runner(HangTracer)[50572] <Debug>: HTPrefs: HangTracerEnableCustomerMode was not found in the com.apple.da domain, a profile, by EPL, by PowerLog Tasking domain, by HT Self Enablement or by HT Sentry Enablement
Aug 27 21:21:08.253974 Runner(HangTracer)[50572] <Debug>: Preparing prefInitList
Aug 27 21:21:08.254104 Runner(CoreFoundation)[50572] <Debug>: found no value for key HTEPL.HangTracerEnabled in CFPrefsPlistSource<0x282c99000> (Domain: com.apple.da, User: kCFPreferencesCurrentUser, ByHost: No, Container: (null), Contents Need Refresh: No)
Aug 27 21:21:08.254275 Runner(CoreFoundation)[50572] <Debug>: found no value for key PLTasking.HangTracerEnabled in CFPrefsPlistSource<0x282c99000> (Domain: com.apple.da, User: kCFPreferencesCurrentUser, ByHost: No, Container: (null), Contents Need Refresh: No)
Aug 27 21:21:08.254395 Runner(CoreFoundation)[50572] <Debug>: found no value for key HangTracerEnabled in CFPrefsPlistSource<0x282c99000> (Domain: com.apple.da, User: kCFPreferencesCurrentUser, ByHost: No, Container: (null), Contents Need Refresh: No)
Aug 27 21:21:08.254632 Runner(CoreFoundation)[50572] <Debug>: found no value for key PDSEHangTracer.HangTracerEnabled in CFPrefsPlistSource<0x282c99000> (Domain: com.apple.da, User: kCFPreferencesCurrentUser, ByHost: No, Container: (null), Contents Need Refresh: No)
Aug 27 21:21:08.254817 Runner(CoreFoundation)[50572] <Debug>: found no value for key PDSEHTThirdParty.HangTracerEnabled in CFPrefsPlistSource<0x282c99000> (Domain: com.apple.da, User: kCFPreferencesCurrentUser, ByHost: No, Container: (null), Contents Need Refresh: No)
Aug 27 21:21:08.254995 Runner(CoreFoundation)[50572] <Debug>: found no value for key PDSEHTRateOnly.HangTracerEnabled in CFPrefsPlistSource<0x282c99000> (Domain: com.apple.da, User: kCFPreferencesCurrentUser, ByHost: No, Container: (null), Contents Need Refresh: No)
Aug 27 21:21:08.255186 Runner(CoreFoundation)[50572] <Debug>: found no value for key PDSESentry.HangTracerEnabled in CFPrefsPlistSource<0x282c99000> (Domain: com.apple.da, User: kCFPreferencesCurrentUser, ByHost: No, Container: (null), Contents Need Refresh: No)
Aug 27 21:21:08.255418 Runner(HangTracer)[50572] <Debug>: HTPrefs: HangTracerEnabled was not found in the com.apple.da domain, a profile, by EPL, by PowerLog Tasking domain, by HT Self Enablement or by HT Sentry Enablement
Aug 27 21:21:08.255669 Runner(HangTracer)[50572] <Info>: Posting notification com.apple.hangtracer.htprefs.refreshed
Aug 27 21:21:08.256036 cfprefsd(CoreFoundation)[91] <Debug>: Process 50572 (Runner) sent a request related to { com.apple.da, user: mobile, kCFPreferencesAnyHost, /var/mobile/Library/Preferences/com.apple.da.plist, managed: 0 } (0x100307ae0)
Aug 27 21:21:08.256272 cfprefsd(CoreFoundation)[91] <Debug>: Process 50572 (Runner) read data for { com.apple.da, mobile, kCFPreferencesAnyHost, /var/mobile/Library/Preferences/com.apple.da.plist, managed: 0 }, backed by /private/var/mobile/Library/Preferences/com.apple.da.plist
Aug 27 21:21:08.257472 SpringBoard(FrontBoard)[47602] <Info>: [sceneID:dev.selfhost.firstActivationProbe-default] Scene action [Forward Event][0xcfc2] completed with success: 1
Aug 27 21:21:08.257589 SpringBoard(FrontBoard)[47602] <Debug>: [FBSceneManager] PENDING:   <BSEventQueueEvent: 0x281de1ec0; updateComplete-sceneID:dev.selfhost.firstActivationProbe-default(5)> @ back
Aug 27 21:21:08.257706 SpringBoard(FrontBoard)[47602] <Debug>: [FBSceneManager] EXECUTING: <BSEventQueueEvent: 0x281de1ec0; updateComplete-sceneID:dev.selfhost.firstActivationProbe-default(5)>
Aug 27 21:21:08.257832 SpringBoard(FrontBoard)[47602] <Info>: [sceneID:dev.selfhost.firstActivationProbe-default] Client settings updated with diff: <private>
Aug 27 21:21:08.257949 SpringBoard(FrontBoard)[47602] <Debug>: [FBSceneManager] PENDING:   <BSEventQueueEvent: 0x281d48200; sceneUpdateCompleted-sceneID:dev.selfhost.firstActivationProbe-default(5)> @ back
Aug 27 21:21:08.258088 SpringBoard(FrontBoard)[47602] <Debug>: [FBSceneManager] EXECUTING: <BSEventQueueEvent: 0x281d48200; sceneUpdateCompleted-sceneID:dev.selfhost.firstActivationProbe-default(5)>
Aug 27 21:21:08.258272 SpringBoard(FrontBoard)[47602] <Debug>: [FBSceneManager] PENDING:   <BSEventQueueEvent: 0x281d48480; sceneUpdateCompleted-sceneID:dev.selfhost.firstActivationProbe-default(5)> @ front
Aug 27 21:21:08.258433 SpringBoard(FrontBoard)[47602] <Debug>: [FBSceneManager] EXECUTING: <BSEventQueueEvent: 0x281d48480; sceneUpdateCompleted-sceneID:dev.selfhost.firstActivationProbe-default(5)>
Aug 27 21:21:08.258677 SpringBoard(FrontBoard)[47602] <Info>: [sceneID:dev.selfhost.firstActivationProbe-default] didUpdateClientSettingsWithDiff: <private>
Aug 27 21:21:08.258833 SpringBoard(FrontBoard)[47602] <Debug>: [FBSceneManager] PENDING:   <BSEventQueueEvent: 0x281d70680; handleDidUpdateClientSettings-sceneID:dev.selfhost.firstActivationProbe-default(5)> @ back
Aug 27 21:21:08.259062 SpringBoard(FrontBoard)[47602] <Debug>: [FBSceneManager] EXECUTING: <BSEventQueueEvent: 0x281d70680; handleDidUpdateClientSettings-sceneID:dev.selfhost.firstActivationProbe-default(5)>
Aug 27 21:21:08.259581 SpringBoard(FrontBoard)[47602] <Debug>: [FBSceneManager] PENDING:   <BSEventQueueEvent: 0x281d7ede0; didUpdateClientSettings-sceneID:dev.selfhost.firstActivationProbe-default(5)> @ back
Aug 27 21:21:08.259744 SpringBoard(FrontBoard)[47602] <Debug>: [FBSceneManager] PENDING:   <BSEventQueueEvent: 0x281d486c0; didUpdateClientSettingsCompletion-sceneID:dev.selfhost.firstActivationProbe-default(5)> @ back
Aug 27 21:21:08.260152 SpringBoard(FrontBoard)[47602] <Debug>: [FBSceneManager] EXECUTING: <BSEventQueueEvent: 0x281d7ede0; didUpdateClientSettings-sceneID:dev.selfhost.firstActivationProbe-default(5)>
Aug 27 21:21:08.260421 SpringBoard(FrontBoard)[47602] <Debug>: [FBSceneManager] PENDING:   <BSEventQueueEvent: 0x281de1ec0; didUpdateClientSettings-sceneID:dev.selfhost.firstActivationProbe-default(5)> @ front
Aug 27 21:21:08.260562 SpringBoard(FrontBoard)[47602] <Debug>: [FBSceneManager] EXECUTING: <BSEventQueueEvent: 0x281de1ec0; didUpdateClientSettings-sceneID:dev.selfhost.firstActivationProbe-default(5)>
Aug 27 21:21:08.264920 SpringBoard(FrontBoard)[47602] <Debug>: [FBSceneManager] EXECUTING: <BSEventQueueEvent: 0x281d486c0; didUpdateClientSettingsCompletion-sceneID:dev.selfhost.firstActivationProbe-default(5)>
Aug 27 21:21:08.266543 aggregated(RunningBoardServices)[50213] <Info>: Update delivered for [application<dev.selfhost.firstActivationProbe>:50572] with taskState 4
Aug 27 21:21:08.267058 bluetoothd(CoreUtils)[86] <Notice>: SystemUI unknown identifier: 'sceneID:dev.selfhost.firstActivationProbe-default' / 'dev.selfhost.firstActivationProbe'
Aug 27 21:21:08.268011 callservicesd(RunningBoardServices)[131] <Info>: Update delivered for [application<dev.selfhost.firstActivationProbe>:50572] with taskState 4
Aug 27 21:21:08.268462 watchdogd(RunningBoardServices)[57] <Info>: observedProcessStatesDidChange
Aug 27 21:21:08.268570 watchdogd(RunningBoardServices)[57] <Debug>: Decoded RBSProcessHandle with IPC ID 1744a7cf0000c58c
Aug 27 21:21:08.268666 watchdogd(RunningBoardServices)[57] <Notice>: Received state update for 50572
Aug 27 21:21:08.269657 wifid(WiFiPolicy)[52] <Notice>: WifiDeviceManagerCatsWhitelistedApp: CATS en0:  deviceManager:0x10582dc00 FgApp:dev.selfhost.firstActivationProbe stateChange:1 whitelisted=1
Aug 27 21:21:08.269945 wifid(WiFiPolicy)[52] <Notice>: WiFiDeviceManagerCatsSetLowLatencyApp: CATSUpdate en0: fgApp:dev.selfhost.firstActivationProbe b=0x0 rc=0
Aug 27 21:21:08.270078 wifid(WiFiPolicy)[52] <Notice>: WiFiDeviceManagerCatsSetForegroundApp: CATSUpdate en0: fgApp:dev.selfhost.firstActivationProbe hs=0 t=1 wl=1 rc=1
Aug 27 21:21:08.270689 wifid(RunningBoardServices)[52] <Info>: Update delivered for [application<dev.selfhost.firstActivationProbe>:50572] with taskState 4
Aug 27 21:21:08.271652 useractivityd(RunningBoardServices)[184] <Info>: Update delivered for [application<dev.selfhost.firstActivationProbe>:50572] with taskState 4
Aug 27 21:21:08.273078 runningboardd(RunningBoard)[33] <Debug>: [daemon<com.apple.SpringBoard>:47602] query resolved to [application<dev.selfhost.firstActivationProbe>:50572]
Aug 27 21:21:08.273679 UserEventAgent(RunningBoardServices)[30] <Info>: Update delivered for [application<dev.selfhost.firstActivationProbe>:50572] with taskState 4
Aug 27 21:21:08.273869 UserEventAgent(RunningBoardServices)[30] <Info>: Update skipped for [application<dev.selfhost.firstActivationProbe>:50572] with state: <RBSProcessState| task:running-active debug:none endowments:[
	<RBSProcessAssertionInfo| type:2 reason:10000 name:"Domain" domain:"com.apple.frontboard:Bootstrap-Foreground,com.apple.frontboard:Visibility" expl:"FBApplicationProcess">,
	<RBSProcessAssertionInfo| type:1 reason:0 name:"Custom" domain:"(null)" expl:"injecting inherited from "UIScene:com.apple.frontboard.systemappservices::com.apple.springboard" to 50572<UIScene:com.apple.frontboard.systemappservices::sceneID%3Adev.selfhost.firstActivationProbe-default>">
Aug 27 21:21:08.275984 CommCenter(RunningBoardServices)[90] <Info>: Update delivered for [application<dev.selfhost.firstActivationProbe>:50572] with taskState 4
Aug 27 21:21:08.276625 backboardd(RunningBoardServices)[65] <Info>: Update delivered for [application<dev.selfhost.firstActivationProbe>:50572] with taskState 4
Aug 27 21:21:08.284449 watchdogd(RunningBoardServices)[57] <Info>: Update delivered for [application<dev.selfhost.firstActivationProbe>:50572] with taskState 4
Aug 27 21:21:08.284611 watchdogd(RunningBoardServices)[57] <Debug>: Received message from server: async_observedProcessStatesDidChange:completion:
Aug 27 21:21:08.284875 watchdogd(RunningBoardServices)[57] <Info>: observedProcessStatesDidChange
Aug 27 21:21:08.285038 watchdogd(RunningBoardServices)[57] <Debug>: Decoded RBSProcessHandle with IPC ID 1744a7cf0000c58c
Aug 27 21:21:08.285243 watchdogd(RunningBoardServices)[57] <Notice>: Received state update for 50572
Aug 27 21:21:08.285371 watchdogd[57] <Info>: 1249715655324208: <private>
Aug 27 21:21:08.285584 watchdogd(RunningBoardServices)[57] <Info>: Update skipped for [application<dev.selfhost.firstActivationProbe>:50572] with state: <RBSProcessState| task:running-active debug:none endowments:[
Aug 27 21:21:08.287566 wifid(RunningBoardServices)[52] <Info>: Update skipped for [application<dev.selfhost.firstActivationProbe>:50572] with state: <RBSProcessState| task:running-active debug:none endowments:[
Aug 27 21:21:08.289498 contextstored(RunningBoardServices)[61] <Info>: Update skipped for [application<dev.selfhost.firstActivationProbe>:50572] with state: <RBSProcessState| task:running-active debug:none endowments:[
Aug 27 21:21:08.290584 locationd(RunningBoardServices)[69] <Info>: Update skipped for [application<dev.selfhost.firstActivationProbe>:50572] with state: <RBSProcessState| task:running-active debug:none endowments:[
Aug 27 21:21:08.291389 aggregated(RunningBoardServices)[50213] <Info>: Update skipped for [application<dev.selfhost.firstActivationProbe>:50572] with state: <RBSProcessState| task:running-active debug:none endowments:[
Aug 27 21:21:08.293168 useractivityd(RunningBoardServices)[184] <Info>: Update skipped for [application<dev.selfhost.firstActivationProbe>:50572] with state: <RBSProcessState| task:running-active debug:none endowments:[
Aug 27 21:21:08.294936 CommCenter(RunningBoardServices)[90] <Info>: Update skipped for [application<dev.selfhost.firstActivationProbe>:50572] with state: <RBSProcessState| task:running-active debug:none endowments:[
Aug 27 21:21:08.295856 dasd(RunningBoardServices)[94] <Info>: Update delivered for [application<dev.selfhost.firstActivationProbe>:50572] with taskState 4
Aug 27 21:21:08.296019 dasd(RunningBoardServices)[94] <Info>: Update skipped for [application<dev.selfhost.firstActivationProbe>:50572] with state: <RBSProcessState| task:running-active debug:none endowments:[
Aug 27 21:21:08.315355 symptomsd(SymptomNetworkUsage)[170] <Debug>: Dynamic lookup for E01B2FEA-36F1-3C21-AADE-93AC8E03F45C found entry dev.selfhost.firstActivationProbe
Aug 27 21:21:08.318164 dasd(RunningBoardServices)[94] <Info>: Update delivered for [application<dev.selfhost.firstActivationProbe>:50572] with taskState 4
Aug 27 21:21:08.318333 dasd(RunningBoardServices)[94] <Info>: Update skipped for [application<dev.selfhost.firstActivationProbe>:50572] with state: <RBSProcessState| task:running-active debug:none endowments:[
Aug 27 21:21:08.318502 dasd(RunningBoardServices)[94] <Info>: Update delivered for [application<dev.selfhost.firstActivationProbe>:50572] with taskState 4
Aug 27 21:21:08.319697 dasd(RunningBoardServices)[94] <Info>: Update skipped for [application<dev.selfhost.firstActivationProbe>:50572] with state: <RBSProcessState| task:running-active debug:none endowments:[
Aug 27 21:21:08.320225 callservicesd(RunningBoardServices)[131] <Info>: Update skipped for [application<dev.selfhost.firstActivationProbe>:50572] with state: <RBSProcessState| task:running-active debug:none endowments:[
Aug 27 21:21:08.321139 backboardd(RunningBoardServices)[65] <Info>: Update skipped for [application<dev.selfhost.firstActivationProbe>:50572] with state: <RBSProcessState| task:running-active debug:none endowments:[
Aug 27 21:21:08.327582 UserEventAgent(RunningBoardServices)[30] <Info>: Update delivered for [application<dev.selfhost.firstActivationProbe>:50572] with taskState 4
Aug 27 21:21:08.338848 UserEventAgent(RunningBoardServices)[30] <Info>: Update delivered for [application<dev.selfhost.firstActivationProbe>:50572] with taskState 4
Aug 27 21:21:08.345892 SpringBoard(SplashBoard)[47602] <Info>: <XBApplicationSnapshot: 0x109ddf7d0; …2F3B89D0D3F1> [dev.selfhost.firstActivationProbe] Purging the cached image; force: 0; _imageAccessCount: 0; _keepImageAccessUntilExpiration: 0; _hasProtectedContent: 0; _keepImageAccessForPreheat: 0
Aug 27 21:21:08.353090 Runner(CoreFoundation)[50572] <Debug>: found no value for key EnhancedTextLegibilityEnabled in CFPrefsSearchListSource<0x282c89c80> (Domain: dev.selfhost.firstActivationProbe, Container: (null))
Aug 27 21:21:08.353350 Runner(libAccessibility.dylib)[50572] <Debug>: CF Read: domain = dev.selfhost.firstActivationProbe, preference = EnhancedTextLegibilityEnabled, appID = dev.selfhost.firstActivationProbe result = (null) (-1 - empty, 0 - false, 1 - true)
Aug 27 21:21:08.353485 Runner(CoreFoundation)[50572] <Debug>: found no value for key DarkenSystemColors in CFPrefsSearchListSource<0x282c89c80> (Domain: dev.selfhost.firstActivationProbe, Container: (null))
Aug 27 21:21:08.353601 Runner(libAccessibility.dylib)[50572] <Debug>: CF Read: domain = dev.selfhost.firstActivationProbe, preference = DarkenSystemColors, appID = dev.selfhost.firstActivationProbe result = (null) (-1 - empty, 0 - false, 1 - true)
Aug 27 21:21:08.353713 Runner(CoreFoundation)[50572] <Debug>: found no value for key InvertColorsEnabled in CFPrefsSearchListSource<0x282c89c80> (Domain: dev.selfhost.firstActivationProbe, Container: (null))
Aug 27 21:21:08.353825 Runner(libAccessibility.dylib)[50572] <Debug>: CF Read: domain = dev.selfhost.firstActivationProbe, preference = InvertColorsEnabled, appID = dev.selfhost.firstActivationProbe result = (null) (-1 - empty, 0 - false, 1 - true)
Aug 27 21:21:08.354042 Runner(UIKitCore)[50572] <Notice>: <private>: Ending background task with UIBackgroundTaskIdentifier: 1
Aug 27 21:21:08.354159 runningboardd(RunningBoard)[33] <Info>: Received message from [application<dev.selfhost.firstActivationProbe>:50572] (euid 501, auid 501): async_invalidateAssertionWithIdentifier:
Aug 27 21:21:08.354354 runningboardd(RunningBoard)[33] <Notice>: Invalidating assertion 33-50572-7511 (target:[application<dev.selfhost.firstActivationProbe>:50572]) from originator [application<dev.selfhost.firstActivationProbe>:50572]
Aug 27 21:21:08.354535 Runner(UIKitCore)[50572] <Notice>: <private>: Ending task with identifier 1 and description: <private>, _expireHandler: <__NSGlobalBlock__: 0x1ec737410>
Aug 27 21:21:08.354646 Runner(UIKitCore)[50572] <Notice>: <private>: Decrementing reference count for assertion used by background task with identifier 1: <private>
Aug 27 21:21:08.354773 Runner(UIKitCore)[50572] <Notice>: <private>: Will invalidate assertion: <BKSProcessAssertion: 0x282188690> for task identifier: 1
Aug 27 21:21:08.355921 symptomsd(SymptomEvaluator)[170] <Info>: COSMCtrl foregroundAppObserver gets E01B2FEA-36F1-3C21-AADE-93AC8E03F45C for dev.selfhost.firstActivationProbe state 1
Aug 27 21:21:08.356036 symptomsd(SymptomEvaluator)[170] <Debug>: COSMCtrl _foregroundAppActivity entry for E01B2FEA-36F1-3C21-AADE-93AC8E03F45C -> dev.selfhost.firstActivationProbe  fg 1
Aug 27 21:21:08.356159 symptomsd(SymptomEvaluator)[170] <Debug>: COSMCtrl _foregroundAppActivity exit for E01B2FEA-36F1-3C21-AADE-93AC8E03F45C -> dev.selfhost.firstActivationProbe  policy id 0  fg 1 fg-activity 0
Aug 27 21:21:08.357388 symptomsd(SymptomEvaluator)[170] <Info>: changedForegroundState to 1 for dev.selfhost.firstActivationProbe
Aug 27 21:21:08.357761 symptomsd(SymptomEvaluator)[170] <Debug>: app name dev.selfhost.firstActivationProbe isForeground 1  hasForegroundApps 1, current idea of foreground 0 disp (null)
Aug 27 21:21:08.358474 symptomsd(SymptomEvaluator)[170] <Notice>: dev.selfhost.firstActivationProbe: Foreground: true
Aug 27 21:21:08.359018 symptomsd(SymptomEvaluator)[170] <Debug>: found LU hint (mode: 1) for dev.selfhost.firstActivationProbe: 0x102829350, subscriber tag: 0
Aug 27 21:21:08.360011 symptomsd(SymptomEvaluator)[170] <Info>: Set appCompactState object 19731 for key dev.selfhost.firstActivationProbe
Aug 27 21:21:08.361743 symptomsd(SymptomNetworkUsage)[170] <Debug>: Dynamic lookup for E01B2FEA-36F1-3C21-AADE-93AC8E03F45C found entry dev.selfhost.firstActivationProbe
Aug 27 21:21:08.362563 Runner(CoreFoundation)[50572] <Debug>: Resource lookup at <private>
<SBTransitionSwitcherModifierEvent: 0x282119300; type: MainTransition; transitionID: 217AA030-2A10-4265-A0ED-AF33D2E53EF3; phase: Complete; animated: YES; fromAppLayout: 0x0; toAppLayout: <SBAppLayout: 0x28087bb80; primary: dev.selfhost.firstActivationProbe:default; environment: main>; fromEnvironmentMode: home-screen; toEnvironmentMode: application; pendingTermination: {(
)}; activating: <SBAppLayout: 0x28087bb80; primary: dev.selfhost.firstActivationProbe:default; environment: main>; dosidoTransitionDirection: 0>
		    <SBIconOverlayVisibilitySwitcherEventResponse: 0x280890ac0; visible: NO; appLayout: <SBAppLayout: 0x28087bb80; primary: dev.selfhost.firstActivationProbe:default; environment: main>>;
		    <SBIconViewVisibilitySwitcherEventResponse: 0x283e382d0; visible: YES; animationSettings: 0x0; appLayout: <SBAppLayout: 0x28087bb80; primary: dev.selfhost.firstActivationProbe:default; environment: main>>;
		    <SBMatchMoveToIconViewSwitcherEventResponse: 0x280892640; active: NO; appLayout: <SBAppLayout: 0x28087bb80; primary: dev.selfhost.firstActivationProbe:default; environment: main>>;
Aug 27 21:21:08.374067 SpringBoard[47602] <Notice>: Front display did change: <SBApplication: 0x28242b100; dev.selfhost.firstActivationProbe>
        <SBDeviceApplicationSceneEntity: 0x283e008c0; ID: sceneID:dev.selfhost.firstActivationProbe-default; layoutRole: primary>
                            Application: <SBDeviceApplicationSceneEntity: 0x283e008c0; ID: sceneID:dev.selfhost.firstActivationProbe-default; layoutRole: primary>
                            SceneID: sceneID:dev.selfhost.firstActivationProbe-default
                                    Process: <FBApplicationProcess: 0x10a17bf00; application<dev.selfhost.firstActivationProbe>:50572(v6DC7F)>
                                    SceneID: sceneID:dev.selfhost.firstActivationProbe-default
                                        TIME: 21:21:07.507; DESCRIPTION: Updating scene with watchdog policy: RunWatchdog
        <SBDeviceApplicationSceneEntity: 0x283e008c0; ID: sceneID:dev.selfhost.firstActivationProbe-default; layoutRole: primary>
        <SBDeviceApplicationSceneEntity: 0x283e008c0; ID: sceneID:dev.selfhost.firstActivationProbe-default; layoutRole: primary>
Aug 27 21:21:08.410393 Runner(CoreFoundation)[50572] <Debug>: found no value for key ReduceMotionEnabled in CFPrefsSearchListSource<0x282c89c80> (Domain: dev.selfhost.firstActivationProbe, Container: (null))
Aug 27 21:21:08.410518 Runner(libAccessibility.dylib)[50572] <Debug>: CF Read: domain = dev.selfhost.firstActivationProbe, preference = ReduceMotionEnabled, appID = dev.selfhost.firstActivationProbe result = (null) (-1 - empty, 0 - false, 1 - true)
Aug 27 21:21:08.413403 runningboardd(RunningBoard)[33] <Debug>: [daemon<com.apple.CommCenter>:90] query resolved to [application<dev.selfhost.firstActivationProbe>:50572]
Aug 27 21:21:08.415575 bluetoothd(CoreUtils)[86] <Notice>: SystemUI unknown identifier: 'sceneID:dev.selfhost.firstActivationProbe-default' / 'dev.selfhost.firstActivationProbe'
Aug 27 21:21:08.415824 sharingd[66] <Debug>: SystemUI unknown identifier: 'sceneID:dev.selfhost.firstActivationProbe-default'/ 'dev.selfhost.firstActivationProbe'
        <SBSDisplayLayoutElement: 0x283625110; sceneID:dev.selfhost.firstActivationProbe-default; bundleID: dev.selfhost.firstActivationProbe; frame: {{0, 0}, {375, 667}}; level: 1; role: primary>;
Aug 27 21:21:08.419391 runningboardd(RunningBoard)[33] <Debug>: Removing assertion 33-50572-7511 on [application<dev.selfhost.firstActivationProbe>:50572]
Aug 27 21:21:08.419548 runningboardd(RunningBoard)[33] <Debug>: > application<dev.selfhost.firstActivationProbe> ['RB Underlying Assertion'] [33-33-7508]
Aug 27 21:21:08.419694 runningboardd(RunningBoard)[33] <Info>: application<dev.selfhost.firstActivationProbe> is now targeted by 4 assertions
Aug 27 21:21:08.419832 runningboardd(RunningBoard)[33] <Debug>: Updating events for assertion: 33-50572-7511 (target:[application<dev.selfhost.firstActivationProbe>:50572])
Aug 27 21:21:08.420435 runningboardd(RunningBoard)[33] <Debug>: > 50572 ['injecting inherited from "UIScene:com.apple.frontboard.systemappservices::com.apple.springboard" to 50572<UIScene:com.apple.frontboard.systemappservices::sceneID%3Adev.selfhost.firstActivationProbe-default>'] [33-47602-7512]
Aug 27 21:21:08.420666 runningboardd(RunningBoard)[33] <Debug>: Removing events for context: 33-50572-7511 (target:[application<dev.selfhost.firstActivationProbe>:50572])
Aug 27 21:21:08.421378 runningboardd(RunningBoard)[33] <Debug>: [daemon<com.apple.SpringBoard>:47602] query resolved to [application<dev.selfhost.firstActivationProbe>:50572]
Aug 27 21:21:08.424773 symptomsd(SymptomEvaluator)[170] <Debug>: Flow data on entry is Runner TCP4 flow id 1185499 (close) so pkts rx 2 tx 2, bytes 311 424 cell 0 0 wifi 391 504 wired 0 0 deltas 311 424 0 0 391 504 0 0
src 1185499 snapshot: Runner TCP4 flow id 1185499 (close) so pkts rx 2 tx 2, bytes 311 424 cell 0 0 wifi 391 504 wired 0 0 deltas 311 424 0 0 391 504 0 0
Aug 27 21:21:08.427848 symptomsd(SymptomEvaluator)[170] <Debug>: --> activityBitmaps: adding new bitmaps for app [dev.selfhost.firstActivationProbe] with bitmaps starting at 1249712: [             0x1] [               0]
Aug 27 21:21:08.428434 symptomsd(SymptomEvaluator)[170] <Debug>: --> activityBitmaps for dev.selfhost.firstActivationProbe: current bitmaps stored before adding new bitmap: [Activity time: 11:04:05.000 -0400 (1246520) ] [wordOffset: 0, numOfWords:8] <  0x400000000009                0                0 0x2000000000001000          0x40000  0x8200001000000                0                0 >
Aug 27 21:21:08.428598 symptomsd(SymptomEvaluator)[170] <Debug>: --> activityBitmaps for dev.selfhost.firstActivationProbe: flowId 1185499, startTime 1249712, new bitmap part1:              0x1, part2:                0
Aug 27 21:21:08.428756 symptomsd(SymptomEvaluator)[170] <Debug>: --> activityBitmaps for dev.selfhost.firstActivationProbe: current bitmaps stored after adding new bitmap: [Activity time: 11:12:37.000 -0400 (1247032) ] [wordOffset: 1, numOfWords:8] <               0                0 0x2000000000001000          0x40000  0x8200001000000           0x8000                0                0 >
Aug 27 21:21:08.429338 symptomsd(SymptomEvaluator)[170] <Debug>: found LU hint (mode: 1) for dev.selfhost.firstActivationProbe: 0x102829350, subscriber tag: 0
Aug 27 21:21:08.429512 symptomsd(SymptomEvaluator)[170] <Notice>: Data Usage for dev.selfhost.firstActivationProbe on flow 1185499 - WiFi in/out: 11061/9565, WiFi delta_in/delta_out: 391/504, Cell in/out: 0/0, Cell delta_in/delta_out: 0/0, RNF: 0, subscriber tag: 0
Aug 27 21:21:08.429677 symptomsd(SymptomEvaluator)[170] <Debug>: Data Usage for dev.selfhost.firstActivationProbe on flow 1185499 - Wired in/out: 0/0, Wired delta_in/delta_out: 0/0, subscriber tag: 0
    "foreground-apps" = "{(\n    \"dev.selfhost.firstActivationProbe\"\n)}";
    "foreground-apps" = "{(\n    \"dev.selfhost.firstActivationProbe\"\n)}";
Aug 27 21:21:08.446142 Runner(CoreFoundation)[50572] <Debug>: found no value for key IncreaseButtonLegibilityEnabled in CFPrefsSearchListSource<0x282c89c80> (Domain: dev.selfhost.firstActivationProbe, Container: (null))
Aug 27 21:21:08.446285 Runner(libAccessibility.dylib)[50572] <Debug>: CF Read: domain = dev.selfhost.firstActivationProbe, preference = IncreaseButtonLegibilityEnabled, appID = dev.selfhost.firstActivationProbe result = (null) (-1 - empty, 0 - false, 1 - true)
Aug 27 21:21:08.446453 Runner(CoreFoundation)[50572] <Debug>: found no value for key ReduceMotionAutoplayVideoPreviewsEnabled in CFPrefsSearchListSource<0x282c89c80> (Domain: dev.selfhost.firstActivationProbe, Container: (null))
Aug 27 21:21:08.446659 Runner(libAccessibility.dylib)[50572] <Debug>: CF Read: domain = dev.selfhost.firstActivationProbe, preference = ReduceMotionAutoplayVideoPreviewsEnabled, appID = dev.selfhost.firstActivationProbe result = (null) (-1 - empty, 0 - false, 1 - true)
Aug 27 21:21:08.451370 wifid(WiFiPolicy)[52] <Notice>: __WiFiLQAMgrLogStats(tech support:Stationary): Rssi: -37 {-36 -52} Channel: 44 Bandwidth: 80Mhz Snr: 35 Cca: 4 (S:0 O:0 I:0) TxPer: 0.0% (8) BcnPer: 0.0% (0, 50.5%) RxFrms: 8 RxRetryFrames: 0 TxRate: 24000 RxRate: 780000 FBRate: 468000 TxFwFrms: 2 TxFwFail: 0 TxReTrans: 3 time: 115.3secs fgApp: dev.selfhost.firstActivationProbe
Aug 27 21:21:08.462533 SpringBoard(SplashBoard)[47602] <Info>: <XBApplicationSnapshot: 0x109d3cb20; …A909693DA7E7> [dev.selfhost.firstActivationProbe] Purging the cached image; force: 0; _imageAccessCount: 0; _keepImageAccessUntilExpiration: 0; _hasProtectedContent: 0; _keepImageAccessForPreheat: 0
Aug 27 21:21:08.552660 SpringBoard(FrontBoard)[47602] <Notice>: [application<dev.selfhost.firstActivationProbe>:50572] Now acquiring workspace assertion with state: ForegroundFocal.
Aug 27 21:21:08.556676 runningboardd(RunningBoard)[33] <Notice>: Acquiring assertion targeting [application<dev.selfhost.firstActivationProbe>:50572] from originator [daemon<com.apple.SpringBoard>:47602] with description <RBSAssertionDescriptor| "FBWorkspace (ForegroundFocal)" ID:33-47602-7514 target:50572 attributes:[
Aug 27 21:21:08.556879 runningboardd(RunningBoard)[33] <Notice>: Assertion 33-47602-7514 (target:[application<dev.selfhost.firstActivationProbe>:50572]) will be created as active
Aug 27 21:21:08.557218 runningboardd(RunningBoard)[33] <Debug>: BEGIN suppressing state updates for application<dev.selfhost.firstActivationProbe>
Aug 27 21:21:08.557471 runningboardd(RunningBoard)[33] <Debug>: Adding assertion 33-47602-7514 (target:[application<dev.selfhost.firstActivationProbe>:50572])
Aug 27 21:21:08.557907 runningboardd(RunningBoard)[33] <Info>: application<dev.selfhost.firstActivationProbe> is now targeted by 5 assertions
Aug 27 21:21:08.558232 runningboardd(RunningBoard)[33] <Debug>: Incrementing suppression state to 1 for application<dev.selfhost.firstActivationProbe>
Aug 27 21:21:08.558373 runningboardd(RunningBoard)[33] <Debug>: Updating events for assertion: 33-47602-7514 (target:[application<dev.selfhost.firstActivationProbe>:50572])
Aug 27 21:21:08.558506 runningboardd(RunningBoard)[33] <Info>: [application<dev.selfhost.firstActivationProbe>:50572] Applying updated state
Aug 27 21:21:08.558642 runningboardd(RunningBoard)[33] <Debug>: Removing events for context: 33-47602-7514 (target:[application<dev.selfhost.firstActivationProbe>:50572])
Aug 27 21:21:08.558812 runningboardd(RunningBoard)[33] <Notice>: Calculated state for application<dev.selfhost.firstActivationProbe>: running-active (role: UserInteractiveFocal)
Aug 27 21:21:08.558955 runningboardd(RunningBoard)[33] <Debug>: Enqueueing events for assertion: 33-47602-7514 (target:[application<dev.selfhost.firstActivationProbe>:50572])
Aug 27 21:21:08.559102 runningboardd(RunningBoard)[33] <Debug>: SUPPRESSING state update for application<dev.selfhost.firstActivationProbe>: <RBSProcessState| task:running-active debug:none terminationResistance:Interactive endowments:[
	<RBSProcessAssertionInfo| type:2 reason:10000 name:"Domain" domain:"com.apple.frontboard:Bootstrap-Foreground,com.apple.frontboard:Visibility" expl:"FBApplicationProcess">,
	<RBSProcessAssertionInfo| type:1 reason:0 name:"Custom" domain:"(null)" expl:"injecting inherited from "UIScene:com.apple.frontboard.systemappservices::com.apple.springboard" to 50572<UIScene:com.apple.frontboard.systemappservices::sceneID%3Adev.selfhost.firstActivationProbe-default>">
    <RBSInheritance| environment:UIScene:com.apple.frontboard.systemappservices::sceneID%3Adev.selfhost.firstActivationProbe-default name:com.apple.frontboard.visibility origID:33-47602-7512 payload>
Aug 27 21:21:08.559876 runningboardd(RunningBoard)[33] <Info>: Finished acquiring assertion 33-47602-7514 (target:[application<dev.selfhost.firstActivationProbe>:50572])
Aug 27 21:21:08.560218 runningboardd(RunningBoard)[33] <Debug>: Decrementing suppression state to 0 for application<dev.selfhost.firstActivationProbe>
Aug 27 21:21:08.560491 runningboardd(RunningBoard)[33] <Debug>: END suppressing state updates for application<dev.selfhost.firstActivationProbe>
Aug 27 21:21:08.560782 runningboardd(RunningBoard)[33] <Debug>: Sending state update for application<dev.selfhost.firstActivationProbe>: <RBSProcessState| task:running-active debug:none terminationResistance:Interactive endowments:[
	<RBSProcessAssertionInfo| type:2 reason:10000 name:"Domain" domain:"com.apple.frontboard:Bootstrap-Foreground,com.apple.frontboard:Visibility" expl:"FBApplicationProcess">,
	<RBSProcessAssertionInfo| type:1 reason:0 name:"Custom" domain:"(null)" expl:"injecting inherited from "UIScene:com.apple.frontboard.systemappservices::com.apple.springboard" to 50572<UIScene:com.apple.frontboard.systemappservices::sceneID%3Adev.selfhost.firstActivationProbe-default>">
Aug 27 21:21:08.561540 SpringBoard(FrontBoard)[47602] <Notice>: [application<dev.selfhost.firstActivationProbe>:50572] Dropping launch assertion.
Aug 27 21:21:08.562708 SpringBoard(RunningBoardServices)[47602] <Info>: Update skipped for [application<dev.selfhost.firstActivationProbe>:50572] with state: <RBSProcessState| task:running-active debug:none endowments:[
Aug 27 21:21:08.563884 mediaserverd(RunningBoardServices)[36] <Info>: Update skipped for [application<dev.selfhost.firstActivationProbe>:50572] with state: <RBSProcessState| task:running-active debug:none endowments:[
Aug 27 21:21:08.564127 mediaserverd(RunningBoardServices)[36] <Info>: Update skipped for [application<dev.selfhost.firstActivationProbe>:50572] with state: <RBSProcessState| task:running-active debug:none endowments:[
Aug 27 21:21:08.564385 runningboardd(RunningBoard)[33] <Notice>: Invalidating assertion 33-47602-7509 (target:application<dev.selfhost.firstActivationProbe>) from originator [daemon<com.apple.SpringBoard>:47602]
Aug 27 21:21:08.564639 Runner(RunningBoardServices)[50572] <Debug>: Received message from server: async_didChangeInheritances:completion:
Aug 27 21:21:08.564919 Runner(RunningBoardServices)[50572] <Info>: didChangeInheritances
Aug 27 21:21:08.565198 Runner(RunningBoardServices)[50572] <Info>: didChangeInheritances: <RBSInheritanceChangeSet| gained:{(
Aug 27 21:21:08.565698 SpringBoard(RunningBoardServices)[47602] <Info>: Update skipped for [application<dev.selfhost.firstActivationProbe>:50572] with state: <RBSProcessState| task:running-active debug:none endowments:[
Aug 27 21:21:08.566012 SpringBoard(RunningBoardServices)[47602] <Info>: Update skipped for [application<dev.selfhost.firstActivationProbe>:50572] with state: <RBSProcessState| task:running-active debug:none endowments:[
Aug 27 21:21:08.567215 kbd(RunningBoardServices)[303] <Info>: Update skipped for [application<dev.selfhost.firstActivationProbe>:50572] with state: <RBSProcessState| task:running-active debug:none endowments:[
Aug 27 21:21:08.567362 SpringBoard(RunningBoardServices)[47602] <Info>: Update skipped for [application<dev.selfhost.firstActivationProbe>:50572] with state: <RBSProcessState| task:running-active debug:none endowments:[
Aug 27 21:21:08.567619 SpringBoard(RunningBoardServices)[47602] <Info>: Update skipped for [application<dev.selfhost.firstActivationProbe>:50572] with state: <RBSProcessState| task:running-active debug:none endowments:[
Aug 27 21:21:08.568576 watchdogd(RunningBoardServices)[57] <Debug>: Received message from server: async_observedProcessStatesDidChange:completion:
Aug 27 21:21:08.572695 CommCenter(RunningBoardServices)[90] <Info>: Update skipped for [application<dev.selfhost.firstActivationProbe>:50572] with state: <RBSProcessState| task:running-active debug:none endowments:[
Aug 27 21:21:08.572948 backboardd(RunningBoardServices)[65] <Info>: Update skipped for [application<dev.selfhost.firstActivationProbe>:50572] with state: <RBSProcessState| task:running-active debug:none endowments:[
Aug 27 21:21:08.573194 UserEventAgent(RunningBoardServices)[30] <Info>: Update skipped for [application<dev.selfhost.firstActivationProbe>:50572] with state: <RBSProcessState| task:running-active debug:none endowments:[
	<RBSProcessAssertionInfo| type:2 reason:10000 name:"Domain" domain:"com.apple.frontboard:Bootstrap-Foreground,com.apple.frontboard:Visibility" expl:"FBApplicationProcess">,
	<RBSProcessAssertionInfo| type:1 reason:0 name:"Custom" domain:"(null)" expl:"injecting inherited from "UIScene:com.apple.frontboard.systemappservices::com.apple.springboard" to 50572<UIScene:com.apple.frontboard.systemappservices::sceneID%3Adev.selfhost.firstActivationProbe-default>">
Aug 27 21:21:08.576738 watchdogd(RunningBoardServices)[57] <Info>: observedProcessStatesDidChange
Aug 27 21:21:08.576954 watchdogd(RunningBoardServices)[57] <Debug>: Decoded RBSProcessHandle with IPC ID 1744a7cf0000c58c
Aug 27 21:21:08.577133 watchdogd(RunningBoardServices)[57] <Notice>: Received state update for 50572
Aug 27 21:21:08.580030 locationd(RunningBoardServices)[69] <Info>: Update skipped for [application<dev.selfhost.firstActivationProbe>:50572] with state: <RBSProcessState| task:running-active debug:none endowments:[
Aug 27 21:21:08.580371 watchdogd(RunningBoardServices)[57] <Info>: Update skipped for [application<dev.selfhost.firstActivationProbe>:50572] with state: <RBSProcessState| task:running-active debug:none endowments:[
Aug 27 21:21:08.580815 callservicesd(RunningBoardServices)[131] <Info>: Update skipped for [application<dev.selfhost.firstActivationProbe>:50572] with state: <RBSProcessState| task:running-active debug:none endowments:[
Aug 27 21:21:08.581077 symptomsd(RunningBoardServices)[170] <Info>: Update skipped for [application<dev.selfhost.firstActivationProbe>:50572] with state: <RBSProcessState| task:running-active debug:none endowments:[
Aug 27 21:21:08.581454 dasd(RunningBoardServices)[94] <Info>: Update skipped for [application<dev.selfhost.firstActivationProbe>:50572] with state: <RBSProcessState| task:running-active debug:none endowments:[
Aug 27 21:21:08.581737 useractivityd(RunningBoardServices)[184] <Info>: Update skipped for [application<dev.selfhost.firstActivationProbe>:50572] with state: <RBSProcessState| task:running-active debug:none endowments:[
Aug 27 21:21:08.582720 wifid(RunningBoardServices)[52] <Info>: Update skipped for [application<dev.selfhost.firstActivationProbe>:50572] with state: <RBSProcessState| task:running-active debug:none endowments:[
Aug 27 21:21:08.585229 contextstored(RunningBoardServices)[61] <Info>: Update skipped for [application<dev.selfhost.firstActivationProbe>:50572] with state: <RBSProcessState| task:running-active debug:none endowments:[
Aug 27 21:21:08.586568 UserEventAgent(RunningBoardServices)[30] <Info>: Update delivered for [application<dev.selfhost.firstActivationProbe>:50572] with taskState 4
Aug 27 21:21:08.587266 aggregated(RunningBoardServices)[50213] <Info>: Update skipped for [application<dev.selfhost.firstActivationProbe>:50572] with state: <RBSProcessState| task:running-active debug:none endowments:[
Aug 27 21:21:08.587426 dasd(RunningBoardServices)[94] <Info>: Update skipped for [application<dev.selfhost.firstActivationProbe>:50572] with state: <RBSProcessState| task:running-active debug:none endowments:[
Aug 27 21:21:08.588194 dasd(RunningBoardServices)[94] <Info>: Update skipped for [application<dev.selfhost.firstActivationProbe>:50572] with state: <RBSProcessState| task:running-active debug:none endowments:[
Aug 27 21:21:08.662234 runningboardd(RunningBoard)[33] <Debug>: Updating events for assertion: 33-47602-7509 (target:application<dev.selfhost.firstActivationProbe>)
Aug 27 21:21:08.662438 runningboardd(RunningBoard)[33] <Debug>: Removing assertion 33-47602-7509 on application<dev.selfhost.firstActivationProbe>
Aug 27 21:21:08.662629 runningboardd(RunningBoard)[33] <Debug>: Removing events for context: 33-47602-7509 (target:application<dev.selfhost.firstActivationProbe>)
Aug 27 21:21:08.664411 runningboardd(RunningBoard)[33] <Debug>: > application<dev.selfhost.firstActivationProbe> ['injecting inherited from "UIScene:com.apple.frontboard.systemappservices::com.apple.springboard" to 50572<UIScene:com.apple.frontboard.systemappservices::sceneID%3Adev.selfhost.firstActivationProbe-default>'] [33-47602-7512]
Aug 27 21:21:08.666490 runningboardd(RunningBoard)[33] <Debug>: > application<dev.selfhost.firstActivationProbe> ['FBWorkspace (ForegroundFocal)'] [33-47602-7514]
Aug 27 21:21:08.666684 runningboardd(RunningBoard)[33] <Debug>: > application<dev.selfhost.firstActivationProbe> ['com.apple.frontboard.after-life.interrupted'] [33-47602-7510]
Aug 27 21:21:08.668430 runningboardd(RunningBoard)[33] <Info>: application<dev.selfhost.firstActivationProbe> is now targeted by 4 assertions
Aug 27 21:21:08.669017 runningboardd(RunningBoard)[33] <Debug>: > 47602 ['injecting inherited from "UIScene:com.apple.frontboard.systemappservices::com.apple.springboard" to 50572<UIScene:com.apple.frontboard.systemappservices::sceneID%3Adev.selfhost.firstActivationProbe-default>'] [33-47602-7512]
Aug 27 21:21:08.669533 runningboardd(RunningBoard)[33] <Info>: [application<dev.selfhost.firstActivationProbe>:50572] Applying updated state
Aug 27 21:21:08.669948 runningboardd(RunningBoard)[33] <Notice>: Calculated state for application<dev.selfhost.firstActivationProbe>: running-active (role: UserInteractiveFocal)
Aug 27 21:21:08.670667 SpringBoard(RunningBoardServices)[47602] <Info>: Update skipped for [application<dev.selfhost.firstActivationProbe>:50572] with state: <RBSProcessState| task:running-active debug:none endowments:[
Aug 27 21:21:08.671054 SpringBoard(RunningBoardServices)[47602] <Info>: Update skipped for [application<dev.selfhost.firstActivationProbe>:50572] with state: <RBSProcessState| task:running-active debug:none endowments:[
Aug 27 21:21:08.671253 SpringBoard(RunningBoardServices)[47602] <Info>: Update skipped for [application<dev.selfhost.firstActivationProbe>:50572] with state: <RBSProcessState| task:running-active debug:none endowments:[
Aug 27 21:21:08.671448 Runner(RunningBoardServices)[50572] <Debug>: Received message from server: async_didChangeInheritances:completion:
Aug 27 21:21:08.671579 Runner(RunningBoardServices)[50572] <Info>: didChangeInheritances
Aug 27 21:21:08.672572 mediaserverd(RunningBoardServices)[36] <Info>: Update skipped for [application<dev.selfhost.firstActivationProbe>:50572] with state: <RBSProcessState| task:running-active debug:none endowments:[
Aug 27 21:21:08.672769 mediaserverd(RunningBoardServices)[36] <Info>: Update skipped for [application<dev.selfhost.firstActivationProbe>:50572] with state: <RBSProcessState| task:running-active debug:none endowments:[
Aug 27 21:21:08.672994 powerd[43] <Notice>: Process runningboardd.33 Released SystemIsActive "application<dev.selfhost.firstActivationProbe>33-47602-7509:FBApplicationProcess" age:00:00:01  id:51539649958 [System: SysAct]
    <RBSInheritance| environment:UIScene:com.apple.frontboard.systemappservices::sceneID%3Adev.selfhost.firstActivationProbe-default name:com.apple.frontboard.visibility origID:33-47602-7512 payload>
Aug 27 21:21:08.673639 runningboardd(RunningBoard)[33] <Debug>: Sending state update for application<dev.selfhost.firstActivationProbe>: <RBSProcessState| task:running-active debug:none terminationResistance:Interactive endowments:[
	<RBSProcessAssertionInfo| type:1 reason:0 name:"Custom" domain:"(null)" expl:"injecting inherited from "UIScene:com.apple.frontboard.systemappservices::com.apple.springboard" to 50572<UIScene:com.apple.frontboard.systemappservices::sceneID%3Adev.selfhost.firstActivationProbe-default>">
Aug 27 21:21:08.673836 runningboardd(RunningBoard)[33] <Debug>: BEGIN suppressing state updates for application<dev.selfhost.firstActivationProbe>
Aug 27 21:21:08.674033 runningboardd(RunningBoard)[33] <Debug>: Incrementing suppression state to 1 for application<dev.selfhost.firstActivationProbe>
Aug 27 21:21:08.674439 Runner(RunningBoardServices)[50572] <Info>: didChangeInheritances: <RBSInheritanceChangeSet| gained:(null) lost:{(
Aug 27 21:21:08.674716 SpringBoard(RunningBoardServices)[47602] <Info>: Update skipped for [application<dev.selfhost.firstActivationProbe>:50572] with state: <RBSProcessState| task:running-active debug:none endowments:[
Aug 27 21:21:08.674988 SpringBoard(RunningBoardServices)[47602] <Info>: Update skipped for [application<dev.selfhost.firstActivationProbe>:50572] with state: <RBSProcessState| task:running-active debug:none endowments:[
Aug 27 21:21:08.676373 kbd(RunningBoardServices)[303] <Info>: Update skipped for [application<dev.selfhost.firstActivationProbe>:50572] with state: <RBSProcessState| task:running-active debug:none endowments:[
Aug 27 21:21:08.677377 watchdogd(RunningBoardServices)[57] <Debug>: Received message from server: async_observedProcessStatesDidChange:completion:
Aug 27 21:21:08.680277 CommCenter(RunningBoardServices)[90] <Info>: Update skipped for [application<dev.selfhost.firstActivationProbe>:50572] with state: <RBSProcessState| task:running-active debug:none endowments:[
Aug 27 21:21:08.680449 backboardd(RunningBoardServices)[65] <Info>: Update skipped for [application<dev.selfhost.firstActivationProbe>:50572] with state: <RBSProcessState| task:running-active debug:none endowments:[
Aug 27 21:21:08.680625 UserEventAgent(RunningBoardServices)[30] <Info>: Update skipped for [application<dev.selfhost.firstActivationProbe>:50572] with state: <RBSProcessState| task:running-active debug:none endowments:[
	<RBSProcessAssertionInfo| type:1 reason:0 name:"Custom" domain:"(null)" expl:"injecting inherited from "UIScene:com.apple.frontboard.systemappservices::com.apple.springboard" to 50572<UIScene:com.apple.frontboard.systemappservices::sceneID%3Adev.selfhost.firstActivationProbe-default>">
Aug 27 21:21:08.683101 watchdogd(RunningBoardServices)[57] <Info>: observedProcessStatesDidChange
Aug 27 21:21:08.683263 watchdogd(RunningBoardServices)[57] <Debug>: Decoded RBSProcessHandle with IPC ID 1744a7cf0000c58c
Aug 27 21:21:08.683428 watchdogd(RunningBoardServices)[57] <Notice>: Received state update for 50572
Aug 27 21:21:08.685477 aggregated(RunningBoardServices)[50213] <Info>: Update skipped for [application<dev.selfhost.firstActivationProbe>:50572] with state: <RBSProcessState| task:running-active debug:none endowments:[
Aug 27 21:21:08.685658 dasd(RunningBoardServices)[94] <Info>: Update skipped for [application<dev.selfhost.firstActivationProbe>:50572] with state: <RBSProcessState| task:running-active debug:none endowments:[
Aug 27 21:21:08.685831 locationd(RunningBoardServices)[69] <Info>: Update skipped for [application<dev.selfhost.firstActivationProbe>:50572] with state: <RBSProcessState| task:running-active debug:none endowments:[
Aug 27 21:21:08.686007 useractivityd(RunningBoardServices)[184] <Info>: Update skipped for [application<dev.selfhost.firstActivationProbe>:50572] with state: <RBSProcessState| task:running-active debug:none endowments:[
Aug 27 21:21:08.686197 wifid(RunningBoardServices)[52] <Info>: Update skipped for [application<dev.selfhost.firstActivationProbe>:50572] with state: <RBSProcessState| task:running-active debug:none endowments:[
Aug 27 21:21:08.686452 watchdogd(RunningBoardServices)[57] <Info>: Update skipped for [application<dev.selfhost.firstActivationProbe>:50572] with state: <RBSProcessState| task:running-active debug:none endowments:[
Aug 27 21:21:08.686645 callservicesd(RunningBoardServices)[131] <Info>: Update skipped for [application<dev.selfhost.firstActivationProbe>:50572] with state: <RBSProcessState| task:running-active debug:none endowments:[
Aug 27 21:21:08.686837 contextstored(RunningBoardServices)[61] <Info>: Update skipped for [application<dev.selfhost.firstActivationProbe>:50572] with state: <RBSProcessState| task:running-active debug:none endowments:[
Aug 27 21:21:08.687598 symptomsd(RunningBoardServices)[170] <Info>: Update skipped for [application<dev.selfhost.firstActivationProbe>:50572] with state: <RBSProcessState| task:running-active debug:none endowments:[
Aug 27 21:21:08.689056 UserEventAgent(RunningBoardServices)[30] <Info>: Update delivered for [application<dev.selfhost.firstActivationProbe>:50572] with taskState 4
Aug 27 21:21:08.689265 dasd(RunningBoardServices)[94] <Info>: Update skipped for [application<dev.selfhost.firstActivationProbe>:50572] with state: <RBSProcessState| task:running-active debug:none endowments:[
Aug 27 21:21:08.689436 dasd(RunningBoardServices)[94] <Info>: Update skipped for [application<dev.selfhost.firstActivationProbe>:50572] with state: <RBSProcessState| task:running-active debug:none endowments:[
Aug 27 21:21:08.763440 runningboardd(RunningBoard)[33] <Debug>: Decrementing suppression state to 0 for application<dev.selfhost.firstActivationProbe>
Aug 27 21:21:08.763633 runningboardd(RunningBoard)[33] <Debug>: END suppressing state updates for application<dev.selfhost.firstActivationProbe>
Aug 27 21:21:08.980802 Runner(CoreFoundation)[50572] <Debug>: found no value for key QuickSpeak in CFPrefsSearchListSource<0x282c8ba00> (Domain: com.apple.Accessibility, Container: (null))
Aug 27 21:21:08.984546 Runner(libAccessibility.dylib)[50572] <Debug>: CF Read: domain = com.apple.Accessibility, preference = QuickSpeak, appID = (null) result = (null) (-1 - empty, 0 - false, 1 - true)
Aug 27 21:21:08.987382 Runner(CoreFoundation)[50572] <Debug>: found no value for key QuickSpeak in CFPrefsPlistSource<0x282c8ba80> (Domain: com.apple.Accessibility, User: kCFPreferencesCurrentUser, ByHost: No, Container: (null), Contents Need Refresh: No)
Aug 27 21:21:09.044381 mediaserverd(CoreMotion)[36] <Debug>: Ping timer fired, resetting watchdog
Aug 27 21:21:09.072981 nearbyd(CoreMotion)[157] <Debug>: Ping timer fired, resetting watchdog
Aug 27 21:21:09.159937 locationd[69] <Debug>: Ping timer fired, resetting watchdog
Aug 27 21:21:11.022838 SpringBoard(CoreMotion)[47602] <Debug>: Ping timer fired, resetting watchdog
Aug 27 21:21:11.469626 backboardd(CoreMotion)[65] <Debug>: Ping timer fired, resetting watchdog
Aug 27 21:21:11.868165 biometrickitd(CoreMotion)[109] <Debug>: Ping timer fired, resetting watchdog
Aug 27 21:21:12.569311 watchdogd[57] <Debug>: 1249720326894750: <private>
Aug 27 21:21:12.571602 watchdogd[57] <Info>: 1249720327471291: <private>
Aug 27 21:21:12.573198 watchdogd[57] <Debug>: 1249720327624541: <private>
Aug 27 21:21:12.574987 watchdogd[57] <Info>: 1249720327635666: <private>
Aug 27 21:21:12.576327 watchdogd[57] <Debug>: 1249720327760375: <private>
Aug 27 21:21:12.577998 watchdogd[57] <Debug>: 1249720328255875: <private>
Aug 27 21:21:12.579431 watchdogd[57] <Debug>: 1249720328652583: <private>
Aug 27 21:21:12.580965 watchdogd[57] <Debug>: 1249720328975083: <private>
Aug 27 21:21:12.582481 watchdogd[57] <Debug>: 1249720329243083: <private>
Aug 27 21:21:12.584067 watchdogd[57] <Debug>: 1249720329524625: <private>
Aug 27 21:21:12.585472 watchdogd[57] <Info>: 1249720329582458: <private>
Aug 27 21:21:12.587021 watchdogd[57] <Info>: 1249720329597000: <private>
Aug 27 21:21:12.588609 watchdogd[57] <Info>: 1249720329602833: <private>
Aug 27 21:21:12.590553 watchdogd[57] <Info>: 1249720329607875: <private>
Aug 27 21:21:12.592087 watchdogd[57] <Info>: 1249720329612458: <private>
Aug 27 21:21:12.593428 watchdogd[57] <Info>: 1249720329616541: <private>
Aug 27 21:21:12.594775 watchdogd[57] <Info>: 1249720329620833: <private>
Aug 27 21:21:12.596139 watchdogd[57] <Info>: 1249720329624708: <private>
Aug 27 21:21:13.409581 wifid(WiFiPolicy)[52] <Notice>: __WiFiLQAMgrLogStats(tech support:Stationary): Rssi: -36 {-35 0} Channel: 44 Bandwidth: 80Mhz Snr: 35 Cca: 31 (S:0 O:0 I:0) TxPer: 0.0% (0) BcnPer: 0.0% (98, 50.5%) RxFrms: 2 RxRetryFrames: 0 TxRate: 24000 RxRate: 780000 FBRate: 468000 TxFwFrms: 0 TxFwFail: 0 TxReTrans: 0 time: 120.3secs fgApp: dev.selfhost.firstActivationProbe
Aug 27 21:21:14.063156 mediaserverd(CoreMotion)[36] <Debug>: Ping timer fired, resetting watchdog
Aug 27 21:21:14.153882 locationd[69] <Debug>: Fence: cancelLocationWatchdog, num fences, 1, location type, <private>
Aug 27 21:21:14.155492 locationd[69] <Debug>: Fence: cancelLocationWatchdog
Aug 27 21:21:14.183812 locationd[69] <Debug>: Ping timer fired, resetting watchdog
Aug 27 21:21:14.216988 nearbyd(CoreMotion)[157] <Debug>: Ping timer fired, resetting watchdog
Aug 27 21:21:16.023317 SpringBoard(CoreMotion)[47602] <Debug>: Ping timer fired, resetting watchdog
Aug 27 21:21:16.471153 backboardd(CoreMotion)[65] <Debug>: Ping timer fired, resetting watchdog
Aug 27 21:21:16.867588 biometrickitd(CoreMotion)[109] <Debug>: Ping timer fired, resetting watchdog
Aug 27 21:21:18.378310 wifid(WiFiPolicy)[52] <Notice>: __WiFiLQAMgrLogStats(tech support:Stationary): Rssi: -38 {-36 0} Channel: 44 Bandwidth: 80Mhz Snr: 35 Cca: 14 (S:0 O:0 I:0) TxPer: 0.0% (0) BcnPer: 0.0% (0, 50.5%) RxFrms: 4 RxRetryFrames: 1 TxRate: 24000 RxRate: 780000 FBRate: 468000 TxFwFrms: 9 TxFwFail: 0 TxReTrans: 0 time: 125.4secs fgApp: dev.selfhost.firstActivationProbe
Aug 27 21:21:19.044685 mediaserverd(CoreMotion)[36] <Debug>: Ping timer fired, resetting watchdog
Aug 27 21:21:19.078127 nearbyd(CoreMotion)[157] <Debug>: Ping timer fired, resetting watchdog
Aug 27 21:21:19.137686 locationd[69] <Debug>: Ping timer fired, resetting watchdog
Aug 27 21:21:21.076767 SpringBoard(CoreMotion)[47602] <Debug>: Ping timer fired, resetting watchdog
Aug 27 21:21:21.471031 backboardd(CoreMotion)[65] <Debug>: Ping timer fired, resetting watchdog
Aug 27 21:21:21.867530 biometrickitd(CoreMotion)[109] <Debug>: Ping timer fired, resetting watchdog
Aug 27 21:21:22.564725 watchdogd[57] <Debug>: 1249730327626541: <private>
Aug 27 21:21:22.567770 watchdogd[57] <Info>: 1249730328211125: <private>
Aug 27 21:21:22.571645 watchdogd[57] <Debug>: 1249730328364250: <private>
Aug 27 21:21:22.573002 watchdogd[57] <Info>: 1249730328375750: <private>
Aug 27 21:21:22.574480 watchdogd[57] <Debug>: 1249730328603291: <private>
Aug 27 21:21:22.575999 watchdogd[57] <Debug>: 1249730329025291: <private>
Aug 27 21:21:22.577505 watchdogd[57] <Debug>: 1249730329435625: <private>
Aug 27 21:21:22.578741 watchdogd[57] <Debug>: 1249730330226125: <private>
Aug 27 21:21:22.580517 watchdogd[57] <Debug>: 1249730330419333: <private>
Aug 27 21:21:22.581930 watchdogd[57] <Debug>: 1249730331066208: <private>
Aug 27 21:21:22.583530 watchdogd[57] <Info>: 1249730331127833: <private>
Aug 27 21:21:22.602687 watchdogd[57] <Info>: 1249730331142791: <private>
Aug 27 21:21:22.603627 watchdogd[57] <Info>: 1249730331149000: <private>
Aug 27 21:21:22.604537 watchdogd[57] <Info>: 1249730331154083: <private>
Aug 27 21:21:22.605575 watchdogd[57] <Info>: 1249730331158583: <private>
Aug 27 21:21:22.606655 watchdogd[57] <Info>: 1249730331162625: <private>
Aug 27 21:21:22.607656 watchdogd[57] <Info>: 1249730331166708: <private>
Aug 27 21:21:22.608664 watchdogd[57] <Info>: 1249730331170666: <private>
Aug 27 21:21:22.609691 watchdogd[57] <Info>: 1249730331839708: <private>
Aug 27 21:21:23.068765 runningboardd(RunningBoard)[33] <Info>: _requestedJetsamPriority = 4, _executablePath = /Developer/usr/bin/ScreenShotr
Aug 27 21:21:23.075626 runningboardd(RunningBoard)[33] <Info>: _requestedJetsamPriority = 4, _executablePath = /Developer/usr/bin/ScreenShotr
Aug 27 21:21:23.079934 SpringBoard(FrontBoard)[47602] <Notice>: Asked to bootstrap a new process for handle: [anon<ScreenShotr>:50589]
Aug 27 21:21:23.084146 SpringBoard(FrontBoard)[47602] <Notice>: Bootstrapping anon<ScreenShotr>
Aug 27 21:21:23.084670 SpringBoard(FrontBoard)[47602] <Notice>: [anon<ScreenShotr>:50589] Bootstrap success!
Aug 27 21:21:23.087592 runningboardd(RunningBoard)[33] <Debug>: Sending state update for anon<ScreenShotr>: <RBSProcessState| task:running debug:none terminationResistance:None>
Aug 27 21:21:23.382333 wifid(WiFiPolicy)[52] <Notice>: __WiFiLQAMgrLogStats(tech support:Stationary): Rssi: -37 {-36 0} Channel: 44 Bandwidth: 80Mhz Snr: 35 Cca: 16 (S:0 O:0 I:0) TxPer: 0.0% (0) BcnPer: 0.0% (94, 50.5%) RxFrms: 1 RxRetryFrames: 0 TxRate: 24000 RxRate: 780000 FBRate: 468000 TxFwFrms: 0 TxFwFail: 0 TxReTrans: 0 time: 130.4secs fgApp: dev.selfhost.firstActivationProbe
Aug 27 21:21:24.048895 mediaserverd(CoreMotion)[36] <Debug>: Ping timer fired, resetting watchdog
Aug 27 21:21:24.074628 nearbyd(CoreMotion)[157] <Debug>: Ping timer fired, resetting watchdog
Aug 27 21:21:24.144811 locationd[69] <Debug>: Ping timer fired, resetting watchdog
Aug 27 21:21:24.315433 runningboardd(RunningBoard)[33] <Notice>: [anon<ScreenShotr>:50589] termination reported by launchd (0, 0, 0)
Aug 27 21:21:24.316380 runningboardd(RunningBoard)[33] <Notice>: Removing assertions for terminated process: [anon<ScreenShotr>:50589]
Aug 27 21:21:24.318934 runningboardd(RunningBoard)[33] <Debug>: Sending state update for anon<ScreenShotr>: <RBSProcessState| task:none debug:none terminationResistance:None>
Aug 27 21:21:26.024336 SpringBoard(CoreMotion)[47602] <Debug>: Ping timer fired, resetting watchdog
Aug 27 21:21:26.468664 backboardd(CoreMotion)[65] <Debug>: Ping timer fired, resetting watchdog
Aug 27 21:21:26.865023 biometrickitd(CoreMotion)[109] <Debug>: Ping timer fired, resetting watchdog
Aug 27 21:21:28.406466 wifid(WiFiPolicy)[52] <Notice>: __WiFiLQAMgrLogStats(tech support:Stationary): Rssi: -37 {-36 0} Channel: 44 Bandwidth: 80Mhz Snr: 35 Cca: 30 (S:0 O:0 I:0) TxPer: 0.0% (0) BcnPer: 0.0% (0, 50.5%) RxFrms: 2 RxRetryFrames: 0 TxRate: 24000 RxRate: 780000 FBRate: 468000 TxFwFrms: 0 TxFwFail: 0 TxReTrans: 0 time: 135.4secs fgApp: dev.selfhost.firstActivationProbe
Aug 27 21:21:29.046008 mediaserverd(CoreMotion)[36] <Debug>: Ping timer fired, resetting watchdog
Aug 27 21:21:29.118797 nearbyd(CoreMotion)[157] <Debug>: Ping timer fired, resetting watchdog
Aug 27 21:21:29.143683 locationd[69] <Debug>: Ping timer fired, resetting watchdog
Aug 27 21:21:30.026707 routined(libcoreroutine.dylib)[38] <Debug>: pipeline, com.apple.routined.visit.pipeline.realtime-low-confidence, iteration, 3380, is terminated by <private>
Aug 27 21:21:30.035008 routined(libcoreroutine.dylib)[38] <Debug>: pipeline, com.apple.routined.visit.pipeline.realtime-high-confidence, iteration, 3380, is terminated by <private>
Aug 27 21:21:31.025353 SpringBoard(CoreMotion)[47602] <Debug>: Ping timer fired, resetting watchdog
Aug 27 21:21:31.468686 backboardd(CoreMotion)[65] <Debug>: Ping timer fired, resetting watchdog
Aug 27 21:21:31.867037 biometrickitd(CoreMotion)[109] <Debug>: Ping timer fired, resetting watchdog
Aug 27 21:21:32.564589 watchdogd[57] <Debug>: 1249740328364416: <private>
Aug 27 21:21:32.569896 watchdogd[57] <Info>: 1249740328933166: <private>
Aug 27 21:21:32.571555 watchdogd[57] <Debug>: 1249740329088041: <private>
Aug 27 21:21:32.573147 watchdogd[57] <Info>: 1249740329100041: <private>
Aug 27 21:21:32.574601 watchdogd[57] <Debug>: 1249740329223291: <private>
Aug 27 21:21:32.576142 watchdogd[57] <Debug>: 1249740329728000: <private>
Aug 27 21:21:32.577595 watchdogd[57] <Debug>: 1249740330537875: <private>
Aug 27 21:21:32.579079 watchdogd[57] <Debug>: 1249740330812708: <private>
Aug 27 21:21:32.580699 watchdogd[57] <Debug>: 1249740331375291: <private>
Aug 27 21:21:32.582248 watchdogd[57] <Debug>: 1249740331620958: <private>
Aug 27 21:21:32.583724 watchdogd[57] <Info>: 1249740331677000: <private>
Aug 27 21:21:32.585119 watchdogd[57] <Info>: 1249740331691208: <private>
Aug 27 21:21:32.586704 watchdogd[57] <Info>: 1249740331697291: <private>
Aug 27 21:21:32.588412 watchdogd[57] <Info>: 1249740331702416: <private>
Aug 27 21:21:32.589883 watchdogd[57] <Info>: 1249740331707041: <private>
Aug 27 21:21:32.591931 watchdogd[57] <Info>: 1249740331711458: <private>
Aug 27 21:21:32.592879 watchdogd[57] <Info>: 1249740331715875: <private>
Aug 27 21:21:32.594821 watchdogd[57] <Info>: 1249740331719958: <private>
Aug 27 21:21:33.433007 wifid(WiFiPolicy)[52] <Notice>: __WiFiLQAMgrLogStats(tech support:Stationary): Rssi: -37 {-36 0} Channel: 44 Bandwidth: 80Mhz Snr: 35 Cca: 30 (S:0 O:0 I:0) TxPer: 0.0% (0) BcnPer: 2.0% (98, 50.5%) RxFrms: 6 RxRetryFrames: 0 TxRate: 24000 RxRate: 780000 FBRate: 468000 TxFwFrms: 0 TxFwFail: 0 TxReTrans: 0 time: 140.4secs fgApp: dev.selfhost.firstActivationProbe
Aug 27 21:21:34.044016 mediaserverd(CoreMotion)[36] <Debug>: Ping timer fired, resetting watchdog
Aug 27 21:21:34.082974 nearbyd(CoreMotion)[157] <Debug>: Ping timer fired, resetting watchdog
Aug 27 21:21:34.136938 locationd[69] <Debug>: Ping timer fired, resetting watchdog
Aug 27 21:21:34.661417 symptomsd(SymptomEvaluator)[170] <Debug>: COSMCtrl applyPolicyDelta for E01B2FEA-36F1-3C21-AADE-93AC8E03F45C -> dev.selfhost.firstActivationProbe  policy id 0  fg 1 fg-activity 0
Aug 27 21:21:35.059015 runningboardd(RunningBoard)[33] <Notice>: [daemon<com.apple.backupd>:50586] termination reported by launchd (0, 0, 0)
Aug 27 21:21:35.065755 runningboardd(RunningBoard)[33] <Notice>: Removing assertions for terminated process: [daemon<com.apple.backupd>:50586]
Aug 27 21:21:35.070327 runningboardd(RunningBoard)[33] <Debug>: Sending state update for daemon<com.apple.backupd>: <RBSProcessState| task:none debug:none terminationResistance:None>
Aug 27 21:21:36.024858 SpringBoard(CoreMotion)[47602] <Debug>: Ping timer fired, resetting watchdog
Aug 27 21:21:36.468039 backboardd(CoreMotion)[65] <Debug>: Ping timer fired, resetting watchdog
Aug 27 21:21:36.866791 biometrickitd(CoreMotion)[109] <Debug>: Ping timer fired, resetting watchdog
Aug 27 21:21:38.435133 wifid(WiFiPolicy)[52] <Notice>: __WiFiLQAMgrLogStats(tech support:Stationary): Rssi: -37 {-36 -47} Channel: 44 Bandwidth: 80Mhz Snr: 35 Cca: 30 (S:0 O:0 I:0) TxPer: 0.0% (0) BcnPer: 0.0% (0, 50.5%) RxFrms: 3 RxRetryFrames: 0 TxRate: 24000 RxRate: 6000 FBRate: 468000 TxFwFrms: 2 TxFwFail: 0 TxReTrans: 0 time: 145.4secs fgApp: dev.selfhost.firstActivationProbe
Aug 27 21:21:39.041201 mediaserverd(CoreMotion)[36] <Debug>: Ping timer fired, resetting watchdog
Aug 27 21:21:39.069992 nearbyd(CoreMotion)[157] <Debug>: Ping timer fired, resetting watchdog
Aug 27 21:21:39.135070 locationd[69] <Debug>: Ping timer fired, resetting watchdog
Aug 27 21:21:41.022023 SpringBoard(CoreMotion)[47602] <Debug>: Ping timer fired, resetting watchdog
Aug 27 21:21:41.467937 backboardd(CoreMotion)[65] <Debug>: Ping timer fired, resetting watchdog
Aug 27 21:21:41.866530 biometrickitd(CoreMotion)[109] <Debug>: Ping timer fired, resetting watchdog
Aug 27 21:21:42.568361 watchdogd[57] <Debug>: 1249750329113750: <private>
Aug 27 21:21:42.570299 watchdogd[57] <Info>: 1249750329680875: <private>
Aug 27 21:21:42.571793 watchdogd[57] <Debug>: 1249750329850125: <private>
Aug 27 21:21:42.573268 watchdogd[57] <Info>: 1249750329861833: <private>
Aug 27 21:21:42.574940 watchdogd[57] <Debug>: 1249750330133666: <private>
Aug 27 21:21:42.576489 watchdogd[57] <Debug>: 1249750330622500: <private>
Aug 27 21:21:42.577902 watchdogd[57] <Debug>: 1249750331013125: <private>
Aug 27 21:21:42.579311 watchdogd[57] <Debug>: 1249750331770583: <private>
Aug 27 21:21:42.580490 watchdogd[57] <Debug>: 1249750331812333: <private>
Aug 27 21:21:42.581956 watchdogd[57] <Debug>: 1249750332631083: <private>
Aug 27 21:21:42.583366 watchdogd[57] <Info>: 1249750332689333: <private>
Aug 27 21:21:42.584670 watchdogd[57] <Info>: 1249750332704708: <private>
Aug 27 21:21:42.586140 watchdogd[57] <Info>: 1249750332710541: <private>
Aug 27 21:21:42.587543 watchdogd[57] <Info>: 1249750332715416: <private>
Aug 27 21:21:42.589447 watchdogd[57] <Info>: 1249750332719916: <private>
Aug 27 21:21:42.590907 watchdogd[57] <Info>: 1249750332723958: <private>
Aug 27 21:21:42.592474 watchdogd[57] <Info>: 1249750332728250: <private>
Aug 27 21:21:42.594002 watchdogd[57] <Info>: 1249750332732250: <private>
Aug 27 21:21:43.442440 wifid(WiFiPolicy)[52] <Notice>: __WiFiLQAMgrLogStats(tech support:Stationary): Rssi: -36 {-35 0} Channel: 44 Bandwidth: 80Mhz Snr: 35 Cca: 12 (S:0 O:0 I:0) TxPer: 0.0% (0) BcnPer: 1.0% (98, 50.5%) RxFrms: 2 RxRetryFrames: 0 TxRate: 24000 RxRate: 6000 FBRate: 468000 TxFwFrms: 0 TxFwFail: 0 TxReTrans: 0 time: 150.4secs fgApp: dev.selfhost.firstActivationProbe
Aug 27 21:21:44.053505 mediaserverd(CoreMotion)[36] <Debug>: Ping timer fired, resetting watchdog
Aug 27 21:21:44.133537 nearbyd(CoreMotion)[157] <Debug>: Ping timer fired, resetting watchdog
Aug 27 21:21:44.134351 locationd[69] <Debug>: Ping timer fired, resetting watchdog
Aug 27 21:21:46.024503 SpringBoard(CoreMotion)[47602] <Debug>: Ping timer fired, resetting watchdog
Aug 27 21:21:46.470256 backboardd(CoreMotion)[65] <Debug>: Ping timer fired, resetting watchdog
Aug 27 21:21:46.866195 biometrickitd(CoreMotion)[109] <Debug>: Ping timer fired, resetting watchdog
Aug 27 21:21:48.458087 wifid(WiFiPolicy)[52] <Notice>: __WiFiLQAMgrLogStats(tech support:Stationary): Rssi: -36 {-35 0} Channel: 44 Bandwidth: 80Mhz Snr: 35 Cca: 31 (S:0 O:0 I:0) TxPer: 0.0% (0) BcnPer: 0.0% (0, 50.5%) RxFrms: 2 RxRetryFrames: 0 TxRate: 24000 RxRate: 6000 FBRate: 468000 TxFwFrms: 0 TxFwFail: 0 TxReTrans: 0 time: 155.4secs fgApp: dev.selfhost.firstActivationProbe
Aug 27 21:21:49.052926 mediaserverd(CoreMotion)[36] <Debug>: Ping timer fired, resetting watchdog
Aug 27 21:21:49.073592 nearbyd(CoreMotion)[157] <Debug>: Ping timer fired, resetting watchdog
Aug 27 21:21:49.136285 locationd[69] <Debug>: Ping timer fired, resetting watchdog
Aug 27 21:21:51.022664 SpringBoard(CoreMotion)[47602] <Debug>: Ping timer fired, resetting watchdog
Aug 27 21:21:51.469808 backboardd(CoreMotion)[65] <Debug>: Ping timer fired, resetting watchdog
Aug 27 21:21:51.873209 biometrickitd(CoreMotion)[109] <Debug>: Ping timer fired, resetting watchdog
Aug 27 21:21:52.576119 watchdogd[57] <Debug>: 1249760329827041: <private>
Aug 27 21:21:52.577522 watchdogd[57] <Info>: 1249760330201541: <private>
Aug 27 21:21:52.579115 watchdogd[57] <Debug>: 1249760330417958: <private>
Aug 27 21:21:52.580163 watchdogd[57] <Debug>: 1249760330621500: <private>
Aug 27 21:21:52.581241 watchdogd[57] <Info>: 1249760330627250: <private>
Aug 27 21:21:52.582202 watchdogd[57] <Debug>: 1249760330901375: <private>
Aug 27 21:21:52.583246 watchdogd[57] <Debug>: 1249760331126125: <private>
Aug 27 21:21:52.584140 watchdogd[57] <Debug>: 1249760331459791: <private>
Aug 27 21:21:52.585316 watchdogd[57] <Debug>: 1249760331700750: <private>
Aug 27 21:21:52.586329 watchdogd[57] <Debug>: 1249760331768750: <private>
Aug 27 21:21:52.587324 watchdogd[57] <Info>: 1249760331799875: <private>
Aug 27 21:21:52.588322 watchdogd[57] <Info>: 1249760331808958: <private>
Aug 27 21:21:52.589403 watchdogd[57] <Info>: 1249760331812458: <private>
Aug 27 21:21:52.590473 watchdogd[57] <Info>: 1249760331815166: <private>
Aug 27 21:21:52.591402 watchdogd[57] <Info>: 1249760331817958: <private>
Aug 27 21:21:52.592352 watchdogd[57] <Info>: 1249760331820208: <private>
Aug 27 21:21:52.593433 watchdogd[57] <Info>: 1249760331822500: <private>
Aug 27 21:21:52.594429 watchdogd[57] <Info>: 1249760331825250: <private>
Aug 27 21:21:53.468714 wifid(WiFiPolicy)[52] <Notice>: __WiFiLQAMgrLogStats(tech support:Stationary): Rssi: -35 {-35 0} Channel: 44 Bandwidth: 80Mhz Snr: 35 Cca: 31 (S:0 O:0 I:0) TxPer: 0.0% (0) BcnPer: 2.0% (98, 50.5%) RxFrms: 1 RxRetryFrames: 0 TxRate: 24000 RxRate: 6000 FBRate: 468000 TxFwFrms: 0 TxFwFail: 0 TxReTrans: 0 time: 160.4secs fgApp: dev.selfhost.firstActivationProbe
Aug 27 21:21:54.042617 mediaserverd(CoreMotion)[36] <Debug>: Ping timer fired, resetting watchdog
Aug 27 21:21:54.071280 nearbyd(CoreMotion)[157] <Debug>: Ping timer fired, resetting watchdog
Aug 27 21:21:54.133812 locationd[69] <Debug>: Ping timer fired, resetting watchdog
Aug 27 21:21:56.023962 SpringBoard(CoreMotion)[47602] <Debug>: Ping timer fired, resetting watchdog
Aug 27 21:21:56.477847 backboardd(CoreMotion)[65] <Debug>: Ping timer fired, resetting watchdog
Aug 27 21:21:56.919705 biometrickitd(CoreMotion)[109] <Debug>: Ping timer fired, resetting watchdog
Aug 27 21:21:58.479839 wifid(WiFiPolicy)[52] <Notice>: __WiFiLQAMgrLogStats(tech support:Stationary): Rssi: -35 {-35 -46} Channel: 44 Bandwidth: 80Mhz Snr: 35 Cca: 10 (S:0 O:0 I:0) TxPer: 0.0% (0) BcnPer: 0.0% (0, 50.5%) RxFrms: 3 RxRetryFrames: 0 TxRate: 24000 RxRate: 6000 FBRate: 468000 TxFwFrms: 2 TxFwFail: 0 TxReTrans: 0 time: 165.5secs fgApp: dev.selfhost.firstActivationProbe
Aug 27 21:21:59.042490 mediaserverd(CoreMotion)[36] <Debug>: Ping timer fired, resetting watchdog
Aug 27 21:21:59.074727 nearbyd(CoreMotion)[157] <Debug>: Ping timer fired, resetting watchdog
Aug 27 21:21:59.135644 locationd[69] <Debug>: Ping timer fired, resetting watchdog
