Aug 28 13:32:51.135226 SpringBoard(CoreMotion)[47602] <Debug>: Ping timer fired, resetting watchdog
Aug 28 13:32:51.578264 backboardd(CoreMotion)[65] <Debug>: Ping timer fired, resetting watchdog
Aug 28 13:32:51.975734 biometrickitd(CoreMotion)[109] <Debug>: Ping timer fired, resetting watchdog
Aug 28 13:32:54.150812 mediaserverd(CoreMotion)[36] <Debug>: Ping timer fired, resetting watchdog
Aug 28 13:32:54.194425 nearbyd(CoreMotion)[157] <Debug>: Ping timer fired, resetting watchdog
Aug 28 13:32:54.247813 locationd[69] <Debug>: Ping timer fired, resetting watchdog
Aug 28 13:32:56.132739 SpringBoard(CoreMotion)[47602] <Debug>: Ping timer fired, resetting watchdog
Aug 28 13:32:56.578431 backboardd(CoreMotion)[65] <Debug>: Ping timer fired, resetting watchdog
Aug 28 13:32:56.612217 watchdogd[57] <Debug>: 1308024254264875: <private>
Aug 28 13:32:56.612482 watchdogd[57] <Info>: 1308024254834708: <private>
Aug 28 13:32:56.612654 watchdogd[57] <Debug>: 1308024254980583: <private>
Aug 28 13:32:56.612769 watchdogd[57] <Info>: 1308024254992541: <private>
Aug 28 13:32:56.613056 watchdogd[57] <Debug>: 1308024255118333: <private>
Aug 28 13:32:56.613320 watchdogd[57] <Debug>: 1308024255610666: <private>
Aug 28 13:32:56.613490 watchdogd[57] <Debug>: 1308024256297083: <private>
Aug 28 13:32:56.613740 watchdogd[57] <Debug>: 1308024256729416: <private>
Aug 28 13:32:56.613955 watchdogd[57] <Debug>: 1308024256848250: <private>
Aug 28 13:32:56.614322 watchdogd[57] <Debug>: 1308024257235666: <private>
Aug 28 13:32:56.614883 watchdogd[57] <Info>: 1308024257292833: <private>
Aug 28 13:32:56.615321 watchdogd[57] <Info>: 1308024257308041: <private>
Aug 28 13:32:56.615815 watchdogd[57] <Info>: 1308024257314041: <private>
Aug 28 13:32:56.617122 watchdogd[57] <Info>: 1308024257319208: <private>
Aug 28 13:32:56.617268 watchdogd[57] <Info>: 1308024257323791: <private>
Aug 28 13:32:56.617555 watchdogd[57] <Info>: 1308024257328125: <private>
Aug 28 13:32:56.617978 watchdogd[57] <Info>: 1308024257332458: <private>
Aug 28 13:32:56.618472 watchdogd[57] <Info>: 1308024257336583: <private>
Aug 28 13:32:56.618900 watchdogd[57] <Info>: 1308024258125833: <private>
Aug 28 13:32:56.974555 biometrickitd(CoreMotion)[109] <Debug>: Ping timer fired, resetting watchdog
Aug 28 13:32:59.151444 mediaserverd(CoreMotion)[36] <Debug>: Ping timer fired, resetting watchdog
Aug 28 13:32:59.187471 nearbyd(CoreMotion)[157] <Debug>: Ping timer fired, resetting watchdog
Aug 28 13:32:59.244592 locationd[69] <Debug>: Ping timer fired, resetting watchdog
Aug 28 13:33:01.132761 SpringBoard(CoreMotion)[47602] <Debug>: Ping timer fired, resetting watchdog
Aug 28 13:33:01.578133 backboardd(CoreMotion)[65] <Debug>: Ping timer fired, resetting watchdog
Aug 28 13:33:01.974511 biometrickitd(CoreMotion)[109] <Debug>: Ping timer fired, resetting watchdog
Aug 28 13:33:04.150595 mediaserverd(CoreMotion)[36] <Debug>: Ping timer fired, resetting watchdog
Aug 28 13:33:04.199338 nearbyd(CoreMotion)[157] <Debug>: Ping timer fired, resetting watchdog
Aug 28 13:33:04.244042 locationd[69] <Debug>: Ping timer fired, resetting watchdog
Aug 28 13:33:04.995626 runningboardd(RunningBoard)[33] <Notice>: [daemon<com.apple.backupd>:57570] termination reported by launchd (0, 0, 0)
Aug 28 13:33:04.998960 runningboardd(RunningBoard)[33] <Notice>: Removing assertions for terminated process: [daemon<com.apple.backupd>:57570]
Aug 28 13:33:05.001768 runningboardd(RunningBoard)[33] <Debug>: Sending state update for daemon<com.apple.backupd>: <RBSProcessState| task:none debug:none terminationResistance:None>
Aug 28 13:33:06.140887 SpringBoard(CoreMotion)[47602] <Debug>: Ping timer fired, resetting watchdog
Aug 28 13:33:06.577289 backboardd(CoreMotion)[65] <Debug>: Ping timer fired, resetting watchdog
Aug 28 13:33:06.595210 watchdogd[57] <Debug>: 1308034254933291: <private>
Aug 28 13:33:06.595571 watchdogd[57] <Info>: 1308034255163125: <private>
Aug 28 13:33:06.596224 watchdogd[57] <Debug>: 1308034255223375: <private>
Aug 28 13:33:06.596613 watchdogd[57] <Info>: 1308034255227958: <private>
Aug 28 13:33:06.596864 watchdogd[57] <Debug>: 1308034255273333: <private>
Aug 28 13:33:06.597204 watchdogd[57] <Debug>: 1308034255463708: <private>
Aug 28 13:33:06.597462 watchdogd[57] <Debug>: 1308034255653458: <private>
Aug 28 13:33:06.597634 watchdogd[57] <Debug>: 1308034255905708: <private>
Aug 28 13:33:06.597728 watchdogd[57] <Debug>: 1308034255934708: <private>
Aug 28 13:33:06.597930 watchdogd[57] <Debug>: 1308034256140458: <private>
Aug 28 13:33:06.598046 watchdogd[57] <Info>: 1308034256164083: <private>
Aug 28 13:33:06.598123 watchdogd[57] <Info>: 1308034256170875: <private>
Aug 28 13:33:06.598322 watchdogd[57] <Info>: 1308034256173000: <private>
Aug 28 13:33:06.598434 watchdogd[57] <Info>: 1308034256174791: <private>
Aug 28 13:33:06.598680 watchdogd[57] <Info>: 1308034256176375: <private>
Aug 28 13:33:06.598925 watchdogd[57] <Info>: 1308034256177916: <private>
Aug 28 13:33:06.599178 watchdogd[57] <Info>: 1308034256179541: <private>
Aug 28 13:33:06.599406 watchdogd[57] <Info>: 1308034256180958: <private>
Aug 28 13:33:06.974281 biometrickitd(CoreMotion)[109] <Debug>: Ping timer fired, resetting watchdog
Aug 28 13:33:09.151336 mediaserverd(CoreMotion)[36] <Debug>: Ping timer fired, resetting watchdog
Aug 28 13:33:09.187362 nearbyd(CoreMotion)[157] <Debug>: Ping timer fired, resetting watchdog
Aug 28 13:33:09.244523 locationd[69] <Debug>: Ping timer fired, resetting watchdog
Aug 28 13:33:11.131659 SpringBoard(CoreMotion)[47602] <Debug>: Ping timer fired, resetting watchdog
Aug 28 13:33:11.577815 backboardd(CoreMotion)[65] <Debug>: Ping timer fired, resetting watchdog
Aug 28 13:33:11.974178 biometrickitd(CoreMotion)[109] <Debug>: Ping timer fired, resetting watchdog
Aug 28 13:33:14.151377 mediaserverd(CoreMotion)[36] <Debug>: Ping timer fired, resetting watchdog
Aug 28 13:33:14.189547 nearbyd(CoreMotion)[157] <Debug>: Ping timer fired, resetting watchdog
Aug 28 13:33:14.244359 locationd[69] <Debug>: Ping timer fired, resetting watchdog
Aug 28 13:33:16.136320 SpringBoard(CoreMotion)[47602] <Debug>: Ping timer fired, resetting watchdog
Aug 28 13:33:16.578371 backboardd(CoreMotion)[65] <Debug>: Ping timer fired, resetting watchdog
Aug 28 13:33:16.599714 watchdogd[57] <Debug>: 1308044255330750: <private>
Aug 28 13:33:16.600935 watchdogd[57] <Info>: 1308044255908291: <private>
Aug 28 13:33:16.601832 watchdogd[57] <Debug>: 1308044256054375: <private>
Aug 28 13:33:16.603042 watchdogd[57] <Debug>: 1308044256393208: <private>
Aug 28 13:33:16.603804 watchdogd[57] <Info>: 1308044256403541: <private>
Aug 28 13:33:16.604084 watchdogd[57] <Debug>: 1308044257654875: <private>
Aug 28 13:33:16.604549 watchdogd[57] <Debug>: 1308044257696833: <private>
Aug 28 13:33:16.604832 watchdogd[57] <Debug>: 1308044258261125: <private>
Aug 28 13:33:16.605294 watchdogd[57] <Debug>: 1308044258377250: <private>
Aug 28 13:33:16.605783 watchdogd[57] <Debug>: 1308044258833708: <private>
Aug 28 13:33:16.606085 watchdogd[57] <Info>: 1308044258892291: <private>
Aug 28 13:33:16.606644 watchdogd[57] <Info>: 1308044258906875: <private>
Aug 28 13:33:16.607098 watchdogd[57] <Info>: 1308044258912708: <private>
Aug 28 13:33:16.607570 watchdogd[57] <Info>: 1308044258917791: <private>
Aug 28 13:33:16.607928 watchdogd[57] <Info>: 1308044258922375: <private>
Aug 28 13:33:16.608237 watchdogd[57] <Info>: 1308044258926625: <private>
Aug 28 13:33:16.608695 watchdogd[57] <Info>: 1308044258931000: <private>
Aug 28 13:33:16.609310 watchdogd[57] <Info>: 1308044258935125: <private>
Aug 28 13:33:16.974157 biometrickitd(CoreMotion)[109] <Debug>: Ping timer fired, resetting watchdog
    <UITouch: 0x109d9d3a0> phase: Began tap count: 1 force: 0.000 window: <SBHomeScreenWindow: 0x1051b4220; HomeScreen-0x1051b4220-4; baseClass = UIWindow; frame = (0 0; 375 667); clipsToBounds = YES; opaque = NO; gestureRecognizers = <NSArray: 0x281278180>; layer = <UIWindowLayer: 0x281273180>> view: <SBIconView: 0x104917000; frame: {{114, 382}, {60, 74}}; icon: <SBApplicationIcon: 0x28337b880; nodeID: dev.selfhost.firstActivationProbe; bundleID: dev.selfhost.firstActivationProbe>; location: SBIconLocationRoot; isTouchDownInIcon: YES> location in window: {154.5, 411.5} previous location in window: {154.5, 411.5} location in view: {40.5, 29.5} previous location in view: {40.5, 29.5}
Aug 28 13:33:19.066847 SpringBoard(SplashBoard)[47602] <Info>: Loading image for <XBApplicationSnapshot: 0x109d3cb20; …A909693DA7E7> [dev.selfhost.firstActivationProbe]
Aug 28 13:33:19.082667 SpringBoard(Security)[47602] <Debug>: open(/private/var/containers/Bundle/Application/1EC21BA9-82AA-4B85-B2FC-10B206BC5C35/Runner.app/Runner,0x0,0x1b6) = 35
Aug 28 13:33:19.082815 SpringBoard(Security)[47602] <Debug>: open(/private/var/containers/Bundle/Application/1EC21BA9-82AA-4B85-B2FC-10B206BC5C35/Runner.app/Runner,0x0,0x1b6) = 36
Aug 28 13:33:19.083687 SpringBoard(Security)[47602] <Debug>: 6151 signing bytes in 5 blob(s) from /private/var/containers/Bundle/Application/1EC21BA9-82AA-4B85-B2FC-10B206BC5C35/Runner.app/Runner(arm64)
Aug 28 13:33:19.094596 SpringBoard(Security)[47602] <Debug>: open(/private/var/containers/Bundle/Application/1EC21BA9-82AA-4B85-B2FC-10B206BC5C35/Runner.app/Info.plist,0x0,0x1b6) = 35
Aug 28 13:33:19.098421 SpringBoard(Security)[47602] <Debug>: 0x114b8f668 done serializing <?xml version="1.0" encoding="UTF-8"?><!DOCTYPE plist PUBLIC "-//Apple//DTD PLIST 1.0//EN" "https://www.apple.com/DTDs/PropertyList-1.0.dtd"><plist version="1.0"><dict><key>application-identifier</key><string>SK85S6YZP9.dev.selfhost.firstActivationProbe</string><key>com.apple.developer.team-identifier</key><string>SK85S6YZP9</string><key>get-task-allow</key><true/></dict></plist>
        <SBLayoutElement: 0x2808e21c0; uniqueIdentifier: sceneID:dev.selfhost.firstActivationProbe-default; layoutRole: primary> {
            SBLayoutRolePrimary = <SBDeviceApplicationSceneEntity: 0x283effe30; ID: sceneID:dev.selfhost.firstActivationProbe-default; layoutRole: primary> {
                        fromIconWithLeafIdentifier = dev.selfhost.firstActivationProbe;
Aug 28 13:33:19.241014 SpringBoard(FrontBoard)[47602] <Notice>: Asked to bootstrap a new process with identity: application<dev.selfhost.firstActivationProbe>
Aug 28 13:33:19.241224 SpringBoard(FrontBoard)[47602] <Notice>: Creating process (sync=true) with identity: application<dev.selfhost.firstActivationProbe>
Aug 28 13:33:19.242616 SpringBoard(FrontBoard)[47602] <Notice>: Created <FBWorkspace: 0x282a66520; application<dev.selfhost.firstActivationProbe>>
Aug 28 13:33:19.244350 SpringBoard(FrontBoard)[47602] <Notice>: Bootstrapping application<dev.selfhost.firstActivationProbe> with intent foreground-interactive
Aug 28 13:33:19.248066 SpringBoard(RunningBoardServices)[47602] <Info>: Sending launch request: <RBSLaunchRequest| application<dev.selfhost.firstActivationProbe>; "FBApplicationProcess">
Aug 28 13:33:19.249415 runningboardd(RunningBoard)[33] <Notice>: Acquiring assertion targeting application<dev.selfhost.firstActivationProbe> from originator [daemon<com.apple.SpringBoard>:47602] with description <RBSAssertionDescriptor| "FBApplicationProcess" ID:33-47602-7767 target:application<dev.selfhost.firstActivationProbe> attributes:[
	<RBSDomainAttribute| domain:"com.apple.frontboard" name:"Bootstrap-Foreground" sourceEnvironment:"(null)">,
Aug 28 13:33:19.249494 runningboardd(RunningBoard)[33] <Notice>: Assertion 33-47602-7767 (target:application<dev.selfhost.firstActivationProbe>) will be created as active
Aug 28 13:33:19.249546 runningboardd(RunningBoard)[33] <Notice>: Executing launch request for application<dev.selfhost.firstActivationProbe> (FBApplicationProcess)
Aug 28 13:33:19.249566 runningboardd(RunningBoard)[33] <Notice>: Creating and launching job for: application<dev.selfhost.firstActivationProbe>
Aug 28 13:33:19.249619 runningboardd(RunningBoard)[33] <Notice>: _mutateContextIfNeeded called for dev.selfhost.firstActivationProbe
        <SBLayoutElement: 0x2808e21c0; uniqueIdentifier: sceneID:dev.selfhost.firstActivationProbe-default; layoutRole: primary> {
Aug 28 13:33:19.257490 SpringBoard(SplashBoard)[47602] <Info>: Loading image for <XBApplicationSnapshot: 0x109ddf7d0; …2F3B89D0D3F1> [dev.selfhost.firstActivationProbe]
Aug 28 13:33:19.259662 SpringBoard(SplashBoard)[47602] <Info>: <XBApplicationSnapshot: 0x109ddf7d0; …2F3B89D0D3F1> [dev.selfhost.firstActivationProbe] not purging the cached image; force: 0; _imageAccessCount: 2; _keepImageAccessUntilExpiration: 0; _hasProtectedContent: 0; _keepImageAccessForPreheat: 0
Aug 28 13:33:19.259732 SpringBoard[47602] <Info>: attempted to activate overlay for dev.selfhost.firstActivationProbe, exiting early because app is not blocked
Aug 28 13:33:19.259891 runningboardd(RunningBoard)[33] <Info>: No personas found for bundle identifier: dev.selfhost.firstActivationProbe
<SBTransitionSwitcherModifierEvent: 0x282169300; type: MainTransition; transitionID: 6C46EB44-BE32-4D95-9699-3AF1A341E110; phase: Prepare; animated: YES; fromAppLayout: 0x0; toAppLayout: <SBAppLayout: 0x2808e2980; primary: dev.selfhost.firstActivationProbe:default; environment: main>; fromEnvironmentMode: home-screen; toEnvironmentMode: application; pendingTermination: {(
)}; activating: <SBAppLayout: 0x2808e2980; primary: dev.selfhost.firstActivationProbe:default; environment: main>; dosidoTransitionDirection: 0>
	    <SBIconOverlayVisibilitySwitcherEventResponse: 0x2808028c0; visible: YES; appLayout: <SBAppLayout: 0x2808e2980; primary: dev.selfhost.firstActivationProbe:default; environment: main>>;
	    <SBIconViewVisibilitySwitcherEventResponse: 0x283ec76b0; visible: NO; animationSettings: 0x0; appLayout: <SBAppLayout: 0x2808e2980; primary: dev.selfhost.firstActivationProbe:default; environment: main>>;
    bundleIdentifier = dev.selfhost.firstActivationProbe;
    uniqueIdentifier = sceneID:dev.selfhost.firstActivationProbe-default;
Aug 28 13:33:19.264043 runningboardd(RunningBoard)[33] <Debug>: BEGIN suppressing state updates for application<dev.selfhost.firstActivationProbe>
Aug 28 13:33:19.264137 runningboardd(RunningBoard)[33] <Debug>: Incrementing suppression state to 1 for application<dev.selfhost.firstActivationProbe>
Aug 28 13:33:19.264198 runningboardd(RunningBoard)[33] <Debug>: SUPPRESSING state update for application<dev.selfhost.firstActivationProbe>: <RBSProcessState| task:none debug:none terminationResistance:None endowments:[
	<RBSProcessAssertionInfo| type:2 reason:10000 name:"Domain" domain:"com.apple.frontboard:Bootstrap-Foreground,com.apple.frontboard:Visibility" expl:"FBApplicationProcess">
Aug 28 13:33:19.264296 runningboardd(RunningBoard)[33] <Debug>: Adding assertion 33-47602-7767 (target:application<dev.selfhost.firstActivationProbe>)
Aug 28 13:33:19.265935 runningboardd(RunningBoard)[33] <Info>: _requestedJetsamPriority = 3, _executablePath = /var/containers/Bundle/Application/1EC21BA9-82AA-4B85-B2FC-10B206BC5C35/Runner.app/Runner
Aug 28 13:33:19.266030 runningboardd(RunningBoard)[33] <Info>: _doesOverrideManagement = 1, _overrideManageFlags = 255, _underlyingAssertion = (null), _variableEUID = 0, _specifiedIdenity = application<dev.selfhost.firstActivationProbe> _beforeTranslocationBundlePath = (null), _disableFreezing = 0
Aug 28 13:33:19.267217 cfprefsd(CoreFoundation)[91] <Debug>: Process 57577 (Runner) sent a request related to { com.apple.UIKit, user: mobile, kCFPreferencesCurrentHost, /Library/Managed Preferences/mobile/com.apple.UIKit.plist, managed: 1 } (0x101812d60)
Aug 28 13:33:19.267439 runningboardd(RunningBoard)[33] <Notice>: [application<dev.selfhost.firstActivationProbe>:57577] This process will be managed.
Aug 28 13:33:19.267553 cfprefsd(CoreFoundation)[91] <Debug>: Process 57577 (Runner) sent a request related to { com.apple.UIKit, user: kCFPreferencesAnyUser, kCFPreferencesCurrentHost, /Library/Managed Preferences/com.apple.UIKit.plist, managed: 1 } (0x101812d60)
Aug 28 13:33:19.267657 cfprefsd(CoreFoundation)[91] <Debug>: Process 57577 (Runner) sent a request related to { com.apple.UIKit, user: mobile, kCFPreferencesAnyHost, /var/mobile/Library/Preferences/com.apple.UIKit.plist, managed: 0 } (0x100317d00)
Aug 28 13:33:19.267713 cfprefsd(CoreFoundation)[91] <Debug>: Process 57577 (Runner) read data for { com.apple.UIKit, mobile, kCFPreferencesAnyHost, /var/mobile/Library/Preferences/com.apple.UIKit.plist, managed: 0 }, backed by /private/var/mobile/Library/Preferences/com.apple.UIKit.plist
Aug 28 13:33:19.267785 cfprefsd(CoreFoundation)[91] <Debug>: Process 57577 (Runner) sent a request related to { kCFPreferencesAnyApplication, user: mobile, kCFPreferencesCurrentHost, /Library/Managed Preferences/mobile/.GlobalPreferences.plist, managed: 1 } (0x10030c020)
Aug 28 13:33:19.267847 cfprefsd(CoreFoundation)[91] <Debug>: Process 57577 (Runner) read data for { kCFPreferencesAnyApplication, mobile, kCFPreferencesCurrentHost, /Library/Managed Preferences/mobile/.GlobalPreferences.plist, managed: 1 }, backed by /private/var/Managed Preferences/mobile/.GlobalPreferences.plist
Aug 28 13:33:19.274309 runningboardd(RunningBoard)[33] <Notice>: Now tracking process: [application<dev.selfhost.firstActivationProbe>:57577]
Aug 28 13:33:19.274376 runningboardd(RunningBoard)[33] <Info>: application<dev.selfhost.firstActivationProbe> is now targeted by 1 assertions
Aug 28 13:33:19.275753 cfprefsd(CoreFoundation)[91] <Debug>: Process 57577 (Runner) sent a request related to { kCFPreferencesAnyApplication, user: mobile, kCFPreferencesAnyHost, /var/mobile/Library/Preferences/.GlobalPreferences.plist, managed: 0 } (0x10030c3f0)
Aug 28 13:33:19.275792 cfprefsd(CoreFoundation)[91] <Debug>: Process 57577 (Runner) read data for { kCFPreferencesAnyApplication, mobile, kCFPreferencesAnyHost, /var/mobile/Library/Preferences/.GlobalPreferences.plist, managed: 0 }, backed by /private/var/mobile/Library/Preferences/.GlobalPreferences.plist
Aug 28 13:33:19.275850 cfprefsd(CoreFoundation)[91] <Debug>: Process 57577 (Runner) sent a request related to { com.apple.UIKit, user: kCFPreferencesAnyUser, kCFPreferencesCurrentHost, /var/preferences/com.apple.UIKit.plist, managed: 0 } (0x101856df0)
Aug 28 13:33:19.275889 cfprefsd(CoreFoundation)[91] <Debug>: Process 57577 (Runner) sent a request related to { kCFPreferencesAnyApplication, user: kCFPreferencesAnyUser, kCFPreferencesCurrentHost, /var/preferences/.GlobalPreferences.plist, managed: 0 } (0x100316b90)
Aug 28 13:33:19.276236 runningboardd(RunningBoard)[33] <Notice>: Using default underlying assertion for app: [application<dev.selfhost.firstActivationProbe>:57577]
Aug 28 13:33:19.276255 runningboardd(RunningBoard)[33] <Notice>: Acquiring assertion targeting [application<dev.selfhost.firstActivationProbe>:57577] from originator [application<dev.selfhost.firstActivationProbe>:57577] with description <RBSAssertionDescriptor| "RB Underlying Assertion" ID:33-33-7768 target:57577 attributes:[
Aug 28 13:33:19.276283 runningboardd(RunningBoard)[33] <Notice>: Assertion 33-33-7768 (target:[application<dev.selfhost.firstActivationProbe>:57577]) will be created as active
Aug 28 13:33:19.276332 runningboardd(RunningBoard)[33] <Debug>: Adding assertion 33-33-7768 (target:[application<dev.selfhost.firstActivationProbe>:57577])
Aug 28 13:33:19.279669 Runner(CoreFoundation)[57577] <Debug>: Using ~iphone resources
Aug 28 13:33:19.281252 Runner(CoreFoundation)[57577] <Debug>: CFPrefsManagedSource<0x28047cd80> (Domain: com.apple.UIKit, User: kCFPreferencesCurrentUser, ByHost: Yes, Container: (null), Contents Need Refresh: No) loaded: an empty base plist and no additional changes from the base plist
Aug 28 13:33:19.281279 Runner(CoreFoundation)[57577] <Debug>: CFPrefsManagedSource<0x28047cf00> (Domain: com.apple.UIKit, User: kCFPreferencesAnyUser, ByHost: Yes, Container: (null), Contents Need Refresh: No) loaded: an empty base plist and no additional changes from the base plist
Aug 28 13:33:19.281328 Runner(CoreFoundation)[57577] <Debug>: CFPrefsPlistSource<0x28047cc80> (Domain: com.apple.UIKit, User: kCFPreferencesCurrentUser, ByHost: No, Container: (null), Contents Need Refresh: No) loaded: a new base plist and no additional changes from the base plist
Aug 28 13:33:19.281362 Runner(CoreFoundation)[57577] <Debug>: CFPrefsManagedSource<0x28047dc80> (Domain: kCFPreferencesAnyApplication, User: kCFPreferencesCurrentUser, ByHost: Yes, Container: (null), Contents Need Refresh: No) loaded: a new base plist and no additional changes from the base plist
Aug 28 13:33:19.281390 Runner(CoreFoundation)[57577] <Debug>: CFPrefsPlistSource<0x28047d600> (Domain: kCFPreferencesAnyApplication, User: kCFPreferencesCurrentUser, ByHost: No, Container: (null), Contents Need Refresh: No) loaded: a new base plist and no additional changes from the base plist
Aug 28 13:33:19.281408 Runner(CoreFoundation)[57577] <Debug>: CFPrefsPlistSource<0x28047dd80> (Domain: com.apple.UIKit, User: kCFPreferencesAnyUser, ByHost: Yes, Container: (null), Contents Need Refresh: No) loaded: an empty base plist and no additional changes from the base plist
Aug 28 13:33:19.281426 Runner(CoreFoundation)[57577] <Debug>: CFPrefsPlistSource<0x28047e900> (Domain: kCFPreferencesAnyApplication, User: kCFPreferencesAnyUser, ByHost: Yes, Container: (null), Contents Need Refresh: No) loaded: an empty base plist and no additional changes from the base plist
Aug 28 13:33:19.281467 cfprefsd(CoreFoundation)[91] <Debug>: Process 57577 (Runner) sent a request related to { dev.selfhost.firstActivationProbe, user: mobile, kCFPreferencesCurrentHost, /Library/Managed Preferences/mobile/dev.selfhost.firstActivationProbe.plist, managed: 1 } (0x10034f970)
Aug 28 13:33:19.281505 cfprefsd(CoreFoundation)[91] <Debug>: Process 57577 (Runner) sent a request related to { dev.selfhost.firstActivationProbe, user: kCFPreferencesAnyUser, kCFPreferencesCurrentHost, /Library/Managed Preferences/dev.selfhost.firstActivationProbe.plist, managed: 1 } (0x10183db90)
Aug 28 13:33:19.281542 cfprefsd(CoreFoundation)[91] <Debug>: Process 57577 (Runner) sent a request related to { dev.selfhost.firstActivationProbe, user: mobile, kCFPreferencesAnyHost, /var/mobile/Containers/Data/Application/18E6667F-E66B-4E74-92D9-B14869861554/Library/Preferences/dev.selfhost.firstActivationProbe.plist, managed: 0 } (0x101812d60)
Aug 28 13:33:19.281861 runningboardd(RunningBoard)[33] <Info>: application<dev.selfhost.firstActivationProbe> is now targeted by 2 assertions
Aug 28 13:33:19.281894 runningboardd(RunningBoard)[33] <Info>: [application<dev.selfhost.firstActivationProbe>:57577] Applying updated state
Aug 28 13:33:19.281913 runningboardd(RunningBoard)[33] <Notice>: [application<dev.selfhost.firstActivationProbe>:57577] Set jetsam priority to 10 [0] flag[1]
Aug 28 13:33:19.282050 runningboardd(RunningBoard)[33] <Notice>: [application<dev.selfhost.firstActivationProbe>:57577] Resuming task.
Aug 28 13:33:19.282100 Runner(CoreFoundation)[57577] <Debug>: found no value for key LogHIDEventFiltered in CFPrefsSearchListSource<0x28047c500> (Domain: com.apple.UIKit, Container: (null))
Aug 28 13:33:19.282180 Runner(CoreFoundation)[57577] <Debug>: found no value for key LogHIDEventIncoming in CFPrefsSearchListSource<0x28047c500> (Domain: com.apple.UIKit, Container: (null))
Aug 28 13:33:19.282264 Runner(libMobileGestalt.dylib)[57577] <Notice>: Cache loaded with 4896 pre-cached in CacheData and 49 items in CacheExtra.
Aug 28 13:33:19.282324 Runner(CoreFoundation)[57577] <Debug>: found no value for key LogApplication in CFPrefsSearchListSource<0x28047c500> (Domain: com.apple.UIKit, Container: (null))
Aug 28 13:33:19.282379 Runner(UIKitCore)[57577] <Notice>: Deactivation reason added: 10; deactivation reasons: 0 -> 1024; animating application lifecycle event: 0
Aug 28 13:33:19.282436 Runner(RunningBoardServices)[57577] <Notice>: Initializing connection
Aug 28 13:33:19.282561 SpringBoard(FrontBoard)[47602] <Notice>: [application<dev.selfhost.firstActivationProbe>:-1] Bootstrap success!
Aug 28 13:33:19.282643 SpringBoard(BaseBoard)[47602] <Debug>:  *|machport|* <BSMachPortTaskNameRight: 0x28089e0c0; usable: YES; (47602:2005f:send task_name_for_pid:Runner.57577)> -> (<NSThread: 0x28089c900>{number = 1087, name = (null)}) (
Aug 28 13:33:19.282818 Runner(RunningBoardServices)[57577] <Notice>: Removing all cached process handles
Aug 28 13:33:19.282862 Runner(BoardServices)[57577] <Notice>: activating monitor for service com.apple.frontboard.open
Aug 28 13:33:19.282902 Runner(CoreFoundation)[57577] <Debug>: CFPrefsManagedSource<0x28047db00> (Domain: dev.selfhost.firstActivationProbe, User: kCFPreferencesCurrentUser, ByHost: Yes, Container: (null), Contents Need Refresh: No) loaded: an empty base plist and no additional changes from the base plist
Aug 28 13:33:19.282927 Runner(CoreFoundation)[57577] <Debug>: CFPrefsManagedSource<0x28047e180> (Domain: dev.selfhost.firstActivationProbe, User: kCFPreferencesAnyUser, ByHost: Yes, Container: (null), Contents Need Refresh: No) loaded: an empty base plist and no additional changes from the base plist
Aug 28 13:33:19.282995 Runner(CoreFoundation)[57577] <Debug>: CFPrefsPlistSource<0x28047d380> (Domain: dev.selfhost.firstActivationProbe, User: kCFPreferencesCurrentUser, ByHost: No, Container: (null), Contents Need Refresh: No) loaded: an empty base plist and no additional changes from the base plist
Aug 28 13:33:19.283049 Runner(CoreFoundation)[57577] <Debug>: CFPrefsPlistSource<0x280479c80> (Domain: dev.selfhost.firstActivationProbe, User: kCFPreferencesAnyUser, ByHost: Yes, Container: (null), Contents Need Refresh: No) loaded: an empty base plist and no additional changes from the base plist
Aug 28 13:33:19.283232 runningboardd(RunningBoard)[33] <Debug>: Incrementing suppression state to 2 for application<dev.selfhost.firstActivationProbe>
Aug 28 13:33:19.283263 runningboardd(RunningBoard)[33] <Info>: Ignoring insignificant state update for application<dev.selfhost.firstActivationProbe>
Aug 28 13:33:19.283336 runningboardd(RunningBoard)[33] <Notice>: Calculated state for application<dev.selfhost.firstActivationProbe>: running-active (role: UserInteractiveFocal)
<SBTransitionSwitcherModifierEvent: 0x282168000; type: MainTransition; transitionID: 6C46EB44-BE32-4D95-9699-3AF1A341E110; phase: Animate; animated: YES; fromAppLayout: 0x0; toAppLayout: <SBAppLayout: 0x2808e2980; primary: dev.selfhost.firstActivationProbe:default; environment: main>; fromEnvironmentMode: home-screen; toEnvironmentMode: application; pendingTermination: {(
)}; activating: <SBAppLayout: 0x2808e2980; primary: dev.selfhost.firstActivationProbe:default; environment: main>; dosidoTransitionDirection: 0>
Aug 28 13:33:19.283829 runningboardd(RunningBoard)[33] <Info>: Finished acquiring assertion 33-47602-7767 (target:application<dev.selfhost.firstActivationProbe>)
Aug 28 13:33:19.283904 runningboardd(RunningBoard)[33] <Debug>: Sending state update for application<dev.selfhost.firstActivationProbe>: <RBSProcessState| task:running-active debug:none terminationResistance:Interactive endowments:[
	<RBSProcessAssertionInfo| type:2 reason:10000 name:"Domain" domain:"com.apple.frontboard:Bootstrap-Foreground,com.apple.frontboard:Visibility" expl:"FBApplicationProcess">
Aug 28 13:33:19.283953 runningboardd(RunningBoard)[33] <Debug>: Incrementing suppression state to 3 for application<dev.selfhost.firstActivationProbe>
Aug 28 13:33:19.283972 Runner(CoreFoundation)[57577] <Debug>: looked up value <private> for key AppleLanguages in CFPrefsPlistSource<0x28047d600> (Domain: kCFPreferencesAnyApplication, User: kCFPreferencesCurrentUser, ByHost: No, Container: (null), Contents Need Refresh: No) via CFPrefsSearchListSource<0x28047d080> (Domain: dev.selfhost.firstActivationProbe, Container: (null))
Aug 28 13:33:19.283990 Runner(CoreFoundation)[57577] <Debug>: setting new value <private> for key <private> in CFPrefsSource<0x283f7c640> (Domain: Volatile, User: , ByHost: No, Container: , Contents Need Refresh: No)
Aug 28 13:33:19.284035 Runner(CoreFoundation)[57577] <Debug>: setting new value <private> for key <private> in CFPrefsSource<0x283f7c640> (Domain: Volatile, User: , ByHost: No, Container: , Contents Need Refresh: No)
Aug 28 13:33:19.284094 Runner(CoreFoundation)[57577] <Debug>: setting new value <private> for key <private> in CFPrefsSource<0x283f7c640> (Domain: Volatile, User: , ByHost: No, Container: , Contents Need Refresh: No)
Aug 28 13:33:19.284123 Runner(RunningBoardServices)[57577] <Notice>: Sending handshake request attempt #1 to server
Aug 28 13:33:19.284262 Runner(BoardServices)[57577] <Notice>: activating monitor for service com.apple.frontboard.workspace-service
Aug 28 13:33:19.284338 backboardd(IOKit)[65] <Notice>: Connection added: IOHIDEventSystemConnection uuid:43850C4B-E48A-48B0-86E7-E1BBA62EE335 pid:57577 process:Runner type:Passive entitlements:0x0 caller:BackBoardServices: <redacted> + 336 attributes:{
    bundleID = "dev.selfhost.firstActivationProbe";
Aug 28 13:33:19.284395 backboardd(BackBoardHIDEventFoundation)[65] <Debug>: Got a client addition callback: IOHIDEventSystemConnection uuid:43850C4B-E48A-48B0-86E7-E1BBA62EE335 pid:57577 process:Runner type:Passive entitlements:0x0 caller:BackBoardServices: <redacted> + 336 attributes:{
    bundleID = "dev.selfhost.firstActivationProbe";
Aug 28 13:33:19.284441 backboardd(BackBoardHIDEventFoundation)[65] <Info>: HID connection vpid:57577(v72E7F) bundleID:dev.selfhost.firstActivationProbe successfully initialized: IOHIDEventSystemConnection uuid:43850C4B-E48A-48B0-86E7-E1BBA62EE335 pid:57577 process:Runner type:Passive entitlements:0x0 caller:BackBoardServices: <redacted> + 336 attributes:{
    bundleID = "dev.selfhost.firstActivationProbe";
Aug 28 13:33:19.284477 backboardd(BackBoardHIDEventFoundation)[65] <Notice>: Adding client connection: <BKHIDClientConnection: 0x1026e2130; IOHIDEventSystemConnectionRef: 0x10dc148b0; vpid: 57577(v72E7F); taskPort: 0x4A177; bundleID: dev.selfhost.firstActivationProbe> for client: IOHIDEventSystemConnection uuid:43850C4B-E48A-48B0-86E7-E1BBA62EE335 pid:57577 process:Runner type:Passive entitlements:0x0 caller:BackBoardServices: <redacted> + 336 attributes:{
    bundleID = "dev.selfhost.firstActivationProbe";
Aug 28 13:33:19.312702 SpringBoard(BaseBoard)[47602] <Debug>:  *|machport|* <BSMachPortTaskNameRight: 0x28088e480; usable: YES; (47602:2005f:send task_name_for_pid:Runner.57577)> -> (<NSThread: 0x28088e1c0>{number = 1088, name = (null)}) (
Aug 28 13:33:19.368255 runningboardd(RunningBoard)[33] <Notice>: Calculated state for application<dev.selfhost.firstActivationProbe>: running-active (role: UserInteractiveFocal)
Aug 28 13:33:19.368312 runningboardd(RunningBoard)[33] <Debug>: SUPPRESSING state update for application<dev.selfhost.firstActivationProbe>: <RBSProcessState| task:running-active debug:none terminationResistance:Interactive endowments:[
	<RBSProcessAssertionInfo| type:2 reason:10000 name:"Domain" domain:"com.apple.frontboard:Bootstrap-Foreground,com.apple.frontboard:Visibility" expl:"FBApplicationProcess">,
Aug 28 13:33:19.383004 runningboardd(RunningBoard)[33] <Debug>: Decrementing suppression state to 2 for application<dev.selfhost.firstActivationProbe>
Aug 28 13:33:19.384194 runningboardd(RunningBoard)[33] <Debug>: [daemon<com.apple.SpringBoard>:47602] query resolved to [application<dev.selfhost.firstActivationProbe>:57577]
Aug 28 13:33:19.384261 runningboardd(RunningBoard)[33] <Debug>: Sending state 0x1011c84a0 for application<dev.selfhost.firstActivationProbe> to [daemon<com.apple.SpringBoard>:47602]
Aug 28 13:33:19.384319 runningboardd(RunningBoard)[33] <Debug>: Sending state 0x1011c84a0 for application<dev.selfhost.firstActivationProbe> to [daemon<com.apple.mediaserverd>:36]
Aug 28 13:33:19.384375 runningboardd(RunningBoard)[33] <Notice>: [application<dev.selfhost.firstActivationProbe>:57577] Set darwin role to: UserInteractiveFocal
Aug 28 13:33:19.384428 runningboardd(RunningBoard)[33] <Info>: Finished acquiring assertion 33-33-7768 (target:[application<dev.selfhost.firstActivationProbe>:57577])
Aug 28 13:33:19.384983 runningboardd(RunningBoard)[33] <Notice>: Successfully acquired underlying assertion for [application<dev.selfhost.firstActivationProbe>:57577]
Aug 28 13:33:19.385104 runningboardd(RunningBoard)[33] <Debug>: Decrementing suppression state to 1 for application<dev.selfhost.firstActivationProbe>
Aug 28 13:33:19.385183 runningboardd(RunningBoard)[33] <Debug>: Updating events for assertion: 33-47602-7767 (target:application<dev.selfhost.firstActivationProbe>)
Aug 28 13:33:19.385325 runningboardd(RunningBoard)[33] <Debug>: Removing events for context: 33-47602-7767 (target:application<dev.selfhost.firstActivationProbe>)
Aug 28 13:33:19.385383 runningboardd(RunningBoard)[33] <Info>: [application<dev.selfhost.firstActivationProbe>:57577] Disabled CPU monitoring
Aug 28 13:33:19.385461 runningboardd(RunningBoard)[33] <Debug>: Sending state 0x1011c84a0 for application<dev.selfhost.firstActivationProbe> to [daemon<com.apple.symptomsd>:170]
Aug 28 13:33:19.385584 runningboardd(RunningBoard)[33] <Debug>: Enqueueing events for assertion: 33-47602-7767 (target:application<dev.selfhost.firstActivationProbe>)
Aug 28 13:33:19.385650 runningboardd(RunningBoard)[33] <Info>: [application<dev.selfhost.firstActivationProbe>:57577] Reset CPU monitoring limits to defaults
Aug 28 13:33:19.385707 runningboardd(RunningBoard)[33] <Info>: [application<dev.selfhost.firstActivationProbe>:57577] Resumed CPU monitoring
Aug 28 13:33:19.385774 runningboardd(RunningBoard)[33] <Debug>: Updating events for assertion: 33-33-7768 (target:[application<dev.selfhost.firstActivationProbe>:57577])
Aug 28 13:33:19.386345 backboardd(IOKit)[65] <Debug>: SetProperty called IOHIDEventSystemClientIsUnresponsive=0 caller=IOHIDEventSystemConnection uuid:43850C4B-E48A-48B0-86E7-E1BBA62EE335 pid:57577 process:Runner type:Passive entitlements:0x0 caller:BackBoardServices: <redacted> + 336 attributes:{
    bundleID = "dev.selfhost.firstActivationProbe";
Aug 28 13:33:19.386428 runningboardd(RunningBoard)[33] <Debug>: Removing events for context: 33-33-7768 (target:[application<dev.selfhost.firstActivationProbe>:57577])
Aug 28 13:33:19.386523 runningboardd(RunningBoard)[33] <Debug>: Enqueueing events for assertion: 33-33-7768 (target:[application<dev.selfhost.firstActivationProbe>:57577])
Aug 28 13:33:19.386645 runningboardd(RunningBoard)[33] <Info>: [application<dev.selfhost.firstActivationProbe>:57577] Applying updated state
Aug 28 13:33:19.386824 runningboardd(RunningBoard)[33] <Notice>: [application<dev.selfhost.firstActivationProbe>:57577] reported to RB as running
Aug 28 13:33:19.387022 SpringBoard(FrontBoard)[47602] <Notice>: Asked to bootstrap a new process for handle: [application<dev.selfhost.firstActivationProbe>:57577]
Aug 28 13:33:19.387192 SpringBoard(FrontBoard)[47602] <Notice>: A pending process already exists for this handle: <FBApplicationProcess: 0x10500bd30; application<dev.selfhost.firstActivationProbe>:57577(v72E7F)>
Aug 28 13:33:19.387311 SpringBoard(RunningBoardServices)[47602] <Notice>: Hit the server for a process handle 135306500000e0e9 that resolved to: [application<dev.selfhost.firstActivationProbe>:57577]
Aug 28 13:33:19.389338 SpringBoard(FrontBoard)[47602] <Notice>: [application<dev.selfhost.firstActivationProbe>:57577] Setting process task state to: Running
Aug 28 13:33:19.389399 SpringBoard(FrontBoard)[47602] <Notice>: [application<dev.selfhost.firstActivationProbe>:57577] Setting process visibility to: Foreground
Aug 28 13:33:19.390371 SpringBoard(FrontBoard)[47602] <Notice>: [application<dev.selfhost.firstActivationProbe>:57577] Registering event dispatcher at connect
Aug 28 13:33:19.390439 SpringBoard(FrontBoard)[47602] <Info>: Registering workspace for processHandle: [application<dev.selfhost.firstActivationProbe>:57577]
Aug 28 13:33:19.390545 SpringBoard(FrontBoardServices)[47602] <Info>: [application<dev.selfhost.firstActivationProbe>:57577] [realTime] Now monitoring resource allowance of 20.00s (at refreshInterval -1.00s)
Aug 28 13:33:19.390812 SpringBoard(FrontBoard)[47602] <Notice>: [application<dev.selfhost.firstActivationProbe>:57577] Initial launch assertion state: ForegroundFocal.
Aug 28 13:33:19.391714 SpringBoard(FrontBoard)[47602] <Notice>: Adding: <FBApplicationProcess: 0x10500bd30; application<dev.selfhost.firstActivationProbe>:57577(v72E7F)>
Aug 28 13:33:19.391981 SpringBoard(FrontBoard)[47602] <Notice>: change foreground process from list:<FBApplicationProcess: 0x10500bd30; application<dev.selfhost.firstActivationProbe>:57577(v72E7F)>
Aug 28 13:33:19.392036 SpringBoard(FrontBoard)[47602] <Info>: Setting BKSEventFocusManager's foreground app to: <FBApplicationProcess: 0x10500bd30; application<dev.selfhost.firstActivationProbe>:57577(v72E7F)>
Aug 28 13:33:19.392371 SpringBoard(FrontBoard)[47602] <Info>: FBWorkspaceDomain: Assigning new workspace connection to workspace (0x282a66520) owned by process: <FBApplicationProcess: 0x10500bd30; application<dev.selfhost.firstActivationProbe>:57577(v72E7F)>
Aug 28 13:33:19.392436 SpringBoard(FrontBoard)[47602] <Notice>: [application<dev.selfhost.firstActivationProbe>:57577] Connection established.
Aug 28 13:33:19.392663 SpringBoard(FrontBoard)[47602] <Notice>: [application<dev.selfhost.firstActivationProbe>:57577] Connection to remote process established!
Aug 28 13:33:19.393026 SpringBoard(FrontBoardServices)[47602] <Info>: [application<dev.selfhost.firstActivationProbe>:57577] [realTime] Stopped monitoring.
Aug 28 13:33:19.393194 SpringBoard(FrontBoardServices)[47602] <Debug>: [application<dev.selfhost.firstActivationProbe>:57577] [realTime] Updated resource consumption: 0.001s (0.01%)
Aug 28 13:33:19.396407 SpringBoard(FrontBoard)[47602] <Info>: [application<dev.selfhost.firstActivationProbe>:57577] Provision <FBSProcessResourceProvision: 0x282f22370; allowance: <; FBSProcessResourceAllowance; type: realTime; timeValue: 20.0s>> has remainder <FBSProcessResourceProvision: 0x282f20750; allowance: <; FBSProcessResourceAllowance; type: realTime; timeValue: 20.00s>>
Aug 28 13:33:19.397101 SpringBoard(FrontBoard)[47602] <Info>: [application<dev.selfhost.firstActivationProbe>:57577] Made scene-create policy: <FBSProcessWatchdogPolicy: 0x281c1be00; name: "scene create after launch"> {
Aug 28 13:33:19.397928 Runner(FrontBoardServices)[57577] <Notice>: FBSWorkspace connecting to endpoint : <private>
Aug 28 13:33:19.398028 Runner(FrontBoardServices)[57577] <Notice>: FBSWorkspace registering source: <private>
Aug 28 13:33:19.398080 Runner(FrontBoardServices)[57577] <Notice>: FBSWorkspace connected to endpoint : <private>
Aug 28 13:33:19.398368 Runner(RunningBoardServices)[57577] <Notice>: Added observer for process assertions expiration warning: <_RBSExpirationWarningClient: 0x282a697a0>
Aug 28 13:33:19.398453 Runner(RunningBoardServices)[57577] <Notice>: Creating connection to com.apple.runningboard
Aug 28 13:33:19.398515 Runner(CoreFoundation)[57577] <Debug>: found no value for key UIScreenIsCapturedValue in CFPrefsSearchListSource<0x28047c500> (Domain: com.apple.UIKit, Container: (null))
Aug 28 13:33:19.399152 SpringBoard(FrontBoardServices)[47602] <Debug>: [application<dev.selfhost.firstActivationProbe>:57577] Invalidating <FBProcessWatchdog: 0x283e83250; name: process-launch; time: 20.0s>
Aug 28 13:33:19.399223 SpringBoard(FrontBoardServices)[47602] <Debug>: [application<dev.selfhost.firstActivationProbe>:57577] [realTime] Invalidated
Aug 28 13:33:19.400757 Runner(CoreFoundation)[57577] <Debug>: looked up value <private> for key AppleLanguages in CFPrefsPlistSource<0x28047d600> (Domain: kCFPreferencesAnyApplication, User: kCFPreferencesCurrentUser, ByHost: No, Container: (null), Contents Need Refresh: No) via CFPrefsSearchListSource<0x28047d080> (Domain: dev.selfhost.firstActivationProbe, Container: (null))
Aug 28 13:33:19.400804 Runner(CoreFoundation)[57577] <Debug>: Language lookup at <private>
Aug 28 13:33:19.400843 Runner(CoreFoundation)[57577] <Debug>: Resource lookup at <private>
Aug 28 13:33:19.400892 Runner(CoreFoundation)[57577] <Debug>: found no value for key _UIEnableLegacyRTL in CFPrefsSearchListSource<0x28047c500> (Domain: com.apple.UIKit, Container: (null))
Aug 28 13:33:19.400935 Runner(CoreFoundation)[57577] <Debug>: found no value for key NSTighteningFactorForTruncation in CFPrefsSearchListSource<0x28047d080> (Domain: dev.selfhost.firstActivationProbe, Container: (null))
Aug 28 13:33:19.400974 Runner(CoreFoundation)[57577] <Debug>: found no value for key NSTighteningFactorForTruncation in CFPrefsSearchListSource<0x28047d080> (Domain: dev.selfhost.firstActivationProbe, Container: (null))
Aug 28 13:33:19.401730 cfprefsd(CoreFoundation)[91] <Debug>: Process 57577 (Runner) sent a request related to { dev.selfhost.firstActivationProbe, user: kCFPreferencesAnyUser, kCFPreferencesCurrentHost, /var/preferences/dev.selfhost.firstActivationProbe.plist, managed: 0 } (0x101858e80)
Aug 28 13:33:19.401806 cfprefsd(CoreFoundation)[91] <Debug>: Process 57577 (Runner) sent a request related to { com.apple.Accessibility, user: mobile, kCFPreferencesCurrentHost, /Library/Managed Preferences/mobile/com.apple.Accessibility.plist, managed: 1 } (0x101814050)
Aug 28 13:33:19.401856 cfprefsd(CoreFoundation)[91] <Debug>: Process 57577 (Runner) sent a request related to { com.apple.Accessibility, user: kCFPreferencesAnyUser, kCFPreferencesCurrentHost, /Library/Managed Preferences/com.apple.Accessibility.plist, managed: 1 } (0x101814300)
Aug 28 13:33:19.401955 SpringBoard(FrontBoard)[47602] <Notice>: [application<dev.selfhost.firstActivationProbe>:57577] Registered new scene: <FBUIApplicationWorkspaceScene: 0x282641d40; sceneID:dev.selfhost.firstActivationProbe-default> (fromRemnant = 0)
Aug 28 13:33:19.401974 SpringBoard(FrontBoard)[47602] <Notice>: [sceneID:dev.selfhost.firstActivationProbe-default][1] Scene activated.
Aug 28 13:33:19.402007 SpringBoard(FrontBoard)[47602] <Debug>: [FBSceneManager] PENDING:   <BSEventQueueEvent: 0x281c24500; didAdd-sceneID:dev.selfhost.firstActivationProbe-default(0)> @ back
Aug 28 13:33:19.402141 SpringBoard(FrontBoard)[47602] <Debug>: [FBSceneManager] EXECUTING: <BSEventQueueEvent: 0x281c24500; didAdd-sceneID:dev.selfhost.firstActivationProbe-default(0)>
Aug 28 13:33:19.402206 SpringBoard(FrontBoard)[47602] <Debug>: [FBSceneManager] PENDING:   <BSEventQueueEvent: 0x281c24d80; didAdd-sceneID:dev.selfhost.firstActivationProbe-default(0)> @ front
Aug 28 13:33:19.402230 SpringBoard(FrontBoard)[47602] <Notice>: [application<dev.selfhost.firstActivationProbe>:57577] Workspace interruption policy did change: reconnect
Aug 28 13:33:19.402269 SpringBoard(FrontBoard)[47602] <Debug>: [FBSceneManager] EXECUTING: <BSEventQueueEvent: 0x281c24d80; didAdd-sceneID:dev.selfhost.firstActivationProbe-default(0)>
Aug 28 13:33:19.402437 Runner(CoreFoundation)[57577] <Debug>: found no value for key NSAllowsDefaultTighteningForTruncation in CFPrefsSearchListSource<0x28047d080> (Domain: dev.selfhost.firstActivationProbe, Container: (null))
Aug 28 13:33:19.402478 Runner(CoreFoundation)[57577] <Debug>: found no value for key NSUsesDefaultHyphenation in CFPrefsSearchListSource<0x28047d080> (Domain: dev.selfhost.firstActivationProbe, Container: (null))
Aug 28 13:33:19.402515 Runner(CoreFoundation)[57577] <Debug>: found no value for key NSDefaultHyphenationFactor in CFPrefsSearchListSource<0x28047d080> (Domain: dev.selfhost.firstActivationProbe, Container: (null))
Aug 28 13:33:19.402544 Runner(CoreFoundation)[57577] <Debug>: found no value for key NSForceRightToLeftWritingDirection in CFPrefsSearchListSource<0x28047d080> (Domain: dev.selfhost.firstActivationProbe, Container: (null))
Aug 28 13:33:19.402563 Runner(CoreFoundation)[57577] <Debug>: CFPrefsManagedSource<0x280474300> (Domain: com.apple.Accessibility, User: kCFPreferencesCurrentUser, ByHost: Yes, Container: (null), Contents Need Refresh: No) loaded: an empty base plist and no additional changes from the base plist
Aug 28 13:33:19.402587 Runner(CoreFoundation)[57577] <Debug>: CFPrefsManagedSource<0x280474380> (Domain: com.apple.Accessibility, User: kCFPreferencesAnyUser, ByHost: Yes, Container: (null), Contents Need Refresh: No) loaded: an empty base plist and no additional changes from the base plist
Aug 28 13:33:19.402882 Runner(CoreFoundation)[57577] <Debug>: CFPrefsPlistSource<0x280474280> (Domain: com.apple.Accessibility, User: kCFPreferencesCurrentUser, ByHost: No, Container: (null), Contents Need Refresh: No) loaded: a new base plist and no additional changes from the base plist
Aug 28 13:33:19.402906 Runner(CoreFoundation)[57577] <Debug>: CFPrefsPlistSource<0x280474500> (Domain: com.apple.Accessibility, User: kCFPreferencesAnyUser, ByHost: Yes, Container: (null), Contents Need Refresh: No) loaded: an empty base plist and no additional changes from the base plist
Aug 28 13:33:19.402924 Runner(CoreFoundation)[57577] <Debug>: found no value for key ForceTouchEnabled in CFPrefsSearchListSource<0x280474200> (Domain: com.apple.Accessibility, Container: (null))
Aug 28 13:33:19.402949 Runner(libAccessibility.dylib)[57577] <Debug>: CF Read: domain = com.apple.Accessibility, preference = ForceTouchEnabled, appID = (null) result = (null) (-1 - empty, 0 - false, 1 - true)
Aug 28 13:33:19.402968 Runner(CoreFoundation)[57577] <Debug>: found no value for key ForceTouchEnabled in CFPrefsPlistSource<0x280474280> (Domain: com.apple.Accessibility, User: kCFPreferencesCurrentUser, ByHost: No, Container: (null), Contents Need Refresh: No)
Aug 28 13:33:19.402986 Runner(CoreFoundation)[57577] <Debug>: found no value for key UIPreferredContentSizeCategoryName in CFPrefsSearchListSource<0x28047d080> (Domain: dev.selfhost.firstActivationProbe, Container: (null))
Aug 28 13:33:19.403087 SpringBoard(FrontBoard)[47602] <Info>: Client intercepting scene update for scene: sceneID:dev.selfhost.firstActivationProbe-default
Aug 28 13:33:19.403133 SpringBoard(UIKitCore)[47602] <Notice>: Now tracking: <FBScene: 0x28286e580; sceneID:dev.selfhost.firstActivationProbe-default>
Aug 28 13:33:19.403152 SpringBoard(UIKitCore)[47602] <Notice>: [sceneID:dev.selfhost.firstActivationProbe-default] Setting deactivation reasons to: 'systemAnimation' for reason: scene settings update - settings are eligible for deactivation reasons.
Aug 28 13:33:19.403172 SpringBoard(FrontBoard)[47602] <Debug>: START SCENE MUTATION ------- sceneID:dev.selfhost.firstActivationProbe-default
Aug 28 13:33:19.403190 SpringBoard(FrontBoard)[47602] <Debug>: [FBSceneManager] PENDING:   <BSEventQueueEvent: 0x281c26540; sceneDidActivate-sceneID:dev.selfhost.firstActivationProbe-default(1)> @ back
Aug 28 13:33:19.403215 SpringBoard(FrontBoard)[47602] <Debug>: [FBSceneManager] PENDING:   <BSEventQueueEvent: 0x281c26b40; sceneUpdatePrepared-sceneID:dev.selfhost.firstActivationProbe-default(1)> @ back
Aug 28 13:33:19.403233 SpringBoard(FrontBoard)[47602] <Debug>: [FBSceneManager] PENDING:   <BSEventQueueEvent: 0x281c22b60; applySettings-sceneID:dev.selfhost.firstActivationProbe-default(1)> @ back
Aug 28 13:33:19.403342 Runner(libAccessibility.dylib)[57577] <Debug>: CF Read Category Name: domain = dev.selfhost.firstActivationProbe, appID = dev.selfhost.firstActivationProbe value = (null)
Aug 28 13:33:19.403403 Runner(libAccessibility.dylib)[57577] <Notice>: Read CategoryName: per-app = 1, category name = (null)
Aug 28 13:33:19.403454 Runner(CoreFoundation)[57577] <Debug>: found no value for key UIPreferredContentSizeCategoryName in CFPrefsSearchListSource<0x28047c500> (Domain: com.apple.UIKit, Container: (null))
Aug 28 13:33:19.403496 Runner(libAccessibility.dylib)[57577] <Debug>: CF Read Category Name: domain = /var/mobile/Library/Preferences/com.apple.UIKit, appID = (null) value = (null)
Aug 28 13:33:19.403532 Runner(libAccessibility.dylib)[57577] <Notice>: Read CategoryName: per-app = 0, category name = (null)
Aug 28 13:33:19.403560 Runner(CoreFoundation)[57577] <Debug>: found no value for key UICarPlayPreferredContentSizeCategoryName in CFPrefsSearchListSource<0x28047c500> (Domain: com.apple.UIKit, Container: (null))
Aug 28 13:33:19.403580 SpringBoard(FrontBoard)[47602] <Debug>: Flushing all events for sceneID:dev.selfhost.firstActivationProbe-default
Aug 28 13:33:19.403599 SpringBoard(FrontBoard)[47602] <Debug>: [FBSceneManager] EXECUTING: <BSEventQueueEvent: 0x281c26540; sceneDidActivate-sceneID:dev.selfhost.firstActivationProbe-default(1)>
Aug 28 13:33:19.403636 SpringBoard(FrontBoard)[47602] <Debug>: [FBSceneManager] PENDING:   <BSEventQueueEvent: 0x281c239c0; sceneDidActivate-sceneID:dev.selfhost.firstActivationProbe-default(1)> @ front
Aug 28 13:33:19.403664 Runner(CoreFoundation)[57577] <Debug>: found no value for key EnhancedTextLegibilityEnabled in CFPrefsSearchListSource<0x280474200> (Domain: com.apple.Accessibility, Container: (null))
Aug 28 13:33:19.403683 Runner(libAccessibility.dylib)[57577] <Debug>: CF Read: domain = com.apple.Accessibility, preference = EnhancedTextLegibilityEnabled, appID = (null) result = (null) (-1 - empty, 0 - false, 1 - true)
Aug 28 13:33:19.403701 Runner(CoreFoundation)[57577] <Debug>: found no value for key EnhancedTextLegibilityEnabled in CFPrefsPlistSource<0x280474280> (Domain: com.apple.Accessibility, User: kCFPreferencesCurrentUser, ByHost: No, Container: (null), Contents Need Refresh: No)
Aug 28 13:33:19.403718 Runner(CoreFoundation)[57577] <Debug>: found no value for key DarkenSystemColors in CFPrefsSearchListSource<0x280474200> (Domain: com.apple.Accessibility, Container: (null))
Aug 28 13:33:19.403737 Runner(libAccessibility.dylib)[57577] <Debug>: CF Read: domain = com.apple.Accessibility, preference = DarkenSystemColors, appID = (null) result = (null) (-1 - empty, 0 - false, 1 - true)
Aug 28 13:33:19.403759 Runner(CoreFoundation)[57577] <Debug>: found no value for key DarkenSystemColors in CFPrefsPlistSource<0x280474280> (Domain: com.apple.Accessibility, User: kCFPreferencesCurrentUser, ByHost: No, Container: (null), Contents Need Refresh: No)
Aug 28 13:33:19.403789 SpringBoard(FrontBoard)[47602] <Debug>: [FBSceneManager] EXECUTING: <BSEventQueueEvent: 0x281c239c0; sceneDidActivate-sceneID:dev.selfhost.firstActivationProbe-default(1)>
Aug 28 13:33:19.403897 Runner(CoreFoundation)[57577] <Debug>: found no value for key UITraitCollectionChangeLoggingEnabled in CFPrefsSearchListSource<0x28047d080> (Domain: dev.selfhost.firstActivationProbe, Container: (null))
Aug 28 13:33:19.403915 Runner(CoreFoundation)[57577] <Debug>: found no value for key UIStateRestorationDebugLogging in CFPrefsSearchListSource<0x28047d080> (Domain: dev.selfhost.firstActivationProbe, Container: (null))
Aug 28 13:33:19.403933 Runner(CoreFoundation)[57577] <Debug>: Resource lookup at <private>
Aug 28 13:33:19.403952 Runner(CoreFoundation)[57577] <Debug>: looked up value <private> for key AccessibilityEnabled in CFPrefsPlistSource<0x280474280> (Domain: com.apple.Accessibility, User: kCFPreferencesCurrentUser, ByHost: No, Container: (null), Contents Need Refresh: No) via CFPrefsSearchListSource<0x280474200> (Domain: com.apple.Accessibility, Container: (null))
Aug 28 13:33:19.403970 Runner(libAccessibility.dylib)[57577] <Debug>: CF Read: domain = com.apple.Accessibility, preference = AccessibilityEnabled, appID = (null) result = 0 (-1 - empty, 0 - false, 1 - true)
Aug 28 13:33:19.403988 Runner(CoreFoundation)[57577] <Debug>: looked up value <private> for key InvertColorsEnabled in CFPrefsPlistSource<0x280474280> (Domain: com.apple.Accessibility, User: kCFPreferencesCurrentUser, ByHost: No, Container: (null), Contents Need Refresh: No) via CFPrefsSearchListSource<0x280474200> (Domain: com.apple.Accessibility, Container: (null))
Aug 28 13:33:19.405158 SpringBoard[47602] <Notice>: didAddExternalForegroundApplicationSceneHandle pid:57577 scene:com.apple.frontboard.systemappservices::sceneID%3Adev.selfhost.firstActivationProbe-default now:<recentPIDs: [57577]; recentSceneIdentityTokensByPID: {57577: [com.apple.frontboard.systemappservices::sceneID%3Adev.selfhost.firstActivationProbe-default]}>
Aug 28 13:33:19.405220 SpringBoard[47602] <Notice>: policy: MRU target:<pid=57577 token=com.apple.frontboard.systemappservices::sceneID%3Adev.selfhost.firstActivationProbe-default>
Aug 28 13:33:19.405283 SpringBoard[47602] <Notice>: policy: now generation: 367; keyboardFocusTarget: <token: com.apple.frontboard.systemappservices::sceneID%3Adev.selfhost.firstActivationProbe-default; pid: 57577>; recentlyUsedScenes: <recentPIDs: [57577]; recentSceneIdentityTokensByPID: {57577: [com.apple.frontboard.systemappservices::sceneID%3Adev.selfhost.firstActivationProbe-default]}>; selectionPolicy: KeyboardArbiter; shouldSuppressRemoteDeferring: 0
Aug 28 13:33:19.405755 Runner(libAccessibility.dylib)[57577] <Debug>: CF Read: domain = com.apple.Accessibility, preference = InvertColorsEnabled, appID = (null) result = 0 (-1 - empty, 0 - false, 1 - true)
Aug 28 13:33:19.406431 Runner(libAccessibility.dylib)[57577] <Debug>: Read Global: preference = InvertColorsEnabled, result = 0 (-1 - empty, 0 - false, 1 - true)
Aug 28 13:33:19.406489 Runner(libAccessibility.dylib)[57577] <Debug>: Updated cache: preference = InvertColorsEnabled, result = 0 (-1 - empty, 0 - false, 1 - true)
Aug 28 13:33:19.406587 SpringBoard(FrontBoard)[47602] <Debug>: [FBSceneManager] EXECUTING: <BSEventQueueEvent: 0x281c26b40; sceneUpdatePrepared-sceneID:dev.selfhost.firstActivationProbe-default(1)>
Aug 28 13:33:19.406635 SpringBoard(FrontBoard)[47602] <Debug>: [FBSceneManager] PENDING:   <BSEventQueueEvent: 0x281c258a0; sceneUpdatePrepared-sceneID:dev.selfhost.firstActivationProbe-default(1)> @ front
Aug 28 13:33:19.406813 Runner(CoreFoundation)[57577] <Debug>: looked up value <private> for key ApplicationAccessibilityEnabled in CFPrefsPlistSource<0x280474280> (Domain: com.apple.Accessibility, User: kCFPreferencesCurrentUser, ByHost: No, Container: (null), Contents Need Refresh: No) via CFPrefsSearchListSource<0x280474200> (Domain: com.apple.Accessibility, Container: (null))
Aug 28 13:33:19.406854 SpringBoard(FrontBoard)[47602] <Debug>: [FBSceneManager] EXECUTING: <BSEventQueueEvent: 0x281c258a0; sceneUpdatePrepared-sceneID:dev.selfhost.firstActivationProbe-default(1)>
Aug 28 13:33:19.406902 Runner(libAccessibility.dylib)[57577] <Debug>: CF Read: domain = com.apple.Accessibility, preference = ApplicationAccessibilityEnabled, appID = (null) result = 0 (-1 - empty, 0 - false, 1 - true)
Aug 28 13:33:19.406984 Runner(XCTTargetBootstrap)[57577] <Notice>: Registering for test daemon availability notify post.
Aug 28 13:33:19.407032 SpringBoard(FrontBoard)[47602] <Debug>: [FBSceneManager] EXECUTING: <BSEventQueueEvent: 0x281c22b60; applySettings-sceneID:dev.selfhost.firstActivationProbe-default(1)>
Aug 28 13:33:19.407077 Runner(XCTTargetBootstrap)[57577] <Notice>: notify_get_state check indicated test daemon not ready.
Aug 28 13:33:19.407103 SpringBoard(FrontBoard)[47602] <Notice>: [sceneID:dev.selfhost.firstActivationProbe-default] scene content state changed: preparing
Aug 28 13:33:19.407150 Runner(XCTTargetBootstrap)[57577] <Notice>: notify_get_state check indicated test daemon not ready.
Aug 28 13:33:19.407173 Runner(XCTTargetBootstrap)[57577] <Notice>: notify_get_state check indicated test daemon not ready.
Aug 28 13:33:19.407224 Runner(CoreFoundation)[57577] <Debug>: found no value for key UIRequireCrimsonLifecycle in CFPrefsSearchListSource<0x28047c500> (Domain: com.apple.UIKit, Container: (null))
Aug 28 13:33:19.407259 SpringBoard(FrontBoard)[47602] <Debug>: [FBSceneManager] PENDING:   <BSEventQueueEvent: 0x281c201a0; contentStateDidChange-sceneID:dev.selfhost.firstActivationProbe-default(1)> @ back
Aug 28 13:33:19.407305 SpringBoard(FrontBoard)[47602] <Debug>: [FBSceneManager] PENDING:   <BSEventQueueEvent: 0x281c22b80; sceneUpdateApplied-sceneID:dev.selfhost.firstActivationProbe-default(1)> @ back
Aug 28 13:33:19.407447 SpringBoard(FrontBoard)[47602] <Debug>: [FBSceneManager] PENDING:   <BSEventQueueEvent: 0x281c239c0; sceneMutationCompletion-sceneID:dev.selfhost.firstActivationProbe-default(1)> @ back
Aug 28 13:33:19.407494 SpringBoard(FrontBoard)[47602] <Debug>: [FBSceneManager] EXECUTING: <BSEventQueueEvent: 0x281c201a0; contentStateDidChange-sceneID:dev.selfhost.firstActivationProbe-default(1)>
Aug 28 13:33:19.407541 SpringBoard(FrontBoard)[47602] <Debug>: [FBSceneManager] PENDING:   <BSEventQueueEvent: 0x281c26b40; contentStateDidChange-sceneID:dev.selfhost.firstActivationProbe-default(1)> @ front
Aug 28 13:33:19.407584 SpringBoard(FrontBoard)[47602] <Debug>: [FBSceneManager] EXECUTING: <BSEventQueueEvent: 0x281c26b40; contentStateDidChange-sceneID:dev.selfhost.firstActivationProbe-default(1)>
Aug 28 13:33:19.407627 SpringBoard(FrontBoard)[47602] <Notice>: [sceneID:dev.selfhost.firstActivationProbe-default] Scene lifecycle state did change: Foreground
Aug 28 13:33:19.407783 SpringBoard(FrontBoard)[47602] <Notice>: [sceneID:dev.selfhost.firstActivationProbe-default] Scene assertion state did change: ForegroundFocal.
Aug 28 13:33:19.407893 SpringBoard(FrontBoard)[47602] <Notice>: [application<dev.selfhost.firstActivationProbe>:57577] Launch assertion supersedes update of workspace assertion to ForegroundFocal.
Aug 28 13:33:19.407917 SpringBoard(FrontBoard)[47602] <Debug>: [FBSceneManager] EXECUTING: <BSEventQueueEvent: 0x281c22b80; sceneUpdateApplied-sceneID:dev.selfhost.firstActivationProbe-default(1)>
Aug 28 13:33:19.407986 SpringBoard(FrontBoard)[47602] <Debug>: [FBSceneManager] PENDING:   <BSEventQueueEvent: 0x281c24de0; sceneUpdateApplied-sceneID:dev.selfhost.firstActivationProbe-default(1)> @ front
Aug 28 13:33:19.408025 SpringBoard(FrontBoard)[47602] <Notice>: [application<dev.selfhost.firstActivationProbe>:57577] Workspace assertion state did change: ForegroundFocal (acquireAssertion = NO).
Aug 28 13:33:19.408048 SpringBoard(FrontBoard)[47602] <Debug>: [FBSceneManager] EXECUTING: <BSEventQueueEvent: 0x281c24de0; sceneUpdateApplied-sceneID:dev.selfhost.firstActivationProbe-default(1)>
Aug 28 13:33:19.408081 SpringBoard(FrontBoardServices)[47602] <Info>: [application<dev.selfhost.firstActivationProbe>:57577] [realTime] Now monitoring resource allowance of 20.00s (at refreshInterval -1.00s)
Aug 28 13:33:19.408142 runningboardd(RunningBoard)[33] <Notice>: Acquiring assertion targeting [application<dev.selfhost.firstActivationProbe>:57577] from originator [daemon<com.apple.SpringBoard>:47602] with description <RBSAssertionDescriptor| "com.apple.frontboard.after-life.interrupted" ID:33-47602-7769 target:57577 attributes:[
Aug 28 13:33:19.408171 runningboardd(RunningBoard)[33] <Notice>: Assertion 33-47602-7769 (target:[application<dev.selfhost.firstActivationProbe>:57577]) will be created as inactive as originator process has not exited
Aug 28 13:33:19.408247 SpringBoard(FrontBoard)[47602] <Notice>: [sceneID:dev.selfhost.firstActivationProbe-default] Sending scene action [Logical Activate][0xa1a1] to process 0x10500bd30 (watchdog: 20.00s)
Aug 28 13:33:19.408313 SpringBoard(FrontBoard)[47602] <Debug>: [FBSceneManager] EXECUTING: <BSEventQueueEvent: 0x281c239c0; sceneMutationCompletion-sceneID:dev.selfhost.firstActivationProbe-default(1)>
Aug 28 13:33:19.408331 SpringBoard(FrontBoard)[47602] <Debug>: ---------- END SCENE MUTATION: sceneID:dev.selfhost.firstActivationProbe-default
Aug 28 13:33:19.408428 runningboardd(RunningBoard)[33] <Debug>: [daemon<com.apple.CommCenter>:90] query resolved to [application<dev.selfhost.firstActivationProbe>:57577]
Aug 28 13:33:19.408448 runningboardd(RunningBoard)[33] <Info>: Received message from [application<dev.selfhost.firstActivationProbe>:57577] (euid 501, auid 501): handshakeWithRequest:
Aug 28 13:33:19.409104 kernel(Sandbox)[0] <Notice>: /private/var/containers/Bundle/Application/1EC21BA9-82AA-4B85-B2FC-10B206BC5C35/Runner.app/Runner[57577] ==> container
Aug 28 13:33:19.409136 kernel(Sandbox)[0] <Error>: Sandbox: Runner(57577) deny(2) file-test-existence /private/etc/.mdns_debug
Aug 28 13:33:19.410451 Runner(UIKitCore)[57577] <Notice>: Deactivation reason added: 11; deactivation reasons: 1024 -> 3072; animating application lifecycle event: 0
Aug 28 13:33:19.410472 Runner(CoreFoundation)[57577] <Debug>: Resource lookup at <private>
Aug 28 13:33:19.410490 Runner(RunningBoardServices)[57577] <Notice>: Handshake succeeded
Aug 28 13:33:19.410605 Runner(RunningBoardServices)[57577] <Notice>: Identity resolved as application<dev.selfhost.firstActivationProbe>
Aug 28 13:33:19.410626 Runner(FrontBoardServices)[57577] <Info>: [FBSScene] [sceneID:dev.selfhost.firstActivationProbe-default] Created client agent: <UIApplicationSceneClientAgent: 0x2828783e0>
Aug 28 13:33:19.410645 Runner(RunningBoardServices)[57577] <Debug>: Received message from server: async_didChangeInheritances:completion:
Aug 28 13:33:19.410760 mediaserverd(CoreMotion)[36] <Debug>: Ping timer fired, resetting watchdog
Aug 28 13:33:19.410779 mediaserverd(RunningBoardServices)[36] <Notice>: Hit the server for a process handle 135306500000e0e9 that resolved to: [application<dev.selfhost.firstActivationProbe>:57577]
Aug 28 13:33:19.410812 runningboardd(RunningBoard)[33] <Notice>: Setting client for [application<dev.selfhost.firstActivationProbe>:57577] as ready
        <SBDeviceApplicationSceneEntity: 0x283effe30; ID: sceneID:dev.selfhost.firstActivationProbe-default; layoutRole: primary>
        <SBDeviceApplicationSceneEntity: 0x283effe30; ID: sceneID:dev.selfhost.firstActivationProbe-default; layoutRole: primary>
Aug 28 13:33:19.411512 runningboardd(RunningBoard)[33] <Debug>: Adding assertion 33-47602-7769 (target:[application<dev.selfhost.firstActivationProbe>:57577])
Aug 28 13:33:19.411748 SpringBoard(RunningBoardServices)[47602] <Info>: Update delivered for [application<dev.selfhost.firstActivationProbe>:57577] with taskState 4
Aug 28 13:33:19.411820 SpringBoard(SplashBoard)[47602] <Info>: <XBApplicationSnapshot: 0x109d3cb20; …A909693DA7E7> [dev.selfhost.firstActivationProbe] not purging the cached image; force: 0; _imageAccessCount: 0; _keepImageAccessUntilExpiration: 0; _hasProtectedContent: 0; _keepImageAccessForPreheat: 1
Aug 28 13:33:19.411852 SpringBoard(SplashBoard)[47602] <Info>: <XBApplicationSnapshot: 0x109ddf7d0; …2F3B89D0D3F1> [dev.selfhost.firstActivationProbe] not purging the cached image; force: 0; _imageAccessCount: 1; _keepImageAccessUntilExpiration: 0; _hasProtectedContent: 0; _keepImageAccessForPreheat: 0
Aug 28 13:33:19.412157 Runner(RunningBoardServices)[57577] <Info>: didChangeInheritances
Aug 28 13:33:19.412176 Runner(RunningBoardServices)[57577] <Info>: didChangeInheritances: <RBSInheritanceChangeSet| gained:{(
Aug 28 13:33:19.412195 Runner(CoreFoundation)[57577] <Debug>: found no value for key UIStateRestorationDeveloperMode in CFPrefsSearchListSource<0x28047d080> (Domain: dev.selfhost.firstActivationProbe, Container: (null))
Aug 28 13:33:19.412214 Runner(UIKitCore)[57577] <Notice>: Deactivation reason removed: 10; deactivation reasons: 3072 -> 2048; animating application lifecycle event: 0
Aug 28 13:33:19.412233 Runner(CoreFoundation)[57577] <Debug>: Resource lookup at <private>
	Result        : file:///private/var/containers/Bundle/Application/1EC21BA9-82AA-4B85-B2FC-10B206BC5C35/Runner.app/Base.lproj/Main.storyboardc/
Aug 28 13:33:19.412251 Runner(CoreFoundation)[57577] <Debug>: Resource lookup at <private>
	Result        : file:///private/var/containers/Bundle/Application/1EC21BA9-82AA-4B85-B2FC-10B206BC5C35/Runner.app/Base.lproj/Main.storyboardc/
Aug 28 13:33:19.412269 Runner(CoreFoundation)[57577] <Debug>: Resource lookup at <private>
	Result        : file:///private/var/containers/Bundle/Application/1EC21BA9-82AA-4B85-B2FC-10B206BC5C35/Runner.app/Base.lproj/Main.storyboardc/
Aug 28 13:33:19.412341 SpringBoard(FrontBoard)[47602] <Info>: Client intercepting scene update for scene: sceneID:dev.selfhost.firstActivationProbe-default
Aug 28 13:33:19.412359 SpringBoard(FrontBoard)[47602] <Debug>: START SCENE MUTATION ------- sceneID:dev.selfhost.firstActivationProbe-default
Aug 28 13:33:19.412379 SpringBoard(FrontBoard)[47602] <Debug>: [FBSceneManager] PENDING:   <BSEventQueueEvent: 0x281d21300; sceneUpdatePrepared-sceneID:dev.selfhost.firstActivationProbe-default(2)> @ back
Aug 28 13:33:19.412402 SpringBoard(FrontBoard)[47602] <Debug>: [FBSceneManager] PENDING:   <BSEventQueueEvent: 0x281d21c80; applySettings-sceneID:dev.selfhost.firstActivationProbe-default(2)> @ back
Aug 28 13:33:19.412419 SpringBoard(FrontBoard)[47602] <Debug>: Flushing all events for sceneID:dev.selfhost.firstActivationProbe-default
Aug 28 13:33:19.412437 SpringBoard(FrontBoard)[47602] <Debug>: [FBSceneManager] EXECUTING: <BSEventQueueEvent: 0x281d21300; sceneUpdatePrepared-sceneID:dev.selfhost.firstActivationProbe-default(2)>
Aug 28 13:33:19.412455 SpringBoard(FrontBoard)[47602] <Debug>: [FBSceneManager] PENDING:   <BSEventQueueEvent: 0x281d20300; sceneUpdatePrepared-sceneID:dev.selfhost.firstActivationProbe-default(2)> @ front
Aug 28 13:33:19.412473 Runner(CoreFoundation)[57577] <Debug>: Resource lookup at <private>
	Result        : file:///private/var/containers/Bundle/Application/1EC21BA9-82AA-4B85-B2FC-10B206BC5C35/Runner.app/Base.lproj/Main.storyboardc/
Aug 28 13:33:19.412491 Runner(CoreFoundation)[57577] <Debug>: Resource lookup at <private>
	Result        : file:///private/var/containers/Bundle/Application/1EC21BA9-82AA-4B85-B2FC-10B206BC5C35/Runner.app/Base.lproj/Main.storyboardc/
Aug 28 13:33:19.412509 Runner(CoreFoundation)[57577] <Debug>: Resource lookup at <private>
	Result        : file:///private/var/containers/Bundle/Application/1EC21BA9-82AA-4B85-B2FC-10B206BC5C35/Runner.app/Base.lproj/Main.storyboardc/
Aug 28 13:33:19.412527 Runner(CoreFoundation)[57577] <Debug>: found no value for key _UICanvasShouldDeliverCanvasActionsToCanvasDelegateOnlyKey in CFPrefsSearchListSource<0x28047d080> (Domain: dev.selfhost.firstActivationProbe, Container: (null))
Aug 28 13:33:19.412545 Runner(CoreFoundation)[57577] <Debug>: found no value for key LogBackgroundTask in CFPrefsSearchListSource<0x28047c500> (Domain: com.apple.UIKit, Container: (null))
Aug 28 13:33:19.412565 Runner(UIKitCore)[57577] <Notice>: <private>: Will add backgroundTask with taskName: <private>, expirationHandler: <__NSGlobalBlock__: 0x1ec737410>
Aug 28 13:33:19.412583 SpringBoard(FrontBoard)[47602] <Debug>: [FBSceneManager] EXECUTING: <BSEventQueueEvent: 0x281d20300; sceneUpdatePrepared-sceneID:dev.selfhost.firstActivationProbe-default(2)>
Aug 28 13:33:19.412618 SpringBoard(FrontBoard)[47602] <Debug>: [FBSceneManager] EXECUTING: <BSEventQueueEvent: 0x281d21c80; applySettings-sceneID:dev.selfhost.firstActivationProbe-default(2)>
Aug 28 13:33:19.412636 SpringBoard(FrontBoard)[47602] <Debug>: [FBSceneManager] PENDING:   <BSEventQueueEvent: 0x281d20c40; sceneUpdateApplied-sceneID:dev.selfhost.firstActivationProbe-default(2)> @ back
Aug 28 13:33:19.412797 SpringBoard(FrontBoard)[47602] <Debug>: [FBSceneManager] PENDING:   <BSEventQueueEvent: 0x281d21b20; sceneMutationCompletion-sceneID:dev.selfhost.firstActivationProbe-default(2)> @ back
Aug 28 13:33:19.412853 SpringBoard(FrontBoard)[47602] <Debug>: [FBSceneManager] EXECUTING: <BSEventQueueEvent: 0x281d20c40; sceneUpdateApplied-sceneID:dev.selfhost.firstActivationProbe-default(2)>
Aug 28 13:33:19.412883 SpringBoard(FrontBoard)[47602] <Info>: [sceneID:dev.selfhost.firstActivationProbe-default] Sending scene action [Forward Event][0xb8d2] to process 0x10500bd30 (watchdog: none)
Aug 28 13:33:19.412905 SpringBoard(FrontBoard)[47602] <Debug>: [FBSceneManager] PENDING:   <BSEventQueueEvent: 0x281d20300; sceneUpdateApplied-sceneID:dev.selfhost.firstActivationProbe-default(2)> @ front
Aug 28 13:33:19.412922 SpringBoard(FrontBoard)[47602] <Debug>: [FBSceneManager] EXECUTING: <BSEventQueueEvent: 0x281d20300; sceneUpdateApplied-sceneID:dev.selfhost.firstActivationProbe-default(2)>
Aug 28 13:33:19.413007 runningboardd(RunningBoard)[33] <Debug>: Incrementing suppression state to 2 for application<dev.selfhost.firstActivationProbe>
Aug 28 13:33:19.413026 runningboardd(RunningBoard)[33] <Info>: Received message from [application<dev.selfhost.firstActivationProbe>:57577] (euid 501, auid 501): acquireAssertionWithDescriptor:error:
Aug 28 13:33:19.413044 SpringBoard(FrontBoard)[47602] <Debug>: [FBSceneManager] EXECUTING: <BSEventQueueEvent: 0x281d21b20; sceneMutationCompletion-sceneID:dev.selfhost.firstActivationProbe-default(2)>
Aug 28 13:33:19.413061 SpringBoard(FrontBoard)[47602] <Debug>: ---------- END SCENE MUTATION: sceneID:dev.selfhost.firstActivationProbe-default
Aug 28 13:33:19.413263 runningboardd(RunningBoard)[33] <Info>: application<dev.selfhost.firstActivationProbe> is now targeted by 3 assertions
Aug 28 13:33:19.413297 runningboardd(RunningBoard)[33] <Notice>: Acquiring assertion targeting [application<dev.selfhost.firstActivationProbe>:57577] from originator [application<dev.selfhost.firstActivationProbe>:57577] with description <RBSAssertionDescriptor| "Shared Background Assertion 0 for dev.selfhost.firstActivationProbe" ID:33-57577-7770 target:57577 attributes:[
Aug 28 13:33:19.413317 runningboardd(RunningBoard)[33] <Notice>: Assertion 33-57577-7770 (target:[application<dev.selfhost.firstActivationProbe>:57577]) will be created as inactive as start-time-defining assertions exist
            SceneID: sceneID:dev.selfhost.firstActivationProbe-default
Aug 28 13:33:19.413559 SpringBoard[47602] <Notice>: Application process state changed for dev.selfhost.firstActivationProbe: <SBApplicationProcessState: 0x281c25540; pid: 57577; taskState: Running; visibility: Foreground>
Aug 28 13:33:19.413842 Runner(UIKitCore)[57577] <Notice>: <private>: Created background task <private>. Assertion will be assigned soon
Aug 28 13:33:19.413994 Runner(UIKitCore)[57577] <Notice>: <private>: Creating new assertion since assertion is nil
Aug 28 13:33:19.414049 Runner(RunningBoardServices)[57577] <Info>: Acquiring assertion: <RBSAssertionDescriptor| "Shared Background Assertion 0 for dev.selfhost.firstActivationProbe" ID:(null) target:57577>
Aug 28 13:33:19.414098 Runner(RunningBoardServices)[57577] <Debug>: Adding assertion 33-57577-7770 to dictionary
Aug 28 13:33:19.414137 Runner(UIKitCore)[57577] <Notice>: <private>: Created new assertion <BKSProcessAssertion: 0x28097b9d0>
Aug 28 13:33:19.414176 Runner(UIKitCore)[57577] <Notice>: Deactivation reason added: 5; deactivation reasons: 2048 -> 2080; animating application lifecycle event: 1
Aug 28 13:33:19.414309 SpringBoard(FrontBoard)[47602] <Info>: [sceneID:dev.selfhost.firstActivationProbe-default] Client settings updated with diff: <private>
Aug 28 13:33:19.414347 SpringBoard[47602] <Info>: -[SBApplication _processWillLaunch:] dev.selfhost.firstActivationProbe
Aug 28 13:33:19.414365 SpringBoard[47602] <Notice>: Application process state changed for dev.selfhost.firstActivationProbe: <SBApplicationProcessState: 0x281c277e0; pid: 57577; taskState: Running; visibility: Foreground>
Aug 28 13:33:19.414383 SpringBoard(FrontBoard)[47602] <Info>: [sceneID:dev.selfhost.firstActivationProbe-default] Client settings updated with diff: <private>
Aug 28 13:33:19.414401 SpringBoard[47602] <Info>: -[SBApplication _processDidLaunch:] dev.selfhost.firstActivationProbe
Aug 28 13:33:19.414419 SpringBoard[47602] <Notice>: Application process state changed for dev.selfhost.firstActivationProbe: <SBApplicationProcessState: 0x281c263c0; pid: 57577; taskState: Running; visibility: Foreground>
Aug 28 13:33:19.414475 Runner(CoreFoundation)[57577] <Debug>: found no value for key LogEventDeferring in CFPrefsSearchListSource<0x28047c500> (Domain: com.apple.UIKit, Container: (null))
Aug 28 13:33:19.414494 Runner(UIKitCore)[57577] <Notice>: [0x28017db90] Initialized with scene: <UIWindowScene: 0x102a04750>; behavior: <_UIEventDeferringBehavior_Default: 0x282a768e0>
Aug 28 13:33:19.414548 Runner(CoreFoundation)[57577] <Debug>: found no value for key LogKeyWindow in CFPrefsSearchListSource<0x28047c500> (Domain: com.apple.UIKit, Container: (null))
Aug 28 13:33:19.414585 Runner(CoreFoundation)[57577] <Debug>: found no value for key FullKeyboardAccessEnabled in CFPrefsSearchListSource<0x280474200> (Domain: com.apple.Accessibility, Container: (null))
Aug 28 13:33:19.414614 Runner(libAccessibility.dylib)[57577] <Debug>: CF Read: domain = com.apple.Accessibility, preference = FullKeyboardAccessEnabled, appID = (null) result = (null) (-1 - empty, 0 - false, 1 - true)
Aug 28 13:33:19.414633 Runner(CoreFoundation)[57577] <Debug>: found no value for key FullKeyboardAccessEnabled in CFPrefsPlistSource<0x280474280> (Domain: com.apple.Accessibility, User: kCFPreferencesCurrentUser, ByHost: No, Container: (null), Contents Need Refresh: No)
Aug 28 13:33:19.415074 SpringBoard(RunningBoardServices)[47602] <Info>: Update delivered for [application<dev.selfhost.firstActivationProbe>:57577] with taskState 4
Aug 28 13:33:19.415255 SpringBoard(FrontBoard)[47602] <Info>: [sceneID:dev.selfhost.firstActivationProbe-default] didUpdateClientSettingsWithDiff: <private>
Aug 28 13:33:19.415302 SpringBoard(FrontBoard)[47602] <Debug>: [FBSceneManager] PENDING:   <BSEventQueueEvent: 0x281d04f40; handleDidUpdateClientSettings-sceneID:dev.selfhost.firstActivationProbe-default(2)> @ back
Aug 28 13:33:19.415363 SpringBoard(FrontBoard)[47602] <Debug>: [FBSceneManager] EXECUTING: <BSEventQueueEvent: 0x281d04f40; handleDidUpdateClientSettings-sceneID:dev.selfhost.firstActivationProbe-default(2)>
Aug 28 13:33:19.415440 SpringBoard(FrontBoard)[47602] <Debug>: [FBSceneManager] PENDING:   <BSEventQueueEvent: 0x281d055c0; didUpdateClientSettings-sceneID:dev.selfhost.firstActivationProbe-default(2)> @ back
Aug 28 13:33:19.415486 SpringBoard(FrontBoard)[47602] <Debug>: [FBSceneManager] PENDING:   <BSEventQueueEvent: 0x281d049c0; didUpdateClientSettingsCompletion-sceneID:dev.selfhost.firstActivationProbe-default(2)> @ back
Aug 28 13:33:19.415644 SpringBoard(FrontBoard)[47602] <Debug>: [FBSceneManager] EXECUTING: <BSEventQueueEvent: 0x281d055c0; didUpdateClientSettings-sceneID:dev.selfhost.firstActivationProbe-default(2)>
Aug 28 13:33:19.415687 SpringBoard(FrontBoard)[47602] <Debug>: [FBSceneManager] PENDING:   <BSEventQueueEvent: 0x281d04c20; didUpdateClientSettings-sceneID:dev.selfhost.firstActivationProbe-default(2)> @ front
Aug 28 13:33:19.415731 SpringBoard(FrontBoard)[47602] <Debug>: [FBSceneManager] EXECUTING: <BSEventQueueEvent: 0x281d04c20; didUpdateClientSettings-sceneID:dev.selfhost.firstActivationProbe-default(2)>
Aug 28 13:33:19.415942 Runner(CoreFoundation)[57577] <Debug>: Resource lookup at <private>
Aug 28 13:33:19.415991 Runner(CoreFoundation)[57577] <Debug>: Resource lookup at <private>
	Result        : file:///private/var/containers/Bundle/Application/1EC21BA9-82AA-4B85-B2FC-10B206BC5C35/Runner.app/Base.lproj/Main.storyboardc/
Aug 28 13:33:19.416020 Runner(CoreFoundation)[57577] <Debug>: Resource lookup at <private>
	Result        : file:///private/var/containers/Bundle/Application/1EC21BA9-82AA-4B85-B2FC-10B206BC5C35/Runner.app/Base.lproj/Main.storyboardc/UIViewController-BYZ-38-t0r.nib
Aug 28 13:33:19.416038 Runner(CoreFoundation)[57577] <Debug>: found no value for key UITraitCollectionInvalidationDebuggingModeEnabled in CFPrefsSearchListSource<0x28047d080> (Domain: dev.selfhost.firstActivationProbe, Container: (null))
Aug 28 13:33:19.416056 Runner(CoreFoundation)[57577] <Debug>: Resource lookup at <private>
Aug 28 13:33:19.416076 Runner(CoreFoundation)[57577] <Debug>: Language lookup at <private>
Aug 28 13:33:19.416209 SpringBoard(FrontBoard)[47602] <Debug>: [FBSceneManager] EXECUTING: <BSEventQueueEvent: 0x281d049c0; didUpdateClientSettingsCompletion-sceneID:dev.selfhost.firstActivationProbe-default(2)>
Aug 28 13:33:19.416358 SpringBoard(FrontBoard)[47602] <Info>: [sceneID:dev.selfhost.firstActivationProbe-default] didUpdateClientSettingsWithDiff: <private>
Aug 28 13:33:19.416377 SpringBoard(FrontBoard)[47602] <Debug>: [FBSceneManager] PENDING:   <BSEventQueueEvent: 0x281c26640; handleDidUpdateClientSettings-sceneID:dev.selfhost.firstActivationProbe-default(2)> @ back
Aug 28 13:33:19.416420 SpringBoard(FrontBoard)[47602] <Debug>: [FBSceneManager] EXECUTING: <BSEventQueueEvent: 0x281c26640; handleDidUpdateClientSettings-sceneID:dev.selfhost.firstActivationProbe-default(2)>
Aug 28 13:33:19.416466 Runner(CoreFoundation)[57577] <Debug>: Resource lookup at <private>
	Result        : file:///var/containers/Bundle/Application/1EC21BA9-82AA-4B85-B2FC-10B206BC5C35/Runner.app/Frameworks/Flutter.framework/icudtl.dat
Aug 28 13:33:19.416492 Runner(Flutter)[57577] <Notice>: SANITY CHECK: Running precompiled code.
Aug 28 13:33:19.416512 Runner(CoreFoundation)[57577] <Debug>: Resource lookup at <private>
Aug 28 13:33:19.416548 Runner(CoreFoundation)[57577] <Debug>: Resource lookup at <private>
	Result        : file:///private/var/containers/Bundle/Application/1EC21BA9-82AA-4B85-B2FC-10B206BC5C35/Runner.app/Frameworks/App.framework/
Aug 28 13:33:19.416567 Runner(Flutter)[57577] <Notice>: Using App.framework from /private/var/containers/Bundle/Application/1EC21BA9-82AA-4B85-B2FC-10B206BC5C35/Runner.app/Frameworks/App.framework
Aug 28 13:33:19.416707 Runner(CoreFoundation)[57577] <Debug>: Language lookup at <private>
Aug 28 13:33:19.416771 SpringBoard(FrontBoard)[47602] <Debug>: [FBSceneManager] PENDING:   <BSEventQueueEvent: 0x281d1f9e0; didUpdateClientSettings-sceneID:dev.selfhost.firstActivationProbe-default(2)> @ back
Aug 28 13:33:19.416810 SpringBoard(FrontBoard)[47602] <Debug>: [FBSceneManager] PENDING:   <BSEventQueueEvent: 0x281d1f900; didUpdateClientSettingsCompletion-sceneID:dev.selfhost.firstActivationProbe-default(2)> @ back
Aug 28 13:33:19.416978 SpringBoard(FrontBoard)[47602] <Debug>: [FBSceneManager] EXECUTING: <BSEventQueueEvent: 0x281d1f9e0; didUpdateClientSettings-sceneID:dev.selfhost.firstActivationProbe-default(2)>
Aug 28 13:33:19.417023 SpringBoard(FrontBoard)[47602] <Debug>: [FBSceneManager] PENDING:   <BSEventQueueEvent: 0x281d1e320; didUpdateClientSettings-sceneID:dev.selfhost.firstActivationProbe-default(2)> @ front
Aug 28 13:33:19.417061 SpringBoard(FrontBoard)[47602] <Debug>: [FBSceneManager] EXECUTING: <BSEventQueueEvent: 0x281d1e320; didUpdateClientSettings-sceneID:dev.selfhost.firstActivationProbe-default(2)>
Aug 28 13:33:19.417188 SpringBoard(FrontBoard)[47602] <Debug>: [FBSceneManager] EXECUTING: <BSEventQueueEvent: 0x281d1f900; didUpdateClientSettingsCompletion-sceneID:dev.selfhost.firstActivationProbe-default(2)>
Aug 28 13:33:19.417402 Runner(CoreFoundation)[57577] <Debug>: Resource lookup at <private>
Aug 28 13:33:19.417431 Runner(CoreFoundation)[57577] <Debug>: Resource lookup at <private>
Aug 28 13:33:19.417788 runningboardd(RunningBoard)[33] <Info>: Finished acquiring assertion 33-47602-7769 (target:[application<dev.selfhost.firstActivationProbe>:57577])
Aug 28 13:33:19.417807 Runner(CoreFoundation)[57577] <Debug>: Resource lookup at <private>
	Result        : file:///var/containers/Bundle/Application/1EC21BA9-82AA-4B85-B2FC-10B206BC5C35/Runner.app/Frameworks/App.framework/flutter_assets/
Aug 28 13:33:19.417872 Runner(Flutter)[57577] <Notice>: ASSET PATH /var/containers/Bundle/Application/1EC21BA9-82AA-4B85-B2FC-10B206BC5C35/Runner.app/Frameworks/App.framework/flutter_assets
Aug 28 13:33:19.418002 Runner(CoreFoundation)[57577] <Debug>: Resource lookup at <private>
Aug 28 13:33:19.418022 Runner(CoreFoundation)[57577] <Debug>: Resource lookup at <private>
Aug 28 13:33:19.418109 runningboardd(RunningBoard)[33] <Debug>: Adding assertion 33-57577-7770 (target:[application<dev.selfhost.firstActivationProbe>:57577])
Aug 28 13:33:19.418155 runningboardd(RunningBoard)[33] <Debug>: Sending state 0x1011c84a0 for application<dev.selfhost.firstActivationProbe> to [daemon<com.apple.UserEventAgent-System>:30]
Aug 28 13:33:19.418272 runningboardd(RunningBoard)[33] <Info>: application<dev.selfhost.firstActivationProbe> is now targeted by 4 assertions
Aug 28 13:33:19.418358 Runner(Flutter)[57577] <Notice>: [INFO:flutter/shell/common/shorebird/shorebird.cc(112)] [shorebird] SetBaseSnapshot mappings: vm_data_size=5178 iso_data_size=556021 vm_insns_size=43584 iso_insns_size=1818768 total=2423551
Aug 28 13:33:19.418400 Runner(Flutter)[57577] <Notice>: [shorebird] Preparing next boot.
Aug 28 13:33:19.418431 Runner(Flutter)[57577] <Notice>: [shorebird] No public key configured; skipping signature verification
Aug 28 13:33:19.418520 cfprefsd(CoreFoundation)[91] <Debug>: Process 57577 (Runner) sent a request related to { com.apple.Accessibility, user: mobile, kCFPreferencesAnyHost, /var/mobile/Library/Preferences/com.apple.Accessibility.plist, managed: 0 } (0x100311170)
Aug 28 13:33:19.418574 cfprefsd(CoreFoundation)[91] <Debug>: Process 57577 (Runner) read data for { com.apple.Accessibility, mobile, kCFPreferencesAnyHost, /var/mobile/Library/Preferences/com.apple.Accessibility.plist, managed: 0 }, backed by /private/var/mobile/Library/Preferences/com.apple.Accessibility.plist
Aug 28 13:33:19.418600 cfprefsd(CoreFoundation)[91] <Debug>: Process 57577 (Runner) sent a request related to { com.apple.Accessibility, user: kCFPreferencesAnyUser, kCFPreferencesCurrentHost, /var/preferences/com.apple.Accessibility.plist, managed: 0 } (0x1018145a0)
Aug 28 13:33:19.418651 runningboardd(RunningBoard)[33] <Debug>: Updating events for assertion: 33-47602-7769 (target:[application<dev.selfhost.firstActivationProbe>:57577])
Aug 28 13:33:19.418753 runningboardd(RunningBoard)[33] <Info>: Finished acquiring assertion 33-57577-7770 (target:[application<dev.selfhost.firstActivationProbe>:57577])
Aug 28 13:33:19.418789 cfprefsd(CoreFoundation)[91] <Debug>: Process 57577 (Runner) sent a request related to { com.apple.Metal, user: mobile, kCFPreferencesCurrentHost, /Library/Managed Preferences/mobile/com.apple.Metal.plist, managed: 1 } (0x10034f970)
Aug 28 13:33:19.418840 Runner(Flutter)[57577] <Notice>: [shorebird] Prepared boot of patch 6.
Aug 28 13:33:19.418869 Runner(Flutter)[57577] <Notice>: [INFO:flutter/shell/common/shorebird/shorebird.cc(663)] Shorebird updater: active path: /private/var/mobile/Containers/Data/Application/18E6667F-E66B-4E74-92D9-B14869861554/Library/Application Support/shorebird/shorebird_updater/patches/6/dlc.vmcode
Aug 28 13:33:19.418915 Runner(Flutter)[57577] <Notice>: [INFO:flutter/shell/common/shorebird/shorebird.cc(686)] Shorebird updater: active patch is a Route B container
Aug 28 13:33:19.418966 Runner(Flutter)[57577] <Notice>: [INFO:flutter/shell/common/shorebird/shorebird.cc(762)] Starting Shorebird update
Aug 28 13:33:19.419000 Runner(CoreFoundation)[57577] <Debug>: Resource lookup at <private>
Aug 28 13:33:19.419028 Runner(CoreFoundation)[57577] <Debug>: setting new value <private> for key <private> in CFPrefsSource<0x283f7c640> (Domain: Volatile, User: , ByHost: No, Container: , Contents Need Refresh: No)
Aug 28 13:33:19.419047 Runner(CoreFoundation)[57577] <Debug>: looked up value <private> for key METAL_DEVICE_WRAPPER_TYPE in CFPrefsSource<0x283f7c640> (Domain: Volatile, User: , ByHost: No, Container: , Contents Need Refresh: No) via CFPrefsSearchListSource<0x28047d080> (Domain: dev.selfhost.firstActivationProbe, Container: (null))
Aug 28 13:33:19.419074 Runner(CoreFoundation)[57577] <Debug>: CFPrefsManagedSource<0x28047d200> (Domain: com.apple.Metal, User: kCFPreferencesCurrentUser, ByHost: Yes, Container: (null), Contents Need Refresh: No) loaded: an empty base plist and no additional changes from the base plist
Aug 28 13:33:19.419105 Runner(CoreFoundation)[57577] <Debug>: CFPrefsManagedSource<0x28047d400> (Domain: com.apple.Metal, User: kCFPreferencesAnyUser, ByHost: Yes, Container: (null), Contents Need Refresh: No) loaded: an empty base plist and no additional changes from the base plist
Aug 28 13:33:19.419132 Runner(CoreFoundation)[57577] <Debug>: CFPrefsPlistSource<0x28047e600> (Domain: com.apple.Metal, User: kCFPreferencesCurrentUser, ByHost: No, Container: (null), Contents Need Refresh: No) loaded: an empty base plist and no additional changes from the base plist
Aug 28 13:33:19.419416 Runner(CoreFoundation)[57577] <Debug>: CFPrefsPlistSource<0x28047dc00> (Domain: com.apple.Metal, User: kCFPreferencesAnyUser, ByHost: Yes, Container: (null), Contents Need Refresh: No) loaded: an empty base plist and no additional changes from the base plist
Aug 28 13:33:19.419435 Runner(CoreFoundation)[57577] <Debug>: found no value for key UseMetalTelemetry in CFPrefsSearchListSource<0x28047ef00> (Domain: com.apple.Metal, Container: (null))
Aug 28 13:33:19.419479 Runner(CoreFoundation)[57577] <Debug>: Resource lookup at <private>
Aug 28 13:33:19.419504 Runner(CoreFoundation)[57577] <Debug>: found no value for key MetalForceCaptureEnabled in CFPrefsSearchListSource<0x28047d080> (Domain: dev.selfhost.firstActivationProbe, Container: (null))
Aug 28 13:33:19.419524 Runner(CoreFoundation)[57577] <Debug>: found no value for key VertexInstanceBoundsCheckMode in CFPrefsSearchListSource<0x28047ef00> (Domain: com.apple.Metal, Container: (null))
Aug 28 13:33:19.419542 Runner(CoreFoundation)[57577] <Debug>: found no value for key DisableDriverSuballocation in CFPrefsSearchListSource<0x28047ef00> (Domain: com.apple.Metal, Container: (null))
Aug 28 13:33:19.419592 Runner(CoreFoundation)[57577] <Debug>: found no value for key CPUMappingForPrivateTexturesMode in CFPrefsSearchListSource<0x28047ef00> (Domain: com.apple.Metal, Container: (null))
Aug 28 13:33:19.419610 Runner(CoreFoundation)[57577] <Debug>: found no value for key IOSurfaceCompressedWriteValidation in CFPrefsSearchListSource<0x28047ef00> (Domain: com.apple.Metal, Container: (null))
Aug 28 13:33:19.419630 Runner(CoreFoundation)[57577] <Debug>: Language lookup at <private>
Aug 28 13:33:19.419648 Runner(CoreFoundation)[57577] <Debug>: Resource lookup at <private>
Aug 28 13:33:19.419674 Runner(CoreFoundation)[57577] <Debug>: Resource lookup at <private>
Aug 28 13:33:19.419708 Runner(CoreFoundation)[57577] <Debug>: Resource lookup at <private>
Aug 28 13:33:19.419753 Runner(CoreFoundation)[57577] <Debug>: Resource lookup at <private>
Aug 28 13:33:19.419782 Runner(CoreFoundation)[57577] <Debug>: Resource lookup at <private>
Aug 28 13:33:19.419800 Runner(CoreFoundation)[57577] <Debug>: Resource lookup at <private>
Aug 28 13:33:19.419827 Runner(CoreFoundation)[57577] <Debug>: Resource lookup at <private>
Aug 28 13:33:19.419845 Runner(CoreFoundation)[57577] <Debug>: Resource lookup at <private>
Aug 28 13:33:19.419863 Runner(CoreFoundation)[57577] <Debug>: Resource lookup at <private>
Aug 28 13:33:19.419891 Runner(CoreFoundation)[57577] <Debug>: Resource lookup at <private>
Aug 28 13:33:19.419901 kernel(Sandbox)[0] <Error>: Sandbox: Runner(57577) deny(1) sysctl-read kern.iossupportversion
Aug 28 13:33:19.419925 Runner(CoreFoundation)[57577] <Debug>: Resource lookup at <private>
Aug 28 13:33:19.419951 Runner(CoreFoundation)[57577] <Debug>: Resource lookup at <private>
Aug 28 13:33:19.419975 Runner(CoreFoundation)[57577] <Debug>: Resource lookup at <private>
Aug 28 13:33:19.420504 Runner(CoreFoundation)[57577] <Debug>: Resource lookup at <private>
Aug 28 13:33:19.420544 Runner(CoreFoundation)[57577] <Debug>: Resource lookup at <private>
Aug 28 13:33:19.420590 Runner(CoreFoundation)[57577] <Debug>: Resource lookup at <private>
Aug 28 13:33:19.420637 Runner(CoreFoundation)[57577] <Debug>: found no value for key UIViewLayoutFeedbackLoopDebuggingThreshold in CFPrefsSearchListSource<0x28047d080> (Domain: dev.selfhost.firstActivationProbe, Container: (null))
Aug 28 13:33:19.420662 kernel(Sandbox)[0] <Error>: Sandbox: Runner(57577) deny(1) sysctl-read machdep.cpu.brand_string
Aug 28 13:33:19.421391 Runner(CoreFoundation)[57577] <Debug>: found no value for key UIViewUseStaleDelegateContentInsets in CFPrefsSearchListSource<0x28047d080> (Domain: dev.selfhost.firstActivationProbe, Container: (null))
Aug 28 13:33:19.421463 Runner(CoreFoundation)[57577] <Debug>: found no value for key _UIConstraintBasedLayoutEngageNonLazily in CFPrefsSearchListSource<0x28047d080> (Domain: dev.selfhost.firstActivationProbe, Container: (null))
Aug 28 13:33:19.421540 Runner(CoreFoundation)[57577] <Debug>: Resource lookup at <private>
Aug 28 13:33:19.421602 Runner(CoreFoundation)[57577] <Debug>: Resource lookup at <private>
Aug 28 13:33:19.421667 Runner(CoreFoundation)[57577] <Debug>: setting new value <private> for key <private> in CFPrefsSource<0x283f7c640> (Domain: Volatile, User: , ByHost: No, Container: , Contents Need Refresh: No)
Aug 28 13:33:19.421753 Runner(CoreFoundation)[57577] <Debug>: looked up value <private> for key METAL_ERROR_MODE in CFPrefsSource<0x283f7c640> (Domain: Volatile, User: , ByHost: No, Container: , Contents Need Refresh: No) via CFPrefsSearchListSource<0x28047d080> (Domain: dev.selfhost.firstActivationProbe, Container: (null))
Aug 28 13:33:19.421815 Runner(CoreFoundation)[57577] <Debug>: setting new value <private> for key <private> in CFPrefsSource<0x283f7c640> (Domain: Volatile, User: , ByHost: No, Container: , Contents Need Refresh: No)
Aug 28 13:33:19.421872 Runner(CoreFoundation)[57577] <Debug>: looked up value <private> for key METAL_DEBUG_ERROR_MODE in CFPrefsSource<0x283f7c640> (Domain: Volatile, User: , ByHost: No, Container: , Contents Need Refresh: No) via CFPrefsSearchListSource<0x28047d080> (Domain: dev.selfhost.firstActivationProbe, Container: (null))
Aug 28 13:33:19.421927 Runner(CoreFoundation)[57577] <Debug>: setting new value <private> for key <private> in CFPrefsSource<0x283f7c640> (Domain: Volatile, User: , ByHost: No, Container: , Contents Need Refresh: No)
Aug 28 13:33:19.421993 Runner(CoreFoundation)[57577] <Debug>: looked up value <private> for key METAL_WARNING_MODE in CFPrefsSource<0x283f7c640> (Domain: Volatile, User: , ByHost: No, Container: , Contents Need Refresh: No) via CFPrefsSearchListSource<0x28047d080> (Domain: dev.selfhost.firstActivationProbe, Container: (null))
Aug 28 13:33:19.422921 Runner(CoreFoundation)[57577] <Debug>: setting new value <private> for key <private> in CFPrefsSource<0x283f7c640> (Domain: Volatile, User: , ByHost: No, Container: , Contents Need Refresh: No)
Aug 28 13:33:19.422968 Runner(CoreFoundation)[57577] <Debug>: looked up value <private> for key METAL_ERROR_CHECK_EXTENDED_MODE in CFPrefsSource<0x283f7c640> (Domain: Volatile, User: , ByHost: No, Container: , Contents Need Refresh: No) via CFPrefsSearchListSource<0x28047d080> (Domain: dev.selfhost.firstActivationProbe, Container: (null))
Aug 28 13:33:19.423021 Runner(CoreFoundation)[57577] <Debug>: found no value for key dataBufferCachingOverride in CFPrefsSearchListSource<0x28047ef00> (Domain: com.apple.Metal, Container: (null))
Aug 28 13:33:19.423062 Runner(CoreFoundation)[57577] <Debug>: found no value for key disableBlitEncoderCoalescing in CFPrefsPlistSource<0x28047e600> (Domain: com.apple.Metal, User: kCFPreferencesCurrentUser, ByHost: No, Container: (null), Contents Need Refresh: No)
Aug 28 13:33:19.423117 Runner(CoreFoundation)[57577] <Debug>: found no value for key disableEncoderCoalescing in CFPrefsPlistSource<0x28047e600> (Domain: com.apple.Metal, User: kCFPreferencesCurrentUser, ByHost: No, Container: (null), Contents Need Refresh: No)
Aug 28 13:33:19.423157 Runner(CoreFoundation)[57577] <Debug>: Resource lookup at <private>
Aug 28 13:33:19.423186 Runner(Flutter)[57577] <Notice>: [shorebird] Sending patch check request: PatchCheckRequest { app_id: "235a9d93-ef97-6372-d78a-ce88f798a726", channel: "stable", release_version: "1.3.0+1", platform: "ios", arch: "aarch64", client_id: "eb65ad4b-0c7a-4c80-8d71-7e98c91af47a", current_patch_number: Some(6) }
Aug 28 13:33:19.423262 Runner(CoreFoundation)[57577] <Debug>: Resource lookup at <private>
Aug 28 13:33:19.423312 Runner(CoreFoundation)[57577] <Debug>: looked up value <private> for key AppleLanguages in CFPrefsPlistSource<0x28047d600> (Domain: kCFPreferencesAnyApplication, User: kCFPreferencesCurrentUser, ByHost: No, Container: (null), Contents Need Refresh: No) via CFPrefsSearchListSource<0x28047d080> (Domain: dev.selfhost.firstActivationProbe, Container: (null))
Aug 28 13:33:19.423358 Runner(CoreFoundation)[57577] <Debug>: Resource lookup at <private>
Aug 28 13:33:19.423405 Runner(CoreFoundation)[57577] <Debug>: Resource lookup at <private>
Aug 28 13:33:19.423439 Runner(CoreFoundation)[57577] <Debug>: Resource lookup at <private>
Aug 28 13:33:19.423524 Runner(CoreFoundation)[57577] <Debug>: Resource lookup at <private>
Aug 28 13:33:19.423571 Runner(CoreFoundation)[57577] <Debug>: Resource lookup at <private>
Aug 28 13:33:19.423608 Runner(CoreFoundation)[57577] <Debug>: Resource lookup at <private>
Aug 28 13:33:19.423661 Runner(CoreFoundation)[57577] <Debug>: Resource lookup at <private>
	Result        : file:///private/var/containers/Bundle/Application/1EC21BA9-82AA-4B85-B2FC-10B206BC5C35/Runner.app/Base.lproj/LaunchScreen.storyboardc/
Aug 28 13:33:19.423698 Runner(CoreFoundation)[57577] <Debug>: Resource lookup at <private>
	Result        : file:///private/var/containers/Bundle/Application/1EC21BA9-82AA-4B85-B2FC-10B206BC5C35/Runner.app/Base.lproj/LaunchScreen.storyboardc/
Aug 28 13:33:19.423740 Runner(CoreFoundation)[57577] <Debug>: Resource lookup at <private>
	Result        : file:///private/var/containers/Bundle/Application/1EC21BA9-82AA-4B85-B2FC-10B206BC5C35/Runner.app/Base.lproj/LaunchScreen.storyboardc/UIViewController-01J-lp-oVM.nib
Aug 28 13:33:19.423780 Runner(CoreFoundation)[57577] <Debug>: Resource lookup at <private>
	Result        : file:///private/var/containers/Bundle/Application/1EC21BA9-82AA-4B85-B2FC-10B206BC5C35/Runner.app/Base.lproj/LaunchScreen.storyboardc/01J-lp-oVM-view-Ze5-6b-2t3.nib
Aug 28 13:33:19.423867 Runner(CoreFoundation)[57577] <Debug>: Resource lookup at <private>
	Result        : file:///private/var/containers/Bundle/Application/1EC21BA9-82AA-4B85-B2FC-10B206BC5C35/Runner.app/Base.lproj/LaunchScreen.storyboardc/
Aug 28 13:33:19.424032 Runner(CoreFoundation)[57577] <Debug>: Resource lookup at <private>
	Result        : file:///private/var/containers/Bundle/Application/1EC21BA9-82AA-4B85-B2FC-10B206BC5C35/Runner.app/Base.lproj/LaunchScreen.storyboardc/01J-lp-oVM-view-Ze5-6b-2t3.nib
Aug 28 13:33:19.424071 Runner(CoreFoundation)[57577] <Debug>: found no value for key _UIConstraintBasedLayout in CFPrefsSearchListSource<0x28047d080> (Domain: dev.selfhost.firstActivationProbe, Container: (null))
Aug 28 13:33:19.424118 Runner(CoreFoundation)[57577] <Debug>: Resource lookup at <private>
	Result        : file:///private/var/containers/Bundle/Application/1EC21BA9-82AA-4B85-B2FC-10B206BC5C35/Runner.app/Assets.car
Aug 28 13:33:19.424145 Runner(CoreFoundation)[57577] <Debug>: found no value for key CUIShowDebugLogs in CFPrefsSearchListSource<0x28047d080> (Domain: dev.selfhost.firstActivationProbe, Container: (null))
Aug 28 13:33:19.424164 Runner(CoreFoundation)[57577] <Debug>: found no value for key CGAllowDebuggingDefaults in CFPrefsPlistSource<0x28047d600> (Domain: kCFPreferencesAnyApplication, User: kCFPreferencesCurrentUser, ByHost: No, Container: (null), Contents Need Refresh: No)
Aug 28 13:33:19.424182 Runner(CoreFoundation)[57577] <Debug>: found no value for key NSConstraintBasedLayoutTrackAllocation in CFPrefsSearchListSource<0x28047d080> (Domain: dev.selfhost.firstActivationProbe, Container: (null))
Aug 28 13:33:19.424284 Runner(CoreFoundation)[57577] <Debug>: found no value for key UIViewShowAlignmentRects in CFPrefsSearchListSource<0x28047d080> (Domain: dev.selfhost.firstActivationProbe, Container: (null))
Aug 28 13:33:19.424329 runningboardd(RunningBoard)[33] <Debug>: Removing events for context: 33-47602-7769 (target:[application<dev.selfhost.firstActivationProbe>:57577])
Aug 28 13:33:19.424365 runningboardd(RunningBoard)[33] <Debug>: Decrementing suppression state to 1 for application<dev.selfhost.firstActivationProbe>
Aug 28 13:33:19.424385 runningboardd(RunningBoard)[33] <Debug>: Sending state 0x1011c84a0 for application<dev.selfhost.firstActivationProbe> to [daemon<com.apple.TextInput.kbd>:303]
Aug 28 13:33:19.424427 runningboardd(RunningBoard)[33] <Debug>: Updating events for assertion: 33-57577-7770 (target:[application<dev.selfhost.firstActivationProbe>:57577])
Aug 28 13:33:19.424476 runningboardd(RunningBoard)[33] <Debug>: Removing events for context: 33-57577-7770 (target:[application<dev.selfhost.firstActivationProbe>:57577])
Aug 28 13:33:19.424511 runningboardd(RunningBoard)[33] <Debug>: Decrementing suppression state to 0 for application<dev.selfhost.firstActivationProbe>
Aug 28 13:33:19.424684 Runner(CoreFoundation)[57577] <Debug>: found no value for key NSConstraintBasedLayoutAriadneTracepoints in CFPrefsSearchListSource<0x28047d080> (Domain: dev.selfhost.firstActivationProbe, Container: (null))
Aug 28 13:33:19.424703 Runner(CoreFoundation)[57577] <Debug>: Resource lookup at <private>
Aug 28 13:33:19.424721 Runner(CoreFoundation)[57577] <Debug>: found no value for key ReduceMotionEnabled in CFPrefsSearchListSource<0x280474200> (Domain: com.apple.Accessibility, Container: (null))
Aug 28 13:33:19.424740 Runner(libAccessibility.dylib)[57577] <Debug>: CF Read: domain = com.apple.Accessibility, preference = ReduceMotionEnabled, appID = (null) result = (null) (-1 - empty, 0 - false, 1 - true)
Aug 28 13:33:19.424758 Runner(CoreFoundation)[57577] <Debug>: found no value for key ReduceMotionEnabled in CFPrefsPlistSource<0x280474280> (Domain: com.apple.Accessibility, User: kCFPreferencesCurrentUser, ByHost: No, Container: (null), Contents Need Refresh: No)
Aug 28 13:33:19.424776 Runner(CoreFoundation)[57577] <Debug>: Resource lookup at <private>
Aug 28 13:33:19.424804 SpringBoard(FrontBoard)[47602] <Info>: [sceneID:dev.selfhost.firstActivationProbe-default] Client settings updated with diff: <private>
Aug 28 13:33:19.424822 SpringBoard(FrontBoard)[47602] <Info>: [sceneID:dev.selfhost.firstActivationProbe-default] didUpdateClientSettingsWithDiff: <private>
Aug 28 13:33:19.424841 SpringBoard(FrontBoard)[47602] <Debug>: [FBSceneManager] PENDING:   <BSEventQueueEvent: 0x281c27140; handleDidUpdateClientSettings-sceneID:dev.selfhost.firstActivationProbe-default(2)> @ back
Aug 28 13:33:19.424860 SpringBoard(FrontBoard)[47602] <Debug>: [FBSceneManager] EXECUTING: <BSEventQueueEvent: 0x281c27140; handleDidUpdateClientSettings-sceneID:dev.selfhost.firstActivationProbe-default(2)>
Aug 28 13:33:19.424945 SpringBoard(FrontBoard)[47602] <Debug>: [FBSceneManager] PENDING:   <BSEventQueueEvent: 0x281d259e0; didUpdateClientSettings-sceneID:dev.selfhost.firstActivationProbe-default(2)> @ back
Aug 28 13:33:19.424984 SpringBoard(FrontBoard)[47602] <Debug>: [FBSceneManager] PENDING:   <BSEventQueueEvent: 0x281d2b800; didUpdateClientSettingsCompletion-sceneID:dev.selfhost.firstActivationProbe-default(2)> @ back
Aug 28 13:33:19.425122 SpringBoard(FrontBoard)[47602] <Debug>: [FBSceneManager] EXECUTING: <BSEventQueueEvent: 0x281d259e0; didUpdateClientSettings-sceneID:dev.selfhost.firstActivationProbe-default(2)>
Aug 28 13:33:19.425142 SpringBoard(FrontBoard)[47602] <Debug>: [FBSceneManager] PENDING:   <BSEventQueueEvent: 0x281d2bb80; didUpdateClientSettings-sceneID:dev.selfhost.firstActivationProbe-default(2)> @ front
Aug 28 13:33:19.425160 SpringBoard(FrontBoard)[47602] <Debug>: [FBSceneManager] EXECUTING: <BSEventQueueEvent: 0x281d2bb80; didUpdateClientSettings-sceneID:dev.selfhost.firstActivationProbe-default(2)>
Aug 28 13:33:19.425253 SpringBoard(FrontBoard)[47602] <Debug>: [FBSceneManager] EXECUTING: <BSEventQueueEvent: 0x281d2b800; didUpdateClientSettingsCompletion-sceneID:dev.selfhost.firstActivationProbe-default(2)>
Aug 28 13:33:19.425543 SpringBoard(FrontBoard)[47602] <Info>: [sceneID:dev.selfhost.firstActivationProbe-default] Client settings updated with diff: <private>
Aug 28 13:33:19.425592 SpringBoard(FrontBoard)[47602] <Info>: [sceneID:dev.selfhost.firstActivationProbe-default] didUpdateClientSettingsWithDiff: <private>
Aug 28 13:33:19.425671 SpringBoard(FrontBoard)[47602] <Debug>: [FBSceneManager] PENDING:   <BSEventQueueEvent: 0x281d2b800; handleDidUpdateClientSettings-sceneID:dev.selfhost.firstActivationProbe-default(2)> @ back
Aug 28 13:33:19.425696 SpringBoard(FrontBoard)[47602] <Debug>: [FBSceneManager] EXECUTING: <BSEventQueueEvent: 0x281d2b800; handleDidUpdateClientSettings-sceneID:dev.selfhost.firstActivationProbe-default(2)>
Aug 28 13:33:19.425787 SpringBoard(FrontBoard)[47602] <Debug>: [FBSceneManager] PENDING:   <BSEventQueueEvent: 0x281d23fe0; didUpdateClientSettings-sceneID:dev.selfhost.firstActivationProbe-default(2)> @ back
Aug 28 13:33:19.425836 SpringBoard(FrontBoard)[47602] <Debug>: [FBSceneManager] PENDING:   <BSEventQueueEvent: 0x281d29dc0; didUpdateClientSettingsCompletion-sceneID:dev.selfhost.firstActivationProbe-default(2)> @ back
Aug 28 13:33:19.426038 SpringBoard(FrontBoard)[47602] <Debug>: [FBSceneManager] EXECUTING: <BSEventQueueEvent: 0x281d23fe0; didUpdateClientSettings-sceneID:dev.selfhost.firstActivationProbe-default(2)>
Aug 28 13:33:19.426075 SpringBoard(FrontBoard)[47602] <Debug>: [FBSceneManager] PENDING:   <BSEventQueueEvent: 0x281d29f00; didUpdateClientSettings-sceneID:dev.selfhost.firstActivationProbe-default(2)> @ front
Aug 28 13:33:19.426107 SpringBoard(FrontBoard)[47602] <Debug>: [FBSceneManager] EXECUTING: <BSEventQueueEvent: 0x281d29f00; didUpdateClientSettings-sceneID:dev.selfhost.firstActivationProbe-default(2)>
Aug 28 13:33:19.426338 SpringBoard(FrontBoard)[47602] <Debug>: [FBSceneManager] EXECUTING: <BSEventQueueEvent: 0x281d29dc0; didUpdateClientSettingsCompletion-sceneID:dev.selfhost.firstActivationProbe-default(2)>
Aug 28 13:33:19.426647 SpringBoard(RunningBoardServices)[47602] <Info>: Update delivered for [application<dev.selfhost.firstActivationProbe>:57577] with taskState 4
Aug 28 13:33:19.434306 Runner(CoreFoundation)[57577] <Debug>: Resource lookup at <private>
Aug 28 13:33:19.434378 Runner(CoreFoundation)[57577] <Debug>: Resource lookup at <private>
Aug 28 13:33:19.442386 mediaserverd(RunningBoardServices)[36] <Info>: Update delivered for [application<dev.selfhost.firstActivationProbe>:57577] with taskState 4
Aug 28 13:33:19.442470 mediaserverd(MediaExperience)[36] <Notice>: -CMSessionMgr- CMSessionMgrHandleApplicationStateChange: Client dev.selfhost.firstActivationProbe with pid '57577' is now Foreground Running. Background entitlement: NO ActiveLongFormVideoSession: NO WhitelistedLongFormVideoApp NO
Aug 28 13:33:19.442501 mediaserverd(MediaExperience)[36] <Notice>: -CMSessionMgr- CMSessionMgrHandleApplicationStateChange: Sending EndInterruption to dev.selfhost.firstActivationProbe with pid '57577' because client moved to ForegroundRunning and is not allowed to play in the background
Aug 28 13:33:19.442548 mediaserverd(RunningBoardServices)[36] <Info>: Update delivered for [application<dev.selfhost.firstActivationProbe>:57577] with taskState 4
Aug 28 13:33:19.442973 Runner(CoreFoundation)[57577] <Debug>: Resource lookup at <private>
Aug 28 13:33:19.443015 Runner(CoreFoundation)[57577] <Debug>: found no value for key UIScrollViewForceConvertSafeAreaToContentInsetPreference in CFPrefsSearchListSource<0x28047d080> (Domain: dev.selfhost.firstActivationProbe, Container: (null))
Aug 28 13:33:19.443043 Runner(CoreFoundation)[57577] <Debug>: found no value for key UIBarsApplyChromelessEverywhere in CFPrefsSearchListSource<0x28047d080> (Domain: dev.selfhost.firstActivationProbe, Container: (null))
Aug 28 13:33:19.443088 Runner(CoreFoundation)[57577] <Debug>: looked up value <private> for key AppleLanguages in CFPrefsPlistSource<0x28047d600> (Domain: kCFPreferencesAnyApplication, User: kCFPreferencesCurrentUser, ByHost: No, Container: (null), Contents Need Refresh: No) via CFPrefsSearchListSource<0x28047d080> (Domain: dev.selfhost.firstActivationProbe, Container: (null))
Aug 28 13:33:19.443117 Runner(Flutter)[57577] <Notice>: [ERROR:flutter/shell/common/shorebird/shorebird.cc(210)] ROUTEB: hook entered
Aug 28 13:33:19.443144 Runner(Flutter)[57577] <Notice>: [ERROR:flutter/shell/common/shorebird/shorebird.cc(210)] ROUTEB: parsed, targets=1, built-for=1db897c72e9c358db599a2d62fbb2a68
Aug 28 13:33:19.443171 Runner(Flutter)[57577] <Notice>: [ERROR:flutter/shell/common/shorebird/shorebird.cc(210)] ROUTEB: running=1db897c72e9c358db599a2d62fbb2a68
Aug 28 13:33:19.446297 SpringBoard(SpringBoardServices)[47602] <Debug>: [SBMig] Runner:57577 calling _SBXXDeactivateReachability (msgID 100052) --> implemented by SpringBoard.
Aug 28 13:33:19.446316 Runner(Flutter)[57577] <Notice>: [ERROR:flutter/shell/common/shorebird/shorebird.cc(210)] ROUTEB: assert-pool-offset supplied=0xd4a8
Aug 28 13:33:19.446334 Runner(Flutter)[57577] <Notice>: ROUTEB: activated activationState in package:first_activation_probe/main.dart before main
Aug 28 13:33:19.446354 Runner(Flutter)[57577] <Notice>: [ERROR:flutter/shell/common/shorebird/shorebird.cc(210)] ROUTEB: applied 1/1 targets, entering main
Aug 28 13:33:19.446385 Runner(CoreFoundation)[57577] <Debug>: found no value for key UseSingleSystemColor in CFPrefsSearchListSource<0x280474200> (Domain: com.apple.Accessibility, Container: (null))
Aug 28 13:33:19.446404 Runner(libAccessibility.dylib)[57577] <Debug>: CF Read: domain = com.apple.Accessibility, preference = UseSingleSystemColor, appID = (null) result = (null) (-1 - empty, 0 - false, 1 - true)
Aug 28 13:33:19.448387 Runner(CoreFoundation)[57577] <Debug>: found no value for key UseSingleSystemColor in CFPrefsPlistSource<0x280474280> (Domain: com.apple.Accessibility, User: kCFPreferencesCurrentUser, ByHost: No, Container: (null), Contents Need Refresh: No)
Aug 28 13:33:19.448436 Runner(CoreFoundation)[57577] <Debug>: found no value for key UIViewLocalizeOverrideLayoutEngine in CFPrefsSearchListSource<0x28047d080> (Domain: dev.selfhost.firstActivationProbe, Container: (null))
Aug 28 13:33:19.448481 Runner(CoreFoundation)[57577] <Debug>: found no value for key NSPreTigerAttributedStringHash in CFPrefsSearchListSource<0x28047d080> (Domain: dev.selfhost.firstActivationProbe, Container: (null))
Aug 28 13:33:19.448530 Runner(CoreFoundation)[57577] <Debug>: looked up value <private> for key AppleLanguages in CFPrefsPlistSource<0x28047d600> (Domain: kCFPreferencesAnyApplication, User: kCFPreferencesCurrentUser, ByHost: No, Container: (null), Contents Need Refresh: No) via CFPrefsSearchListSource<0x28047d080> (Domain: dev.selfhost.firstActivationProbe, Container: (null))
Aug 28 13:33:19.448570 Runner(CoreFoundation)[57577] <Debug>: looked up value <private> for key AppleLanguages in CFPrefsPlistSource<0x28047d600> (Domain: kCFPreferencesAnyApplication, User: kCFPreferencesCurrentUser, ByHost: No, Container: (null), Contents Need Refresh: No) via CFPrefsSearchListSource<0x28047d080> (Domain: dev.selfhost.firstActivationProbe, Container: (null))
Aug 28 13:33:19.448618 Runner(CoreFoundation)[57577] <Debug>: Resource lookup at <private>
Aug 28 13:33:19.448668 Runner(CoreFoundation)[57577] <Debug>: found no value for key NSConstraintBasedLayoutDebug in CFPrefsSearchListSource<0x28047d080> (Domain: dev.selfhost.firstActivationProbe, Container: (null))
Aug 28 13:33:19.449556 Runner(CoreFoundation)[57577] <Debug>: found no value for key NSConstraintBasedLayoutAllowUnoptimizedReads in CFPrefsSearchListSource<0x28047d080> (Domain: dev.selfhost.firstActivationProbe, Container: (null))
Aug 28 13:33:19.449595 Runner(CoreFoundation)[57577] <Debug>: found no value for key NSConstraintBasedLayoutDebugEngineConsistency in CFPrefsSearchListSource<0x28047d080> (Domain: dev.selfhost.firstActivationProbe, Container: (null))
Aug 28 13:33:19.449639 Runner(CoreFoundation)[57577] <Debug>: found no value for key NSConstraintBasedLayoutVariableChangeTransactions in CFPrefsSearchListSource<0x28047d080> (Domain: dev.selfhost.firstActivationProbe, Container: (null))
Aug 28 13:33:19.449717 Runner(CoreFoundation)[57577] <Debug>: found no value for key NSConstraintBasedLayoutDeferOptimization in CFPrefsSearchListSource<0x28047d080> (Domain: dev.selfhost.firstActivationProbe, Container: (null))
Aug 28 13:33:19.449757 Runner(CoreFoundation)[57577] <Debug>: found no value for key UIViewControllerDetachedInheritsContentOverlayInsetsFromSuperview in CFPrefsSearchListSource<0x28047d080> (Domain: dev.selfhost.firstActivationProbe, Container: (null))
Aug 28 13:33:19.449854 Runner(CoreFoundation)[57577] <Debug>: found no value for key ModernContentOverlayInsetsPropagation in CFPrefsSearchListSource<0x28047d080> (Domain: dev.selfhost.firstActivationProbe, Container: (null))
Aug 28 13:33:19.450901 SpringBoard(FrontBoard)[47602] <Info>: [sceneID:dev.selfhost.firstActivationProbe-default] Client settings updated with diff: <private>
Aug 28 13:33:19.450982 SpringBoard(FrontBoard)[47602] <Info>: [sceneID:dev.selfhost.firstActivationProbe-default] didUpdateClientSettingsWithDiff: <private>
Aug 28 13:33:19.451074 Runner(CoreFoundation)[57577] <Debug>: found no value for key LogStatusBar in CFPrefsSearchListSource<0x28047c500> (Domain: com.apple.UIKit, Container: (null))
Aug 28 13:33:19.451112 Runner(UIKitCore)[57577] <Notice>: Key window API is scene-level: YES
Aug 28 13:33:19.451161 Runner(UIKitCore)[57577] <Notice>: UIWindowScene: 0x102a04750: Window became key in scene: UIWindow: 0x103f3a9d0; contextId: 0x5B1737A6: reason: UIWindowScene: 0x102a04750: Window requested to become key in scene: 0x103f3a9d0
Aug 28 13:33:19.451202 Runner(UIKitCore)[57577] <Notice>: Key window needs update: 1; currentKeyWindowScene: 0x0; evaluatedKeyWindowScene: 0x102a04750; currentApplicationKeyWindow: 0x0; evaluatedApplicationKeyWindow: 0x103f3a9d0; reason: UIWindowScene: 0x102a04750: Window requested to become key in scene: 0x103f3a9d0
Aug 28 13:33:19.451249 Runner(UIKitCore)[57577] <Notice>: Window did become application key: UIWindow: 0x103f3a9d0; contextId: 0x5B1737A6; scene identity: com.apple.frontboard.systemappservices::sceneID%3Adev.selfhost.firstActivationProbe-default
Aug 28 13:33:19.451287 SpringBoard(FrontBoard)[47602] <Debug>: [FBSceneManager] PENDING:   <BSEventQueueEvent: 0x281d4e8e0; handleDidUpdateClientSettings-sceneID:dev.selfhost.firstActivationProbe-default(2)> @ back
Aug 28 13:33:19.451336 SpringBoard(FrontBoard)[47602] <Debug>: [FBSceneManager] EXECUTING: <BSEventQueueEvent: 0x281d4e8e0; handleDidUpdateClientSettings-sceneID:dev.selfhost.firstActivationProbe-default(2)>
Aug 28 13:33:19.451554 SpringBoard(FrontBoard)[47602] <Debug>: [FBSceneManager] PENDING:   <BSEventQueueEvent: 0x281d4e8c0; didUpdateClientSettings-sceneID:dev.selfhost.firstActivationProbe-default(2)> @ back
Aug 28 13:33:19.451640 SpringBoard(FrontBoard)[47602] <Info>: [sceneID:dev.selfhost.firstActivationProbe-default] Client settings updated with diff: <private>
Aug 28 13:33:19.451681 SpringBoard(FrontBoard)[47602] <Debug>: [FBSceneManager] PENDING:   <BSEventQueueEvent: 0x281d7f160; didUpdateClientSettingsCompletion-sceneID:dev.selfhost.firstActivationProbe-default(2)> @ back
Aug 28 13:33:19.451813 SpringBoard(FrontBoard)[47602] <Info>: [sceneID:dev.selfhost.firstActivationProbe-default] Client settings updated with diff: <private>
Aug 28 13:33:19.451901 SpringBoard(FrontBoard)[47602] <Debug>: [FBSceneManager] EXECUTING: <BSEventQueueEvent: 0x281d4e8c0; didUpdateClientSettings-sceneID:dev.selfhost.firstActivationProbe-default(2)>
Aug 28 13:33:19.451941 SpringBoard(FrontBoard)[47602] <Debug>: [FBSceneManager] PENDING:   <BSEventQueueEvent: 0x281d7ede0; didUpdateClientSettings-sceneID:dev.selfhost.firstActivationProbe-default(2)> @ front
Aug 28 13:33:19.451988 SpringBoard(FrontBoard)[47602] <Debug>: [FBSceneManager] EXECUTING: <BSEventQueueEvent: 0x281d7ede0; didUpdateClientSettings-sceneID:dev.selfhost.firstActivationProbe-default(2)>
Aug 28 13:33:19.452121 SpringBoard(FrontBoard)[47602] <Info>: [sceneID:dev.selfhost.firstActivationProbe-default] Client settings updated with diff: <private>
Aug 28 13:33:19.452350 backboardd(BackBoardHIDEventFoundation)[65] <Notice>: new deferring rules for pid:57577: [<environment: keyboardFocus; display: builtin; token: com.apple.frontboard.systemappservices::sceneID%3Adev.selfhost.firstActivationProbe-default> -> <pid: 57577; token: 0x5B1737A6> reason: "1-deferDiscrete: UIWindowScene: 0x102a04750: Begin event deferring in keyboardFocus for window: 0x103f3a9d0"]
Aug 28 13:33:19.453455 Runner(UIKitCore)[57577] <Notice>: [0x28017db90] Begin local event deferring requested for token: 0x280977c00; environments: 1; reason: UIWindowScene: 0x102a04750: Begin event deferring in keyboardFocus for window: 0x103f3a9d0
Aug 28 13:33:19.453492 Runner(CoreFoundation)[57577] <Debug>: found no value for key LogKeyboardFocus in CFPrefsSearchListSource<0x28047c500> (Domain: com.apple.UIKit, Container: (null))
Aug 28 13:33:19.453962 SpringBoard(FrontBoard)[47602] <Debug>: [FBSceneManager] EXECUTING: <BSEventQueueEvent: 0x281d7f160; didUpdateClientSettingsCompletion-sceneID:dev.selfhost.firstActivationProbe-default(2)>
Aug 28 13:33:19.454905 Runner(CoreFoundation)[57577] <Debug>: Resource lookup at <private>
Aug 28 13:33:19.454981 Runner(CoreFoundation)[57577] <Debug>: Resource lookup at <private>
Aug 28 13:33:19.455035 Runner(CoreFoundation)[57577] <Debug>: Resource lookup at <private>
Aug 28 13:33:19.456734 Runner(CoreFoundation)[57577] <Debug>: found no value for key NSConstraintBasedLayoutLogPivotCounts in CFPrefsSearchListSource<0x28047d080> (Domain: dev.selfhost.firstActivationProbe, Container: (null))
Aug 28 13:33:19.456797 Runner(CoreFoundation)[57577] <Debug>: Resource lookup at <private>
Aug 28 13:33:19.456859 Runner(CoreFoundation)[57577] <Debug>: found no value for key NSConstraintBasedLayoutTrackDirtyObservables in CFPrefsSearchListSource<0x28047d080> (Domain: dev.selfhost.firstActivationProbe, Container: (null))
Aug 28 13:33:19.456899 Runner(CoreFoundation)[57577] <Debug>: found no value for key LogAppLifecycle in CFPrefsSearchListSource<0x28047c500> (Domain: com.apple.UIKit, Container: (null))
Aug 28 13:33:19.456947 Runner(UIKitCore)[57577] <Notice>: sceneOfRecord: sceneID: sceneID:dev.selfhost.firstActivationProbe-default  persistentID: E58381BF-9609-426A-9CBF-219636271D47
Aug 28 13:33:19.456994 Runner(UIKitCore)[57577] <Notice>: Ignoring already applied deactivation reason: 5; deactivation reasons: 2080
Aug 28 13:33:19.457053 Runner(UIKitCore)[57577] <Debug>: Setting device orientation to 1 and sending notification.
Aug 28 13:33:19.458932 SpringBoard(FrontBoard)[47602] <Info>: [sceneID:dev.selfhost.firstActivationProbe-default] didUpdateClientSettingsWithDiff: (null)
Aug 28 13:33:19.459031 SpringBoard(FrontBoard)[47602] <Debug>: [FBSceneManager] PENDING:   <BSEventQueueEvent: 0x281d16aa0; handleDidUpdateClientSettings-sceneID:dev.selfhost.firstActivationProbe-default(2)> @ back
Aug 28 13:33:19.459087 SpringBoard(FrontBoard)[47602] <Debug>: [FBSceneManager] EXECUTING: <BSEventQueueEvent: 0x281d16aa0; handleDidUpdateClientSettings-sceneID:dev.selfhost.firstActivationProbe-default(2)>
Aug 28 13:33:19.459211 Runner(UIKitCore)[57577] <Notice>: Deactivation reason added: 12; deactivation reasons: 2080 -> 6176; animating application lifecycle event: 1
Aug 28 13:33:19.459301 Runner(CoreFoundation)[57577] <Debug>: Resource lookup at <private>
Aug 28 13:33:19.459348 Runner(UIKitCore)[57577] <Notice>: Deactivation reason removed: 11; deactivation reasons: 6176 -> 4128; animating application lifecycle event: 1
Aug 28 13:33:19.459401 SpringBoard(FrontBoard)[47602] <Notice>: [sceneID:dev.selfhost.firstActivationProbe-default] Scene action [Logical Activate][0xa1a1] completed with success: 1
Aug 28 13:33:19.459449 Runner(CoreFoundation)[57577] <Debug>: found no value for key CAEnableDeepFramebuffer in CFPrefsSearchListSource<0x28047d080> (Domain: dev.selfhost.firstActivationProbe, Container: (null))
Aug 28 13:33:19.459497 SpringBoard(FrontBoard)[47602] <Debug>: [FBSceneManager] PENDING:   <BSEventQueueEvent: 0x281d42b60; didUpdateClientSettings-sceneID:dev.selfhost.firstActivationProbe-default(2)> @ back
Aug 28 13:33:19.459547 SpringBoard(FrontBoardServices)[47602] <Info>: [application<dev.selfhost.firstActivationProbe>:57577] [realTime] Stopped monitoring.
Aug 28 13:33:19.459588 Runner(UIKitCore)[57577] <Debug>: Setting device orientation to 0 and sending notification.
Aug 28 13:33:19.459631 SpringBoard(FrontBoard)[47602] <Debug>: [FBSceneManager] PENDING:   <BSEventQueueEvent: 0x281d0a800; didUpdateClientSettingsCompletion-sceneID:dev.selfhost.firstActivationProbe-default(2)> @ back
Aug 28 13:33:19.459742 SpringBoard(FrontBoardServices)[47602] <Debug>: [application<dev.selfhost.firstActivationProbe>:57577] [realTime] Updated resource consumption: 0.122s (0.61%)
Aug 28 13:33:19.459829 SpringBoard(FrontBoardServices)[47602] <Debug>: [application<dev.selfhost.firstActivationProbe>:57577] Invalidating <FBProcessWatchdog: 0x283e82df0; name: scene-create; time: 20.00s>
Aug 28 13:33:19.459967 SpringBoard(FrontBoardServices)[47602] <Debug>: [application<dev.selfhost.firstActivationProbe>:57577] [realTime] Invalidated
Aug 28 13:33:19.460183 SpringBoard(FrontBoard)[47602] <Info>: [sceneID:dev.selfhost.firstActivationProbe-default] Client settings updated with diff: <private>
Aug 28 13:33:19.460250 SpringBoard(FrontBoard)[47602] <Debug>: [FBSceneManager] EXECUTING: <BSEventQueueEvent: 0x281d42b60; didUpdateClientSettings-sceneID:dev.selfhost.firstActivationProbe-default(2)>
Aug 28 13:33:19.460291 SpringBoard(FrontBoard)[47602] <Debug>: [FBSceneManager] PENDING:   <BSEventQueueEvent: 0x281de66e0; didUpdateClientSettings-sceneID:dev.selfhost.firstActivationProbe-default(2)> @ front
Aug 28 13:33:19.460327 SpringBoard(FrontBoard)[47602] <Debug>: [FBSceneManager] EXECUTING: <BSEventQueueEvent: 0x281de66e0; didUpdateClientSettings-sceneID:dev.selfhost.firstActivationProbe-default(2)>
Aug 28 13:33:19.460618 SpringBoard(FrontBoard)[47602] <Debug>: [FBSceneManager] EXECUTING: <BSEventQueueEvent: 0x281d0a800; didUpdateClientSettingsCompletion-sceneID:dev.selfhost.firstActivationProbe-default(2)>
Aug 28 13:33:19.461004 SpringBoard(FrontBoard)[47602] <Info>: [sceneID:dev.selfhost.firstActivationProbe-default] didUpdateClientSettingsWithDiff: <private>
Aug 28 13:33:19.461049 SpringBoard(FrontBoard)[47602] <Debug>: [FBSceneManager] PENDING:   <BSEventQueueEvent: 0x281c39300; handleDidUpdateClientSettings-sceneID:dev.selfhost.firstActivationProbe-default(2)> @ back
Aug 28 13:33:19.461094 SpringBoard(FrontBoard)[47602] <Debug>: [FBSceneManager] EXECUTING: <BSEventQueueEvent: 0x281c39300; handleDidUpdateClientSettings-sceneID:dev.selfhost.firstActivationProbe-default(2)>
Aug 28 13:33:19.461270 SpringBoard(FrontBoard)[47602] <Debug>: [FBSceneManager] PENDING:   <BSEventQueueEvent: 0x281c35720; didUpdateClientSettings-sceneID:dev.selfhost.firstActivationProbe-default(2)> @ back
Aug 28 13:33:19.461328 SpringBoard(FrontBoard)[47602] <Debug>: [FBSceneManager] PENDING:   <BSEventQueueEvent: 0x281c35e00; didUpdateClientSettingsCompletion-sceneID:dev.selfhost.firstActivationProbe-default(2)> @ back
Aug 28 13:33:19.461615 SpringBoard(FrontBoard)[47602] <Debug>: [FBSceneManager] EXECUTING: <BSEventQueueEvent: 0x281c35720; didUpdateClientSettings-sceneID:dev.selfhost.firstActivationProbe-default(2)>
Aug 28 13:33:19.461754 SpringBoard(FrontBoard)[47602] <Debug>: [FBSceneManager] PENDING:   <BSEventQueueEvent: 0x281c35660; didUpdateClientSettings-sceneID:dev.selfhost.firstActivationProbe-default(2)> @ front
Aug 28 13:33:19.461872 SpringBoard(FrontBoard)[47602] <Debug>: [FBSceneManager] EXECUTING: <BSEventQueueEvent: 0x281c35660; didUpdateClientSettings-sceneID:dev.selfhost.firstActivationProbe-default(2)>
Aug 28 13:33:19.462316 SpringBoard(FrontBoard)[47602] <Debug>: [FBSceneManager] EXECUTING: <BSEventQueueEvent: 0x281c35e00; didUpdateClientSettingsCompletion-sceneID:dev.selfhost.firstActivationProbe-default(2)>
Aug 28 13:33:19.462770 SpringBoard(FrontBoard)[47602] <Info>: [sceneID:dev.selfhost.firstActivationProbe-default] didUpdateClientSettingsWithDiff: <private>
Aug 28 13:33:19.462853 SpringBoard(KeyboardArbiter)[47602] <Debug>: [_UIKeyboardArbiter] Received new connection [<_UIKeyboardArbiterHandle: 0x282a7be90; PID 57577: dev.selfhost.firstActivationProbe <(null)>; hosting PIDs {(
Aug 28 13:33:19.462923 SpringBoard(FrontBoard)[47602] <Debug>: [FBSceneManager] PENDING:   <BSEventQueueEvent: 0x281de6960; handleDidUpdateClientSettings-sceneID:dev.selfhost.firstActivationProbe-default(2)> @ back
Aug 28 13:33:19.462985 SpringBoard(FrontBoard)[47602] <Debug>: [FBSceneManager] EXECUTING: <BSEventQueueEvent: 0x281de6960; handleDidUpdateClientSettings-sceneID:dev.selfhost.firstActivationProbe-default(2)>
Aug 28 13:33:19.463222 SpringBoard(FrontBoard)[47602] <Debug>: [FBSceneManager] PENDING:   <BSEventQueueEvent: 0x281de7c40; didUpdateClientSettings-sceneID:dev.selfhost.firstActivationProbe-default(2)> @ back
Aug 28 13:33:19.463281 SpringBoard(FrontBoard)[47602] <Debug>: [FBSceneManager] PENDING:   <BSEventQueueEvent: 0x281def8e0; didUpdateClientSettingsCompletion-sceneID:dev.selfhost.firstActivationProbe-default(2)> @ back
Aug 28 13:33:19.463611 SpringBoard(FrontBoard)[47602] <Debug>: [FBSceneManager] EXECUTING: <BSEventQueueEvent: 0x281de7c40; didUpdateClientSettings-sceneID:dev.selfhost.firstActivationProbe-default(2)>
Aug 28 13:33:19.463669 SpringBoard(RunningBoardServices)[47602] <Notice>: Updating configuration of monitor <RBSProcessMonitorConfiguration| id:M47602-8 qos:25 predicates:[<RBSProcessPredicate <RBSCompoundAllPredicate [<RBSCompoundAllPredicate [<RBSProcessEUIDPredicate 501>, <RBSProcessBKSLegacyPredicate>]>, <RBSProcessBundleIdentifierPredicate "com.apple.springboard">]>>, <RBSProcessPredicate <RBSCompoundAllPredicate [<RBSCompoundAllPredicate [<RBSProcessEUIDPredicate 501>, <RBSProcessBKSLegacyPredicate>]>, <RBSProcessBundleIdentifierPredicate "dev.selfhost.firstActivationProbe">]>>] descriptor:<RBSProcessStateDescriptor| values:9 namespaces:[com.apple.frontboard.visibility]> events:0x0>
Aug 28 13:33:19.463732 SpringBoard(FrontBoard)[47602] <Debug>: [FBSceneManager] PENDING:   <BSEventQueueEvent: 0x281dd3d20; didUpdateClientSettings-sceneID:dev.selfhost.firstActivationProbe-default(2)> @ front
Aug 28 13:33:19.463799 SpringBoard(FrontBoard)[47602] <Debug>: [FBSceneManager] EXECUTING: <BSEventQueueEvent: 0x281dd3d20; didUpdateClientSettings-sceneID:dev.selfhost.firstActivationProbe-default(2)>
Aug 28 13:33:19.464064 runningboardd(RunningBoard)[33] <Debug>: END suppressing state updates for application<dev.selfhost.firstActivationProbe>
Aug 28 13:33:19.464135 runningboardd(RunningBoard)[33] <Debug>: Sending state update for application<dev.selfhost.firstActivationProbe>: <RBSProcessState| task:running-active debug:none terminationResistance:Interactive endowments:[
	<RBSProcessAssertionInfo| type:2 reason:10000 name:"Domain" domain:"com.apple.frontboard:Bootstrap-Foreground,com.apple.frontboard:Visibility" expl:"FBApplicationProcess">,
Aug 28 13:33:19.464281 runningboardd(RunningBoard)[33] <Debug>: Sending state 0x1011c84a0 for application<dev.selfhost.firstActivationProbe> to [daemon<com.apple.contextstored>:61]
Aug 28 13:33:19.464480 SpringBoard(FrontBoard)[47602] <Debug>: [FBSceneManager] EXECUTING: <BSEventQueueEvent: 0x281def8e0; didUpdateClientSettingsCompletion-sceneID:dev.selfhost.firstActivationProbe-default(2)>
Aug 28 13:33:19.465107 SpringBoard(FrontBoard)[47602] <Info>: [sceneID:dev.selfhost.firstActivationProbe-default] didUpdateClientSettingsWithDiff: <private>
Aug 28 13:33:19.465414 SpringBoard(FrontBoard)[47602] <Debug>: [FBSceneManager] PENDING:   <BSEventQueueEvent: 0x281de5320; handleDidUpdateClientSettings-sceneID:dev.selfhost.firstActivationProbe-default(2)> @ back
Aug 28 13:33:19.468475 SpringBoard(FrontBoard)[47602] <Debug>: [FBSceneManager] EXECUTING: <BSEventQueueEvent: 0x281de5320; handleDidUpdateClientSettings-sceneID:dev.selfhost.firstActivationProbe-default(2)>
Aug 28 13:33:19.469224 SpringBoard(FrontBoard)[47602] <Debug>: [FBSceneManager] PENDING:   <BSEventQueueEvent: 0x281c373a0; didUpdateClientSettings-sceneID:dev.selfhost.firstActivationProbe-default(2)> @ back
Aug 28 13:33:19.469347 SpringBoard(FrontBoard)[47602] <Debug>: [FBSceneManager] PENDING:   <BSEventQueueEvent: 0x281c35f00; didUpdateClientSettingsCompletion-sceneID:dev.selfhost.firstActivationProbe-default(2)> @ back
Aug 28 13:33:19.469448 SpringBoard(KeyboardArbiter)[47602] <Debug>: [<_UIKeyboardArbiterHandle: 0x282a7be90; PID 57577: dev.selfhost.firstActivationProbe <(null)>; hosting PIDs {(
)}; level 0.000000; active NO [wants NO]; suppression 0; iav 0.000000; on screen NO>] startArbitrationWithExpectedState:sceneIdentity:hostingPIDs:usingFence:withSuppression:onConnected:: currentKeyboard: (null); sceneIdentity: com.apple.frontboard.systemappservices::sceneID%3Adev.selfhost.firstActivationProbe-default; pids: (
Aug 28 13:33:19.469683 SpringBoard(FrontBoard)[47602] <Debug>: [FBSceneManager] EXECUTING: <BSEventQueueEvent: 0x281c373a0; didUpdateClientSettings-sceneID:dev.selfhost.firstActivationProbe-default(2)>
Aug 28 13:33:19.469711 SpringBoard(KeyboardArbiter)[47602] <Debug>: [_UIKeyboardArbiter] Handler requested focus: <_UIKeyboardArbiterHandle: 0x282a7be90; PID 57577: dev.selfhost.firstActivationProbe <com.apple.frontboard.systemappservices::sceneID%3Adev.selfhost.firstActivationProbe-default>; hosting PIDs {(
Aug 28 13:33:19.469778 SpringBoard(FrontBoard)[47602] <Debug>: [FBSceneManager] PENDING:   <BSEventQueueEvent: 0x281c36b40; didUpdateClientSettings-sceneID:dev.selfhost.firstActivationProbe-default(2)> @ front
Aug 28 13:33:19.469831 SpringBoard(KeyboardArbiter)[47602] <Debug>: [_UIKeyboardArbiter] _focusRequestedHandle is now <_UIKeyboardArbiterHandle: 0x282a7be90; PID 57577: dev.selfhost.firstActivationProbe <com.apple.frontboard.systemappservices::sceneID%3Adev.selfhost.firstActivationProbe-default>; hosting PIDs {(
Aug 28 13:33:19.469879 SpringBoard(FrontBoard)[47602] <Debug>: [FBSceneManager] EXECUTING: <BSEventQueueEvent: 0x281c36b40; didUpdateClientSettings-sceneID:dev.selfhost.firstActivationProbe-default(2)>
Aug 28 13:33:19.470045 SpringBoard(KeyboardArbiter)[47602] <Debug>: Advisor: Triggering reevaluation. Active PID: 57577, activeHandleID: com.apple.frontboard.systemappservices::sceneID%3Adev.selfhost.firstActivationProbe-default
Aug 28 13:33:19.470262 SpringBoard(KeyboardArbiter)[47602] <Debug>: Advisor: KeyboardFocus from _activeHandleForFocusEvaluation [<_UIKeyboardArbiterHandle: 0x282a7be90; PID 57577: dev.selfhost.firstActivationProbe <com.apple.frontboard.systemappservices::sceneID%3Adev.selfhost.firstActivationProbe-default>; hosting PIDs {(
Aug 28 13:33:19.470303 SpringBoard[47602] <Notice>: advisor: gen:367 arbiter spec pid 57577 / com.apple.frontboard.systemappservices::sceneID%3Adev.selfhost.firstActivationProbe-default
Aug 28 13:33:19.470353 SpringBoard(FrontBoard)[47602] <Debug>: [FBSceneManager] EXECUTING: <BSEventQueueEvent: 0x281c35f00; didUpdateClientSettingsCompletion-sceneID:dev.selfhost.firstActivationProbe-default(2)>
Aug 28 13:33:19.470692 SpringBoard(KeyboardArbiter)[47602] <Debug>: Advisor: Deliberation result: com.apple.frontboard.systemappservices::sceneID%3Adev.selfhost.firstActivationProbe-default
Aug 28 13:33:19.471828 SpringBoard[47602] <Notice>: advisor: target (from arbiter advice): <pid=57577 token=com.apple.frontboard.systemappservices::sceneID%3Adev.selfhost.firstActivationProbe-default>
Aug 28 13:33:19.471916 SpringBoard[47602] <Notice>: policy: input target:<pid=57577 token=com.apple.frontboard.systemappservices::sceneID%3Adev.selfhost.firstActivationProbe-default>
Aug 28 13:33:19.472113 SpringBoard[47602] <Notice>: rules: target changed from:(null) to <pid=57577 token=com.apple.frontboard.systemappservices::sceneID%3Adev.selfhost.firstActivationProbe-default>
Aug 28 13:33:19.472168 SpringBoard[47602] <Notice>: rules: defer (b4a8982e) -> <pid=57577 token=com.apple.frontboard.systemappservices::sceneID%3Adev.selfhost.firstActivationProbe-default>
    <environment: keyboardFocus; token: 0xB4A8982E> -> <pid: 57577; token: com.apple.frontboard.systemappservices::sceneID%3Adev.selfhost.firstActivationProbe-default> reason: "165-deferDiscrete: SpringBoard: outbound"
Aug 28 13:33:19.473422 backboardd(BackBoardHIDEventFoundation)[65] <Debug>:   SELECT: reject (doesn't match environment:keyboardFocus display:(null)) deferringRule:{<environment: keyboardFocus; token: 0xB4A8982E> -> <pid=57577 token=com.apple.frontboard.systemappservices::sceneID%3Adev.selfhost.firstActivationProbe-default> : 165-deferDiscrete: SpringBoard: outbound} (main)
        jetsamMode = default;
    "<_UIKeyboardArbiterHandle: 0x282a7be90; PID 57577: dev.selfhost.firstActivationProbe <com.apple.frontboard.systemappservices::sceneID%3Adev.selfhost.firstActivationProbe-default>; hosting PIDs {(\n)}; level 0.000000; active NO [wants NO]; suppression 0; iav 0.000000; on screen NO>"
Aug 28 13:33:19.473983 SpringBoard(FrontBoard)[47602] <Notice>: [sceneID:dev.selfhost.firstActivationProbe-default] scene content state changed: ready
Aug 28 13:33:19.474054 SpringBoard(FrontBoard)[47602] <Debug>: [FBSceneManager] PENDING:   <BSEventQueueEvent: 0x281c6cfc0; contentStateDidChange-sceneID:dev.selfhost.firstActivationProbe-default(2)> @ back
Aug 28 13:33:19.475386 backboardd(BackBoardHIDEventFoundation)[65] <Debug>:   SELECT: reject (doesn't match environment:keyboardFocus display:builtin) deferringRule:{<environment: keyboardFocus; token: 0xB4A8982E> -> <pid=57577 token=com.apple.frontboard.systemappservices::sceneID%3Adev.selfhost.firstActivationProbe-default> : 165-deferDiscrete: SpringBoard: outbound} (main)
Aug 28 13:33:19.476325 backboardd(BackBoardHIDEventFoundation)[65] <Debug>:   SELECT: complete deferringRule:{<environment: keyboardFocus; token: 0xB4A8982E> -> <pid=57577 token=com.apple.frontboard.systemappservices::sceneID%3Adev.selfhost.firstActivationProbe-default> : 165-deferDiscrete: SpringBoard: outbound}
Aug 28 13:33:19.476397 backboardd(BackBoardHIDEventFoundation)[65] <Debug>:    RDC selected: {<environment: keyboardFocus; token: 0xB4A8982E> -> <pid=57577 token=com.apple.frontboard.systemappservices::sceneID%3Adev.selfhost.firstActivationProbe-default> : 165-deferDiscrete: SpringBoard: outbound}
Aug 28 13:33:19.477244 backboardd(BackBoardHIDEventFoundation)[65] <Debug>:   SELECT: complete deferringRule:{<environment: keyboardFocus; display: builtin; token: com.apple.frontboard.systemappservices::sceneID%3Adev.selfhost.firstActivationProbe-default> -> <pid=57577 token=5b1737a6> : 1-deferDiscrete: UIWindowScene: 0x102a04750: Begin event deferring in keyboardFocus for window: 0x103f3a9d0}
Aug 28 13:33:19.477288 backboardd(BackBoardHIDEventFoundation)[65] <Debug>:    RDC selected: {<environment: keyboardFocus; display: builtin; token: com.apple.frontboard.systemappservices::sceneID%3Adev.selfhost.firstActivationProbe-default> -> <pid=57577 token=5b1737a6> : 1-deferDiscrete: UIWindowScene: 0x102a04750: Begin event deferring in keyboardFocus for window: 0x103f3a9d0}
Aug 28 13:33:19.477837 backboardd(BackBoardHIDEventFoundation)[65] <Debug>:   SELECT: reject (doesn't match environment:system display:(null)) deferringRule:{<environment: keyboardFocus; token: 0xB4A8982E> -> <pid=57577 token=com.apple.frontboard.systemappservices::sceneID%3Adev.selfhost.firstActivationProbe-default> : 165-deferDiscrete: SpringBoard: outbound} (main)
Aug 28 13:33:19.477977 SpringBoard(FrontBoard)[47602] <Debug>: [FBSceneManager] EXECUTING: <BSEventQueueEvent: 0x281c6cfc0; contentStateDidChange-sceneID:dev.selfhost.firstActivationProbe-default(2)>
Aug 28 13:33:19.478060 SpringBoard(FrontBoard)[47602] <Debug>: [FBSceneManager] PENDING:   <BSEventQueueEvent: 0x281c6d1e0; contentStateDidChange-sceneID:dev.selfhost.firstActivationProbe-default(2)> @ front
Aug 28 13:33:19.478453 backboardd(BackBoardHIDEventFoundation)[65] <Debug>:   SELECT: reject (doesn't match environment:system display:(null)) deferringRule:{<environment: keyboardFocus; token: 0xB4A8982E> -> <pid=57577 token=com.apple.frontboard.systemappservices::sceneID%3Adev.selfhost.firstActivationProbe-default> : 165-deferDiscrete: SpringBoard: outbound} (main)
Aug 28 13:33:19.478569 SpringBoard(FrontBoard)[47602] <Debug>: [FBSceneManager] EXECUTING: <BSEventQueueEvent: 0x281c6d1e0; contentStateDidChange-sceneID:dev.selfhost.firstActivationProbe-default(2)>
Aug 28 13:33:19.479112 SpringBoard(FrontBoard)[47602] <Info>: Client intercepting scene update for scene: sceneID:dev.selfhost.firstActivationProbe-default
Aug 28 13:33:19.479287 SpringBoard(FrontBoard)[47602] <Debug>: START SCENE MUTATION ------- sceneID:dev.selfhost.firstActivationProbe-default
Aug 28 13:33:19.479362 SpringBoard(FrontBoard)[47602] <Debug>: [FBSceneManager] PENDING:   <BSEventQueueEvent: 0x281c681a0; sceneUpdatePrepared-sceneID:dev.selfhost.firstActivationProbe-default(3)> @ back
Aug 28 13:33:19.479421 backboardd(BackBoardHIDEventFoundation)[65] <Debug>:   SELECT: reject (doesn't match environment:system display:(null)) deferringRule:{<environment: keyboardFocus; token: 0xB4A8982E> -> <pid=57577 token=com.apple.frontboard.systemappservices::sceneID%3Adev.selfhost.firstActivationProbe-default> : 165-deferDiscrete: SpringBoard: outbound} (main)
Aug 28 13:33:19.479503 SpringBoard(FrontBoard)[47602] <Debug>: Executing pended events before sceneID:dev.selfhost.firstActivationProbe-default: (
Aug 28 13:33:19.480042 backboardd(BackBoardHIDEventFoundation)[65] <Debug>:   SELECT: reject (doesn't match environment:keyboardFocus display:(null)) deferringRule:{<environment: keyboardFocus; token: 0xB4A8982E> -> <pid=57577 token=com.apple.frontboard.systemappservices::sceneID%3Adev.selfhost.firstActivationProbe-default> : 165-deferDiscrete: SpringBoard: outbound} (main)
Aug 28 13:33:19.480440 SpringBoard(FrontBoard)[47602] <Debug>: [FBSceneManager] PENDING:   <BSEventQueueEvent: 0x281c6a9a0; applySettings-sceneID:dev.selfhost.firstActivationProbe-default(3)> @ back
Aug 28 13:33:19.480484 SpringBoard(FrontBoard)[47602] <Debug>: Flushing all events for sceneID:dev.selfhost.firstActivationProbe-default
Aug 28 13:33:19.480827 backboardd(BackBoardHIDEventFoundation)[65] <Debug>:   SELECT: reject (doesn't match environment:keyboardFocus display:builtin) deferringRule:{<environment: keyboardFocus; token: 0xB4A8982E> -> <pid=57577 token=com.apple.frontboard.systemappservices::sceneID%3Adev.selfhost.firstActivationProbe-default> : 165-deferDiscrete: SpringBoard: outbound} (main)
Aug 28 13:33:19.481370 backboardd(BackBoardHIDEventFoundation)[65] <Debug>:   SELECT: complete deferringRule:{<environment: keyboardFocus; token: 0xB4A8982E> -> <pid=57577 token=com.apple.frontboard.systemappservices::sceneID%3Adev.selfhost.firstActivationProbe-default> : 165-deferDiscrete: SpringBoard: outbound}
Aug 28 13:33:19.481424 backboardd(BackBoardHIDEventFoundation)[65] <Debug>:    RDC selected: {<environment: keyboardFocus; token: 0xB4A8982E> -> <pid=57577 token=com.apple.frontboard.systemappservices::sceneID%3Adev.selfhost.firstActivationProbe-default> : 165-deferDiscrete: SpringBoard: outbound}
Aug 28 13:33:19.481559 SpringBoard(FrontBoard)[47602] <Debug>: [FBSceneManager] EXECUTING: <BSEventQueueEvent: 0x281c681a0; sceneUpdatePrepared-sceneID:dev.selfhost.firstActivationProbe-default(3)>
Aug 28 13:33:19.481583 SpringBoard(FrontBoard)[47602] <Debug>: [FBSceneManager] PENDING:   <BSEventQueueEvent: 0x281dfe300; sceneUpdatePrepared-sceneID:dev.selfhost.firstActivationProbe-default(3)> @ front
Aug 28 13:33:19.481635 SpringBoard(FrontBoard)[47602] <Debug>: [FBSceneManager] EXECUTING: <BSEventQueueEvent: 0x281dfe300; sceneUpdatePrepared-sceneID:dev.selfhost.firstActivationProbe-default(3)>
Aug 28 13:33:19.481908 backboardd(BackBoardHIDEventFoundation)[65] <Debug>:   SELECT: complete deferringRule:{<environment: keyboardFocus; display: builtin; token: com.apple.frontboard.systemappservices::sceneID%3Adev.selfhost.firstActivationProbe-default> -> <pid=57577 token=5b1737a6> : 1-deferDiscrete: UIWindowScene: 0x102a04750: Begin event deferring in keyboardFocus for window: 0x103f3a9d0}
Aug 28 13:33:19.481945 backboardd(BackBoardHIDEventFoundation)[65] <Debug>:    RDC selected: {<environment: keyboardFocus; display: builtin; token: com.apple.frontboard.systemappservices::sceneID%3Adev.selfhost.firstActivationProbe-default> -> <pid=57577 token=5b1737a6> : 1-deferDiscrete: UIWindowScene: 0x102a04750: Begin event deferring in keyboardFocus for window: 0x103f3a9d0}
Aug 28 13:33:19.482229 SpringBoard(FrontBoard)[47602] <Debug>: [FBSceneManager] EXECUTING: <BSEventQueueEvent: 0x281c6a9a0; applySettings-sceneID:dev.selfhost.firstActivationProbe-default(3)>
Aug 28 13:33:19.482350 backboardd(BackBoardHIDEventFoundation)[65] <Debug>:   SELECT: reject (doesn't match environment:system display:(null)) deferringRule:{<environment: keyboardFocus; token: 0xB4A8982E> -> <pid=57577 token=com.apple.frontboard.systemappservices::sceneID%3Adev.selfhost.firstActivationProbe-default> : 165-deferDiscrete: SpringBoard: outbound} (main)
Aug 28 13:33:19.482491 SpringBoard(FrontBoard)[47602] <Debug>: [FBSceneManager] PENDING:   <BSEventQueueEvent: 0x281dfe300; sceneUpdateApplied-sceneID:dev.selfhost.firstActivationProbe-default(3)> @ back
Aug 28 13:33:19.482586 SpringBoard(FrontBoard)[47602] <Debug>: [FBSceneManager] PENDING:   <BSEventQueueEvent: 0x281dfe5a0; sceneMutationCompletion-sceneID:dev.selfhost.firstActivationProbe-default(3)> @ back
Aug 28 13:33:19.482617 SpringBoard(FrontBoard)[47602] <Debug>: [FBSceneManager] EXECUTING: <BSEventQueueEvent: 0x281dfe300; sceneUpdateApplied-sceneID:dev.selfhost.firstActivationProbe-default(3)>
Aug 28 13:33:19.482637 SpringBoard(FrontBoard)[47602] <Debug>: [FBSceneManager] PENDING:   <BSEventQueueEvent: 0x281dfe220; sceneUpdateApplied-sceneID:dev.selfhost.firstActivationProbe-default(3)> @ front
Aug 28 13:33:19.482882 SpringBoard(FrontBoard)[47602] <Debug>: [FBSceneManager] EXECUTING: <BSEventQueueEvent: 0x281dfe220; sceneUpdateApplied-sceneID:dev.selfhost.firstActivationProbe-default(3)>
Aug 28 13:33:19.483059 SpringBoard(FrontBoard)[47602] <Info>: [sceneID:dev.selfhost.firstActivationProbe-default] Sending scene action [Forward Event][0xe436] to process 0x10500bd30 (watchdog: none)
Aug 28 13:33:19.483154 backboardd(BackBoardHIDEventFoundation)[65] <Debug>:   SELECT: reject (doesn't match environment:system display:(null)) deferringRule:{<environment: keyboardFocus; token: 0xB4A8982E> -> <pid=57577 token=com.apple.frontboard.systemappservices::sceneID%3Adev.selfhost.firstActivationProbe-default> : 165-deferDiscrete: SpringBoard: outbound} (main)
Aug 28 13:33:19.483649 backboardd(BackBoardHIDEventFoundation)[65] <Debug>:   SELECT: reject (doesn't match environment:keyboardFocus display:builtin) deferringRule:{<environment: keyboardFocus; token: 0xB4A8982E> -> <pid=57577 token=com.apple.frontboard.systemappservices::sceneID%3Adev.selfhost.firstActivationProbe-default> : 165-deferDiscrete: SpringBoard: outbound} (main)
Aug 28 13:33:19.484086 backboardd(BackBoardHIDEventFoundation)[65] <Debug>:   SELECT: reject (doesn't match environment:keyboardFocus display:builtin) deferringRule:{<environment: keyboardFocus; token: 0xB4A8982E> -> <pid=57577 token=com.apple.frontboard.systemappservices::sceneID%3Adev.selfhost.firstActivationProbe-default> : 165-deferDiscrete: SpringBoard: outbound} (main)
Aug 28 13:33:19.484249 SpringBoard(FrontBoard)[47602] <Debug>: [FBSceneManager] EXECUTING: <BSEventQueueEvent: 0x281dfe5a0; sceneMutationCompletion-sceneID:dev.selfhost.firstActivationProbe-default(3)>
Aug 28 13:33:19.484373 SpringBoard(FrontBoard)[47602] <Debug>: ---------- END SCENE MUTATION: sceneID:dev.selfhost.firstActivationProbe-default
Aug 28 13:33:19.484707 backboardd(BackBoardHIDEventFoundation)[65] <Debug>:   SELECT: complete deferringRule:{<environment: keyboardFocus; token: 0xB4A8982E> -> <pid=57577 token=com.apple.frontboard.systemappservices::sceneID%3Adev.selfhost.firstActivationProbe-default> : 165-deferDiscrete: SpringBoard: outbound}
Aug 28 13:33:19.484754 backboardd(BackBoardHIDEventFoundation)[65] <Debug>:    RDC selected: {<environment: keyboardFocus; token: 0xB4A8982E> -> <pid=57577 token=com.apple.frontboard.systemappservices::sceneID%3Adev.selfhost.firstActivationProbe-default> : 165-deferDiscrete: SpringBoard: outbound}
Aug 28 13:33:19.484983 backboardd(BackBoardHIDEventFoundation)[65] <Debug>:   SELECT: complete deferringRule:{<environment: keyboardFocus; display: builtin; token: com.apple.frontboard.systemappservices::sceneID%3Adev.selfhost.firstActivationProbe-default> -> <pid=57577 token=5b1737a6> : 1-deferDiscrete: UIWindowScene: 0x102a04750: Begin event deferring in keyboardFocus for window: 0x103f3a9d0}
Aug 28 13:33:19.485036 backboardd(BackBoardHIDEventFoundation)[65] <Debug>:    RDC selected: {<environment: keyboardFocus; display: builtin; token: com.apple.frontboard.systemappservices::sceneID%3Adev.selfhost.firstActivationProbe-default> -> <pid=57577 token=5b1737a6> : 1-deferDiscrete: UIWindowScene: 0x102a04750: Begin event deferring in keyboardFocus for window: 0x103f3a9d0}
Aug 28 13:33:19.485558 Runner(CoreFoundation)[57577] <Debug>: looked up value <private> for key AppleLanguages in CFPrefsPlistSource<0x28047d600> (Domain: kCFPreferencesAnyApplication, User: kCFPreferencesCurrentUser, ByHost: No, Container: (null), Contents Need Refresh: No) via CFPrefsSearchListSource<0x28047d080> (Domain: dev.selfhost.firstActivationProbe, Container: (null))
Aug 28 13:33:19.485584 Runner(RunningBoardServices)[57577] <Debug>: Received message from server: async_didChangeInheritances:completion:
Aug 28 13:33:19.485638 Runner(RunningBoardServices)[57577] <Info>: didChangeInheritances
Aug 28 13:33:19.485676 Runner(RunningBoardServices)[57577] <Info>: didChangeInheritances: <RBSInheritanceChangeSet| gained:{(
    <RBSInheritance| environment:UIScene:com.apple.frontboard.systemappservices::sceneID%3Adev.selfhost.firstActivationProbe-default name:com.apple.frontboard.visibility origID:33-47602-7771 payload>
Aug 28 13:33:19.485728 Runner(CoreFoundation)[57577] <Debug>: looked up value <private> for key AppleLanguages in CFPrefsPlistSource<0x28047d600> (Domain: kCFPreferencesAnyApplication, User: kCFPreferencesCurrentUser, ByHost: No, Container: (null), Contents Need Refresh: No) via CFPrefsSearchListSource<0x28047d080> (Domain: dev.selfhost.firstActivationProbe, Container: (null))
Aug 28 13:33:19.485789 runningboardd(RunningBoard)[33] <Debug>: END suppressing state updates for application<dev.selfhost.firstActivationProbe>
Aug 28 13:33:19.485838 runningboardd(RunningBoard)[33] <Debug>: Sending state update for application<dev.selfhost.firstActivationProbe>: <RBSProcessState| task:running-active debug:none terminationResistance:Interactive endowments:[
	<RBSProcessAssertionInfo| type:2 reason:10000 name:"Domain" domain:"com.apple.frontboard:Bootstrap-Foreground,com.apple.frontboard:Visibility" expl:"FBApplicationProcess">,
	<RBSProcessAssertionInfo| type:1 reason:0 name:"Custom" domain:"(null)" expl:"injecting inherited from "UIScene:com.apple.frontboard.systemappservices::com.apple.springboard" to 57577<UIScene:com.apple.frontboard.systemappservices::sceneID%3Adev.selfhost.firstActivationProbe-default>">
Aug 28 13:33:19.485881 runningboardd(RunningBoard)[33] <Debug>: Sending state 0x1011d1ea0 for application<dev.selfhost.firstActivationProbe> to [daemon<com.apple.SpringBoard>:47602]
Aug 28 13:33:19.485922 runningboardd(RunningBoard)[33] <Debug>: Sending state 0x1011c84a0 for application<dev.selfhost.firstActivationProbe> to [daemon<com.apple.coreservices.useractivityd>:184]
Aug 28 13:33:19.485962 runningboardd(RunningBoard)[33] <Info>: Received message from [daemon<com.apple.watchdogd>:57] (euid 0, auid 0): lookupHandleForKey:error:
Aug 28 13:33:19.486133 runningboardd(RunningBoard)[33] <Info>: Received message from [application<dev.selfhost.firstActivationProbe>:57577] (euid 501, auid 501): statesForPredicate:descriptor:error:
Aug 28 13:33:19.486198 runningboardd(RunningBoard)[33] <Info>: _predicatesMatchOnlyAllowedProcess allowing predicate matching self <RBSProcessPredicate <RBSProcessHandlePredicateImpl| application<dev.selfhost.firstActivationProbe>:57577>> for process [application<dev.selfhost.firstActivationProbe>:57577]
Aug 28 13:33:19.486298 Runner(CoreFoundation)[57577] <Debug>: Resource lookup at <private>
Aug 28 13:33:19.486326 Runner(RunningBoardServices)[57577] <Debug>: Decoded RBSProcessHandle with IPC ID 135306500000e0e9
Aug 28 13:33:19.486402 Runner(RunningBoardServices)[57577] <Notice>: Creating side-channel connection to com.apple.runningboard
Aug 28 13:33:19.486589 SpringBoard(RunningBoardServices)[47602] <Info>: Update skipped for [application<dev.selfhost.firstActivationProbe>:57577] with state: <RBSProcessState| task:running-active debug:none endowments:[
Aug 28 13:33:19.486652 SpringBoard(RunningBoardServices)[47602] <Info>: Update skipped for [application<dev.selfhost.firstActivationProbe>:57577] with state: <RBSProcessState| task:running-active debug:none endowments:[
Aug 28 13:33:19.486795 SpringBoard(RunningBoardServices)[47602] <Info>: Update skipped for [application<dev.selfhost.firstActivationProbe>:57577] with state: <RBSProcessState| task:running-active debug:none endowments:[
Aug 28 13:33:19.486834 SpringBoard(RunningBoardServices)[47602] <Info>: Update skipped for [application<dev.selfhost.firstActivationProbe>:57577] with state: <RBSProcessState| task:running-active debug:none endowments:[
Aug 28 13:33:19.487055 runningboardd(RunningBoard)[33] <Info>: Received message from [application<dev.selfhost.firstActivationProbe>:57577] (euid 501, auid 501): lookupHandleForKey:error:
Aug 28 13:33:19.487137 SpringBoard(FrontBoard)[47602] <Info>: [sceneID:dev.selfhost.firstActivationProbe-default] Client settings updated with diff: <private>
Aug 28 13:33:19.487181 SpringBoard(FrontBoard)[47602] <Info>: [sceneID:dev.selfhost.firstActivationProbe-default] didUpdateClientSettingsWithDiff: <private>
Aug 28 13:33:19.487212 SpringBoard(FrontBoard)[47602] <Debug>: [FBSceneManager] PENDING:   <BSEventQueueEvent: 0x281d4e8e0; handleDidUpdateClientSettings-sceneID:dev.selfhost.firstActivationProbe-default(4)> @ back
Aug 28 13:33:19.487248 SpringBoard(FrontBoard)[47602] <Debug>: [FBSceneManager] EXECUTING: <BSEventQueueEvent: 0x281d4e8e0; handleDidUpdateClientSettings-sceneID:dev.selfhost.firstActivationProbe-default(4)>
Aug 28 13:33:19.487354 SpringBoard(FrontBoard)[47602] <Debug>: [FBSceneManager] PENDING:   <BSEventQueueEvent: 0x281d43b00; didUpdateClientSettings-sceneID:dev.selfhost.firstActivationProbe-default(4)> @ back
Aug 28 13:33:19.487398 SpringBoard(FrontBoard)[47602] <Debug>: [FBSceneManager] PENDING:   <BSEventQueueEvent: 0x281da8de0; didUpdateClientSettingsCompletion-sceneID:dev.selfhost.firstActivationProbe-default(4)> @ back
Aug 28 13:33:19.490415 SpringBoard(FrontBoard)[47602] <Debug>: [FBSceneManager] EXECUTING: <BSEventQueueEvent: 0x281d43b00; didUpdateClientSettings-sceneID:dev.selfhost.firstActivationProbe-default(4)>
Aug 28 13:33:19.490542 SpringBoard(FrontBoard)[47602] <Debug>: [FBSceneManager] PENDING:   <BSEventQueueEvent: 0x281d16aa0; didUpdateClientSettings-sceneID:dev.selfhost.firstActivationProbe-default(4)> @ front
Aug 28 13:33:19.490628 SpringBoard(FrontBoard)[47602] <Debug>: [FBSceneManager] EXECUTING: <BSEventQueueEvent: 0x281d16aa0; didUpdateClientSettings-sceneID:dev.selfhost.firstActivationProbe-default(4)>
Aug 28 13:33:19.490824 runningboardd(RunningBoard)[33] <Info>: _predicatesMatchOnlyAllowedProcess allowing predicate matching self <RBSProcessPredicate <RBSProcessHandlePredicateImpl| application<dev.selfhost.firstActivationProbe>:57577>> for process [application<dev.selfhost.firstActivationProbe>:57577]
Aug 28 13:33:19.490892 runningboardd(RunningBoard)[33] <Info>: Received message from [application<dev.selfhost.firstActivationProbe>:57577] (euid 501, auid 501): acquireAssertionWithDescriptor:error:
Aug 28 13:33:19.491015 runningboardd(RunningBoard)[33] <Notice>: Acquiring assertion targeting [application<dev.selfhost.firstActivationProbe>:57577] from originator [application<dev.selfhost.firstActivationProbe>:57577] with description <RBSAssertionDescriptor| "systemAnimationFence" ID:33-57577-7772 target:57577 attributes:[
Aug 28 13:33:19.491084 runningboardd(RunningBoard)[33] <Notice>: Assertion 33-57577-7772 (target:[application<dev.selfhost.firstActivationProbe>:57577]) will be created as inactive as start-time-defining assertions exist
Aug 28 13:33:19.491153 runningboardd(RunningBoard)[33] <Debug>: Adding assertion 33-57577-7772 (target:[application<dev.selfhost.firstActivationProbe>:57577])
Aug 28 13:33:19.491290 runningboardd(RunningBoard)[33] <Debug>: BEGIN suppressing state updates for application<dev.selfhost.firstActivationProbe>
Aug 28 13:33:19.491353 runningboardd(RunningBoard)[33] <Debug>: Incrementing suppression state to 1 for application<dev.selfhost.firstActivationProbe>
Aug 28 13:33:19.491421 runningboardd(RunningBoard)[33] <Info>: application<dev.selfhost.firstActivationProbe> is now targeted by 6 assertions
Aug 28 13:33:19.491569 runningboardd(RunningBoard)[33] <Info>: Finished acquiring assertion 33-57577-7772 (target:[application<dev.selfhost.firstActivationProbe>:57577])
Aug 28 13:33:19.491626 runningboardd(RunningBoard)[33] <Debug>: Updating events for assertion: 33-57577-7772 (target:[application<dev.selfhost.firstActivationProbe>:57577])
Aug 28 13:33:19.492249 SpringBoard(FrontBoard)[47602] <Debug>: [FBSceneManager] EXECUTING: <BSEventQueueEvent: 0x281da8de0; didUpdateClientSettingsCompletion-sceneID:dev.selfhost.firstActivationProbe-default(4)>
Aug 28 13:33:19.492794 Runner(RunningBoardServices)[57577] <Notice>: Hit the server for a process handle 135306500000e0e9 that resolved to: [application<dev.selfhost.firstActivationProbe>:57577]
Aug 28 13:33:19.492860 Runner(RunningBoardServices)[57577] <Info>: Acquiring assertion: <RBSAssertionDescriptor| "systemAnimationFence" ID:(null) target:57577>
Aug 28 13:33:19.492962 Runner(RunningBoardServices)[57577] <Debug>: Adding assertion 33-57577-7772 to dictionary
Aug 28 13:33:19.493441 runningboardd(RunningBoard)[33] <Debug>: Removing events for context: 33-57577-7772 (target:[application<dev.selfhost.firstActivationProbe>:57577])
Aug 28 13:33:19.493818 powerd[43] <Notice>: Process runningboardd.33 Created SystemIsActive "application<dev.selfhost.firstActivationProbe>;(null):(null);33-47602-7767:FBApplicationProcess" age:00:00:00  id:51539650419 [System: SysAct]
Aug 28 13:33:19.494148 locationd[69] <Debug>: Ping timer fired, resetting watchdog
Aug 28 13:33:19.494488 Runner(Flutter)[57577] <Notice>: [shorebird] Patch check response: PatchCheckResponse { patch_available: false, patch: None, rolled_back_patch_numbers: Some([]) }
Aug 28 13:33:19.494809 watchdogd(RunningBoardServices)[57] <Debug>: Received message from server: async_observedProcessStatesDidChange:completion:
Aug 28 13:33:19.495484 Runner(Flutter)[57577] <Notice>: [shorebird] Update thread finished with status: No update
Aug 28 13:33:19.495535 watchdogd(RunningBoardServices)[57] <Info>: observedProcessStatesDidChange
Aug 28 13:33:19.495766 watchdogd(RunningBoardServices)[57] <Debug>: Decoded RBSProcessHandle with IPC ID 135306500000e0e9
Aug 28 13:33:19.496343 mediaserverd(RunningBoardServices)[36] <Info>: Update skipped for [application<dev.selfhost.firstActivationProbe>:57577] with state: <RBSProcessState| task:running-active debug:none endowments:[
Aug 28 13:33:19.496609 runningboardd(RunningBoard)[33] <Debug>: Decrementing suppression state to 0 for application<dev.selfhost.firstActivationProbe>
Aug 28 13:33:19.496706 mediaserverd(RunningBoardServices)[36] <Info>: Update skipped for [application<dev.selfhost.firstActivationProbe>:57577] with state: <RBSProcessState| task:running-active debug:none endowments:[
Aug 28 13:33:19.496965 runningboardd(RunningBoard)[33] <Debug>: END suppressing state updates for application<dev.selfhost.firstActivationProbe>
Aug 28 13:33:19.497039 cfprefsd(CoreFoundation)[91] <Debug>: Process 57577 (Runner) sent a request related to { com.apple.Metal, user: kCFPreferencesAnyUser, kCFPreferencesCurrentHost, /Library/Managed Preferences/com.apple.Metal.plist, managed: 1 } (0x101812d60)
Aug 28 13:33:19.497236 runningboardd(RunningBoard)[33] <Info>: Received message from [application<dev.selfhost.firstActivationProbe>:57577] (euid 501, auid 501): async_invalidateAssertionWithIdentifier:
Aug 28 13:33:19.497477 cfprefsd(CoreFoundation)[91] <Debug>: Process 57577 (Runner) sent a request related to { com.apple.Metal, user: mobile, kCFPreferencesAnyHost, /var/mobile/Library/Preferences/com.apple.Metal.plist, managed: 0 } (0x101812d60)
Aug 28 13:33:19.497598 runningboardd(RunningBoard)[33] <Notice>: Invalidating assertion 33-57577-7772 (target:[application<dev.selfhost.firstActivationProbe>:57577]) from originator [application<dev.selfhost.firstActivationProbe>:57577]
Aug 28 13:33:19.497833 cfprefsd(CoreFoundation)[91] <Debug>: Process 57577 (Runner) sent a request related to { com.apple.Metal, user: kCFPreferencesAnyUser, kCFPreferencesCurrentHost, /var/preferences/com.apple.Metal.plist, managed: 0 } (0x10034f970)
Aug 28 13:33:19.498132 SpringBoard(RunningBoardServices)[47602] <Info>: Update skipped for [application<dev.selfhost.firstActivationProbe>:57577] with state: <RBSProcessState| task:running-active debug:none endowments:[
Aug 28 13:33:19.498172 SpringBoard(RunningBoardServices)[47602] <Info>: Update skipped for [application<dev.selfhost.firstActivationProbe>:57577] with state: <RBSProcessState| task:running-active debug:none endowments:[
Aug 28 13:33:19.498308 SpringBoard(RunningBoardServices)[47602] <Info>: Update skipped for [application<dev.selfhost.firstActivationProbe>:57577] with state: <RBSProcessState| task:running-active debug:none endowments:[
Aug 28 13:33:19.498352 SpringBoard(RunningBoardServices)[47602] <Info>: Update skipped for [application<dev.selfhost.firstActivationProbe>:57577] with state: <RBSProcessState| task:running-active debug:none endowments:[
Aug 28 13:33:19.498522 SpringBoard(UserNotificationsServer)[47602] <Notice>: [dev.selfhost.firstActivationProbe] dev.selfhost.firstActivationProbe application state changed to ForegroundRunning
Aug 28 13:33:19.498562 SpringBoard(UserNotificationsServer)[47602] <Notice>: [dev.selfhost.firstActivationProbe] Ignore becoming foreground for application without push registration
Aug 28 13:33:19.498658 watchdogd(RunningBoardServices)[57] <Notice>: Hit the server for a process handle 135306500000e0e9 that resolved to: [application<dev.selfhost.firstActivationProbe>:57577]
Aug 28 13:33:19.498729 UserEventAgent(RunningBoardServices)[30] <Notice>: Hit the server for a process handle 135306500000e0e9 that resolved to: [application<dev.selfhost.firstActivationProbe>:57577]
Aug 28 13:33:19.498932 symptomsd(RunningBoardServices)[170] <Notice>: Hit the server for a process handle 135306500000e0e9 that resolved to: [application<dev.selfhost.firstActivationProbe>:57577]
        <SBSDisplayLayoutElement: 0x283642b50; sceneID:dev.selfhost.firstActivationProbe-default; bundleID: dev.selfhost.firstActivationProbe; frame: {{0, 0}, {375, 667}}; level: 1; role: primary>;
Aug 28 13:33:19.513197 SpringBoard(UIKitCore)[47602] <Notice>: [sceneID:dev.selfhost.firstActivationProbe-default] Setting deactivation reasons to: '(none)' for reason: updateAllScenesForBand - Assertion removed.
Aug 28 13:33:19.513459 SpringBoard(FrontBoard)[47602] <Info>: Client intercepting scene update for scene: sceneID:dev.selfhost.firstActivationProbe-default
Aug 28 13:33:19.513490 SpringBoard(FrontBoard)[47602] <Debug>: START SCENE MUTATION ------- sceneID:dev.selfhost.firstActivationProbe-default
Aug 28 13:33:19.513524 SpringBoard(FrontBoard)[47602] <Debug>: [FBSceneManager] PENDING:   <BSEventQueueEvent: 0x281c4e180; sceneUpdatePrepared-sceneID:dev.selfhost.firstActivationProbe-default(5)> @ back
Aug 28 13:33:19.513551 SpringBoard(FrontBoard)[47602] <Debug>: [FBSceneManager] PENDING:   <BSEventQueueEvent: 0x281c4fb20; applySettings-sceneID:dev.selfhost.firstActivationProbe-default(5)> @ back
Aug 28 13:33:19.513584 SpringBoard(FrontBoard)[47602] <Debug>: Flushing all events for sceneID:dev.selfhost.firstActivationProbe-default
Aug 28 13:33:19.513619 SpringBoard(FrontBoard)[47602] <Debug>: [FBSceneManager] EXECUTING: <BSEventQueueEvent: 0x281c4e180; sceneUpdatePrepared-sceneID:dev.selfhost.firstActivationProbe-default(5)>
Aug 28 13:33:19.513642 SpringBoard(FrontBoard)[47602] <Debug>: [FBSceneManager] PENDING:   <BSEventQueueEvent: 0x281c4fe80; sceneUpdatePrepared-sceneID:dev.selfhost.firstActivationProbe-default(5)> @ front
Aug 28 13:33:19.513674 SpringBoard(FrontBoard)[47602] <Debug>: [FBSceneManager] EXECUTING: <BSEventQueueEvent: 0x281c4fe80; sceneUpdatePrepared-sceneID:dev.selfhost.firstActivationProbe-default(5)>
Aug 28 13:33:19.513803 SpringBoard(FrontBoard)[47602] <Debug>: [FBSceneManager] EXECUTING: <BSEventQueueEvent: 0x281c4fb20; applySettings-sceneID:dev.selfhost.firstActivationProbe-default(5)>
Aug 28 13:33:19.513846 SpringBoard(FrontBoard)[47602] <Debug>: [FBSceneManager] PENDING:   <BSEventQueueEvent: 0x281c4e040; sceneUpdateApplied-sceneID:dev.selfhost.firstActivationProbe-default(5)> @ back
Aug 28 13:33:19.513882 SpringBoard(FrontBoard)[47602] <Debug>: [FBSceneManager] PENDING:   <BSEventQueueEvent: 0x281c7cf40; sceneMutationCompletion-sceneID:dev.selfhost.firstActivationProbe-default(5)> @ back
Aug 28 13:33:19.513929 SpringBoard(FrontBoard)[47602] <Debug>: [FBSceneManager] EXECUTING: <BSEventQueueEvent: 0x281c4e040; sceneUpdateApplied-sceneID:dev.selfhost.firstActivationProbe-default(5)>
Aug 28 13:33:19.513968 SpringBoard(FrontBoard)[47602] <Debug>: [FBSceneManager] PENDING:   <BSEventQueueEvent: 0x281c4f9a0; sceneUpdateApplied-sceneID:dev.selfhost.firstActivationProbe-default(5)> @ front
Aug 28 13:33:19.514007 SpringBoard(FrontBoard)[47602] <Info>: [sceneID:dev.selfhost.firstActivationProbe-default] Sending scene action [Forward Event][0xafb8] to process 0x10500bd30 (watchdog: none)
Aug 28 13:33:19.514054 SpringBoard(FrontBoard)[47602] <Debug>: [FBSceneManager] EXECUTING: <BSEventQueueEvent: 0x281c4f9a0; sceneUpdateApplied-sceneID:dev.selfhost.firstActivationProbe-default(5)>
Aug 28 13:33:19.514186 SpringBoard(FrontBoard)[47602] <Debug>: [FBSceneManager] EXECUTING: <BSEventQueueEvent: 0x281c7cf40; sceneMutationCompletion-sceneID:dev.selfhost.firstActivationProbe-default(5)>
Aug 28 13:33:19.514227 SpringBoard(FrontBoard)[47602] <Debug>: ---------- END SCENE MUTATION: sceneID:dev.selfhost.firstActivationProbe-default
Aug 28 13:33:19.514374 Runner(CoreFoundation)[57577] <Debug>: Resource lookup at <private>
Aug 28 13:33:19.514413 Runner(CoreFoundation)[57577] <Debug>: Resource lookup at <private>
Aug 28 13:33:19.514451 Runner(UIKitCore)[57577] <Notice>: sceneOfRecord: sceneID: sceneID:dev.selfhost.firstActivationProbe-default  persistentID: E58381BF-9609-426A-9CBF-219636271D47
Aug 28 13:33:19.514487 Runner(UIKitCore)[57577] <Notice>: Deactivation reason removed: 12; deactivation reasons: 4128 -> 32; animating application lifecycle event: 1
Aug 28 13:33:19.514515 Runner(UIKitCore)[57577] <Notice>: Deactivation reason removed: 5; deactivation reasons: 32 -> 0; animating application lifecycle event: 0
Aug 28 13:33:19.514571 Runner(HangTracer)[57577] <Info>: HTPrefs initialization
Aug 28 13:33:19.514603 Runner(CoreAnalytics)[57577] <Info>: Daemon status changed from 0 to 1
Aug 28 13:33:19.514974 Runner(CoreFoundation)[57577] <Debug>: Resource lookup at <private>
Aug 28 13:33:19.515021 Runner(CoreFoundation)[57577] <Debug>: Resource lookup at <private>
Aug 28 13:33:19.515057 Runner(CoreFoundation)[57577] <Info>: Loading Preferences From System CFPrefsD
Aug 28 13:33:19.515104 Runner(CoreFoundation)[57577] <Debug>: CFPrefsPlistSource<0x280473680> (Domain: com.apple.da, User: kCFPreferencesCurrentUser, ByHost: No, Container: (null), Contents Need Refresh: No) loaded: a new base plist and no additional changes from the base plist
Aug 28 13:33:19.515150 Runner(CoreFoundation)[57577] <Debug>: found no value for key HTEPL.HangTracerEnableCustomerMode in CFPrefsPlistSource<0x280473680> (Domain: com.apple.da, User: kCFPreferencesCurrentUser, ByHost: No, Container: (null), Contents Need Refresh: No)
Aug 28 13:33:19.515200 Runner(CoreFoundation)[57577] <Debug>: found no value for key PLTasking.HangTracerEnableCustomerMode in CFPrefsPlistSource<0x280473680> (Domain: com.apple.da, User: kCFPreferencesCurrentUser, ByHost: No, Container: (null), Contents Need Refresh: No)
Aug 28 13:33:19.515279 Runner(CoreFoundation)[57577] <Debug>: found no value for key HangTracerEnableCustomerMode in CFPrefsPlistSource<0x280473680> (Domain: com.apple.da, User: kCFPreferencesCurrentUser, ByHost: No, Container: (null), Contents Need Refresh: No)
Aug 28 13:33:19.515310 Runner(CoreFoundation)[57577] <Debug>: found no value for key PDSEHangTracer.HangTracerEnableCustomerMode in CFPrefsPlistSource<0x280473680> (Domain: com.apple.da, User: kCFPreferencesCurrentUser, ByHost: No, Container: (null), Contents Need Refresh: No)
Aug 28 13:33:19.515347 Runner(CoreFoundation)[57577] <Debug>: found no value for key PDSEHTThirdParty.HangTracerEnableCustomerMode in CFPrefsPlistSource<0x280473680> (Domain: com.apple.da, User: kCFPreferencesCurrentUser, ByHost: No, Container: (null), Contents Need Refresh: No)
Aug 28 13:33:19.515389 Runner(CoreFoundation)[57577] <Debug>: found no value for key PDSEHTRateOnly.HangTracerEnableCustomerMode in CFPrefsPlistSource<0x280473680> (Domain: com.apple.da, User: kCFPreferencesCurrentUser, ByHost: No, Container: (null), Contents Need Refresh: No)
Aug 28 13:33:19.515428 Runner(CoreFoundation)[57577] <Debug>: found no value for key PDSESentry.HangTracerEnableCustomerMode in CFPrefsPlistSource<0x280473680> (Domain: com.apple.da, User: kCFPreferencesCurrentUser, ByHost: No, Container: (null), Contents Need Refresh: No)
Aug 28 13:33:19.515474 Runner(HangTracer)[57577] <Debug>: HTPrefs: HangTracerEnableCustomerMode was not found in the com.apple.da domain, a profile, by EPL, by PowerLog Tasking domain, by HT Self Enablement or by HT Sentry Enablement
Aug 28 13:33:19.515520 Runner(HangTracer)[57577] <Info>: HTPrefs: Refreshing preferences
Aug 28 13:33:19.515567 Runner(CoreFoundation)[57577] <Debug>: found no value for key HTEPL.HangTracerEnableCustomerMode in CFPrefsPlistSource<0x280473680> (Domain: com.apple.da, User: kCFPreferencesCurrentUser, ByHost: No, Container: (null), Contents Need Refresh: No)
Aug 28 13:33:19.515613 Runner(CoreFoundation)[57577] <Debug>: found no value for key PLTasking.HangTracerEnableCustomerMode in CFPrefsPlistSource<0x280473680> (Domain: com.apple.da, User: kCFPreferencesCurrentUser, ByHost: No, Container: (null), Contents Need Refresh: No)
Aug 28 13:33:19.515659 Runner(CoreFoundation)[57577] <Debug>: found no value for key HangTracerEnableCustomerMode in CFPrefsPlistSource<0x280473680> (Domain: com.apple.da, User: kCFPreferencesCurrentUser, ByHost: No, Container: (null), Contents Need Refresh: No)
Aug 28 13:33:19.515698 Runner(CoreFoundation)[57577] <Debug>: found no value for key PDSEHangTracer.HangTracerEnableCustomerMode in CFPrefsPlistSource<0x280473680> (Domain: com.apple.da, User: kCFPreferencesCurrentUser, ByHost: No, Container: (null), Contents Need Refresh: No)
Aug 28 13:33:19.515765 Runner(CoreFoundation)[57577] <Debug>: found no value for key PDSEHTThirdParty.HangTracerEnableCustomerMode in CFPrefsPlistSource<0x280473680> (Domain: com.apple.da, User: kCFPreferencesCurrentUser, ByHost: No, Container: (null), Contents Need Refresh: No)
Aug 28 13:33:19.515829 Runner(CoreFoundation)[57577] <Debug>: found no value for key PDSEHTRateOnly.HangTracerEnableCustomerMode in CFPrefsPlistSource<0x280473680> (Domain: com.apple.da, User: kCFPreferencesCurrentUser, ByHost: No, Container: (null), Contents Need Refresh: No)
Aug 28 13:33:19.515891 Runner(CoreFoundation)[57577] <Debug>: found no value for key PDSESentry.HangTracerEnableCustomerMode in CFPrefsPlistSource<0x280473680> (Domain: com.apple.da, User: kCFPreferencesCurrentUser, ByHost: No, Container: (null), Contents Need Refresh: No)
Aug 28 13:33:19.515958 Runner(HangTracer)[57577] <Debug>: HTPrefs: HangTracerEnableCustomerMode was not found in the com.apple.da domain, a profile, by EPL, by PowerLog Tasking domain, by HT Self Enablement or by HT Sentry Enablement
Aug 28 13:33:19.515982 Runner(HangTracer)[57577] <Debug>: Preparing prefInitList
Aug 28 13:33:19.516001 Runner(CoreFoundation)[57577] <Debug>: found no value for key HTEPL.HangTracerEnabled in CFPrefsPlistSource<0x280473680> (Domain: com.apple.da, User: kCFPreferencesCurrentUser, ByHost: No, Container: (null), Contents Need Refresh: No)
Aug 28 13:33:19.516019 Runner(CoreFoundation)[57577] <Debug>: found no value for key PLTasking.HangTracerEnabled in CFPrefsPlistSource<0x280473680> (Domain: com.apple.da, User: kCFPreferencesCurrentUser, ByHost: No, Container: (null), Contents Need Refresh: No)
Aug 28 13:33:19.516138 Runner(CoreFoundation)[57577] <Debug>: found no value for key HangTracerEnabled in CFPrefsPlistSource<0x280473680> (Domain: com.apple.da, User: kCFPreferencesCurrentUser, ByHost: No, Container: (null), Contents Need Refresh: No)
Aug 28 13:33:19.516193 Runner(CoreFoundation)[57577] <Debug>: found no value for key PDSEHangTracer.HangTracerEnabled in CFPrefsPlistSource<0x280473680> (Domain: com.apple.da, User: kCFPreferencesCurrentUser, ByHost: No, Container: (null), Contents Need Refresh: No)
Aug 28 13:33:19.516255 Runner(CoreFoundation)[57577] <Debug>: found no value for key PDSEHTThirdParty.HangTracerEnabled in CFPrefsPlistSource<0x280473680> (Domain: com.apple.da, User: kCFPreferencesCurrentUser, ByHost: No, Container: (null), Contents Need Refresh: No)
Aug 28 13:33:19.516303 Runner(CoreFoundation)[57577] <Debug>: found no value for key PDSEHTRateOnly.HangTracerEnabled in CFPrefsPlistSource<0x280473680> (Domain: com.apple.da, User: kCFPreferencesCurrentUser, ByHost: No, Container: (null), Contents Need Refresh: No)
Aug 28 13:33:19.516365 Runner(CoreFoundation)[57577] <Debug>: found no value for key PDSESentry.HangTracerEnabled in CFPrefsPlistSource<0x280473680> (Domain: com.apple.da, User: kCFPreferencesCurrentUser, ByHost: No, Container: (null), Contents Need Refresh: No)
Aug 28 13:33:19.516405 Runner(HangTracer)[57577] <Debug>: HTPrefs: HangTracerEnabled was not found in the com.apple.da domain, a profile, by EPL, by PowerLog Tasking domain, by HT Self Enablement or by HT Sentry Enablement
Aug 28 13:33:19.516473 Runner(HangTracer)[57577] <Info>: Posting notification com.apple.hangtracer.htprefs.refreshed
Aug 28 13:33:19.516742 SpringBoard(FrontBoard)[47602] <Info>: [sceneID:dev.selfhost.firstActivationProbe-default] Scene action [Forward Event][0xafb8] completed with success: 1
Aug 28 13:33:19.516769 SpringBoard(FrontBoard)[47602] <Debug>: [FBSceneManager] PENDING:   <BSEventQueueEvent: 0x281dc78a0; updateComplete-sceneID:dev.selfhost.firstActivationProbe-default(5)> @ back
Aug 28 13:33:19.516788 SpringBoard(FrontBoard)[47602] <Debug>: [FBSceneManager] EXECUTING: <BSEventQueueEvent: 0x281dc78a0; updateComplete-sceneID:dev.selfhost.firstActivationProbe-default(5)>
Aug 28 13:33:19.516807 SpringBoard(FrontBoard)[47602] <Debug>: [FBSceneManager] PENDING:   <BSEventQueueEvent: 0x281dc10c0; sceneUpdateCompleted-sceneID:dev.selfhost.firstActivationProbe-default(5)> @ back
Aug 28 13:33:19.516839 SpringBoard(FrontBoard)[47602] <Debug>: [FBSceneManager] EXECUTING: <BSEventQueueEvent: 0x281dc10c0; sceneUpdateCompleted-sceneID:dev.selfhost.firstActivationProbe-default(5)>
Aug 28 13:33:19.516887 SpringBoard(FrontBoard)[47602] <Debug>: [FBSceneManager] PENDING:   <BSEventQueueEvent: 0x281d259e0; sceneUpdateCompleted-sceneID:dev.selfhost.firstActivationProbe-default(5)> @ front
Aug 28 13:33:19.516920 SpringBoard(FrontBoard)[47602] <Debug>: [FBSceneManager] EXECUTING: <BSEventQueueEvent: 0x281d259e0; sceneUpdateCompleted-sceneID:dev.selfhost.firstActivationProbe-default(5)>
Aug 28 13:33:19.516943 SpringBoard(FrontBoard)[47602] <Info>: [sceneID:dev.selfhost.firstActivationProbe-default] Client settings updated with diff: <private>
Aug 28 13:33:19.517092 SpringBoard(FrontBoard)[47602] <Info>: [sceneID:dev.selfhost.firstActivationProbe-default] didUpdateClientSettingsWithDiff: <private>
Aug 28 13:33:19.517170 SpringBoard(FrontBoard)[47602] <Debug>: [FBSceneManager] PENDING:   <BSEventQueueEvent: 0x281c64e40; handleDidUpdateClientSettings-sceneID:dev.selfhost.firstActivationProbe-default(5)> @ back
Aug 28 13:33:19.517228 SpringBoard(FrontBoard)[47602] <Debug>: [FBSceneManager] EXECUTING: <BSEventQueueEvent: 0x281c64e40; handleDidUpdateClientSettings-sceneID:dev.selfhost.firstActivationProbe-default(5)>
Aug 28 13:33:19.517351 SpringBoard(FrontBoard)[47602] <Debug>: [FBSceneManager] PENDING:   <BSEventQueueEvent: 0x281d1fc80; didUpdateClientSettings-sceneID:dev.selfhost.firstActivationProbe-default(5)> @ back
Aug 28 13:33:19.517404 SpringBoard(FrontBoard)[47602] <Debug>: [FBSceneManager] PENDING:   <BSEventQueueEvent: 0x281c67b20; didUpdateClientSettingsCompletion-sceneID:dev.selfhost.firstActivationProbe-default(5)> @ back
Aug 28 13:33:19.517583 SpringBoard(FrontBoard)[47602] <Debug>: [FBSceneManager] EXECUTING: <BSEventQueueEvent: 0x281d1fc80; didUpdateClientSettings-sceneID:dev.selfhost.firstActivationProbe-default(5)>
Aug 28 13:33:19.517629 SpringBoard(FrontBoard)[47602] <Debug>: [FBSceneManager] PENDING:   <BSEventQueueEvent: 0x281d1a880; didUpdateClientSettings-sceneID:dev.selfhost.firstActivationProbe-default(5)> @ front
Aug 28 13:33:19.517667 SpringBoard(FrontBoard)[47602] <Debug>: [FBSceneManager] EXECUTING: <BSEventQueueEvent: 0x281d1a880; didUpdateClientSettings-sceneID:dev.selfhost.firstActivationProbe-default(5)>
Aug 28 13:33:19.517805 SpringBoard(FrontBoard)[47602] <Debug>: [FBSceneManager] EXECUTING: <BSEventQueueEvent: 0x281c67b20; didUpdateClientSettingsCompletion-sceneID:dev.selfhost.firstActivationProbe-default(5)>
Aug 28 13:33:19.518039 cfprefsd(CoreFoundation)[91] <Debug>: Process 57577 (Runner) sent a request related to { com.apple.da, user: mobile, kCFPreferencesAnyHost, /var/mobile/Library/Preferences/com.apple.da.plist, managed: 0 } (0x100307ae0)
Aug 28 13:33:19.518194 cfprefsd(CoreFoundation)[91] <Debug>: Process 57577 (Runner) read data for { com.apple.da, mobile, kCFPreferencesAnyHost, /var/mobile/Library/Preferences/com.apple.da.plist, managed: 0 }, backed by /private/var/mobile/Library/Preferences/com.apple.da.plist
Aug 28 13:33:19.519365 CommCenter(RunningBoardServices)[90] <Info>: Update delivered for [application<dev.selfhost.firstActivationProbe>:57577] with taskState 4
Aug 28 13:33:19.519559 UserEventAgent(ADEventListenerPlugin)[30] <Debug>: AppStateChange: <private> (57577) terminated => foregroundRunning
Aug 28 13:33:19.519704 UserEventAgent(RunningBoardServices)[30] <Info>: Update delivered for [application<dev.selfhost.firstActivationProbe>:57577] with taskState 4
Aug 28 13:33:19.519862 runningboardd(RunningBoard)[33] <Debug>: Sending state 0x1011c84a0 for application<dev.selfhost.firstActivationProbe> to [daemon<com.apple.locationd>:69]
Aug 28 13:33:19.520092 runningboardd(RunningBoard)[33] <Debug>: Removing assertion 33-57577-7772 on [application<dev.selfhost.firstActivationProbe>:57577]
Aug 28 13:33:19.520139 runningboardd(RunningBoard)[33] <Debug>: > application<dev.selfhost.firstActivationProbe> ['RB Underlying Assertion'] [33-33-7768]
Aug 28 13:33:19.520183 runningboardd(RunningBoard)[33] <Debug>: > application<dev.selfhost.firstActivationProbe> ['Shared Background Assertion 0 for dev.selfhost.firstActivationProbe'] [33-57577-7770]
Aug 28 13:33:19.520233 runningboardd(RunningBoard)[33] <Info>: application<dev.selfhost.firstActivationProbe> is now targeted by 5 assertions
Aug 28 13:33:19.520279 runningboardd(RunningBoard)[33] <Debug>: > 57577 ['injecting inherited from "UIScene:com.apple.frontboard.systemappservices::com.apple.springboard" to 57577<UIScene:com.apple.frontboard.systemappservices::sceneID%3Adev.selfhost.firstActivationProbe-default>'] [33-47602-7771]
Aug 28 13:33:19.520317 runningboardd(RunningBoard)[33] <Debug>: Updating events for assertion: 33-57577-7772 (target:[application<dev.selfhost.firstActivationProbe>:57577])
Aug 28 13:33:19.520416 runningboardd(RunningBoard)[33] <Debug>: Removing events for context: 33-57577-7772 (target:[application<dev.selfhost.firstActivationProbe>:57577])
Aug 28 13:33:19.520510 runningboardd(RunningBoard)[33] <Debug>: > 57577 ['Shared Background Assertion 0 for dev.selfhost.firstActivationProbe'] [33-57577-7770]
Aug 28 13:33:19.520690 runningboardd(RunningBoard)[33] <Debug>: Sending state 0x1011c84a0 for application<dev.selfhost.firstActivationProbe> to [daemon<com.apple.dasd>:94]
Aug 28 13:33:19.522497 chronod(ChronoCore)[102] <Notice>: noting foreground launch for dev.selfhost.firstActivationProbe with widget extension; trigger metadata query
Aug 28 13:33:19.530302 runningboardd(RunningBoard)[33] <Debug>: Sending state 0x1011c84a0 for application<dev.selfhost.firstActivationProbe> to [daemon<com.apple.aggregated>:50213]
Aug 28 13:33:19.530976 watchdogd(RunningBoardServices)[57] <Notice>: Received state update for 57577
Aug 28 13:33:19.533847 bluetoothd(CoreUtils)[86] <Notice>: SystemUI unknown identifier: 'sceneID:dev.selfhost.firstActivationProbe-default' / 'dev.selfhost.firstActivationProbe'
Aug 28 13:33:19.535775 sharingd[66] <Debug>: SystemUI unknown identifier: 'sceneID:dev.selfhost.firstActivationProbe-default'/ 'dev.selfhost.firstActivationProbe'
Aug 28 13:33:19.541578 CommCenter(RunningBoardServices)[90] <Info>: Update skipped for [application<dev.selfhost.firstActivationProbe>:57577] with state: <RBSProcessState| task:running-active debug:none endowments:[
Aug 28 13:33:19.551061 watchdogd(RunningBoardServices)[57] <Debug>: Received message from server: async_observedProcessStatesDidChange:completion:
Aug 28 13:33:19.551160 watchdogd(RunningBoardServices)[57] <Info>: observedProcessStatesDidChange
Aug 28 13:33:19.551391 watchdogd(RunningBoardServices)[57] <Debug>: Decoded RBSProcessHandle with IPC ID 135306500000e0e9
Aug 28 13:33:19.551537 watchdogd(RunningBoardServices)[57] <Notice>: Received state update for 57577
Aug 28 13:33:19.551874 symptomsd(SymptomNetworkUsage)[170] <Debug>: 57577 dev.selfhost.firstActivationProbe: ForegroundRunning (most elevated: ForegroundRunning)
Aug 28 13:33:19.552022 symptomsd(RunningBoardServices)[170] <Info>: Update delivered for [application<dev.selfhost.firstActivationProbe>:57577] with taskState 4
Aug 28 13:33:19.552192 symptomsd(RunningBoardServices)[170] <Info>: Update skipped for [application<dev.selfhost.firstActivationProbe>:57577] with state: <RBSProcessState| task:running-active debug:none endowments:[
Aug 28 13:33:19.552849 watchdogd(RunningBoardServices)[57] <Info>: Update delivered for [application<dev.selfhost.firstActivationProbe>:57577] with taskState 4
Aug 28 13:33:19.552955 contextstored(RunningBoardServices)[61] <Notice>: Hit the server for a process handle 135306500000e0e9 that resolved to: [application<dev.selfhost.firstActivationProbe>:57577]
Aug 28 13:33:19.553990 contextstored(RunningBoardServices)[61] <Info>: Update delivered for [application<dev.selfhost.firstActivationProbe>:57577] with taskState 4
Aug 28 13:33:19.555196 contextstored(RunningBoardServices)[61] <Info>: Update skipped for [application<dev.selfhost.firstActivationProbe>:57577] with state: <RBSProcessState| task:running-active debug:none endowments:[
Aug 28 13:33:19.555516 watchdogd(RunningBoardServices)[57] <Info>: Update skipped for [application<dev.selfhost.firstActivationProbe>:57577] with state: <RBSProcessState| task:running-active debug:none endowments:[
Aug 28 13:33:19.555723 watchdogd[57] <Info>: 1308047214448000: <private>
Aug 28 13:33:19.556505 backboardd(RunningBoardServices)[65] <Notice>: Hit the server for a process handle 135306500000e0e9 that resolved to: [application<dev.selfhost.firstActivationProbe>:57577]
Aug 28 13:33:19.557382 kbd(RunningBoardServices)[303] <Notice>: Hit the server for a process handle 135306500000e0e9 that resolved to: [application<dev.selfhost.firstActivationProbe>:57577]
Aug 28 13:33:19.557815 kbd(RunningBoardServices)[303] <Info>: Update delivered for [application<dev.selfhost.firstActivationProbe>:57577] with taskState 4
Aug 28 13:33:19.559038 kbd(RunningBoardServices)[303] <Info>: Update skipped for [application<dev.selfhost.firstActivationProbe>:57577] with state: <RBSProcessState| task:running-active debug:none endowments:[
Aug 28 13:33:19.559660 backboardd(RunningBoardServices)[65] <Info>: Update delivered for [application<dev.selfhost.firstActivationProbe>:57577] with taskState 4
Aug 28 13:33:19.560990 backboardd(RunningBoardServices)[65] <Info>: Update skipped for [application<dev.selfhost.firstActivationProbe>:57577] with state: <RBSProcessState| task:running-active debug:none endowments:[
Aug 28 13:33:19.561473 runningboardd(RunningBoard)[33] <Debug>: [daemon<com.apple.SpringBoard>:47602] query resolved to [application<dev.selfhost.firstActivationProbe>:57577]
Aug 28 13:33:19.562870 callservicesd(RunningBoardServices)[131] <Notice>: Hit the server for a process handle 135306500000e0e9 that resolved to: [application<dev.selfhost.firstActivationProbe>:57577]
Aug 28 13:33:19.563215 callservicesd(RunningBoardServices)[131] <Info>: Update delivered for [application<dev.selfhost.firstActivationProbe>:57577] with taskState 4
Aug 28 13:33:19.563381 dasd(RunningBoardServices)[94] <Notice>: Hit the server for a process handle 135306500000e0e9 that resolved to: [application<dev.selfhost.firstActivationProbe>:57577]
Aug 28 13:33:19.563723 locationd(RunningBoardServices)[69] <Notice>: Hit the server for a process handle 135306500000e0e9 that resolved to: [application<dev.selfhost.firstActivationProbe>:57577]
Aug 28 13:33:19.564300 locationd(RunningBoardServices)[69] <Info>: Update delivered for [application<dev.selfhost.firstActivationProbe>:57577] with taskState 4
Aug 28 13:33:19.569393 locationd[69] <Notice>: {"msg":"#CLIUA Marking change", "clientKey":"dev.selfhost.firstActivationProbe", "reason":"Process state from RunningBoard", "assertionLevel":5, "coming":1}
Aug 28 13:33:19.571706 locationd[69] <Info>: getClientEffectiveRegistrationResult, , dev.selfhost.firstActivationProbe, , CLClientRegistrationResult, kCLClientRegistrationResultFailedUnavailable, CLCommonLocationServicesEnabled, 1
Aug 28 13:33:19.571781 locationd[69] <Info>: getClientEffectiveRegistrationResult, , dev.selfhost.firstActivationProbe, , CLClientRegistrationResult, kCLClientRegistrationResultFailedUnavailable, CLCommonLocationServicesEnabled, 1
Aug 28 13:33:19.571878 locationd[69] <Debug>: {"msg":"Skip UpdateClientServiceTypeMasks #pla for zones. No InterestZones", "ClientKey":"dev.selfhost.firstActivationProbe"}
Aug 28 13:33:19.574431 useractivityd(RunningBoardServices)[184] <Notice>: Hit the server for a process handle 135306500000e0e9 that resolved to: [application<dev.selfhost.firstActivationProbe>:57577]
Aug 28 13:33:19.574668 useractivityd(RunningBoardServices)[184] <Info>: Update delivered for [application<dev.selfhost.firstActivationProbe>:57577] with taskState 4
Aug 28 13:33:19.574874 wifid(RunningBoardServices)[52] <Notice>: Hit the server for a process handle 135306500000e0e9 that resolved to: [application<dev.selfhost.firstActivationProbe>:57577]
Aug 28 13:33:19.575075 aggregated(RunningBoardServices)[50213] <Notice>: Hit the server for a process handle 135306500000e0e9 that resolved to: [application<dev.selfhost.firstActivationProbe>:57577]
Aug 28 13:33:19.575564 aggregated(RunningBoardServices)[50213] <Info>: Update delivered for [application<dev.selfhost.firstActivationProbe>:57577] with taskState 4
Aug 28 13:33:19.579586 callservicesd(RunningBoardServices)[131] <Info>: Update skipped for [application<dev.selfhost.firstActivationProbe>:57577] with state: <RBSProcessState| task:running-active debug:none endowments:[
Aug 28 13:33:19.581278 locationd(RunningBoardServices)[69] <Info>: Update skipped for [application<dev.selfhost.firstActivationProbe>:57577] with state: <RBSProcessState| task:running-active debug:none endowments:[
Aug 28 13:33:19.581699 useractivityd(RunningBoardServices)[184] <Info>: Update skipped for [application<dev.selfhost.firstActivationProbe>:57577] with state: <RBSProcessState| task:running-active debug:none endowments:[
Aug 28 13:33:19.582680 aggregated(RunningBoardServices)[50213] <Info>: Update skipped for [application<dev.selfhost.firstActivationProbe>:57577] with state: <RBSProcessState| task:running-active debug:none endowments:[
Aug 28 13:33:19.583493 dasd(RunningBoardServices)[94] <Info>: Update delivered for [application<dev.selfhost.firstActivationProbe>:57577] with taskState 4
Aug 28 13:33:19.583652 dasd(RunningBoardServices)[94] <Info>: Update skipped for [application<dev.selfhost.firstActivationProbe>:57577] with state: <RBSProcessState| task:running-active debug:none endowments:[
Aug 28 13:33:19.588130 nearbyd(CoreMotion)[157] <Debug>: Ping timer fired, resetting watchdog
Aug 28 13:33:19.591682 wifid(RunningBoardServices)[52] <Info>: Update delivered for [application<dev.selfhost.firstActivationProbe>:57577] with taskState 4
Aug 28 13:33:19.591917 wifid(WiFiPolicy)[52] <Notice>: WifiDeviceManagerCatsWhitelistedApp: CATS en0:  deviceManager:0x10582dc00 FgApp:dev.selfhost.firstActivationProbe stateChange:1 whitelisted=1
Aug 28 13:33:19.592124 wifid(WiFiPolicy)[52] <Notice>: WiFiDeviceManagerCatsSetLowLatencyApp: CATSUpdate en0: fgApp:dev.selfhost.firstActivationProbe b=0x0 rc=0
Aug 28 13:33:19.592220 wifid(WiFiPolicy)[52] <Notice>: WiFiDeviceManagerCatsSetForegroundApp: CATSUpdate en0: fgApp:dev.selfhost.firstActivationProbe hs=0 t=1 wl=1 rc=1
Aug 28 13:33:19.593289 UserEventAgent(RunningBoardServices)[30] <Info>: Update delivered for [application<dev.selfhost.firstActivationProbe>:57577] with taskState 4
Aug 28 13:33:19.593379 wifid(RunningBoardServices)[52] <Info>: Update skipped for [application<dev.selfhost.firstActivationProbe>:57577] with state: <RBSProcessState| task:running-active debug:none endowments:[
Aug 28 13:33:19.600221 dasd(RunningBoardServices)[94] <Info>: Update delivered for [application<dev.selfhost.firstActivationProbe>:57577] with taskState 4
Aug 28 13:33:19.600394 dasd(RunningBoardServices)[94] <Info>: Update skipped for [application<dev.selfhost.firstActivationProbe>:57577] with state: <RBSProcessState| task:running-active debug:none endowments:[
Aug 28 13:33:19.600507 dasd(RunningBoardServices)[94] <Info>: Update delivered for [application<dev.selfhost.firstActivationProbe>:57577] with taskState 4
Aug 28 13:33:19.600640 dasd(RunningBoardServices)[94] <Info>: Update skipped for [application<dev.selfhost.firstActivationProbe>:57577] with state: <RBSProcessState| task:running-active debug:none endowments:[
Aug 28 13:33:19.608866 UserEventAgent(RunningBoardServices)[30] <Info>: Update delivered for [application<dev.selfhost.firstActivationProbe>:57577] with taskState 4
Aug 28 13:33:19.609052 UserEventAgent(RunningBoardServices)[30] <Info>: Update skipped for [application<dev.selfhost.firstActivationProbe>:57577] with state: <RBSProcessState| task:running-active debug:none endowments:[
	<RBSProcessAssertionInfo| type:2 reason:10000 name:"Domain" domain:"com.apple.frontboard:Bootstrap-Foreground,com.apple.frontboard:Visibility" expl:"FBApplicationProcess">,
	<RBSProcessAssertionInfo| type:1 reason:0 name:"Custom" domain:"(null)" expl:"injecting inherited from "UIScene:com.apple.frontboard.systemappservices::com.apple.springboard" to 57577<UIScene:com.apple.frontboard.systemappservices::sceneID%3Adev.selfhost.firstActivationProbe-default>">
Aug 28 13:33:19.624274 symptomsd(SymptomNetworkUsage)[170] <Debug>: Dynamic lookup for E01B2FEA-36F1-3C21-AADE-93AC8E03F45C found entry dev.selfhost.firstActivationProbe
Aug 28 13:33:19.629574 symptomsd(SymptomNetworkUsage)[170] <Debug>: Dynamic lookup for E01B2FEA-36F1-3C21-AADE-93AC8E03F45C found entry dev.selfhost.firstActivationProbe
Aug 28 13:33:19.632287 symptomsd(SymptomNetworkUsage)[170] <Info>: handleApplicationStateChangeForDisplayName: name dev.selfhost.firstActivationProbe uuid E01B2FEA-36F1-3C21-AADE-93AC8E03F45C pid 57577 state BKSApplicationStateForegroundRunning
Aug 28 13:33:19.633505 symptomsd(SymptomNetworkUsage)[170] <Debug>: Dynamic lookup for E01B2FEA-36F1-3C21-AADE-93AC8E03F45C found entry dev.selfhost.firstActivationProbe
Aug 28 13:33:19.634268 symptomsd(SymptomEvaluator)[170] <Info>: COSMCtrl foregroundAppObserver gets E01B2FEA-36F1-3C21-AADE-93AC8E03F45C for dev.selfhost.firstActivationProbe state 1
Aug 28 13:33:19.634626 symptomsd(SymptomEvaluator)[170] <Debug>: COSMCtrl _foregroundAppActivity entry for E01B2FEA-36F1-3C21-AADE-93AC8E03F45C -> dev.selfhost.firstActivationProbe  fg 1
Aug 28 13:33:19.634860 symptomsd(SymptomEvaluator)[170] <Debug>: COSMCtrl _foregroundAppActivity exit for E01B2FEA-36F1-3C21-AADE-93AC8E03F45C -> dev.selfhost.firstActivationProbe  policy id 0  fg 1 fg-activity 0
Aug 28 13:33:19.635077 symptomsd(SymptomEvaluator)[170] <Debug>: Flow data on entry is Runner TCP4 flow id 1232609 (close) so pkts rx 2 tx 2, bytes 311 424 cell 0 0 wifi 391 504 wired 0 0 deltas 311 424 0 0 391 504 0 0
src 1232609 snapshot: Runner TCP4 flow id 1232609 (close) so pkts rx 2 tx 2, bytes 311 424 cell 0 0 wifi 391 504 wired 0 0 deltas 311 424 0 0 391 504 0 0
Aug 28 13:33:19.635903 symptomsd(SymptomEvaluator)[170] <Debug>: --> activityBitmaps: adding new bitmaps for app [dev.selfhost.firstActivationProbe] with bitmaps starting at 1308040: [             0x1] [               0]
Aug 28 13:33:19.636101 symptomsd(SymptomEvaluator)[170] <Debug>: --> activityBitmaps for dev.selfhost.firstActivationProbe: current bitmaps stored before adding new bitmap: [Activity time: 03:33:09.000 -0400 (1305864) ] [wordOffset: 0, numOfWords:7] <             0x1           0x2000    0x40000000000                0             0x10                0                0 >
Aug 28 13:33:19.636149 symptomsd(SymptomEvaluator)[170] <Debug>: --> activityBitmaps for dev.selfhost.firstActivationProbe: flowId 1232609, startTime 1308040, new bitmap part1:              0x1, part2:                0
Aug 28 13:33:19.636301 symptomsd(SymptomEvaluator)[170] <Debug>: --> activityBitmaps for dev.selfhost.firstActivationProbe: current bitmaps stored after adding new bitmap: [Activity time: 03:33:09.000 -0400 (1305864) ] [wordOffset: 0, numOfWords:7] <             0x1           0x2000    0x40000000000                0          0x10010                0                0 >
Aug 28 13:33:19.639471 symptomsd(SymptomEvaluator)[170] <Debug>: found LU hint (mode: 1) for dev.selfhost.firstActivationProbe: 0x102829350, subscriber tag: 0
Aug 28 13:33:19.639644 symptomsd(SymptomEvaluator)[170] <Notice>: Data Usage for dev.selfhost.firstActivationProbe on flow 1232609 - WiFi in/out: 23395/19037, WiFi delta_in/delta_out: 391/504, Cell in/out: 0/0, Cell delta_in/delta_out: 0/0, RNF: 0, subscriber tag: 0
Aug 28 13:33:19.639802 symptomsd(SymptomEvaluator)[170] <Debug>: Data Usage for dev.selfhost.firstActivationProbe on flow 1232609 - Wired in/out: 0/0, Wired delta_in/delta_out: 0/0, subscriber tag: 0
Aug 28 13:33:19.640069 symptomsd(SymptomEvaluator)[170] <Debug>: Flow data on entry is Runner TCP4 flow id 1232610 (close) so pkts rx 2 tx 2, bytes 258 546 cell 0 0 wifi 338 626 wired 0 0 deltas 258 546 0 0 338 626 0 0
src 1232610 snapshot: Runner TCP4 flow id 1232610 (close) so pkts rx 2 tx 2, bytes 258 546 cell 0 0 wifi 338 626 wired 0 0 deltas 258 546 0 0 338 626 0 0
Aug 28 13:33:19.642286 symptomsd(SymptomEvaluator)[170] <Debug>: --> activityBitmaps: adding new bitmaps for app [dev.selfhost.firstActivationProbe] with bitmaps starting at 1308040: [             0x1] [               0]
Aug 28 13:33:19.642555 symptomsd(SymptomEvaluator)[170] <Debug>: --> activityBitmaps for dev.selfhost.firstActivationProbe: current bitmaps stored before adding new bitmap: [Activity time: 03:33:09.000 -0400 (1305864) ] [wordOffset: 0, numOfWords:7] <             0x1           0x2000    0x40000000000                0          0x10010                0                0 >
Aug 28 13:33:19.642657 symptomsd(SymptomEvaluator)[170] <Debug>: --> activityBitmaps for dev.selfhost.firstActivationProbe: flowId 1232610, startTime 1308040, new bitmap part1:              0x1, part2:                0
Aug 28 13:33:19.642873 symptomsd(SymptomEvaluator)[170] <Debug>: --> activityBitmaps for dev.selfhost.firstActivationProbe: current bitmaps stored after adding new bitmap: [Activity time: 03:33:09.000 -0400 (1305864) ] [wordOffset: 0, numOfWords:7] <             0x1           0x2000    0x40000000000                0          0x10010                0                0 >
Aug 28 13:33:19.647329 wifid(WiFiPolicy)[52] <Notice>: __WiFiLQAMgrLogStats(tech support:Stationary): Rssi: -39 {-38 -48} Channel: 44 Bandwidth: 80Mhz Snr: 35 Cca: 20 (S:0 O:0 I:0) TxPer: 0.0% (13) BcnPer: 0.0% (0, 50.5%) RxFrms: 15 RxRetryFrames: 0 TxRate: 24000 RxRate: 866667 FBRate: 468000 TxFwFrms: 2 TxFwFail: 0 TxReTrans: 2 time: 63.1secs fgApp: dev.selfhost.firstActivationProbe
Aug 28 13:33:19.650037 symptomsd(SymptomEvaluator)[170] <Debug>: found LU hint (mode: 1) for dev.selfhost.firstActivationProbe: 0x102829350, subscriber tag: 0
Aug 28 13:33:19.651756 symptomsd(SymptomEvaluator)[170] <Notice>: Data Usage for dev.selfhost.firstActivationProbe on flow 1232610 - WiFi in/out: 23733/19663, WiFi delta_in/delta_out: 338/626, Cell in/out: 0/0, Cell delta_in/delta_out: 0/0, RNF: 0, subscriber tag: 0
Aug 28 13:33:19.652222 symptomsd(SymptomEvaluator)[170] <Debug>: Data Usage for dev.selfhost.firstActivationProbe on flow 1232610 - Wired in/out: 0/0, Wired delta_in/delta_out: 0/0, subscriber tag: 0
Aug 28 13:33:19.652436 symptomsd(SymptomEvaluator)[170] <Info>: changedForegroundState to 1 for dev.selfhost.firstActivationProbe
Aug 28 13:33:19.652488 symptomsd(SymptomEvaluator)[170] <Debug>: app name dev.selfhost.firstActivationProbe isForeground 1  hasForegroundApps 1, current idea of foreground 0 disp (null)
Aug 28 13:33:19.652656 symptomsd(SymptomEvaluator)[170] <Notice>: dev.selfhost.firstActivationProbe: Foreground: true
Aug 28 13:33:19.652759 symptomsd(SymptomEvaluator)[170] <Debug>: found LU hint (mode: 1) for dev.selfhost.firstActivationProbe: 0x102829350, subscriber tag: 0
Aug 28 13:33:19.652823 symptomsd(SymptomEvaluator)[170] <Info>: Set appCompactState object 43396 for key dev.selfhost.firstActivationProbe
Aug 28 13:33:19.703050 Runner(CoreFoundation)[57577] <Debug>: Resource lookup at <private>
Aug 28 13:33:19.709400 Runner(CoreFoundation)[57577] <Debug>: found no value for key EnhancedTextLegibilityEnabled in CFPrefsSearchListSource<0x28047d080> (Domain: dev.selfhost.firstActivationProbe, Container: (null))
Aug 28 13:33:19.709519 Runner(libAccessibility.dylib)[57577] <Debug>: CF Read: domain = dev.selfhost.firstActivationProbe, preference = EnhancedTextLegibilityEnabled, appID = dev.selfhost.firstActivationProbe result = (null) (-1 - empty, 0 - false, 1 - true)
Aug 28 13:33:19.709565 Runner(CoreFoundation)[57577] <Debug>: found no value for key DarkenSystemColors in CFPrefsSearchListSource<0x28047d080> (Domain: dev.selfhost.firstActivationProbe, Container: (null))
Aug 28 13:33:19.709617 Runner(libAccessibility.dylib)[57577] <Debug>: CF Read: domain = dev.selfhost.firstActivationProbe, preference = DarkenSystemColors, appID = dev.selfhost.firstActivationProbe result = (null) (-1 - empty, 0 - false, 1 - true)
Aug 28 13:33:19.709657 Runner(CoreFoundation)[57577] <Debug>: found no value for key InvertColorsEnabled in CFPrefsSearchListSource<0x28047d080> (Domain: dev.selfhost.firstActivationProbe, Container: (null))
Aug 28 13:33:19.709681 Runner(libAccessibility.dylib)[57577] <Debug>: CF Read: domain = dev.selfhost.firstActivationProbe, preference = InvertColorsEnabled, appID = dev.selfhost.firstActivationProbe result = (null) (-1 - empty, 0 - false, 1 - true)
Aug 28 13:33:19.712530 SpringBoard(SplashBoard)[47602] <Info>: <XBApplicationSnapshot: 0x109ddf7d0; …2F3B89D0D3F1> [dev.selfhost.firstActivationProbe] Purging the cached image; force: 0; _imageAccessCount: 0; _keepImageAccessUntilExpiration: 0; _hasProtectedContent: 0; _keepImageAccessForPreheat: 0
<SBTransitionSwitcherModifierEvent: 0x28216bf00; type: MainTransition; transitionID: 6C46EB44-BE32-4D95-9699-3AF1A341E110; phase: Complete; animated: YES; fromAppLayout: 0x0; toAppLayout: <SBAppLayout: 0x2808e2980; primary: dev.selfhost.firstActivationProbe:default; environment: main>; fromEnvironmentMode: home-screen; toEnvironmentMode: application; pendingTermination: {(
)}; activating: <SBAppLayout: 0x2808e2980; primary: dev.selfhost.firstActivationProbe:default; environment: main>; dosidoTransitionDirection: 0>
		    <SBIconOverlayVisibilitySwitcherEventResponse: 0x280801840; visible: NO; appLayout: <SBAppLayout: 0x2808e2980; primary: dev.selfhost.firstActivationProbe:default; environment: main>>;
		    <SBIconViewVisibilitySwitcherEventResponse: 0x283e23610; visible: YES; animationSettings: 0x0; appLayout: <SBAppLayout: 0x2808e2980; primary: dev.selfhost.firstActivationProbe:default; environment: main>>;
		    <SBMatchMoveToIconViewSwitcherEventResponse: 0x2808038c0; active: NO; appLayout: <SBAppLayout: 0x2808e2980; primary: dev.selfhost.firstActivationProbe:default; environment: main>>;
Aug 28 13:33:19.776558 SpringBoard[47602] <Notice>: Front display did change: <SBApplication: 0x28242b100; dev.selfhost.firstActivationProbe>
Aug 28 13:33:19.793495 runningboardd(RunningBoard)[33] <Info>: Received message from [application<dev.selfhost.firstActivationProbe>:57577] (euid 501, auid 501): async_invalidateAssertionWithIdentifier:
Aug 28 13:33:19.793663 runningboardd(RunningBoard)[33] <Notice>: Invalidating assertion 33-57577-7770 (target:[application<dev.selfhost.firstActivationProbe>:57577]) from originator [application<dev.selfhost.firstActivationProbe>:57577]
Aug 28 13:33:19.793770 Runner(UIKitCore)[57577] <Notice>: <private>: Ending background task with UIBackgroundTaskIdentifier: 1
Aug 28 13:33:19.793834 Runner(UIKitCore)[57577] <Notice>: <private>: Ending task with identifier 1 and description: <private>, _expireHandler: <__NSGlobalBlock__: 0x1ec737410>
Aug 28 13:33:19.793894 Runner(UIKitCore)[57577] <Notice>: <private>: Decrementing reference count for assertion used by background task with identifier 1: <private>
Aug 28 13:33:19.793954 Runner(UIKitCore)[57577] <Notice>: <private>: Will invalidate assertion: <BKSProcessAssertion: 0x28097b9d0> for task identifier: 1
        <SBDeviceApplicationSceneEntity: 0x283effe30; ID: sceneID:dev.selfhost.firstActivationProbe-default; layoutRole: primary>
                            Application: <SBDeviceApplicationSceneEntity: 0x283effe30; ID: sceneID:dev.selfhost.firstActivationProbe-default; layoutRole: primary>
                            SceneID: sceneID:dev.selfhost.firstActivationProbe-default
                                    Process: <FBApplicationProcess: 0x10500bd30; application<dev.selfhost.firstActivationProbe>:57577(v72E7F)>
                                    SceneID: sceneID:dev.selfhost.firstActivationProbe-default
                                        TIME: 13:33:19.204; DESCRIPTION: Updating scene with watchdog policy: RunWatchdog
        <SBDeviceApplicationSceneEntity: 0x283effe30; ID: sceneID:dev.selfhost.firstActivationProbe-default; layoutRole: primary>
        <SBDeviceApplicationSceneEntity: 0x283effe30; ID: sceneID:dev.selfhost.firstActivationProbe-default; layoutRole: primary>
Aug 28 13:33:19.812170 runningboardd(RunningBoard)[33] <Debug>: [daemon<com.apple.CommCenter>:90] query resolved to [application<dev.selfhost.firstActivationProbe>:57577]
Aug 28 13:33:19.812588 bluetoothd(CoreUtils)[86] <Notice>: SystemUI unknown identifier: 'sceneID:dev.selfhost.firstActivationProbe-default' / 'dev.selfhost.firstActivationProbe'
        <SBSDisplayLayoutElement: 0x2836f0a10; sceneID:dev.selfhost.firstActivationProbe-default; bundleID: dev.selfhost.firstActivationProbe; frame: {{0, 0}, {375, 667}}; level: 1; role: primary>;
Aug 28 13:33:19.815215 sharingd[66] <Debug>: SystemUI unknown identifier: 'sceneID:dev.selfhost.firstActivationProbe-default'/ 'dev.selfhost.firstActivationProbe'
Aug 28 13:33:19.815579 runningboardd(RunningBoard)[33] <Debug>: [daemon<com.apple.SpringBoard>:47602] query resolved to [application<dev.selfhost.firstActivationProbe>:57577]
Aug 28 13:33:19.837770 Runner(CoreFoundation)[57577] <Debug>: found no value for key ReduceMotionEnabled in CFPrefsSearchListSource<0x28047d080> (Domain: dev.selfhost.firstActivationProbe, Container: (null))
Aug 28 13:33:19.837839 Runner(libAccessibility.dylib)[57577] <Debug>: CF Read: domain = dev.selfhost.firstActivationProbe, preference = ReduceMotionEnabled, appID = dev.selfhost.firstActivationProbe result = (null) (-1 - empty, 0 - false, 1 - true)
Aug 28 13:33:19.888404 runningboardd(RunningBoard)[33] <Debug>: Updating events for assertion: 33-57577-7770 (target:[application<dev.selfhost.firstActivationProbe>:57577])
Aug 28 13:33:19.888457 runningboardd(RunningBoard)[33] <Debug>: Removing assertion 33-57577-7770 on [application<dev.selfhost.firstActivationProbe>:57577]
Aug 28 13:33:19.888502 runningboardd(RunningBoard)[33] <Debug>: Removing events for context: 33-57577-7770 (target:[application<dev.selfhost.firstActivationProbe>:57577])
Aug 28 13:33:19.888532 runningboardd(RunningBoard)[33] <Debug>: > application<dev.selfhost.firstActivationProbe> ['RB Underlying Assertion'] [33-33-7768]
Aug 28 13:33:19.888559 runningboardd(RunningBoard)[33] <Info>: application<dev.selfhost.firstActivationProbe> is now targeted by 4 assertions
Aug 28 13:33:19.888594 runningboardd(RunningBoard)[33] <Debug>: > 57577 ['injecting inherited from "UIScene:com.apple.frontboard.systemappservices::com.apple.springboard" to 57577<UIScene:com.apple.frontboard.systemappservices::sceneID%3Adev.selfhost.firstActivationProbe-default>'] [33-47602-7771]
Aug 28 13:33:19.904476 Runner(CoreFoundation)[57577] <Debug>: found no value for key IncreaseButtonLegibilityEnabled in CFPrefsSearchListSource<0x28047d080> (Domain: dev.selfhost.firstActivationProbe, Container: (null))
Aug 28 13:33:19.904553 Runner(libAccessibility.dylib)[57577] <Debug>: CF Read: domain = dev.selfhost.firstActivationProbe, preference = IncreaseButtonLegibilityEnabled, appID = dev.selfhost.firstActivationProbe result = (null) (-1 - empty, 0 - false, 1 - true)
Aug 28 13:33:19.904578 Runner(CoreFoundation)[57577] <Debug>: found no value for key ReduceMotionAutoplayVideoPreviewsEnabled in CFPrefsSearchListSource<0x28047d080> (Domain: dev.selfhost.firstActivationProbe, Container: (null))
Aug 28 13:33:19.904609 Runner(libAccessibility.dylib)[57577] <Debug>: CF Read: domain = dev.selfhost.firstActivationProbe, preference = ReduceMotionAutoplayVideoPreviewsEnabled, appID = dev.selfhost.firstActivationProbe result = (null) (-1 - empty, 0 - false, 1 - true)
Aug 28 13:33:20.071626 SpringBoard(SplashBoard)[47602] <Info>: <XBApplicationSnapshot: 0x109d3cb20; …A909693DA7E7> [dev.selfhost.firstActivationProbe] Purging the cached image; force: 0; _imageAccessCount: 0; _keepImageAccessUntilExpiration: 0; _hasProtectedContent: 0; _keepImageAccessForPreheat: 0
Aug 28 13:33:20.228454 SpringBoard(FrontBoard)[47602] <Notice>: [application<dev.selfhost.firstActivationProbe>:57577] Now acquiring workspace assertion with state: ForegroundFocal.
Aug 28 13:33:20.231942 runningboardd(RunningBoard)[33] <Notice>: Acquiring assertion targeting [application<dev.selfhost.firstActivationProbe>:57577] from originator [daemon<com.apple.SpringBoard>:47602] with description <RBSAssertionDescriptor| "FBWorkspace (ForegroundFocal)" ID:33-47602-7773 target:57577 attributes:[
Aug 28 13:33:20.235471 runningboardd(RunningBoard)[33] <Notice>: Assertion 33-47602-7773 (target:[application<dev.selfhost.firstActivationProbe>:57577]) will be created as active
Aug 28 13:33:20.239370 runningboardd(RunningBoard)[33] <Debug>: BEGIN suppressing state updates for application<dev.selfhost.firstActivationProbe>
Aug 28 13:33:20.246531 runningboardd(RunningBoard)[33] <Debug>: Adding assertion 33-47602-7773 (target:[application<dev.selfhost.firstActivationProbe>:57577])
Aug 28 13:33:20.246776 runningboardd(RunningBoard)[33] <Debug>: Incrementing suppression state to 1 for application<dev.selfhost.firstActivationProbe>
Aug 28 13:33:20.247295 runningboardd(RunningBoard)[33] <Info>: application<dev.selfhost.firstActivationProbe> is now targeted by 5 assertions
Aug 28 13:33:20.247716 runningboardd(RunningBoard)[33] <Debug>: Updating events for assertion: 33-47602-7773 (target:[application<dev.selfhost.firstActivationProbe>:57577])
Aug 28 13:33:20.247913 runningboardd(RunningBoard)[33] <Debug>: Removing events for context: 33-47602-7773 (target:[application<dev.selfhost.firstActivationProbe>:57577])
Aug 28 13:33:20.248109 runningboardd(RunningBoard)[33] <Debug>: Enqueueing events for assertion: 33-47602-7773 (target:[application<dev.selfhost.firstActivationProbe>:57577])
Aug 28 13:33:20.248301 runningboardd(RunningBoard)[33] <Info>: [application<dev.selfhost.firstActivationProbe>:57577] Applying updated state
Aug 28 13:33:20.248496 runningboardd(RunningBoard)[33] <Notice>: Calculated state for application<dev.selfhost.firstActivationProbe>: running-active (role: UserInteractiveFocal)
    <RBSInheritance| environment:UIScene:com.apple.frontboard.systemappservices::sceneID%3Adev.selfhost.firstActivationProbe-default name:com.apple.frontboard.visibility origID:33-47602-7771 payload>
Aug 28 13:33:20.248909 runningboardd(RunningBoard)[33] <Debug>: SUPPRESSING state update for application<dev.selfhost.firstActivationProbe>: <RBSProcessState| task:running-active debug:none terminationResistance:Interactive endowments:[
	<RBSProcessAssertionInfo| type:2 reason:10000 name:"Domain" domain:"com.apple.frontboard:Bootstrap-Foreground,com.apple.frontboard:Visibility" expl:"FBApplicationProcess">,
	<RBSProcessAssertionInfo| type:1 reason:0 name:"Custom" domain:"(null)" expl:"injecting inherited from "UIScene:com.apple.frontboard.systemappservices::com.apple.springboard" to 57577<UIScene:com.apple.frontboard.systemappservices::sceneID%3Adev.selfhost.firstActivationProbe-default>">
Aug 28 13:33:20.249446 runningboardd(RunningBoard)[33] <Info>: Finished acquiring assertion 33-47602-7773 (target:[application<dev.selfhost.firstActivationProbe>:57577])
Aug 28 13:33:20.250075 runningboardd(RunningBoard)[33] <Notice>: Invalidating assertion 33-47602-7767 (target:application<dev.selfhost.firstActivationProbe>) from originator [daemon<com.apple.SpringBoard>:47602]
Aug 28 13:33:20.250389 runningboardd(RunningBoard)[33] <Debug>: Decrementing suppression state to 0 for application<dev.selfhost.firstActivationProbe>
Aug 28 13:33:20.250622 Runner(RunningBoardServices)[57577] <Debug>: Received message from server: async_didChangeInheritances:completion:
Aug 28 13:33:20.250791 Runner(RunningBoardServices)[57577] <Info>: didChangeInheritances
Aug 28 13:33:20.251037 Runner(RunningBoardServices)[57577] <Info>: didChangeInheritances: <RBSInheritanceChangeSet| gained:{(
Aug 28 13:33:20.251503 SpringBoard(FrontBoard)[47602] <Notice>: [application<dev.selfhost.firstActivationProbe>:57577] Dropping launch assertion.
Aug 28 13:33:20.251668 runningboardd(RunningBoard)[33] <Debug>: END suppressing state updates for application<dev.selfhost.firstActivationProbe>
Aug 28 13:33:20.251954 runningboardd(RunningBoard)[33] <Debug>: Sending state update for application<dev.selfhost.firstActivationProbe>: <RBSProcessState| task:running-active debug:none terminationResistance:Interactive endowments:[
	<RBSProcessAssertionInfo| type:2 reason:10000 name:"Domain" domain:"com.apple.frontboard:Bootstrap-Foreground,com.apple.frontboard:Visibility" expl:"FBApplicationProcess">,
	<RBSProcessAssertionInfo| type:1 reason:0 name:"Custom" domain:"(null)" expl:"injecting inherited from "UIScene:com.apple.frontboard.systemappservices::com.apple.springboard" to 57577<UIScene:com.apple.frontboard.systemappservices::sceneID%3Adev.selfhost.firstActivationProbe-default>">
Aug 28 13:33:20.252971 SpringBoard(RunningBoardServices)[47602] <Info>: Update skipped for [application<dev.selfhost.firstActivationProbe>:57577] with state: <RBSProcessState| task:running-active debug:none endowments:[
Aug 28 13:33:20.253408 SpringBoard(RunningBoardServices)[47602] <Info>: Update skipped for [application<dev.selfhost.firstActivationProbe>:57577] with state: <RBSProcessState| task:running-active debug:none endowments:[
Aug 28 13:33:20.254798 mediaserverd(RunningBoardServices)[36] <Info>: Update skipped for [application<dev.selfhost.firstActivationProbe>:57577] with state: <RBSProcessState| task:running-active debug:none endowments:[
Aug 28 13:33:20.255109 SpringBoard(RunningBoardServices)[47602] <Info>: Update skipped for [application<dev.selfhost.firstActivationProbe>:57577] with state: <RBSProcessState| task:running-active debug:none endowments:[
Aug 28 13:33:20.255368 mediaserverd(RunningBoardServices)[36] <Info>: Update skipped for [application<dev.selfhost.firstActivationProbe>:57577] with state: <RBSProcessState| task:running-active debug:none endowments:[
Aug 28 13:33:20.258333 kbd(RunningBoardServices)[303] <Info>: Update skipped for [application<dev.selfhost.firstActivationProbe>:57577] with state: <RBSProcessState| task:running-active debug:none endowments:[
Aug 28 13:33:20.259180 SpringBoard(RunningBoardServices)[47602] <Info>: Update skipped for [application<dev.selfhost.firstActivationProbe>:57577] with state: <RBSProcessState| task:running-active debug:none endowments:[
Aug 28 13:33:20.260029 SpringBoard(RunningBoardServices)[47602] <Info>: Update skipped for [application<dev.selfhost.firstActivationProbe>:57577] with state: <RBSProcessState| task:running-active debug:none endowments:[
Aug 28 13:33:20.263277 watchdogd(RunningBoardServices)[57] <Debug>: Received message from server: async_observedProcessStatesDidChange:completion:
Aug 28 13:33:20.263640 watchdogd(RunningBoardServices)[57] <Info>: observedProcessStatesDidChange
Aug 28 13:33:20.271771 backboardd(RunningBoardServices)[65] <Info>: Update skipped for [application<dev.selfhost.firstActivationProbe>:57577] with state: <RBSProcessState| task:running-active debug:none endowments:[
Aug 28 13:33:20.272474 CommCenter(RunningBoardServices)[90] <Info>: Update skipped for [application<dev.selfhost.firstActivationProbe>:57577] with state: <RBSProcessState| task:running-active debug:none endowments:[
Aug 28 13:33:20.272734 UserEventAgent(RunningBoardServices)[30] <Info>: Update skipped for [application<dev.selfhost.firstActivationProbe>:57577] with state: <RBSProcessState| task:running-active debug:none endowments:[
	<RBSProcessAssertionInfo| type:2 reason:10000 name:"Domain" domain:"com.apple.frontboard:Bootstrap-Foreground,com.apple.frontboard:Visibility" expl:"FBApplicationProcess">,
	<RBSProcessAssertionInfo| type:1 reason:0 name:"Custom" domain:"(null)" expl:"injecting inherited from "UIScene:com.apple.frontboard.systemappservices::com.apple.springboard" to 57577<UIScene:com.apple.frontboard.systemappservices::sceneID%3Adev.selfhost.firstActivationProbe-default>">
Aug 28 13:33:20.278100 watchdogd(RunningBoardServices)[57] <Debug>: Decoded RBSProcessHandle with IPC ID 135306500000e0e9
Aug 28 13:33:20.279022 watchdogd(RunningBoardServices)[57] <Notice>: Received state update for 57577
Aug 28 13:33:20.282114 dasd(RunningBoardServices)[94] <Info>: Update skipped for [application<dev.selfhost.firstActivationProbe>:57577] with state: <RBSProcessState| task:running-active debug:none endowments:[
Aug 28 13:33:20.282992 wifid(RunningBoardServices)[52] <Info>: Update skipped for [application<dev.selfhost.firstActivationProbe>:57577] with state: <RBSProcessState| task:running-active debug:none endowments:[
Aug 28 13:33:20.283724 contextstored(RunningBoardServices)[61] <Info>: Update skipped for [application<dev.selfhost.firstActivationProbe>:57577] with state: <RBSProcessState| task:running-active debug:none endowments:[
Aug 28 13:33:20.283991 watchdogd(RunningBoardServices)[57] <Info>: Update skipped for [application<dev.selfhost.firstActivationProbe>:57577] with state: <RBSProcessState| task:running-active debug:none endowments:[
Aug 28 13:33:20.284738 aggregated(RunningBoardServices)[50213] <Info>: Update skipped for [application<dev.selfhost.firstActivationProbe>:57577] with state: <RBSProcessState| task:running-active debug:none endowments:[
Aug 28 13:33:20.285527 callservicesd(RunningBoardServices)[131] <Info>: Update skipped for [application<dev.selfhost.firstActivationProbe>:57577] with state: <RBSProcessState| task:running-active debug:none endowments:[
Aug 28 13:33:20.285839 locationd(RunningBoardServices)[69] <Info>: Update skipped for [application<dev.selfhost.firstActivationProbe>:57577] with state: <RBSProcessState| task:running-active debug:none endowments:[
Aug 28 13:33:20.286163 symptomsd(RunningBoardServices)[170] <Info>: Update skipped for [application<dev.selfhost.firstActivationProbe>:57577] with state: <RBSProcessState| task:running-active debug:none endowments:[
Aug 28 13:33:20.287364 useractivityd(RunningBoardServices)[184] <Info>: Update skipped for [application<dev.selfhost.firstActivationProbe>:57577] with state: <RBSProcessState| task:running-active debug:none endowments:[
Aug 28 13:33:20.288051 dasd(RunningBoardServices)[94] <Info>: Update skipped for [application<dev.selfhost.firstActivationProbe>:57577] with state: <RBSProcessState| task:running-active debug:none endowments:[
Aug 28 13:33:20.288472 dasd(RunningBoardServices)[94] <Info>: Update skipped for [application<dev.selfhost.firstActivationProbe>:57577] with state: <RBSProcessState| task:running-active debug:none endowments:[
Aug 28 13:33:20.292753 UserEventAgent(RunningBoardServices)[30] <Info>: Update delivered for [application<dev.selfhost.firstActivationProbe>:57577] with taskState 4
Aug 28 13:33:20.351355 runningboardd(RunningBoard)[33] <Debug>: Updating events for assertion: 33-47602-7767 (target:application<dev.selfhost.firstActivationProbe>)
Aug 28 13:33:20.352156 runningboardd(RunningBoard)[33] <Debug>: Removing assertion 33-47602-7767 on application<dev.selfhost.firstActivationProbe>
Aug 28 13:33:20.352905 runningboardd(RunningBoard)[33] <Debug>: Removing events for context: 33-47602-7767 (target:application<dev.selfhost.firstActivationProbe>)
Aug 28 13:33:20.353668 runningboardd(RunningBoard)[33] <Debug>: > application<dev.selfhost.firstActivationProbe> ['com.apple.frontboard.after-life.interrupted'] [33-47602-7769]
Aug 28 13:33:20.364791 runningboardd(RunningBoard)[33] <Debug>: > application<dev.selfhost.firstActivationProbe> ['injecting inherited from "UIScene:com.apple.frontboard.systemappservices::com.apple.springboard" to 57577<UIScene:com.apple.frontboard.systemappservices::sceneID%3Adev.selfhost.firstActivationProbe-default>'] [33-47602-7771]
Aug 28 13:33:20.366413 runningboardd(RunningBoard)[33] <Debug>: > application<dev.selfhost.firstActivationProbe> ['FBWorkspace (ForegroundFocal)'] [33-47602-7773]
Aug 28 13:33:20.368866 runningboardd(RunningBoard)[33] <Info>: application<dev.selfhost.firstActivationProbe> is now targeted by 4 assertions
Aug 28 13:33:20.369162 runningboardd(RunningBoard)[33] <Debug>: > 47602 ['injecting inherited from "UIScene:com.apple.frontboard.systemappservices::com.apple.springboard" to 57577<UIScene:com.apple.frontboard.systemappservices::sceneID%3Adev.selfhost.firstActivationProbe-default>'] [33-47602-7771]
Aug 28 13:33:20.369968 runningboardd(RunningBoard)[33] <Info>: [application<dev.selfhost.firstActivationProbe>:57577] Applying updated state
Aug 28 13:33:20.370128 runningboardd(RunningBoard)[33] <Notice>: Calculated state for application<dev.selfhost.firstActivationProbe>: running-active (role: UserInteractiveFocal)
    <RBSInheritance| environment:UIScene:com.apple.frontboard.systemappservices::sceneID%3Adev.selfhost.firstActivationProbe-default name:com.apple.frontboard.visibility origID:33-47602-7771 payload>,
Aug 28 13:33:20.370651 runningboardd(RunningBoard)[33] <Debug>: Sending state update for application<dev.selfhost.firstActivationProbe>: <RBSProcessState| task:running-active debug:none terminationResistance:Interactive endowments:[
	<RBSProcessAssertionInfo| type:1 reason:0 name:"Custom" domain:"(null)" expl:"injecting inherited from "UIScene:com.apple.frontboard.systemappservices::com.apple.springboard" to 57577<UIScene:com.apple.frontboard.systemappservices::sceneID%3Adev.selfhost.firstActivationProbe-default>">,
Aug 28 13:33:20.370759 runningboardd(RunningBoard)[33] <Debug>: BEGIN suppressing state updates for application<dev.selfhost.firstActivationProbe>
Aug 28 13:33:20.371071 Runner(RunningBoardServices)[57577] <Debug>: Received message from server: async_didChangeInheritances:completion:
Aug 28 13:33:20.371210 Runner(RunningBoardServices)[57577] <Info>: didChangeInheritances
Aug 28 13:33:20.371339 Runner(RunningBoardServices)[57577] <Info>: didChangeInheritances: <RBSInheritanceChangeSet| gained:(null) lost:{(
Aug 28 13:33:20.371511 runningboardd(RunningBoard)[33] <Debug>: Incrementing suppression state to 1 for application<dev.selfhost.firstActivationProbe>
Aug 28 13:33:20.371888 powerd[43] <Notice>: Process runningboardd.33 Released SystemIsActive "application<dev.selfhost.firstActivationProbe>;(null):(null);33-47602-7767:FBApplicationProcess" age:00:00:01  id:51539650419 [System: SysAct]
Aug 28 13:33:20.372839 mediaserverd(RunningBoardServices)[36] <Info>: Update skipped for [application<dev.selfhost.firstActivationProbe>:57577] with state: <RBSProcessState| task:running-active debug:none endowments:[
Aug 28 13:33:20.373002 mediaserverd(RunningBoardServices)[36] <Info>: Update skipped for [application<dev.selfhost.firstActivationProbe>:57577] with state: <RBSProcessState| task:running-active debug:none endowments:[
Aug 28 13:33:20.373630 SpringBoard(RunningBoardServices)[47602] <Info>: Update skipped for [application<dev.selfhost.firstActivationProbe>:57577] with state: <RBSProcessState| task:running-active debug:none endowments:[
Aug 28 13:33:20.373905 SpringBoard(RunningBoardServices)[47602] <Info>: Update skipped for [application<dev.selfhost.firstActivationProbe>:57577] with state: <RBSProcessState| task:running-active debug:none endowments:[
Aug 28 13:33:20.374056 SpringBoard(RunningBoardServices)[47602] <Info>: Update skipped for [application<dev.selfhost.firstActivationProbe>:57577] with state: <RBSProcessState| task:running-active debug:none endowments:[
Aug 28 13:33:20.374374 SpringBoard(RunningBoardServices)[47602] <Info>: Update skipped for [application<dev.selfhost.firstActivationProbe>:57577] with state: <RBSProcessState| task:running-active debug:none endowments:[
Aug 28 13:33:20.374566 SpringBoard(RunningBoardServices)[47602] <Info>: Update skipped for [application<dev.selfhost.firstActivationProbe>:57577] with state: <RBSProcessState| task:running-active debug:none endowments:[
Aug 28 13:33:20.377380 kbd(RunningBoardServices)[303] <Info>: Update skipped for [application<dev.selfhost.firstActivationProbe>:57577] with state: <RBSProcessState| task:running-active debug:none endowments:[
Aug 28 13:33:20.380105 watchdogd(RunningBoardServices)[57] <Debug>: Received message from server: async_observedProcessStatesDidChange:completion:
Aug 28 13:33:20.384898 UserEventAgent(RunningBoardServices)[30] <Info>: Update skipped for [application<dev.selfhost.firstActivationProbe>:57577] with state: <RBSProcessState| task:running-active debug:none endowments:[
	<RBSProcessAssertionInfo| type:1 reason:0 name:"Custom" domain:"(null)" expl:"injecting inherited from "UIScene:com.apple.frontboard.systemappservices::com.apple.springboard" to 57577<UIScene:com.apple.frontboard.systemappservices::sceneID%3Adev.selfhost.firstActivationProbe-default>">,
Aug 28 13:33:20.385060 CommCenter(RunningBoardServices)[90] <Info>: Update skipped for [application<dev.selfhost.firstActivationProbe>:57577] with state: <RBSProcessState| task:running-active debug:none endowments:[
Aug 28 13:33:20.387430 backboardd(RunningBoardServices)[65] <Info>: Update skipped for [application<dev.selfhost.firstActivationProbe>:57577] with state: <RBSProcessState| task:running-active debug:none endowments:[
Aug 28 13:33:20.391791 watchdogd(RunningBoardServices)[57] <Info>: observedProcessStatesDidChange
Aug 28 13:33:20.392405 watchdogd(RunningBoardServices)[57] <Debug>: Decoded RBSProcessHandle with IPC ID 135306500000e0e9
Aug 28 13:33:20.393025 watchdogd(RunningBoardServices)[57] <Notice>: Received state update for 57577
Aug 28 13:33:20.398490 aggregated(RunningBoardServices)[50213] <Info>: Update skipped for [application<dev.selfhost.firstActivationProbe>:57577] with state: <RBSProcessState| task:running-active debug:none endowments:[
Aug 28 13:33:20.399390 useractivityd(RunningBoardServices)[184] <Info>: Update skipped for [application<dev.selfhost.firstActivationProbe>:57577] with state: <RBSProcessState| task:running-active debug:none endowments:[
Aug 28 13:33:20.399556 watchdogd(RunningBoardServices)[57] <Info>: Update skipped for [application<dev.selfhost.firstActivationProbe>:57577] with state: <RBSProcessState| task:running-active debug:none endowments:[
Aug 28 13:33:20.400323 callservicesd(RunningBoardServices)[131] <Info>: Update skipped for [application<dev.selfhost.firstActivationProbe>:57577] with state: <RBSProcessState| task:running-active debug:none endowments:[
Aug 28 13:33:20.400479 wifid(RunningBoardServices)[52] <Info>: Update skipped for [application<dev.selfhost.firstActivationProbe>:57577] with state: <RBSProcessState| task:running-active debug:none endowments:[
Aug 28 13:33:20.401852 locationd(RunningBoardServices)[69] <Info>: Update skipped for [application<dev.selfhost.firstActivationProbe>:57577] with state: <RBSProcessState| task:running-active debug:none endowments:[
Aug 28 13:33:20.401990 dasd(RunningBoardServices)[94] <Info>: Update skipped for [application<dev.selfhost.firstActivationProbe>:57577] with state: <RBSProcessState| task:running-active debug:none endowments:[
Aug 28 13:33:20.402210 contextstored(RunningBoardServices)[61] <Info>: Update skipped for [application<dev.selfhost.firstActivationProbe>:57577] with state: <RBSProcessState| task:running-active debug:none endowments:[
Aug 28 13:33:20.402945 symptomsd(RunningBoardServices)[170] <Info>: Update skipped for [application<dev.selfhost.firstActivationProbe>:57577] with state: <RBSProcessState| task:running-active debug:none endowments:[
Aug 28 13:33:20.403703 dasd(RunningBoardServices)[94] <Info>: Update skipped for [application<dev.selfhost.firstActivationProbe>:57577] with state: <RBSProcessState| task:running-active debug:none endowments:[
Aug 28 13:33:20.404018 dasd(RunningBoardServices)[94] <Info>: Update skipped for [application<dev.selfhost.firstActivationProbe>:57577] with state: <RBSProcessState| task:running-active debug:none endowments:[
Aug 28 13:33:20.408168 UserEventAgent(RunningBoardServices)[30] <Info>: Update delivered for [application<dev.selfhost.firstActivationProbe>:57577] with taskState 4
Aug 28 13:33:20.467526 runningboardd(RunningBoard)[33] <Debug>: Decrementing suppression state to 0 for application<dev.selfhost.firstActivationProbe>
Aug 28 13:33:20.467641 runningboardd(RunningBoard)[33] <Debug>: END suppressing state updates for application<dev.selfhost.firstActivationProbe>
Aug 28 13:33:20.710482 Runner(CoreFoundation)[57577] <Debug>: found no value for key QuickSpeak in CFPrefsSearchListSource<0x280474200> (Domain: com.apple.Accessibility, Container: (null))
Aug 28 13:33:20.710908 Runner(libAccessibility.dylib)[57577] <Debug>: CF Read: domain = com.apple.Accessibility, preference = QuickSpeak, appID = (null) result = (null) (-1 - empty, 0 - false, 1 - true)
Aug 28 13:33:20.711288 Runner(CoreFoundation)[57577] <Debug>: found no value for key QuickSpeak in CFPrefsPlistSource<0x280474280> (Domain: com.apple.Accessibility, User: kCFPreferencesCurrentUser, ByHost: No, Container: (null), Contents Need Refresh: No)
Aug 28 13:33:21.132314 SpringBoard(CoreMotion)[47602] <Debug>: Ping timer fired, resetting watchdog
Aug 28 13:33:21.577642 backboardd(CoreMotion)[65] <Debug>: Ping timer fired, resetting watchdog
Aug 28 13:33:21.974007 biometrickitd(CoreMotion)[109] <Debug>: Ping timer fired, resetting watchdog
Aug 28 13:33:24.150118 mediaserverd(CoreMotion)[36] <Debug>: Ping timer fired, resetting watchdog
Aug 28 13:33:24.189336 nearbyd(CoreMotion)[157] <Debug>: Ping timer fired, resetting watchdog
Aug 28 13:33:24.244219 locationd[69] <Debug>: Ping timer fired, resetting watchdog
Aug 28 13:33:24.675060 wifid(WiFiPolicy)[52] <Notice>: __WiFiLQAMgrLogStats(tech support:Stationary): Rssi: -38 {-38 0} Channel: 44 Bandwidth: 80Mhz Snr: 35 Cca: 20 (S:0 O:0 I:0) TxPer: 0.0% (0) BcnPer: 1.0% (98, 50.5%) RxFrms: 2 RxRetryFrames: 0 TxRate: 24000 RxRate: 866667 FBRate: 468000 TxFwFrms: 0 TxFwFail: 0 TxReTrans: 0 time: 68.1secs fgApp: dev.selfhost.firstActivationProbe
Aug 28 13:33:25.867965 locationd[69] <Debug>: Fence: cancelLocationWatchdog, num fences, 1, location type, <private>
Aug 28 13:33:25.868095 locationd[69] <Debug>: Fence: cancelLocationWatchdog
Aug 28 13:33:26.132234 SpringBoard(CoreMotion)[47602] <Debug>: Ping timer fired, resetting watchdog
Aug 28 13:33:26.577624 backboardd(CoreMotion)[65] <Debug>: Ping timer fired, resetting watchdog
Aug 28 13:33:26.598628 watchdogd[57] <Debug>: 1308054256075166: <private>
Aug 28 13:33:26.600759 watchdogd[57] <Info>: 1308054256649708: <private>
Aug 28 13:33:26.601149 watchdogd[57] <Debug>: 1308054256800416: <private>
Aug 28 13:33:26.601408 watchdogd[57] <Info>: 1308054256812250: <private>
Aug 28 13:33:26.602162 watchdogd[57] <Debug>: 1308054256934916: <private>
Aug 28 13:33:26.603476 watchdogd[57] <Debug>: 1308054257429625: <private>
Aug 28 13:33:26.604064 watchdogd[57] <Debug>: 1308054257867791: <private>
Aug 28 13:33:26.604716 watchdogd[57] <Debug>: 1308054258433666: <private>
Aug 28 13:33:26.605400 watchdogd[57] <Debug>: 1308054258831333: <private>
Aug 28 13:33:26.606138 watchdogd[57] <Debug>: 1308054258871583: <private>
Aug 28 13:33:26.607208 watchdogd[57] <Info>: 1308054258926500: <private>
Aug 28 13:33:26.607854 watchdogd[57] <Info>: 1308054258941750: <private>
Aug 28 13:33:26.608765 watchdogd[57] <Info>: 1308054258947916: <private>
Aug 28 13:33:26.609021 watchdogd[57] <Info>: 1308054258952791: <private>
Aug 28 13:33:26.609258 watchdogd[57] <Info>: 1308054258957375: <private>
Aug 28 13:33:26.609521 watchdogd[57] <Info>: 1308054258961583: <private>
Aug 28 13:33:26.609734 watchdogd[57] <Info>: 1308054258965750: <private>
Aug 28 13:33:26.610012 watchdogd[57] <Info>: 1308054258969750: <private>
Aug 28 13:33:26.610245 watchdogd[57] <Info>: 1308054259624833: <private>
Aug 28 13:33:26.974005 biometrickitd(CoreMotion)[109] <Debug>: Ping timer fired, resetting watchdog
Aug 28 13:33:29.150855 mediaserverd(CoreMotion)[36] <Debug>: Ping timer fired, resetting watchdog
Aug 28 13:33:29.183531 nearbyd(CoreMotion)[157] <Debug>: Ping timer fired, resetting watchdog
Aug 28 13:33:29.244071 locationd[69] <Debug>: Ping timer fired, resetting watchdog
Aug 28 13:33:29.685724 wifid(WiFiPolicy)[52] <Notice>: __WiFiLQAMgrLogStats(tech support:Stationary): Rssi: -39 {-38 0} Channel: 44 Bandwidth: 80Mhz Snr: 35 Cca: 13 (S:0 O:0 I:0) TxPer: 0.0% (0) BcnPer: 0.0% (0, 50.5%) RxFrms: 9 RxRetryFrames: 0 TxRate: 24000 RxRate: 866667 FBRate: 468000 TxFwFrms: 6 TxFwFail: 0 TxReTrans: 0 time: 73.1secs fgApp: dev.selfhost.firstActivationProbe
Aug 28 13:33:31.132141 SpringBoard(CoreMotion)[47602] <Debug>: Ping timer fired, resetting watchdog
Aug 28 13:33:31.577078 backboardd(CoreMotion)[65] <Debug>: Ping timer fired, resetting watchdog
Aug 28 13:33:31.974011 biometrickitd(CoreMotion)[109] <Debug>: Ping timer fired, resetting watchdog
Aug 28 13:33:34.150909 mediaserverd(CoreMotion)[36] <Debug>: Ping timer fired, resetting watchdog
Aug 28 13:33:34.194766 nearbyd(CoreMotion)[157] <Debug>: Ping timer fired, resetting watchdog
Aug 28 13:33:34.244047 locationd[69] <Debug>: Ping timer fired, resetting watchdog
Aug 28 13:33:34.520067 CommCenter(libSystemDetermination.dylib)[90] <Notice>: #I <private> = 0
Aug 28 13:33:34.697917 wifid(WiFiPolicy)[52] <Notice>: __WiFiLQAMgrLogStats(tech support:Stationary): Rssi: -39 {-39 0} Channel: 44 Bandwidth: 80Mhz Snr: 35 Cca: 34 (S:0 O:0 I:0) TxPer: 0.0% (0) BcnPer: 0.0% (94, 50.5%) RxFrms: 4 RxRetryFrames: 0 TxRate: 24000 RxRate: 866667 FBRate: 468000 TxFwFrms: 0 TxFwFail: 0 TxReTrans: 0 time: 78.1secs fgApp: dev.selfhost.firstActivationProbe
Aug 28 13:33:35.916807 runningboardd(RunningBoard)[33] <Info>: _requestedJetsamPriority = 4, _executablePath = /Developer/usr/bin/ScreenShotr
Aug 28 13:33:35.917886 runningboardd(RunningBoard)[33] <Info>: _requestedJetsamPriority = 4, _executablePath = /Developer/usr/bin/ScreenShotr
Aug 28 13:33:35.918443 SpringBoard(FrontBoard)[47602] <Notice>: Asked to bootstrap a new process for handle: [anon<ScreenShotr>:57580]
Aug 28 13:33:35.919201 SpringBoard(FrontBoard)[47602] <Notice>: Bootstrapping anon<ScreenShotr>
Aug 28 13:33:35.919338 SpringBoard(FrontBoard)[47602] <Notice>: [anon<ScreenShotr>:57580] Bootstrap success!
Aug 28 13:33:35.919802 runningboardd(RunningBoard)[33] <Debug>: Sending state update for anon<ScreenShotr>: <RBSProcessState| task:running debug:none terminationResistance:None>
Aug 28 13:33:36.122379 runningboardd(RunningBoard)[33] <Notice>: [anon<ScreenShotr>:57580] termination reported by launchd (0, 0, 0)
Aug 28 13:33:36.122883 runningboardd(RunningBoard)[33] <Notice>: Removing assertions for terminated process: [anon<ScreenShotr>:57580]
Aug 28 13:33:36.123352 runningboardd(RunningBoard)[33] <Debug>: Sending state update for anon<ScreenShotr>: <RBSProcessState| task:none debug:none terminationResistance:None>
Aug 28 13:33:36.130482 SpringBoard(CoreMotion)[47602] <Debug>: Ping timer fired, resetting watchdog
