Aug 28 14:00:35.511598 runningboardd(RunningBoard)[33] <Notice>: [daemon<com.apple.backupd>:57786] termination reported by launchd (0, 0, 0)
Aug 28 14:00:35.515890 runningboardd(RunningBoard)[33] <Notice>: Removing assertions for terminated process: [daemon<com.apple.backupd>:57786]
Aug 28 14:00:35.517883 runningboardd(RunningBoard)[33] <Debug>: Sending state update for daemon<com.apple.backupd>: <RBSProcessState| task:none debug:none terminationResistance:None>
Aug 28 14:00:36.060742 SpringBoard(CoreMotion)[47602] <Debug>: Ping timer fired, resetting watchdog
Aug 28 14:00:36.505599 backboardd(CoreMotion)[65] <Debug>: Ping timer fired, resetting watchdog
Aug 28 14:00:36.639388 watchdogd[57] <Debug>: 1309684367122750: <private>
Aug 28 14:00:36.639933 watchdogd[57] <Info>: 1309684367690541: <private>
Aug 28 14:00:36.640911 watchdogd[57] <Debug>: 1309684367846666: <private>
Aug 28 14:00:36.641301 watchdogd[57] <Info>: 1309684367858333: <private>
Aug 28 14:00:36.641557 watchdogd[57] <Debug>: 1309684368088083: <private>
Aug 28 14:00:36.642289 watchdogd[57] <Debug>: 1309684368530291: <private>
Aug 28 14:00:36.643732 watchdogd[57] <Debug>: 1309684368944791: <private>
Aug 28 14:00:36.644890 watchdogd[57] <Debug>: 1309684369552416: <private>
Aug 28 14:00:36.645611 watchdogd[57] <Debug>: 1309684369851208: <private>
Aug 28 14:00:36.647063 watchdogd[57] <Debug>: 1309684370121833: <private>
Aug 28 14:00:36.647627 watchdogd[57] <Info>: 1309684370179458: <private>
Aug 28 14:00:36.647955 watchdogd[57] <Info>: 1309684370194375: <private>
Aug 28 14:00:36.648340 watchdogd[57] <Info>: 1309684370200333: <private>
Aug 28 14:00:36.648679 watchdogd[57] <Info>: 1309684370205208: <private>
Aug 28 14:00:36.648836 watchdogd[57] <Info>: 1309684370209625: <private>
Aug 28 14:00:36.649038 watchdogd[57] <Info>: 1309684370213833: <private>
Aug 28 14:00:36.649224 watchdogd[57] <Info>: 1309684370218125: <private>
Aug 28 14:00:36.649464 watchdogd[57] <Info>: 1309684370222125: <private>
Aug 28 14:00:36.902233 biometrickitd(CoreMotion)[109] <Debug>: Ping timer fired, resetting watchdog
Aug 28 14:00:39.078265 mediaserverd(CoreMotion)[36] <Debug>: Ping timer fired, resetting watchdog
Aug 28 14:00:39.123053 nearbyd(CoreMotion)[157] <Debug>: Ping timer fired, resetting watchdog
Aug 28 14:00:39.172513 locationd[69] <Debug>: Ping timer fired, resetting watchdog
Aug 28 14:00:41.059698 SpringBoard(CoreMotion)[47602] <Debug>: Ping timer fired, resetting watchdog
Aug 28 14:00:41.505436 backboardd(CoreMotion)[65] <Debug>: Ping timer fired, resetting watchdog
Aug 28 14:00:41.902335 biometrickitd(CoreMotion)[109] <Debug>: Ping timer fired, resetting watchdog
Aug 28 14:00:44.079200 mediaserverd(CoreMotion)[36] <Debug>: Ping timer fired, resetting watchdog
Aug 28 14:00:44.108232 nearbyd(CoreMotion)[157] <Debug>: Ping timer fired, resetting watchdog
Aug 28 14:00:44.172327 locationd[69] <Debug>: Ping timer fired, resetting watchdog
Aug 28 14:00:46.060383 SpringBoard(CoreMotion)[47602] <Debug>: Ping timer fired, resetting watchdog
Aug 28 14:00:46.505807 backboardd(CoreMotion)[65] <Debug>: Ping timer fired, resetting watchdog
Aug 28 14:00:46.639061 watchdogd[57] <Debug>: 1309694367845458: <private>
Aug 28 14:00:46.639487 watchdogd[57] <Info>: 1309694368422666: <private>
Aug 28 14:00:46.640670 watchdogd[57] <Debug>: 1309694368575958: <private>
Aug 28 14:00:46.641131 watchdogd[57] <Info>: 1309694368587416: <private>
Aug 28 14:00:46.641498 watchdogd[57] <Debug>: 1309694368712375: <private>
Aug 28 14:00:46.643139 watchdogd[57] <Debug>: 1309694369404875: <private>
Aug 28 14:00:46.643587 watchdogd[57] <Debug>: 1309694370151041: <private>
Aug 28 14:00:46.644229 watchdogd[57] <Debug>: 1309694370335041: <private>
Aug 28 14:00:46.644714 watchdogd[57] <Debug>: 1309694370767791: <private>
Aug 28 14:00:46.645295 watchdogd[57] <Debug>: 1309694370924708: <private>
Aug 28 14:00:46.645808 watchdogd[57] <Info>: 1309694370983625: <private>
Aug 28 14:00:46.646836 watchdogd[57] <Info>: 1309694370998583: <private>
Aug 28 14:00:46.647608 watchdogd[57] <Info>: 1309694371004708: <private>
Aug 28 14:00:46.647817 watchdogd[57] <Info>: 1309694371009666: <private>
Aug 28 14:00:46.647963 watchdogd[57] <Info>: 1309694371014125: <private>
Aug 28 14:00:46.648199 watchdogd[57] <Info>: 1309694371018375: <private>
Aug 28 14:00:46.648459 watchdogd[57] <Info>: 1309694371022541: <private>
Aug 28 14:00:46.648708 watchdogd[57] <Info>: 1309694371026500: <private>
Aug 28 14:00:46.648843 watchdogd[57] <Info>: 1309694371688000: <private>
Aug 28 14:00:46.902130 biometrickitd(CoreMotion)[109] <Debug>: Ping timer fired, resetting watchdog
Aug 28 14:00:49.079154 mediaserverd(CoreMotion)[36] <Debug>: Ping timer fired, resetting watchdog
Aug 28 14:00:49.108253 nearbyd(CoreMotion)[157] <Debug>: Ping timer fired, resetting watchdog
Aug 28 14:00:49.172520 locationd[69] <Debug>: Ping timer fired, resetting watchdog
Aug 28 14:00:51.060840 SpringBoard(CoreMotion)[47602] <Debug>: Ping timer fired, resetting watchdog
Aug 28 14:00:51.505604 backboardd(CoreMotion)[65] <Debug>: Ping timer fired, resetting watchdog
Aug 28 14:00:51.901951 biometrickitd(CoreMotion)[109] <Debug>: Ping timer fired, resetting watchdog
Aug 28 14:00:54.078974 mediaserverd(CoreMotion)[36] <Debug>: Ping timer fired, resetting watchdog
Aug 28 14:00:54.107401 nearbyd(CoreMotion)[157] <Debug>: Ping timer fired, resetting watchdog
Aug 28 14:00:54.172035 locationd[69] <Debug>: Ping timer fired, resetting watchdog
Aug 28 14:00:56.059996 SpringBoard(CoreMotion)[47602] <Debug>: Ping timer fired, resetting watchdog
Aug 28 14:00:56.505434 backboardd(CoreMotion)[65] <Debug>: Ping timer fired, resetting watchdog
Aug 28 14:00:56.639940 watchdogd[57] <Debug>: 1309704368592916: <private>
Aug 28 14:00:56.640684 watchdogd[57] <Info>: 1309704369153250: <private>
Aug 28 14:00:56.641922 watchdogd[57] <Debug>: 1309704369306750: <private>
Aug 28 14:00:56.642380 watchdogd[57] <Info>: 1309704369318333: <private>
Aug 28 14:00:56.642916 watchdogd[57] <Debug>: 1309704369442250: <private>
Aug 28 14:00:56.643442 watchdogd[57] <Debug>: 1309704370016708: <private>
Aug 28 14:00:56.643961 watchdogd[57] <Debug>: 1309704370406291: <private>
Aug 28 14:00:56.646197 watchdogd[57] <Debug>: 1309704371002750: <private>
Aug 28 14:00:56.646469 watchdogd[57] <Debug>: 1309704371877708: <private>
Aug 28 14:00:56.647103 watchdogd[57] <Debug>: 1309704371990541: <private>
Aug 28 14:00:56.647246 watchdogd[57] <Info>: 1309704372048916: <private>
Aug 28 14:00:56.647498 watchdogd[57] <Info>: 1309704372064500: <private>
Aug 28 14:00:56.647633 watchdogd[57] <Info>: 1309704372070833: <private>
Aug 28 14:00:56.647907 watchdogd[57] <Info>: 1309704372075750: <private>
Aug 28 14:00:56.648213 watchdogd[57] <Info>: 1309704372080625: <private>
Aug 28 14:00:56.648371 watchdogd[57] <Info>: 1309704372084875: <private>
Aug 28 14:00:56.648657 watchdogd[57] <Info>: 1309704372089166: <private>
Aug 28 14:00:56.648895 watchdogd[57] <Info>: 1309704372093208: <private>
Aug 28 14:00:56.901871 biometrickitd(CoreMotion)[109] <Debug>: Ping timer fired, resetting watchdog
Aug 28 14:00:59.078980 mediaserverd(CoreMotion)[36] <Debug>: Ping timer fired, resetting watchdog
Aug 28 14:00:59.110898 nearbyd(CoreMotion)[157] <Debug>: Ping timer fired, resetting watchdog
Aug 28 14:00:59.177835 locationd[69] <Debug>: Ping timer fired, resetting watchdog
Aug 28 14:01:01.059999 SpringBoard(CoreMotion)[47602] <Debug>: Ping timer fired, resetting watchdog
Aug 28 14:01:01.505457 backboardd(CoreMotion)[65] <Debug>: Ping timer fired, resetting watchdog
Aug 28 14:01:01.910230 biometrickitd(CoreMotion)[109] <Debug>: Ping timer fired, resetting watchdog
Aug 28 14:01:04.078725 mediaserverd(CoreMotion)[36] <Debug>: Ping timer fired, resetting watchdog
Aug 28 14:01:04.110691 nearbyd(CoreMotion)[157] <Debug>: Ping timer fired, resetting watchdog
Aug 28 14:01:04.171765 locationd[69] <Debug>: Ping timer fired, resetting watchdog
Aug 28 14:01:06.059862 SpringBoard(CoreMotion)[47602] <Debug>: Ping timer fired, resetting watchdog
Aug 28 14:01:06.504967 backboardd(CoreMotion)[65] <Debug>: Ping timer fired, resetting watchdog
Aug 28 14:01:06.639524 watchdogd[57] <Debug>: 1309714369312125: <private>
Aug 28 14:01:06.640036 watchdogd[57] <Info>: 1309714369908125: <private>
Aug 28 14:01:06.641003 watchdogd[57] <Debug>: 1309714370112750: <private>
Aug 28 14:01:06.641485 watchdogd[57] <Info>: 1309714370124458: <private>
Aug 28 14:01:06.642751 watchdogd[57] <Debug>: 1309714370268958: <private>
Aug 28 14:01:06.643593 watchdogd[57] <Debug>: 1309714370970500: <private>
Aug 28 14:01:06.645723 watchdogd[57] <Debug>: 1309714371605041: <private>
Aug 28 14:01:06.646344 watchdogd[57] <Debug>: 1309714372040333: <private>
Aug 28 14:01:06.646603 watchdogd[57] <Debug>: 1309714372196583: <private>
Aug 28 14:01:06.646834 watchdogd[57] <Debug>: 1309714372565791: <private>
Aug 28 14:01:06.647115 watchdogd[57] <Info>: 1309714372625083: <private>
Aug 28 14:01:06.647354 watchdogd[57] <Info>: 1309714372640125: <private>
Aug 28 14:01:06.647495 watchdogd[57] <Info>: 1309714372646875: <private>
Aug 28 14:01:06.647779 watchdogd[57] <Info>: 1309714372652000: <private>
Aug 28 14:01:06.648159 watchdogd[57] <Info>: 1309714372656333: <private>
Aug 28 14:01:06.648437 watchdogd[57] <Info>: 1309714372660458: <private>
Aug 28 14:01:06.648686 watchdogd[57] <Info>: 1309714372664875: <private>
Aug 28 14:01:06.648819 watchdogd[57] <Info>: 1309714372669375: <private>
Aug 28 14:01:06.901594 biometrickitd(CoreMotion)[109] <Debug>: Ping timer fired, resetting watchdog
Aug 28 14:01:09.078510 mediaserverd(CoreMotion)[36] <Debug>: Ping timer fired, resetting watchdog
Aug 28 14:01:09.110613 nearbyd(CoreMotion)[157] <Debug>: Ping timer fired, resetting watchdog
Aug 28 14:01:09.171615 locationd[69] <Debug>: Ping timer fired, resetting watchdog
Aug 28 14:01:11.058816 SpringBoard(CoreMotion)[47602] <Debug>: Ping timer fired, resetting watchdog
Aug 28 14:01:11.458411 runningboardd(RunningBoard)[33] <Info>: _requestedJetsamPriority = 6, _executablePath = /System/Library/PrivateFrameworks/MobileBackup.framework/backupd
Aug 28 14:01:11.461949 runningboardd(RunningBoard)[33] <Info>: _requestedJetsamPriority = 6, _executablePath = /System/Library/PrivateFrameworks/MobileBackup.framework/backupd
Aug 28 14:01:11.464464 runningboardd(RunningBoard)[33] <Debug>: Sending state update for daemon<com.apple.backupd>: <RBSProcessState| task:running debug:none terminationResistance:None>
Aug 28 14:01:11.504274 backboardd(CoreMotion)[65] <Debug>: Ping timer fired, resetting watchdog
Aug 28 14:01:11.901476 biometrickitd(CoreMotion)[109] <Debug>: Ping timer fired, resetting watchdog
Aug 28 14:01:14.077510 mediaserverd(CoreMotion)[36] <Debug>: Ping timer fired, resetting watchdog
Aug 28 14:01:14.110785 nearbyd(CoreMotion)[157] <Debug>: Ping timer fired, resetting watchdog
Aug 28 14:01:14.171748 locationd[69] <Debug>: Ping timer fired, resetting watchdog
Aug 28 14:01:16.059477 SpringBoard(CoreMotion)[47602] <Debug>: Ping timer fired, resetting watchdog
Aug 28 14:01:16.504852 backboardd(CoreMotion)[65] <Debug>: Ping timer fired, resetting watchdog
Aug 28 14:01:16.640474 watchdogd[57] <Debug>: 1309724370078291: <private>
Aug 28 14:01:16.640913 watchdogd[57] <Info>: 1309724370651458: <private>
Aug 28 14:01:16.641416 watchdogd[57] <Debug>: 1309724370806250: <private>
Aug 28 14:01:16.642437 watchdogd[57] <Info>: 1309724370818083: <private>
Aug 28 14:01:16.642951 watchdogd[57] <Debug>: 1309724370987125: <private>
Aug 28 14:01:16.643632 watchdogd[57] <Debug>: 1309724371557291: <private>
Aug 28 14:01:16.644950 watchdogd[57] <Debug>: 1309724372243666: <private>
Aug 28 14:01:16.645642 watchdogd[57] <Debug>: 1309724372470000: <private>
Aug 28 14:01:16.646017 watchdogd[57] <Debug>: 1309724372859083: <private>
Aug 28 14:01:16.646503 watchdogd[57] <Debug>: 1309724373161416: <private>
Aug 28 14:01:16.646749 watchdogd[57] <Info>: 1309724373222416: <private>
Aug 28 14:01:16.646952 watchdogd[57] <Info>: 1309724373236875: <private>
Aug 28 14:01:16.647654 watchdogd[57] <Info>: 1309724373242916: <private>
Aug 28 14:01:16.647869 watchdogd[57] <Info>: 1309724373248583: <private>
Aug 28 14:01:16.648016 watchdogd[57] <Info>: 1309724373252916: <private>
Aug 28 14:01:16.648287 watchdogd[57] <Info>: 1309724373257000: <private>
Aug 28 14:01:16.648539 watchdogd[57] <Info>: 1309724373262125: <private>
Aug 28 14:01:16.648713 watchdogd[57] <Info>: 1309724373266416: <private>
Aug 28 14:01:16.648965 watchdogd[57] <Info>: 1309724373909500: <private>
Aug 28 14:01:16.901331 biometrickitd(CoreMotion)[109] <Debug>: Ping timer fired, resetting watchdog
Aug 28 14:01:19.078312 mediaserverd(CoreMotion)[36] <Debug>: Ping timer fired, resetting watchdog
Aug 28 14:01:19.127197 nearbyd(CoreMotion)[157] <Debug>: Ping timer fired, resetting watchdog
Aug 28 14:01:19.171329 locationd[69] <Debug>: Ping timer fired, resetting watchdog
Aug 28 14:01:21.069108 SpringBoard(CoreMotion)[47602] <Debug>: Ping timer fired, resetting watchdog
Aug 28 14:01:21.504713 backboardd(CoreMotion)[65] <Debug>: Ping timer fired, resetting watchdog
Aug 28 14:01:21.901064 biometrickitd(CoreMotion)[109] <Debug>: Ping timer fired, resetting watchdog
Aug 28 14:01:24.078385 mediaserverd(CoreMotion)[36] <Debug>: Ping timer fired, resetting watchdog
Aug 28 14:01:24.107225 nearbyd(CoreMotion)[157] <Debug>: Ping timer fired, resetting watchdog
Aug 28 14:01:24.171218 locationd[69] <Debug>: Ping timer fired, resetting watchdog
Aug 28 14:01:26.059235 SpringBoard(CoreMotion)[47602] <Debug>: Ping timer fired, resetting watchdog
Aug 28 14:01:26.504703 backboardd(CoreMotion)[65] <Debug>: Ping timer fired, resetting watchdog
Aug 28 14:01:26.640959 watchdogd[57] <Debug>: 1309734370824583: <private>
Aug 28 14:01:26.642260 watchdogd[57] <Info>: 1309734371403708: <private>
Aug 28 14:01:26.642647 watchdogd[57] <Debug>: 1309734371559250: <private>
Aug 28 14:01:26.642971 watchdogd[57] <Info>: 1309734371571083: <private>
Aug 28 14:01:26.643440 watchdogd[57] <Debug>: 1309734371695458: <private>
Aug 28 14:01:26.644313 watchdogd[57] <Debug>: 1309734372249208: <private>
Aug 28 14:01:26.644760 watchdogd[57] <Debug>: 1309734373456125: <private>
Aug 28 14:01:26.646122 watchdogd[57] <Debug>: 1309734373742833: <private>
Aug 28 14:01:26.646371 watchdogd[57] <Debug>: 1309734374015416: <private>
Aug 28 14:01:26.646630 watchdogd[57] <Debug>: 1309734374362750: <private>
Aug 28 14:01:26.646906 watchdogd[57] <Info>: 1309734374424791: <private>
Aug 28 14:01:26.647571 watchdogd[57] <Info>: 1309734374439916: <private>
Aug 28 14:01:26.647961 watchdogd[57] <Info>: 1309734374445958: <private>
Aug 28 14:01:26.648201 watchdogd[57] <Info>: 1309734374451000: <private>
Aug 28 14:01:26.648357 watchdogd[57] <Info>: 1309734374455416: <private>
Aug 28 14:01:26.648592 watchdogd[57] <Info>: 1309734374459458: <private>
Aug 28 14:01:26.648921 watchdogd[57] <Info>: 1309734374463666: <private>
Aug 28 14:01:26.649053 watchdogd[57] <Info>: 1309734374467750: <private>
Aug 28 14:01:26.901006 biometrickitd(CoreMotion)[109] <Debug>: Ping timer fired, resetting watchdog
Aug 28 14:01:29.077239 mediaserverd(CoreMotion)[36] <Debug>: Ping timer fired, resetting watchdog
Aug 28 14:01:29.106254 nearbyd(CoreMotion)[157] <Debug>: Ping timer fired, resetting watchdog
Aug 28 14:01:29.171175 locationd[69] <Debug>: Ping timer fired, resetting watchdog
Aug 28 14:01:31.059025 SpringBoard(CoreMotion)[47602] <Debug>: Ping timer fired, resetting watchdog
Aug 28 14:01:31.504537 backboardd(CoreMotion)[65] <Debug>: Ping timer fired, resetting watchdog
Aug 28 14:01:31.901199 biometrickitd(CoreMotion)[109] <Debug>: Ping timer fired, resetting watchdog
Aug 28 14:01:34.077762 mediaserverd(CoreMotion)[36] <Debug>: Ping timer fired, resetting watchdog
Aug 28 14:01:34.109836 nearbyd(CoreMotion)[157] <Debug>: Ping timer fired, resetting watchdog
Aug 28 14:01:34.170979 locationd[69] <Debug>: Ping timer fired, resetting watchdog
Aug 28 14:01:36.058984 SpringBoard(CoreMotion)[47602] <Debug>: Ping timer fired, resetting watchdog
Aug 28 14:01:36.504561 backboardd(CoreMotion)[65] <Debug>: Ping timer fired, resetting watchdog
Aug 28 14:01:36.640858 watchdogd[57] <Debug>: 1309744371570125: <private>
Aug 28 14:01:36.641706 watchdogd[57] <Info>: 1309744372134583: <private>
Aug 28 14:01:36.642442 watchdogd[57] <Debug>: 1309744372286166: <private>
Aug 28 14:01:36.643101 watchdogd[57] <Info>: 1309744372297750: <private>
Aug 28 14:01:36.643543 watchdogd[57] <Debug>: 1309744372485791: <private>
Aug 28 14:01:36.644387 watchdogd[57] <Debug>: 1309744372955791: <private>
Aug 28 14:01:36.646432 watchdogd[57] <Debug>: 1309744373629541: <private>
Aug 28 14:01:36.646992 watchdogd[57] <Debug>: 1309744374024166: <private>
Aug 28 14:01:36.647515 watchdogd[57] <Debug>: 1309744374523541: <private>
Aug 28 14:01:36.647677 watchdogd[57] <Debug>: 1309744374755666: <private>
Aug 28 14:01:36.647886 watchdogd[57] <Info>: 1309744374813875: <private>
Aug 28 14:01:36.648097 watchdogd[57] <Info>: 1309744374829625: <private>
Aug 28 14:01:36.648370 watchdogd[57] <Info>: 1309744374835625: <private>
Aug 28 14:01:36.648606 watchdogd[57] <Info>: 1309744374840541: <private>
Aug 28 14:01:36.648781 watchdogd[57] <Info>: 1309744374845208: <private>
Aug 28 14:01:36.649055 watchdogd[57] <Info>: 1309744374849583: <private>
Aug 28 14:01:36.649225 watchdogd[57] <Info>: 1309744374853916: <private>
Aug 28 14:01:36.649545 watchdogd[57] <Info>: 1309744374857958: <private>
Aug 28 14:01:36.900997 biometrickitd(CoreMotion)[109] <Debug>: Ping timer fired, resetting watchdog
Aug 28 14:01:39.076953 mediaserverd(CoreMotion)[36] <Debug>: Ping timer fired, resetting watchdog
Aug 28 14:01:39.108303 nearbyd(CoreMotion)[157] <Debug>: Ping timer fired, resetting watchdog
Aug 28 14:01:39.170742 locationd[69] <Debug>: Ping timer fired, resetting watchdog
Aug 28 14:01:41.058123 SpringBoard(CoreMotion)[47602] <Debug>: Ping timer fired, resetting watchdog
Aug 28 14:01:41.484656 runningboardd(RunningBoard)[33] <Notice>: [daemon<com.apple.backupd>:57797] termination reported by launchd (0, 0, 0)
Aug 28 14:01:41.491108 runningboardd(RunningBoard)[33] <Notice>: Removing assertions for terminated process: [daemon<com.apple.backupd>:57797]
Aug 28 14:01:41.493580 runningboardd(RunningBoard)[33] <Debug>: Sending state update for daemon<com.apple.backupd>: <RBSProcessState| task:none debug:none terminationResistance:None>
Aug 28 14:01:41.503548 backboardd(CoreMotion)[65] <Debug>: Ping timer fired, resetting watchdog
Aug 28 14:01:41.900488 biometrickitd(CoreMotion)[109] <Debug>: Ping timer fired, resetting watchdog
Aug 28 14:01:44.076951 mediaserverd(CoreMotion)[36] <Debug>: Ping timer fired, resetting watchdog
Aug 28 14:01:44.106729 nearbyd(CoreMotion)[157] <Debug>: Ping timer fired, resetting watchdog
Aug 28 14:01:44.170453 locationd[69] <Debug>: Ping timer fired, resetting watchdog
Aug 28 14:01:46.058674 SpringBoard(CoreMotion)[47602] <Debug>: Ping timer fired, resetting watchdog
Aug 28 14:01:46.503544 backboardd(CoreMotion)[65] <Debug>: Ping timer fired, resetting watchdog
Aug 28 14:01:46.641249 watchdogd[57] <Debug>: 1309754372297458: <private>
Aug 28 14:01:46.642678 watchdogd[57] <Info>: 1309754372853375: <private>
Aug 28 14:01:46.643141 watchdogd[57] <Debug>: 1309754373297250: <private>
Aug 28 14:01:46.643473 watchdogd[57] <Debug>: 1309754373409125: <private>
Aug 28 14:01:46.643932 watchdogd[57] <Info>: 1309754373419250: <private>
Aug 28 14:01:46.645842 watchdogd[57] <Debug>: 1309754373770416: <private>
Aug 28 14:01:46.646142 watchdogd[57] <Debug>: 1309754373994000: <private>
Aug 28 14:01:46.646366 watchdogd[57] <Debug>: 1309754374928208: <private>
Aug 28 14:01:46.646703 watchdogd[57] <Debug>: 1309754375165958: <private>
Aug 28 14:01:46.646997 watchdogd[57] <Debug>: 1309754375473458: <private>
Aug 28 14:01:46.647226 watchdogd[57] <Info>: 1309754375530500: <private>
Aug 28 14:01:46.647471 watchdogd[57] <Info>: 1309754375546041: <private>
Aug 28 14:01:46.647727 watchdogd[57] <Info>: 1309754375552041: <private>
Aug 28 14:01:46.648041 watchdogd[57] <Info>: 1309754375557041: <private>
Aug 28 14:01:46.648354 watchdogd[57] <Info>: 1309754375561666: <private>
Aug 28 14:01:46.648513 watchdogd[57] <Info>: 1309754375566000: <private>
Aug 28 14:01:46.648769 watchdogd[57] <Info>: 1309754375570333: <private>
Aug 28 14:01:46.648926 watchdogd[57] <Info>: 1309754375574416: <private>
Aug 28 14:01:46.649113 watchdogd[57] <Info>: 1309754376280875: <private>
Aug 28 14:01:46.900246 biometrickitd(CoreMotion)[109] <Debug>: Ping timer fired, resetting watchdog
Aug 28 14:01:49.076756 mediaserverd(CoreMotion)[36] <Debug>: Ping timer fired, resetting watchdog
Aug 28 14:01:49.109377 nearbyd(CoreMotion)[157] <Debug>: Ping timer fired, resetting watchdog
Aug 28 14:01:49.170538 locationd[69] <Debug>: Ping timer fired, resetting watchdog
Aug 28 14:01:51.058404 SpringBoard(CoreMotion)[47602] <Debug>: Ping timer fired, resetting watchdog
Aug 28 14:01:51.503871 backboardd(CoreMotion)[65] <Debug>: Ping timer fired, resetting watchdog
Aug 28 14:01:51.926482 biometrickitd(CoreMotion)[109] <Debug>: Ping timer fired, resetting watchdog
    <UITouch: 0x114927980> phase: Began tap count: 1 force: 0.000 window: <SBHomeScreenWindow: 0x1051b4220; HomeScreen-0x1051b4220-4; baseClass = UIWindow; frame = (0 0; 375 667); clipsToBounds = YES; opaque = NO; gestureRecognizers = <NSArray: 0x281278180>; layer = <UIWindowLayer: 0x281273180>> view: <SBIconView: 0x104917000; frame: {{114, 382}, {60, 74}}; icon: <SBApplicationIcon: 0x28337b880; nodeID: dev.selfhost.firstActivationProbe; bundleID: dev.selfhost.firstActivationProbe>; location: SBIconLocationRoot; isTouchDownInIcon: YES> location in window: {166, 432.5} previous location in window: {166, 432.5} location in view: {52, 50.5} previous location in view: {52, 50.5}
Aug 28 14:01:51.966063 SpringBoard(SplashBoard)[47602] <Info>: Loading image for <XBApplicationSnapshot: 0x109d3cb20; …A909693DA7E7> [dev.selfhost.firstActivationProbe]
Aug 28 14:01:51.966338 SpringBoard(SplashBoard)[47602] <Info>: <XBApplicationSnapshot: 0x109d3cb20; …A909693DA7E7> [dev.selfhost.firstActivationProbe] not purging the cached image; force: 0; _imageAccessCount: 0; _keepImageAccessUntilExpiration: 0; _hasProtectedContent: 0; _keepImageAccessForPreheat: 1
Aug 28 14:01:51.984328 SpringBoard(Security)[47602] <Debug>: open(/private/var/containers/Bundle/Application/1EC21BA9-82AA-4B85-B2FC-10B206BC5C35/Runner.app/Runner,0x0,0x1b6) = 35
Aug 28 14:01:51.984390 SpringBoard(Security)[47602] <Debug>: open(/private/var/containers/Bundle/Application/1EC21BA9-82AA-4B85-B2FC-10B206BC5C35/Runner.app/Runner,0x0,0x1b6) = 36
Aug 28 14:01:51.984781 SpringBoard(Security)[47602] <Debug>: 6151 signing bytes in 5 blob(s) from /private/var/containers/Bundle/Application/1EC21BA9-82AA-4B85-B2FC-10B206BC5C35/Runner.app/Runner(arm64)
Aug 28 14:01:51.987237 SpringBoard(Security)[47602] <Debug>: open(/private/var/containers/Bundle/Application/1EC21BA9-82AA-4B85-B2FC-10B206BC5C35/Runner.app/Info.plist,0x0,0x1b6) = 35
Aug 28 14:01:51.988971 SpringBoard(Security)[47602] <Debug>: 0x10a1482e8 done serializing <?xml version="1.0" encoding="UTF-8"?><!DOCTYPE plist PUBLIC "-//Apple//DTD PLIST 1.0//EN" "https://www.apple.com/DTDs/PropertyList-1.0.dtd"><plist version="1.0"><dict><key>application-identifier</key><string>SK85S6YZP9.dev.selfhost.firstActivationProbe</string><key>com.apple.developer.team-identifier</key><string>SK85S6YZP9</string><key>get-task-allow</key><true/></dict></plist>
        <SBLayoutElement: 0x2808d1c80; uniqueIdentifier: sceneID:dev.selfhost.firstActivationProbe-default; layoutRole: primary> {
            SBLayoutRolePrimary = <SBDeviceApplicationSceneEntity: 0x283e9e940; ID: sceneID:dev.selfhost.firstActivationProbe-default; layoutRole: primary> {
                        fromIconWithLeafIdentifier = dev.selfhost.firstActivationProbe;
Aug 28 14:01:52.047748 SpringBoard(FrontBoard)[47602] <Notice>: Asked to bootstrap a new process with identity: application<dev.selfhost.firstActivationProbe>
Aug 28 14:01:52.072393 SpringBoard(FrontBoard)[47602] <Notice>: Creating process (sync=true) with identity: application<dev.selfhost.firstActivationProbe>
Aug 28 14:01:52.099890 SpringBoard(FrontBoard)[47602] <Notice>: Created <FBWorkspace: 0x282a12050; application<dev.selfhost.firstActivationProbe>>
Aug 28 14:01:52.099964 SpringBoard(FrontBoard)[47602] <Notice>: Bootstrapping application<dev.selfhost.firstActivationProbe> with intent foreground-interactive
Aug 28 14:01:52.103254 SpringBoard(RunningBoardServices)[47602] <Info>: Sending launch request: <RBSLaunchRequest| application<dev.selfhost.firstActivationProbe>; "FBApplicationProcess">
Aug 28 14:01:52.105274 runningboardd(RunningBoard)[33] <Notice>: Acquiring assertion targeting application<dev.selfhost.firstActivationProbe> from originator [daemon<com.apple.SpringBoard>:47602] with description <RBSAssertionDescriptor| "FBApplicationProcess" ID:33-47602-7787 target:application<dev.selfhost.firstActivationProbe> attributes:[
	<RBSDomainAttribute| domain:"com.apple.frontboard" name:"Bootstrap-Foreground" sourceEnvironment:"(null)">,
Aug 28 14:01:52.105332 runningboardd(RunningBoard)[33] <Notice>: Assertion 33-47602-7787 (target:application<dev.selfhost.firstActivationProbe>) will be created as active
Aug 28 14:01:52.105416 runningboardd(RunningBoard)[33] <Notice>: Executing launch request for application<dev.selfhost.firstActivationProbe> (FBApplicationProcess)
Aug 28 14:01:52.105519 runningboardd(RunningBoard)[33] <Notice>: Creating and launching job for: application<dev.selfhost.firstActivationProbe>
Aug 28 14:01:52.105579 runningboardd(RunningBoard)[33] <Notice>: _mutateContextIfNeeded called for dev.selfhost.firstActivationProbe
        <SBLayoutElement: 0x2808d1c80; uniqueIdentifier: sceneID:dev.selfhost.firstActivationProbe-default; layoutRole: primary> {
Aug 28 14:01:52.115478 SpringBoard(SplashBoard)[47602] <Info>: Loading image for <XBApplicationSnapshot: 0x109ddf7d0; …2F3B89D0D3F1> [dev.selfhost.firstActivationProbe]
Aug 28 14:01:52.115584 SpringBoard(SplashBoard)[47602] <Info>: <XBApplicationSnapshot: 0x109ddf7d0; …2F3B89D0D3F1> [dev.selfhost.firstActivationProbe] not purging the cached image; force: 0; _imageAccessCount: 2; _keepImageAccessUntilExpiration: 0; _hasProtectedContent: 0; _keepImageAccessForPreheat: 0
Aug 28 14:01:52.115925 SpringBoard[47602] <Info>: attempted to activate overlay for dev.selfhost.firstActivationProbe, exiting early because app is not blocked
Aug 28 14:01:52.117939 runningboardd(RunningBoard)[33] <Info>: No personas found for bundle identifier: dev.selfhost.firstActivationProbe
Aug 28 14:01:52.119281 runningboardd(RunningBoard)[33] <Info>: _requestedJetsamPriority = 3, _executablePath = /var/containers/Bundle/Application/1EC21BA9-82AA-4B85-B2FC-10B206BC5C35/Runner.app/Runner
Aug 28 14:01:52.119320 runningboardd(RunningBoard)[33] <Info>: _doesOverrideManagement = 1, _overrideManageFlags = 255, _underlyingAssertion = (null), _variableEUID = 0, _specifiedIdenity = application<dev.selfhost.firstActivationProbe> _beforeTranslocationBundlePath = (null), _disableFreezing = 0
Aug 28 14:01:52.119408 runningboardd(RunningBoard)[33] <Notice>: [application<dev.selfhost.firstActivationProbe>:57802] This process will be managed.
Aug 28 14:01:52.119427 runningboardd(RunningBoard)[33] <Notice>: Now tracking process: [application<dev.selfhost.firstActivationProbe>:57802]
Aug 28 14:01:52.120551 cfprefsd(CoreFoundation)[91] <Debug>: Process 57802 (Runner) sent a request related to { com.apple.UIKit, user: mobile, kCFPreferencesCurrentHost, /Library/Managed Preferences/mobile/com.apple.UIKit.plist, managed: 1 } (0x10183db90)
Aug 28 14:01:52.120627 cfprefsd(CoreFoundation)[91] <Debug>: Process 57802 (Runner) sent a request related to { com.apple.UIKit, user: kCFPreferencesAnyUser, kCFPreferencesCurrentHost, /Library/Managed Preferences/com.apple.UIKit.plist, managed: 1 } (0x101857ab0)
Aug 28 14:01:52.120726 cfprefsd(CoreFoundation)[91] <Debug>: Process 57802 (Runner) sent a request related to { com.apple.UIKit, user: mobile, kCFPreferencesAnyHost, /var/mobile/Library/Preferences/com.apple.UIKit.plist, managed: 0 } (0x100317d00)
Aug 28 14:01:52.120767 cfprefsd(CoreFoundation)[91] <Debug>: Process 57802 (Runner) read data for { com.apple.UIKit, mobile, kCFPreferencesAnyHost, /var/mobile/Library/Preferences/com.apple.UIKit.plist, managed: 0 }, backed by /private/var/mobile/Library/Preferences/com.apple.UIKit.plist
Aug 28 14:01:52.121120 runningboardd(RunningBoard)[33] <Notice>: Using default underlying assertion for app: [application<dev.selfhost.firstActivationProbe>:57802]
Aug 28 14:01:52.121170 runningboardd(RunningBoard)[33] <Notice>: Acquiring assertion targeting [application<dev.selfhost.firstActivationProbe>:57802] from originator [application<dev.selfhost.firstActivationProbe>:57802] with description <RBSAssertionDescriptor| "RB Underlying Assertion" ID:33-33-7788 target:57802 attributes:[
Aug 28 14:01:52.121234 runningboardd(RunningBoard)[33] <Notice>: Assertion 33-33-7788 (target:[application<dev.selfhost.firstActivationProbe>:57802]) will be created as active
Aug 28 14:01:52.121301 runningboardd(RunningBoard)[33] <Debug>: Adding assertion 33-47602-7787 (target:application<dev.selfhost.firstActivationProbe>)
Aug 28 14:01:52.121667 cfprefsd(CoreFoundation)[91] <Debug>: Process 57802 (Runner) sent a request related to { kCFPreferencesAnyApplication, user: mobile, kCFPreferencesCurrentHost, /Library/Managed Preferences/mobile/.GlobalPreferences.plist, managed: 1 } (0x10030c020)
Aug 28 14:01:52.122088 cfprefsd(CoreFoundation)[91] <Debug>: Process 57802 (Runner) read data for { kCFPreferencesAnyApplication, mobile, kCFPreferencesCurrentHost, /Library/Managed Preferences/mobile/.GlobalPreferences.plist, managed: 1 }, backed by /private/var/Managed Preferences/mobile/.GlobalPreferences.plist
<SBTransitionSwitcherModifierEvent: 0x282117800; type: MainTransition; transitionID: CBF8E592-4853-4863-9088-2D1289507639; phase: Prepare; animated: YES; fromAppLayout: 0x0; toAppLayout: <SBAppLayout: 0x2808e2980; primary: dev.selfhost.firstActivationProbe:default; environment: main>; fromEnvironmentMode: home-screen; toEnvironmentMode: application; pendingTermination: {(
)}; activating: <SBAppLayout: 0x2808e2980; primary: dev.selfhost.firstActivationProbe:default; environment: main>; dosidoTransitionDirection: 0>
	    <SBIconOverlayVisibilitySwitcherEventResponse: 0x280891100; visible: YES; appLayout: <SBAppLayout: 0x2808e2980; primary: dev.selfhost.firstActivationProbe:default; environment: main>>;
	    <SBIconViewVisibilitySwitcherEventResponse: 0x283e27020; visible: NO; animationSettings: 0x0; appLayout: <SBAppLayout: 0x2808e2980; primary: dev.selfhost.firstActivationProbe:default; environment: main>>;
Aug 28 14:01:52.122665 SpringBoard(FrontBoard)[47602] <Notice>: [application<dev.selfhost.firstActivationProbe>:-1] Bootstrap success!
Aug 28 14:01:52.122711 cfprefsd(CoreFoundation)[91] <Debug>: Process 57802 (Runner) sent a request related to { kCFPreferencesAnyApplication, user: mobile, kCFPreferencesAnyHost, /var/mobile/Library/Preferences/.GlobalPreferences.plist, managed: 0 } (0x10030c3f0)
Aug 28 14:01:52.122759 cfprefsd(CoreFoundation)[91] <Debug>: Process 57802 (Runner) read data for { kCFPreferencesAnyApplication, mobile, kCFPreferencesAnyHost, /var/mobile/Library/Preferences/.GlobalPreferences.plist, managed: 0 }, backed by /private/var/mobile/Library/Preferences/.GlobalPreferences.plist
Aug 28 14:01:52.122851 cfprefsd(CoreFoundation)[91] <Debug>: Process 57802 (Runner) sent a request related to { com.apple.UIKit, user: kCFPreferencesAnyUser, kCFPreferencesCurrentHost, /var/preferences/com.apple.UIKit.plist, managed: 0 } (0x10034f970)
Aug 28 14:01:52.122936 cfprefsd(CoreFoundation)[91] <Debug>: Process 57802 (Runner) sent a request related to { kCFPreferencesAnyApplication, user: kCFPreferencesAnyUser, kCFPreferencesCurrentHost, /var/preferences/.GlobalPreferences.plist, managed: 0 } (0x100316b90)
Aug 28 14:01:52.122977 runningboardd(RunningBoard)[33] <Info>: application<dev.selfhost.firstActivationProbe> is now targeted by 1 assertions
Aug 28 14:01:52.123124 runningboardd(RunningBoard)[33] <Debug>: Adding assertion 33-33-7788 (target:[application<dev.selfhost.firstActivationProbe>:57802])
Aug 28 14:01:52.123228 runningboardd(RunningBoard)[33] <Info>: application<dev.selfhost.firstActivationProbe> is now targeted by 2 assertions
Aug 28 14:01:52.123302 Runner(CoreFoundation)[57802] <Debug>: Using ~iphone resources
Aug 28 14:01:52.123330 Runner(CoreFoundation)[57802] <Debug>: CFPrefsManagedSource<0x283870e80> (Domain: com.apple.UIKit, User: kCFPreferencesCurrentUser, ByHost: Yes, Container: (null), Contents Need Refresh: No) loaded: an empty base plist and no additional changes from the base plist
Aug 28 14:01:52.123350 Runner(CoreFoundation)[57802] <Debug>: CFPrefsManagedSource<0x283870f00> (Domain: com.apple.UIKit, User: kCFPreferencesAnyUser, ByHost: Yes, Container: (null), Contents Need Refresh: No) loaded: an empty base plist and no additional changes from the base plist
Aug 28 14:01:52.123369 Runner(CoreFoundation)[57802] <Debug>: CFPrefsPlistSource<0x283870400> (Domain: com.apple.UIKit, User: kCFPreferencesCurrentUser, ByHost: No, Container: (null), Contents Need Refresh: No) loaded: a new base plist and no additional changes from the base plist
Aug 28 14:01:52.123387 Runner(CoreFoundation)[57802] <Debug>: CFPrefsManagedSource<0x283871080> (Domain: kCFPreferencesAnyApplication, User: kCFPreferencesCurrentUser, ByHost: Yes, Container: (null), Contents Need Refresh: No) loaded: a new base plist and no additional changes from the base plist
Aug 28 14:01:52.123405 Runner(CoreFoundation)[57802] <Debug>: CFPrefsPlistSource<0x283870f80> (Domain: kCFPreferencesAnyApplication, User: kCFPreferencesCurrentUser, ByHost: No, Container: (null), Contents Need Refresh: No) loaded: a new base plist and no additional changes from the base plist
Aug 28 14:01:52.123463 runningboardd(RunningBoard)[33] <Debug>: BEGIN suppressing state updates for application<dev.selfhost.firstActivationProbe>
Aug 28 14:01:52.123481 runningboardd(RunningBoard)[33] <Debug>: Incrementing suppression state to 1 for application<dev.selfhost.firstActivationProbe>
Aug 28 14:01:52.123500 runningboardd(RunningBoard)[33] <Debug>: SUPPRESSING state update for application<dev.selfhost.firstActivationProbe>: <RBSProcessState| task:none debug:none terminationResistance:None endowments:[
	<RBSProcessAssertionInfo| type:2 reason:10000 name:"Domain" domain:"com.apple.frontboard:Bootstrap-Foreground,com.apple.frontboard:Visibility" expl:"FBApplicationProcess">
Aug 28 14:01:52.123518 runningboardd(RunningBoard)[33] <Debug>: Incrementing suppression state to 2 for application<dev.selfhost.firstActivationProbe>
Aug 28 14:01:52.123537 Runner(CoreFoundation)[57802] <Debug>: CFPrefsPlistSource<0x283871100> (Domain: com.apple.UIKit, User: kCFPreferencesAnyUser, ByHost: Yes, Container: (null), Contents Need Refresh: No) loaded: an empty base plist and no additional changes from the base plist
Aug 28 14:01:52.124068 SpringBoard(BaseBoard)[47602] <Debug>:  *|machport|* <BSMachPortTaskNameRight: 0x2808906c0; usable: YES; (47602:22803:send task_name_for_pid:Runner.57802)> -> (<NSThread: 0x280845800>{number = 1123, name = (null)}) (
    bundleIdentifier = dev.selfhost.firstActivationProbe;
    uniqueIdentifier = sceneID:dev.selfhost.firstActivationProbe-default;
Aug 28 14:01:52.129700 Runner(CoreFoundation)[57802] <Debug>: CFPrefsPlistSource<0x283871180> (Domain: kCFPreferencesAnyApplication, User: kCFPreferencesAnyUser, ByHost: Yes, Container: (null), Contents Need Refresh: No) loaded: an empty base plist and no additional changes from the base plist
Aug 28 14:01:52.129782 cfprefsd(CoreFoundation)[91] <Debug>: Process 57802 (Runner) sent a request related to { dev.selfhost.firstActivationProbe, user: mobile, kCFPreferencesCurrentHost, /Library/Managed Preferences/mobile/dev.selfhost.firstActivationProbe.plist, managed: 1 } (0x101845040)
Aug 28 14:01:52.130013 Runner(CoreFoundation)[57802] <Debug>: found no value for key LogHIDEventFiltered in CFPrefsSearchListSource<0x283870d80> (Domain: com.apple.UIKit, Container: (null))
Aug 28 14:01:52.130112 Runner(CoreFoundation)[57802] <Debug>: found no value for key LogHIDEventIncoming in CFPrefsSearchListSource<0x283870d80> (Domain: com.apple.UIKit, Container: (null))
Aug 28 14:01:52.130156 cfprefsd(CoreFoundation)[91] <Debug>: Process 57802 (Runner) sent a request related to { dev.selfhost.firstActivationProbe, user: kCFPreferencesAnyUser, kCFPreferencesCurrentHost, /Library/Managed Preferences/dev.selfhost.firstActivationProbe.plist, managed: 1 } (0x1003679d0)
Aug 28 14:01:52.130212 Runner(libMobileGestalt.dylib)[57802] <Notice>: Cache loaded with 4896 pre-cached in CacheData and 49 items in CacheExtra.
Aug 28 14:01:52.130310 Runner(CoreFoundation)[57802] <Debug>: found no value for key LogApplication in CFPrefsSearchListSource<0x283870d80> (Domain: com.apple.UIKit, Container: (null))
Aug 28 14:01:52.130376 cfprefsd(CoreFoundation)[91] <Debug>: Process 57802 (Runner) sent a request related to { dev.selfhost.firstActivationProbe, user: mobile, kCFPreferencesAnyHost, /var/mobile/Containers/Data/Application/18E6667F-E66B-4E74-92D9-B14869861554/Library/Preferences/dev.selfhost.firstActivationProbe.plist, managed: 0 } (0x10034a800)
Aug 28 14:01:52.130455 runningboardd(RunningBoard)[33] <Notice>: Calculated state for application<dev.selfhost.firstActivationProbe>: running-active (role: UserInteractiveFocal)
Aug 28 14:01:52.130510 Runner(UIKitCore)[57802] <Notice>: Deactivation reason added: 10; deactivation reasons: 0 -> 1024; animating application lifecycle event: 0
Aug 28 14:01:52.130571 runningboardd(RunningBoard)[33] <Debug>: Sending state update for application<dev.selfhost.firstActivationProbe>: <RBSProcessState| task:running-active debug:none terminationResistance:Interactive endowments:[
	<RBSProcessAssertionInfo| type:2 reason:10000 name:"Domain" domain:"com.apple.frontboard:Bootstrap-Foreground,com.apple.frontboard:Visibility" expl:"FBApplicationProcess">
Aug 28 14:01:52.130626 Runner(RunningBoardServices)[57802] <Notice>: Initializing connection
Aug 28 14:01:52.130738 Runner(RunningBoardServices)[57802] <Notice>: Removing all cached process handles
Aug 28 14:01:52.130793 runningboardd(RunningBoard)[33] <Debug>: Incrementing suppression state to 3 for application<dev.selfhost.firstActivationProbe>
Aug 28 14:01:52.131805 Runner(BoardServices)[57802] <Notice>: activating monitor for service com.apple.frontboard.open
Aug 28 14:01:52.131904 runningboardd(RunningBoard)[33] <Info>: Ignoring insignificant state update for application<dev.selfhost.firstActivationProbe>
Aug 28 14:01:52.132072 Runner(BoardServices)[57802] <Notice>: activating monitor for service com.apple.frontboard.workspace-service
Aug 28 14:01:52.132755 runningboardd(RunningBoard)[33] <Notice>: Calculated state for application<dev.selfhost.firstActivationProbe>: running-active (role: UserInteractiveFocal)
Aug 28 14:01:52.132848 Runner(FrontBoardServices)[57802] <Notice>: FBSWorkspace connecting to endpoint : <private>
Aug 28 14:01:52.132968 backboardd(IOKit)[65] <Notice>: Connection added: IOHIDEventSystemConnection uuid:F69A2A62-A5F0-4A30-9BB1-EB4117E45746 pid:57802 process:Runner type:Passive entitlements:0x0 caller:BackBoardServices: <redacted> + 336 attributes:{
    bundleID = "dev.selfhost.firstActivationProbe";
Aug 28 14:01:52.133819 backboardd(BackBoardHIDEventFoundation)[65] <Debug>: Got a client addition callback: IOHIDEventSystemConnection uuid:F69A2A62-A5F0-4A30-9BB1-EB4117E45746 pid:57802 process:Runner type:Passive entitlements:0x0 caller:BackBoardServices: <redacted> + 336 attributes:{
    bundleID = "dev.selfhost.firstActivationProbe";
Aug 28 14:01:52.133896 backboardd(BackBoardHIDEventFoundation)[65] <Info>: HID connection vpid:57802(v7311E) bundleID:dev.selfhost.firstActivationProbe successfully initialized: IOHIDEventSystemConnection uuid:F69A2A62-A5F0-4A30-9BB1-EB4117E45746 pid:57802 process:Runner type:Passive entitlements:0x0 caller:BackBoardServices: <redacted> + 336 attributes:{
    bundleID = "dev.selfhost.firstActivationProbe";
Aug 28 14:01:52.134152 backboardd(BackBoardHIDEventFoundation)[65] <Notice>: Adding client connection: <BKHIDClientConnection: 0x102613220; IOHIDEventSystemConnectionRef: 0x102795260; vpid: 57802(v7311E); taskPort: 0x42C07; bundleID: dev.selfhost.firstActivationProbe> for client: IOHIDEventSystemConnection uuid:F69A2A62-A5F0-4A30-9BB1-EB4117E45746 pid:57802 process:Runner type:Passive entitlements:0x0 caller:BackBoardServices: <redacted> + 336 attributes:{
    bundleID = "dev.selfhost.firstActivationProbe";
Aug 28 14:01:52.137858 Runner(FrontBoardServices)[57802] <Notice>: FBSWorkspace registering source: <private>
Aug 28 14:01:52.137876 Runner(FrontBoardServices)[57802] <Notice>: FBSWorkspace connected to endpoint : <private>
Aug 28 14:01:52.140078 Runner(CoreFoundation)[57802] <Debug>: CFPrefsManagedSource<0x283871680> (Domain: dev.selfhost.firstActivationProbe, User: kCFPreferencesCurrentUser, ByHost: Yes, Container: (null), Contents Need Refresh: No) loaded: an empty base plist and no additional changes from the base plist
Aug 28 14:01:52.140174 Runner(CoreFoundation)[57802] <Debug>: CFPrefsManagedSource<0x283871700> (Domain: dev.selfhost.firstActivationProbe, User: kCFPreferencesAnyUser, ByHost: Yes, Container: (null), Contents Need Refresh: No) loaded: an empty base plist and no additional changes from the base plist
Aug 28 14:01:52.140292 Runner(CoreFoundation)[57802] <Debug>: CFPrefsPlistSource<0x283871600> (Domain: dev.selfhost.firstActivationProbe, User: kCFPreferencesCurrentUser, ByHost: No, Container: (null), Contents Need Refresh: No) loaded: an empty base plist and no additional changes from the base plist
Aug 28 14:01:52.140932 SpringBoard(BaseBoard)[47602] <Debug>:  *|machport|* <BSMachPortTaskNameRight: 0x28089b000; usable: YES; (47602:22803:send task_name_for_pid:Runner.57802)> -> (<NSThread: 0x28089ad40>{number = 1124, name = (null)}) (
Aug 28 14:01:52.141107 SpringBoard(FrontBoard)[47602] <Notice>: [application<dev.selfhost.firstActivationProbe>:57802] Setting process task state to: Running
Aug 28 14:01:52.141144 SpringBoard(FrontBoard)[47602] <Notice>: [application<dev.selfhost.firstActivationProbe>:57802] Setting process visibility to: Foreground
Aug 28 14:01:52.141180 SpringBoard(FrontBoard)[47602] <Notice>: Asked to bootstrap a new process for handle: [application<dev.selfhost.firstActivationProbe>:57802]
Aug 28 14:01:52.141254 SpringBoard(FrontBoard)[47602] <Notice>: [application<dev.selfhost.firstActivationProbe>:57802] Registering event dispatcher at connect
Aug 28 14:01:52.141273 SpringBoard(FrontBoard)[47602] <Info>: Registering workspace for processHandle: [application<dev.selfhost.firstActivationProbe>:57802]
Aug 28 14:01:52.141392 SpringBoard(FrontBoard)[47602] <Notice>: A pending process already exists for this handle: <FBApplicationProcess: 0x10a184770; application<dev.selfhost.firstActivationProbe>:57802(v7311E)>
Aug 28 14:01:52.141423 runningboardd(RunningBoard)[33] <Debug>: SUPPRESSING state update for application<dev.selfhost.firstActivationProbe>: <RBSProcessState| task:running-active debug:none terminationResistance:Interactive endowments:[
	<RBSProcessAssertionInfo| type:2 reason:10000 name:"Domain" domain:"com.apple.frontboard:Bootstrap-Foreground,com.apple.frontboard:Visibility" expl:"FBApplicationProcess">,
Aug 28 14:01:52.141443 runningboardd(RunningBoard)[33] <Debug>: Decrementing suppression state to 2 for application<dev.selfhost.firstActivationProbe>
Aug 28 14:01:52.141521 runningboardd(RunningBoard)[33] <Debug>: [daemon<com.apple.SpringBoard>:47602] query resolved to [application<dev.selfhost.firstActivationProbe>:57802]
Aug 28 14:01:52.141539 SpringBoard(FrontBoard)[47602] <Notice>: [application<dev.selfhost.firstActivationProbe>:57802] Initial launch assertion state: ForegroundFocal.
Aug 28 14:01:52.141685 SpringBoard(FrontBoardServices)[47602] <Info>: [application<dev.selfhost.firstActivationProbe>:57802] [realTime] Now monitoring resource allowance of 20.00s (at refreshInterval -1.00s)
Aug 28 14:01:52.141750 SpringBoard(FrontBoard)[47602] <Notice>: Adding: <FBApplicationProcess: 0x10a184770; application<dev.selfhost.firstActivationProbe>:57802(v7311E)>
Aug 28 14:01:52.141805 SpringBoard(FrontBoard)[47602] <Info>: FBWorkspaceDomain: Assigning new workspace connection to workspace (0x282a12050) owned by process: <FBApplicationProcess: 0x10a184770; application<dev.selfhost.firstActivationProbe>:57802(v7311E)>
Aug 28 14:01:52.141849 SpringBoard(FrontBoard)[47602] <Notice>: [application<dev.selfhost.firstActivationProbe>:57802] Connection established.
Aug 28 14:01:52.142080 SpringBoard(FrontBoard)[47602] <Notice>: [application<dev.selfhost.firstActivationProbe>:57802] Connection to remote process established!
Aug 28 14:01:52.142140 SpringBoard(FrontBoardServices)[47602] <Info>: [application<dev.selfhost.firstActivationProbe>:57802] [realTime] Stopped monitoring.
Aug 28 14:01:52.142196 SpringBoard(FrontBoardServices)[47602] <Debug>: [application<dev.selfhost.firstActivationProbe>:57802] [realTime] Updated resource consumption: 0.002s (0.01%)
Aug 28 14:01:52.142315 SpringBoard(FrontBoard)[47602] <Info>: [application<dev.selfhost.firstActivationProbe>:57802] Provision <FBSProcessResourceProvision: 0x282f295f0; allowance: <; FBSProcessResourceAllowance; type: realTime; timeValue: 20.0s>> has remainder <FBSProcessResourceProvision: 0x282f29170; allowance: <; FBSProcessResourceAllowance; type: realTime; timeValue: 20.00s>>
Aug 28 14:01:52.142376 SpringBoard(FrontBoard)[47602] <Notice>: change foreground process from list:<FBApplicationProcess: 0x10a184770; application<dev.selfhost.firstActivationProbe>:57802(v7311E)>
Aug 28 14:01:52.147501 SpringBoard(FrontBoard)[47602] <Info>: [application<dev.selfhost.firstActivationProbe>:57802] Made scene-create policy: <FBSProcessWatchdogPolicy: 0x281c6d360; name: "scene create after launch"> {
Aug 28 14:01:52.147649 SpringBoard(FrontBoardServices)[47602] <Debug>: [application<dev.selfhost.firstActivationProbe>:57802] Invalidating <FBProcessWatchdog: 0x283e28690; name: process-launch; time: 20.0s>
Aug 28 14:01:52.147713 SpringBoard(FrontBoardServices)[47602] <Debug>: [application<dev.selfhost.firstActivationProbe>:57802] [realTime] Invalidated
Aug 28 14:01:52.147777 SpringBoard(FrontBoard)[47602] <Info>: Setting BKSEventFocusManager's foreground app to: <FBApplicationProcess: 0x10a184770; application<dev.selfhost.firstActivationProbe>:57802(v7311E)>
Aug 28 14:01:52.148223 Runner(CoreFoundation)[57802] <Debug>: CFPrefsPlistSource<0x283871880> (Domain: dev.selfhost.firstActivationProbe, User: kCFPreferencesAnyUser, ByHost: Yes, Container: (null), Contents Need Refresh: No) loaded: an empty base plist and no additional changes from the base plist
Aug 28 14:01:52.148278 Runner(CoreFoundation)[57802] <Debug>: looked up value <private> for key AppleLanguages in CFPrefsPlistSource<0x283870f80> (Domain: kCFPreferencesAnyApplication, User: kCFPreferencesCurrentUser, ByHost: No, Container: (null), Contents Need Refresh: No) via CFPrefsSearchListSource<0x283871400> (Domain: dev.selfhost.firstActivationProbe, Container: (null))
Aug 28 14:01:52.148333 Runner(CoreFoundation)[57802] <Debug>: setting new value <private> for key <private> in CFPrefsSource<0x280370280> (Domain: Volatile, User: , ByHost: No, Container: , Contents Need Refresh: No)
Aug 28 14:01:52.148387 Runner(RunningBoardServices)[57802] <Notice>: Added observer for process assertions expiration warning: <_RBSExpirationWarningClient: 0x28167c980>
Aug 28 14:01:52.148447 Runner(CoreFoundation)[57802] <Debug>: setting new value <private> for key <private> in CFPrefsSource<0x280370280> (Domain: Volatile, User: , ByHost: No, Container: , Contents Need Refresh: No)
Aug 28 14:01:52.148512 Runner(CoreFoundation)[57802] <Debug>: setting new value <private> for key <private> in CFPrefsSource<0x280370280> (Domain: Volatile, User: , ByHost: No, Container: , Contents Need Refresh: No)
Aug 28 14:01:52.148566 Runner(CoreFoundation)[57802] <Debug>: found no value for key UIScreenIsCapturedValue in CFPrefsSearchListSource<0x283870d80> (Domain: com.apple.UIKit, Container: (null))
Aug 28 14:01:52.149349 Runner(CoreFoundation)[57802] <Debug>: looked up value <private> for key AppleLanguages in CFPrefsPlistSource<0x283870f80> (Domain: kCFPreferencesAnyApplication, User: kCFPreferencesCurrentUser, ByHost: No, Container: (null), Contents Need Refresh: No) via CFPrefsSearchListSource<0x283871400> (Domain: dev.selfhost.firstActivationProbe, Container: (null))
Aug 28 14:01:52.149398 Runner(CoreFoundation)[57802] <Debug>: Language lookup at <private>
Aug 28 14:01:52.149455 Runner(CoreFoundation)[57802] <Debug>: Resource lookup at <private>
Aug 28 14:01:52.149511 Runner(CoreFoundation)[57802] <Debug>: found no value for key _UIEnableLegacyRTL in CFPrefsSearchListSource<0x283870d80> (Domain: com.apple.UIKit, Container: (null))
Aug 28 14:01:52.149541 Runner(CoreFoundation)[57802] <Debug>: found no value for key NSTighteningFactorForTruncation in CFPrefsSearchListSource<0x283871400> (Domain: dev.selfhost.firstActivationProbe, Container: (null))
Aug 28 14:01:52.149560 Runner(CoreFoundation)[57802] <Debug>: found no value for key NSTighteningFactorForTruncation in CFPrefsSearchListSource<0x283871400> (Domain: dev.selfhost.firstActivationProbe, Container: (null))
Aug 28 14:01:52.149684 cfprefsd(CoreFoundation)[91] <Debug>: Process 57802 (Runner) sent a request related to { dev.selfhost.firstActivationProbe, user: kCFPreferencesAnyUser, kCFPreferencesCurrentHost, /var/preferences/dev.selfhost.firstActivationProbe.plist, managed: 0 } (0x100329ed0)
Aug 28 14:01:52.149801 cfprefsd(CoreFoundation)[91] <Debug>: Process 57802 (Runner) sent a request related to { com.apple.Accessibility, user: mobile, kCFPreferencesCurrentHost, /Library/Managed Preferences/mobile/com.apple.Accessibility.plist, managed: 1 } (0x101814050)
Aug 28 14:01:52.149958 cfprefsd(CoreFoundation)[91] <Debug>: Process 57802 (Runner) sent a request related to { com.apple.Accessibility, user: kCFPreferencesAnyUser, kCFPreferencesCurrentHost, /Library/Managed Preferences/com.apple.Accessibility.plist, managed: 1 } (0x101814300)
Aug 28 14:01:52.150473 Runner(CoreFoundation)[57802] <Debug>: found no value for key NSAllowsDefaultTighteningForTruncation in CFPrefsSearchListSource<0x283871400> (Domain: dev.selfhost.firstActivationProbe, Container: (null))
Aug 28 14:01:52.150527 Runner(CoreFoundation)[57802] <Debug>: found no value for key NSUsesDefaultHyphenation in CFPrefsSearchListSource<0x283871400> (Domain: dev.selfhost.firstActivationProbe, Container: (null))
Aug 28 14:01:52.150565 Runner(CoreFoundation)[57802] <Debug>: found no value for key NSDefaultHyphenationFactor in CFPrefsSearchListSource<0x283871400> (Domain: dev.selfhost.firstActivationProbe, Container: (null))
Aug 28 14:01:52.150603 Runner(CoreFoundation)[57802] <Debug>: found no value for key NSForceRightToLeftWritingDirection in CFPrefsSearchListSource<0x283871400> (Domain: dev.selfhost.firstActivationProbe, Container: (null))
Aug 28 14:01:52.150716 Runner(CoreFoundation)[57802] <Debug>: CFPrefsManagedSource<0x283873700> (Domain: com.apple.Accessibility, User: kCFPreferencesCurrentUser, ByHost: Yes, Container: (null), Contents Need Refresh: No) loaded: an empty base plist and no additional changes from the base plist
Aug 28 14:01:52.151006 Runner(CoreFoundation)[57802] <Debug>: CFPrefsManagedSource<0x283873780> (Domain: com.apple.Accessibility, User: kCFPreferencesAnyUser, ByHost: Yes, Container: (null), Contents Need Refresh: No) loaded: an empty base plist and no additional changes from the base plist
Aug 28 14:01:52.151755 runningboardd(RunningBoard)[33] <Debug>: Sending state 0x1011eb640 for application<dev.selfhost.firstActivationProbe> to [daemon<com.apple.SpringBoard>:47602]
Aug 28 14:01:52.151829 runningboardd(RunningBoard)[33] <Info>: Finished acquiring assertion 33-47602-7787 (target:application<dev.selfhost.firstActivationProbe>)
Aug 28 14:01:52.151883 runningboardd(RunningBoard)[33] <Info>: Finished acquiring assertion 33-33-7788 (target:[application<dev.selfhost.firstActivationProbe>:57802])
Aug 28 14:01:52.151913 runningboardd(RunningBoard)[33] <Notice>: Successfully acquired underlying assertion for [application<dev.selfhost.firstActivationProbe>:57802]
Aug 28 14:01:52.151968 runningboardd(RunningBoard)[33] <Debug>: Updating events for assertion: 33-47602-7787 (target:application<dev.selfhost.firstActivationProbe>)
Aug 28 14:01:52.152039 kernel(Sandbox)[0] <Notice>: /private/var/containers/Bundle/Application/1EC21BA9-82AA-4B85-B2FC-10B206BC5C35/Runner.app/Runner[57802] ==> container
Aug 28 14:01:52.152128 kernel(Sandbox)[0] <Error>: Sandbox: Runner(57802) deny(2) file-test-existence /private/etc/.mdns_debug
Aug 28 14:01:52.152203 runningboardd(RunningBoard)[33] <Info>: [application<dev.selfhost.firstActivationProbe>:57802] Applying updated state
Aug 28 14:01:52.152265 runningboardd(RunningBoard)[33] <Debug>: Decrementing suppression state to 1 for application<dev.selfhost.firstActivationProbe>
Aug 28 14:01:52.152284 Runner(RunningBoardServices)[57802] <Notice>: Sending handshake request attempt #1 to server
Aug 28 14:01:52.152371 Runner(RunningBoardServices)[57802] <Notice>: Creating connection to com.apple.runningboard
Aug 28 14:01:52.152390 Runner(CoreFoundation)[57802] <Debug>: CFPrefsPlistSource<0x283873680> (Domain: com.apple.Accessibility, User: kCFPreferencesCurrentUser, ByHost: No, Container: (null), Contents Need Refresh: No) loaded: a new base plist and no additional changes from the base plist
Aug 28 14:01:52.152437 Runner(CoreFoundation)[57802] <Debug>: CFPrefsPlistSource<0x283873900> (Domain: com.apple.Accessibility, User: kCFPreferencesAnyUser, ByHost: Yes, Container: (null), Contents Need Refresh: No) loaded: an empty base plist and no additional changes from the base plist
Aug 28 14:01:52.152455 Runner(CoreFoundation)[57802] <Debug>: found no value for key ForceTouchEnabled in CFPrefsSearchListSource<0x283873600> (Domain: com.apple.Accessibility, Container: (null))
Aug 28 14:01:52.152612 Runner(libAccessibility.dylib)[57802] <Debug>: CF Read: domain = com.apple.Accessibility, preference = ForceTouchEnabled, appID = (null) result = (null) (-1 - empty, 0 - false, 1 - true)
Aug 28 14:01:52.152672 Runner(CoreFoundation)[57802] <Debug>: found no value for key ForceTouchEnabled in CFPrefsPlistSource<0x283873680> (Domain: com.apple.Accessibility, User: kCFPreferencesCurrentUser, ByHost: No, Container: (null), Contents Need Refresh: No)
Aug 28 14:01:52.152692 Runner(CoreFoundation)[57802] <Debug>: found no value for key UIPreferredContentSizeCategoryName in CFPrefsSearchListSource<0x283871400> (Domain: dev.selfhost.firstActivationProbe, Container: (null))
Aug 28 14:01:52.152738 Runner(libAccessibility.dylib)[57802] <Debug>: CF Read Category Name: domain = dev.selfhost.firstActivationProbe, appID = dev.selfhost.firstActivationProbe value = (null)
Aug 28 14:01:52.152784 Runner(libAccessibility.dylib)[57802] <Notice>: Read CategoryName: per-app = 1, category name = (null)
Aug 28 14:01:52.152804 Runner(CoreFoundation)[57802] <Debug>: found no value for key UIPreferredContentSizeCategoryName in CFPrefsSearchListSource<0x283870d80> (Domain: com.apple.UIKit, Container: (null))
Aug 28 14:01:52.152822 Runner(libAccessibility.dylib)[57802] <Debug>: CF Read Category Name: domain = /var/mobile/Library/Preferences/com.apple.UIKit, appID = (null) value = (null)
Aug 28 14:01:52.152968 Runner(libAccessibility.dylib)[57802] <Notice>: Read CategoryName: per-app = 0, category name = (null)
Aug 28 14:01:52.153034 Runner(CoreFoundation)[57802] <Debug>: found no value for key UICarPlayPreferredContentSizeCategoryName in CFPrefsSearchListSource<0x283870d80> (Domain: com.apple.UIKit, Container: (null))
Aug 28 14:01:52.153079 Runner(CoreFoundation)[57802] <Debug>: found no value for key EnhancedTextLegibilityEnabled in CFPrefsSearchListSource<0x283873600> (Domain: com.apple.Accessibility, Container: (null))
Aug 28 14:01:52.153120 Runner(libAccessibility.dylib)[57802] <Debug>: CF Read: domain = com.apple.Accessibility, preference = EnhancedTextLegibilityEnabled, appID = (null) result = (null) (-1 - empty, 0 - false, 1 - true)
Aug 28 14:01:52.153152 Runner(CoreFoundation)[57802] <Debug>: found no value for key EnhancedTextLegibilityEnabled in CFPrefsPlistSource<0x283873680> (Domain: com.apple.Accessibility, User: kCFPreferencesCurrentUser, ByHost: No, Container: (null), Contents Need Refresh: No)
Aug 28 14:01:52.153171 Runner(CoreFoundation)[57802] <Debug>: found no value for key DarkenSystemColors in CFPrefsSearchListSource<0x283873600> (Domain: com.apple.Accessibility, Container: (null))
Aug 28 14:01:52.153513 backboardd(IOKit)[65] <Debug>: SetProperty called IOHIDEventSystemClientIsUnresponsive=0 caller=IOHIDEventSystemConnection uuid:F69A2A62-A5F0-4A30-9BB1-EB4117E45746 pid:57802 process:Runner type:Passive entitlements:0x0 caller:BackBoardServices: <redacted> + 336 attributes:{
    bundleID = "dev.selfhost.firstActivationProbe";
Aug 28 14:01:52.154923 Runner(libAccessibility.dylib)[57802] <Debug>: CF Read: domain = com.apple.Accessibility, preference = DarkenSystemColors, appID = (null) result = (null) (-1 - empty, 0 - false, 1 - true)
Aug 28 14:01:52.154971 Runner(CoreFoundation)[57802] <Debug>: found no value for key DarkenSystemColors in CFPrefsPlistSource<0x283873680> (Domain: com.apple.Accessibility, User: kCFPreferencesCurrentUser, ByHost: No, Container: (null), Contents Need Refresh: No)
Aug 28 14:01:52.154989 Runner(CoreFoundation)[57802] <Debug>: found no value for key UITraitCollectionChangeLoggingEnabled in CFPrefsSearchListSource<0x283871400> (Domain: dev.selfhost.firstActivationProbe, Container: (null))
Aug 28 14:01:52.155007 Runner(CoreFoundation)[57802] <Debug>: found no value for key UIStateRestorationDebugLogging in CFPrefsSearchListSource<0x283871400> (Domain: dev.selfhost.firstActivationProbe, Container: (null))
Aug 28 14:01:52.156860 Runner(CoreFoundation)[57802] <Debug>: Resource lookup at <private>
Aug 28 14:01:52.156879 Runner(CoreFoundation)[57802] <Debug>: looked up value <private> for key AccessibilityEnabled in CFPrefsPlistSource<0x283873680> (Domain: com.apple.Accessibility, User: kCFPreferencesCurrentUser, ByHost: No, Container: (null), Contents Need Refresh: No) via CFPrefsSearchListSource<0x283873600> (Domain: com.apple.Accessibility, Container: (null))
Aug 28 14:01:52.156916 Runner(libAccessibility.dylib)[57802] <Debug>: CF Read: domain = com.apple.Accessibility, preference = AccessibilityEnabled, appID = (null) result = 0 (-1 - empty, 0 - false, 1 - true)
Aug 28 14:01:52.157254 Runner(CoreFoundation)[57802] <Debug>: looked up value <private> for key InvertColorsEnabled in CFPrefsPlistSource<0x283873680> (Domain: com.apple.Accessibility, User: kCFPreferencesCurrentUser, ByHost: No, Container: (null), Contents Need Refresh: No) via CFPrefsSearchListSource<0x283873600> (Domain: com.apple.Accessibility, Container: (null))
Aug 28 14:01:52.157273 Runner(libAccessibility.dylib)[57802] <Debug>: CF Read: domain = com.apple.Accessibility, preference = InvertColorsEnabled, appID = (null) result = 0 (-1 - empty, 0 - false, 1 - true)
Aug 28 14:01:52.157291 Runner(libAccessibility.dylib)[57802] <Debug>: Read Global: preference = InvertColorsEnabled, result = 0 (-1 - empty, 0 - false, 1 - true)
Aug 28 14:01:52.158168 Runner(libAccessibility.dylib)[57802] <Debug>: Updated cache: preference = InvertColorsEnabled, result = 0 (-1 - empty, 0 - false, 1 - true)
Aug 28 14:01:52.158188 Runner(CoreFoundation)[57802] <Debug>: looked up value <private> for key ApplicationAccessibilityEnabled in CFPrefsPlistSource<0x283873680> (Domain: com.apple.Accessibility, User: kCFPreferencesCurrentUser, ByHost: No, Container: (null), Contents Need Refresh: No) via CFPrefsSearchListSource<0x283873600> (Domain: com.apple.Accessibility, Container: (null))
Aug 28 14:01:52.158208 Runner(libAccessibility.dylib)[57802] <Debug>: CF Read: domain = com.apple.Accessibility, preference = ApplicationAccessibilityEnabled, appID = (null) result = 0 (-1 - empty, 0 - false, 1 - true)
Aug 28 14:01:52.158225 Runner(XCTTargetBootstrap)[57802] <Notice>: Registering for test daemon availability notify post.
Aug 28 14:01:52.158242 Runner(XCTTargetBootstrap)[57802] <Notice>: notify_get_state check indicated test daemon not ready.
Aug 28 14:01:52.158259 Runner(XCTTargetBootstrap)[57802] <Notice>: notify_get_state check indicated test daemon not ready.
Aug 28 14:01:52.158275 Runner(XCTTargetBootstrap)[57802] <Notice>: notify_get_state check indicated test daemon not ready.
<SBTransitionSwitcherModifierEvent: 0x282116200; type: MainTransition; transitionID: CBF8E592-4853-4863-9088-2D1289507639; phase: Animate; animated: YES; fromAppLayout: 0x0; toAppLayout: <SBAppLayout: 0x2808e2980; primary: dev.selfhost.firstActivationProbe:default; environment: main>; fromEnvironmentMode: home-screen; toEnvironmentMode: application; pendingTermination: {(
)}; activating: <SBAppLayout: 0x2808e2980; primary: dev.selfhost.firstActivationProbe:default; environment: main>; dosidoTransitionDirection: 0>
Aug 28 14:01:52.162286 Runner(CoreFoundation)[57802] <Debug>: found no value for key UIRequireCrimsonLifecycle in CFPrefsSearchListSource<0x283870d80> (Domain: com.apple.UIKit, Container: (null))
Aug 28 14:01:52.162359 Runner(UIKitCore)[57802] <Notice>: Deactivation reason added: 11; deactivation reasons: 1024 -> 3072; animating application lifecycle event: 0
Aug 28 14:01:52.162746 Runner(CoreFoundation)[57802] <Debug>: Resource lookup at <private>
Aug 28 14:01:52.162922 cfprefsd(CoreFoundation)[91] <Debug>: Process 57802 (Runner) sent a request related to { com.apple.Accessibility, user: mobile, kCFPreferencesAnyHost, /var/mobile/Library/Preferences/com.apple.Accessibility.plist, managed: 0 } (0x100311170)
Aug 28 14:01:52.162959 cfprefsd(CoreFoundation)[91] <Debug>: Process 57802 (Runner) read data for { com.apple.Accessibility, mobile, kCFPreferencesAnyHost, /var/mobile/Library/Preferences/com.apple.Accessibility.plist, managed: 0 }, backed by /private/var/mobile/Library/Preferences/com.apple.Accessibility.plist
Aug 28 14:01:52.162999 cfprefsd(CoreFoundation)[91] <Debug>: Process 57802 (Runner) sent a request related to { com.apple.Accessibility, user: kCFPreferencesAnyUser, kCFPreferencesCurrentHost, /var/preferences/com.apple.Accessibility.plist, managed: 0 } (0x1018145a0)
Aug 28 14:01:52.163081 runningboardd(RunningBoard)[33] <Debug>: Removing events for context: 33-47602-7787 (target:application<dev.selfhost.firstActivationProbe>)
Aug 28 14:01:52.163101 runningboardd(RunningBoard)[33] <Notice>: [application<dev.selfhost.firstActivationProbe>:57802] Set jetsam priority to 10 [0] flag[1]
Aug 28 14:01:52.163143 runningboardd(RunningBoard)[33] <Debug>: Enqueueing events for assertion: 33-47602-7787 (target:application<dev.selfhost.firstActivationProbe>)
Aug 28 14:01:52.163164 runningboardd(RunningBoard)[33] <Notice>: [application<dev.selfhost.firstActivationProbe>:57802] Resuming task.
Aug 28 14:01:52.163184 runningboardd(RunningBoard)[33] <Info>: Received message from [application<dev.selfhost.firstActivationProbe>:57802] (euid 501, auid 501): handshakeWithRequest:
Aug 28 14:01:52.163234 runningboardd(RunningBoard)[33] <Notice>: Setting client for [application<dev.selfhost.firstActivationProbe>:57802] as ready
Aug 28 14:01:52.163896 SpringBoard(RunningBoardServices)[47602] <Info>: Update delivered for [application<dev.selfhost.firstActivationProbe>:57802] with taskState 4
Aug 28 14:01:52.166499 SpringBoard(RunningBoardServices)[47602] <Info>: Update delivered for [application<dev.selfhost.firstActivationProbe>:57802] with taskState 4
Aug 28 14:01:52.171014 SpringBoard(FrontBoard)[47602] <Notice>: [application<dev.selfhost.firstActivationProbe>:57802] Registered new scene: <FBUIApplicationWorkspaceScene: 0x282643810; sceneID:dev.selfhost.firstActivationProbe-default> (fromRemnant = 0)
Aug 28 14:01:52.171139 SpringBoard(FrontBoard)[47602] <Notice>: [sceneID:dev.selfhost.firstActivationProbe-default][1] Scene activated.
Aug 28 14:01:52.171200 SpringBoard(FrontBoard)[47602] <Debug>: [FBSceneManager] PENDING:   <BSEventQueueEvent: 0x281c06660; didAdd-sceneID:dev.selfhost.firstActivationProbe-default(0)> @ back
Aug 28 14:01:52.171279 SpringBoard(FrontBoard)[47602] <Debug>: [FBSceneManager] EXECUTING: <BSEventQueueEvent: 0x281c06660; didAdd-sceneID:dev.selfhost.firstActivationProbe-default(0)>
Aug 28 14:01:52.172361 SpringBoard(FrontBoard)[47602] <Debug>: [FBSceneManager] PENDING:   <BSEventQueueEvent: 0x281c04dc0; didAdd-sceneID:dev.selfhost.firstActivationProbe-default(0)> @ front
Aug 28 14:01:52.172467 SpringBoard(FrontBoard)[47602] <Debug>: [FBSceneManager] EXECUTING: <BSEventQueueEvent: 0x281c04dc0; didAdd-sceneID:dev.selfhost.firstActivationProbe-default(0)>
Aug 28 14:01:52.172927 SpringBoard(FrontBoard)[47602] <Notice>: [application<dev.selfhost.firstActivationProbe>:57802] Workspace interruption policy did change: reconnect
Aug 28 14:01:52.173197 Runner(CoreFoundation)[57802] <Debug>: found no value for key UIStateRestorationDeveloperMode in CFPrefsSearchListSource<0x283871400> (Domain: dev.selfhost.firstActivationProbe, Container: (null))
Aug 28 14:01:52.173253 Runner(RunningBoardServices)[57802] <Debug>: Received message from server: async_didChangeInheritances:completion:
Aug 28 14:01:52.173367 Runner(RunningBoardServices)[57802] <Info>: didChangeInheritances
Aug 28 14:01:52.173423 Runner(RunningBoardServices)[57802] <Info>: didChangeInheritances: <RBSInheritanceChangeSet| gained:{(
Aug 28 14:01:52.173479 Runner(RunningBoardServices)[57802] <Notice>: Handshake succeeded
Aug 28 14:01:52.173558 Runner(RunningBoardServices)[57802] <Notice>: Identity resolved as application<dev.selfhost.firstActivationProbe>
Aug 28 14:01:52.173613 SpringBoard(FrontBoard)[47602] <Info>: Client intercepting scene update for scene: sceneID:dev.selfhost.firstActivationProbe-default
Aug 28 14:01:52.173673 SpringBoard(UIKitCore)[47602] <Notice>: Now tracking: <FBScene: 0x28286d800; sceneID:dev.selfhost.firstActivationProbe-default>
Aug 28 14:01:52.173980 runningboardd(RunningBoard)[33] <Debug>: Updating events for assertion: 33-33-7788 (target:[application<dev.selfhost.firstActivationProbe>:57802])
Aug 28 14:01:52.174102 SpringBoard(UIKitCore)[47602] <Notice>: [sceneID:dev.selfhost.firstActivationProbe-default] Setting deactivation reasons to: 'systemAnimation' for reason: scene settings update - settings are eligible for deactivation reasons.
Aug 28 14:01:52.174156 SpringBoard(FrontBoard)[47602] <Debug>: START SCENE MUTATION ------- sceneID:dev.selfhost.firstActivationProbe-default
Aug 28 14:01:52.174209 SpringBoard(FrontBoard)[47602] <Debug>: [FBSceneManager] PENDING:   <BSEventQueueEvent: 0x281c05080; sceneDidActivate-sceneID:dev.selfhost.firstActivationProbe-default(1)> @ back
Aug 28 14:01:52.174261 SpringBoard(FrontBoard)[47602] <Debug>: [FBSceneManager] PENDING:   <BSEventQueueEvent: 0x281c05040; sceneUpdatePrepared-sceneID:dev.selfhost.firstActivationProbe-default(1)> @ back
Aug 28 14:01:52.174313 SpringBoard(FrontBoard)[47602] <Debug>: [FBSceneManager] PENDING:   <BSEventQueueEvent: 0x281c05b00; applySettings-sceneID:dev.selfhost.firstActivationProbe-default(1)> @ back
Aug 28 14:01:52.174365 SpringBoard(FrontBoard)[47602] <Debug>: Flushing all events for sceneID:dev.selfhost.firstActivationProbe-default
Aug 28 14:01:52.174433 SpringBoard(FrontBoard)[47602] <Debug>: [FBSceneManager] EXECUTING: <BSEventQueueEvent: 0x281c05080; sceneDidActivate-sceneID:dev.selfhost.firstActivationProbe-default(1)>
Aug 28 14:01:52.174490 SpringBoard(FrontBoard)[47602] <Debug>: [FBSceneManager] PENDING:   <BSEventQueueEvent: 0x281c06f40; sceneDidActivate-sceneID:dev.selfhost.firstActivationProbe-default(1)> @ front
Aug 28 14:01:52.174550 SpringBoard(FrontBoard)[47602] <Debug>: [FBSceneManager] EXECUTING: <BSEventQueueEvent: 0x281c06f40; sceneDidActivate-sceneID:dev.selfhost.firstActivationProbe-default(1)>
Aug 28 14:01:52.175499 runningboardd(RunningBoard)[33] <Notice>: Acquiring assertion targeting [application<dev.selfhost.firstActivationProbe>:57802] from originator [daemon<com.apple.SpringBoard>:47602] with description <RBSAssertionDescriptor| "com.apple.frontboard.after-life.interrupted" ID:33-47602-7789 target:57802 attributes:[
Aug 28 14:01:52.175585 runningboardd(RunningBoard)[33] <Notice>: Assertion 33-47602-7789 (target:[application<dev.selfhost.firstActivationProbe>:57802]) will be created as inactive as originator process has not exited
Aug 28 14:01:52.177702 SpringBoard[47602] <Notice>: didAddExternalForegroundApplicationSceneHandle pid:57802 scene:com.apple.frontboard.systemappservices::sceneID%3Adev.selfhost.firstActivationProbe-default now:<recentPIDs: [57802]; recentSceneIdentityTokensByPID: {57802: [com.apple.frontboard.systemappservices::sceneID%3Adev.selfhost.firstActivationProbe-default]}>
Aug 28 14:01:52.177769 SpringBoard[47602] <Notice>: policy: MRU target:<pid=57802 token=com.apple.frontboard.systemappservices::sceneID%3Adev.selfhost.firstActivationProbe-default>
Aug 28 14:01:52.188067 SpringBoard[47602] <Notice>: policy: now generation: 381; keyboardFocusTarget: <token: com.apple.frontboard.systemappservices::sceneID%3Adev.selfhost.firstActivationProbe-default; pid: 57802>; recentlyUsedScenes: <recentPIDs: [57802]; recentSceneIdentityTokensByPID: {57802: [com.apple.frontboard.systemappservices::sceneID%3Adev.selfhost.firstActivationProbe-default]}>; selectionPolicy: KeyboardArbiter; shouldSuppressRemoteDeferring: 0
Aug 28 14:01:52.188924 runningboardd(RunningBoard)[33] <Debug>: Adding assertion 33-47602-7789 (target:[application<dev.selfhost.firstActivationProbe>:57802])
Aug 28 14:01:52.189026 runningboardd(RunningBoard)[33] <Info>: application<dev.selfhost.firstActivationProbe> is now targeted by 3 assertions
Aug 28 14:01:52.189427 SpringBoard(FrontBoard)[47602] <Debug>: [FBSceneManager] EXECUTING: <BSEventQueueEvent: 0x281c05040; sceneUpdatePrepared-sceneID:dev.selfhost.firstActivationProbe-default(1)>
Aug 28 14:01:52.189477 SpringBoard(FrontBoard)[47602] <Debug>: [FBSceneManager] PENDING:   <BSEventQueueEvent: 0x281c026c0; sceneUpdatePrepared-sceneID:dev.selfhost.firstActivationProbe-default(1)> @ front
Aug 28 14:01:52.189528 SpringBoard(FrontBoard)[47602] <Debug>: [FBSceneManager] EXECUTING: <BSEventQueueEvent: 0x281c026c0; sceneUpdatePrepared-sceneID:dev.selfhost.firstActivationProbe-default(1)>
Aug 28 14:01:52.189657 SpringBoard(FrontBoard)[47602] <Debug>: [FBSceneManager] EXECUTING: <BSEventQueueEvent: 0x281c05b00; applySettings-sceneID:dev.selfhost.firstActivationProbe-default(1)>
Aug 28 14:01:52.189699 SpringBoard(FrontBoard)[47602] <Notice>: [sceneID:dev.selfhost.firstActivationProbe-default] scene content state changed: preparing
Aug 28 14:01:52.189746 SpringBoard(FrontBoard)[47602] <Debug>: [FBSceneManager] PENDING:   <BSEventQueueEvent: 0x281c1cd80; contentStateDidChange-sceneID:dev.selfhost.firstActivationProbe-default(1)> @ back
Aug 28 14:01:52.189821 SpringBoard(FrontBoard)[47602] <Debug>: [FBSceneManager] PENDING:   <BSEventQueueEvent: 0x281c1cd20; sceneUpdateApplied-sceneID:dev.selfhost.firstActivationProbe-default(1)> @ back
Aug 28 14:01:52.189896 SpringBoard(FrontBoard)[47602] <Debug>: [FBSceneManager] PENDING:   <BSEventQueueEvent: 0x281c1e300; sceneMutationCompletion-sceneID:dev.selfhost.firstActivationProbe-default(1)> @ back
Aug 28 14:01:52.189951 SpringBoard(FrontBoard)[47602] <Debug>: [FBSceneManager] EXECUTING: <BSEventQueueEvent: 0x281c1cd80; contentStateDidChange-sceneID:dev.selfhost.firstActivationProbe-default(1)>
Aug 28 14:01:52.190005 SpringBoard(FrontBoard)[47602] <Notice>: [sceneID:dev.selfhost.firstActivationProbe-default] Scene lifecycle state did change: Foreground
Aug 28 14:01:52.190034 SpringBoard(FrontBoard)[47602] <Notice>: [sceneID:dev.selfhost.firstActivationProbe-default] Scene assertion state did change: ForegroundFocal.
Aug 28 14:01:52.190105 SpringBoard(FrontBoard)[47602] <Debug>: [FBSceneManager] PENDING:   <BSEventQueueEvent: 0x281c1df60; contentStateDidChange-sceneID:dev.selfhost.firstActivationProbe-default(1)> @ front
Aug 28 14:01:52.190159 SpringBoard(FrontBoard)[47602] <Notice>: [application<dev.selfhost.firstActivationProbe>:57802] Launch assertion supersedes update of workspace assertion to ForegroundFocal.
Aug 28 14:01:52.190228 SpringBoard(FrontBoard)[47602] <Debug>: [FBSceneManager] EXECUTING: <BSEventQueueEvent: 0x281c1df60; contentStateDidChange-sceneID:dev.selfhost.firstActivationProbe-default(1)>
Aug 28 14:01:52.190362 SpringBoard(FrontBoard)[47602] <Notice>: [application<dev.selfhost.firstActivationProbe>:57802] Workspace assertion state did change: ForegroundFocal (acquireAssertion = NO).
Aug 28 14:01:52.190491 SpringBoard(FrontBoard)[47602] <Notice>: [sceneID:dev.selfhost.firstActivationProbe-default] Sending scene action [Logical Activate][0x19a3] to process 0x10a184770 (watchdog: 20.00s)
Aug 28 14:01:52.190586 SpringBoard(FrontBoard)[47602] <Debug>: [FBSceneManager] EXECUTING: <BSEventQueueEvent: 0x281c1cd20; sceneUpdateApplied-sceneID:dev.selfhost.firstActivationProbe-default(1)>
Aug 28 14:01:52.190645 SpringBoard(FrontBoard)[47602] <Debug>: [FBSceneManager] PENDING:   <BSEventQueueEvent: 0x281c1df60; sceneUpdateApplied-sceneID:dev.selfhost.firstActivationProbe-default(1)> @ front
Aug 28 14:01:52.190689 SpringBoard(FrontBoard)[47602] <Debug>: [FBSceneManager] EXECUTING: <BSEventQueueEvent: 0x281c1df60; sceneUpdateApplied-sceneID:dev.selfhost.firstActivationProbe-default(1)>
Aug 28 14:01:52.190871 SpringBoard(FrontBoard)[47602] <Debug>: [FBSceneManager] EXECUTING: <BSEventQueueEvent: 0x281c1e300; sceneMutationCompletion-sceneID:dev.selfhost.firstActivationProbe-default(1)>
Aug 28 14:01:52.190920 SpringBoard(FrontBoard)[47602] <Debug>: ---------- END SCENE MUTATION: sceneID:dev.selfhost.firstActivationProbe-default
Aug 28 14:01:52.191150 SpringBoard(FrontBoardServices)[47602] <Info>: [application<dev.selfhost.firstActivationProbe>:57802] [realTime] Now monitoring resource allowance of 20.00s (at refreshInterval -1.00s)
Aug 28 14:01:52.201828 runningboardd(RunningBoard)[33] <Notice>: [application<dev.selfhost.firstActivationProbe>:57802] Set darwin role to: UserInteractiveFocal
Aug 28 14:01:52.254666 Runner(UIKitCore)[57802] <Notice>: Deactivation reason removed: 10; deactivation reasons: 3072 -> 2048; animating application lifecycle event: 0
Aug 28 14:01:52.254780 Runner(FrontBoardServices)[57802] <Info>: [FBSScene] [sceneID:dev.selfhost.firstActivationProbe-default] Created client agent: <UIApplicationSceneClientAgent: 0x28147c7f0>
Aug 28 14:01:52.254841 Runner(CoreFoundation)[57802] <Debug>: Resource lookup at <private>
	Result        : file:///private/var/containers/Bundle/Application/1EC21BA9-82AA-4B85-B2FC-10B206BC5C35/Runner.app/Base.lproj/Main.storyboardc/
Aug 28 14:01:52.254930 Runner(CoreFoundation)[57802] <Debug>: Resource lookup at <private>
	Result        : file:///private/var/containers/Bundle/Application/1EC21BA9-82AA-4B85-B2FC-10B206BC5C35/Runner.app/Base.lproj/Main.storyboardc/
Aug 28 14:01:52.255023 Runner(CoreFoundation)[57802] <Debug>: Resource lookup at <private>
	Result        : file:///private/var/containers/Bundle/Application/1EC21BA9-82AA-4B85-B2FC-10B206BC5C35/Runner.app/Base.lproj/Main.storyboardc/
Aug 28 14:01:52.255383 Runner(CoreFoundation)[57802] <Debug>: Resource lookup at <private>
	Result        : file:///private/var/containers/Bundle/Application/1EC21BA9-82AA-4B85-B2FC-10B206BC5C35/Runner.app/Base.lproj/Main.storyboardc/
Aug 28 14:01:52.255475 Runner(CoreFoundation)[57802] <Debug>: Resource lookup at <private>
	Result        : file:///private/var/containers/Bundle/Application/1EC21BA9-82AA-4B85-B2FC-10B206BC5C35/Runner.app/Base.lproj/Main.storyboardc/
Aug 28 14:01:52.255535 Runner(CoreFoundation)[57802] <Debug>: Resource lookup at <private>
	Result        : file:///private/var/containers/Bundle/Application/1EC21BA9-82AA-4B85-B2FC-10B206BC5C35/Runner.app/Base.lproj/Main.storyboardc/
Aug 28 14:01:52.255622 Runner(CoreFoundation)[57802] <Debug>: Resource lookup at <private>
	Result        : file:///private/var/containers/Bundle/Application/1EC21BA9-82AA-4B85-B2FC-10B206BC5C35/Runner.app/Base.lproj/Main.storyboardc/
Aug 28 14:01:52.255677 Runner(CoreFoundation)[57802] <Debug>: found no value for key _UICanvasShouldDeliverCanvasActionsToCanvasDelegateOnlyKey in CFPrefsSearchListSource<0x283871400> (Domain: dev.selfhost.firstActivationProbe, Container: (null))
Aug 28 14:01:52.255726 Runner(CoreFoundation)[57802] <Debug>: found no value for key LogBackgroundTask in CFPrefsSearchListSource<0x283870d80> (Domain: com.apple.UIKit, Container: (null))
Aug 28 14:01:52.255774 Runner(UIKitCore)[57802] <Notice>: <private>: Will add backgroundTask with taskName: <private>, expirationHandler: <__NSGlobalBlock__: 0x1ec737410>
Aug 28 14:01:52.255824 runningboardd(RunningBoard)[33] <Info>: [application<dev.selfhost.firstActivationProbe>:57802] Disabled CPU monitoring
Aug 28 14:01:52.255954 runningboardd(RunningBoard)[33] <Debug>: Removing events for context: 33-33-7788 (target:[application<dev.selfhost.firstActivationProbe>:57802])
Aug 28 14:01:52.256015 runningboardd(RunningBoard)[33] <Debug>: Enqueueing events for assertion: 33-33-7788 (target:[application<dev.selfhost.firstActivationProbe>:57802])
Aug 28 14:01:52.256056 runningboardd(RunningBoard)[33] <Debug>: Updating events for assertion: 33-47602-7789 (target:[application<dev.selfhost.firstActivationProbe>:57802])
Aug 28 14:01:52.256124 runningboardd(RunningBoard)[33] <Info>: Received message from [application<dev.selfhost.firstActivationProbe>:57802] (euid 501, auid 501): acquireAssertionWithDescriptor:error:
Aug 28 14:01:52.256215 runningboardd(RunningBoard)[33] <Notice>: Acquiring assertion targeting [application<dev.selfhost.firstActivationProbe>:57802] from originator [application<dev.selfhost.firstActivationProbe>:57802] with description <RBSAssertionDescriptor| "Shared Background Assertion 0 for dev.selfhost.firstActivationProbe" ID:33-57802-7790 target:57802 attributes:[
Aug 28 14:01:52.256287 Runner(UIKitCore)[57802] <Notice>: <private>: Created background task <private>. Assertion will be assigned soon
Aug 28 14:01:52.256342 Runner(UIKitCore)[57802] <Notice>: <private>: Creating new assertion since assertion is nil
Aug 28 14:01:52.256393 Runner(RunningBoardServices)[57802] <Info>: Acquiring assertion: <RBSAssertionDescriptor| "Shared Background Assertion 0 for dev.selfhost.firstActivationProbe" ID:(null) target:57802>
Aug 28 14:01:52.256434 Runner(RunningBoardServices)[57802] <Debug>: Adding assertion 33-57802-7790 to dictionary
Aug 28 14:01:52.256490 Runner(UIKitCore)[57802] <Notice>: <private>: Created new assertion <BKSProcessAssertion: 0x283570eb0>
Aug 28 14:01:52.256531 Runner(UIKitCore)[57802] <Notice>: Deactivation reason added: 5; deactivation reasons: 2048 -> 2080; animating application lifecycle event: 1
Aug 28 14:01:52.256632 Runner(CoreFoundation)[57802] <Debug>: found no value for key LogEventDeferring in CFPrefsSearchListSource<0x283870d80> (Domain: com.apple.UIKit, Container: (null))
Aug 28 14:01:52.256678 Runner(UIKitCore)[57802] <Notice>: [0x283d72220] Initialized with scene: <UIWindowScene: 0x105b0bff0>; behavior: <_UIEventDeferringBehavior_Default: 0x2816799e0>
Aug 28 14:01:52.256718 Runner(CoreFoundation)[57802] <Debug>: found no value for key LogKeyWindow in CFPrefsSearchListSource<0x283870d80> (Domain: com.apple.UIKit, Container: (null))
Aug 28 14:01:52.256770 Runner(CoreFoundation)[57802] <Debug>: found no value for key FullKeyboardAccessEnabled in CFPrefsSearchListSource<0x283873600> (Domain: com.apple.Accessibility, Container: (null))
Aug 28 14:01:52.256797 Runner(libAccessibility.dylib)[57802] <Debug>: CF Read: domain = com.apple.Accessibility, preference = FullKeyboardAccessEnabled, appID = (null) result = (null) (-1 - empty, 0 - false, 1 - true)
Aug 28 14:01:52.256816 Runner(CoreFoundation)[57802] <Debug>: found no value for key FullKeyboardAccessEnabled in CFPrefsPlistSource<0x283873680> (Domain: com.apple.Accessibility, User: kCFPreferencesCurrentUser, ByHost: No, Container: (null), Contents Need Refresh: No)
Aug 28 14:01:52.256883 runningboardd(RunningBoard)[33] <Notice>: Assertion 33-57802-7790 (target:[application<dev.selfhost.firstActivationProbe>:57802]) will be created as inactive as start-time-defining assertions exist
Aug 28 14:01:52.256914 runningboardd(RunningBoard)[33] <Info>: Finished acquiring assertion 33-47602-7789 (target:[application<dev.selfhost.firstActivationProbe>:57802])
Aug 28 14:01:52.256969 runningboardd(RunningBoard)[33] <Debug>: Adding assertion 33-57802-7790 (target:[application<dev.selfhost.firstActivationProbe>:57802])
Aug 28 14:01:52.256988 runningboardd(RunningBoard)[33] <Info>: [application<dev.selfhost.firstActivationProbe>:57802] Reset CPU monitoring limits to defaults
Aug 28 14:01:52.257006 runningboardd(RunningBoard)[33] <Info>: [application<dev.selfhost.firstActivationProbe>:57802] Resumed CPU monitoring
Aug 28 14:01:52.257023 runningboardd(RunningBoard)[33] <Info>: [application<dev.selfhost.firstActivationProbe>:57802] Applying updated state
Aug 28 14:01:52.257063 Runner(CoreFoundation)[57802] <Debug>: Resource lookup at <private>
Aug 28 14:01:52.257081 Runner(CoreFoundation)[57802] <Debug>: Resource lookup at <private>
	Result        : file:///private/var/containers/Bundle/Application/1EC21BA9-82AA-4B85-B2FC-10B206BC5C35/Runner.app/Base.lproj/Main.storyboardc/
Aug 28 14:01:52.257168 Runner(CoreFoundation)[57802] <Debug>: Resource lookup at <private>
	Result        : file:///private/var/containers/Bundle/Application/1EC21BA9-82AA-4B85-B2FC-10B206BC5C35/Runner.app/Base.lproj/Main.storyboardc/UIViewController-BYZ-38-t0r.nib
Aug 28 14:01:52.257192 Runner(CoreFoundation)[57802] <Debug>: found no value for key UITraitCollectionInvalidationDebuggingModeEnabled in CFPrefsSearchListSource<0x283871400> (Domain: dev.selfhost.firstActivationProbe, Container: (null))
Aug 28 14:01:52.257241 Runner(CoreFoundation)[57802] <Debug>: Resource lookup at <private>
Aug 28 14:01:52.257269 Runner(CoreFoundation)[57802] <Debug>: Language lookup at <private>
Aug 28 14:01:52.257326 Runner(CoreFoundation)[57802] <Debug>: Resource lookup at <private>
	Result        : file:///var/containers/Bundle/Application/1EC21BA9-82AA-4B85-B2FC-10B206BC5C35/Runner.app/Frameworks/Flutter.framework/icudtl.dat
Aug 28 14:01:52.257346 Runner(Flutter)[57802] <Notice>: SANITY CHECK: Running precompiled code.
Aug 28 14:01:52.257367 Runner(CoreFoundation)[57802] <Debug>: Resource lookup at <private>
Aug 28 14:01:52.257387 Runner(CoreFoundation)[57802] <Debug>: Resource lookup at <private>
	Result        : file:///private/var/containers/Bundle/Application/1EC21BA9-82AA-4B85-B2FC-10B206BC5C35/Runner.app/Frameworks/App.framework/
Aug 28 14:01:52.257405 Runner(Flutter)[57802] <Notice>: Using App.framework from /private/var/containers/Bundle/Application/1EC21BA9-82AA-4B85-B2FC-10B206BC5C35/Runner.app/Frameworks/App.framework
Aug 28 14:01:52.257446 Runner(CoreFoundation)[57802] <Debug>: Language lookup at <private>
Aug 28 14:01:52.257466 runningboardd(RunningBoard)[33] <Debug>: Removing events for context: 33-47602-7789 (target:[application<dev.selfhost.firstActivationProbe>:57802])
Aug 28 14:01:52.257510 runningboardd(RunningBoard)[33] <Info>: application<dev.selfhost.firstActivationProbe> is now targeted by 4 assertions
Aug 28 14:01:52.257542 runningboardd(RunningBoard)[33] <Debug>: Updating events for assertion: 33-57802-7790 (target:[application<dev.selfhost.firstActivationProbe>:57802])
        <SBDeviceApplicationSceneEntity: 0x283e9e940; ID: sceneID:dev.selfhost.firstActivationProbe-default; layoutRole: primary>
Aug 28 14:01:52.257602 SpringBoard(FrontBoard)[47602] <Info>: [sceneID:dev.selfhost.firstActivationProbe-default] Client settings updated with diff: <private>
Aug 28 14:01:52.257703 SpringBoard(FrontBoard)[47602] <Info>: [sceneID:dev.selfhost.firstActivationProbe-default] Client settings updated with diff: <private>
        <SBDeviceApplicationSceneEntity: 0x283e9e940; ID: sceneID:dev.selfhost.firstActivationProbe-default; layoutRole: primary>
Aug 28 14:01:52.257896 SpringBoard(SplashBoard)[47602] <Info>: <XBApplicationSnapshot: 0x109ddf7d0; …2F3B89D0D3F1> [dev.selfhost.firstActivationProbe] not purging the cached image; force: 0; _imageAccessCount: 1; _keepImageAccessUntilExpiration: 0; _hasProtectedContent: 0; _keepImageAccessForPreheat: 0
Aug 28 14:01:52.257930 SpringBoard[47602] <Notice>: Application process state changed for dev.selfhost.firstActivationProbe: <SBApplicationProcessState: 0x281c24de0; pid: 57802; taskState: Running; visibility: Foreground>
Aug 28 14:01:52.258066 Runner(CoreFoundation)[57802] <Debug>: Resource lookup at <private>
Aug 28 14:01:52.258103 Runner(CoreFoundation)[57802] <Debug>: Resource lookup at <private>
Aug 28 14:01:52.258140 Runner(CoreFoundation)[57802] <Debug>: Resource lookup at <private>
	Result        : file:///var/containers/Bundle/Application/1EC21BA9-82AA-4B85-B2FC-10B206BC5C35/Runner.app/Frameworks/App.framework/flutter_assets/
Aug 28 14:01:52.258184 Runner(Flutter)[57802] <Notice>: ASSET PATH /var/containers/Bundle/Application/1EC21BA9-82AA-4B85-B2FC-10B206BC5C35/Runner.app/Frameworks/App.framework/flutter_assets
Aug 28 14:01:52.258222 SpringBoard[47602] <Info>: -[SBApplication _processWillLaunch:] dev.selfhost.firstActivationProbe
Aug 28 14:01:52.258301 SpringBoard[47602] <Notice>: Application process state changed for dev.selfhost.firstActivationProbe: <SBApplicationProcessState: 0x281dab4a0; pid: 57802; taskState: Running; visibility: Foreground>
Aug 28 14:01:52.258346 SpringBoard[47602] <Info>: -[SBApplication _processDidLaunch:] dev.selfhost.firstActivationProbe
Aug 28 14:01:52.258376 SpringBoard[47602] <Notice>: Application process state changed for dev.selfhost.firstActivationProbe: <SBApplicationProcessState: 0x281c24bc0; pid: 57802; taskState: Running; visibility: Foreground>
Aug 28 14:01:52.258651 runningboardd(RunningBoard)[33] <Info>: Finished acquiring assertion 33-57802-7790 (target:[application<dev.selfhost.firstActivationProbe>:57802])
Aug 28 14:01:52.258705 runningboardd(RunningBoard)[33] <Debug>: Incrementing suppression state to 2 for application<dev.selfhost.firstActivationProbe>
Aug 28 14:01:52.258825 runningboardd(RunningBoard)[33] <Debug>: Decrementing suppression state to 1 for application<dev.selfhost.firstActivationProbe>
Aug 28 14:01:52.258989 SpringBoard(FrontBoard)[47602] <Info>: Client intercepting scene update for scene: sceneID:dev.selfhost.firstActivationProbe-default
Aug 28 14:01:52.259007 SpringBoard(FrontBoard)[47602] <Debug>: START SCENE MUTATION ------- sceneID:dev.selfhost.firstActivationProbe-default
Aug 28 14:01:52.259025 SpringBoard(FrontBoard)[47602] <Debug>: [FBSceneManager] PENDING:   <BSEventQueueEvent: 0x281c51e80; sceneUpdatePrepared-sceneID:dev.selfhost.firstActivationProbe-default(2)> @ back
Aug 28 14:01:52.259044 SpringBoard(FrontBoard)[47602] <Debug>: [FBSceneManager] PENDING:   <BSEventQueueEvent: 0x281c48e80; applySettings-sceneID:dev.selfhost.firstActivationProbe-default(2)> @ back
Aug 28 14:01:52.259062 SpringBoard(FrontBoard)[47602] <Debug>: Flushing all events for sceneID:dev.selfhost.firstActivationProbe-default
Aug 28 14:01:52.259080 SpringBoard(FrontBoard)[47602] <Debug>: [FBSceneManager] EXECUTING: <BSEventQueueEvent: 0x281c51e80; sceneUpdatePrepared-sceneID:dev.selfhost.firstActivationProbe-default(2)>
Aug 28 14:01:52.259122 SpringBoard(FrontBoard)[47602] <Debug>: [FBSceneManager] PENDING:   <BSEventQueueEvent: 0x281c45560; sceneUpdatePrepared-sceneID:dev.selfhost.firstActivationProbe-default(2)> @ front
Aug 28 14:01:52.259140 SpringBoard(FrontBoard)[47602] <Debug>: [FBSceneManager] EXECUTING: <BSEventQueueEvent: 0x281c45560; sceneUpdatePrepared-sceneID:dev.selfhost.firstActivationProbe-default(2)>
Aug 28 14:01:52.259176 SpringBoard(FrontBoard)[47602] <Debug>: [FBSceneManager] EXECUTING: <BSEventQueueEvent: 0x281c48e80; applySettings-sceneID:dev.selfhost.firstActivationProbe-default(2)>
Aug 28 14:01:52.259194 SpringBoard(FrontBoard)[47602] <Debug>: [FBSceneManager] PENDING:   <BSEventQueueEvent: 0x281c25540; sceneUpdateApplied-sceneID:dev.selfhost.firstActivationProbe-default(2)> @ back
Aug 28 14:01:52.259700 SpringBoard(FrontBoard)[47602] <Debug>: [FBSceneManager] PENDING:   <BSEventQueueEvent: 0x281c253c0; sceneMutationCompletion-sceneID:dev.selfhost.firstActivationProbe-default(2)> @ back
Aug 28 14:01:52.259736 SpringBoard(FrontBoard)[47602] <Debug>: [FBSceneManager] EXECUTING: <BSEventQueueEvent: 0x281c25540; sceneUpdateApplied-sceneID:dev.selfhost.firstActivationProbe-default(2)>
Aug 28 14:01:52.259755 SpringBoard(FrontBoard)[47602] <Debug>: [FBSceneManager] PENDING:   <BSEventQueueEvent: 0x281c27480; sceneUpdateApplied-sceneID:dev.selfhost.firstActivationProbe-default(2)> @ front
Aug 28 14:01:52.259776 SpringBoard(FrontBoard)[47602] <Info>: [sceneID:dev.selfhost.firstActivationProbe-default] Sending scene action [Forward Event][0xad7f] to process 0x10a184770 (watchdog: none)
Aug 28 14:01:52.259832 Runner(CoreFoundation)[57802] <Debug>: Resource lookup at <private>
Aug 28 14:01:52.259853 Runner(CoreFoundation)[57802] <Debug>: Resource lookup at <private>
Aug 28 14:01:52.259872 Runner(Flutter)[57802] <Notice>: [INFO:flutter/shell/common/shorebird/shorebird.cc(112)] [shorebird] SetBaseSnapshot mappings: vm_data_size=5178 iso_data_size=556021 vm_insns_size=43584 iso_insns_size=1818768 total=2423551
Aug 28 14:01:52.259890 Runner(Flutter)[57802] <Notice>: [shorebird] Preparing next boot.
Aug 28 14:01:52.259909 Runner(Flutter)[57802] <Notice>: [shorebird] No public key configured; skipping signature verification
Aug 28 14:01:52.259927 Runner(Flutter)[57802] <Notice>: [shorebird] Prepared boot of patch 6.
Aug 28 14:01:52.259945 SpringBoard(FrontBoard)[47602] <Debug>: [FBSceneManager] EXECUTING: <BSEventQueueEvent: 0x281c27480; sceneUpdateApplied-sceneID:dev.selfhost.firstActivationProbe-default(2)>
Aug 28 14:01:52.260074 SpringBoard(FrontBoard)[47602] <Debug>: [FBSceneManager] EXECUTING: <BSEventQueueEvent: 0x281c253c0; sceneMutationCompletion-sceneID:dev.selfhost.firstActivationProbe-default(2)>
Aug 28 14:01:52.260093 SpringBoard(FrontBoard)[47602] <Debug>: ---------- END SCENE MUTATION: sceneID:dev.selfhost.firstActivationProbe-default
            SceneID: sceneID:dev.selfhost.firstActivationProbe-default
Aug 28 14:01:52.260566 cfprefsd(CoreFoundation)[91] <Debug>: Process 57802 (Runner) sent a request related to { com.apple.Metal, user: mobile, kCFPreferencesCurrentHost, /Library/Managed Preferences/mobile/com.apple.Metal.plist, managed: 1 } (0x10034f970)
Aug 28 14:01:52.260605 cfprefsd(CoreFoundation)[91] <Debug>: Process 57802 (Runner) sent a request related to { com.apple.Metal, user: kCFPreferencesAnyUser, kCFPreferencesCurrentHost, /Library/Managed Preferences/com.apple.Metal.plist, managed: 1 } (0x10034f970)
Aug 28 14:01:52.261184 cfprefsd(CoreFoundation)[91] <Debug>: Process 57802 (Runner) sent a request related to { com.apple.Metal, user: mobile, kCFPreferencesAnyHost, /var/mobile/Library/Preferences/com.apple.Metal.plist, managed: 0 } (0x10034f970)
Aug 28 14:01:52.262643 Runner(Flutter)[57802] <Notice>: [INFO:flutter/shell/common/shorebird/shorebird.cc(663)] Shorebird updater: active path: /private/var/mobile/Containers/Data/Application/18E6667F-E66B-4E74-92D9-B14869861554/Library/Application Support/shorebird/shorebird_updater/patches/6/dlc.vmcode
Aug 28 14:01:52.262682 Runner(Flutter)[57802] <Notice>: [INFO:flutter/shell/common/shorebird/shorebird.cc(686)] Shorebird updater: active patch is a Route B container
Aug 28 14:01:52.262730 Runner(Flutter)[57802] <Notice>: [INFO:flutter/shell/common/shorebird/shorebird.cc(762)] Starting Shorebird update
Aug 28 14:01:52.262771 Runner(CoreFoundation)[57802] <Debug>: Resource lookup at <private>
Aug 28 14:01:52.262811 Runner(CoreFoundation)[57802] <Debug>: setting new value <private> for key <private> in CFPrefsSource<0x280370280> (Domain: Volatile, User: , ByHost: No, Container: , Contents Need Refresh: No)
Aug 28 14:01:52.262844 Runner(CoreFoundation)[57802] <Debug>: looked up value <private> for key METAL_DEVICE_WRAPPER_TYPE in CFPrefsSource<0x280370280> (Domain: Volatile, User: , ByHost: No, Container: , Contents Need Refresh: No) via CFPrefsSearchListSource<0x283871400> (Domain: dev.selfhost.firstActivationProbe, Container: (null))
Aug 28 14:01:52.262891 Runner(CoreFoundation)[57802] <Debug>: CFPrefsManagedSource<0x283878100> (Domain: com.apple.Metal, User: kCFPreferencesCurrentUser, ByHost: Yes, Container: (null), Contents Need Refresh: No) loaded: an empty base plist and no additional changes from the base plist
Aug 28 14:01:52.262937 Runner(CoreFoundation)[57802] <Debug>: CFPrefsManagedSource<0x283878200> (Domain: com.apple.Metal, User: kCFPreferencesAnyUser, ByHost: Yes, Container: (null), Contents Need Refresh: No) loaded: an empty base plist and no additional changes from the base plist
Aug 28 14:01:52.263181 SpringBoard(FrontBoard)[47602] <Info>: [sceneID:dev.selfhost.firstActivationProbe-default] didUpdateClientSettingsWithDiff: <private>
Aug 28 14:01:52.263201 SpringBoard(FrontBoard)[47602] <Debug>: [FBSceneManager] PENDING:   <BSEventQueueEvent: 0x281c265a0; handleDidUpdateClientSettings-sceneID:dev.selfhost.firstActivationProbe-default(2)> @ back
Aug 28 14:01:52.263221 SpringBoard(FrontBoard)[47602] <Debug>: [FBSceneManager] EXECUTING: <BSEventQueueEvent: 0x281c265a0; handleDidUpdateClientSettings-sceneID:dev.selfhost.firstActivationProbe-default(2)>
Aug 28 14:01:52.263323 SpringBoard(FrontBoard)[47602] <Debug>: [FBSceneManager] PENDING:   <BSEventQueueEvent: 0x281c258a0; didUpdateClientSettings-sceneID:dev.selfhost.firstActivationProbe-default(2)> @ back
Aug 28 14:01:52.263342 SpringBoard(FrontBoard)[47602] <Debug>: [FBSceneManager] PENDING:   <BSEventQueueEvent: 0x281c27b60; didUpdateClientSettingsCompletion-sceneID:dev.selfhost.firstActivationProbe-default(2)> @ back
Aug 28 14:01:52.263516 SpringBoard(FrontBoard)[47602] <Debug>: [FBSceneManager] EXECUTING: <BSEventQueueEvent: 0x281c258a0; didUpdateClientSettings-sceneID:dev.selfhost.firstActivationProbe-default(2)>
Aug 28 14:01:52.263534 SpringBoard(FrontBoard)[47602] <Debug>: [FBSceneManager] PENDING:   <BSEventQueueEvent: 0x281c24a00; didUpdateClientSettings-sceneID:dev.selfhost.firstActivationProbe-default(2)> @ front
Aug 28 14:01:52.263552 SpringBoard(FrontBoard)[47602] <Debug>: [FBSceneManager] EXECUTING: <BSEventQueueEvent: 0x281c24a00; didUpdateClientSettings-sceneID:dev.selfhost.firstActivationProbe-default(2)>
Aug 28 14:01:52.263732 runningboardd(RunningBoard)[33] <Debug>: Incrementing suppression state to 2 for application<dev.selfhost.firstActivationProbe>
Aug 28 14:01:52.263841 SpringBoard(FrontBoard)[47602] <Debug>: [FBSceneManager] EXECUTING: <BSEventQueueEvent: 0x281c27b60; didUpdateClientSettingsCompletion-sceneID:dev.selfhost.firstActivationProbe-default(2)>
Aug 28 14:01:52.264018 SpringBoard(FrontBoard)[47602] <Info>: [sceneID:dev.selfhost.firstActivationProbe-default] didUpdateClientSettingsWithDiff: <private>
Aug 28 14:01:52.264036 SpringBoard(FrontBoard)[47602] <Debug>: [FBSceneManager] PENDING:   <BSEventQueueEvent: 0x281d48980; handleDidUpdateClientSettings-sceneID:dev.selfhost.firstActivationProbe-default(2)> @ back
Aug 28 14:01:52.264056 SpringBoard(FrontBoard)[47602] <Debug>: [FBSceneManager] EXECUTING: <BSEventQueueEvent: 0x281d48980; handleDidUpdateClientSettings-sceneID:dev.selfhost.firstActivationProbe-default(2)>
Aug 28 14:01:52.264127 SpringBoard(FrontBoard)[47602] <Debug>: [FBSceneManager] PENDING:   <BSEventQueueEvent: 0x281d453e0; didUpdateClientSettings-sceneID:dev.selfhost.firstActivationProbe-default(2)> @ back
Aug 28 14:01:52.264145 SpringBoard(FrontBoard)[47602] <Debug>: [FBSceneManager] PENDING:   <BSEventQueueEvent: 0x281c265a0; didUpdateClientSettingsCompletion-sceneID:dev.selfhost.firstActivationProbe-default(2)> @ back
Aug 28 14:01:52.264271 SpringBoard(FrontBoard)[47602] <Debug>: [FBSceneManager] EXECUTING: <BSEventQueueEvent: 0x281d453e0; didUpdateClientSettings-sceneID:dev.selfhost.firstActivationProbe-default(2)>
Aug 28 14:01:52.264290 SpringBoard(FrontBoard)[47602] <Debug>: [FBSceneManager] PENDING:   <BSEventQueueEvent: 0x281d43b00; didUpdateClientSettings-sceneID:dev.selfhost.firstActivationProbe-default(2)> @ front
Aug 28 14:01:52.264309 SpringBoard(FrontBoard)[47602] <Debug>: [FBSceneManager] EXECUTING: <BSEventQueueEvent: 0x281d43b00; didUpdateClientSettings-sceneID:dev.selfhost.firstActivationProbe-default(2)>
Aug 28 14:01:52.264442 SpringBoard(FrontBoard)[47602] <Debug>: [FBSceneManager] EXECUTING: <BSEventQueueEvent: 0x281c265a0; didUpdateClientSettingsCompletion-sceneID:dev.selfhost.firstActivationProbe-default(2)>
Aug 28 14:01:52.264766 useractivityd[184] <Debug>: userInactivePowerAssertion, setting to NO, so removing power assertion & triggering idle determination.
Aug 28 14:01:52.264787 useractivityd[184] <Debug>: SCHEDULE:idleDetermination scheduleNext, interval=0
Aug 28 14:01:52.264920 useractivityd[184] <Debug>: SCHEDULE:idleDetermination, next=NOW ( was forever ) freq=0
Aug 28 14:01:52.264991 Runner(CoreFoundation)[57802] <Debug>: CFPrefsPlistSource<0x283878080> (Domain: com.apple.Metal, User: kCFPreferencesCurrentUser, ByHost: No, Container: (null), Contents Need Refresh: No) loaded: an empty base plist and no additional changes from the base plist
Aug 28 14:01:52.265011 Runner(CoreFoundation)[57802] <Debug>: CFPrefsPlistSource<0x283878380> (Domain: com.apple.Metal, User: kCFPreferencesAnyUser, ByHost: Yes, Container: (null), Contents Need Refresh: No) loaded: an empty base plist and no additional changes from the base plist
Aug 28 14:01:52.265050 useractivityd[184] <Debug>: SCHEDULE:idleDetermination, run.
Aug 28 14:01:52.265067 useractivityd[184] <Debug>: Determining idleDetermination, entering.
Aug 28 14:01:52.265231 Runner(CoreFoundation)[57802] <Debug>: found no value for key UseMetalTelemetry in CFPrefsSearchListSource<0x283878180> (Domain: com.apple.Metal, Container: (null))
Aug 28 14:01:52.265368 Runner(CoreFoundation)[57802] <Debug>: Resource lookup at <private>
Aug 28 14:01:52.265680 Runner(CoreFoundation)[57802] <Debug>: found no value for key MetalForceCaptureEnabled in CFPrefsSearchListSource<0x283871400> (Domain: dev.selfhost.firstActivationProbe, Container: (null))
Aug 28 14:01:52.265720 Runner(CoreFoundation)[57802] <Debug>: found no value for key VertexInstanceBoundsCheckMode in CFPrefsSearchListSource<0x283878180> (Domain: com.apple.Metal, Container: (null))
Aug 28 14:01:52.265761 Runner(CoreFoundation)[57802] <Debug>: found no value for key DisableDriverSuballocation in CFPrefsSearchListSource<0x283878180> (Domain: com.apple.Metal, Container: (null))
Aug 28 14:01:52.265794 Runner(CoreFoundation)[57802] <Debug>: found no value for key CPUMappingForPrivateTexturesMode in CFPrefsSearchListSource<0x283878180> (Domain: com.apple.Metal, Container: (null))
Aug 28 14:01:52.265822 Runner(CoreFoundation)[57802] <Debug>: found no value for key IOSurfaceCompressedWriteValidation in CFPrefsSearchListSource<0x283878180> (Domain: com.apple.Metal, Container: (null))
Aug 28 14:01:52.265859 Runner(CoreFoundation)[57802] <Debug>: Language lookup at <private>
Aug 28 14:01:52.265878 Runner(CoreFoundation)[57802] <Debug>: Resource lookup at <private>
Aug 28 14:01:52.265897 Runner(CoreFoundation)[57802] <Debug>: Resource lookup at <private>
Aug 28 14:01:52.265915 Runner(CoreFoundation)[57802] <Debug>: Resource lookup at <private>
Aug 28 14:01:52.265943 Runner(CoreFoundation)[57802] <Debug>: Resource lookup at <private>
Aug 28 14:01:52.265965 Runner(CoreFoundation)[57802] <Debug>: Resource lookup at <private>
Aug 28 14:01:52.265991 Runner(CoreFoundation)[57802] <Debug>: Resource lookup at <private>
Aug 28 14:01:52.266014 Runner(CoreFoundation)[57802] <Debug>: Resource lookup at <private>
Aug 28 14:01:52.266032 Runner(CoreFoundation)[57802] <Debug>: Resource lookup at <private>
Aug 28 14:01:52.266050 runningboardd(RunningBoard)[33] <Notice>: [application<dev.selfhost.firstActivationProbe>:57802] reported to RB as running
Aug 28 14:01:52.266068 Runner(CoreFoundation)[57802] <Debug>: Resource lookup at <private>
Aug 28 14:01:52.266086 Runner(CoreFoundation)[57802] <Debug>: Resource lookup at <private>
Aug 28 14:01:52.266104 Runner(CoreFoundation)[57802] <Debug>: Resource lookup at <private>
Aug 28 14:01:52.266122 Runner(CoreFoundation)[57802] <Debug>: Resource lookup at <private>
Aug 28 14:01:52.266161 Runner(CoreFoundation)[57802] <Debug>: Resource lookup at <private>
Aug 28 14:01:52.266198 Runner(CoreFoundation)[57802] <Debug>: Resource lookup at <private>
Aug 28 14:01:52.266226 Runner(CoreFoundation)[57802] <Debug>: Resource lookup at <private>
Aug 28 14:01:52.266244 Runner(CoreFoundation)[57802] <Debug>: Resource lookup at <private>
Aug 28 14:01:52.266262 Runner(CoreFoundation)[57802] <Debug>: found no value for key UIViewLayoutFeedbackLoopDebuggingThreshold in CFPrefsSearchListSource<0x283871400> (Domain: dev.selfhost.firstActivationProbe, Container: (null))
Aug 28 14:01:52.266304 runningboardd(RunningBoard)[33] <Debug>: Removing events for context: 33-57802-7790 (target:[application<dev.selfhost.firstActivationProbe>:57802])
Aug 28 14:01:52.266322 runningboardd(RunningBoard)[33] <Debug>: Decrementing suppression state to 1 for application<dev.selfhost.firstActivationProbe>
Aug 28 14:01:52.266334 kernel(Sandbox)[0] <Error>: Sandbox: Runner(57802) deny(1) sysctl-read kern.iossupportversion
Aug 28 14:01:52.266415 mediaserverd(RunningBoardServices)[36] <Notice>: Hit the server for a process handle e0efc5b0000e1ca that resolved to: [application<dev.selfhost.firstActivationProbe>:57802]
Aug 28 14:01:52.266768 kernel(Sandbox)[0] <Error>: Sandbox: Runner(57802) deny(1) sysctl-read machdep.cpu.brand_string
Aug 28 14:01:52.266845 Runner(CoreFoundation)[57802] <Debug>: found no value for key UIViewUseStaleDelegateContentInsets in CFPrefsSearchListSource<0x283871400> (Domain: dev.selfhost.firstActivationProbe, Container: (null))
Aug 28 14:01:52.266907 Runner(CoreFoundation)[57802] <Debug>: found no value for key _UIConstraintBasedLayoutEngageNonLazily in CFPrefsSearchListSource<0x283871400> (Domain: dev.selfhost.firstActivationProbe, Container: (null))
Aug 28 14:01:52.266963 Runner(Flutter)[57802] <Notice>: [shorebird] Sending patch check request: PatchCheckRequest { app_id: "235a9d93-ef97-6372-d78a-ce88f798a726", channel: "stable", release_version: "1.3.0+1", platform: "ios", arch: "aarch64", client_id: "eb65ad4b-0c7a-4c80-8d71-7e98c91af47a", current_patch_number: Some(6) }
Aug 28 14:01:52.267019 Runner(CoreFoundation)[57802] <Debug>: Resource lookup at <private>
Aug 28 14:01:52.267073 Runner(CoreFoundation)[57802] <Debug>: Resource lookup at <private>
Aug 28 14:01:52.267126 Runner(CoreFoundation)[57802] <Debug>: setting new value <private> for key <private> in CFPrefsSource<0x280370280> (Domain: Volatile, User: , ByHost: No, Container: , Contents Need Refresh: No)
Aug 28 14:01:52.267181 Runner(CoreFoundation)[57802] <Debug>: looked up value <private> for key METAL_ERROR_MODE in CFPrefsSource<0x280370280> (Domain: Volatile, User: , ByHost: No, Container: , Contents Need Refresh: No) via CFPrefsSearchListSource<0x283871400> (Domain: dev.selfhost.firstActivationProbe, Container: (null))
Aug 28 14:01:52.267222 Runner(CoreFoundation)[57802] <Debug>: setting new value <private> for key <private> in CFPrefsSource<0x280370280> (Domain: Volatile, User: , ByHost: No, Container: , Contents Need Refresh: No)
Aug 28 14:01:52.267246 Runner(CoreFoundation)[57802] <Debug>: looked up value <private> for key METAL_DEBUG_ERROR_MODE in CFPrefsSource<0x280370280> (Domain: Volatile, User: , ByHost: No, Container: , Contents Need Refresh: No) via CFPrefsSearchListSource<0x283871400> (Domain: dev.selfhost.firstActivationProbe, Container: (null))
Aug 28 14:01:52.267305 Runner(CoreFoundation)[57802] <Debug>: setting new value <private> for key <private> in CFPrefsSource<0x280370280> (Domain: Volatile, User: , ByHost: No, Container: , Contents Need Refresh: No)
Aug 28 14:01:52.267691 Runner(CoreFoundation)[57802] <Debug>: looked up value <private> for key METAL_WARNING_MODE in CFPrefsSource<0x280370280> (Domain: Volatile, User: , ByHost: No, Container: , Contents Need Refresh: No) via CFPrefsSearchListSource<0x283871400> (Domain: dev.selfhost.firstActivationProbe, Container: (null))
Aug 28 14:01:52.267715 Runner(CoreFoundation)[57802] <Debug>: setting new value <private> for key <private> in CFPrefsSource<0x280370280> (Domain: Volatile, User: , ByHost: No, Container: , Contents Need Refresh: No)
Aug 28 14:01:52.267739 Runner(CoreFoundation)[57802] <Debug>: looked up value <private> for key METAL_ERROR_CHECK_EXTENDED_MODE in CFPrefsSource<0x280370280> (Domain: Volatile, User: , ByHost: No, Container: , Contents Need Refresh: No) via CFPrefsSearchListSource<0x283871400> (Domain: dev.selfhost.firstActivationProbe, Container: (null))
Aug 28 14:01:52.267778 runningboardd(RunningBoard)[33] <Debug>: Sending state 0x1011eb640 for application<dev.selfhost.firstActivationProbe> to [daemon<com.apple.mediaserverd>:36]
Aug 28 14:01:52.267889 runningboardd(RunningBoard)[33] <Debug>: Sending state 0x1011eb640 for application<dev.selfhost.firstActivationProbe> to [daemon<com.apple.symptomsd>:170]
Aug 28 14:01:52.268086 Runner(CoreFoundation)[57802] <Debug>: found no value for key dataBufferCachingOverride in CFPrefsSearchListSource<0x283878180> (Domain: com.apple.Metal, Container: (null))
Aug 28 14:01:52.268105 Runner(CoreFoundation)[57802] <Debug>: found no value for key disableBlitEncoderCoalescing in CFPrefsPlistSource<0x283878080> (Domain: com.apple.Metal, User: kCFPreferencesCurrentUser, ByHost: No, Container: (null), Contents Need Refresh: No)
Aug 28 14:01:52.268138 Runner(CoreFoundation)[57802] <Debug>: found no value for key disableEncoderCoalescing in CFPrefsPlistSource<0x283878080> (Domain: com.apple.Metal, User: kCFPreferencesCurrentUser, ByHost: No, Container: (null), Contents Need Refresh: No)
Aug 28 14:01:52.268186 mediaserverd(RunningBoardServices)[36] <Info>: Update delivered for [application<dev.selfhost.firstActivationProbe>:57802] with taskState 4
Aug 28 14:01:52.268205 Runner(CoreFoundation)[57802] <Debug>: Resource lookup at <private>
Aug 28 14:01:52.268265 mediaserverd(MediaExperience)[36] <Notice>: -CMSessionMgr- CMSessionMgrHandleApplicationStateChange: Client dev.selfhost.firstActivationProbe with pid '57802' is now Foreground Running. Background entitlement: NO ActiveLongFormVideoSession: NO WhitelistedLongFormVideoApp NO
Aug 28 14:01:52.268316 mediaserverd(MediaExperience)[36] <Notice>: -CMSessionMgr- CMSessionMgrHandleApplicationStateChange: Sending EndInterruption to dev.selfhost.firstActivationProbe with pid '57802' because client moved to ForegroundRunning and is not allowed to play in the background
Aug 28 14:01:52.268338 mediaserverd(RunningBoardServices)[36] <Info>: Update delivered for [application<dev.selfhost.firstActivationProbe>:57802] with taskState 4
Aug 28 14:01:52.268382 Runner(CoreFoundation)[57802] <Debug>: Resource lookup at <private>
Aug 28 14:01:52.268407 Runner(CoreFoundation)[57802] <Debug>: looked up value <private> for key AppleLanguages in CFPrefsPlistSource<0x283870f80> (Domain: kCFPreferencesAnyApplication, User: kCFPreferencesCurrentUser, ByHost: No, Container: (null), Contents Need Refresh: No) via CFPrefsSearchListSource<0x283871400> (Domain: dev.selfhost.firstActivationProbe, Container: (null))
Aug 28 14:01:52.268488 Runner(CoreFoundation)[57802] <Debug>: Resource lookup at <private>
Aug 28 14:01:52.268529 Runner(CoreFoundation)[57802] <Debug>: Resource lookup at <private>
Aug 28 14:01:52.268858 mediaserverd(RunningBoardServices)[36] <Info>: Update skipped for [application<dev.selfhost.firstActivationProbe>:57802] with state: <RBSProcessState| task:running-active debug:none endowments:[
Aug 28 14:01:52.268906 Runner(CoreFoundation)[57802] <Debug>: Resource lookup at <private>
Aug 28 14:01:52.268954 Runner(CoreFoundation)[57802] <Debug>: Resource lookup at <private>
Aug 28 14:01:52.269005 Runner(CoreFoundation)[57802] <Debug>: Resource lookup at <private>
Aug 28 14:01:52.269043 Runner(CoreFoundation)[57802] <Debug>: Resource lookup at <private>
Aug 28 14:01:52.269090 Runner(CoreFoundation)[57802] <Debug>: Resource lookup at <private>
	Result        : file:///private/var/containers/Bundle/Application/1EC21BA9-82AA-4B85-B2FC-10B206BC5C35/Runner.app/Base.lproj/LaunchScreen.storyboardc/
Aug 28 14:01:52.269125 Runner(CoreFoundation)[57802] <Debug>: Resource lookup at <private>
	Result        : file:///private/var/containers/Bundle/Application/1EC21BA9-82AA-4B85-B2FC-10B206BC5C35/Runner.app/Base.lproj/LaunchScreen.storyboardc/
Aug 28 14:01:52.269154 Runner(CoreFoundation)[57802] <Debug>: Resource lookup at <private>
	Result        : file:///private/var/containers/Bundle/Application/1EC21BA9-82AA-4B85-B2FC-10B206BC5C35/Runner.app/Base.lproj/LaunchScreen.storyboardc/UIViewController-01J-lp-oVM.nib
Aug 28 14:01:52.269173 Runner(CoreFoundation)[57802] <Debug>: Resource lookup at <private>
	Result        : file:///private/var/containers/Bundle/Application/1EC21BA9-82AA-4B85-B2FC-10B206BC5C35/Runner.app/Base.lproj/LaunchScreen.storyboardc/01J-lp-oVM-view-Ze5-6b-2t3.nib
Aug 28 14:01:52.269192 Runner(CoreFoundation)[57802] <Debug>: Resource lookup at <private>
	Result        : file:///private/var/containers/Bundle/Application/1EC21BA9-82AA-4B85-B2FC-10B206BC5C35/Runner.app/Base.lproj/LaunchScreen.storyboardc/
Aug 28 14:01:52.269210 Runner(CoreFoundation)[57802] <Debug>: Resource lookup at <private>
	Result        : file:///private/var/containers/Bundle/Application/1EC21BA9-82AA-4B85-B2FC-10B206BC5C35/Runner.app/Base.lproj/LaunchScreen.storyboardc/01J-lp-oVM-view-Ze5-6b-2t3.nib
Aug 28 14:01:52.269229 Runner(CoreFoundation)[57802] <Debug>: found no value for key _UIConstraintBasedLayout in CFPrefsSearchListSource<0x283871400> (Domain: dev.selfhost.firstActivationProbe, Container: (null))
Aug 28 14:01:52.269247 Runner(CoreFoundation)[57802] <Debug>: Resource lookup at <private>
	Result        : file:///private/var/containers/Bundle/Application/1EC21BA9-82AA-4B85-B2FC-10B206BC5C35/Runner.app/Assets.car
Aug 28 14:01:52.269276 Runner(CoreFoundation)[57802] <Debug>: found no value for key CUIShowDebugLogs in CFPrefsSearchListSource<0x283871400> (Domain: dev.selfhost.firstActivationProbe, Container: (null))
Aug 28 14:01:52.269294 Runner(CoreFoundation)[57802] <Debug>: found no value for key CGAllowDebuggingDefaults in CFPrefsPlistSource<0x283870f80> (Domain: kCFPreferencesAnyApplication, User: kCFPreferencesCurrentUser, ByHost: No, Container: (null), Contents Need Refresh: No)
Aug 28 14:01:52.269313 Runner(CoreFoundation)[57802] <Debug>: found no value for key NSConstraintBasedLayoutTrackAllocation in CFPrefsSearchListSource<0x283871400> (Domain: dev.selfhost.firstActivationProbe, Container: (null))
Aug 28 14:01:52.269331 Runner(CoreFoundation)[57802] <Debug>: found no value for key UIViewShowAlignmentRects in CFPrefsSearchListSource<0x283871400> (Domain: dev.selfhost.firstActivationProbe, Container: (null))
Aug 28 14:01:52.269349 Runner(CoreFoundation)[57802] <Debug>: found no value for key NSConstraintBasedLayoutAriadneTracepoints in CFPrefsSearchListSource<0x283871400> (Domain: dev.selfhost.firstActivationProbe, Container: (null))
Aug 28 14:01:52.269367 Runner(CoreFoundation)[57802] <Debug>: Resource lookup at <private>
Aug 28 14:01:52.269386 Runner(CoreFoundation)[57802] <Debug>: found no value for key ReduceMotionEnabled in CFPrefsSearchListSource<0x283873600> (Domain: com.apple.Accessibility, Container: (null))
Aug 28 14:01:52.269411 Runner(libAccessibility.dylib)[57802] <Debug>: CF Read: domain = com.apple.Accessibility, preference = ReduceMotionEnabled, appID = (null) result = (null) (-1 - empty, 0 - false, 1 - true)
Aug 28 14:01:52.269442 Runner(CoreFoundation)[57802] <Debug>: found no value for key ReduceMotionEnabled in CFPrefsPlistSource<0x283873680> (Domain: com.apple.Accessibility, User: kCFPreferencesCurrentUser, ByHost: No, Container: (null), Contents Need Refresh: No)
Aug 28 14:01:52.269527 SpringBoard(RunningBoardServices)[47602] <Info>: Update delivered for [application<dev.selfhost.firstActivationProbe>:57802] with taskState 4
Aug 28 14:01:52.269546 SpringBoard(RunningBoardServices)[47602] <Info>: Update skipped for [application<dev.selfhost.firstActivationProbe>:57802] with state: <RBSProcessState| task:running-active debug:none endowments:[
Aug 28 14:01:52.269588 SpringBoard(RunningBoardServices)[47602] <Info>: Update skipped for [application<dev.selfhost.firstActivationProbe>:57802] with state: <RBSProcessState| task:running-active debug:none endowments:[
Aug 28 14:01:52.269634 SpringBoard(FrontBoard)[47602] <Info>: [sceneID:dev.selfhost.firstActivationProbe-default] Client settings updated with diff: <private>
Aug 28 14:01:52.269652 SpringBoard(FrontBoard)[47602] <Info>: [sceneID:dev.selfhost.firstActivationProbe-default] didUpdateClientSettingsWithDiff: <private>
Aug 28 14:01:52.269670 SpringBoard(FrontBoard)[47602] <Debug>: [FBSceneManager] PENDING:   <BSEventQueueEvent: 0x281d1f900; handleDidUpdateClientSettings-sceneID:dev.selfhost.firstActivationProbe-default(2)> @ back
Aug 28 14:01:52.269688 SpringBoard(FrontBoard)[47602] <Debug>: [FBSceneManager] EXECUTING: <BSEventQueueEvent: 0x281d1f900; handleDidUpdateClientSettings-sceneID:dev.selfhost.firstActivationProbe-default(2)>
Aug 28 14:01:52.269781 SpringBoard(FrontBoard)[47602] <Debug>: [FBSceneManager] PENDING:   <BSEventQueueEvent: 0x281d60980; didUpdateClientSettings-sceneID:dev.selfhost.firstActivationProbe-default(2)> @ back
Aug 28 14:01:52.269803 SpringBoard(FrontBoard)[47602] <Debug>: [FBSceneManager] PENDING:   <BSEventQueueEvent: 0x281d7edc0; didUpdateClientSettingsCompletion-sceneID:dev.selfhost.firstActivationProbe-default(2)> @ back
Aug 28 14:01:52.269924 SpringBoard(FrontBoard)[47602] <Debug>: [FBSceneManager] EXECUTING: <BSEventQueueEvent: 0x281d60980; didUpdateClientSettings-sceneID:dev.selfhost.firstActivationProbe-default(2)>
Aug 28 14:01:52.269943 SpringBoard(FrontBoard)[47602] <Debug>: [FBSceneManager] PENDING:   <BSEventQueueEvent: 0x281d53c40; didUpdateClientSettings-sceneID:dev.selfhost.firstActivationProbe-default(2)> @ front
Aug 28 14:01:52.269961 SpringBoard(FrontBoard)[47602] <Debug>: [FBSceneManager] EXECUTING: <BSEventQueueEvent: 0x281d53c40; didUpdateClientSettings-sceneID:dev.selfhost.firstActivationProbe-default(2)>
Aug 28 14:01:52.270059 SpringBoard(FrontBoard)[47602] <Debug>: [FBSceneManager] EXECUTING: <BSEventQueueEvent: 0x281d7edc0; didUpdateClientSettingsCompletion-sceneID:dev.selfhost.firstActivationProbe-default(2)>
Aug 28 14:01:52.270277 SpringBoard(FrontBoard)[47602] <Info>: [sceneID:dev.selfhost.firstActivationProbe-default] Client settings updated with diff: <private>
Aug 28 14:01:52.270330 SpringBoard(FrontBoard)[47602] <Info>: [sceneID:dev.selfhost.firstActivationProbe-default] didUpdateClientSettingsWithDiff: <private>
Aug 28 14:01:52.270378 SpringBoard(FrontBoard)[47602] <Debug>: [FBSceneManager] PENDING:   <BSEventQueueEvent: 0x281c27f40; handleDidUpdateClientSettings-sceneID:dev.selfhost.firstActivationProbe-default(2)> @ back
Aug 28 14:01:52.270423 SpringBoard(FrontBoard)[47602] <Debug>: [FBSceneManager] EXECUTING: <BSEventQueueEvent: 0x281c27f40; handleDidUpdateClientSettings-sceneID:dev.selfhost.firstActivationProbe-default(2)>
Aug 28 14:01:52.270518 SpringBoard(FrontBoard)[47602] <Debug>: [FBSceneManager] PENDING:   <BSEventQueueEvent: 0x281d4b0c0; didUpdateClientSettings-sceneID:dev.selfhost.firstActivationProbe-default(2)> @ back
Aug 28 14:01:52.270536 SpringBoard(FrontBoard)[47602] <Debug>: [FBSceneManager] PENDING:   <BSEventQueueEvent: 0x281d46780; didUpdateClientSettingsCompletion-sceneID:dev.selfhost.firstActivationProbe-default(2)> @ back
Aug 28 14:01:52.270640 SpringBoard(FrontBoard)[47602] <Debug>: [FBSceneManager] EXECUTING: <BSEventQueueEvent: 0x281d4b0c0; didUpdateClientSettings-sceneID:dev.selfhost.firstActivationProbe-default(2)>
Aug 28 14:01:52.270670 SpringBoard(FrontBoard)[47602] <Debug>: [FBSceneManager] PENDING:   <BSEventQueueEvent: 0x281d453e0; didUpdateClientSettings-sceneID:dev.selfhost.firstActivationProbe-default(2)> @ front
Aug 28 14:01:52.270689 SpringBoard(FrontBoard)[47602] <Debug>: [FBSceneManager] EXECUTING: <BSEventQueueEvent: 0x281d453e0; didUpdateClientSettings-sceneID:dev.selfhost.firstActivationProbe-default(2)>
Aug 28 14:01:52.270750 SpringBoard(FrontBoard)[47602] <Debug>: [FBSceneManager] EXECUTING: <BSEventQueueEvent: 0x281d46780; didUpdateClientSettingsCompletion-sceneID:dev.selfhost.firstActivationProbe-default(2)>
Aug 28 14:01:52.270787 Runner(CoreFoundation)[57802] <Debug>: Resource lookup at <private>
Aug 28 14:01:52.270809 Runner(CoreFoundation)[57802] <Debug>: Resource lookup at <private>
Aug 28 14:01:52.270826 Runner(CoreFoundation)[57802] <Debug>: Resource lookup at <private>
Aug 28 14:01:52.270844 Runner(CoreFoundation)[57802] <Debug>: Resource lookup at <private>
Aug 28 14:01:52.270862 Runner(CoreFoundation)[57802] <Debug>: found no value for key UIScrollViewForceConvertSafeAreaToContentInsetPreference in CFPrefsSearchListSource<0x283871400> (Domain: dev.selfhost.firstActivationProbe, Container: (null))
Aug 28 14:01:52.270880 Runner(CoreFoundation)[57802] <Debug>: found no value for key UIBarsApplyChromelessEverywhere in CFPrefsSearchListSource<0x283871400> (Domain: dev.selfhost.firstActivationProbe, Container: (null))
Aug 28 14:01:52.270900 runningboardd(RunningBoard)[33] <Debug>: Decrementing suppression state to 0 for application<dev.selfhost.firstActivationProbe>
Aug 28 14:01:52.270919 runningboardd(RunningBoard)[33] <Debug>: END suppressing state updates for application<dev.selfhost.firstActivationProbe>
Aug 28 14:01:52.270949 runningboardd(RunningBoard)[33] <Debug>: Sending state update for application<dev.selfhost.firstActivationProbe>: <RBSProcessState| task:running-active debug:none terminationResistance:Interactive endowments:[
	<RBSProcessAssertionInfo| type:2 reason:10000 name:"Domain" domain:"com.apple.frontboard:Bootstrap-Foreground,com.apple.frontboard:Visibility" expl:"FBApplicationProcess">,
Aug 28 14:01:52.271021 Runner(CoreFoundation)[57802] <Debug>: looked up value <private> for key AppleLanguages in CFPrefsPlistSource<0x283870f80> (Domain: kCFPreferencesAnyApplication, User: kCFPreferencesCurrentUser, ByHost: No, Container: (null), Contents Need Refresh: No) via CFPrefsSearchListSource<0x283871400> (Domain: dev.selfhost.firstActivationProbe, Container: (null))
Aug 28 14:01:52.271041 Runner(Flutter)[57802] <Notice>: [ERROR:flutter/shell/common/shorebird/shorebird.cc(210)] ROUTEB: hook entered
Aug 28 14:01:52.271059 Runner(Flutter)[57802] <Notice>: [ERROR:flutter/shell/common/shorebird/shorebird.cc(210)] ROUTEB: parsed, targets=1, built-for=1db897c72e9c358db599a2d62fbb2a68
Aug 28 14:01:52.271206 SpringBoard(SpringBoardServices)[47602] <Debug>: [SBMig] Runner:57802 calling _SBXXDeactivateReachability (msgID 100052) --> implemented by SpringBoard.
Aug 28 14:01:52.271288 Runner(Flutter)[57802] <Notice>: [ERROR:flutter/shell/common/shorebird/shorebird.cc(210)] ROUTEB: running=1db897c72e9c358db599a2d62fbb2a68
Aug 28 14:01:52.271368 Runner(Flutter)[57802] <Notice>: [ERROR:flutter/shell/common/shorebird/shorebird.cc(210)] ROUTEB: assert-pool-offset supplied=0xd4a8
Aug 28 14:01:52.271407 Runner(Flutter)[57802] <Notice>: ROUTEB: activated activationState in package:first_activation_probe/main.dart before main
Aug 28 14:01:52.271439 Runner(Flutter)[57802] <Notice>: [ERROR:flutter/shell/common/shorebird/shorebird.cc(210)] ROUTEB: applied 1/1 targets, entering main
Aug 28 14:01:52.271495 runningboardd(RunningBoard)[33] <Debug>: [daemon<com.apple.CommCenter>:90] query resolved to [application<dev.selfhost.firstActivationProbe>:57802]
Aug 28 14:01:52.271952 Runner(CoreFoundation)[57802] <Debug>: found no value for key UseSingleSystemColor in CFPrefsSearchListSource<0x283873600> (Domain: com.apple.Accessibility, Container: (null))
Aug 28 14:01:52.271976 Runner(libAccessibility.dylib)[57802] <Debug>: CF Read: domain = com.apple.Accessibility, preference = UseSingleSystemColor, appID = (null) result = (null) (-1 - empty, 0 - false, 1 - true)
Aug 28 14:01:52.271995 Runner(CoreFoundation)[57802] <Debug>: found no value for key UseSingleSystemColor in CFPrefsPlistSource<0x283873680> (Domain: com.apple.Accessibility, User: kCFPreferencesCurrentUser, ByHost: No, Container: (null), Contents Need Refresh: No)
Aug 28 14:01:52.272014 Runner(CoreFoundation)[57802] <Debug>: found no value for key UIViewLocalizeOverrideLayoutEngine in CFPrefsSearchListSource<0x283871400> (Domain: dev.selfhost.firstActivationProbe, Container: (null))
Aug 28 14:01:52.272032 Runner(CoreFoundation)[57802] <Debug>: found no value for key NSPreTigerAttributedStringHash in CFPrefsSearchListSource<0x283871400> (Domain: dev.selfhost.firstActivationProbe, Container: (null))
Aug 28 14:01:52.272050 Runner(CoreFoundation)[57802] <Debug>: looked up value <private> for key AppleLanguages in CFPrefsPlistSource<0x283870f80> (Domain: kCFPreferencesAnyApplication, User: kCFPreferencesCurrentUser, ByHost: No, Container: (null), Contents Need Refresh: No) via CFPrefsSearchListSource<0x283871400> (Domain: dev.selfhost.firstActivationProbe, Container: (null))
Aug 28 14:01:52.272087 Runner(CoreFoundation)[57802] <Debug>: looked up value <private> for key AppleLanguages in CFPrefsPlistSource<0x283870f80> (Domain: kCFPreferencesAnyApplication, User: kCFPreferencesCurrentUser, ByHost: No, Container: (null), Contents Need Refresh: No) via CFPrefsSearchListSource<0x283871400> (Domain: dev.selfhost.firstActivationProbe, Container: (null))
Aug 28 14:01:52.272292 Runner(CoreFoundation)[57802] <Debug>: Resource lookup at <private>
Aug 28 14:01:52.272342 Runner(CoreFoundation)[57802] <Debug>: found no value for key NSConstraintBasedLayoutDebug in CFPrefsSearchListSource<0x283871400> (Domain: dev.selfhost.firstActivationProbe, Container: (null))
Aug 28 14:01:52.272409 Runner(CoreFoundation)[57802] <Debug>: found no value for key NSConstraintBasedLayoutAllowUnoptimizedReads in CFPrefsSearchListSource<0x283871400> (Domain: dev.selfhost.firstActivationProbe, Container: (null))
Aug 28 14:01:52.272449 Runner(CoreFoundation)[57802] <Debug>: found no value for key NSConstraintBasedLayoutDebugEngineConsistency in CFPrefsSearchListSource<0x283871400> (Domain: dev.selfhost.firstActivationProbe, Container: (null))
Aug 28 14:01:52.272479 Runner(CoreFoundation)[57802] <Debug>: found no value for key NSConstraintBasedLayoutVariableChangeTransactions in CFPrefsSearchListSource<0x283871400> (Domain: dev.selfhost.firstActivationProbe, Container: (null))
Aug 28 14:01:52.272498 Runner(CoreFoundation)[57802] <Debug>: found no value for key NSConstraintBasedLayoutDeferOptimization in CFPrefsSearchListSource<0x283871400> (Domain: dev.selfhost.firstActivationProbe, Container: (null))
Aug 28 14:01:52.272516 Runner(CoreFoundation)[57802] <Debug>: found no value for key UIViewControllerDetachedInheritsContentOverlayInsetsFromSuperview in CFPrefsSearchListSource<0x283871400> (Domain: dev.selfhost.firstActivationProbe, Container: (null))
Aug 28 14:01:52.272670 SpringBoard(FrontBoard)[47602] <Info>: [sceneID:dev.selfhost.firstActivationProbe-default] Client settings updated with diff: <private>
Aug 28 14:01:52.272688 SpringBoard(FrontBoard)[47602] <Info>: [sceneID:dev.selfhost.firstActivationProbe-default] Client settings updated with diff: <private>
Aug 28 14:01:52.272739 SpringBoard(FrontBoard)[47602] <Info>: [sceneID:dev.selfhost.firstActivationProbe-default] didUpdateClientSettingsWithDiff: <private>
Aug 28 14:01:52.272797 SpringBoard(FrontBoard)[47602] <Debug>: [FBSceneManager] PENDING:   <BSEventQueueEvent: 0x281c256e0; handleDidUpdateClientSettings-sceneID:dev.selfhost.firstActivationProbe-default(2)> @ back
Aug 28 14:01:52.272845 SpringBoard(FrontBoard)[47602] <Debug>: [FBSceneManager] EXECUTING: <BSEventQueueEvent: 0x281c256e0; handleDidUpdateClientSettings-sceneID:dev.selfhost.firstActivationProbe-default(2)>
Aug 28 14:01:52.272984 SpringBoard(FrontBoard)[47602] <Debug>: [FBSceneManager] PENDING:   <BSEventQueueEvent: 0x281c25400; didUpdateClientSettings-sceneID:dev.selfhost.firstActivationProbe-default(2)> @ back
Aug 28 14:01:52.273008 SpringBoard(FrontBoard)[47602] <Debug>: [FBSceneManager] PENDING:   <BSEventQueueEvent: 0x281c251a0; didUpdateClientSettingsCompletion-sceneID:dev.selfhost.firstActivationProbe-default(2)> @ back
Aug 28 14:01:52.273066 SpringBoard(FrontBoard)[47602] <Info>: [sceneID:dev.selfhost.firstActivationProbe-default] Client settings updated with diff: <private>
Aug 28 14:01:52.273177 SpringBoard(FrontBoard)[47602] <Debug>: [FBSceneManager] EXECUTING: <BSEventQueueEvent: 0x281c25400; didUpdateClientSettings-sceneID:dev.selfhost.firstActivationProbe-default(2)>
Aug 28 14:01:52.273196 SpringBoard(FrontBoard)[47602] <Debug>: [FBSceneManager] PENDING:   <BSEventQueueEvent: 0x281c26500; didUpdateClientSettings-sceneID:dev.selfhost.firstActivationProbe-default(2)> @ front
Aug 28 14:01:52.273215 SpringBoard(FrontBoard)[47602] <Debug>: [FBSceneManager] EXECUTING: <BSEventQueueEvent: 0x281c26500; didUpdateClientSettings-sceneID:dev.selfhost.firstActivationProbe-default(2)>
Aug 28 14:01:52.273233 Runner(CoreFoundation)[57802] <Debug>: found no value for key ModernContentOverlayInsetsPropagation in CFPrefsSearchListSource<0x283871400> (Domain: dev.selfhost.firstActivationProbe, Container: (null))
Aug 28 14:01:52.273263 Runner(CoreFoundation)[57802] <Debug>: found no value for key LogStatusBar in CFPrefsSearchListSource<0x283870d80> (Domain: com.apple.UIKit, Container: (null))
Aug 28 14:01:52.273282 Runner(UIKitCore)[57802] <Notice>: Key window API is scene-level: YES
Aug 28 14:01:52.273302 Runner(UIKitCore)[57802] <Notice>: UIWindowScene: 0x105b0bff0: Window became key in scene: UIWindow: 0x105b240b0; contextId: 0xF0447C91: reason: UIWindowScene: 0x105b0bff0: Window requested to become key in scene: 0x105b240b0
Aug 28 14:01:52.273321 Runner(UIKitCore)[57802] <Notice>: Key window needs update: 1; currentKeyWindowScene: 0x0; evaluatedKeyWindowScene: 0x105b0bff0; currentApplicationKeyWindow: 0x0; evaluatedApplicationKeyWindow: 0x105b240b0; reason: UIWindowScene: 0x105b0bff0: Window requested to become key in scene: 0x105b240b0
Aug 28 14:01:52.273360 SpringBoard(FrontBoard)[47602] <Info>: [sceneID:dev.selfhost.firstActivationProbe-default] Client settings updated with diff: <private>
Aug 28 14:01:52.273432 SpringBoard(FrontBoard)[47602] <Debug>: [FBSceneManager] EXECUTING: <BSEventQueueEvent: 0x281c251a0; didUpdateClientSettingsCompletion-sceneID:dev.selfhost.firstActivationProbe-default(2)>
Aug 28 14:01:52.273571 SpringBoard(FrontBoard)[47602] <Info>: [sceneID:dev.selfhost.firstActivationProbe-default] didUpdateClientSettingsWithDiff: (null)
Aug 28 14:01:52.273599 SpringBoard(FrontBoard)[47602] <Debug>: [FBSceneManager] PENDING:   <BSEventQueueEvent: 0x281c24280; handleDidUpdateClientSettings-sceneID:dev.selfhost.firstActivationProbe-default(2)> @ back
Aug 28 14:01:52.273622 SpringBoard(FrontBoard)[47602] <Debug>: [FBSceneManager] EXECUTING: <BSEventQueueEvent: 0x281c24280; handleDidUpdateClientSettings-sceneID:dev.selfhost.firstActivationProbe-default(2)>
Aug 28 14:01:52.273676 SpringBoard(FrontBoard)[47602] <Debug>: [FBSceneManager] PENDING:   <BSEventQueueEvent: 0x281c25540; didUpdateClientSettings-sceneID:dev.selfhost.firstActivationProbe-default(2)> @ back
Aug 28 14:01:52.273694 SpringBoard(FrontBoard)[47602] <Debug>: [FBSceneManager] PENDING:   <BSEventQueueEvent: 0x281c26680; didUpdateClientSettingsCompletion-sceneID:dev.selfhost.firstActivationProbe-default(2)> @ back
Aug 28 14:01:52.273775 backboardd(BackBoardHIDEventFoundation)[65] <Notice>: new deferring rules for pid:57802: [<environment: keyboardFocus; display: builtin; token: com.apple.frontboard.systemappservices::sceneID%3Adev.selfhost.firstActivationProbe-default> -> <pid: 57802; token: 0xF0447C91> reason: "1-deferDiscrete: UIWindowScene: 0x105b0bff0: Begin event deferring in keyboardFocus for window: 0x105b240b0"]
Aug 28 14:01:52.273901 SpringBoard(FrontBoard)[47602] <Debug>: [FBSceneManager] EXECUTING: <BSEventQueueEvent: 0x281c25540; didUpdateClientSettings-sceneID:dev.selfhost.firstActivationProbe-default(2)>
Aug 28 14:01:52.273939 SpringBoard(FrontBoard)[47602] <Debug>: [FBSceneManager] PENDING:   <BSEventQueueEvent: 0x281c251a0; didUpdateClientSettings-sceneID:dev.selfhost.firstActivationProbe-default(2)> @ front
Aug 28 14:01:52.273958 SpringBoard(FrontBoard)[47602] <Debug>: [FBSceneManager] EXECUTING: <BSEventQueueEvent: 0x281c251a0; didUpdateClientSettings-sceneID:dev.selfhost.firstActivationProbe-default(2)>
Aug 28 14:01:52.274313 SpringBoard(FrontBoard)[47602] <Debug>: [FBSceneManager] EXECUTING: <BSEventQueueEvent: 0x281c26680; didUpdateClientSettingsCompletion-sceneID:dev.selfhost.firstActivationProbe-default(2)>
Aug 28 14:01:52.274650 SpringBoard(FrontBoard)[47602] <Info>: [sceneID:dev.selfhost.firstActivationProbe-default] didUpdateClientSettingsWithDiff: <private>
Aug 28 14:01:52.274668 SpringBoard(FrontBoard)[47602] <Debug>: [FBSceneManager] PENDING:   <BSEventQueueEvent: 0x281d78240; handleDidUpdateClientSettings-sceneID:dev.selfhost.firstActivationProbe-default(2)> @ back
Aug 28 14:01:52.274705 SpringBoard(FrontBoard)[47602] <Debug>: [FBSceneManager] EXECUTING: <BSEventQueueEvent: 0x281d78240; handleDidUpdateClientSettings-sceneID:dev.selfhost.firstActivationProbe-default(2)>
Aug 28 14:01:52.274881 SpringBoard(FrontBoard)[47602] <Debug>: [FBSceneManager] PENDING:   <BSEventQueueEvent: 0x281d60de0; didUpdateClientSettings-sceneID:dev.selfhost.firstActivationProbe-default(2)> @ back
Aug 28 14:01:52.274916 SpringBoard(FrontBoard)[47602] <Debug>: [FBSceneManager] PENDING:   <BSEventQueueEvent: 0x281c24460; didUpdateClientSettingsCompletion-sceneID:dev.selfhost.firstActivationProbe-default(2)> @ back
Aug 28 14:01:52.275506 SpringBoard(FrontBoard)[47602] <Debug>: [FBSceneManager] EXECUTING: <BSEventQueueEvent: 0x281d60de0; didUpdateClientSettings-sceneID:dev.selfhost.firstActivationProbe-default(2)>
Aug 28 14:01:52.275543 SpringBoard(FrontBoard)[47602] <Debug>: [FBSceneManager] PENDING:   <BSEventQueueEvent: 0x281dd5140; didUpdateClientSettings-sceneID:dev.selfhost.firstActivationProbe-default(2)> @ front
Aug 28 14:01:52.275575 SpringBoard(FrontBoard)[47602] <Debug>: [FBSceneManager] EXECUTING: <BSEventQueueEvent: 0x281dd5140; didUpdateClientSettings-sceneID:dev.selfhost.firstActivationProbe-default(2)>
Aug 28 14:01:52.277130 SpringBoard(FrontBoard)[47602] <Debug>: [FBSceneManager] EXECUTING: <BSEventQueueEvent: 0x281c24460; didUpdateClientSettingsCompletion-sceneID:dev.selfhost.firstActivationProbe-default(2)>
Aug 28 14:01:52.278047 SpringBoard(FrontBoard)[47602] <Info>: [sceneID:dev.selfhost.firstActivationProbe-default] didUpdateClientSettingsWithDiff: <private>
Aug 28 14:01:52.278077 SpringBoard(FrontBoard)[47602] <Debug>: [FBSceneManager] PENDING:   <BSEventQueueEvent: 0x281c24680; handleDidUpdateClientSettings-sceneID:dev.selfhost.firstActivationProbe-default(2)> @ back
Aug 28 14:01:52.278111 SpringBoard(FrontBoard)[47602] <Debug>: [FBSceneManager] EXECUTING: <BSEventQueueEvent: 0x281c24680; handleDidUpdateClientSettings-sceneID:dev.selfhost.firstActivationProbe-default(2)>
Aug 28 14:01:52.278501 SpringBoard(FrontBoard)[47602] <Debug>: [FBSceneManager] PENDING:   <BSEventQueueEvent: 0x281c27c60; didUpdateClientSettings-sceneID:dev.selfhost.firstActivationProbe-default(2)> @ back
Aug 28 14:01:52.278575 SpringBoard(FrontBoard)[47602] <Debug>: [FBSceneManager] PENDING:   <BSEventQueueEvent: 0x281c276c0; didUpdateClientSettingsCompletion-sceneID:dev.selfhost.firstActivationProbe-default(2)> @ back
Aug 28 14:01:52.278929 SpringBoard(FrontBoard)[47602] <Debug>: [FBSceneManager] EXECUTING: <BSEventQueueEvent: 0x281c27c60; didUpdateClientSettings-sceneID:dev.selfhost.firstActivationProbe-default(2)>
Aug 28 14:01:52.279043 SpringBoard(FrontBoard)[47602] <Debug>: [FBSceneManager] PENDING:   <BSEventQueueEvent: 0x281d60980; didUpdateClientSettings-sceneID:dev.selfhost.firstActivationProbe-default(2)> @ front
Aug 28 14:01:52.279081 SpringBoard(FrontBoard)[47602] <Debug>: [FBSceneManager] EXECUTING: <BSEventQueueEvent: 0x281d60980; didUpdateClientSettings-sceneID:dev.selfhost.firstActivationProbe-default(2)>
Aug 28 14:01:52.279797 SpringBoard(FrontBoard)[47602] <Debug>: [FBSceneManager] EXECUTING: <BSEventQueueEvent: 0x281c276c0; didUpdateClientSettingsCompletion-sceneID:dev.selfhost.firstActivationProbe-default(2)>
Aug 28 14:01:52.280072 SpringBoard(FrontBoard)[47602] <Info>: [sceneID:dev.selfhost.firstActivationProbe-default] didUpdateClientSettingsWithDiff: <private>
Aug 28 14:01:52.280133 SpringBoard(FrontBoard)[47602] <Debug>: [FBSceneManager] PENDING:   <BSEventQueueEvent: 0x281d4d4c0; handleDidUpdateClientSettings-sceneID:dev.selfhost.firstActivationProbe-default(2)> @ back
Aug 28 14:01:52.280188 SpringBoard(FrontBoard)[47602] <Debug>: [FBSceneManager] EXECUTING: <BSEventQueueEvent: 0x281d4d4c0; handleDidUpdateClientSettings-sceneID:dev.selfhost.firstActivationProbe-default(2)>
Aug 28 14:01:52.280582 SpringBoard(FrontBoard)[47602] <Debug>: [FBSceneManager] PENDING:   <BSEventQueueEvent: 0x281c26680; didUpdateClientSettings-sceneID:dev.selfhost.firstActivationProbe-default(2)> @ back
Aug 28 14:01:52.280723 SpringBoard(FrontBoard)[47602] <Debug>: [FBSceneManager] PENDING:   <BSEventQueueEvent: 0x281c27c60; didUpdateClientSettingsCompletion-sceneID:dev.selfhost.firstActivationProbe-default(2)> @ back
Aug 28 14:01:52.281191 SpringBoard(FrontBoard)[47602] <Debug>: [FBSceneManager] EXECUTING: <BSEventQueueEvent: 0x281c26680; didUpdateClientSettings-sceneID:dev.selfhost.firstActivationProbe-default(2)>
Aug 28 14:01:52.281225 SpringBoard(FrontBoard)[47602] <Debug>: [FBSceneManager] PENDING:   <BSEventQueueEvent: 0x281d50aa0; didUpdateClientSettings-sceneID:dev.selfhost.firstActivationProbe-default(2)> @ front
Aug 28 14:01:52.281254 SpringBoard(FrontBoard)[47602] <Debug>: [FBSceneManager] EXECUTING: <BSEventQueueEvent: 0x281d50aa0; didUpdateClientSettings-sceneID:dev.selfhost.firstActivationProbe-default(2)>
Aug 28 14:01:52.281560 SpringBoard(FrontBoard)[47602] <Debug>: [FBSceneManager] EXECUTING: <BSEventQueueEvent: 0x281c27c60; didUpdateClientSettingsCompletion-sceneID:dev.selfhost.firstActivationProbe-default(2)>
Aug 28 14:01:52.281719 Runner(UIKitCore)[57802] <Notice>: Window did become application key: UIWindow: 0x105b240b0; contextId: 0xF0447C91; scene identity: com.apple.frontboard.systemappservices::sceneID%3Adev.selfhost.firstActivationProbe-default
Aug 28 14:01:52.281856 Runner(UIKitCore)[57802] <Notice>: [0x283d72220] Begin local event deferring requested for token: 0x28356c1e0; environments: 1; reason: UIWindowScene: 0x105b0bff0: Begin event deferring in keyboardFocus for window: 0x105b240b0
Aug 28 14:01:52.281905 Runner(CoreFoundation)[57802] <Debug>: found no value for key LogKeyboardFocus in CFPrefsSearchListSource<0x283870d80> (Domain: com.apple.UIKit, Container: (null))
Aug 28 14:01:52.281940 Runner(CoreFoundation)[57802] <Debug>: Resource lookup at <private>
Aug 28 14:01:52.281960 Runner(CoreFoundation)[57802] <Debug>: Resource lookup at <private>
Aug 28 14:01:52.281978 Runner(CoreFoundation)[57802] <Debug>: Resource lookup at <private>
Aug 28 14:01:52.281997 Runner(CoreFoundation)[57802] <Debug>: found no value for key NSConstraintBasedLayoutLogPivotCounts in CFPrefsSearchListSource<0x283871400> (Domain: dev.selfhost.firstActivationProbe, Container: (null))
Aug 28 14:01:52.282033 Runner(CoreFoundation)[57802] <Debug>: Resource lookup at <private>
Aug 28 14:01:52.282057 Runner(CoreFoundation)[57802] <Debug>: found no value for key NSConstraintBasedLayoutTrackDirtyObservables in CFPrefsSearchListSource<0x283871400> (Domain: dev.selfhost.firstActivationProbe, Container: (null))
Aug 28 14:01:52.282075 Runner(CoreFoundation)[57802] <Debug>: found no value for key LogAppLifecycle in CFPrefsSearchListSource<0x283870d80> (Domain: com.apple.UIKit, Container: (null))
Aug 28 14:01:52.282099 Runner(UIKitCore)[57802] <Notice>: sceneOfRecord: sceneID: sceneID:dev.selfhost.firstActivationProbe-default  persistentID: E58381BF-9609-426A-9CBF-219636271D47
Aug 28 14:01:52.282122 Runner(UIKitCore)[57802] <Notice>: Ignoring already applied deactivation reason: 5; deactivation reasons: 2080
Aug 28 14:01:52.282141 Runner(UIKitCore)[57802] <Debug>: Setting device orientation to 1 and sending notification.
Aug 28 14:01:52.282159 Runner(UIKitCore)[57802] <Notice>: Deactivation reason added: 12; deactivation reasons: 2080 -> 6176; animating application lifecycle event: 1
Aug 28 14:01:52.282199 Runner(CoreFoundation)[57802] <Debug>: Resource lookup at <private>
Aug 28 14:01:52.282368 SpringBoard(FrontBoard)[47602] <Notice>: [sceneID:dev.selfhost.firstActivationProbe-default] Scene action [Logical Activate][0x19a3] completed with success: 1
Aug 28 14:01:52.282387 SpringBoard(FrontBoardServices)[47602] <Info>: [application<dev.selfhost.firstActivationProbe>:57802] [realTime] Stopped monitoring.
Aug 28 14:01:52.282427 SpringBoard(FrontBoardServices)[47602] <Debug>: [application<dev.selfhost.firstActivationProbe>:57802] [realTime] Updated resource consumption: 0.119s (0.60%)
Aug 28 14:01:52.282450 SpringBoard(FrontBoardServices)[47602] <Debug>: [application<dev.selfhost.firstActivationProbe>:57802] Invalidating <FBProcessWatchdog: 0x283e82a30; name: scene-create; time: 20.00s>
Aug 28 14:01:52.282468 SpringBoard(FrontBoardServices)[47602] <Debug>: [application<dev.selfhost.firstActivationProbe>:57802] [realTime] Invalidated
Aug 28 14:01:52.282489 SpringBoard(FrontBoard)[47602] <Notice>: [sceneID:dev.selfhost.firstActivationProbe-default] scene content state changed: ready
Aug 28 14:01:52.282539 SpringBoard(FrontBoard)[47602] <Debug>: [FBSceneManager] PENDING:   <BSEventQueueEvent: 0x281dfbf00; contentStateDidChange-sceneID:dev.selfhost.firstActivationProbe-default(2)> @ back
Aug 28 14:01:52.282576 SpringBoard(FrontBoard)[47602] <Debug>: [FBSceneManager] EXECUTING: <BSEventQueueEvent: 0x281dfbf00; contentStateDidChange-sceneID:dev.selfhost.firstActivationProbe-default(2)>
Aug 28 14:01:52.282599 SpringBoard(FrontBoard)[47602] <Debug>: [FBSceneManager] PENDING:   <BSEventQueueEvent: 0x281df7a80; contentStateDidChange-sceneID:dev.selfhost.firstActivationProbe-default(2)> @ front
Aug 28 14:01:52.282617 SpringBoard(FrontBoard)[47602] <Debug>: [FBSceneManager] EXECUTING: <BSEventQueueEvent: 0x281df7a80; contentStateDidChange-sceneID:dev.selfhost.firstActivationProbe-default(2)>
Aug 28 14:01:52.282635 SpringBoard(FrontBoard)[47602] <Info>: [sceneID:dev.selfhost.firstActivationProbe-default] Client settings updated with diff: <private>
Aug 28 14:01:52.282654 Runner(UIKitCore)[57802] <Notice>: Deactivation reason removed: 11; deactivation reasons: 6176 -> 4128; animating application lifecycle event: 1
Aug 28 14:01:52.282672 Runner(CoreFoundation)[57802] <Debug>: found no value for key CAEnableDeepFramebuffer in CFPrefsSearchListSource<0x283871400> (Domain: dev.selfhost.firstActivationProbe, Container: (null))
Aug 28 14:01:52.282753 Runner(AggregateDictionary)[57802] <Notice>: AggregateDictionary is deprecated and will be removed in this release. Please migrate to Core Analytics.
Aug 28 14:01:52.282998 SpringBoard(FrontBoard)[47602] <Info>: Client intercepting scene update for scene: sceneID:dev.selfhost.firstActivationProbe-default
Aug 28 14:01:52.283044 SpringBoard(FrontBoard)[47602] <Debug>: START SCENE MUTATION ------- sceneID:dev.selfhost.firstActivationProbe-default
Aug 28 14:01:52.283083 SpringBoard(FrontBoard)[47602] <Debug>: [FBSceneManager] PENDING:   <BSEventQueueEvent: 0x281c25140; sceneUpdatePrepared-sceneID:dev.selfhost.firstActivationProbe-default(3)> @ back
Aug 28 14:01:52.283124 SpringBoard(FrontBoard)[47602] <Debug>: Executing pended events before sceneID:dev.selfhost.firstActivationProbe-default: (
Aug 28 14:01:52.283250 SpringBoard(FrontBoard)[47602] <Debug>: [FBSceneManager] PENDING:   <BSEventQueueEvent: 0x281c242c0; applySettings-sceneID:dev.selfhost.firstActivationProbe-default(3)> @ back
Aug 28 14:01:52.283292 SpringBoard(FrontBoard)[47602] <Debug>: Flushing all events for sceneID:dev.selfhost.firstActivationProbe-default
Aug 28 14:01:52.283478 SpringBoard(FrontBoard)[47602] <Debug>: [FBSceneManager] EXECUTING: <BSEventQueueEvent: 0x281c25140; sceneUpdatePrepared-sceneID:dev.selfhost.firstActivationProbe-default(3)>
Aug 28 14:01:52.283543 SpringBoard(FrontBoard)[47602] <Debug>: [FBSceneManager] PENDING:   <BSEventQueueEvent: 0x281c254e0; sceneUpdatePrepared-sceneID:dev.selfhost.firstActivationProbe-default(3)> @ front
Aug 28 14:01:52.283603 SpringBoard(FrontBoard)[47602] <Debug>: [FBSceneManager] EXECUTING: <BSEventQueueEvent: 0x281c254e0; sceneUpdatePrepared-sceneID:dev.selfhost.firstActivationProbe-default(3)>
Aug 28 14:01:52.283768 SpringBoard(FrontBoard)[47602] <Debug>: [FBSceneManager] EXECUTING: <BSEventQueueEvent: 0x281c242c0; applySettings-sceneID:dev.selfhost.firstActivationProbe-default(3)>
Aug 28 14:01:52.283833 SpringBoard(FrontBoard)[47602] <Debug>: [FBSceneManager] PENDING:   <BSEventQueueEvent: 0x281c267e0; sceneUpdateApplied-sceneID:dev.selfhost.firstActivationProbe-default(3)> @ back
Aug 28 14:01:52.283875 SpringBoard(FrontBoard)[47602] <Debug>: [FBSceneManager] PENDING:   <BSEventQueueEvent: 0x281c24520; sceneMutationCompletion-sceneID:dev.selfhost.firstActivationProbe-default(3)> @ back
Aug 28 14:01:52.283928 SpringBoard(FrontBoard)[47602] <Debug>: [FBSceneManager] EXECUTING: <BSEventQueueEvent: 0x281c267e0; sceneUpdateApplied-sceneID:dev.selfhost.firstActivationProbe-default(3)>
Aug 28 14:01:52.283978 SpringBoard(FrontBoard)[47602] <Debug>: [FBSceneManager] PENDING:   <BSEventQueueEvent: 0x281d874c0; sceneUpdateApplied-sceneID:dev.selfhost.firstActivationProbe-default(3)> @ front
Aug 28 14:01:52.284021 SpringBoard(FrontBoard)[47602] <Debug>: [FBSceneManager] EXECUTING: <BSEventQueueEvent: 0x281d874c0; sceneUpdateApplied-sceneID:dev.selfhost.firstActivationProbe-default(3)>
Aug 28 14:01:52.284120 SpringBoard(FrontBoard)[47602] <Info>: [sceneID:dev.selfhost.firstActivationProbe-default] Sending scene action [Forward Event][0x6067] to process 0x10a184770 (watchdog: none)
Aug 28 14:01:52.284292 SpringBoard(FrontBoard)[47602] <Debug>: [FBSceneManager] EXECUTING: <BSEventQueueEvent: 0x281c24520; sceneMutationCompletion-sceneID:dev.selfhost.firstActivationProbe-default(3)>
Aug 28 14:01:52.284383 SpringBoard(FrontBoard)[47602] <Debug>: ---------- END SCENE MUTATION: sceneID:dev.selfhost.firstActivationProbe-default
Aug 28 14:01:52.284667 SpringBoard(KeyboardArbiter)[47602] <Debug>: [_UIKeyboardArbiter] Received new connection [<_UIKeyboardArbiterHandle: 0x282a12c00; PID 57802: dev.selfhost.firstActivationProbe <(null)>; hosting PIDs {(
Aug 28 14:01:52.284760 SpringBoard(FrontBoard)[47602] <Debug>: [FBSceneManager] PENDING:   <BSEventQueueEvent: 0x281daa1e0; updateComplete-sceneID:dev.selfhost.firstActivationProbe-default(3)> @ back
Aug 28 14:01:52.284807 SpringBoard(FrontBoard)[47602] <Debug>: [FBSceneManager] EXECUTING: <BSEventQueueEvent: 0x281daa1e0; updateComplete-sceneID:dev.selfhost.firstActivationProbe-default(3)>
Aug 28 14:01:52.285084 SpringBoard(RunningBoardServices)[47602] <Notice>: Updating configuration of monitor <RBSProcessMonitorConfiguration| id:M47602-8 qos:25 predicates:[<RBSProcessPredicate <RBSCompoundAllPredicate [<RBSCompoundAllPredicate [<RBSProcessEUIDPredicate 501>, <RBSProcessBKSLegacyPredicate>]>, <RBSProcessBundleIdentifierPredicate "com.apple.springboard">]>>, <RBSProcessPredicate <RBSCompoundAllPredicate [<RBSCompoundAllPredicate [<RBSProcessEUIDPredicate 501>, <RBSProcessBKSLegacyPredicate>]>, <RBSProcessBundleIdentifierPredicate "dev.selfhost.firstActivationProbe">]>>] descriptor:<RBSProcessStateDescriptor| values:9 namespaces:[com.apple.frontboard.visibility]> events:0x0>
<SBSceneReadySwitcherModifierEvent: 0x281c27c00; type: SceneReady; appLayout: <SBAppLayout: 0x2808e2980; primary: dev.selfhost.firstActivationProbe:default; environment: main> {
            bundleIdentifier = dev.selfhost.firstActivationProbe;
            uniqueIdentifier = sceneID:dev.selfhost.firstActivationProbe-default;
Aug 28 14:01:52.285667 SpringBoard(FrontBoard)[47602] <Debug>: [FBSceneManager] PENDING:   <BSEventQueueEvent: 0x281c4b760; sceneUpdateCompleted-sceneID:dev.selfhost.firstActivationProbe-default(3)> @ back
Aug 28 14:01:52.285689 SpringBoard(FrontBoard)[47602] <Debug>: [FBSceneManager] EXECUTING: <BSEventQueueEvent: 0x281c4b760; sceneUpdateCompleted-sceneID:dev.selfhost.firstActivationProbe-default(3)>
Aug 28 14:01:52.285735 SpringBoard(FrontBoard)[47602] <Debug>: [FBSceneManager] PENDING:   <BSEventQueueEvent: 0x281c53020; sceneUpdateCompleted-sceneID:dev.selfhost.firstActivationProbe-default(3)> @ front
Aug 28 14:01:52.285763 SpringBoard(FrontBoard)[47602] <Debug>: [FBSceneManager] EXECUTING: <BSEventQueueEvent: 0x281c53020; sceneUpdateCompleted-sceneID:dev.selfhost.firstActivationProbe-default(3)>
Aug 28 14:01:52.285842 SpringBoard(KeyboardArbiter)[47602] <Debug>: [<_UIKeyboardArbiterHandle: 0x282a12c00; PID 57802: dev.selfhost.firstActivationProbe <(null)>; hosting PIDs {(
)}; level 0.000000; active NO [wants NO]; suppression 0; iav 0.000000; on screen NO>] startArbitrationWithExpectedState:sceneIdentity:hostingPIDs:usingFence:withSuppression:onConnected:: currentKeyboard: (null); sceneIdentity: com.apple.frontboard.systemappservices::sceneID%3Adev.selfhost.firstActivationProbe-default; pids: (
Aug 28 14:01:52.285903 SpringBoard(FrontBoard)[47602] <Info>: [sceneID:dev.selfhost.firstActivationProbe-default] didUpdateClientSettingsWithDiff: <private>
Aug 28 14:01:52.285962 SpringBoard(KeyboardArbiter)[47602] <Debug>: [_UIKeyboardArbiter] Handler requested focus: <_UIKeyboardArbiterHandle: 0x282a12c00; PID 57802: dev.selfhost.firstActivationProbe <com.apple.frontboard.systemappservices::sceneID%3Adev.selfhost.firstActivationProbe-default>; hosting PIDs {(
Aug 28 14:01:52.286003 SpringBoard(FrontBoard)[47602] <Debug>: [FBSceneManager] PENDING:   <BSEventQueueEvent: 0x281d59da0; handleDidUpdateClientSettings-sceneID:dev.selfhost.firstActivationProbe-default(3)> @ back
Aug 28 14:01:52.286052 SpringBoard(KeyboardArbiter)[47602] <Debug>: [_UIKeyboardArbiter] _focusRequestedHandle is now <_UIKeyboardArbiterHandle: 0x282a12c00; PID 57802: dev.selfhost.firstActivationProbe <com.apple.frontboard.systemappservices::sceneID%3Adev.selfhost.firstActivationProbe-default>; hosting PIDs {(
Aug 28 14:01:52.286092 SpringBoard(KeyboardArbiter)[47602] <Debug>: Advisor: Triggering reevaluation. Active PID: 57802, activeHandleID: com.apple.frontboard.systemappservices::sceneID%3Adev.selfhost.firstActivationProbe-default
Aug 28 14:01:52.286132 SpringBoard(FrontBoard)[47602] <Debug>: [FBSceneManager] EXECUTING: <BSEventQueueEvent: 0x281d59da0; handleDidUpdateClientSettings-sceneID:dev.selfhost.firstActivationProbe-default(3)>
Aug 28 14:01:52.286222 SpringBoard(KeyboardArbiter)[47602] <Debug>: Advisor: KeyboardFocus from _activeHandleForFocusEvaluation [<_UIKeyboardArbiterHandle: 0x282a12c00; PID 57802: dev.selfhost.firstActivationProbe <com.apple.frontboard.systemappservices::sceneID%3Adev.selfhost.firstActivationProbe-default>; hosting PIDs {(
Aug 28 14:01:52.286274 SpringBoard(FrontBoard)[47602] <Debug>: [FBSceneManager] PENDING:   <BSEventQueueEvent: 0x281c24420; didUpdateClientSettings-sceneID:dev.selfhost.firstActivationProbe-default(3)> @ back
Aug 28 14:01:52.286315 SpringBoard(FrontBoard)[47602] <Debug>: [FBSceneManager] PENDING:   <BSEventQueueEvent: 0x281c258a0; didUpdateClientSettingsCompletion-sceneID:dev.selfhost.firstActivationProbe-default(3)> @ back
Aug 28 14:01:52.286412 SpringBoard(FrontBoard)[47602] <Debug>: [FBSceneManager] EXECUTING: <BSEventQueueEvent: 0x281c24420; didUpdateClientSettings-sceneID:dev.selfhost.firstActivationProbe-default(3)>
Aug 28 14:01:52.286430 SpringBoard(FrontBoard)[47602] <Debug>: [FBSceneManager] PENDING:   <BSEventQueueEvent: 0x281c24300; didUpdateClientSettings-sceneID:dev.selfhost.firstActivationProbe-default(3)> @ front
Aug 28 14:01:52.286449 SpringBoard[47602] <Notice>: advisor: gen:381 arbiter spec pid 57802 / com.apple.frontboard.systemappservices::sceneID%3Adev.selfhost.firstActivationProbe-default
Aug 28 14:01:52.286467 SpringBoard(FrontBoard)[47602] <Debug>: [FBSceneManager] EXECUTING: <BSEventQueueEvent: 0x281c24300; didUpdateClientSettings-sceneID:dev.selfhost.firstActivationProbe-default(3)>
Aug 28 14:01:52.286502 SpringBoard(KeyboardArbiter)[47602] <Debug>: Advisor: Deliberation result: com.apple.frontboard.systemappservices::sceneID%3Adev.selfhost.firstActivationProbe-default
Aug 28 14:01:52.286566 SpringBoard(FrontBoard)[47602] <Debug>: [FBSceneManager] EXECUTING: <BSEventQueueEvent: 0x281c258a0; didUpdateClientSettingsCompletion-sceneID:dev.selfhost.firstActivationProbe-default(3)>
        jetsamMode = default;
    "<_UIKeyboardArbiterHandle: 0x282a12c00; PID 57802: dev.selfhost.firstActivationProbe <com.apple.frontboard.systemappservices::sceneID%3Adev.selfhost.firstActivationProbe-default>; hosting PIDs {(\n)}; level 0.000000; active NO [wants NO]; suppression 0; iav 0.000000; on screen NO>"
Aug 28 14:01:52.286758 SpringBoard[47602] <Notice>: advisor: target (from arbiter advice): <pid=57802 token=com.apple.frontboard.systemappservices::sceneID%3Adev.selfhost.firstActivationProbe-default>
Aug 28 14:01:52.286819 SpringBoard[47602] <Notice>: policy: input target:<pid=57802 token=com.apple.frontboard.systemappservices::sceneID%3Adev.selfhost.firstActivationProbe-default>
Aug 28 14:01:52.286850 SpringBoard[47602] <Notice>: rules: target changed from:(null) to <pid=57802 token=com.apple.frontboard.systemappservices::sceneID%3Adev.selfhost.firstActivationProbe-default>
Aug 28 14:01:52.286873 SpringBoard[47602] <Notice>: rules: defer (b4a8982e) -> <pid=57802 token=com.apple.frontboard.systemappservices::sceneID%3Adev.selfhost.firstActivationProbe-default>
    <environment: keyboardFocus; token: 0xB4A8982E> -> <pid: 57802; token: com.apple.frontboard.systemappservices::sceneID%3Adev.selfhost.firstActivationProbe-default> reason: "171-deferDiscrete: SpringBoard: outbound"
Aug 28 14:01:52.287900 backboardd(BackBoardHIDEventFoundation)[65] <Debug>:   SELECT: reject (doesn't match environment:keyboardFocus display:(null)) deferringRule:{<environment: keyboardFocus; token: 0xB4A8982E> -> <pid=57802 token=com.apple.frontboard.systemappservices::sceneID%3Adev.selfhost.firstActivationProbe-default> : 171-deferDiscrete: SpringBoard: outbound} (main)
Aug 28 14:01:52.288482 backboardd(BackBoardHIDEventFoundation)[65] <Debug>:   SELECT: reject (doesn't match environment:keyboardFocus display:builtin) deferringRule:{<environment: keyboardFocus; token: 0xB4A8982E> -> <pid=57802 token=com.apple.frontboard.systemappservices::sceneID%3Adev.selfhost.firstActivationProbe-default> : 171-deferDiscrete: SpringBoard: outbound} (main)
Aug 28 14:01:52.289206 backboardd(BackBoardHIDEventFoundation)[65] <Debug>:   SELECT: complete deferringRule:{<environment: keyboardFocus; token: 0xB4A8982E> -> <pid=57802 token=com.apple.frontboard.systemappservices::sceneID%3Adev.selfhost.firstActivationProbe-default> : 171-deferDiscrete: SpringBoard: outbound}
Aug 28 14:01:52.289229 backboardd(BackBoardHIDEventFoundation)[65] <Debug>:    RDC selected: {<environment: keyboardFocus; token: 0xB4A8982E> -> <pid=57802 token=com.apple.frontboard.systemappservices::sceneID%3Adev.selfhost.firstActivationProbe-default> : 171-deferDiscrete: SpringBoard: outbound}
Aug 28 14:01:52.289402 backboardd(BackBoardHIDEventFoundation)[65] <Debug>:   SELECT: complete deferringRule:{<environment: keyboardFocus; display: builtin; token: com.apple.frontboard.systemappservices::sceneID%3Adev.selfhost.firstActivationProbe-default> -> <pid=57802 token=f0447c91> : 1-deferDiscrete: UIWindowScene: 0x105b0bff0: Begin event deferring in keyboardFocus for window: 0x105b240b0}
Aug 28 14:01:52.289448 backboardd(BackBoardHIDEventFoundation)[65] <Debug>:    RDC selected: {<environment: keyboardFocus; display: builtin; token: com.apple.frontboard.systemappservices::sceneID%3Adev.selfhost.firstActivationProbe-default> -> <pid=57802 token=f0447c91> : 1-deferDiscrete: UIWindowScene: 0x105b0bff0: Begin event deferring in keyboardFocus for window: 0x105b240b0}
Aug 28 14:01:52.289960 backboardd(BackBoardHIDEventFoundation)[65] <Debug>:   SELECT: reject (doesn't match environment:system display:(null)) deferringRule:{<environment: keyboardFocus; token: 0xB4A8982E> -> <pid=57802 token=com.apple.frontboard.systemappservices::sceneID%3Adev.selfhost.firstActivationProbe-default> : 171-deferDiscrete: SpringBoard: outbound} (main)
Aug 28 14:01:52.290013 SpringBoard[47602] <Notice>: keyboardFocus environment target added to scene: sceneID:dev.selfhost.firstActivationProbe-default
Aug 28 14:01:52.290381 backboardd(BackBoardHIDEventFoundation)[65] <Debug>:   SELECT: reject (doesn't match environment:system display:(null)) deferringRule:{<environment: keyboardFocus; token: 0xB4A8982E> -> <pid=57802 token=com.apple.frontboard.systemappservices::sceneID%3Adev.selfhost.firstActivationProbe-default> : 171-deferDiscrete: SpringBoard: outbound} (main)
Aug 28 14:01:52.290418 SpringBoard(FrontBoard)[47602] <Info>: Client intercepting scene update for scene: sceneID:dev.selfhost.firstActivationProbe-default
Aug 28 14:01:52.290503 SpringBoard(FrontBoard)[47602] <Debug>: START SCENE MUTATION ------- sceneID:dev.selfhost.firstActivationProbe-default
Aug 28 14:01:52.290579 SpringBoard(FrontBoard)[47602] <Debug>: [FBSceneManager] PENDING:   <BSEventQueueEvent: 0x281c248c0; sceneUpdatePrepared-sceneID:dev.selfhost.firstActivationProbe-default(4)> @ back
Aug 28 14:01:52.290611 SpringBoard(FrontBoard)[47602] <Debug>: [FBSceneManager] PENDING:   <BSEventQueueEvent: 0x281c27600; applySettings-sceneID:dev.selfhost.firstActivationProbe-default(4)> @ back
Aug 28 14:01:52.290657 SpringBoard(FrontBoard)[47602] <Debug>: Flushing all events for sceneID:dev.selfhost.firstActivationProbe-default
Aug 28 14:01:52.290701 SpringBoard(FrontBoard)[47602] <Debug>: [FBSceneManager] EXECUTING: <BSEventQueueEvent: 0x281c248c0; sceneUpdatePrepared-sceneID:dev.selfhost.firstActivationProbe-default(4)>
Aug 28 14:01:52.291003 backboardd(BackBoardHIDEventFoundation)[65] <Debug>:   SELECT: reject (doesn't match environment:system display:(null)) deferringRule:{<environment: keyboardFocus; token: 0xB4A8982E> -> <pid=57802 token=com.apple.frontboard.systemappservices::sceneID%3Adev.selfhost.firstActivationProbe-default> : 171-deferDiscrete: SpringBoard: outbound} (main)
Aug 28 14:01:52.291371 SpringBoard(FrontBoard)[47602] <Debug>: [FBSceneManager] PENDING:   <BSEventQueueEvent: 0x281c27ae0; sceneUpdatePrepared-sceneID:dev.selfhost.firstActivationProbe-default(4)> @ front
Aug 28 14:01:52.291412 SpringBoard(FrontBoard)[47602] <Debug>: [FBSceneManager] EXECUTING: <BSEventQueueEvent: 0x281c27ae0; sceneUpdatePrepared-sceneID:dev.selfhost.firstActivationProbe-default(4)>
Aug 28 14:01:52.291514 backboardd(BackBoardHIDEventFoundation)[65] <Debug>:   SELECT: reject (doesn't match environment:keyboardFocus display:(null)) deferringRule:{<environment: keyboardFocus; token: 0xB4A8982E> -> <pid=57802 token=com.apple.frontboard.systemappservices::sceneID%3Adev.selfhost.firstActivationProbe-default> : 171-deferDiscrete: SpringBoard: outbound} (main)
Aug 28 14:01:52.291702 SpringBoard(FrontBoard)[47602] <Debug>: [FBSceneManager] EXECUTING: <BSEventQueueEvent: 0x281c27600; applySettings-sceneID:dev.selfhost.firstActivationProbe-default(4)>
Aug 28 14:01:52.291898 backboardd(BackBoardHIDEventFoundation)[65] <Debug>:   SELECT: reject (doesn't match environment:keyboardFocus display:builtin) deferringRule:{<environment: keyboardFocus; token: 0xB4A8982E> -> <pid=57802 token=com.apple.frontboard.systemappservices::sceneID%3Adev.selfhost.firstActivationProbe-default> : 171-deferDiscrete: SpringBoard: outbound} (main)
Aug 28 14:01:52.291932 SpringBoard(FrontBoard)[47602] <Debug>: [FBSceneManager] PENDING:   <BSEventQueueEvent: 0x281c276e0; sceneUpdateApplied-sceneID:dev.selfhost.firstActivationProbe-default(4)> @ back
Aug 28 14:01:52.291960 SpringBoard(FrontBoard)[47602] <Debug>: [FBSceneManager] PENDING:   <BSEventQueueEvent: 0x281c67520; sceneMutationCompletion-sceneID:dev.selfhost.firstActivationProbe-default(4)> @ back
Aug 28 14:01:52.291978 SpringBoard(FrontBoard)[47602] <Debug>: [FBSceneManager] EXECUTING: <BSEventQueueEvent: 0x281c276e0; sceneUpdateApplied-sceneID:dev.selfhost.firstActivationProbe-default(4)>
Aug 28 14:01:52.292051 SpringBoard(FrontBoard)[47602] <Info>: [sceneID:dev.selfhost.firstActivationProbe-default] Sending scene action [Forward Event][0x8d7] to process 0x10a184770 (watchdog: none)
Aug 28 14:01:52.292177 SpringBoard(FrontBoard)[47602] <Debug>: [FBSceneManager] PENDING:   <BSEventQueueEvent: 0x281c26560; sceneUpdateApplied-sceneID:dev.selfhost.firstActivationProbe-default(4)> @ front
Aug 28 14:01:52.292196 SpringBoard(FrontBoard)[47602] <Debug>: [FBSceneManager] EXECUTING: <BSEventQueueEvent: 0x281c26560; sceneUpdateApplied-sceneID:dev.selfhost.firstActivationProbe-default(4)>
Aug 28 14:01:52.292427 backboardd(BackBoardHIDEventFoundation)[65] <Debug>:   SELECT: complete deferringRule:{<environment: keyboardFocus; token: 0xB4A8982E> -> <pid=57802 token=com.apple.frontboard.systemappservices::sceneID%3Adev.selfhost.firstActivationProbe-default> : 171-deferDiscrete: SpringBoard: outbound}
Aug 28 14:01:52.292450 SpringBoard(FrontBoard)[47602] <Debug>: [FBSceneManager] EXECUTING: <BSEventQueueEvent: 0x281c67520; sceneMutationCompletion-sceneID:dev.selfhost.firstActivationProbe-default(4)>
Aug 28 14:01:52.292498 SpringBoard(FrontBoard)[47602] <Debug>: ---------- END SCENE MUTATION: sceneID:dev.selfhost.firstActivationProbe-default
Aug 28 14:01:52.293454 backboardd(BackBoardHIDEventFoundation)[65] <Debug>:    RDC selected: {<environment: keyboardFocus; token: 0xB4A8982E> -> <pid=57802 token=com.apple.frontboard.systemappservices::sceneID%3Adev.selfhost.firstActivationProbe-default> : 171-deferDiscrete: SpringBoard: outbound}
Aug 28 14:01:52.293691 backboardd(BackBoardHIDEventFoundation)[65] <Debug>:   SELECT: complete deferringRule:{<environment: keyboardFocus; display: builtin; token: com.apple.frontboard.systemappservices::sceneID%3Adev.selfhost.firstActivationProbe-default> -> <pid=57802 token=f0447c91> : 1-deferDiscrete: UIWindowScene: 0x105b0bff0: Begin event deferring in keyboardFocus for window: 0x105b240b0}
Aug 28 14:01:52.293745 backboardd(BackBoardHIDEventFoundation)[65] <Debug>:    RDC selected: {<environment: keyboardFocus; display: builtin; token: com.apple.frontboard.systemappservices::sceneID%3Adev.selfhost.firstActivationProbe-default> -> <pid=57802 token=f0447c91> : 1-deferDiscrete: UIWindowScene: 0x105b0bff0: Begin event deferring in keyboardFocus for window: 0x105b240b0}
Aug 28 14:01:52.294316 backboardd(BackBoardHIDEventFoundation)[65] <Debug>:   SELECT: reject (doesn't match environment:system display:(null)) deferringRule:{<environment: keyboardFocus; token: 0xB4A8982E> -> <pid=57802 token=com.apple.frontboard.systemappservices::sceneID%3Adev.selfhost.firstActivationProbe-default> : 171-deferDiscrete: SpringBoard: outbound} (main)
Aug 28 14:01:52.294904 backboardd(BackBoardHIDEventFoundation)[65] <Debug>:   SELECT: reject (doesn't match environment:system display:(null)) deferringRule:{<environment: keyboardFocus; token: 0xB4A8982E> -> <pid=57802 token=com.apple.frontboard.systemappservices::sceneID%3Adev.selfhost.firstActivationProbe-default> : 171-deferDiscrete: SpringBoard: outbound} (main)
Aug 28 14:01:52.295706 backboardd(BackBoardHIDEventFoundation)[65] <Debug>:   SELECT: reject (doesn't match environment:keyboardFocus display:builtin) deferringRule:{<environment: keyboardFocus; token: 0xB4A8982E> -> <pid=57802 token=com.apple.frontboard.systemappservices::sceneID%3Adev.selfhost.firstActivationProbe-default> : 171-deferDiscrete: SpringBoard: outbound} (main)
Aug 28 14:01:52.296339 backboardd(BackBoardHIDEventFoundation)[65] <Debug>:   SELECT: reject (doesn't match environment:keyboardFocus display:builtin) deferringRule:{<environment: keyboardFocus; token: 0xB4A8982E> -> <pid=57802 token=com.apple.frontboard.systemappservices::sceneID%3Adev.selfhost.firstActivationProbe-default> : 171-deferDiscrete: SpringBoard: outbound} (main)
Aug 28 14:01:52.296785 backboardd(BackBoardHIDEventFoundation)[65] <Debug>:   SELECT: complete deferringRule:{<environment: keyboardFocus; token: 0xB4A8982E> -> <pid=57802 token=com.apple.frontboard.systemappservices::sceneID%3Adev.selfhost.firstActivationProbe-default> : 171-deferDiscrete: SpringBoard: outbound}
Aug 28 14:01:52.296821 backboardd(BackBoardHIDEventFoundation)[65] <Debug>:    RDC selected: {<environment: keyboardFocus; token: 0xB4A8982E> -> <pid=57802 token=com.apple.frontboard.systemappservices::sceneID%3Adev.selfhost.firstActivationProbe-default> : 171-deferDiscrete: SpringBoard: outbound}
Aug 28 14:01:52.296975 backboardd(BackBoardHIDEventFoundation)[65] <Debug>:   SELECT: complete deferringRule:{<environment: keyboardFocus; display: builtin; token: com.apple.frontboard.systemappservices::sceneID%3Adev.selfhost.firstActivationProbe-default> -> <pid=57802 token=f0447c91> : 1-deferDiscrete: UIWindowScene: 0x105b0bff0: Begin event deferring in keyboardFocus for window: 0x105b240b0}
Aug 28 14:01:52.297124 backboardd(BackBoardHIDEventFoundation)[65] <Debug>:    RDC selected: {<environment: keyboardFocus; display: builtin; token: com.apple.frontboard.systemappservices::sceneID%3Adev.selfhost.firstActivationProbe-default> -> <pid=57802 token=f0447c91> : 1-deferDiscrete: UIWindowScene: 0x105b0bff0: Begin event deferring in keyboardFocus for window: 0x105b240b0}
Aug 28 14:01:52.297492 backboardd(BackBoardHIDEventFoundation)[65] <Debug>:   SELECT: reject (doesn't match environment:keyboardFocus display:null) deferringRule:{<environment: keyboardFocus; token: 0xB4A8982E> -> <pid=57802 token=com.apple.frontboard.systemappservices::sceneID%3Adev.selfhost.firstActivationProbe-default> : 171-deferDiscrete: SpringBoard: outbound} (main)
Aug 28 14:01:52.298076 backboardd(BackBoardHIDEventFoundation)[65] <Debug>:   SELECT: reject (doesn't match environment:keyboardFocus display:builtin) deferringRule:{<environment: keyboardFocus; token: 0xB4A8982E> -> <pid=57802 token=com.apple.frontboard.systemappservices::sceneID%3Adev.selfhost.firstActivationProbe-default> : 171-deferDiscrete: SpringBoard: outbound} (main)
Aug 28 14:01:52.298476 backboardd(BackBoardHIDEventFoundation)[65] <Debug>:   SELECT: complete deferringRule:{<environment: keyboardFocus; token: 0xB4A8982E> -> <pid=57802 token=com.apple.frontboard.systemappservices::sceneID%3Adev.selfhost.firstActivationProbe-default> : 171-deferDiscrete: SpringBoard: outbound}
Aug 28 14:01:52.298517 backboardd(BackBoardHIDEventFoundation)[65] <Debug>:    RDC selected: {<environment: keyboardFocus; token: 0xB4A8982E> -> <pid=57802 token=com.apple.frontboard.systemappservices::sceneID%3Adev.selfhost.firstActivationProbe-default> : 171-deferDiscrete: SpringBoard: outbound}
Aug 28 14:01:52.298813 backboardd(BackBoardHIDEventFoundation)[65] <Debug>:   SELECT: complete deferringRule:{<environment: keyboardFocus; display: builtin; token: com.apple.frontboard.systemappservices::sceneID%3Adev.selfhost.firstActivationProbe-default> -> <pid=57802 token=f0447c91> : 1-deferDiscrete: UIWindowScene: 0x105b0bff0: Begin event deferring in keyboardFocus for window: 0x105b240b0}
Aug 28 14:01:52.298885 backboardd(BackBoardHIDEventFoundation)[65] <Debug>:    RDC selected: {<environment: keyboardFocus; display: builtin; token: com.apple.frontboard.systemappservices::sceneID%3Adev.selfhost.firstActivationProbe-default> -> <pid=57802 token=f0447c91> : 1-deferDiscrete: UIWindowScene: 0x105b0bff0: Begin event deferring in keyboardFocus for window: 0x105b240b0}
Aug 28 14:01:52.299596 Runner(UIKitCore)[57802] <Notice>: sceneOfRecord: sceneID: sceneID:dev.selfhost.firstActivationProbe-default  persistentID: E58381BF-9609-426A-9CBF-219636271D47
Aug 28 14:01:52.299647 Runner(Flutter)[57802] <Notice>: [shorebird] Reporting successful launch.
Aug 28 14:01:52.299738 runningboardd(RunningBoard)[33] <Notice>: Acquiring assertion targeting [application<dev.selfhost.firstActivationProbe>:57802](UIScene:com.apple.frontboard.systemappservices::sceneID%3Adev.selfhost.firstActivationProbe-default) from originator [daemon<com.apple.SpringBoard>:47602] with description <RBSAssertionDescriptor| "injecting inherited from "UIScene:com.apple.frontboard.systemappservices::com.apple.springboard" to 57802<UIScene:com.apple.frontboard.systemappservices::sceneID%3Adev.selfhost.firstActivationProbe-default>" ID:33-47602-7791 target:57802<UIScene:com.apple.frontboard.systemappservices::sceneID%3Adev.selfhost.firstActivationProbe-default> attributes:[
Aug 28 14:01:52.299784 runningboardd(RunningBoard)[33] <Notice>: Assertion 33-47602-7791 (target:[application<dev.selfhost.firstActivationProbe>:57802](UIScene:com.apple.frontboard.systemappservices::sceneID%3Adev.selfhost.firstActivationProbe-default)) will be created as active
Aug 28 14:01:52.299827 runningboardd(RunningBoard)[33] <Debug>: Adding assertion 33-47602-7791 (target:[application<dev.selfhost.firstActivationProbe>:57802](UIScene:com.apple.frontboard.systemappservices::sceneID%3Adev.selfhost.firstActivationProbe-default))
Aug 28 14:01:52.299924 runningboardd(RunningBoard)[33] <Info>: application<dev.selfhost.firstActivationProbe> is now targeted by 5 assertions
Aug 28 14:01:52.299966 runningboardd(RunningBoard)[33] <Debug>: Updating events for assertion: 33-47602-7791 (target:[application<dev.selfhost.firstActivationProbe>:57802](UIScene:com.apple.frontboard.systemappservices::sceneID%3Adev.selfhost.firstActivationProbe-default))
Aug 28 14:01:52.299991 SpringBoard(RunningBoardServices)[47602] <Info>: Acquiring assertion: <RBSAssertionDescriptor| "injecting inherited from "UIScene:com.apple.frontboard.systemappservices::com.apple.springboard" to 57802<UIScene:com.apple.frontboard.systemappservices::sceneID%3Adev.selfhost.firstActivationProbe-default>" ID:(null) target:57802<UIScene:com.apple.frontboard.systemappservices::sceneID%3Adev.selfhost.firstActivationProbe-default>>
Aug 28 14:01:52.304955 Runner(Flutter)[57802] <Notice>: [shorebird] Launch success for patch 6: prior_ambiguous_attempts=0 (recovery event suppressed: no prior ambiguity)
Aug 28 14:01:52.305023 Runner(UIKitCore)[57802] <Notice>: sceneOfRecord: sceneID: sceneID:dev.selfhost.firstActivationProbe-default  persistentID: E58381BF-9609-426A-9CBF-219636271D47
Aug 28 14:01:52.305086 Runner(UIKitCore)[57802] <Notice>: sceneOfRecord: sceneID: sceneID:dev.selfhost.firstActivationProbe-default  persistentID: E58381BF-9609-426A-9CBF-219636271D47
Aug 28 14:01:52.305162 Runner(UIKitCore)[57802] <Notice>: [0x283d72220] Scene target of event deferring environments did update: scene: 0x105b0bff0; current systemShellManagesKeyboardFocus: 1; systemShellManagesKeyboardFocusForScene: 1; eligibleForRecordRemoval: 1;
Aug 28 14:01:52.305201 Runner(UIKitCore)[57802] <Notice>: Scene became target of keyboard event deferring environment: UIWindowScene: 0x105b0bff0; scene identity: com.apple.frontboard.systemappservices::sceneID%3Adev.selfhost.firstActivationProbe-default
Aug 28 14:01:52.305225 Runner(CoreFoundation)[57802] <Debug>: found no value for key LogFirstResponderRestoration in CFPrefsSearchListSource<0x283870d80> (Domain: com.apple.UIKit, Container: (null))
Aug 28 14:01:52.324886 backboardd(BackBoardHIDEventFoundation)[65] <Debug>:   SELECT: reject (doesn't match environment:cameraButton display:builtin) deferringRule:{<environment: keyboardFocus; token: 0xB4A8982E> -> <pid=57802 token=com.apple.frontboard.systemappservices::sceneID%3Adev.selfhost.firstActivationProbe-default> : 171-deferDiscrete: SpringBoard: outbound} (main)
Aug 28 14:01:52.325245 runningboardd(RunningBoard)[33] <Debug>: Removing events for context: 33-47602-7791 (target:[application<dev.selfhost.firstActivationProbe>:57802](UIScene:com.apple.frontboard.systemappservices::sceneID%3Adev.selfhost.firstActivationProbe-default))
Aug 28 14:01:52.325287 runningboardd(RunningBoard)[33] <Debug>: Enqueueing events for assertion: 33-47602-7791 (target:[application<dev.selfhost.firstActivationProbe>:57802](UIScene:com.apple.frontboard.systemappservices::sceneID%3Adev.selfhost.firstActivationProbe-default))
Aug 28 14:01:52.325340 runningboardd(RunningBoard)[33] <Debug>: BEGIN suppressing state updates for application<dev.selfhost.firstActivationProbe>
Aug 28 14:01:52.325390 runningboardd(RunningBoard)[33] <Debug>: Sending state 0x1011eb640 for application<dev.selfhost.firstActivationProbe> to [daemon<com.apple.UserEventAgent-System>:30]
Aug 28 14:01:52.325549 runningboardd(RunningBoard)[33] <Debug>: Incrementing suppression state to 1 for application<dev.selfhost.firstActivationProbe>
Aug 28 14:01:52.325664 runningboardd(RunningBoard)[33] <Notice>: Calculated state for application<dev.selfhost.firstActivationProbe>: running-active (role: UserInteractiveFocal)
Aug 28 14:01:52.325764 runningboardd(RunningBoard)[33] <Info>: [application<dev.selfhost.firstActivationProbe>:57802] Applying updated state
Aug 28 14:01:52.328522 Runner(CoreFoundation)[57802] <Debug>: looked up value <private> for key AppleLanguages in CFPrefsPlistSource<0x283870f80> (Domain: kCFPreferencesAnyApplication, User: kCFPreferencesCurrentUser, ByHost: No, Container: (null), Contents Need Refresh: No) via CFPrefsSearchListSource<0x283871400> (Domain: dev.selfhost.firstActivationProbe, Container: (null))
Aug 28 14:01:52.328552 Runner(CoreFoundation)[57802] <Debug>: looked up value <private> for key AppleLanguages in CFPrefsPlistSource<0x283870f80> (Domain: kCFPreferencesAnyApplication, User: kCFPreferencesCurrentUser, ByHost: No, Container: (null), Contents Need Refresh: No) via CFPrefsSearchListSource<0x283871400> (Domain: dev.selfhost.firstActivationProbe, Container: (null))
Aug 28 14:01:52.328637 Runner(RunningBoardServices)[57802] <Debug>: Decoded RBSProcessHandle with IPC ID e0efc5b0000e1ca
Aug 28 14:01:52.329202 runningboardd(RunningBoard)[33] <Info>: Received message from [application<dev.selfhost.firstActivationProbe>:57802] (euid 501, auid 501): statesForPredicate:descriptor:error:
Aug 28 14:01:52.329284 runningboardd(RunningBoard)[33] <Info>: _predicatesMatchOnlyAllowedProcess allowing predicate matching self <RBSProcessPredicate <RBSProcessHandlePredicateImpl| application<dev.selfhost.firstActivationProbe>:57802>> for process [application<dev.selfhost.firstActivationProbe>:57802]
Aug 28 14:01:52.329348 runningboardd(RunningBoard)[33] <Debug>: SUPPRESSING state update for application<dev.selfhost.firstActivationProbe>: <RBSProcessState| task:running-active debug:none terminationResistance:Interactive endowments:[
	<RBSProcessAssertionInfo| type:2 reason:10000 name:"Domain" domain:"com.apple.frontboard:Bootstrap-Foreground,com.apple.frontboard:Visibility" expl:"FBApplicationProcess">,
	<RBSProcessAssertionInfo| type:1 reason:0 name:"Custom" domain:"(null)" expl:"injecting inherited from "UIScene:com.apple.frontboard.systemappservices::com.apple.springboard" to 57802<UIScene:com.apple.frontboard.systemappservices::sceneID%3Adev.selfhost.firstActivationProbe-default>">
Aug 28 14:01:52.330662 SpringBoard(FrontBoard)[47602] <Info>: [sceneID:dev.selfhost.firstActivationProbe-default] Client settings updated with diff: <private>
Aug 28 14:01:52.330983 SpringBoard(FrontBoard)[47602] <Info>: [sceneID:dev.selfhost.firstActivationProbe-default] didUpdateClientSettingsWithDiff: <private>
Aug 28 14:01:52.331030 SpringBoard(FrontBoard)[47602] <Debug>: [FBSceneManager] PENDING:   <BSEventQueueEvent: 0x281c3eda0; handleDidUpdateClientSettings-sceneID:dev.selfhost.firstActivationProbe-default(4)> @ back
Aug 28 14:01:52.331076 SpringBoard(FrontBoard)[47602] <Debug>: [FBSceneManager] EXECUTING: <BSEventQueueEvent: 0x281c3eda0; handleDidUpdateClientSettings-sceneID:dev.selfhost.firstActivationProbe-default(4)>
Aug 28 14:01:52.331296 SpringBoard(UserNotificationsServer)[47602] <Notice>: [dev.selfhost.firstActivationProbe] Foreground app will not request ephemeral notifications isAppClip: NO wantsEphemeral notifications: NO
Aug 28 14:01:52.331326 SpringBoard(FrontBoard)[47602] <Debug>: [FBSceneManager] PENDING:   <BSEventQueueEvent: 0x281c1a100; didUpdateClientSettings-sceneID:dev.selfhost.firstActivationProbe-default(4)> @ back
Aug 28 14:01:52.331384 SpringBoard(RunningBoardServices)[47602] <Info>: Update delivered for [application<dev.selfhost.firstActivationProbe>:57802] with taskState 4
Aug 28 14:01:52.331407 SpringBoard(FrontBoard)[47602] <Debug>: [FBSceneManager] PENDING:   <BSEventQueueEvent: 0x281c1a260; didUpdateClientSettingsCompletion-sceneID:dev.selfhost.firstActivationProbe-default(4)> @ back
Aug 28 14:01:52.331587 SpringBoard(RunningBoardServices)[47602] <Info>: Update skipped for [application<dev.selfhost.firstActivationProbe>:57802] with state: <RBSProcessState| task:running-active debug:none endowments:[
Aug 28 14:01:52.331747 Runner(RunningBoardServices)[57802] <Notice>: Creating side-channel connection to com.apple.runningboard
Aug 28 14:01:52.331795 Runner(RunningBoardServices)[57802] <Notice>: Hit the server for a process handle e0efc5b0000e1ca that resolved to: [application<dev.selfhost.firstActivationProbe>:57802]
Aug 28 14:01:52.331855 Runner(CoreFoundation)[57802] <Debug>: Resource lookup at <private>
Aug 28 14:01:52.331895 Runner(CoreFoundation)[57802] <Debug>: looked up value <private> for key VoiceOverTouchEnabled in CFPrefsPlistSource<0x283873680> (Domain: com.apple.Accessibility, User: kCFPreferencesCurrentUser, ByHost: No, Container: (null), Contents Need Refresh: No) via CFPrefsSearchListSource<0x283873600> (Domain: com.apple.Accessibility, Container: (null))
Aug 28 14:01:52.331940 Runner(libAccessibility.dylib)[57802] <Debug>: CF Read: domain = com.apple.Accessibility, preference = VoiceOverTouchEnabled, appID = (null) result = 0 (-1 - empty, 0 - false, 1 - true)
Aug 28 14:01:52.332124 Runner(CoreFoundation)[57802] <Debug>: found no value for key AssistiveTouchScannerEnabled in CFPrefsSearchListSource<0x283873600> (Domain: com.apple.Accessibility, Container: (null))
Aug 28 14:01:52.332186 Runner(libAccessibility.dylib)[57802] <Debug>: CF Read: domain = com.apple.Accessibility, preference = AssistiveTouchScannerEnabled, appID = (null) result = (null) (-1 - empty, 0 - false, 1 - true)
Aug 28 14:01:52.332239 Runner(CoreFoundation)[57802] <Debug>: found no value for key AssistiveTouchScannerEnabled in CFPrefsPlistSource<0x283873680> (Domain: com.apple.Accessibility, User: kCFPreferencesCurrentUser, ByHost: No, Container: (null), Contents Need Refresh: No)
Aug 28 14:01:52.332293 Runner(CoreFoundation)[57802] <Debug>: found no value for key IncreaseButtonLegibilityEnabled in CFPrefsSearchListSource<0x283873600> (Domain: com.apple.Accessibility, Container: (null))
Aug 28 14:01:52.332344 Runner(libAccessibility.dylib)[57802] <Debug>: CF Read: domain = com.apple.Accessibility, preference = IncreaseButtonLegibilityEnabled, appID = (null) result = (null) (-1 - empty, 0 - false, 1 - true)
Aug 28 14:01:52.332390 Runner(CoreFoundation)[57802] <Debug>: found no value for key IncreaseButtonLegibilityEnabled in CFPrefsPlistSource<0x283873680> (Domain: com.apple.Accessibility, User: kCFPreferencesCurrentUser, ByHost: No, Container: (null), Contents Need Refresh: No)
Aug 28 14:01:52.332438 SpringBoard(FrontBoard)[47602] <Debug>: [FBSceneManager] EXECUTING: <BSEventQueueEvent: 0x281c1a100; didUpdateClientSettings-sceneID:dev.selfhost.firstActivationProbe-default(4)>
Aug 28 14:01:52.332479 SpringBoard(FrontBoard)[47602] <Debug>: [FBSceneManager] PENDING:   <BSEventQueueEvent: 0x281c1ba60; didUpdateClientSettings-sceneID:dev.selfhost.firstActivationProbe-default(4)> @ front
Aug 28 14:01:52.332528 SpringBoard(FrontBoard)[47602] <Debug>: [FBSceneManager] EXECUTING: <BSEventQueueEvent: 0x281c1ba60; didUpdateClientSettings-sceneID:dev.selfhost.firstActivationProbe-default(4)>
Aug 28 14:01:52.332651 SpringBoard(FrontBoard)[47602] <Debug>: [FBSceneManager] EXECUTING: <BSEventQueueEvent: 0x281c1a260; didUpdateClientSettingsCompletion-sceneID:dev.selfhost.firstActivationProbe-default(4)>
Aug 28 14:01:52.332705 Runner(CoreFoundation)[57802] <Debug>: found no value for key ReduceMotionAutoplayVideoPreviewsEnabled in CFPrefsSearchListSource<0x283873600> (Domain: com.apple.Accessibility, Container: (null))
Aug 28 14:01:52.332765 Runner(libAccessibility.dylib)[57802] <Debug>: CF Read: domain = com.apple.Accessibility, preference = ReduceMotionAutoplayVideoPreviewsEnabled, appID = (null) result = (null) (-1 - empty, 0 - false, 1 - true)
Aug 28 14:01:52.332815 Runner(CoreFoundation)[57802] <Debug>: found no value for key ReduceMotionAutoplayVideoPreviewsEnabled in CFPrefsPlistSource<0x283873680> (Domain: com.apple.Accessibility, User: kCFPreferencesCurrentUser, ByHost: No, Container: (null), Contents Need Refresh: No)
Aug 28 14:01:52.332874 Runner(CoreFoundation)[57802] <Debug>: looked up value <private> for key SpeechSettingsDisabledByManagedConfiguration in CFPrefsPlistSource<0x283873680> (Domain: com.apple.Accessibility, User: kCFPreferencesCurrentUser, ByHost: No, Container: (null), Contents Need Refresh: No) via CFPrefsSearchListSource<0x283873600> (Domain: com.apple.Accessibility, Container: (null))
Aug 28 14:01:52.332942 Runner(libAccessibility.dylib)[57802] <Debug>: CF Read: domain = com.apple.Accessibility, preference = SpeechSettingsDisabledByManagedConfiguration, appID = (null) result = 0 (-1 - empty, 0 - false, 1 - true)
Aug 28 14:01:52.332999 Runner(CoreFoundation)[57802] <Debug>: looked up value <private> for key SpeakThisEnabled in CFPrefsPlistSource<0x283873680> (Domain: com.apple.Accessibility, User: kCFPreferencesCurrentUser, ByHost: No, Container: (null), Contents Need Refresh: No) via CFPrefsSearchListSource<0x283873600> (Domain: com.apple.Accessibility, Container: (null))
Aug 28 14:01:52.333742 runningboardd(RunningBoard)[33] <Info>: Received message from [application<dev.selfhost.firstActivationProbe>:57802] (euid 501, auid 501): lookupHandleForKey:error:
Aug 28 14:01:52.333869 runningboardd(RunningBoard)[33] <Info>: _predicatesMatchOnlyAllowedProcess allowing predicate matching self <RBSProcessPredicate <RBSProcessHandlePredicateImpl| application<dev.selfhost.firstActivationProbe>:57802>> for process [application<dev.selfhost.firstActivationProbe>:57802]
Aug 28 14:01:52.333911 runningboardd(RunningBoard)[33] <Info>: Received message from [application<dev.selfhost.firstActivationProbe>:57802] (euid 501, auid 501): acquireAssertionWithDescriptor:error:
Aug 28 14:01:52.334006 SpringBoard(FrontBoard)[47602] <Info>: [sceneID:dev.selfhost.firstActivationProbe-default] Scene action [Forward Event][0xad7f] completed with success: 1
Aug 28 14:01:52.334041 Runner(libAccessibility.dylib)[57802] <Debug>: CF Read: domain = com.apple.Accessibility, preference = SpeakThisEnabled, appID = (null) result = 0 (-1 - empty, 0 - false, 1 - true)
Aug 28 14:01:52.334094 Runner(CoreFoundation)[57802] <Debug>: Resource lookup at <private>
Aug 28 14:01:52.334180 Runner(RunningBoardServices)[57802] <Info>: Acquiring assertion: <RBSAssertionDescriptor| "systemAnimationFence" ID:(null) target:57802>
Aug 28 14:01:52.334279 SpringBoard(FrontBoard)[47602] <Info>: [sceneID:dev.selfhost.firstActivationProbe-default] Scene action [Forward Event][0x6067] completed with success: 1
Aug 28 14:01:52.334309 Runner(RunningBoardServices)[57802] <Debug>: Adding assertion 33-57802-7792 to dictionary
Aug 28 14:01:52.334358 SpringBoard(FrontBoard)[47602] <Debug>: [FBSceneManager] PENDING:   <BSEventQueueEvent: 0x281c3fda0; updateComplete-sceneID:dev.selfhost.firstActivationProbe-default(4)> @ back
Aug 28 14:01:52.334398 SpringBoard(FrontBoard)[47602] <Info>: [sceneID:dev.selfhost.firstActivationProbe-default] Scene action [Forward Event][0x8d7] completed with success: 1
Aug 28 14:01:52.334421 SpringBoard(FrontBoard)[47602] <Debug>: [FBSceneManager] EXECUTING: <BSEventQueueEvent: 0x281c3fda0; updateComplete-sceneID:dev.selfhost.firstActivationProbe-default(4)>
Aug 28 14:01:52.334945 runningboardd(RunningBoard)[33] <Notice>: Acquiring assertion targeting [application<dev.selfhost.firstActivationProbe>:57802] from originator [application<dev.selfhost.firstActivationProbe>:57802] with description <RBSAssertionDescriptor| "systemAnimationFence" ID:33-57802-7792 target:57802 attributes:[
Aug 28 14:01:52.334985 runningboardd(RunningBoard)[33] <Notice>: Assertion 33-57802-7792 (target:[application<dev.selfhost.firstActivationProbe>:57802]) will be created as inactive as start-time-defining assertions exist
Aug 28 14:01:52.335073 SpringBoard(RunningBoardServices)[47602] <Info>: Update delivered for [application<dev.selfhost.firstActivationProbe>:57802] with taskState 4
    SceneID: sceneID:dev.selfhost.firstActivationProbe-default
Aug 28 14:01:52.335518 runningboardd(RunningBoard)[33] <Info>: Received message from [application<dev.selfhost.firstActivationProbe>:57802] (euid 501, auid 501): async_invalidateAssertionWithIdentifier:
Aug 28 14:01:52.335595 runningboardd(RunningBoard)[33] <Debug>: Adding assertion 33-57802-7792 (target:[application<dev.selfhost.firstActivationProbe>:57802])
Aug 28 14:01:52.335683 SpringBoard(RunningBoardServices)[47602] <Info>: Update skipped for [application<dev.selfhost.firstActivationProbe>:57802] with state: <RBSProcessState| task:running-active debug:none endowments:[
    SceneID: sceneID:dev.selfhost.firstActivationProbe-default
Aug 28 14:01:52.335773 SpringBoard(RunningBoardServices)[47602] <Info>: Update skipped for [application<dev.selfhost.firstActivationProbe>:57802] with state: <RBSProcessState| task:running-active debug:none endowments:[
Aug 28 14:01:52.335796 SpringBoard(FrontBoard)[47602] <Debug>: [FBSceneManager] PENDING:   <BSEventQueueEvent: 0x281c3ec20; sceneUpdateCompleted-sceneID:dev.selfhost.firstActivationProbe-default(4)> @ back
Aug 28 14:01:52.335847 SpringBoard(FrontBoard)[47602] <Debug>: [FBSceneManager] EXECUTING: <BSEventQueueEvent: 0x281c3ec20; sceneUpdateCompleted-sceneID:dev.selfhost.firstActivationProbe-default(4)>
Aug 28 14:01:52.335886 SpringBoard(FrontBoard)[47602] <Debug>: [FBSceneManager] PENDING:   <BSEventQueueEvent: 0x281c3d1e0; sceneUpdateCompleted-sceneID:dev.selfhost.firstActivationProbe-default(4)> @ front
Aug 28 14:01:52.335928 SpringBoard(FrontBoard)[47602] <Debug>: [FBSceneManager] EXECUTING: <BSEventQueueEvent: 0x281c3d1e0; sceneUpdateCompleted-sceneID:dev.selfhost.firstActivationProbe-default(4)>
Aug 28 14:01:52.336185 SpringBoard(FrontBoard)[47602] <Debug>: [FBSceneManager] PENDING:   <BSEventQueueEvent: 0x281c18360; updateComplete-sceneID:dev.selfhost.firstActivationProbe-default(4)> @ back
Aug 28 14:01:52.336231 SpringBoard(FrontBoard)[47602] <Debug>: [FBSceneManager] EXECUTING: <BSEventQueueEvent: 0x281c18360; updateComplete-sceneID:dev.selfhost.firstActivationProbe-default(4)>
Aug 28 14:01:52.336281 SpringBoard(FrontBoard)[47602] <Debug>: [FBSceneManager] PENDING:   <BSEventQueueEvent: 0x281c3c1e0; sceneUpdateCompleted-sceneID:dev.selfhost.firstActivationProbe-default(4)> @ back
Aug 28 14:01:52.336320 SpringBoard(FrontBoard)[47602] <Debug>: [FBSceneManager] EXECUTING: <BSEventQueueEvent: 0x281c3c1e0; sceneUpdateCompleted-sceneID:dev.selfhost.firstActivationProbe-default(4)>
Aug 28 14:01:52.336384 SpringBoard(FrontBoard)[47602] <Debug>: [FBSceneManager] PENDING:   <BSEventQueueEvent: 0x281c3d1e0; sceneUpdateCompleted-sceneID:dev.selfhost.firstActivationProbe-default(4)> @ front
Aug 28 14:01:52.336425 SpringBoard(FrontBoard)[47602] <Debug>: [FBSceneManager] EXECUTING: <BSEventQueueEvent: 0x281c3d1e0; sceneUpdateCompleted-sceneID:dev.selfhost.firstActivationProbe-default(4)>
Aug 28 14:01:52.336462 mediaserverd(RunningBoardServices)[36] <Info>: Update skipped for [application<dev.selfhost.firstActivationProbe>:57802] with state: <RBSProcessState| task:running-active debug:none endowments:[
Aug 28 14:01:52.336499 runningboardd(RunningBoard)[33] <Info>: Finished acquiring assertion 33-57802-7792 (target:[application<dev.selfhost.firstActivationProbe>:57802])
Aug 28 14:01:52.336542 runningboardd(RunningBoard)[33] <Debug>: Decrementing suppression state to 0 for application<dev.selfhost.firstActivationProbe>
Aug 28 14:01:52.336578 runningboardd(RunningBoard)[33] <Debug>: END suppressing state updates for application<dev.selfhost.firstActivationProbe>
Aug 28 14:01:52.336614 runningboardd(RunningBoard)[33] <Debug>: Sending state update for application<dev.selfhost.firstActivationProbe>: <RBSProcessState| task:running-active debug:none terminationResistance:Interactive endowments:[
	<RBSProcessAssertionInfo| type:2 reason:10000 name:"Domain" domain:"com.apple.frontboard:Bootstrap-Foreground,com.apple.frontboard:Visibility" expl:"FBApplicationProcess">,
	<RBSProcessAssertionInfo| type:1 reason:0 name:"Custom" domain:"(null)" expl:"injecting inherited from "UIScene:com.apple.frontboard.systemappservices::com.apple.springboard" to 57802<UIScene:com.apple.frontboard.systemappservices::sceneID%3Adev.selfhost.firstActivationProbe-default>">
Aug 28 14:01:52.336671 runningboardd(RunningBoard)[33] <Debug>: Sending state 0x1011eb640 for application<dev.selfhost.firstActivationProbe> to [daemon<com.apple.telephonyutilities.callservicesd>:131]
Aug 28 14:01:52.336724 runningboardd(RunningBoard)[33] <Debug>: Sending state 0x1011e7aa0 for application<dev.selfhost.firstActivationProbe> to [daemon<com.apple.SpringBoard>:47602]
Aug 28 14:01:52.336770 SpringBoard(FrontBoard)[47602] <Debug>: [FBSceneManager] PENDING:   <BSEventQueueEvent: 0x281c3d1e0; sceneUpdateCompleted-sceneID:dev.selfhost.firstActivationProbe-default(4)> @ back
Aug 28 14:01:52.336868 SpringBoard(FrontBoard)[47602] <Debug>: [FBSceneManager] EXECUTING: <BSEventQueueEvent: 0x281c3d1e0; sceneUpdateCompleted-sceneID:dev.selfhost.firstActivationProbe-default(4)>
Aug 28 14:01:52.336912 SpringBoard(FrontBoard)[47602] <Debug>: [FBSceneManager] PENDING:   <BSEventQueueEvent: 0x281c3f1a0; sceneUpdateCompleted-sceneID:dev.selfhost.firstActivationProbe-default(4)> @ front
Aug 28 14:01:52.336949 SpringBoard(FrontBoard)[47602] <Debug>: [FBSceneManager] EXECUTING: <BSEventQueueEvent: 0x281c3f1a0; sceneUpdateCompleted-sceneID:dev.selfhost.firstActivationProbe-default(4)>
Aug 28 14:01:52.337262 useractivityd[184] <Debug>: SCHEDULE:idleDetermination, DONE run, next=forever
Aug 28 14:01:52.337363 powerd[43] <Notice>: Process runningboardd.33 Created SystemIsActive "application<dev.selfhost.firstActivationProbe>;(null):(null);33-47602-7787:FBApplicationProcess" age:00:00:00  id:51539650434 [System: SysAct]
Aug 28 14:01:52.338095 runningboardd(RunningBoard)[33] <Debug>: Sending state 0x1011eb640 for application<dev.selfhost.firstActivationProbe> to [daemon<com.apple.backboardd>:65]
Aug 28 14:01:52.338190 cfprefsd(CoreFoundation)[91] <Debug>: Process 57802 (Runner) sent a request related to { com.apple.Metal, user: kCFPreferencesAnyUser, kCFPreferencesCurrentHost, /var/preferences/com.apple.Metal.plist, managed: 0 } (0x10034f970)
Aug 28 14:01:52.338414 watchdogd(RunningBoardServices)[57] <Debug>: Received message from server: async_observedProcessStatesDidChange:completion:
Aug 28 14:01:52.338437 watchdogd(RunningBoardServices)[57] <Info>: observedProcessStatesDidChange
Aug 28 14:01:52.338558 runningboardd(RunningBoard)[33] <Debug>: Sending state 0x1011eb640 for application<dev.selfhost.firstActivationProbe> to [daemon<com.apple.watchdogd>:57]
Aug 28 14:01:52.338852 mediaserverd(RunningBoardServices)[36] <Info>: Update skipped for [application<dev.selfhost.firstActivationProbe>:57802] with state: <RBSProcessState| task:running-active debug:none endowments:[
Aug 28 14:01:52.338899 mediaserverd(RunningBoardServices)[36] <Info>: Update skipped for [application<dev.selfhost.firstActivationProbe>:57802] with state: <RBSProcessState| task:running-active debug:none endowments:[
Aug 28 14:01:52.339057 SpringBoard(RunningBoardServices)[47602] <Info>: Update skipped for [application<dev.selfhost.firstActivationProbe>:57802] with state: <RBSProcessState| task:running-active debug:none endowments:[
Aug 28 14:01:52.339158 SpringBoard(RunningBoardServices)[47602] <Info>: Update skipped for [application<dev.selfhost.firstActivationProbe>:57802] with state: <RBSProcessState| task:running-active debug:none endowments:[
Aug 28 14:01:52.339198 SpringBoard(RunningBoardServices)[47602] <Info>: Update skipped for [application<dev.selfhost.firstActivationProbe>:57802] with state: <RBSProcessState| task:running-active debug:none endowments:[
Aug 28 14:01:52.339247 Runner(RunningBoardServices)[57802] <Debug>: Received message from server: async_didChangeInheritances:completion:
Aug 28 14:01:52.339282 Runner(RunningBoardServices)[57802] <Info>: didChangeInheritances
Aug 28 14:01:52.339306 Runner(RunningBoardServices)[57802] <Info>: didChangeInheritances: <RBSInheritanceChangeSet| gained:{(
    <RBSInheritance| environment:UIScene:com.apple.frontboard.systemappservices::sceneID%3Adev.selfhost.firstActivationProbe-default name:com.apple.frontboard.visibility origID:33-47602-7791 payload>
Aug 28 14:01:52.339404 Runner(Flutter)[57802] <Notice>: [shorebird] Patch check response: PatchCheckResponse { patch_available: true, patch: Some(Patch { number: 7, hash: "7aee0eaa58961844231deea9be936ce75c81a811933a43c3bea7d962b1b46554", download_url: "http://10.0.0.7:18080/download/2505c836287f2396cbf000abc10ba138?exp=1787940412&sig=72f9ce18db9edb51837f16baf4f4370205d2515d1960886b56c3896495c2e3d8", hash_signature: None }), rolled_back_patch_numbers: Some([]) }
Aug 28 14:01:52.339458 watchdogd(RunningBoardServices)[57] <Debug>: Decoded RBSProcessHandle with IPC ID e0efc5b0000e1ca
Aug 28 14:01:52.339546 Runner(Flutter)[57802] <Notice>: [shorebird] Downloading patch 7 for app 235a9d93-ef97-6372-d78a-ce88f798a726 (version 1.3.0+1)
Aug 28 14:01:52.339833 Runner(Flutter)[57802] <Notice>: [shorebird] Downloading patch from: http://10.0.0.7:18080/download/2505c836287f2396cbf000abc10ba138?exp=1787940412&sig=72f9ce18db9edb51837f16baf4f4370205d2515d1960886b56c3896495c2e3d8
Aug 28 14:01:52.340073 Runner(CoreFoundation)[57802] <Debug>: Resource lookup at <private>
Aug 28 14:01:52.340113 symptomsd(SymptomNetworkUsage)[170] <Debug>: Dynamic lookup for E01B2FEA-36F1-3C21-AADE-93AC8E03F45C found entry dev.selfhost.firstActivationProbe
Aug 28 14:01:52.340291 Runner(Flutter)[57802] <Notice>: [shorebird] Downloaded patch to: "/private/var/mobile/Containers/Data/Application/18E6667F-E66B-4E74-92D9-B14869861554/Library/Application Support/shorebird/shorebird_updater/downloads/7" (1056 bytes)
Aug 28 14:01:52.340357 Runner(Flutter)[57802] <Notice>: [shorebird] Inflating patch from "/private/var/mobile/Containers/Data/Application/18E6667F-E66B-4E74-92D9-B14869861554/Library/Application Support/shorebird/shorebird_updater/downloads/7" (1056 bytes)
Aug 28 14:01:52.340384 Runner(Flutter)[57802] <Notice>: [shorebird] Patch successfully applied to "/private/var/mobile/Containers/Data/Application/18E6667F-E66B-4E74-92D9-B14869861554/Library/Application Support/shorebird/shorebird_updater/patches/7/dlc.vmcode". patch_file=1056b base_size=2423551b decompressed_into_pipe=1739b decompressed_out_of_pipe=1739b base_read=0b base_last_seek_pos=0 base_seeks=1 output_written=1727b
Aug 28 14:01:52.340672 Runner(Flutter)[57802] <Notice>: [shorebird] Patch 7 successfully downloaded. It will be launched when the app next restarts.
Aug 28 14:01:52.340715 Runner(Flutter)[57802] <Notice>: [shorebird] Update thread finished with status: Update installed
Aug 28 14:01:52.343814 runningboardd(RunningBoard)[33] <Debug>: Sending state 0x1011eb640 for application<dev.selfhost.firstActivationProbe> to [daemon<com.apple.wifid>:52]
Aug 28 14:01:52.343869 runningboardd(RunningBoard)[33] <Debug>: Sending state 0x1011eb640 for application<dev.selfhost.firstActivationProbe> to [daemon<com.apple.CommCenter>:90]
Aug 28 14:01:52.343953 runningboardd(RunningBoard)[33] <Debug>: Sending state 0x1011eb640 for application<dev.selfhost.firstActivationProbe> to [daemon<com.apple.coreservices.useractivityd>:184]
Aug 28 14:01:52.344630 runningboardd(RunningBoard)[33] <Debug>: Sending state 0x1011eb640 for application<dev.selfhost.firstActivationProbe> to [daemon<com.apple.locationd>:69]
Aug 28 14:01:52.344705 runningboardd(RunningBoard)[33] <Debug>: Sending state 0x1011eb640 for application<dev.selfhost.firstActivationProbe> to [daemon<com.apple.dasd>:94]
Aug 28 14:01:52.344749 runningboardd(RunningBoard)[33] <Debug>: Sending state 0x1011eb640 for application<dev.selfhost.firstActivationProbe> to [daemon<com.apple.aggregated>:50213]
Aug 28 14:01:52.350525 CommCenter(RunningBoardServices)[90] <Info>: Update delivered for [application<dev.selfhost.firstActivationProbe>:57802] with taskState 4
Aug 28 14:01:52.352291 SpringBoard(UIKitCore)[47602] <Notice>: [sceneID:dev.selfhost.firstActivationProbe-default] Setting deactivation reasons to: '(none)' for reason: updateAllScenesForBand - Assertion removed.
Aug 28 14:01:52.352848 SpringBoard(FrontBoard)[47602] <Info>: Client intercepting scene update for scene: sceneID:dev.selfhost.firstActivationProbe-default
Aug 28 14:01:52.352943 SpringBoard(FrontBoard)[47602] <Debug>: START SCENE MUTATION ------- sceneID:dev.selfhost.firstActivationProbe-default
Aug 28 14:01:52.353045 SpringBoard(FrontBoard)[47602] <Debug>: [FBSceneManager] PENDING:   <BSEventQueueEvent: 0x281c36600; sceneUpdatePrepared-sceneID:dev.selfhost.firstActivationProbe-default(5)> @ back
Aug 28 14:01:52.357747 SpringBoard(FrontBoard)[47602] <Debug>: [FBSceneManager] PENDING:   <BSEventQueueEvent: 0x281c36680; applySettings-sceneID:dev.selfhost.firstActivationProbe-default(5)> @ back
Aug 28 14:01:52.357959 SpringBoard(FrontBoard)[47602] <Debug>: Flushing all events for sceneID:dev.selfhost.firstActivationProbe-default
Aug 28 14:01:52.358069 SpringBoard(FrontBoard)[47602] <Debug>: [FBSceneManager] EXECUTING: <BSEventQueueEvent: 0x281c36600; sceneUpdatePrepared-sceneID:dev.selfhost.firstActivationProbe-default(5)>
Aug 28 14:01:52.358237 SpringBoard(FrontBoard)[47602] <Debug>: [FBSceneManager] PENDING:   <BSEventQueueEvent: 0x281c372a0; sceneUpdatePrepared-sceneID:dev.selfhost.firstActivationProbe-default(5)> @ front
Aug 28 14:01:52.358330 SpringBoard(FrontBoard)[47602] <Debug>: [FBSceneManager] EXECUTING: <BSEventQueueEvent: 0x281c372a0; sceneUpdatePrepared-sceneID:dev.selfhost.firstActivationProbe-default(5)>
Aug 28 14:01:52.358524 SpringBoard(FrontBoard)[47602] <Debug>: [FBSceneManager] EXECUTING: <BSEventQueueEvent: 0x281c36680; applySettings-sceneID:dev.selfhost.firstActivationProbe-default(5)>
Aug 28 14:01:52.358603 SpringBoard(FrontBoard)[47602] <Debug>: [FBSceneManager] PENDING:   <BSEventQueueEvent: 0x281c36800; sceneUpdateApplied-sceneID:dev.selfhost.firstActivationProbe-default(5)> @ back
Aug 28 14:01:52.358696 SpringBoard(FrontBoard)[47602] <Debug>: [FBSceneManager] PENDING:   <BSEventQueueEvent: 0x281c36600; sceneMutationCompletion-sceneID:dev.selfhost.firstActivationProbe-default(5)> @ back
Aug 28 14:01:52.364146 SpringBoard(FrontBoard)[47602] <Debug>: [FBSceneManager] EXECUTING: <BSEventQueueEvent: 0x281c36800; sceneUpdateApplied-sceneID:dev.selfhost.firstActivationProbe-default(5)>
Aug 28 14:01:52.364301 SpringBoard(FrontBoard)[47602] <Debug>: [FBSceneManager] PENDING:   <BSEventQueueEvent: 0x281c372a0; sceneUpdateApplied-sceneID:dev.selfhost.firstActivationProbe-default(5)> @ front
Aug 28 14:01:52.364410 SpringBoard(FrontBoard)[47602] <Debug>: [FBSceneManager] EXECUTING: <BSEventQueueEvent: 0x281c372a0; sceneUpdateApplied-sceneID:dev.selfhost.firstActivationProbe-default(5)>
Aug 28 14:01:52.364798 SpringBoard(FrontBoard)[47602] <Info>: [sceneID:dev.selfhost.firstActivationProbe-default] Sending scene action [Forward Event][0xd242] to process 0x10a184770 (watchdog: none)
Aug 28 14:01:52.364858 SpringBoard(FrontBoard)[47602] <Debug>: [FBSceneManager] EXECUTING: <BSEventQueueEvent: 0x281c36600; sceneMutationCompletion-sceneID:dev.selfhost.firstActivationProbe-default(5)>
Aug 28 14:01:52.364916 SpringBoard(FrontBoard)[47602] <Debug>: ---------- END SCENE MUTATION: sceneID:dev.selfhost.firstActivationProbe-default
Aug 28 14:01:52.365622 Runner(CoreFoundation)[57802] <Debug>: Resource lookup at <private>
Aug 28 14:01:52.365685 Runner(CoreFoundation)[57802] <Debug>: Resource lookup at <private>
Aug 28 14:01:52.365740 Runner(UIKitCore)[57802] <Notice>: sceneOfRecord: sceneID: sceneID:dev.selfhost.firstActivationProbe-default  persistentID: E58381BF-9609-426A-9CBF-219636271D47
Aug 28 14:01:52.365826 Runner(UIKitCore)[57802] <Notice>: Deactivation reason removed: 12; deactivation reasons: 4128 -> 32; animating application lifecycle event: 1
Aug 28 14:01:52.365896 Runner(UIKitCore)[57802] <Notice>: Deactivation reason removed: 5; deactivation reasons: 32 -> 0; animating application lifecycle event: 0
Aug 28 14:01:52.365953 Runner(CoreAnalytics)[57802] <Info>: Daemon status changed from 0 to 1
Aug 28 14:01:52.366021 Runner(CoreFoundation)[57802] <Debug>: Resource lookup at <private>
Aug 28 14:01:52.366088 Runner(HangTracer)[57802] <Info>: HTPrefs initialization
Aug 28 14:01:52.366149 Runner(CoreFoundation)[57802] <Debug>: Resource lookup at <private>
Aug 28 14:01:52.366213 Runner(CoreFoundation)[57802] <Info>: Loading Preferences From System CFPrefsD
Aug 28 14:01:52.366280 Runner(CoreFoundation)[57802] <Debug>: CFPrefsPlistSource<0x283860200> (Domain: com.apple.da, User: kCFPreferencesCurrentUser, ByHost: No, Container: (null), Contents Need Refresh: No) loaded: a new base plist and no additional changes from the base plist
Aug 28 14:01:52.366341 Runner(CoreFoundation)[57802] <Debug>: found no value for key HTEPL.HangTracerEnableCustomerMode in CFPrefsPlistSource<0x283860200> (Domain: com.apple.da, User: kCFPreferencesCurrentUser, ByHost: No, Container: (null), Contents Need Refresh: No)
Aug 28 14:01:52.367198 cfprefsd(CoreFoundation)[91] <Debug>: Process 57802 (Runner) sent a request related to { com.apple.da, user: mobile, kCFPreferencesAnyHost, /var/mobile/Library/Preferences/com.apple.da.plist, managed: 0 } (0x100307ae0)
Aug 28 14:01:52.367270 cfprefsd(CoreFoundation)[91] <Debug>: Process 57802 (Runner) read data for { com.apple.da, mobile, kCFPreferencesAnyHost, /var/mobile/Library/Preferences/com.apple.da.plist, managed: 0 }, backed by /private/var/mobile/Library/Preferences/com.apple.da.plist
Aug 28 14:01:52.367344 Runner(CoreFoundation)[57802] <Debug>: found no value for key PLTasking.HangTracerEnableCustomerMode in CFPrefsPlistSource<0x283860200> (Domain: com.apple.da, User: kCFPreferencesCurrentUser, ByHost: No, Container: (null), Contents Need Refresh: No)
Aug 28 14:01:52.367413 Runner(CoreFoundation)[57802] <Debug>: found no value for key HangTracerEnableCustomerMode in CFPrefsPlistSource<0x283860200> (Domain: com.apple.da, User: kCFPreferencesCurrentUser, ByHost: No, Container: (null), Contents Need Refresh: No)
Aug 28 14:01:52.367482 Runner(CoreFoundation)[57802] <Debug>: found no value for key PDSEHangTracer.HangTracerEnableCustomerMode in CFPrefsPlistSource<0x283860200> (Domain: com.apple.da, User: kCFPreferencesCurrentUser, ByHost: No, Container: (null), Contents Need Refresh: No)
Aug 28 14:01:52.367563 Runner(CoreFoundation)[57802] <Debug>: found no value for key PDSEHTThirdParty.HangTracerEnableCustomerMode in CFPrefsPlistSource<0x283860200> (Domain: com.apple.da, User: kCFPreferencesCurrentUser, ByHost: No, Container: (null), Contents Need Refresh: No)
Aug 28 14:01:52.370141 Runner(CoreFoundation)[57802] <Debug>: found no value for key PDSEHTRateOnly.HangTracerEnableCustomerMode in CFPrefsPlistSource<0x283860200> (Domain: com.apple.da, User: kCFPreferencesCurrentUser, ByHost: No, Container: (null), Contents Need Refresh: No)
Aug 28 14:01:52.370192 Runner(CoreFoundation)[57802] <Debug>: found no value for key PDSESentry.HangTracerEnableCustomerMode in CFPrefsPlistSource<0x283860200> (Domain: com.apple.da, User: kCFPreferencesCurrentUser, ByHost: No, Container: (null), Contents Need Refresh: No)
Aug 28 14:01:52.370246 Runner(HangTracer)[57802] <Debug>: HTPrefs: HangTracerEnableCustomerMode was not found in the com.apple.da domain, a profile, by EPL, by PowerLog Tasking domain, by HT Self Enablement or by HT Sentry Enablement
Aug 28 14:01:52.370297 Runner(HangTracer)[57802] <Info>: HTPrefs: Refreshing preferences
Aug 28 14:01:52.370348 Runner(CoreFoundation)[57802] <Debug>: found no value for key HTEPL.HangTracerEnableCustomerMode in CFPrefsPlistSource<0x283860200> (Domain: com.apple.da, User: kCFPreferencesCurrentUser, ByHost: No, Container: (null), Contents Need Refresh: No)
Aug 28 14:01:52.370382 Runner(CoreFoundation)[57802] <Debug>: found no value for key PLTasking.HangTracerEnableCustomerMode in CFPrefsPlistSource<0x283860200> (Domain: com.apple.da, User: kCFPreferencesCurrentUser, ByHost: No, Container: (null), Contents Need Refresh: No)
Aug 28 14:01:52.370436 Runner(CoreFoundation)[57802] <Debug>: found no value for key HangTracerEnableCustomerMode in CFPrefsPlistSource<0x283860200> (Domain: com.apple.da, User: kCFPreferencesCurrentUser, ByHost: No, Container: (null), Contents Need Refresh: No)
Aug 28 14:01:52.370477 Runner(CoreFoundation)[57802] <Debug>: found no value for key PDSEHangTracer.HangTracerEnableCustomerMode in CFPrefsPlistSource<0x283860200> (Domain: com.apple.da, User: kCFPreferencesCurrentUser, ByHost: No, Container: (null), Contents Need Refresh: No)
Aug 28 14:01:52.370556 Runner(CoreFoundation)[57802] <Debug>: found no value for key PDSEHTThirdParty.HangTracerEnableCustomerMode in CFPrefsPlistSource<0x283860200> (Domain: com.apple.da, User: kCFPreferencesCurrentUser, ByHost: No, Container: (null), Contents Need Refresh: No)
Aug 28 14:01:52.370623 Runner(CoreFoundation)[57802] <Debug>: found no value for key PDSEHTRateOnly.HangTracerEnableCustomerMode in CFPrefsPlistSource<0x283860200> (Domain: com.apple.da, User: kCFPreferencesCurrentUser, ByHost: No, Container: (null), Contents Need Refresh: No)
Aug 28 14:01:52.370663 Runner(CoreFoundation)[57802] <Debug>: found no value for key PDSESentry.HangTracerEnableCustomerMode in CFPrefsPlistSource<0x283860200> (Domain: com.apple.da, User: kCFPreferencesCurrentUser, ByHost: No, Container: (null), Contents Need Refresh: No)
Aug 28 14:01:52.370725 Runner(HangTracer)[57802] <Debug>: HTPrefs: HangTracerEnableCustomerMode was not found in the com.apple.da domain, a profile, by EPL, by PowerLog Tasking domain, by HT Self Enablement or by HT Sentry Enablement
Aug 28 14:01:52.370802 Runner(HangTracer)[57802] <Debug>: Preparing prefInitList
Aug 28 14:01:52.370889 Runner(CoreFoundation)[57802] <Debug>: found no value for key HTEPL.HangTracerEnabled in CFPrefsPlistSource<0x283860200> (Domain: com.apple.da, User: kCFPreferencesCurrentUser, ByHost: No, Container: (null), Contents Need Refresh: No)
Aug 28 14:01:52.370951 Runner(CoreFoundation)[57802] <Debug>: found no value for key PLTasking.HangTracerEnabled in CFPrefsPlistSource<0x283860200> (Domain: com.apple.da, User: kCFPreferencesCurrentUser, ByHost: No, Container: (null), Contents Need Refresh: No)
Aug 28 14:01:52.370991 Runner(CoreFoundation)[57802] <Debug>: found no value for key HangTracerEnabled in CFPrefsPlistSource<0x283860200> (Domain: com.apple.da, User: kCFPreferencesCurrentUser, ByHost: No, Container: (null), Contents Need Refresh: No)
Aug 28 14:01:52.371029 Runner(CoreFoundation)[57802] <Debug>: found no value for key PDSEHangTracer.HangTracerEnabled in CFPrefsPlistSource<0x283860200> (Domain: com.apple.da, User: kCFPreferencesCurrentUser, ByHost: No, Container: (null), Contents Need Refresh: No)
Aug 28 14:01:52.371055 Runner(CoreFoundation)[57802] <Debug>: found no value for key PDSEHTThirdParty.HangTracerEnabled in CFPrefsPlistSource<0x283860200> (Domain: com.apple.da, User: kCFPreferencesCurrentUser, ByHost: No, Container: (null), Contents Need Refresh: No)
Aug 28 14:01:52.371110 Runner(CoreFoundation)[57802] <Debug>: found no value for key PDSEHTRateOnly.HangTracerEnabled in CFPrefsPlistSource<0x283860200> (Domain: com.apple.da, User: kCFPreferencesCurrentUser, ByHost: No, Container: (null), Contents Need Refresh: No)
Aug 28 14:01:52.371176 Runner(CoreFoundation)[57802] <Debug>: found no value for key PDSESentry.HangTracerEnabled in CFPrefsPlistSource<0x283860200> (Domain: com.apple.da, User: kCFPreferencesCurrentUser, ByHost: No, Container: (null), Contents Need Refresh: No)
Aug 28 14:01:52.371209 Runner(HangTracer)[57802] <Debug>: HTPrefs: HangTracerEnabled was not found in the com.apple.da domain, a profile, by EPL, by PowerLog Tasking domain, by HT Self Enablement or by HT Sentry Enablement
Aug 28 14:01:52.371252 Runner(HangTracer)[57802] <Info>: Posting notification com.apple.hangtracer.htprefs.refreshed
Aug 28 14:01:52.371316 SpringBoard(FrontBoard)[47602] <Info>: [sceneID:dev.selfhost.firstActivationProbe-default] Scene action [Forward Event][0xd242] completed with success: 1
Aug 28 14:01:52.371359 SpringBoard(FrontBoard)[47602] <Info>: [sceneID:dev.selfhost.firstActivationProbe-default] Client settings updated with diff: <private>
Aug 28 14:01:52.371407 SpringBoard(FrontBoard)[47602] <Debug>: [FBSceneManager] PENDING:   <BSEventQueueEvent: 0x281c37640; updateComplete-sceneID:dev.selfhost.firstActivationProbe-default(5)> @ back
Aug 28 14:01:52.371447 SpringBoard(FrontBoard)[47602] <Debug>: [FBSceneManager] EXECUTING: <BSEventQueueEvent: 0x281c37640; updateComplete-sceneID:dev.selfhost.firstActivationProbe-default(5)>
Aug 28 14:01:52.371494 SpringBoard(FrontBoard)[47602] <Debug>: [FBSceneManager] PENDING:   <BSEventQueueEvent: 0x281c37420; sceneUpdateCompleted-sceneID:dev.selfhost.firstActivationProbe-default(5)> @ back
Aug 28 14:01:52.371542 SpringBoard(FrontBoard)[47602] <Debug>: [FBSceneManager] EXECUTING: <BSEventQueueEvent: 0x281c37420; sceneUpdateCompleted-sceneID:dev.selfhost.firstActivationProbe-default(5)>
Aug 28 14:01:52.371594 SpringBoard(FrontBoard)[47602] <Debug>: [FBSceneManager] PENDING:   <BSEventQueueEvent: 0x281c33000; sceneUpdateCompleted-sceneID:dev.selfhost.firstActivationProbe-default(5)> @ front
Aug 28 14:01:52.371633 SpringBoard(FrontBoard)[47602] <Debug>: [FBSceneManager] EXECUTING: <BSEventQueueEvent: 0x281c33000; sceneUpdateCompleted-sceneID:dev.selfhost.firstActivationProbe-default(5)>
Aug 28 14:01:52.371731 SpringBoard(FrontBoard)[47602] <Info>: [sceneID:dev.selfhost.firstActivationProbe-default] didUpdateClientSettingsWithDiff: <private>
Aug 28 14:01:52.371785 SpringBoard(FrontBoard)[47602] <Debug>: [FBSceneManager] PENDING:   <BSEventQueueEvent: 0x281c33300; handleDidUpdateClientSettings-sceneID:dev.selfhost.firstActivationProbe-default(5)> @ back
Aug 28 14:01:52.371845 SpringBoard(FrontBoard)[47602] <Debug>: [FBSceneManager] EXECUTING: <BSEventQueueEvent: 0x281c33300; handleDidUpdateClientSettings-sceneID:dev.selfhost.firstActivationProbe-default(5)>
Aug 28 14:01:52.372016 SpringBoard(FrontBoard)[47602] <Debug>: [FBSceneManager] PENDING:   <BSEventQueueEvent: 0x281c30800; didUpdateClientSettings-sceneID:dev.selfhost.firstActivationProbe-default(5)> @ back
Aug 28 14:01:52.372064 SpringBoard(FrontBoard)[47602] <Debug>: [FBSceneManager] PENDING:   <BSEventQueueEvent: 0x281c33900; didUpdateClientSettingsCompletion-sceneID:dev.selfhost.firstActivationProbe-default(5)> @ back
Aug 28 14:01:52.372265 SpringBoard(FrontBoard)[47602] <Debug>: [FBSceneManager] EXECUTING: <BSEventQueueEvent: 0x281c30800; didUpdateClientSettings-sceneID:dev.selfhost.firstActivationProbe-default(5)>
Aug 28 14:01:52.372314 SpringBoard(FrontBoard)[47602] <Debug>: [FBSceneManager] PENDING:   <BSEventQueueEvent: 0x281c0c600; didUpdateClientSettings-sceneID:dev.selfhost.firstActivationProbe-default(5)> @ front
Aug 28 14:01:52.372355 SpringBoard(FrontBoard)[47602] <Debug>: [FBSceneManager] EXECUTING: <BSEventQueueEvent: 0x281c0c600; didUpdateClientSettings-sceneID:dev.selfhost.firstActivationProbe-default(5)>
Aug 28 14:01:52.372483 SpringBoard(FrontBoard)[47602] <Debug>: [FBSceneManager] EXECUTING: <BSEventQueueEvent: 0x281c33900; didUpdateClientSettingsCompletion-sceneID:dev.selfhost.firstActivationProbe-default(5)>
Aug 28 14:01:52.372685 runningboardd(RunningBoard)[33] <Debug>: Removing assertion 33-57802-7792 on [application<dev.selfhost.firstActivationProbe>:57802]
Aug 28 14:01:52.372727 runningboardd(RunningBoard)[33] <Debug>: > application<dev.selfhost.firstActivationProbe> ['RB Underlying Assertion'] [33-33-7788]
Aug 28 14:01:52.372782 runningboardd(RunningBoard)[33] <Debug>: Updating events for assertion: 33-57802-7792 (target:[application<dev.selfhost.firstActivationProbe>:57802])
Aug 28 14:01:52.372829 runningboardd(RunningBoard)[33] <Debug>: Removing events for context: 33-57802-7792 (target:[application<dev.selfhost.firstActivationProbe>:57802])
Aug 28 14:01:52.372888 runningboardd(RunningBoard)[33] <Debug>: > application<dev.selfhost.firstActivationProbe> ['Shared Background Assertion 0 for dev.selfhost.firstActivationProbe'] [33-57802-7790]
Aug 28 14:01:52.372935 runningboardd(RunningBoard)[33] <Info>: application<dev.selfhost.firstActivationProbe> is now targeted by 5 assertions
Aug 28 14:01:52.372986 runningboardd(RunningBoard)[33] <Debug>: > 57802 ['injecting inherited from "UIScene:com.apple.frontboard.systemappservices::com.apple.springboard" to 57802<UIScene:com.apple.frontboard.systemappservices::sceneID%3Adev.selfhost.firstActivationProbe-default>'] [33-47602-7791]
Aug 28 14:01:52.373161 runningboardd(RunningBoard)[33] <Debug>: > 57802 ['Shared Background Assertion 0 for dev.selfhost.firstActivationProbe'] [33-57802-7790]
Aug 28 14:01:52.378838 SpringBoard(UserNotificationsServer)[47602] <Notice>: [dev.selfhost.firstActivationProbe] dev.selfhost.firstActivationProbe application state changed to ForegroundRunning
Aug 28 14:01:52.378909 SpringBoard(UserNotificationsServer)[47602] <Notice>: [dev.selfhost.firstActivationProbe] Ignore becoming foreground for application without push registration
Aug 28 14:01:52.380325 bluetoothd(CoreUtils)[86] <Notice>: SystemUI unknown identifier: 'sceneID:dev.selfhost.firstActivationProbe-default' / 'dev.selfhost.firstActivationProbe'
Aug 28 14:01:52.380392 CommCenter(RunningBoardServices)[90] <Info>: Update skipped for [application<dev.selfhost.firstActivationProbe>:57802] with state: <RBSProcessState| task:running-active debug:none endowments:[
Aug 28 14:01:52.381071 sharingd[66] <Debug>: SystemUI unknown identifier: 'sceneID:dev.selfhost.firstActivationProbe-default'/ 'dev.selfhost.firstActivationProbe'
Aug 28 14:01:52.382965 kbd(RunningBoardServices)[303] <Notice>: Hit the server for a process handle e0efc5b0000e1ca that resolved to: [application<dev.selfhost.firstActivationProbe>:57802]
Aug 28 14:01:52.383344 runningboardd(RunningBoard)[33] <Info>: Received message from [daemon<com.apple.watchdogd>:57] (euid 0, auid 0): lookupHandleForKey:error:
Aug 28 14:01:52.383845 kbd(RunningBoardServices)[303] <Info>: Update delivered for [application<dev.selfhost.firstActivationProbe>:57802] with taskState 4
Aug 28 14:01:52.388273 chronod(ChronoCore)[102] <Notice>: noting foreground launch for dev.selfhost.firstActivationProbe with widget extension; trigger metadata query
Aug 28 14:01:52.388936 kbd(RunningBoardServices)[303] <Info>: Update skipped for [application<dev.selfhost.firstActivationProbe>:57802] with state: <RBSProcessState| task:running-active debug:none endowments:[
Aug 28 14:01:52.390105 symptomsd(RunningBoardServices)[170] <Notice>: Hit the server for a process handle e0efc5b0000e1ca that resolved to: [application<dev.selfhost.firstActivationProbe>:57802]
Aug 28 14:01:52.390518 symptomsd(SymptomNetworkUsage)[170] <Debug>: 57802 dev.selfhost.firstActivationProbe: ForegroundRunning (most elevated: ForegroundRunning)
Aug 28 14:01:52.390624 symptomsd(RunningBoardServices)[170] <Info>: Update delivered for [application<dev.selfhost.firstActivationProbe>:57802] with taskState 4
Aug 28 14:01:52.391449 contextstored(RunningBoardServices)[61] <Notice>: Hit the server for a process handle e0efc5b0000e1ca that resolved to: [application<dev.selfhost.firstActivationProbe>:57802]
        <SBSDisplayLayoutElement: 0x2836f0d20; sceneID:dev.selfhost.firstActivationProbe-default; bundleID: dev.selfhost.firstActivationProbe; frame: {{0, 0}, {375, 667}}; level: 1; role: primary>;
Aug 28 14:01:52.396035 contextstored(RunningBoardServices)[61] <Info>: Update delivered for [application<dev.selfhost.firstActivationProbe>:57802] with taskState 4
Aug 28 14:01:52.396241 watchdogd(RunningBoardServices)[57] <Notice>: Hit the server for a process handle e0efc5b0000e1ca that resolved to: [application<dev.selfhost.firstActivationProbe>:57802]
Aug 28 14:01:52.396414 watchdogd(RunningBoardServices)[57] <Notice>: Received state update for 57802
Aug 28 14:01:52.396946 callservicesd(RunningBoardServices)[131] <Notice>: Hit the server for a process handle e0efc5b0000e1ca that resolved to: [application<dev.selfhost.firstActivationProbe>:57802]
Aug 28 14:01:52.397002 UserEventAgent(RunningBoardServices)[30] <Notice>: Hit the server for a process handle e0efc5b0000e1ca that resolved to: [application<dev.selfhost.firstActivationProbe>:57802]
Aug 28 14:01:52.397577 callservicesd(RunningBoardServices)[131] <Info>: Update delivered for [application<dev.selfhost.firstActivationProbe>:57802] with taskState 4
Aug 28 14:01:52.397858 UserEventAgent(RunningBoardServices)[30] <Info>: Update delivered for [application<dev.selfhost.firstActivationProbe>:57802] with taskState 4
Aug 28 14:01:52.398077 UserEventAgent(ADEventListenerPlugin)[30] <Debug>: AppStateChange: <private> (57802) terminated => foregroundRunning
Aug 28 14:01:52.398523 wifid(RunningBoardServices)[52] <Notice>: Hit the server for a process handle e0efc5b0000e1ca that resolved to: [application<dev.selfhost.firstActivationProbe>:57802]
Aug 28 14:01:52.398739 watchdogd(RunningBoardServices)[57] <Info>: Update delivered for [application<dev.selfhost.firstActivationProbe>:57802] with taskState 4
Aug 28 14:01:52.398864 watchdogd[57] <Info>: 1309760134174250: <private>
Aug 28 14:01:52.398992 useractivityd(RunningBoardServices)[184] <Notice>: Hit the server for a process handle e0efc5b0000e1ca that resolved to: [application<dev.selfhost.firstActivationProbe>:57802]
Aug 28 14:01:52.399426 useractivityd(RunningBoardServices)[184] <Info>: Update delivered for [application<dev.selfhost.firstActivationProbe>:57802] with taskState 4
Aug 28 14:01:52.399570 locationd(RunningBoardServices)[69] <Notice>: Hit the server for a process handle e0efc5b0000e1ca that resolved to: [application<dev.selfhost.firstActivationProbe>:57802]
Aug 28 14:01:52.399965 locationd(RunningBoardServices)[69] <Info>: Update delivered for [application<dev.selfhost.firstActivationProbe>:57802] with taskState 4
Aug 28 14:01:52.405419 locationd[69] <Notice>: {"msg":"#CLIUA Marking change", "clientKey":"dev.selfhost.firstActivationProbe", "reason":"Process state from RunningBoard", "assertionLevel":5, "coming":1}
Aug 28 14:01:52.407551 locationd[69] <Info>: getClientEffectiveRegistrationResult, , dev.selfhost.firstActivationProbe, , CLClientRegistrationResult, kCLClientRegistrationResultFailedUnavailable, CLCommonLocationServicesEnabled, 1
Aug 28 14:01:52.407589 locationd[69] <Info>: getClientEffectiveRegistrationResult, , dev.selfhost.firstActivationProbe, , CLClientRegistrationResult, kCLClientRegistrationResultFailedUnavailable, CLCommonLocationServicesEnabled, 1
Aug 28 14:01:52.407651 locationd[69] <Debug>: {"msg":"Skip UpdateClientServiceTypeMasks #pla for zones. No InterestZones", "ClientKey":"dev.selfhost.firstActivationProbe"}
Aug 28 14:01:52.410179 aggregated(RunningBoardServices)[50213] <Notice>: Hit the server for a process handle e0efc5b0000e1ca that resolved to: [application<dev.selfhost.firstActivationProbe>:57802]
Aug 28 14:01:52.410327 aggregated(RunningBoardServices)[50213] <Info>: Update delivered for [application<dev.selfhost.firstActivationProbe>:57802] with taskState 4
Aug 28 14:01:52.410767 dasd(RunningBoardServices)[94] <Notice>: Hit the server for a process handle e0efc5b0000e1ca that resolved to: [application<dev.selfhost.firstActivationProbe>:57802]
Aug 28 14:01:52.411488 backboardd(RunningBoardServices)[65] <Notice>: Hit the server for a process handle e0efc5b0000e1ca that resolved to: [application<dev.selfhost.firstActivationProbe>:57802]
Aug 28 14:01:52.412169 backboardd(RunningBoardServices)[65] <Info>: Update delivered for [application<dev.selfhost.firstActivationProbe>:57802] with taskState 4
Aug 28 14:01:52.414370 watchdogd(RunningBoardServices)[57] <Debug>: Received message from server: async_observedProcessStatesDidChange:completion:
Aug 28 14:01:52.414415 watchdogd(RunningBoardServices)[57] <Info>: observedProcessStatesDidChange
Aug 28 14:01:52.414542 watchdogd(RunningBoardServices)[57] <Debug>: Decoded RBSProcessHandle with IPC ID e0efc5b0000e1ca
Aug 28 14:01:52.414726 watchdogd(RunningBoardServices)[57] <Notice>: Received state update for 57802
Aug 28 14:01:52.414935 watchdogd(RunningBoardServices)[57] <Info>: Update skipped for [application<dev.selfhost.firstActivationProbe>:57802] with state: <RBSProcessState| task:running-active debug:none endowments:[
Aug 28 14:01:52.416869 symptomsd(RunningBoardServices)[170] <Info>: Update skipped for [application<dev.selfhost.firstActivationProbe>:57802] with state: <RBSProcessState| task:running-active debug:none endowments:[
Aug 28 14:01:52.417580 callservicesd(RunningBoardServices)[131] <Info>: Update skipped for [application<dev.selfhost.firstActivationProbe>:57802] with state: <RBSProcessState| task:running-active debug:none endowments:[
Aug 28 14:01:52.419819 useractivityd(RunningBoardServices)[184] <Info>: Update skipped for [application<dev.selfhost.firstActivationProbe>:57802] with state: <RBSProcessState| task:running-active debug:none endowments:[
Aug 28 14:01:52.419929 contextstored(RunningBoardServices)[61] <Info>: Update skipped for [application<dev.selfhost.firstActivationProbe>:57802] with state: <RBSProcessState| task:running-active debug:none endowments:[
Aug 28 14:01:52.420854 locationd(RunningBoardServices)[69] <Info>: Update skipped for [application<dev.selfhost.firstActivationProbe>:57802] with state: <RBSProcessState| task:running-active debug:none endowments:[
Aug 28 14:01:52.421539 aggregated(RunningBoardServices)[50213] <Info>: Update skipped for [application<dev.selfhost.firstActivationProbe>:57802] with state: <RBSProcessState| task:running-active debug:none endowments:[
Aug 28 14:01:52.423777 dasd(RunningBoardServices)[94] <Info>: Update delivered for [application<dev.selfhost.firstActivationProbe>:57802] with taskState 4
Aug 28 14:01:52.423930 dasd(RunningBoardServices)[94] <Info>: Update skipped for [application<dev.selfhost.firstActivationProbe>:57802] with state: <RBSProcessState| task:running-active debug:none endowments:[
Aug 28 14:01:52.423984 backboardd(RunningBoardServices)[65] <Info>: Update skipped for [application<dev.selfhost.firstActivationProbe>:57802] with state: <RBSProcessState| task:running-active debug:none endowments:[
Aug 28 14:01:52.437799 wifid(RunningBoardServices)[52] <Info>: Update delivered for [application<dev.selfhost.firstActivationProbe>:57802] with taskState 4
Aug 28 14:01:52.438037 wifid(RunningBoardServices)[52] <Info>: Update skipped for [application<dev.selfhost.firstActivationProbe>:57802] with state: <RBSProcessState| task:running-active debug:none endowments:[
Aug 28 14:01:52.442506 UserEventAgent(RunningBoardServices)[30] <Info>: Update delivered for [application<dev.selfhost.firstActivationProbe>:57802] with taskState 4
Aug 28 14:01:52.443404 dasd(RunningBoardServices)[94] <Info>: Update delivered for [application<dev.selfhost.firstActivationProbe>:57802] with taskState 4
Aug 28 14:01:52.443700 dasd(RunningBoardServices)[94] <Info>: Update skipped for [application<dev.selfhost.firstActivationProbe>:57802] with state: <RBSProcessState| task:running-active debug:none endowments:[
Aug 28 14:01:52.443920 dasd(RunningBoardServices)[94] <Info>: Update delivered for [application<dev.selfhost.firstActivationProbe>:57802] with taskState 4
Aug 28 14:01:52.444161 dasd(RunningBoardServices)[94] <Info>: Update skipped for [application<dev.selfhost.firstActivationProbe>:57802] with state: <RBSProcessState| task:running-active debug:none endowments:[
Aug 28 14:01:52.445625 wifid(WiFiPolicy)[52] <Notice>: WifiDeviceManagerCatsWhitelistedApp: CATS en0:  deviceManager:0x10582dc00 FgApp:dev.selfhost.firstActivationProbe stateChange:1 whitelisted=1
Aug 28 14:01:52.445880 wifid(WiFiPolicy)[52] <Notice>: WiFiDeviceManagerCatsSetLowLatencyApp: CATSUpdate en0: fgApp:dev.selfhost.firstActivationProbe b=0x0 rc=0
Aug 28 14:01:52.445991 wifid(WiFiPolicy)[52] <Notice>: WiFiDeviceManagerCatsSetForegroundApp: CATSUpdate en0: fgApp:dev.selfhost.firstActivationProbe hs=0 t=1 wl=1 rc=1
Aug 28 14:01:52.451161 UserEventAgent(RunningBoardServices)[30] <Info>: Update delivered for [application<dev.selfhost.firstActivationProbe>:57802] with taskState 4
Aug 28 14:01:52.451381 UserEventAgent(RunningBoardServices)[30] <Info>: Update skipped for [application<dev.selfhost.firstActivationProbe>:57802] with state: <RBSProcessState| task:running-active debug:none endowments:[
	<RBSProcessAssertionInfo| type:2 reason:10000 name:"Domain" domain:"com.apple.frontboard:Bootstrap-Foreground,com.apple.frontboard:Visibility" expl:"FBApplicationProcess">,
	<RBSProcessAssertionInfo| type:1 reason:0 name:"Custom" domain:"(null)" expl:"injecting inherited from "UIScene:com.apple.frontboard.systemappservices::com.apple.springboard" to 57802<UIScene:com.apple.frontboard.systemappservices::sceneID%3Adev.selfhost.firstActivationProbe-default>">
Aug 28 14:01:52.465628 SpringBoard(RunningBoardServices)[47602] <Info>: Update skipped for [application<dev.selfhost.firstActivationProbe>:57802] with state: <RBSProcessState| task:running-active debug:none endowments:[
Aug 28 14:01:52.468775 SpringBoard(RunningBoardServices)[47602] <Info>: Update skipped for [application<dev.selfhost.firstActivationProbe>:57802] with state: <RBSProcessState| task:running-active debug:none endowments:[
Aug 28 14:01:52.470276 SpringBoard(RunningBoardServices)[47602] <Info>: Update skipped for [application<dev.selfhost.firstActivationProbe>:57802] with state: <RBSProcessState| task:running-active debug:none endowments:[
Aug 28 14:01:52.472743 SpringBoard(RunningBoardServices)[47602] <Info>: Update skipped for [application<dev.selfhost.firstActivationProbe>:57802] with state: <RBSProcessState| task:running-active debug:none endowments:[
Aug 28 14:01:52.474599 SpringBoard(RunningBoardServices)[47602] <Info>: Update skipped for [application<dev.selfhost.firstActivationProbe>:57802] with state: <RBSProcessState| task:running-active debug:none endowments:[
Aug 28 14:01:52.475647 SpringBoard(RunningBoardServices)[47602] <Info>: Update skipped for [application<dev.selfhost.firstActivationProbe>:57802] with state: <RBSProcessState| task:running-active debug:none endowments:[
Aug 28 14:01:52.480431 runningboardd(RunningBoard)[33] <Debug>: [daemon<com.apple.SpringBoard>:47602] query resolved to [application<dev.selfhost.firstActivationProbe>:57802]
Aug 28 14:01:52.488632 symptomsd(SymptomNetworkUsage)[170] <Debug>: Dynamic lookup for E01B2FEA-36F1-3C21-AADE-93AC8E03F45C found entry dev.selfhost.firstActivationProbe
Aug 28 14:01:52.494746 symptomsd(SymptomNetworkUsage)[170] <Debug>: Dynamic lookup for E01B2FEA-36F1-3C21-AADE-93AC8E03F45C found entry dev.selfhost.firstActivationProbe
Aug 28 14:01:52.497911 symptomsd(SymptomNetworkUsage)[170] <Info>: handleApplicationStateChangeForDisplayName: name dev.selfhost.firstActivationProbe uuid E01B2FEA-36F1-3C21-AADE-93AC8E03F45C pid 57802 state BKSApplicationStateForegroundRunning
Aug 28 14:01:52.499584 symptomsd(SymptomNetworkUsage)[170] <Debug>: Dynamic lookup for E01B2FEA-36F1-3C21-AADE-93AC8E03F45C found entry dev.selfhost.firstActivationProbe
Aug 28 14:01:52.500814 symptomsd(SymptomEvaluator)[170] <Info>: COSMCtrl foregroundAppObserver gets E01B2FEA-36F1-3C21-AADE-93AC8E03F45C for dev.selfhost.firstActivationProbe state 1
Aug 28 14:01:52.500876 symptomsd(SymptomEvaluator)[170] <Debug>: COSMCtrl _foregroundAppActivity entry for E01B2FEA-36F1-3C21-AADE-93AC8E03F45C -> dev.selfhost.firstActivationProbe  fg 1
Aug 28 14:01:52.500993 symptomsd(SymptomEvaluator)[170] <Debug>: COSMCtrl _foregroundAppActivity exit for E01B2FEA-36F1-3C21-AADE-93AC8E03F45C -> dev.selfhost.firstActivationProbe  policy id 0  fg 1 fg-activity 0
Aug 28 14:01:52.503252 symptomsd(SymptomEvaluator)[170] <Debug>: Flow data on entry is Runner TCP4 flow id 1234463 (close) so pkts rx 2 tx 3, bytes 594 613 cell 0 0 wifi 674 733 wired 0 0 deltas 594 613 0 0 674 733 0 0
src 1234463 snapshot: Runner TCP4 flow id 1234463 (close) so pkts rx 2 tx 3, bytes 594 613 cell 0 0 wifi 674 733 wired 0 0 deltas 594 613 0 0 674 733 0 0
Aug 28 14:01:52.507624 symptomsd(SymptomEvaluator)[170] <Debug>: --> activityBitmaps: adding new bitmaps for app [dev.selfhost.firstActivationProbe] with bitmaps starting at 1309760: [             0x1] [               0]
Aug 28 14:01:52.507915 symptomsd(SymptomEvaluator)[170] <Debug>: --> activityBitmaps for dev.selfhost.firstActivationProbe: current bitmaps stored before adding new bitmap: [Activity time: 03:33:09.000 -0400 (1305864) ] [wordOffset: 0, numOfWords:8] <             0x1           0x2000    0x40000000000                0          0x10010 0x1000000000000000                0                0 >
Aug 28 14:01:52.512268 symptomsd(SymptomEvaluator)[170] <Debug>: --> activityBitmaps for dev.selfhost.firstActivationProbe: flowId 1234463, startTime 1309760, new bitmap part1:              0x1, part2:                0
Aug 28 14:01:52.512495 symptomsd(SymptomEvaluator)[170] <Debug>: --> activityBitmaps for dev.selfhost.firstActivationProbe: current bitmaps stored after adding new bitmap: [Activity time: 03:50:13.000 -0400 (1306888) ] [wordOffset: 2, numOfWords:8] <   0x40000000000                0          0x10010 0x1000000000000000                0     0x8000000000                0                0 >
Aug 28 14:01:52.513752 symptomsd(SymptomEvaluator)[170] <Debug>: found LU hint (mode: 1) for dev.selfhost.firstActivationProbe: 0x102829350, subscriber tag: 0
Aug 28 14:01:52.513815 symptomsd(SymptomEvaluator)[170] <Notice>: Data Usage for dev.selfhost.firstActivationProbe on flow 1234463 - WiFi in/out: 24798/20900, WiFi delta_in/delta_out: 674/733, Cell in/out: 0/0, Cell delta_in/delta_out: 0/0, RNF: 0, subscriber tag: 0
Aug 28 14:01:52.513860 symptomsd(SymptomEvaluator)[170] <Debug>: Data Usage for dev.selfhost.firstActivationProbe on flow 1234463 - Wired in/out: 0/0, Wired delta_in/delta_out: 0/0, subscriber tag: 0
Aug 28 14:01:52.514133 symptomsd(SymptomEvaluator)[170] <Debug>: Flow data on entry is Runner TCP4 flow id 1234465 (close) so pkts rx 2 tx 1, bytes 1330 225 cell 0 0 wifi 1410 265 wired 0 0 deltas 1330 225 0 0 1410 265 0 0
src 1234465 snapshot: Runner TCP4 flow id 1234465 (close) so pkts rx 2 tx 1, bytes 1330 225 cell 0 0 wifi 1410 265 wired 0 0 deltas 1330 225 0 0 1410 265 0 0
Aug 28 14:01:52.514337 symptomsd(SymptomEvaluator)[170] <Debug>: --> activityBitmaps: adding new bitmaps for app [dev.selfhost.firstActivationProbe] with bitmaps starting at 1309760: [             0x1] [               0]
Aug 28 14:01:52.514548 symptomsd(SymptomEvaluator)[170] <Debug>: --> activityBitmaps for dev.selfhost.firstActivationProbe: current bitmaps stored before adding new bitmap: [Activity time: 03:50:13.000 -0400 (1306888) ] [wordOffset: 2, numOfWords:8] <   0x40000000000                0          0x10010 0x1000000000000000                0     0x8000000000                0                0 >
Aug 28 14:01:52.514595 symptomsd(SymptomEvaluator)[170] <Debug>: --> activityBitmaps for dev.selfhost.firstActivationProbe: flowId 1234465, startTime 1309760, new bitmap part1:              0x1, part2:                0
Aug 28 14:01:52.514644 symptomsd(SymptomEvaluator)[170] <Debug>: --> activityBitmaps for dev.selfhost.firstActivationProbe: current bitmaps stored after adding new bitmap: [Activity time: 03:50:13.000 -0400 (1306888) ] [wordOffset: 2, numOfWords:8] <   0x40000000000                0          0x10010 0x1000000000000000                0     0x8000000000                0                0 >
Aug 28 14:01:52.515904 symptomsd(SymptomEvaluator)[170] <Debug>: found LU hint (mode: 1) for dev.selfhost.firstActivationProbe: 0x102829350, subscriber tag: 0
Aug 28 14:01:52.515955 symptomsd(SymptomEvaluator)[170] <Notice>: Data Usage for dev.selfhost.firstActivationProbe on flow 1234465 - WiFi in/out: 26208/21165, WiFi delta_in/delta_out: 1410/265, Cell in/out: 0/0, Cell delta_in/delta_out: 0/0, RNF: 0, subscriber tag: 0
Aug 28 14:01:52.516007 symptomsd(SymptomEvaluator)[170] <Debug>: Data Usage for dev.selfhost.firstActivationProbe on flow 1234465 - Wired in/out: 0/0, Wired delta_in/delta_out: 0/0, subscriber tag: 0
Aug 28 14:01:52.516237 symptomsd(SymptomEvaluator)[170] <Debug>: Flow data on entry is Runner TCP4 flow id 1234466 (close) so pkts rx 2 tx 2, bytes 258 547 cell 0 0 wifi 338 627 wired 0 0 deltas 258 547 0 0 338 627 0 0
src 1234466 snapshot: Runner TCP4 flow id 1234466 (close) so pkts rx 2 tx 2, bytes 258 547 cell 0 0 wifi 338 627 wired 0 0 deltas 258 547 0 0 338 627 0 0
Aug 28 14:01:52.516441 symptomsd(SymptomEvaluator)[170] <Debug>: --> activityBitmaps: adding new bitmaps for app [dev.selfhost.firstActivationProbe] with bitmaps starting at 1309760: [             0x1] [               0]
Aug 28 14:01:52.516637 symptomsd(SymptomEvaluator)[170] <Debug>: --> activityBitmaps for dev.selfhost.firstActivationProbe: current bitmaps stored before adding new bitmap: [Activity time: 03:50:13.000 -0400 (1306888) ] [wordOffset: 2, numOfWords:8] <   0x40000000000                0          0x10010 0x1000000000000000                0     0x8000000000                0                0 >
Aug 28 14:01:52.516668 symptomsd(SymptomEvaluator)[170] <Debug>: --> activityBitmaps for dev.selfhost.firstActivationProbe: flowId 1234466, startTime 1309760, new bitmap part1:              0x1, part2:                0
Aug 28 14:01:52.516860 symptomsd(SymptomEvaluator)[170] <Debug>: --> activityBitmaps for dev.selfhost.firstActivationProbe: current bitmaps stored after adding new bitmap: [Activity time: 03:50:13.000 -0400 (1306888) ] [wordOffset: 2, numOfWords:8] <   0x40000000000                0          0x10010 0x1000000000000000                0     0x8000000000                0                0 >
Aug 28 14:01:52.518292 symptomsd(SymptomEvaluator)[170] <Debug>: found LU hint (mode: 1) for dev.selfhost.firstActivationProbe: 0x102829350, subscriber tag: 0
Aug 28 14:01:52.518342 symptomsd(SymptomEvaluator)[170] <Notice>: Data Usage for dev.selfhost.firstActivationProbe on flow 1234466 - WiFi in/out: 26546/21792, WiFi delta_in/delta_out: 338/627, Cell in/out: 0/0, Cell delta_in/delta_out: 0/0, RNF: 0, subscriber tag: 0
Aug 28 14:01:52.518403 symptomsd(SymptomEvaluator)[170] <Debug>: Data Usage for dev.selfhost.firstActivationProbe on flow 1234466 - Wired in/out: 0/0, Wired delta_in/delta_out: 0/0, subscriber tag: 0
Aug 28 14:01:52.518433 symptomsd(SymptomEvaluator)[170] <Info>: changedForegroundState to 1 for dev.selfhost.firstActivationProbe
Aug 28 14:01:52.518646 symptomsd(SymptomEvaluator)[170] <Debug>: app name dev.selfhost.firstActivationProbe isForeground 1  hasForegroundApps 1, current idea of foreground 0 disp (null)
Aug 28 14:01:52.518755 symptomsd(SymptomEvaluator)[170] <Notice>: dev.selfhost.firstActivationProbe: Foreground: true
Aug 28 14:01:52.518831 symptomsd(SymptomEvaluator)[170] <Debug>: found LU hint (mode: 1) for dev.selfhost.firstActivationProbe: 0x102829350, subscriber tag: 0
Aug 28 14:01:52.518957 symptomsd(SymptomEvaluator)[170] <Info>: Set appCompactState object 48338 for key dev.selfhost.firstActivationProbe
Aug 28 14:01:52.567796 SpringBoard(SplashBoard)[47602] <Info>: <XBApplicationSnapshot: 0x109ddf7d0; …2F3B89D0D3F1> [dev.selfhost.firstActivationProbe] Purging the cached image; force: 0; _imageAccessCount: 0; _keepImageAccessUntilExpiration: 0; _hasProtectedContent: 0; _keepImageAccessForPreheat: 0
Aug 28 14:01:52.572260 Runner(CoreFoundation)[57802] <Debug>: Resource lookup at <private>
Aug 28 14:01:52.581226 Runner(CoreFoundation)[57802] <Debug>: found no value for key EnhancedTextLegibilityEnabled in CFPrefsSearchListSource<0x283871400> (Domain: dev.selfhost.firstActivationProbe, Container: (null))
Aug 28 14:01:52.581305 Runner(libAccessibility.dylib)[57802] <Debug>: CF Read: domain = dev.selfhost.firstActivationProbe, preference = EnhancedTextLegibilityEnabled, appID = dev.selfhost.firstActivationProbe result = (null) (-1 - empty, 0 - false, 1 - true)
Aug 28 14:01:52.581354 Runner(CoreFoundation)[57802] <Debug>: found no value for key DarkenSystemColors in CFPrefsSearchListSource<0x283871400> (Domain: dev.selfhost.firstActivationProbe, Container: (null))
Aug 28 14:01:52.581406 Runner(libAccessibility.dylib)[57802] <Debug>: CF Read: domain = dev.selfhost.firstActivationProbe, preference = DarkenSystemColors, appID = dev.selfhost.firstActivationProbe result = (null) (-1 - empty, 0 - false, 1 - true)
Aug 28 14:01:52.581447 Runner(CoreFoundation)[57802] <Debug>: found no value for key InvertColorsEnabled in CFPrefsSearchListSource<0x283871400> (Domain: dev.selfhost.firstActivationProbe, Container: (null))
Aug 28 14:01:52.581487 Runner(libAccessibility.dylib)[57802] <Debug>: CF Read: domain = dev.selfhost.firstActivationProbe, preference = InvertColorsEnabled, appID = dev.selfhost.firstActivationProbe result = (null) (-1 - empty, 0 - false, 1 - true)
Aug 28 14:01:52.583177 Runner(UIKitCore)[57802] <Notice>: <private>: Ending background task with UIBackgroundTaskIdentifier: 1
Aug 28 14:01:52.583632 Runner(UIKitCore)[57802] <Notice>: <private>: Ending task with identifier 1 and description: <private>, _expireHandler: <__NSGlobalBlock__: 0x1ec737410>
Aug 28 14:01:52.583757 Runner(UIKitCore)[57802] <Notice>: <private>: Decrementing reference count for assertion used by background task with identifier 1: <private>
Aug 28 14:01:52.583815 runningboardd(RunningBoard)[33] <Info>: Received message from [application<dev.selfhost.firstActivationProbe>:57802] (euid 501, auid 501): async_invalidateAssertionWithIdentifier:
Aug 28 14:01:52.583899 Runner(UIKitCore)[57802] <Notice>: <private>: Will invalidate assertion: <BKSProcessAssertion: 0x283570eb0> for task identifier: 1
Aug 28 14:01:52.583928 runningboardd(RunningBoard)[33] <Notice>: Invalidating assertion 33-57802-7790 (target:[application<dev.selfhost.firstActivationProbe>:57802]) from originator [application<dev.selfhost.firstActivationProbe>:57802]
<SBTransitionSwitcherModifierEvent: 0x28216bf00; type: MainTransition; transitionID: CBF8E592-4853-4863-9088-2D1289507639; phase: Complete; animated: YES; fromAppLayout: 0x0; toAppLayout: <SBAppLayout: 0x2808e2980; primary: dev.selfhost.firstActivationProbe:default; environment: main>; fromEnvironmentMode: home-screen; toEnvironmentMode: application; pendingTermination: {(
)}; activating: <SBAppLayout: 0x2808e2980; primary: dev.selfhost.firstActivationProbe:default; environment: main>; dosidoTransitionDirection: 0>
		    <SBIconOverlayVisibilitySwitcherEventResponse: 0x28081d380; visible: NO; appLayout: <SBAppLayout: 0x2808e2980; primary: dev.selfhost.firstActivationProbe:default; environment: main>>;
		    <SBIconViewVisibilitySwitcherEventResponse: 0x283e86b70; visible: YES; animationSettings: 0x0; appLayout: <SBAppLayout: 0x2808e2980; primary: dev.selfhost.firstActivationProbe:default; environment: main>>;
		    <SBMatchMoveToIconViewSwitcherEventResponse: 0x2808188c0; active: NO; appLayout: <SBAppLayout: 0x2808e2980; primary: dev.selfhost.firstActivationProbe:default; environment: main>>;
Aug 28 14:01:52.651152 SpringBoard[47602] <Notice>: Front display did change: <SBApplication: 0x28242b100; dev.selfhost.firstActivationProbe>
Aug 28 14:01:52.667153 Runner(CoreFoundation)[57802] <Debug>: found no value for key ReduceMotionEnabled in CFPrefsSearchListSource<0x283871400> (Domain: dev.selfhost.firstActivationProbe, Container: (null))
Aug 28 14:01:52.667221 Runner(libAccessibility.dylib)[57802] <Debug>: CF Read: domain = dev.selfhost.firstActivationProbe, preference = ReduceMotionEnabled, appID = dev.selfhost.firstActivationProbe result = (null) (-1 - empty, 0 - false, 1 - true)
        <SBDeviceApplicationSceneEntity: 0x283e9e940; ID: sceneID:dev.selfhost.firstActivationProbe-default; layoutRole: primary>
                            Application: <SBDeviceApplicationSceneEntity: 0x283e9e940; ID: sceneID:dev.selfhost.firstActivationProbe-default; layoutRole: primary>
                            SceneID: sceneID:dev.selfhost.firstActivationProbe-default
                                    Process: <FBApplicationProcess: 0x10a184770; application<dev.selfhost.firstActivationProbe>:57802(v7311E)>
                                    SceneID: sceneID:dev.selfhost.firstActivationProbe-default
                                        TIME: 14:01:52.069; DESCRIPTION: Updating scene with watchdog policy: RunWatchdog
        <SBDeviceApplicationSceneEntity: 0x283e9e940; ID: sceneID:dev.selfhost.firstActivationProbe-default; layoutRole: primary>
        <SBDeviceApplicationSceneEntity: 0x283e9e940; ID: sceneID:dev.selfhost.firstActivationProbe-default; layoutRole: primary>
Aug 28 14:01:52.687449 runningboardd(RunningBoard)[33] <Debug>: [daemon<com.apple.CommCenter>:90] query resolved to [application<dev.selfhost.firstActivationProbe>:57802]
        <SBSDisplayLayoutElement: 0x28363b250; sceneID:dev.selfhost.firstActivationProbe-default; bundleID: dev.selfhost.firstActivationProbe; frame: {{0, 0}, {375, 667}}; level: 1; role: primary>;
Aug 28 14:01:52.690282 runningboardd(RunningBoard)[33] <Debug>: [daemon<com.apple.SpringBoard>:47602] query resolved to [application<dev.selfhost.firstActivationProbe>:57802]
Aug 28 14:01:52.690432 bluetoothd(CoreUtils)[86] <Notice>: SystemUI unknown identifier: 'sceneID:dev.selfhost.firstActivationProbe-default' / 'dev.selfhost.firstActivationProbe'
Aug 28 14:01:52.691211 sharingd[66] <Debug>: SystemUI unknown identifier: 'sceneID:dev.selfhost.firstActivationProbe-default'/ 'dev.selfhost.firstActivationProbe'
Aug 28 14:01:52.694714 runningboardd(RunningBoard)[33] <Debug>: Updating events for assertion: 33-57802-7790 (target:[application<dev.selfhost.firstActivationProbe>:57802])
Aug 28 14:01:52.694848 runningboardd(RunningBoard)[33] <Debug>: Removing assertion 33-57802-7790 on [application<dev.selfhost.firstActivationProbe>:57802]
Aug 28 14:01:52.694895 runningboardd(RunningBoard)[33] <Debug>: Removing events for context: 33-57802-7790 (target:[application<dev.selfhost.firstActivationProbe>:57802])
Aug 28 14:01:52.694943 runningboardd(RunningBoard)[33] <Debug>: > application<dev.selfhost.firstActivationProbe> ['RB Underlying Assertion'] [33-33-7788]
Aug 28 14:01:52.694987 runningboardd(RunningBoard)[33] <Info>: application<dev.selfhost.firstActivationProbe> is now targeted by 4 assertions
Aug 28 14:01:52.695025 runningboardd(RunningBoard)[33] <Debug>: > 57802 ['injecting inherited from "UIScene:com.apple.frontboard.systemappservices::com.apple.springboard" to 57802<UIScene:com.apple.frontboard.systemappservices::sceneID%3Adev.selfhost.firstActivationProbe-default>'] [33-47602-7791]
Aug 28 14:01:52.776403 Runner(CoreFoundation)[57802] <Debug>: found no value for key IncreaseButtonLegibilityEnabled in CFPrefsSearchListSource<0x283871400> (Domain: dev.selfhost.firstActivationProbe, Container: (null))
Aug 28 14:01:52.776482 Runner(libAccessibility.dylib)[57802] <Debug>: CF Read: domain = dev.selfhost.firstActivationProbe, preference = IncreaseButtonLegibilityEnabled, appID = dev.selfhost.firstActivationProbe result = (null) (-1 - empty, 0 - false, 1 - true)
Aug 28 14:01:52.776518 Runner(CoreFoundation)[57802] <Debug>: found no value for key ReduceMotionAutoplayVideoPreviewsEnabled in CFPrefsSearchListSource<0x283871400> (Domain: dev.selfhost.firstActivationProbe, Container: (null))
Aug 28 14:01:52.776660 Runner(libAccessibility.dylib)[57802] <Debug>: CF Read: domain = dev.selfhost.firstActivationProbe, preference = ReduceMotionAutoplayVideoPreviewsEnabled, appID = dev.selfhost.firstActivationProbe result = (null) (-1 - empty, 0 - false, 1 - true)
Aug 28 14:01:52.943537 SpringBoard(SplashBoard)[47602] <Info>: <XBApplicationSnapshot: 0x109d3cb20; …A909693DA7E7> [dev.selfhost.firstActivationProbe] Purging the cached image; force: 0; _imageAccessCount: 0; _keepImageAccessUntilExpiration: 0; _hasProtectedContent: 0; _keepImageAccessForPreheat: 0
Aug 28 14:01:53.077578 SpringBoard(FrontBoard)[47602] <Notice>: [application<dev.selfhost.firstActivationProbe>:57802] Now acquiring workspace assertion with state: ForegroundFocal.
Aug 28 14:01:53.081200 runningboardd(RunningBoard)[33] <Notice>: Acquiring assertion targeting [application<dev.selfhost.firstActivationProbe>:57802] from originator [daemon<com.apple.SpringBoard>:47602] with description <RBSAssertionDescriptor| "FBWorkspace (ForegroundFocal)" ID:33-47602-7793 target:57802 attributes:[
Aug 28 14:01:53.089733 runningboardd(RunningBoard)[33] <Notice>: Assertion 33-47602-7793 (target:[application<dev.selfhost.firstActivationProbe>:57802]) will be created as active
Aug 28 14:01:53.090111 runningboardd(RunningBoard)[33] <Debug>: BEGIN suppressing state updates for application<dev.selfhost.firstActivationProbe>
Aug 28 14:01:53.090486 runningboardd(RunningBoard)[33] <Debug>: Adding assertion 33-47602-7793 (target:[application<dev.selfhost.firstActivationProbe>:57802])
Aug 28 14:01:53.090738 runningboardd(RunningBoard)[33] <Debug>: Incrementing suppression state to 1 for application<dev.selfhost.firstActivationProbe>
Aug 28 14:01:53.091148 runningboardd(RunningBoard)[33] <Info>: application<dev.selfhost.firstActivationProbe> is now targeted by 5 assertions
Aug 28 14:01:53.091666 runningboardd(RunningBoard)[33] <Debug>: Updating events for assertion: 33-47602-7793 (target:[application<dev.selfhost.firstActivationProbe>:57802])
Aug 28 14:01:53.091907 runningboardd(RunningBoard)[33] <Debug>: Removing events for context: 33-47602-7793 (target:[application<dev.selfhost.firstActivationProbe>:57802])
Aug 28 14:01:53.092123 runningboardd(RunningBoard)[33] <Info>: [application<dev.selfhost.firstActivationProbe>:57802] Applying updated state
Aug 28 14:01:53.092349 runningboardd(RunningBoard)[33] <Debug>: Enqueueing events for assertion: 33-47602-7793 (target:[application<dev.selfhost.firstActivationProbe>:57802])
Aug 28 14:01:53.092545 runningboardd(RunningBoard)[33] <Notice>: Calculated state for application<dev.selfhost.firstActivationProbe>: running-active (role: UserInteractiveFocal)
    <RBSInheritance| environment:UIScene:com.apple.frontboard.systemappservices::sceneID%3Adev.selfhost.firstActivationProbe-default name:com.apple.frontboard.visibility origID:33-47602-7791 payload>
Aug 28 14:01:53.093306 runningboardd(RunningBoard)[33] <Info>: Finished acquiring assertion 33-47602-7793 (target:[application<dev.selfhost.firstActivationProbe>:57802])
Aug 28 14:01:53.093511 runningboardd(RunningBoard)[33] <Debug>: SUPPRESSING state update for application<dev.selfhost.firstActivationProbe>: <RBSProcessState| task:running-active debug:none terminationResistance:Interactive endowments:[
	<RBSProcessAssertionInfo| type:2 reason:10000 name:"Domain" domain:"com.apple.frontboard:Bootstrap-Foreground,com.apple.frontboard:Visibility" expl:"FBApplicationProcess">,
	<RBSProcessAssertionInfo| type:1 reason:0 name:"Custom" domain:"(null)" expl:"injecting inherited from "UIScene:com.apple.frontboard.systemappservices::com.apple.springboard" to 57802<UIScene:com.apple.frontboard.systemappservices::sceneID%3Adev.selfhost.firstActivationProbe-default>">
Aug 28 14:01:53.094031 runningboardd(RunningBoard)[33] <Debug>: Decrementing suppression state to 0 for application<dev.selfhost.firstActivationProbe>
Aug 28 14:01:53.094412 runningboardd(RunningBoard)[33] <Debug>: END suppressing state updates for application<dev.selfhost.firstActivationProbe>
Aug 28 14:01:53.094932 SpringBoard(FrontBoard)[47602] <Notice>: [application<dev.selfhost.firstActivationProbe>:57802] Dropping launch assertion.
Aug 28 14:01:53.095205 runningboardd(RunningBoard)[33] <Notice>: Invalidating assertion 33-47602-7787 (target:application<dev.selfhost.firstActivationProbe>) from originator [daemon<com.apple.SpringBoard>:47602]
Aug 28 14:01:53.096270 SpringBoard(RunningBoardServices)[47602] <Info>: Update skipped for [application<dev.selfhost.firstActivationProbe>:57802] with state: <RBSProcessState| task:running-active debug:none endowments:[
Aug 28 14:01:53.096601 Runner(RunningBoardServices)[57802] <Debug>: Received message from server: async_didChangeInheritances:completion:
Aug 28 14:01:53.096803 Runner(RunningBoardServices)[57802] <Info>: didChangeInheritances
Aug 28 14:01:53.097134 Runner(RunningBoardServices)[57802] <Info>: didChangeInheritances: <RBSInheritanceChangeSet| gained:{(
Aug 28 14:01:53.097396 SpringBoard(RunningBoardServices)[47602] <Info>: Update skipped for [application<dev.selfhost.firstActivationProbe>:57802] with state: <RBSProcessState| task:running-active debug:none endowments:[
Aug 28 14:01:53.097838 SpringBoard(RunningBoardServices)[47602] <Info>: Update skipped for [application<dev.selfhost.firstActivationProbe>:57802] with state: <RBSProcessState| task:running-active debug:none endowments:[
Aug 28 14:01:53.098323 runningboardd(RunningBoard)[33] <Debug>: Sending state update for application<dev.selfhost.firstActivationProbe>: <RBSProcessState| task:running-active debug:none terminationResistance:Interactive endowments:[
	<RBSProcessAssertionInfo| type:2 reason:10000 name:"Domain" domain:"com.apple.frontboard:Bootstrap-Foreground,com.apple.frontboard:Visibility" expl:"FBApplicationProcess">,
	<RBSProcessAssertionInfo| type:1 reason:0 name:"Custom" domain:"(null)" expl:"injecting inherited from "UIScene:com.apple.frontboard.systemappservices::com.apple.springboard" to 57802<UIScene:com.apple.frontboard.systemappservices::sceneID%3Adev.selfhost.firstActivationProbe-default>">
Aug 28 14:01:53.099101 mediaserverd(RunningBoardServices)[36] <Info>: Update skipped for [application<dev.selfhost.firstActivationProbe>:57802] with state: <RBSProcessState| task:running-active debug:none endowments:[
Aug 28 14:01:53.099300 mediaserverd(RunningBoardServices)[36] <Info>: Update skipped for [application<dev.selfhost.firstActivationProbe>:57802] with state: <RBSProcessState| task:running-active debug:none endowments:[
Aug 28 14:01:53.101846 kbd(RunningBoardServices)[303] <Info>: Update skipped for [application<dev.selfhost.firstActivationProbe>:57802] with state: <RBSProcessState| task:running-active debug:none endowments:[
Aug 28 14:01:53.102753 SpringBoard(RunningBoardServices)[47602] <Info>: Update skipped for [application<dev.selfhost.firstActivationProbe>:57802] with state: <RBSProcessState| task:running-active debug:none endowments:[
Aug 28 14:01:53.103437 SpringBoard(RunningBoardServices)[47602] <Info>: Update skipped for [application<dev.selfhost.firstActivationProbe>:57802] with state: <RBSProcessState| task:running-active debug:none endowments:[
Aug 28 14:01:53.114049 CommCenter(RunningBoardServices)[90] <Info>: Update skipped for [application<dev.selfhost.firstActivationProbe>:57802] with state: <RBSProcessState| task:running-active debug:none endowments:[
Aug 28 14:01:53.120605 UserEventAgent(RunningBoardServices)[30] <Info>: Update skipped for [application<dev.selfhost.firstActivationProbe>:57802] with state: <RBSProcessState| task:running-active debug:none endowments:[
	<RBSProcessAssertionInfo| type:2 reason:10000 name:"Domain" domain:"com.apple.frontboard:Bootstrap-Foreground,com.apple.frontboard:Visibility" expl:"FBApplicationProcess">,
	<RBSProcessAssertionInfo| type:1 reason:0 name:"Custom" domain:"(null)" expl:"injecting inherited from "UIScene:com.apple.frontboard.systemappservices::com.apple.springboard" to 57802<UIScene:com.apple.frontboard.systemappservices::sceneID%3Adev.selfhost.firstActivationProbe-default>">
Aug 28 14:01:53.121729 backboardd(RunningBoardServices)[65] <Info>: Update skipped for [application<dev.selfhost.firstActivationProbe>:57802] with state: <RBSProcessState| task:running-active debug:none endowments:[
Aug 28 14:01:53.126149 watchdogd(RunningBoardServices)[57] <Debug>: Received message from server: async_observedProcessStatesDidChange:completion:
Aug 28 14:01:53.126570 watchdogd(RunningBoardServices)[57] <Info>: observedProcessStatesDidChange
Aug 28 14:01:53.127125 watchdogd(RunningBoardServices)[57] <Debug>: Decoded RBSProcessHandle with IPC ID e0efc5b0000e1ca
Aug 28 14:01:53.131829 dasd(RunningBoardServices)[94] <Info>: Update skipped for [application<dev.selfhost.firstActivationProbe>:57802] with state: <RBSProcessState| task:running-active debug:none endowments:[
Aug 28 14:01:53.132092 symptomsd(RunningBoardServices)[170] <Info>: Update skipped for [application<dev.selfhost.firstActivationProbe>:57802] with state: <RBSProcessState| task:running-active debug:none endowments:[
Aug 28 14:01:53.132651 aggregated(RunningBoardServices)[50213] <Info>: Update skipped for [application<dev.selfhost.firstActivationProbe>:57802] with state: <RBSProcessState| task:running-active debug:none endowments:[
Aug 28 14:01:53.132896 locationd(RunningBoardServices)[69] <Info>: Update skipped for [application<dev.selfhost.firstActivationProbe>:57802] with state: <RBSProcessState| task:running-active debug:none endowments:[
Aug 28 14:01:53.133486 watchdogd(RunningBoardServices)[57] <Notice>: Received state update for 57802
Aug 28 14:01:53.134021 wifid(RunningBoardServices)[52] <Info>: Update skipped for [application<dev.selfhost.firstActivationProbe>:57802] with state: <RBSProcessState| task:running-active debug:none endowments:[
Aug 28 14:01:53.134605 callservicesd(RunningBoardServices)[131] <Info>: Update skipped for [application<dev.selfhost.firstActivationProbe>:57802] with state: <RBSProcessState| task:running-active debug:none endowments:[
Aug 28 14:01:53.134873 contextstored(RunningBoardServices)[61] <Info>: Update skipped for [application<dev.selfhost.firstActivationProbe>:57802] with state: <RBSProcessState| task:running-active debug:none endowments:[
Aug 28 14:01:53.136002 useractivityd(RunningBoardServices)[184] <Info>: Update skipped for [application<dev.selfhost.firstActivationProbe>:57802] with state: <RBSProcessState| task:running-active debug:none endowments:[
Aug 28 14:01:53.136241 watchdogd(RunningBoardServices)[57] <Info>: Update skipped for [application<dev.selfhost.firstActivationProbe>:57802] with state: <RBSProcessState| task:running-active debug:none endowments:[
Aug 28 14:01:53.138310 dasd(RunningBoardServices)[94] <Info>: Update skipped for [application<dev.selfhost.firstActivationProbe>:57802] with state: <RBSProcessState| task:running-active debug:none endowments:[
Aug 28 14:01:53.138977 dasd(RunningBoardServices)[94] <Info>: Update skipped for [application<dev.selfhost.firstActivationProbe>:57802] with state: <RBSProcessState| task:running-active debug:none endowments:[
Aug 28 14:01:53.142441 UserEventAgent(RunningBoardServices)[30] <Info>: Update delivered for [application<dev.selfhost.firstActivationProbe>:57802] with taskState 4
Aug 28 14:01:53.199091 runningboardd(RunningBoard)[33] <Debug>: Updating events for assertion: 33-47602-7787 (target:application<dev.selfhost.firstActivationProbe>)
Aug 28 14:01:53.200641 runningboardd(RunningBoard)[33] <Debug>: Removing events for context: 33-47602-7787 (target:application<dev.selfhost.firstActivationProbe>)
Aug 28 14:01:53.201351 runningboardd(RunningBoard)[33] <Debug>: Removing assertion 33-47602-7787 on application<dev.selfhost.firstActivationProbe>
Aug 28 14:01:53.213026 runningboardd(RunningBoard)[33] <Debug>: > application<dev.selfhost.firstActivationProbe> ['FBWorkspace (ForegroundFocal)'] [33-47602-7793]
Aug 28 14:01:53.215038 runningboardd(RunningBoard)[33] <Debug>: > application<dev.selfhost.firstActivationProbe> ['injecting inherited from "UIScene:com.apple.frontboard.systemappservices::com.apple.springboard" to 57802<UIScene:com.apple.frontboard.systemappservices::sceneID%3Adev.selfhost.firstActivationProbe-default>'] [33-47602-7791]
Aug 28 14:01:53.215799 runningboardd(RunningBoard)[33] <Debug>: > application<dev.selfhost.firstActivationProbe> ['com.apple.frontboard.after-life.interrupted'] [33-47602-7789]
Aug 28 14:01:53.216555 runningboardd(RunningBoard)[33] <Info>: application<dev.selfhost.firstActivationProbe> is now targeted by 4 assertions
Aug 28 14:01:53.216861 runningboardd(RunningBoard)[33] <Debug>: > 47602 ['injecting inherited from "UIScene:com.apple.frontboard.systemappservices::com.apple.springboard" to 57802<UIScene:com.apple.frontboard.systemappservices::sceneID%3Adev.selfhost.firstActivationProbe-default>'] [33-47602-7791]
Aug 28 14:01:53.217415 runningboardd(RunningBoard)[33] <Info>: [application<dev.selfhost.firstActivationProbe>:57802] Applying updated state
Aug 28 14:01:53.217604 runningboardd(RunningBoard)[33] <Notice>: Calculated state for application<dev.selfhost.firstActivationProbe>: running-active (role: UserInteractiveFocal)
    <RBSInheritance| environment:UIScene:com.apple.frontboard.systemappservices::sceneID%3Adev.selfhost.firstActivationProbe-default name:com.apple.frontboard.visibility origID:33-47602-7791 payload>,
Aug 28 14:01:53.218492 runningboardd(RunningBoard)[33] <Debug>: Sending state update for application<dev.selfhost.firstActivationProbe>: <RBSProcessState| task:running-active debug:none terminationResistance:Interactive endowments:[
	<RBSProcessAssertionInfo| type:1 reason:0 name:"Custom" domain:"(null)" expl:"injecting inherited from "UIScene:com.apple.frontboard.systemappservices::com.apple.springboard" to 57802<UIScene:com.apple.frontboard.systemappservices::sceneID%3Adev.selfhost.firstActivationProbe-default>">,
Aug 28 14:01:53.218785 runningboardd(RunningBoard)[33] <Debug>: BEGIN suppressing state updates for application<dev.selfhost.firstActivationProbe>
Aug 28 14:01:53.218936 SpringBoard(RunningBoardServices)[47602] <Info>: Update skipped for [application<dev.selfhost.firstActivationProbe>:57802] with state: <RBSProcessState| task:running-active debug:none endowments:[
Aug 28 14:01:53.219088 Runner(RunningBoardServices)[57802] <Debug>: Received message from server: async_didChangeInheritances:completion:
Aug 28 14:01:53.219159 Runner(RunningBoardServices)[57802] <Info>: didChangeInheritances
Aug 28 14:01:53.219359 Runner(RunningBoardServices)[57802] <Info>: didChangeInheritances: <RBSInheritanceChangeSet| gained:(null) lost:{(
Aug 28 14:01:53.219504 runningboardd(RunningBoard)[33] <Debug>: Incrementing suppression state to 1 for application<dev.selfhost.firstActivationProbe>
Aug 28 14:01:53.219828 powerd[43] <Notice>: Process runningboardd.33 Released SystemIsActive "application<dev.selfhost.firstActivationProbe>;(null):(null);33-47602-7787:FBApplicationProcess" age:00:00:01  id:51539650434 [System: SysAct]
Aug 28 14:01:53.220531 mediaserverd(RunningBoardServices)[36] <Info>: Update skipped for [application<dev.selfhost.firstActivationProbe>:57802] with state: <RBSProcessState| task:running-active debug:none endowments:[
Aug 28 14:01:53.220626 mediaserverd(RunningBoardServices)[36] <Info>: Update skipped for [application<dev.selfhost.firstActivationProbe>:57802] with state: <RBSProcessState| task:running-active debug:none endowments:[
Aug 28 14:01:53.220985 SpringBoard(RunningBoardServices)[47602] <Info>: Update skipped for [application<dev.selfhost.firstActivationProbe>:57802] with state: <RBSProcessState| task:running-active debug:none endowments:[
Aug 28 14:01:53.221119 SpringBoard(RunningBoardServices)[47602] <Info>: Update skipped for [application<dev.selfhost.firstActivationProbe>:57802] with state: <RBSProcessState| task:running-active debug:none endowments:[
Aug 28 14:01:53.221301 SpringBoard(RunningBoardServices)[47602] <Info>: Update skipped for [application<dev.selfhost.firstActivationProbe>:57802] with state: <RBSProcessState| task:running-active debug:none endowments:[
Aug 28 14:01:53.221452 SpringBoard(RunningBoardServices)[47602] <Info>: Update skipped for [application<dev.selfhost.firstActivationProbe>:57802] with state: <RBSProcessState| task:running-active debug:none endowments:[
Aug 28 14:01:53.224361 kbd(RunningBoardServices)[303] <Info>: Update skipped for [application<dev.selfhost.firstActivationProbe>:57802] with state: <RBSProcessState| task:running-active debug:none endowments:[
Aug 28 14:01:53.226156 watchdogd(RunningBoardServices)[57] <Debug>: Received message from server: async_observedProcessStatesDidChange:completion:
Aug 28 14:01:53.231095 UserEventAgent(RunningBoardServices)[30] <Info>: Update skipped for [application<dev.selfhost.firstActivationProbe>:57802] with state: <RBSProcessState| task:running-active debug:none endowments:[
	<RBSProcessAssertionInfo| type:1 reason:0 name:"Custom" domain:"(null)" expl:"injecting inherited from "UIScene:com.apple.frontboard.systemappservices::com.apple.springboard" to 57802<UIScene:com.apple.frontboard.systemappservices::sceneID%3Adev.selfhost.firstActivationProbe-default>">,
Aug 28 14:01:53.231692 CommCenter(RunningBoardServices)[90] <Info>: Update skipped for [application<dev.selfhost.firstActivationProbe>:57802] with state: <RBSProcessState| task:running-active debug:none endowments:[
Aug 28 14:01:53.232031 backboardd(RunningBoardServices)[65] <Info>: Update skipped for [application<dev.selfhost.firstActivationProbe>:57802] with state: <RBSProcessState| task:running-active debug:none endowments:[
Aug 28 14:01:53.238207 watchdogd(RunningBoardServices)[57] <Info>: observedProcessStatesDidChange
Aug 28 14:01:53.238708 watchdogd(RunningBoardServices)[57] <Debug>: Decoded RBSProcessHandle with IPC ID e0efc5b0000e1ca
Aug 28 14:01:53.239513 watchdogd(RunningBoardServices)[57] <Notice>: Received state update for 57802
Aug 28 14:01:53.243849 aggregated(RunningBoardServices)[50213] <Info>: Update skipped for [application<dev.selfhost.firstActivationProbe>:57802] with state: <RBSProcessState| task:running-active debug:none endowments:[
Aug 28 14:01:53.244908 locationd(RunningBoardServices)[69] <Info>: Update skipped for [application<dev.selfhost.firstActivationProbe>:57802] with state: <RBSProcessState| task:running-active debug:none endowments:[
Aug 28 14:01:53.245170 dasd(RunningBoardServices)[94] <Info>: Update skipped for [application<dev.selfhost.firstActivationProbe>:57802] with state: <RBSProcessState| task:running-active debug:none endowments:[
Aug 28 14:01:53.246193 wifid(RunningBoardServices)[52] <Info>: Update skipped for [application<dev.selfhost.firstActivationProbe>:57802] with state: <RBSProcessState| task:running-active debug:none endowments:[
Aug 28 14:01:53.246793 watchdogd(RunningBoardServices)[57] <Info>: Update skipped for [application<dev.selfhost.firstActivationProbe>:57802] with state: <RBSProcessState| task:running-active debug:none endowments:[
Aug 28 14:01:53.246931 callservicesd(RunningBoardServices)[131] <Info>: Update skipped for [application<dev.selfhost.firstActivationProbe>:57802] with state: <RBSProcessState| task:running-active debug:none endowments:[
Aug 28 14:01:53.247827 dasd(RunningBoardServices)[94] <Info>: Update skipped for [application<dev.selfhost.firstActivationProbe>:57802] with state: <RBSProcessState| task:running-active debug:none endowments:[
Aug 28 14:01:53.247968 symptomsd(RunningBoardServices)[170] <Info>: Update skipped for [application<dev.selfhost.firstActivationProbe>:57802] with state: <RBSProcessState| task:running-active debug:none endowments:[
Aug 28 14:01:53.248244 useractivityd(RunningBoardServices)[184] <Info>: Update skipped for [application<dev.selfhost.firstActivationProbe>:57802] with state: <RBSProcessState| task:running-active debug:none endowments:[
Aug 28 14:01:53.248975 contextstored(RunningBoardServices)[61] <Info>: Update skipped for [application<dev.selfhost.firstActivationProbe>:57802] with state: <RBSProcessState| task:running-active debug:none endowments:[
Aug 28 14:01:53.251536 dasd(RunningBoardServices)[94] <Info>: Update skipped for [application<dev.selfhost.firstActivationProbe>:57802] with state: <RBSProcessState| task:running-active debug:none endowments:[
Aug 28 14:01:53.254461 UserEventAgent(RunningBoardServices)[30] <Info>: Update delivered for [application<dev.selfhost.firstActivationProbe>:57802] with taskState 4
Aug 28 14:01:53.316046 runningboardd(RunningBoard)[33] <Debug>: Decrementing suppression state to 0 for application<dev.selfhost.firstActivationProbe>
Aug 28 14:01:53.316198 runningboardd(RunningBoard)[33] <Debug>: END suppressing state updates for application<dev.selfhost.firstActivationProbe>
Aug 28 14:01:53.552511 Runner(CoreFoundation)[57802] <Debug>: found no value for key QuickSpeak in CFPrefsSearchListSource<0x283873600> (Domain: com.apple.Accessibility, Container: (null))
Aug 28 14:01:53.553180 Runner(libAccessibility.dylib)[57802] <Debug>: CF Read: domain = com.apple.Accessibility, preference = QuickSpeak, appID = (null) result = (null) (-1 - empty, 0 - false, 1 - true)
Aug 28 14:01:53.553485 Runner(CoreFoundation)[57802] <Debug>: found no value for key QuickSpeak in CFPrefsPlistSource<0x283873680> (Domain: com.apple.Accessibility, User: kCFPreferencesCurrentUser, ByHost: No, Container: (null), Contents Need Refresh: No)
Aug 28 14:01:54.033013 wifid(WiFiPolicy)[52] <Notice>: __WiFiLQAMgrLogStats(tech support:Stationary): Rssi: -39 {-60 0} Channel: 44 Bandwidth: 80Mhz Snr: 35 Cca: 10 (S:0 O:0 I:0) TxPer: 0.0% (21) BcnPer: 0.0% (0, 50.5%) RxFrms: 22 RxRetryFrames: 0 TxRate: 24000 RxRate: 866667 FBRate: 520000 TxFwFrms: 6 TxFwFail: 0 TxReTrans: 3 time: 1667.3secs fgApp: dev.selfhost.firstActivationProbe
Aug 28 14:01:54.076490 mediaserverd(CoreMotion)[36] <Debug>: Ping timer fired, resetting watchdog
Aug 28 14:01:54.104884 nearbyd(CoreMotion)[157] <Debug>: Ping timer fired, resetting watchdog
Aug 28 14:01:54.170524 locationd[69] <Debug>: Ping timer fired, resetting watchdog
Aug 28 14:01:56.062704 SpringBoard(CoreMotion)[47602] <Debug>: Ping timer fired, resetting watchdog
Aug 28 14:01:56.135206 locationd[69] <Debug>: Fence: cancelLocationWatchdog, num fences, 1, location type, <private>
Aug 28 14:01:56.135304 locationd[69] <Debug>: Fence: cancelLocationWatchdog
Aug 28 14:01:56.503759 backboardd(CoreMotion)[65] <Debug>: Ping timer fired, resetting watchdog
Aug 28 14:01:56.650883 watchdogd[57] <Debug>: 1309764372992416: <private>
Aug 28 14:01:56.651372 watchdogd[57] <Info>: 1309764373542000: <private>
Aug 28 14:01:56.651828 watchdogd[57] <Debug>: 1309764374120125: <private>
Aug 28 14:01:56.652323 watchdogd[57] <Info>: 1309764374133083: <private>
Aug 28 14:01:56.652484 watchdogd[57] <Debug>: 1309764374259750: <private>
Aug 28 14:01:56.652675 watchdogd[57] <Debug>: 1309764375067625: <private>
Aug 28 14:01:56.652975 watchdogd[57] <Debug>: 1309764375993833: <private>
Aug 28 14:01:56.653131 watchdogd[57] <Debug>: 1309764376697208: <private>
Aug 28 14:01:56.653321 watchdogd[57] <Debug>: 1309764377813375: <private>
Aug 28 14:01:56.653611 watchdogd[57] <Debug>: 1309764378884208: <private>
Aug 28 14:01:56.653744 watchdogd[57] <Info>: 1309764378948416: <private>
Aug 28 14:01:56.654005 watchdogd[57] <Info>: 1309764378964791: <private>
Aug 28 14:01:56.654134 watchdogd[57] <Info>: 1309764378971041: <private>
Aug 28 14:01:56.654328 watchdogd[57] <Info>: 1309764378976083: <private>
Aug 28 14:01:56.654703 watchdogd[57] <Info>: 1309764378980541: <private>
Aug 28 14:01:56.654835 watchdogd[57] <Info>: 1309764378984666: <private>
Aug 28 14:01:56.655237 watchdogd[57] <Info>: 1309764378989000: <private>
Aug 28 14:01:56.655383 watchdogd[57] <Info>: 1309764378993000: <private>
Aug 28 14:01:56.900659 biometrickitd(CoreMotion)[109] <Debug>: Ping timer fired, resetting watchdog
Aug 28 14:01:59.053567 wifid(WiFiPolicy)[52] <Notice>: __WiFiLQAMgrLogStats(tech support:Stationary): Rssi: -39 {-63 0} Channel: 44 Bandwidth: 80Mhz Snr: 35 Cca: 8 (S:0 O:0 I:0) TxPer: 0.0% (0) BcnPer: 2.4% (82, 50.5%) RxFrms: 4 RxRetryFrames: 0 TxRate: 24000 RxRate: 866667 FBRate: 520000 TxFwFrms: 32 TxFwFail: 0 TxReTrans: 0 time: 1672.3secs fgApp: dev.selfhost.firstActivationProbe
Aug 28 14:01:59.076580 mediaserverd(CoreMotion)[36] <Debug>: Ping timer fired, resetting watchdog
Aug 28 14:01:59.104246 nearbyd(CoreMotion)[157] <Debug>: Ping timer fired, resetting watchdog
Aug 28 14:01:59.170241 locationd[69] <Debug>: Ping timer fired, resetting watchdog
Aug 28 14:02:00.566939 locationd[69] <Debug>: Fence: cancelLocationWatchdog, num fences, 1, location type, <private>
Aug 28 14:02:00.567152 locationd[69] <Debug>: Fence: cancelLocationWatchdog
Aug 28 14:02:01.058061 SpringBoard(CoreMotion)[47602] <Debug>: Ping timer fired, resetting watchdog
Aug 28 14:02:01.503605 backboardd(CoreMotion)[65] <Debug>: Ping timer fired, resetting watchdog
Aug 28 14:02:01.899234 biometrickitd(CoreMotion)[109] <Debug>: Ping timer fired, resetting watchdog
Aug 28 14:02:04.078402 wifid(WiFiPolicy)[52] <Notice>: __WiFiLQAMgrLogStats(tech support:Stationary): Rssi: -40 {-38 0} Channel: 44 Bandwidth: 80Mhz Snr: 35 Cca: 5 (S:0 O:0 I:0) TxPer: 0.0% (0) BcnPer: 0.0% (0, 50.5%) RxFrms: 8 RxRetryFrames: 0 TxRate: 24000 RxRate: 866667 FBRate: 520000 TxFwFrms: 16 TxFwFail: 0 TxReTrans: 0 time: 1677.3secs fgApp: dev.selfhost.firstActivationProbe
Aug 28 14:02:04.079809 mediaserverd(CoreMotion)[36] <Debug>: Ping timer fired, resetting watchdog
Aug 28 14:02:04.108522 nearbyd(CoreMotion)[157] <Debug>: Ping timer fired, resetting watchdog
Aug 28 14:02:04.170156 locationd[69] <Debug>: Ping timer fired, resetting watchdog
Aug 28 14:02:06.058084 SpringBoard(CoreMotion)[47602] <Debug>: Ping timer fired, resetting watchdog
Aug 28 14:02:06.502876 backboardd(CoreMotion)[65] <Debug>: Ping timer fired, resetting watchdog
Aug 28 14:02:06.638936 watchdogd[57] <Debug>: 1309774373609208: <private>
Aug 28 14:02:06.639036 watchdogd[57] <Info>: 1309774373754250: <private>
Aug 28 14:02:06.639326 watchdogd[57] <Debug>: 1309774373909083: <private>
Aug 28 14:02:06.639465 watchdogd[57] <Debug>: 1309774373918458: <private>
Aug 28 14:02:06.639552 watchdogd[57] <Info>: 1309774373919875: <private>
Aug 28 14:02:06.639746 watchdogd[57] <Debug>: 1309774374033500: <private>
Aug 28 14:02:06.639968 watchdogd[57] <Debug>: 1309774374156166: <private>
Aug 28 14:02:06.640114 watchdogd[57] <Debug>: 1309774374213500: <private>
Aug 28 14:02:06.640165 watchdogd[57] <Debug>: 1309774374397666: <private>
Aug 28 14:02:06.640216 watchdogd[57] <Debug>: 1309774374404875: <private>
Aug 28 14:02:06.640255 watchdogd[57] <Info>: 1309774374416875: <private>
Aug 28 14:02:06.640347 watchdogd[57] <Info>: 1309774374420875: <private>
Aug 28 14:02:06.640403 watchdogd[57] <Info>: 1309774374422416: <private>
Aug 28 14:02:06.640441 watchdogd[57] <Info>: 1309774374423541: <private>
Aug 28 14:02:06.640486 watchdogd[57] <Info>: 1309774374424458: <private>
Aug 28 14:02:06.640648 watchdogd[57] <Info>: 1309774374425333: <private>
Aug 28 14:02:06.640704 watchdogd[57] <Info>: 1309774374426250: <private>
Aug 28 14:02:06.640803 watchdogd[57] <Info>: 1309774374427000: <private>
Aug 28 14:02:06.899753 biometrickitd(CoreMotion)[109] <Debug>: Ping timer fired, resetting watchdog
Aug 28 14:02:09.078659 wifid(WiFiPolicy)[52] <Notice>: __WiFiLQAMgrLogStats(tech support:Stationary): Rssi: -39 {-38 0} Channel: 44 Bandwidth: 80Mhz Snr: 35 Cca: 31 (S:0 O:0 I:0) TxPer: 0.0% (0) BcnPer: 4.8% (83, 50.5%) RxFrms: 26 RxRetryFrames: 0 TxRate: 24000 RxRate: 866667 FBRate: 520000 TxFwFrms: 0 TxFwFail: 0 TxReTrans: 0 time: 1682.3secs fgApp: dev.selfhost.firstActivationProbe
Aug 28 14:02:09.081951 mediaserverd(CoreMotion)[36] <Debug>: Ping timer fired, resetting watchdog
Aug 28 14:02:09.104821 nearbyd(CoreMotion)[157] <Debug>: Ping timer fired, resetting watchdog
Aug 28 14:02:09.169848 locationd[69] <Debug>: Ping timer fired, resetting watchdog
Aug 28 14:02:11.057073 SpringBoard(CoreMotion)[47602] <Debug>: Ping timer fired, resetting watchdog
Aug 28 14:02:11.502635 backboardd(CoreMotion)[65] <Debug>: Ping timer fired, resetting watchdog
Aug 28 14:02:11.899330 biometrickitd(CoreMotion)[109] <Debug>: Ping timer fired, resetting watchdog
Aug 28 14:02:12.857227 routined(libcoreroutine.dylib)[38] <Debug>: pipeline, com.apple.routined.visit.pipeline.realtime-low-confidence, iteration, 3504, is terminated by <private>
Aug 28 14:02:12.870431 routined(libcoreroutine.dylib)[38] <Debug>: pipeline, com.apple.routined.visit.pipeline.realtime-high-confidence, iteration, 3504, is terminated by <private>
Aug 28 14:02:14.075780 mediaserverd(CoreMotion)[36] <Debug>: Ping timer fired, resetting watchdog
Aug 28 14:02:14.091968 wifid(WiFiPolicy)[52] <Notice>: __WiFiLQAMgrLogStats(tech support:Stationary): Rssi: -39 {-38 0} Channel: 44 Bandwidth: 80Mhz Snr: 35 Cca: 31 (S:0 O:0 I:0) TxPer: 0.0% (0) BcnPer: 0.0% (0, 50.5%) RxFrms: 8 RxRetryFrames: 0 TxRate: 24000 RxRate: 866667 FBRate: 520000 TxFwFrms: 0 TxFwFail: 0 TxReTrans: 0 time: 1687.3secs fgApp: dev.selfhost.firstActivationProbe
Aug 28 14:02:14.105426 nearbyd(CoreMotion)[157] <Debug>: Ping timer fired, resetting watchdog
Aug 28 14:02:14.169774 locationd[69] <Debug>: Ping timer fired, resetting watchdog
Aug 28 14:02:16.057769 SpringBoard(CoreMotion)[47602] <Debug>: Ping timer fired, resetting watchdog
Aug 28 14:02:16.503277 backboardd(CoreMotion)[65] <Debug>: Ping timer fired, resetting watchdog
Aug 28 14:02:16.642108 watchdogd[57] <Debug>: 1309784373895041: <private>
Aug 28 14:02:16.642726 watchdogd[57] <Info>: 1309784374475000: <private>
Aug 28 14:02:16.643960 watchdogd[57] <Debug>: 1309784374627541: <private>
Aug 28 14:02:16.644419 watchdogd[57] <Info>: 1309784374638708: <private>
Aug 28 14:02:16.644669 watchdogd[57] <Debug>: 1309784374762958: <private>
Aug 28 14:02:16.644917 watchdogd[57] <Debug>: 1309784375247958: <private>
Aug 28 14:02:16.645167 watchdogd[57] <Debug>: 1309784375996833: <private>
Aug 28 14:02:16.645971 watchdogd[57] <Debug>: 1309784376233000: <private>
Aug 28 14:02:16.646363 watchdogd[57] <Debug>: 1309784376725416: <private>
Aug 28 14:02:16.646682 watchdogd[57] <Debug>: 1309784376960375: <private>
Aug 28 14:02:16.646929 watchdogd[57] <Info>: 1309784377018333: <private>
Aug 28 14:02:16.647244 watchdogd[57] <Info>: 1309784377033833: <private>
Aug 28 14:02:16.647543 watchdogd[57] <Info>: 1309784377040000: <private>
Aug 28 14:02:16.647774 watchdogd[57] <Info>: 1309784377045416: <private>
Aug 28 14:02:16.648030 watchdogd[57] <Info>: 1309784377050166: <private>
Aug 28 14:02:16.648327 watchdogd[57] <Info>: 1309784377054208: <private>
Aug 28 14:02:16.648487 watchdogd[57] <Info>: 1309784377058666: <private>
Aug 28 14:02:16.649033 watchdogd[57] <Info>: 1309784377062583: <private>
Aug 28 14:02:16.649250 watchdogd[57] <Info>: 1309784377814083: <private>
Aug 28 14:02:16.899483 biometrickitd(CoreMotion)[109] <Debug>: Ping timer fired, resetting watchdog
Aug 28 14:02:17.484186 runningboardd(RunningBoard)[33] <Info>: _requestedJetsamPriority = 6, _executablePath = /System/Library/PrivateFrameworks/MobileBackup.framework/backupd
Aug 28 14:02:17.489429 runningboardd(RunningBoard)[33] <Info>: _requestedJetsamPriority = 6, _executablePath = /System/Library/PrivateFrameworks/MobileBackup.framework/backupd
Aug 28 14:02:17.491997 runningboardd(RunningBoard)[33] <Debug>: Sending state update for daemon<com.apple.backupd>: <RBSProcessState| task:running debug:none terminationResistance:None>
Aug 28 14:02:19.076361 mediaserverd(CoreMotion)[36] <Debug>: Ping timer fired, resetting watchdog
Aug 28 14:02:19.109076 wifid(WiFiPolicy)[52] <Notice>: __WiFiLQAMgrLogStats(tech support:Stationary): Rssi: -41 {-39 0} Channel: 44 Bandwidth: 80Mhz Snr: 35 Cca: 31 (S:0 O:0 I:0) TxPer: 0.0% (0) BcnPer: 2.0% (98, 50.5%) RxFrms: 6 RxRetryFrames: 0 TxRate: 24000 RxRate: 866667 FBRate: 520000 TxFwFrms: 0 TxFwFail: 0 TxReTrans: 0 time: 1692.4secs fgApp: dev.selfhost.firstActivationProbe
Aug 28 14:02:19.113833 nearbyd(CoreMotion)[157] <Debug>: Ping timer fired, resetting watchdog
Aug 28 14:02:19.169654 locationd[69] <Debug>: Ping timer fired, resetting watchdog
Aug 28 14:02:19.483574 symptomsd(SymptomEvaluator)[170] <Debug>: COSMCtrl applyPolicyDelta for E01B2FEA-36F1-3C21-AADE-93AC8E03F45C -> dev.selfhost.firstActivationProbe  policy id 0  fg 1 fg-activity 0
Aug 28 14:02:21.057638 SpringBoard(CoreMotion)[47602] <Debug>: Ping timer fired, resetting watchdog
Aug 28 14:02:21.502944 backboardd(CoreMotion)[65] <Debug>: Ping timer fired, resetting watchdog
Aug 28 14:02:21.622939 routined(libcoreroutine.dylib)[38] <Debug>: pipeline, com.apple.routined.visit.pipeline.realtime-low-confidence, iteration, 3505, is terminated by <private>
Aug 28 14:02:21.636956 routined(libcoreroutine.dylib)[38] <Debug>: pipeline, com.apple.routined.visit.pipeline.realtime-high-confidence, iteration, 3505, is terminated by <private>
Aug 28 14:02:21.899371 biometrickitd(CoreMotion)[109] <Debug>: Ping timer fired, resetting watchdog
Aug 28 14:02:24.076595 mediaserverd(CoreMotion)[36] <Debug>: Ping timer fired, resetting watchdog
Aug 28 14:02:24.120644 wifid(WiFiPolicy)[52] <Notice>: __WiFiLQAMgrLogStats(tech support:Stationary): Rssi: -39 {-38 0} Channel: 44 Bandwidth: 80Mhz Snr: 35 Cca: 48 (S:0 O:0 I:0) TxPer: 0.0% (0) BcnPer: 0.0% (0, 50.5%) RxFrms: 3 RxRetryFrames: 0 TxRate: 24000 RxRate: 6000 FBRate: 520000 TxFwFrms: 2 TxFwFail: 0 TxReTrans: 0 time: 1697.4secs fgApp: dev.selfhost.firstActivationProbe
Aug 28 14:02:24.124075 nearbyd(CoreMotion)[157] <Debug>: Ping timer fired, resetting watchdog
Aug 28 14:02:24.168979 locationd[69] <Debug>: Ping timer fired, resetting watchdog
Aug 28 14:02:26.057474 SpringBoard(CoreMotion)[47602] <Debug>: Ping timer fired, resetting watchdog
Aug 28 14:02:26.503299 backboardd(CoreMotion)[65] <Debug>: Ping timer fired, resetting watchdog
Aug 28 14:02:26.642777 watchdogd[57] <Debug>: 1309794374640583: <private>
Aug 28 14:02:26.644219 watchdogd[57] <Info>: 1309794375196500: <private>
Aug 28 14:02:26.644724 watchdogd[57] <Debug>: 1309794375348291: <private>
Aug 28 14:02:26.645378 watchdogd[57] <Info>: 1309794375360166: <private>
Aug 28 14:02:26.646605 watchdogd[57] <Debug>: 1309794375484958: <private>
Aug 28 14:02:26.647308 watchdogd[57] <Debug>: 1309794376787166: <private>
Aug 28 14:02:26.647744 watchdogd[57] <Debug>: 1309794377104208: <private>
Aug 28 14:02:26.648187 watchdogd[57] <Debug>: 1309794377468958: <private>
Aug 28 14:02:26.648438 watchdogd[57] <Debug>: 1309794377795458: <private>
Aug 28 14:02:26.649791 watchdogd[57] <Debug>: 1309794377834500: <private>
Aug 28 14:02:26.650255 watchdogd[57] <Info>: 1309794377889625: <private>
Aug 28 14:02:26.650499 watchdogd[57] <Info>: 1309794377905083: <private>
Aug 28 14:02:26.650926 watchdogd[57] <Info>: 1309794377911250: <private>
Aug 28 14:02:26.651753 watchdogd[57] <Info>: 1309794377916333: <private>
Aug 28 14:02:26.652128 watchdogd[57] <Info>: 1309794377920875: <private>
Aug 28 14:02:26.652396 watchdogd[57] <Info>: 1309794377925083: <private>
Aug 28 14:02:26.652815 watchdogd[57] <Info>: 1309794377929250: <private>
Aug 28 14:02:26.653677 watchdogd[57] <Info>: 1309794377933208: <private>
Aug 28 14:02:26.900823 biometrickitd(CoreMotion)[109] <Debug>: Ping timer fired, resetting watchdog
Aug 28 14:02:29.076034 mediaserverd(CoreMotion)[36] <Debug>: Ping timer fired, resetting watchdog
Aug 28 14:02:29.112835 nearbyd(CoreMotion)[157] <Debug>: Ping timer fired, resetting watchdog
Aug 28 14:02:29.127290 wifid(WiFiPolicy)[52] <Notice>: __WiFiLQAMgrLogStats(tech support:Stationary): Rssi: -40 {-39 0} Channel: 44 Bandwidth: 80Mhz Snr: 35 Cca: 32 (S:0 O:0 I:0) TxPer: 0.0% (0) BcnPer: 1.0% (98, 50.5%) RxFrms: 6 RxRetryFrames: 0 TxRate: 24000 RxRate: 6000 FBRate: 520000 TxFwFrms: 0 TxFwFail: 0 TxReTrans: 0 time: 1702.4secs fgApp: dev.selfhost.firstActivationProbe
Aug 28 14:02:29.169277 locationd[69] <Debug>: Ping timer fired, resetting watchdog
Aug 28 14:02:31.056804 SpringBoard(CoreMotion)[47602] <Debug>: Ping timer fired, resetting watchdog
Aug 28 14:02:31.502819 backboardd(CoreMotion)[65] <Debug>: Ping timer fired, resetting watchdog
Aug 28 14:02:31.899306 biometrickitd(CoreMotion)[109] <Debug>: Ping timer fired, resetting watchdog
Aug 28 14:02:34.075981 mediaserverd(CoreMotion)[36] <Debug>: Ping timer fired, resetting watchdog
Aug 28 14:02:34.108124 nearbyd(CoreMotion)[157] <Debug>: Ping timer fired, resetting watchdog
Aug 28 14:02:34.143459 wifid(WiFiPolicy)[52] <Notice>: __WiFiLQAMgrLogStats(tech support:Stationary): Rssi: -40 {-39 0} Channel: 44 Bandwidth: 80Mhz Snr: 35 Cca: 32 (S:0 O:0 I:0) TxPer: 0.0% (0) BcnPer: 0.0% (0, 50.5%) RxFrms: 3 RxRetryFrames: 0 TxRate: 24000 RxRate: 6000 FBRate: 520000 TxFwFrms: 0 TxFwFail: 0 TxReTrans: 0 time: 1707.4secs fgApp: dev.selfhost.firstActivationProbe
Aug 28 14:02:34.172177 locationd[69] <Debug>: Ping timer fired, resetting watchdog
Aug 28 14:02:36.057270 SpringBoard(CoreMotion)[47602] <Debug>: Ping timer fired, resetting watchdog
Aug 28 14:02:36.502744 backboardd(CoreMotion)[65] <Debug>: Ping timer fired, resetting watchdog
Aug 28 14:02:36.642913 watchdogd[57] <Debug>: 1309804375369291: <private>
Aug 28 14:02:36.643805 watchdogd[57] <Info>: 1309804375920250: <private>
Aug 28 14:02:36.645145 watchdogd[57] <Debug>: 1309804376071791: <private>
Aug 28 14:02:36.645851 watchdogd[57] <Info>: 1309804376083666: <private>
Aug 28 14:02:36.646301 watchdogd[57] <Debug>: 1309804376206291: <private>
Aug 28 14:02:36.646762 watchdogd[57] <Debug>: 1309804376748333: <private>
Aug 28 14:02:36.647405 watchdogd[57] <Debug>: 1309804377159708: <private>
Aug 28 14:02:36.647773 watchdogd[57] <Debug>: 1309804377692041: <private>
Aug 28 14:02:36.649434 watchdogd[57] <Debug>: 1309804378183000: <private>
Aug 28 14:02:36.649932 watchdogd[57] <Debug>: 1309804378564166: <private>
Aug 28 14:02:36.650413 watchdogd[57] <Info>: 1309804378622458: <private>
Aug 28 14:02:36.650895 watchdogd[57] <Info>: 1309804378637333: <private>
Aug 28 14:02:36.651151 watchdogd[57] <Info>: 1309804378643291: <private>
Aug 28 14:02:36.651721 watchdogd[57] <Info>: 1309804378648333: <private>
Aug 28 14:02:36.652134 watchdogd[57] <Info>: 1309804378652833: <private>
Aug 28 14:02:36.652555 watchdogd[57] <Info>: 1309804378656958: <private>
Aug 28 14:02:36.652830 watchdogd[57] <Info>: 1309804378661208: <private>
Aug 28 14:02:36.653288 watchdogd[57] <Info>: 1309804378665208: <private>
Aug 28 14:02:36.899065 biometrickitd(CoreMotion)[109] <Debug>: Ping timer fired, resetting watchdog
Aug 28 14:02:39.075751 mediaserverd(CoreMotion)[36] <Debug>: Ping timer fired, resetting watchdog
Aug 28 14:02:39.107979 nearbyd(CoreMotion)[157] <Debug>: Ping timer fired, resetting watchdog
Aug 28 14:02:39.153106 wifid(WiFiPolicy)[52] <Notice>: __WiFiLQAMgrLogStats(tech support:Stationary): Rssi: -40 {-39 0} Channel: 44 Bandwidth: 80Mhz Snr: 35 Cca: 32 (S:0 O:0 I:0) TxPer: 0.0% (0) BcnPer: 4.1% (98, 50.5%) RxFrms: 9 RxRetryFrames: 0 TxRate: 24000 RxRate: 6000 FBRate: 520000 TxFwFrms: 0 TxFwFail: 0 TxReTrans: 0 time: 1712.4secs fgApp: dev.selfhost.firstActivationProbe
Aug 28 14:02:39.168585 locationd[69] <Debug>: Ping timer fired, resetting watchdog
Aug 28 14:02:41.056310 SpringBoard(CoreMotion)[47602] <Debug>: Ping timer fired, resetting watchdog
Aug 28 14:02:41.501927 backboardd(CoreMotion)[65] <Debug>: Ping timer fired, resetting watchdog
Aug 28 14:02:41.899098 biometrickitd(CoreMotion)[109] <Debug>: Ping timer fired, resetting watchdog
Aug 28 14:02:44.075743 mediaserverd(CoreMotion)[36] <Debug>: Ping timer fired, resetting watchdog
Aug 28 14:02:44.104892 nearbyd(CoreMotion)[157] <Debug>: Ping timer fired, resetting watchdog
Aug 28 14:02:44.167833 wifid(WiFiPolicy)[52] <Notice>: __WiFiLQAMgrLogStats(tech support:Stationary): Rssi: -39 {-39 0} Channel: 44 Bandwidth: 80Mhz Snr: 35 Cca: 15 (S:0 O:0 I:0) TxPer: 0.0% (0) BcnPer: 0.0% (0, 50.5%) RxFrms: 7 RxRetryFrames: 0 TxRate: 24000 RxRate: 6000 FBRate: 520000 TxFwFrms: 2 TxFwFail: 0 TxReTrans: 0 time: 1717.4secs fgApp: dev.selfhost.firstActivationProbe
Aug 28 14:02:44.173281 locationd[69] <Debug>: Ping timer fired, resetting watchdog
Aug 28 14:02:46.057020 SpringBoard(CoreMotion)[47602] <Debug>: Ping timer fired, resetting watchdog
Aug 28 14:02:46.502245 backboardd(CoreMotion)[65] <Debug>: Ping timer fired, resetting watchdog
Aug 28 14:02:46.643409 watchdogd[57] <Debug>: 1309814376085416: <private>
Aug 28 14:02:46.644788 watchdogd[57] <Info>: 1309814376647083: <private>
Aug 28 14:02:46.645259 watchdogd[57] <Debug>: 1309814376802791: <private>
Aug 28 14:02:46.645710 watchdogd[57] <Info>: 1309814376814750: <private>
Aug 28 14:02:46.646020 watchdogd[57] <Debug>: 1309814376937958: <private>
Aug 28 14:02:46.646908 watchdogd[57] <Debug>: 1309814377506416: <private>
Aug 28 14:02:46.647371 watchdogd[57] <Debug>: 1309814378137208: <private>
Aug 28 14:02:46.648619 watchdogd[57] <Debug>: 1309814378513208: <private>
Aug 28 14:02:46.648999 watchdogd[57] <Debug>: 1309814379023708: <private>
Aug 28 14:02:46.649251 watchdogd[57] <Debug>: 1309814379312750: <private>
Aug 28 14:02:46.649676 watchdogd[57] <Info>: 1309814379374291: <private>
Aug 28 14:02:46.651025 watchdogd[57] <Info>: 1309814379390083: <private>
Aug 28 14:02:46.651714 watchdogd[57] <Info>: 1309814379395958: <private>
Aug 28 14:02:46.652084 watchdogd[57] <Info>: 1309814379401875: <private>
Aug 28 14:02:46.652598 watchdogd[57] <Info>: 1309814379406583: <private>
Aug 28 14:02:46.652841 watchdogd[57] <Info>: 1309814379411041: <private>
Aug 28 14:02:46.653870 watchdogd[57] <Info>: 1309814379415875: <private>
Aug 28 14:02:46.654009 watchdogd[57] <Info>: 1309814379419958: <private>
Aug 28 14:02:46.654273 watchdogd[57] <Info>: 1309814380193541: <private>
Aug 28 14:02:46.898885 biometrickitd(CoreMotion)[109] <Debug>: Ping timer fired, resetting watchdog
Aug 28 14:02:47.509764 runningboardd(RunningBoard)[33] <Notice>: [daemon<com.apple.backupd>:57806] termination reported by launchd (0, 0, 0)
Aug 28 14:02:47.513478 runningboardd(RunningBoard)[33] <Notice>: Removing assertions for terminated process: [daemon<com.apple.backupd>:57806]
Aug 28 14:02:47.515509 runningboardd(RunningBoard)[33] <Debug>: Sending state update for daemon<com.apple.backupd>: <RBSProcessState| task:none debug:none terminationResistance:None>
Aug 28 14:02:49.078007 mediaserverd(CoreMotion)[36] <Debug>: Ping timer fired, resetting watchdog
Aug 28 14:02:49.168902 locationd[69] <Debug>: Ping timer fired, resetting watchdog
Aug 28 14:02:49.173261 wifid(WiFiPolicy)[52] <Notice>: __WiFiLQAMgrLogStats(tech support:Stationary): Rssi: -39 {-39 0} Channel: 44 Bandwidth: 80Mhz Snr: 35 Cca: 35 (S:0 O:0 I:0) TxPer: 0.0% (0) BcnPer: 0.0% (98, 50.5%) RxFrms: 6 RxRetryFrames: 0 TxRate: 24000 RxRate: 866667 FBRate: 520000 TxFwFrms: 3 TxFwFail: 0 TxReTrans: 0 time: 1722.4secs fgApp: dev.selfhost.firstActivationProbe
Aug 28 14:02:49.216282 nearbyd(CoreMotion)[157] <Debug>: Ping timer fired, resetting watchdog
Aug 28 14:02:51.056798 SpringBoard(CoreMotion)[47602] <Debug>: Ping timer fired, resetting watchdog
Aug 28 14:02:51.502069 backboardd(CoreMotion)[65] <Debug>: Ping timer fired, resetting watchdog
Aug 28 14:02:51.898441 biometrickitd(CoreMotion)[109] <Debug>: Ping timer fired, resetting watchdog
Aug 28 14:02:52.162041 Runner(CoreFoundation)[57802] <Debug>: Resource lookup at <private>
Aug 28 14:02:52.163987 Runner(CoreAnalytics)[57802] <Debug>: com.apple.metal.agx <private>
Aug 28 14:02:52.168014 Runner(CoreAnalytics)[57802] <Info>: Received configuration update from daemon and there was no CoreAnalyticsFramework external config.
Aug 28 14:02:52.168240 Runner(CoreAnalytics)[57802] <Notice>: Received configuration update from daemon (initial)
Aug 28 14:02:54.075307 mediaserverd(CoreMotion)[36] <Debug>: Ping timer fired, resetting watchdog
Aug 28 14:02:54.125580 nearbyd(CoreMotion)[157] <Debug>: Ping timer fired, resetting watchdog
Aug 28 14:02:54.168551 locationd[69] <Debug>: Ping timer fired, resetting watchdog
Aug 28 14:02:54.198690 wifid(WiFiPolicy)[52] <Notice>: __WiFiLQAMgrLogStats(tech support:Stationary): Rssi: -39 {-38 0} Channel: 44 Bandwidth: 80Mhz Snr: 35 Cca: 22 (S:0 O:0 I:0) TxPer: 0.0% (0) BcnPer: 0.0% (0, 50.5%) RxFrms: 3 RxRetryFrames: 0 TxRate: 24000 RxRate: 866667 FBRate: 520000 TxFwFrms: 0 TxFwFail: 0 TxReTrans: 0 time: 1727.4secs fgApp: dev.selfhost.firstActivationProbe
Aug 28 14:02:56.056706 SpringBoard(CoreMotion)[47602] <Debug>: Ping timer fired, resetting watchdog
Aug 28 14:02:56.502031 backboardd(CoreMotion)[65] <Debug>: Ping timer fired, resetting watchdog
Aug 28 14:02:56.643641 watchdogd[57] <Debug>: 1309824376811250: <private>
Aug 28 14:02:56.644174 watchdogd[57] <Info>: 1309824377377333: <private>
Aug 28 14:02:56.645206 watchdogd[57] <Debug>: 1309824377530541: <private>
Aug 28 14:02:56.645926 watchdogd[57] <Info>: 1309824377542208: <private>
Aug 28 14:02:56.646303 watchdogd[57] <Debug>: 1309824377744875: <private>
Aug 28 14:02:56.647408 watchdogd[57] <Debug>: 1309824378192416: <private>
Aug 28 14:02:56.647858 watchdogd[57] <Debug>: 1309824378828541: <private>
Aug 28 14:02:56.648232 watchdogd[57] <Debug>: 1309824379141625: <private>
Aug 28 14:02:56.648587 watchdogd[57] <Debug>: 1309824379773166: <private>
Aug 28 14:02:56.649437 watchdogd[57] <Debug>: 1309824379885708: <private>
Aug 28 14:02:56.649970 watchdogd[57] <Info>: 1309824379943791: <private>
Aug 28 14:02:56.651583 watchdogd[57] <Info>: 1309824379958333: <private>
Aug 28 14:02:56.651938 watchdogd[57] <Info>: 1309824379964291: <private>
Aug 28 14:02:56.652315 watchdogd[57] <Info>: 1309824379969291: <private>
Aug 28 14:02:56.652836 watchdogd[57] <Info>: 1309824379973833: <private>
Aug 28 14:02:56.653484 watchdogd[57] <Info>: 1309824379977875: <private>
Aug 28 14:02:56.653639 watchdogd[57] <Info>: 1309824379982083: <private>
Aug 28 14:02:56.653935 watchdogd[57] <Info>: 1309824379986000: <private>
Aug 28 14:02:56.898283 biometrickitd(CoreMotion)[109] <Debug>: Ping timer fired, resetting watchdog
Aug 28 14:02:59.074524 mediaserverd(CoreMotion)[36] <Debug>: Ping timer fired, resetting watchdog
Aug 28 14:02:59.116135 nearbyd(CoreMotion)[157] <Debug>: Ping timer fired, resetting watchdog
Aug 28 14:02:59.168395 locationd[69] <Debug>: Ping timer fired, resetting watchdog
Aug 28 14:02:59.209680 wifid(WiFiPolicy)[52] <Notice>: __WiFiLQAMgrLogStats(tech support:Stationary): Rssi: -38 {-38 0} Channel: 44 Bandwidth: 80Mhz Snr: 35 Cca: 32 (S:0 O:0 I:0) TxPer: 0.0% (0) BcnPer: 1.0% (98, 50.5%) RxFrms: 4 RxRetryFrames: 0 TxRate: 24000 RxRate: 866667 FBRate: 520000 TxFwFrms: 0 TxFwFail: 0 TxReTrans: 0 time: 1732.5secs fgApp: dev.selfhost.firstActivationProbe
Aug 28 14:03:01.056705 SpringBoard(CoreMotion)[47602] <Debug>: Ping timer fired, resetting watchdog
Aug 28 14:03:01.501774 backboardd(CoreMotion)[65] <Debug>: Ping timer fired, resetting watchdog
Aug 28 14:03:01.898119 biometrickitd(CoreMotion)[109] <Debug>: Ping timer fired, resetting watchdog
Aug 28 14:03:04.075117 mediaserverd(CoreMotion)[36] <Debug>: Ping timer fired, resetting watchdog
Aug 28 14:03:04.107984 nearbyd(CoreMotion)[157] <Debug>: Ping timer fired, resetting watchdog
Aug 28 14:03:04.168236 locationd[69] <Debug>: Ping timer fired, resetting watchdog
Aug 28 14:03:04.219791 wifid(WiFiPolicy)[52] <Notice>: __WiFiLQAMgrLogStats(tech support:Stationary): Rssi: -39 {-37 0} Channel: 44 Bandwidth: 80Mhz Snr: 35 Cca: 32 (S:0 O:0 I:0) TxPer: 0.0% (0) BcnPer: 0.0% (0, 50.5%) RxFrms: 3 RxRetryFrames: 0 TxRate: 24000 RxRate: 866667 FBRate: 520000 TxFwFrms: 0 TxFwFail: 0 TxReTrans: 0 time: 1737.5secs fgApp: dev.selfhost.firstActivationProbe
Aug 28 14:03:04.989518 routined(libcoreroutine.dylib)[38] <Debug>: pipeline, com.apple.routined.visit.pipeline.realtime-low-confidence, iteration, 3506, is terminated by <private>
Aug 28 14:03:05.002880 routined(libcoreroutine.dylib)[38] <Debug>: pipeline, com.apple.routined.visit.pipeline.realtime-high-confidence, iteration, 3506, is terminated by <private>
Aug 28 14:03:06.055438 SpringBoard(CoreMotion)[47602] <Debug>: Ping timer fired, resetting watchdog
Aug 28 14:03:06.502736 backboardd(CoreMotion)[65] <Debug>: Ping timer fired, resetting watchdog
Aug 28 14:03:06.644239 watchdogd[57] <Debug>: 1309834377534125: <private>
Aug 28 14:03:06.644766 watchdogd[57] <Info>: 1309834378139291: <private>
Aug 28 14:03:06.645860 watchdogd[57] <Debug>: 1309834378360125: <private>
Aug 28 14:03:06.646314 watchdogd[57] <Debug>: 1309834378867166: <private>
Aug 28 14:03:06.647857 watchdogd[57] <Info>: 1309834378878583: <private>
Aug 28 14:03:06.649193 watchdogd[57] <Debug>: 1309834379562083: <private>
Aug 28 14:03:06.650011 watchdogd[57] <Debug>: 1309834379834916: <private>
Aug 28 14:03:06.650745 watchdogd[57] <Debug>: 1309834380293333: <private>
Aug 28 14:03:06.651018 watchdogd[57] <Debug>: 1309834380405250: <private>
Aug 28 14:03:06.651476 watchdogd[57] <Debug>: 1309834380821250: <private>
Aug 28 14:03:06.651758 watchdogd[57] <Info>: 1309834380880416: <private>
Aug 28 14:03:06.652279 watchdogd[57] <Info>: 1309834380895625: <private>
Aug 28 14:03:06.652739 watchdogd[57] <Info>: 1309834380901750: <private>
Aug 28 14:03:06.653308 watchdogd[57] <Info>: 1309834380906833: <private>
Aug 28 14:03:06.653479 watchdogd[57] <Info>: 1309834380911416: <private>
Aug 28 14:03:06.653734 watchdogd[57] <Info>: 1309834380915625: <private>
Aug 28 14:03:06.653891 watchdogd[57] <Info>: 1309834380919916: <private>
Aug 28 14:03:06.654002 watchdogd[57] <Info>: 1309834380923916: <private>
Aug 28 14:03:06.898468 biometrickitd(CoreMotion)[109] <Debug>: Ping timer fired, resetting watchdog
Aug 28 14:03:09.074889 mediaserverd(CoreMotion)[36] <Debug>: Ping timer fired, resetting watchdog
Aug 28 14:03:09.103282 nearbyd(CoreMotion)[157] <Debug>: Ping timer fired, resetting watchdog
Aug 28 14:03:09.168085 locationd[69] <Debug>: Ping timer fired, resetting watchdog
Aug 28 14:03:09.234608 wifid(WiFiPolicy)[52] <Notice>: __WiFiLQAMgrLogStats(tech support:Stationary): Rssi: -38 {-37 -43} Channel: 44 Bandwidth: 80Mhz Snr: 35 Cca: 20 (S:0 O:0 I:0) TxPer: 0.0% (0) BcnPer: 2.0% (98, 50.5%) RxFrms: 6 RxRetryFrames: 0 TxRate: 24000 RxRate: 6000 FBRate: 520000 TxFwFrms: 2 TxFwFail: 0 TxReTrans: 0 time: 1742.5secs fgApp: dev.selfhost.firstActivationProbe
Aug 28 14:03:11.055426 SpringBoard(CoreMotion)[47602] <Debug>: Ping timer fired, resetting watchdog
Aug 28 14:03:11.501054 backboardd(CoreMotion)[65] <Debug>: Ping timer fired, resetting watchdog
Aug 28 14:03:11.897826 biometrickitd(CoreMotion)[109] <Debug>: Ping timer fired, resetting watchdog
Aug 28 14:03:14.074944 mediaserverd(CoreMotion)[36] <Debug>: Ping timer fired, resetting watchdog
Aug 28 14:03:14.114796 nearbyd(CoreMotion)[157] <Debug>: Ping timer fired, resetting watchdog
Aug 28 14:03:14.167889 locationd[69] <Debug>: Ping timer fired, resetting watchdog
Aug 28 14:03:14.253795 wifid(WiFiPolicy)[52] <Notice>: __WiFiLQAMgrLogStats(tech support:Stationary): Rssi: -37 {-37 0} Channel: 44 Bandwidth: 80Mhz Snr: 35 Cca: 30 (S:0 O:0 I:0) TxPer: 0.0% (0) BcnPer: 0.0% (0, 50.5%) RxFrms: 4 RxRetryFrames: 0 TxRate: 24000 RxRate: 6000 FBRate: 520000 TxFwFrms: 0 TxFwFail: 0 TxReTrans: 0 time: 1747.5secs fgApp: dev.selfhost.firstActivationProbe
Aug 28 14:03:16.056105 SpringBoard(CoreMotion)[47602] <Debug>: Ping timer fired, resetting watchdog
Aug 28 14:03:16.501416 backboardd(CoreMotion)[65] <Debug>: Ping timer fired, resetting watchdog
Aug 28 14:03:16.644629 watchdogd[57] <Debug>: 1309844378288416: <private>
Aug 28 14:03:16.646263 watchdogd[57] <Info>: 1309844378861416: <private>
Aug 28 14:03:16.648024 watchdogd[57] <Debug>: 1309844379014708: <private>
Aug 28 14:03:16.649326 watchdogd[57] <Info>: 1309844379026500: <private>
Aug 28 14:03:16.650064 watchdogd[57] <Debug>: 1309844379253750: <private>
Aug 28 14:03:16.651104 watchdogd[57] <Debug>: 1309844379693541: <private>
Aug 28 14:03:16.651794 watchdogd[57] <Debug>: 1309844380497791: <private>
Aug 28 14:03:16.652456 watchdogd[57] <Debug>: 1309844380879000: <private>
Aug 28 14:03:16.652702 watchdogd[57] <Debug>: 1309844381054791: <private>
Aug 28 14:03:16.652879 watchdogd[57] <Debug>: 1309844381414375: <private>
Aug 28 14:03:16.653136 watchdogd[57] <Info>: 1309844381473708: <private>
Aug 28 14:03:16.653413 watchdogd[57] <Info>: 1309844381488541: <private>
Aug 28 14:03:16.653556 watchdogd[57] <Info>: 1309844381494750: <private>
Aug 28 14:03:16.653857 watchdogd[57] <Info>: 1309844381499791: <private>
Aug 28 14:03:16.654103 watchdogd[57] <Info>: 1309844381504416: <private>
Aug 28 14:03:16.654256 watchdogd[57] <Info>: 1309844381508625: <private>
Aug 28 14:03:16.654457 watchdogd[57] <Info>: 1309844381513041: <private>
Aug 28 14:03:16.654756 watchdogd[57] <Info>: 1309844381517333: <private>
Aug 28 14:03:16.654924 watchdogd[57] <Info>: 1309844382292125: <private>
Aug 28 14:03:16.897697 biometrickitd(CoreMotion)[109] <Debug>: Ping timer fired, resetting watchdog
Aug 28 14:03:19.075060 mediaserverd(CoreMotion)[36] <Debug>: Ping timer fired, resetting watchdog
Aug 28 14:03:19.109259 nearbyd(CoreMotion)[157] <Debug>: Ping timer fired, resetting watchdog
Aug 28 14:03:19.167818 locationd[69] <Debug>: Ping timer fired, resetting watchdog
Aug 28 14:03:19.259026 wifid(WiFiPolicy)[52] <Notice>: __WiFiLQAMgrLogStats(tech support:Stationary): Rssi: -39 {-39 0} Channel: 44 Bandwidth: 80Mhz Snr: 35 Cca: 30 (S:0 O:0 I:0) TxPer: 0.0% (0) BcnPer: 1.0% (98, 50.5%) RxFrms: 9 RxRetryFrames: 0 TxRate: 24000 RxRate: 6000 FBRate: 520000 TxFwFrms: 0 TxFwFail: 0 TxReTrans: 0 time: 1752.5secs fgApp: dev.selfhost.firstActivationProbe
Aug 28 14:03:21.055596 SpringBoard(CoreMotion)[47602] <Debug>: Ping timer fired, resetting watchdog
Aug 28 14:03:21.514341 backboardd(CoreMotion)[65] <Debug>: Ping timer fired, resetting watchdog
Aug 28 14:03:21.897671 biometrickitd(CoreMotion)[109] <Debug>: Ping timer fired, resetting watchdog
Aug 28 14:03:23.542762 runningboardd(RunningBoard)[33] <Info>: _requestedJetsamPriority = 6, _executablePath = /System/Library/PrivateFrameworks/MobileBackup.framework/backupd
Aug 28 14:03:23.546380 runningboardd(RunningBoard)[33] <Info>: _requestedJetsamPriority = 6, _executablePath = /System/Library/PrivateFrameworks/MobileBackup.framework/backupd
Aug 28 14:03:23.548633 runningboardd(RunningBoard)[33] <Debug>: Sending state update for daemon<com.apple.backupd>: <RBSProcessState| task:running debug:none terminationResistance:None>
Aug 28 14:03:23.896267 runningboardd(RunningBoard)[33] <Info>: _requestedJetsamPriority = 4, _executablePath = /Developer/usr/bin/ScreenShotr
Aug 28 14:03:23.897621 runningboardd(RunningBoard)[33] <Info>: _requestedJetsamPriority = 4, _executablePath = /Developer/usr/bin/ScreenShotr
Aug 28 14:03:23.898168 SpringBoard(FrontBoard)[47602] <Notice>: Asked to bootstrap a new process for handle: [anon<ScreenShotr>:57814]
Aug 28 14:03:23.898804 SpringBoard(FrontBoard)[47602] <Notice>: Bootstrapping anon<ScreenShotr>
Aug 28 14:03:23.898877 SpringBoard(FrontBoard)[47602] <Notice>: [anon<ScreenShotr>:57814] Bootstrap success!
Aug 28 14:03:23.899115 runningboardd(RunningBoard)[33] <Debug>: Sending state update for anon<ScreenShotr>: <RBSProcessState| task:running debug:none terminationResistance:None>
Aug 28 14:03:24.072743 mediaserverd(CoreMotion)[36] <Debug>: Ping timer fired, resetting watchdog
Aug 28 14:03:24.099869 runningboardd(RunningBoard)[33] <Notice>: [anon<ScreenShotr>:57814] termination reported by launchd (0, 0, 0)
Aug 28 14:03:24.101778 runningboardd(RunningBoard)[33] <Notice>: Removing assertions for terminated process: [anon<ScreenShotr>:57814]
Aug 28 14:03:24.103697 runningboardd(RunningBoard)[33] <Debug>: Sending state update for anon<ScreenShotr>: <RBSProcessState| task:none debug:none terminationResistance:None>
Aug 28 14:03:24.105352 nearbyd(CoreMotion)[157] <Debug>: Ping timer fired, resetting watchdog
Aug 28 14:03:24.166805 locationd[69] <Debug>: Ping timer fired, resetting watchdog
Aug 28 14:03:24.264582 wifid(WiFiPolicy)[52] <Notice>: __WiFiLQAMgrLogStats(tech support:Stationary): Rssi: -38 {-38 0} Channel: 44 Bandwidth: 80Mhz Snr: 35 Cca: 30 (S:0 O:0 I:0) TxPer: 0.0% (0) BcnPer: 0.0% (0, 50.5%) RxFrms: 5 RxRetryFrames: 0 TxRate: 24000 RxRate: 6000 FBRate: 520000 TxFwFrms: 0 TxFwFail: 0 TxReTrans: 0 time: 1757.5secs fgApp: dev.selfhost.firstActivationProbe
