Aug 27 21:17:01.879547 biometrickitd(CoreMotion)[109] <Debug>: Ping timer fired, resetting watchdog
Aug 27 21:17:02.566669 watchdogd[57] <Debug>: 1249470314430250: <private>
Aug 27 21:17:02.567888 watchdogd[57] <Info>: 1249470315002375: <private>
Aug 27 21:17:02.569067 watchdogd[57] <Debug>: 1249470315149625: <private>
Aug 27 21:17:02.570004 watchdogd[57] <Info>: 1249470315161041: <private>
Aug 27 21:17:02.571080 watchdogd[57] <Debug>: 1249470315284458: <private>
Aug 27 21:17:02.571790 watchdogd[57] <Debug>: 1249470315757708: <private>
Aug 27 21:17:02.572430 watchdogd[57] <Debug>: 1249470316223375: <private>
Aug 27 21:17:02.578804 watchdogd[57] <Debug>: 1249470316712250: <private>
Aug 27 21:17:02.580477 watchdogd[57] <Debug>: 1249470317167791: <private>
Aug 27 21:17:02.583746 watchdogd[57] <Debug>: 1249470317208375: <private>
Aug 27 21:17:02.586044 watchdogd[57] <Info>: 1249470317267958: <private>
Aug 27 21:17:02.587424 watchdogd[57] <Info>: 1249470317283333: <private>
Aug 27 21:17:02.588617 watchdogd[57] <Info>: 1249470317289500: <private>
Aug 27 21:17:02.589815 watchdogd[57] <Info>: 1249470317294416: <private>
Aug 27 21:17:02.591136 watchdogd[57] <Info>: 1249470317298916: <private>
Aug 27 21:17:02.591926 watchdogd[57] <Info>: 1249470317303000: <private>
Aug 27 21:17:02.592500 watchdogd[57] <Info>: 1249470317307125: <private>
Aug 27 21:17:02.592937 watchdogd[57] <Info>: 1249470317311041: <private>
Aug 27 21:17:04.053322 mediaserverd(CoreMotion)[36] <Debug>: Ping timer fired, resetting watchdog
Aug 27 21:17:04.085653 nearbyd(CoreMotion)[157] <Debug>: Ping timer fired, resetting watchdog
Aug 27 21:17:04.148775 locationd[69] <Debug>: Ping timer fired, resetting watchdog
Aug 27 21:17:06.034264 SpringBoard(CoreMotion)[47602] <Debug>: Ping timer fired, resetting watchdog
Aug 27 21:17:06.481242 backboardd(CoreMotion)[65] <Debug>: Ping timer fired, resetting watchdog
Aug 27 21:17:06.876234 biometrickitd(CoreMotion)[109] <Debug>: Ping timer fired, resetting watchdog
Aug 27 21:17:09.055226 mediaserverd(CoreMotion)[36] <Debug>: Ping timer fired, resetting watchdog
Aug 27 21:17:09.084162 nearbyd(CoreMotion)[157] <Debug>: Ping timer fired, resetting watchdog
Aug 27 21:17:09.146140 locationd[69] <Debug>: Ping timer fired, resetting watchdog
Aug 27 21:17:10.811978 runningboardd(RunningBoard)[33] <Notice>: [daemon<com.apple.backupd>:50545] termination reported by launchd (0, 0, 0)
Aug 27 21:17:10.814789 runningboardd(RunningBoard)[33] <Notice>: Removing assertions for terminated process: [daemon<com.apple.backupd>:50545]
Aug 27 21:17:10.818499 runningboardd(RunningBoard)[33] <Debug>: Sending state update for daemon<com.apple.backupd>: <RBSProcessState| task:none debug:none terminationResistance:None>
Aug 27 21:17:11.033165 SpringBoard(CoreMotion)[47602] <Debug>: Ping timer fired, resetting watchdog
Aug 27 21:17:11.478773 backboardd(CoreMotion)[65] <Debug>: Ping timer fired, resetting watchdog
Aug 27 21:17:11.875894 biometrickitd(CoreMotion)[109] <Debug>: Ping timer fired, resetting watchdog
Aug 27 21:17:12.606684 watchdogd[57] <Debug>: 1249480315121541: <private>
Aug 27 21:17:12.607450 watchdogd[57] <Info>: 1249480315457375: <private>
Aug 27 21:17:12.608121 watchdogd[57] <Debug>: 1249480315538791: <private>
Aug 27 21:17:12.608744 watchdogd[57] <Debug>: 1249480315779583: <private>
Aug 27 21:17:12.609361 watchdogd[57] <Info>: 1249480315785666: <private>
Aug 27 21:17:12.609989 watchdogd[57] <Debug>: 1249480316104125: <private>
Aug 27 21:17:12.610558 watchdogd[57] <Debug>: 1249480316327041: <private>
Aug 27 21:17:12.611031 watchdogd[57] <Debug>: 1249480316449583: <private>
Aug 27 21:17:12.611639 watchdogd[57] <Debug>: 1249480316761250: <private>
Aug 27 21:17:12.612048 watchdogd[57] <Debug>: 1249480316842291: <private>
Aug 27 21:17:12.612555 watchdogd[57] <Info>: 1249480316875333: <private>
Aug 27 21:17:12.613001 watchdogd[57] <Info>: 1249480316884291: <private>
Aug 27 21:17:12.613421 watchdogd[57] <Info>: 1249480316887416: <private>
Aug 27 21:17:12.613836 watchdogd[57] <Info>: 1249480316890250: <private>
Aug 27 21:17:12.617691 watchdogd[57] <Info>: 1249480316892666: <private>
Aug 27 21:17:12.618186 watchdogd[57] <Info>: 1249480316895000: <private>
Aug 27 21:17:12.618655 watchdogd[57] <Info>: 1249480316897333: <private>
Aug 27 21:17:12.619113 watchdogd[57] <Info>: 1249480316899541: <private>
Aug 27 21:17:14.053945 mediaserverd(CoreMotion)[36] <Debug>: Ping timer fired, resetting watchdog
Aug 27 21:17:14.082616 nearbyd(CoreMotion)[157] <Debug>: Ping timer fired, resetting watchdog
Aug 27 21:17:14.147397 locationd[69] <Debug>: Ping timer fired, resetting watchdog
Aug 27 21:17:16.035906 SpringBoard(CoreMotion)[47602] <Debug>: Ping timer fired, resetting watchdog
Aug 27 21:17:16.481361 backboardd(CoreMotion)[65] <Debug>: Ping timer fired, resetting watchdog
Aug 27 21:17:16.881422 biometrickitd(CoreMotion)[109] <Debug>: Ping timer fired, resetting watchdog
Aug 27 21:17:19.052987 mediaserverd(CoreMotion)[36] <Debug>: Ping timer fired, resetting watchdog
Aug 27 21:17:19.086113 nearbyd(CoreMotion)[157] <Debug>: Ping timer fired, resetting watchdog
Aug 27 21:17:19.145991 locationd[69] <Debug>: Ping timer fired, resetting watchdog
Aug 27 21:17:21.035085 SpringBoard(CoreMotion)[47602] <Debug>: Ping timer fired, resetting watchdog
Aug 27 21:17:21.482637 backboardd(CoreMotion)[65] <Debug>: Ping timer fired, resetting watchdog
Aug 27 21:17:21.876118 biometrickitd(CoreMotion)[109] <Debug>: Ping timer fired, resetting watchdog
Aug 27 21:17:22.567772 watchdogd[57] <Debug>: 1249490315615125: <private>
Aug 27 21:17:22.570316 watchdogd[57] <Info>: 1249490316179458: <private>
Aug 27 21:17:22.571648 watchdogd[57] <Debug>: 1249490316333333: <private>
Aug 27 21:17:22.572875 watchdogd[57] <Info>: 1249490316345041: <private>
Aug 27 21:17:22.574165 watchdogd[57] <Debug>: 1249490316469166: <private>
Aug 27 21:17:22.575443 watchdogd[57] <Debug>: 1249490316987958: <private>
Aug 27 21:17:22.576623 watchdogd[57] <Debug>: 1249490317694041: <private>
Aug 27 21:17:22.578423 watchdogd[57] <Debug>: 1249490317954750: <private>
Aug 27 21:17:22.579795 watchdogd[57] <Debug>: 1249490318526125: <private>
Aug 27 21:17:22.581038 watchdogd[57] <Debug>: 1249490318691333: <private>
Aug 27 21:17:22.582297 watchdogd[57] <Info>: 1249490318749916: <private>
Aug 27 21:17:22.583515 watchdogd[57] <Info>: 1249490318764458: <private>
Aug 27 21:17:22.584900 watchdogd[57] <Info>: 1249490318770541: <private>
Aug 27 21:17:22.586093 watchdogd[57] <Info>: 1249490318775666: <private>
Aug 27 21:17:22.587337 watchdogd[57] <Info>: 1249490318780250: <private>
Aug 27 21:17:22.588632 watchdogd[57] <Info>: 1249490318784416: <private>
Aug 27 21:17:22.589721 watchdogd[57] <Info>: 1249490318788916: <private>
Aug 27 21:17:22.590963 watchdogd[57] <Info>: 1249490318792875: <private>
Aug 27 21:17:22.592007 watchdogd[57] <Info>: 1249490319436166: <private>
    <UITouch: 0x10a1a2e40> phase: Began tap count: 1 force: 0.000 window: <SBHomeScreenWindow: 0x1051b4220; HomeScreen-0x1051b4220-4; baseClass = UIWindow; frame = (0 0; 375 667); clipsToBounds = YES; opaque = NO; gestureRecognizers = <NSArray: 0x281278180>; layer = <UIWindowLayer: 0x281273180>> view: <SBIconView: 0x104917000; frame: {{114, 382}, {60, 74}}; icon: <SBApplicationIcon: 0x28337b880; nodeID: dev.selfhost.firstActivationProbe; bundleID: dev.selfhost.firstActivationProbe>; location: SBIconLocationRoot; isTouchDownInIcon: YES> location in window: {150, 439} previous location in window: {150, 439} location in view: {36, 57} previous location in view: {36, 57}
Aug 27 21:17:22.914557 SpringBoard(SplashBoard)[47602] <Info>: Loading image for <XBApplicationSnapshot: 0x109d3cb20; …A909693DA7E7> [dev.selfhost.firstActivationProbe]
Aug 27 21:17:22.915313 SpringBoard(SplashBoard)[47602] <Info>: <XBApplicationSnapshot: 0x109d3cb20; …A909693DA7E7> [dev.selfhost.firstActivationProbe] not purging the cached image; force: 0; _imageAccessCount: 0; _keepImageAccessUntilExpiration: 0; _hasProtectedContent: 0; _keepImageAccessForPreheat: 1
Aug 27 21:17:23.076925 SpringBoard(Security)[47602] <Debug>: open(/private/var/containers/Bundle/Application/1EC21BA9-82AA-4B85-B2FC-10B206BC5C35/Runner.app/Runner,0x0,0x1b6) = 35
Aug 27 21:17:23.081902 SpringBoard(Security)[47602] <Debug>: open(/private/var/containers/Bundle/Application/1EC21BA9-82AA-4B85-B2FC-10B206BC5C35/Runner.app/Runner,0x0,0x1b6) = 36
Aug 27 21:17:23.083112 SpringBoard(Security)[47602] <Debug>: 6151 signing bytes in 5 blob(s) from /private/var/containers/Bundle/Application/1EC21BA9-82AA-4B85-B2FC-10B206BC5C35/Runner.app/Runner(arm64)
Aug 27 21:17:23.085886 SpringBoard(Security)[47602] <Debug>: open(/private/var/containers/Bundle/Application/1EC21BA9-82AA-4B85-B2FC-10B206BC5C35/Runner.app/Info.plist,0x0,0x1b6) = 35
Aug 27 21:17:23.096118 SpringBoard(Security)[47602] <Debug>: 0x10a153cc8 done serializing <?xml version="1.0" encoding="UTF-8"?><!DOCTYPE plist PUBLIC "-//Apple//DTD PLIST 1.0//EN" "https://www.apple.com/DTDs/PropertyList-1.0.dtd"><plist version="1.0"><dict><key>application-identifier</key><string>SK85S6YZP9.dev.selfhost.firstActivationProbe</string><key>com.apple.developer.team-identifier</key><string>SK85S6YZP9</string><key>get-task-allow</key><true/></dict></plist>
        <SBLayoutElement: 0x280818000; uniqueIdentifier: sceneID:dev.selfhost.firstActivationProbe-default; layoutRole: primary> {
            SBLayoutRolePrimary = <SBDeviceApplicationSceneEntity: 0x283e56800; ID: sceneID:dev.selfhost.firstActivationProbe-default; layoutRole: primary> {
                        fromIconWithLeafIdentifier = dev.selfhost.firstActivationProbe;
Aug 27 21:17:23.107717 SpringBoard(FrontBoard)[47602] <Notice>: Asked to bootstrap a new process with identity: application<dev.selfhost.firstActivationProbe>
Aug 27 21:17:23.108150 SpringBoard(FrontBoard)[47602] <Notice>: Creating process (sync=true) with identity: application<dev.selfhost.firstActivationProbe>
Aug 27 21:17:23.108582 SpringBoard(FrontBoard)[47602] <Notice>: Created <FBWorkspace: 0x282a11970; application<dev.selfhost.firstActivationProbe>>
Aug 27 21:17:23.109398 SpringBoard(FrontBoard)[47602] <Notice>: Bootstrapping application<dev.selfhost.firstActivationProbe> with intent foreground-interactive
Aug 27 21:17:23.209903 SpringBoard(RunningBoardServices)[47602] <Info>: Sending launch request: <RBSLaunchRequest| application<dev.selfhost.firstActivationProbe>; "FBApplicationProcess">
Aug 27 21:17:23.212660 runningboardd(RunningBoard)[33] <Notice>: Acquiring assertion targeting application<dev.selfhost.firstActivationProbe> from originator [daemon<com.apple.SpringBoard>:47602] with description <RBSAssertionDescriptor| "FBApplicationProcess" ID:33-47602-7498 target:application<dev.selfhost.firstActivationProbe> attributes:[
	<RBSDomainAttribute| domain:"com.apple.frontboard" name:"Bootstrap-Foreground" sourceEnvironment:"(null)">,
Aug 27 21:17:23.212760 runningboardd(RunningBoard)[33] <Notice>: Assertion 33-47602-7498 (target:application<dev.selfhost.firstActivationProbe>) will be created as active
Aug 27 21:17:23.213115 runningboardd(RunningBoard)[33] <Notice>: Executing launch request for application<dev.selfhost.firstActivationProbe> (FBApplicationProcess)
Aug 27 21:17:23.224806 runningboardd(RunningBoard)[33] <Notice>: Creating and launching job for: application<dev.selfhost.firstActivationProbe>
Aug 27 21:17:23.225376 runningboardd(RunningBoard)[33] <Notice>: _mutateContextIfNeeded called for dev.selfhost.firstActivationProbe
        <SBLayoutElement: 0x280818000; uniqueIdentifier: sceneID:dev.selfhost.firstActivationProbe-default; layoutRole: primary> {
Aug 27 21:17:23.262985 SpringBoard(SplashBoard)[47602] <Info>: Loading image for <XBApplicationSnapshot: 0x109ddf7d0; …2F3B89D0D3F1> [dev.selfhost.firstActivationProbe]
Aug 27 21:17:23.263407 SpringBoard(SplashBoard)[47602] <Info>: <XBApplicationSnapshot: 0x109ddf7d0; …2F3B89D0D3F1> [dev.selfhost.firstActivationProbe] not purging the cached image; force: 0; _imageAccessCount: 2; _keepImageAccessUntilExpiration: 0; _hasProtectedContent: 0; _keepImageAccessForPreheat: 0
Aug 27 21:17:23.267709 SpringBoard[47602] <Info>: attempted to activate overlay for dev.selfhost.firstActivationProbe, exiting early because app is not blocked
Aug 27 21:17:23.277143 runningboardd(RunningBoard)[33] <Info>: No personas found for bundle identifier: dev.selfhost.firstActivationProbe
Aug 27 21:17:23.277374 runningboardd(RunningBoard)[33] <Debug>: BEGIN suppressing state updates for application<dev.selfhost.firstActivationProbe>
Aug 27 21:17:23.277563 runningboardd(RunningBoard)[33] <Debug>: Incrementing suppression state to 1 for application<dev.selfhost.firstActivationProbe>
<SBTransitionSwitcherModifierEvent: 0x282114b00; type: MainTransition; transitionID: E613A4A6-9E96-4086-AA0F-CF9BBEFC5780; phase: Prepare; animated: YES; fromAppLayout: 0x0; toAppLayout: <SBAppLayout: 0x28087bb80; primary: dev.selfhost.firstActivationProbe:default; environment: main>; fromEnvironmentMode: home-screen; toEnvironmentMode: application; pendingTermination: {(
)}; activating: <SBAppLayout: 0x28087bb80; primary: dev.selfhost.firstActivationProbe:default; environment: main>; dosidoTransitionDirection: 0>
	    <SBIconOverlayVisibilitySwitcherEventResponse: 0x28080a5c0; visible: YES; appLayout: <SBAppLayout: 0x28087bb80; primary: dev.selfhost.firstActivationProbe:default; environment: main>>;
	    <SBIconViewVisibilitySwitcherEventResponse: 0x283edb340; visible: NO; animationSettings: 0x0; appLayout: <SBAppLayout: 0x28087bb80; primary: dev.selfhost.firstActivationProbe:default; environment: main>>;
Aug 27 21:17:23.284540 runningboardd(RunningBoard)[33] <Info>: _requestedJetsamPriority = 3, _executablePath = /var/containers/Bundle/Application/1EC21BA9-82AA-4B85-B2FC-10B206BC5C35/Runner.app/Runner
Aug 27 21:17:23.284846 runningboardd(RunningBoard)[33] <Info>: _doesOverrideManagement = 1, _overrideManageFlags = 255, _underlyingAssertion = (null), _variableEUID = 0, _specifiedIdenity = application<dev.selfhost.firstActivationProbe> _beforeTranslocationBundlePath = (null), _disableFreezing = 0
    bundleIdentifier = dev.selfhost.firstActivationProbe;
    uniqueIdentifier = sceneID:dev.selfhost.firstActivationProbe-default;
Aug 27 21:17:23.285806 cfprefsd(CoreFoundation)[91] <Debug>: Process 50553 (Runner) sent a request related to { com.apple.UIKit, user: mobile, kCFPreferencesCurrentHost, /Library/Managed Preferences/mobile/com.apple.UIKit.plist, managed: 1 } (0x1003679d0)
Aug 27 21:17:23.286135 cfprefsd(CoreFoundation)[91] <Debug>: Process 50553 (Runner) sent a request related to { com.apple.UIKit, user: kCFPreferencesAnyUser, kCFPreferencesCurrentHost, /Library/Managed Preferences/com.apple.UIKit.plist, managed: 1 } (0x1003679d0)
Aug 27 21:17:23.286549 cfprefsd(CoreFoundation)[91] <Debug>: Process 50553 (Runner) sent a request related to { com.apple.UIKit, user: mobile, kCFPreferencesAnyHost, /var/mobile/Library/Preferences/com.apple.UIKit.plist, managed: 0 } (0x100317d00)
Aug 27 21:17:23.286764 cfprefsd(CoreFoundation)[91] <Debug>: Process 50553 (Runner) read data for { com.apple.UIKit, mobile, kCFPreferencesAnyHost, /var/mobile/Library/Preferences/com.apple.UIKit.plist, managed: 0 }, backed by /private/var/mobile/Library/Preferences/com.apple.UIKit.plist
Aug 27 21:17:23.288026 runningboardd(RunningBoard)[33] <Notice>: [application<dev.selfhost.firstActivationProbe>:50553] This process will be managed.
Aug 27 21:17:23.288256 runningboardd(RunningBoard)[33] <Notice>: Now tracking process: [application<dev.selfhost.firstActivationProbe>:50553]
Aug 27 21:17:23.288457 runningboardd(RunningBoard)[33] <Notice>: Using default underlying assertion for app: [application<dev.selfhost.firstActivationProbe>:50553]
Aug 27 21:17:23.288668 runningboardd(RunningBoard)[33] <Notice>: Acquiring assertion targeting [application<dev.selfhost.firstActivationProbe>:50553] from originator [application<dev.selfhost.firstActivationProbe>:50553] with description <RBSAssertionDescriptor| "RB Underlying Assertion" ID:33-33-7499 target:50553 attributes:[
Aug 27 21:17:23.288842 cfprefsd(CoreFoundation)[91] <Debug>: Process 50553 (Runner) sent a request related to { kCFPreferencesAnyApplication, user: mobile, kCFPreferencesCurrentHost, /Library/Managed Preferences/mobile/.GlobalPreferences.plist, managed: 1 } (0x10030c020)
Aug 27 21:17:23.289009 cfprefsd(CoreFoundation)[91] <Debug>: Process 50553 (Runner) read data for { kCFPreferencesAnyApplication, mobile, kCFPreferencesCurrentHost, /Library/Managed Preferences/mobile/.GlobalPreferences.plist, managed: 1 }, backed by /private/var/Managed Preferences/mobile/.GlobalPreferences.plist
Aug 27 21:17:23.289160 cfprefsd(CoreFoundation)[91] <Debug>: Process 50553 (Runner) sent a request related to { kCFPreferencesAnyApplication, user: mobile, kCFPreferencesAnyHost, /var/mobile/Library/Preferences/.GlobalPreferences.plist, managed: 0 } (0x10030c3f0)
Aug 27 21:17:23.289298 cfprefsd(CoreFoundation)[91] <Debug>: Process 50553 (Runner) read data for { kCFPreferencesAnyApplication, mobile, kCFPreferencesAnyHost, /var/mobile/Library/Preferences/.GlobalPreferences.plist, managed: 0 }, backed by /private/var/mobile/Library/Preferences/.GlobalPreferences.plist
Aug 27 21:17:23.289568 cfprefsd(CoreFoundation)[91] <Debug>: Process 50553 (Runner) sent a request related to { com.apple.UIKit, user: kCFPreferencesAnyUser, kCFPreferencesCurrentHost, /var/preferences/com.apple.UIKit.plist, managed: 0 } (0x10182aa60)
Aug 27 21:17:23.290548 runningboardd(RunningBoard)[33] <Notice>: Assertion 33-33-7499 (target:[application<dev.selfhost.firstActivationProbe>:50553]) will be created as active
Aug 27 21:17:23.290844 runningboardd(RunningBoard)[33] <Debug>: Adding assertion 33-47602-7498 (target:application<dev.selfhost.firstActivationProbe>)
Aug 27 21:17:23.291208 runningboardd(RunningBoard)[33] <Info>: application<dev.selfhost.firstActivationProbe> is now targeted by 1 assertions
Aug 27 21:17:23.291936 runningboardd(RunningBoard)[33] <Debug>: Adding assertion 33-33-7499 (target:[application<dev.selfhost.firstActivationProbe>:50553])
Aug 27 21:17:23.292485 runningboardd(RunningBoard)[33] <Info>: application<dev.selfhost.firstActivationProbe> is now targeted by 2 assertions
Aug 27 21:17:23.292584 Runner(CoreFoundation)[50553] <Debug>: Using ~iphone resources
Aug 27 21:17:23.292821 Runner(CoreFoundation)[50553] <Debug>: CFPrefsManagedSource<0x28033d080> (Domain: com.apple.UIKit, User: kCFPreferencesCurrentUser, ByHost: Yes, Container: (null), Contents Need Refresh: No) loaded: an empty base plist and no additional changes from the base plist
Aug 27 21:17:23.293245 Runner(CoreFoundation)[50553] <Debug>: CFPrefsManagedSource<0x28033d100> (Domain: com.apple.UIKit, User: kCFPreferencesAnyUser, ByHost: Yes, Container: (null), Contents Need Refresh: No) loaded: an empty base plist and no additional changes from the base plist
Aug 27 21:17:23.297334 Runner(CoreFoundation)[50553] <Debug>: CFPrefsPlistSource<0x28033c380> (Domain: com.apple.UIKit, User: kCFPreferencesCurrentUser, ByHost: No, Container: (null), Contents Need Refresh: No) loaded: a new base plist and no additional changes from the base plist
Aug 27 21:17:23.298227 Runner(CoreFoundation)[50553] <Debug>: CFPrefsManagedSource<0x28033d280> (Domain: kCFPreferencesAnyApplication, User: kCFPreferencesCurrentUser, ByHost: Yes, Container: (null), Contents Need Refresh: No) loaded: a new base plist and no additional changes from the base plist
Aug 27 21:17:23.298517 Runner(CoreFoundation)[50553] <Debug>: CFPrefsPlistSource<0x28033d180> (Domain: kCFPreferencesAnyApplication, User: kCFPreferencesCurrentUser, ByHost: No, Container: (null), Contents Need Refresh: No) loaded: a new base plist and no additional changes from the base plist
Aug 27 21:17:23.299158 cfprefsd(CoreFoundation)[91] <Debug>: Process 50553 (Runner) sent a request related to { kCFPreferencesAnyApplication, user: kCFPreferencesAnyUser, kCFPreferencesCurrentHost, /var/preferences/.GlobalPreferences.plist, managed: 0 } (0x100316b90)
Aug 27 21:17:23.299895 cfprefsd(CoreFoundation)[91] <Debug>: Process 50553 (Runner) sent a request related to { dev.selfhost.firstActivationProbe, user: mobile, kCFPreferencesCurrentHost, /Library/Managed Preferences/mobile/dev.selfhost.firstActivationProbe.plist, managed: 1 } (0x101854230)
Aug 27 21:17:23.300582 cfprefsd(CoreFoundation)[91] <Debug>: Process 50553 (Runner) sent a request related to { dev.selfhost.firstActivationProbe, user: kCFPreferencesAnyUser, kCFPreferencesCurrentHost, /Library/Managed Preferences/dev.selfhost.firstActivationProbe.plist, managed: 1 } (0x101854230)
Aug 27 21:17:23.303694 Runner(CoreFoundation)[50553] <Debug>: CFPrefsPlistSource<0x28033d300> (Domain: com.apple.UIKit, User: kCFPreferencesAnyUser, ByHost: Yes, Container: (null), Contents Need Refresh: No) loaded: an empty base plist and no additional changes from the base plist
Aug 27 21:17:23.304162 Runner(CoreFoundation)[50553] <Debug>: CFPrefsPlistSource<0x28033d380> (Domain: kCFPreferencesAnyApplication, User: kCFPreferencesAnyUser, ByHost: Yes, Container: (null), Contents Need Refresh: No) loaded: an empty base plist and no additional changes from the base plist
Aug 27 21:17:23.305135 Runner(CoreFoundation)[50553] <Debug>: found no value for key LogHIDEventFiltered in CFPrefsSearchListSource<0x28033cd00> (Domain: com.apple.UIKit, Container: (null))
Aug 27 21:17:23.305404 Runner(CoreFoundation)[50553] <Debug>: found no value for key LogHIDEventIncoming in CFPrefsSearchListSource<0x28033cd00> (Domain: com.apple.UIKit, Container: (null))
Aug 27 21:17:23.305659 Runner(libMobileGestalt.dylib)[50553] <Notice>: Cache loaded with 4896 pre-cached in CacheData and 49 items in CacheExtra.
Aug 27 21:17:23.305859 Runner(CoreFoundation)[50553] <Debug>: found no value for key LogApplication in CFPrefsSearchListSource<0x28033cd00> (Domain: com.apple.UIKit, Container: (null))
Aug 27 21:17:23.308502 Runner(UIKitCore)[50553] <Notice>: Deactivation reason added: 10; deactivation reasons: 0 -> 1024; animating application lifecycle event: 0
Aug 27 21:17:23.308660 Runner(RunningBoardServices)[50553] <Notice>: Initializing connection
Aug 27 21:17:23.308799 Runner(RunningBoardServices)[50553] <Notice>: Removing all cached process handles
Aug 27 21:17:23.308996 Runner(BoardServices)[50553] <Notice>: activating monitor for service com.apple.frontboard.open
Aug 27 21:17:23.309155 Runner(BoardServices)[50553] <Notice>: activating monitor for service com.apple.frontboard.workspace-service
Aug 27 21:17:23.309267 Runner(FrontBoardServices)[50553] <Notice>: FBSWorkspace connecting to endpoint : <private>
Aug 27 21:17:23.309929 SpringBoard(BaseBoard)[47602] <Debug>:  *|machport|* <BSMachPortTaskNameRight: 0x2808cc600; usable: YES; (47602:1dc1b:send task_name_for_pid:Runner.50553)> -> (<NSThread: 0x2808cff00>{number = 633, name = (null)}) (
Aug 27 21:17:23.310218 Runner(FrontBoardServices)[50553] <Notice>: FBSWorkspace registering source: <private>
Aug 27 21:17:23.310456 Runner(CoreFoundation)[50553] <Debug>: CFPrefsManagedSource<0x28033e280> (Domain: dev.selfhost.firstActivationProbe, User: kCFPreferencesCurrentUser, ByHost: Yes, Container: (null), Contents Need Refresh: No) loaded: an empty base plist and no additional changes from the base plist
Aug 27 21:17:23.310636 Runner(CoreFoundation)[50553] <Debug>: CFPrefsManagedSource<0x28033e300> (Domain: dev.selfhost.firstActivationProbe, User: kCFPreferencesAnyUser, ByHost: Yes, Container: (null), Contents Need Refresh: No) loaded: an empty base plist and no additional changes from the base plist
Aug 27 21:17:23.310808 Runner(CoreFoundation)[50553] <Debug>: CFPrefsPlistSource<0x28033e200> (Domain: dev.selfhost.firstActivationProbe, User: kCFPreferencesCurrentUser, ByHost: No, Container: (null), Contents Need Refresh: No) loaded: an empty base plist and no additional changes from the base plist
Aug 27 21:17:23.310954 Runner(CoreFoundation)[50553] <Debug>: CFPrefsPlistSource<0x28033e480> (Domain: dev.selfhost.firstActivationProbe, User: kCFPreferencesAnyUser, ByHost: Yes, Container: (null), Contents Need Refresh: No) loaded: an empty base plist and no additional changes from the base plist
Aug 27 21:17:23.311105 Runner(CoreFoundation)[50553] <Debug>: looked up value <private> for key AppleLanguages in CFPrefsPlistSource<0x28033d180> (Domain: kCFPreferencesAnyApplication, User: kCFPreferencesCurrentUser, ByHost: No, Container: (null), Contents Need Refresh: No) via CFPrefsSearchListSource<0x28033e180> (Domain: dev.selfhost.firstActivationProbe, Container: (null))
Aug 27 21:17:23.311249 backboardd(IOKit)[65] <Notice>: Connection added: IOHIDEventSystemConnection uuid:64C813E3-3987-4CB1-AA21-595BCA171990 pid:50553 process:Runner type:Passive entitlements:0x0 caller:BackBoardServices: <redacted> + 336 attributes:{
    bundleID = "dev.selfhost.firstActivationProbe";
Aug 27 21:17:23.311464 backboardd(BackBoardHIDEventFoundation)[65] <Debug>: Got a client addition callback: IOHIDEventSystemConnection uuid:64C813E3-3987-4CB1-AA21-595BCA171990 pid:50553 process:Runner type:Passive entitlements:0x0 caller:BackBoardServices: <redacted> + 336 attributes:{
    bundleID = "dev.selfhost.firstActivationProbe";
Aug 27 21:17:23.311673 backboardd(BackBoardHIDEventFoundation)[65] <Info>: HID connection vpid:50553(v6DC48) bundleID:dev.selfhost.firstActivationProbe successfully initialized: IOHIDEventSystemConnection uuid:64C813E3-3987-4CB1-AA21-595BCA171990 pid:50553 process:Runner type:Passive entitlements:0x0 caller:BackBoardServices: <redacted> + 336 attributes:{
    bundleID = "dev.selfhost.firstActivationProbe";
Aug 27 21:17:23.312033 backboardd(BackBoardHIDEventFoundation)[65] <Notice>: Adding client connection: <BKHIDClientConnection: 0x1027e6a70; IOHIDEventSystemConnectionRef: 0x10b525e70; vpid: 50553(v6DC48); taskPort: 0x4A957; bundleID: dev.selfhost.firstActivationProbe> for client: IOHIDEventSystemConnection uuid:64C813E3-3987-4CB1-AA21-595BCA171990 pid:50553 process:Runner type:Passive entitlements:0x0 caller:BackBoardServices: <redacted> + 336 attributes:{
    bundleID = "dev.selfhost.firstActivationProbe";
Aug 27 21:17:23.313246 runningboardd(RunningBoard)[33] <Info>: [application<dev.selfhost.firstActivationProbe>:50553] Applying updated state
Aug 27 21:17:23.316443 runningboardd(RunningBoard)[33] <Notice>: [application<dev.selfhost.firstActivationProbe>:50553] Set jetsam priority to 10 [0] flag[1]
Aug 27 21:17:23.334266 SpringBoard(FrontBoard)[47602] <Notice>: [application<dev.selfhost.firstActivationProbe>:-1] Bootstrap success!
Aug 27 21:17:23.334955 runningboardd(RunningBoard)[33] <Notice>: [application<dev.selfhost.firstActivationProbe>:50553] Resuming task.
Aug 27 21:17:23.335322 runningboardd(RunningBoard)[33] <Notice>: [application<dev.selfhost.firstActivationProbe>:50553] Set darwin role to: UserInteractiveFocal
Aug 27 21:17:23.340946 runningboardd(RunningBoard)[33] <Debug>: [daemon<com.apple.SpringBoard>:47602] query resolved to [application<dev.selfhost.firstActivationProbe>:50553]
Aug 27 21:17:23.341838 runningboardd(RunningBoard)[33] <Debug>: SUPPRESSING state update for application<dev.selfhost.firstActivationProbe>: <RBSProcessState| task:none debug:none terminationResistance:None endowments:[
	<RBSProcessAssertionInfo| type:2 reason:10000 name:"Domain" domain:"com.apple.frontboard:Bootstrap-Foreground,com.apple.frontboard:Visibility" expl:"FBApplicationProcess">
Aug 27 21:17:23.343693 SpringBoard(BaseBoard)[47602] <Debug>:  *|machport|* <BSMachPortTaskNameRight: 0x280894dc0; usable: YES; (47602:1dc1b:send task_name_for_pid:Runner.50553)> -> (<NSThread: 0x28084a440>{number = 632, name = (null)}) (
Aug 27 21:17:23.345400 runningboardd(RunningBoard)[33] <Debug>: Incrementing suppression state to 2 for application<dev.selfhost.firstActivationProbe>
Aug 27 21:17:23.350506 runningboardd(RunningBoard)[33] <Notice>: Calculated state for application<dev.selfhost.firstActivationProbe>: running-active (role: UserInteractiveFocal)
Aug 27 21:17:23.350643 runningboardd(RunningBoard)[33] <Debug>: Sending state update for application<dev.selfhost.firstActivationProbe>: <RBSProcessState| task:running-active debug:none terminationResistance:Interactive endowments:[
	<RBSProcessAssertionInfo| type:2 reason:10000 name:"Domain" domain:"com.apple.frontboard:Bootstrap-Foreground,com.apple.frontboard:Visibility" expl:"FBApplicationProcess">
Aug 27 21:17:23.354944 runningboardd(RunningBoard)[33] <Debug>: Incrementing suppression state to 3 for application<dev.selfhost.firstActivationProbe>
Aug 27 21:17:23.355217 runningboardd(RunningBoard)[33] <Info>: Ignoring insignificant state update for application<dev.selfhost.firstActivationProbe>
Aug 27 21:17:23.355429 runningboardd(RunningBoard)[33] <Notice>: Calculated state for application<dev.selfhost.firstActivationProbe>: running-active (role: UserInteractiveFocal)
Aug 27 21:17:23.355598 runningboardd(RunningBoard)[33] <Debug>: SUPPRESSING state update for application<dev.selfhost.firstActivationProbe>: <RBSProcessState| task:running-active debug:none terminationResistance:Interactive endowments:[
	<RBSProcessAssertionInfo| type:2 reason:10000 name:"Domain" domain:"com.apple.frontboard:Bootstrap-Foreground,com.apple.frontboard:Visibility" expl:"FBApplicationProcess">,
Aug 27 21:17:23.355752 runningboardd(RunningBoard)[33] <Debug>: Decrementing suppression state to 2 for application<dev.selfhost.firstActivationProbe>
Aug 27 21:17:23.356035 SpringBoard(FrontBoard)[47602] <Notice>: Asked to bootstrap a new process for handle: [application<dev.selfhost.firstActivationProbe>:50553]
Aug 27 21:17:23.356344 SpringBoard(FrontBoard)[47602] <Notice>: A pending process already exists for this handle: <FBApplicationProcess: 0x109d9c0d0; application<dev.selfhost.firstActivationProbe>:50553(v6DC48)>
Aug 27 21:17:23.356994 SpringBoard(FrontBoard)[47602] <Notice>: [application<dev.selfhost.firstActivationProbe>:50553] Setting process task state to: Running
Aug 27 21:17:23.357146 SpringBoard(FrontBoard)[47602] <Notice>: [application<dev.selfhost.firstActivationProbe>:50553] Setting process visibility to: Foreground
Aug 27 21:17:23.359123 SpringBoard(FrontBoard)[47602] <Notice>: [application<dev.selfhost.firstActivationProbe>:50553] Registering event dispatcher at connect
Aug 27 21:17:23.359238 SpringBoard(FrontBoard)[47602] <Info>: Registering workspace for processHandle: [application<dev.selfhost.firstActivationProbe>:50553]
Aug 27 21:17:23.359923 SpringBoard(FrontBoard)[47602] <Notice>: [application<dev.selfhost.firstActivationProbe>:50553] Initial launch assertion state: ForegroundFocal.
Aug 27 21:17:23.360197 SpringBoard(FrontBoardServices)[47602] <Info>: [application<dev.selfhost.firstActivationProbe>:50553] [realTime] Now monitoring resource allowance of 20.00s (at refreshInterval -1.00s)
Aug 27 21:17:23.360607 SpringBoard(FrontBoard)[47602] <Notice>: Adding: <FBApplicationProcess: 0x109d9c0d0; application<dev.selfhost.firstActivationProbe>:50553(v6DC48)>
Aug 27 21:17:23.361245 SpringBoard(FrontBoard)[47602] <Info>: FBWorkspaceDomain: Assigning new workspace connection to workspace (0x282a11970) owned by process: <FBApplicationProcess: 0x109d9c0d0; application<dev.selfhost.firstActivationProbe>:50553(v6DC48)>
Aug 27 21:17:23.361595 SpringBoard(FrontBoard)[47602] <Notice>: change foreground process from list:<FBApplicationProcess: 0x109d9c0d0; application<dev.selfhost.firstActivationProbe>:50553(v6DC48)>
Aug 27 21:17:23.361721 SpringBoard(FrontBoard)[47602] <Notice>: [application<dev.selfhost.firstActivationProbe>:50553] Connection established.
Aug 27 21:17:23.362770 SpringBoard(FrontBoard)[47602] <Info>: Setting BKSEventFocusManager's foreground app to: <FBApplicationProcess: 0x109d9c0d0; application<dev.selfhost.firstActivationProbe>:50553(v6DC48)>
Aug 27 21:17:23.363282 SpringBoard(FrontBoard)[47602] <Notice>: [application<dev.selfhost.firstActivationProbe>:50553] Connection to remote process established!
Aug 27 21:17:23.365080 backboardd(IOKit)[65] <Debug>: SetProperty called IOHIDEventSystemClientIsUnresponsive=0 caller=IOHIDEventSystemConnection uuid:64C813E3-3987-4CB1-AA21-595BCA171990 pid:50553 process:Runner type:Passive entitlements:0x0 caller:BackBoardServices: <redacted> + 336 attributes:{
    bundleID = "dev.selfhost.firstActivationProbe";
Aug 27 21:17:23.374445 Runner(FrontBoardServices)[50553] <Notice>: FBSWorkspace connected to endpoint : <private>
Aug 27 21:17:23.378474 Runner(CoreFoundation)[50553] <Debug>: setting new value <private> for key <private> in CFPrefsSource<0x2838397c0> (Domain: Volatile, User: , ByHost: No, Container: , Contents Need Refresh: No)
Aug 27 21:17:23.378715 Runner(CoreFoundation)[50553] <Debug>: setting new value <private> for key <private> in CFPrefsSource<0x2838397c0> (Domain: Volatile, User: , ByHost: No, Container: , Contents Need Refresh: No)
Aug 27 21:17:23.378858 Runner(CoreFoundation)[50553] <Debug>: setting new value <private> for key <private> in CFPrefsSource<0x2838397c0> (Domain: Volatile, User: , ByHost: No, Container: , Contents Need Refresh: No)
Aug 27 21:17:23.379042 Runner(RunningBoardServices)[50553] <Notice>: Added observer for process assertions expiration warning: <_RBSExpirationWarningClient: 0x282d31800>
Aug 27 21:17:23.379926 SpringBoard(FrontBoardServices)[47602] <Info>: [application<dev.selfhost.firstActivationProbe>:50553] [realTime] Stopped monitoring.
Aug 27 21:17:23.385048 Runner(CoreFoundation)[50553] <Debug>: found no value for key UIScreenIsCapturedValue in CFPrefsSearchListSource<0x28033cd00> (Domain: com.apple.UIKit, Container: (null))
Aug 27 21:17:23.385826 SpringBoard(FrontBoardServices)[47602] <Debug>: [application<dev.selfhost.firstActivationProbe>:50553] [realTime] Updated resource consumption: 0.004s (0.02%)
Aug 27 21:17:23.391128 Runner(CoreFoundation)[50553] <Debug>: looked up value <private> for key AppleLanguages in CFPrefsPlistSource<0x28033d180> (Domain: kCFPreferencesAnyApplication, User: kCFPreferencesCurrentUser, ByHost: No, Container: (null), Contents Need Refresh: No) via CFPrefsSearchListSource<0x28033e180> (Domain: dev.selfhost.firstActivationProbe, Container: (null))
Aug 27 21:17:23.391284 Runner(CoreFoundation)[50553] <Debug>: Language lookup at <private>
Aug 27 21:17:23.391459 Runner(CoreFoundation)[50553] <Debug>: Resource lookup at <private>
Aug 27 21:17:23.391625 Runner(CoreFoundation)[50553] <Debug>: found no value for key _UIEnableLegacyRTL in CFPrefsSearchListSource<0x28033cd00> (Domain: com.apple.UIKit, Container: (null))
Aug 27 21:17:23.391775 Runner(CoreFoundation)[50553] <Debug>: found no value for key NSTighteningFactorForTruncation in CFPrefsSearchListSource<0x28033e180> (Domain: dev.selfhost.firstActivationProbe, Container: (null))
Aug 27 21:17:23.391974 Runner(CoreFoundation)[50553] <Debug>: found no value for key NSTighteningFactorForTruncation in CFPrefsSearchListSource<0x28033e180> (Domain: dev.selfhost.firstActivationProbe, Container: (null))
Aug 27 21:17:23.392149 Runner(CoreFoundation)[50553] <Debug>: found no value for key NSAllowsDefaultTighteningForTruncation in CFPrefsSearchListSource<0x28033e180> (Domain: dev.selfhost.firstActivationProbe, Container: (null))
Aug 27 21:17:23.392331 SpringBoard(FrontBoard)[47602] <Info>: [application<dev.selfhost.firstActivationProbe>:50553] Provision <FBSProcessResourceProvision: 0x282f330f0; allowance: <; FBSProcessResourceAllowance; type: realTime; timeValue: 20.0s>> has remainder <FBSProcessResourceProvision: 0x282f32640; allowance: <; FBSProcessResourceAllowance; type: realTime; timeValue: 20.00s>>
Aug 27 21:17:23.392792 SpringBoard(FrontBoard)[47602] <Info>: [application<dev.selfhost.firstActivationProbe>:50553] Made scene-create policy: <FBSProcessWatchdogPolicy: 0x281c36c20; name: "scene create after launch"> {
Aug 27 21:17:23.393171 SpringBoard(FrontBoardServices)[47602] <Debug>: [application<dev.selfhost.firstActivationProbe>:50553] Invalidating <FBProcessWatchdog: 0x283e93d40; name: process-launch; time: 20.0s>
Aug 27 21:17:23.393715 SpringBoard(FrontBoardServices)[47602] <Debug>: [application<dev.selfhost.firstActivationProbe>:50553] [realTime] Invalidated
Aug 27 21:17:23.394245 cfprefsd(CoreFoundation)[91] <Debug>: Process 50553 (Runner) sent a request related to { dev.selfhost.firstActivationProbe, user: mobile, kCFPreferencesAnyHost, /var/mobile/Containers/Data/Application/18E6667F-E66B-4E74-92D9-B14869861554/Library/Preferences/dev.selfhost.firstActivationProbe.plist, managed: 0 } (0x100345590)
Aug 27 21:17:23.394595 cfprefsd(CoreFoundation)[91] <Debug>: Process 50553 (Runner) sent a request related to { dev.selfhost.firstActivationProbe, user: kCFPreferencesAnyUser, kCFPreferencesCurrentHost, /var/preferences/dev.selfhost.firstActivationProbe.plist, managed: 0 } (0x1003679d0)
Aug 27 21:17:23.394935 cfprefsd(CoreFoundation)[91] <Debug>: Process 50553 (Runner) sent a request related to { com.apple.Accessibility, user: mobile, kCFPreferencesCurrentHost, /Library/Managed Preferences/mobile/com.apple.Accessibility.plist, managed: 1 } (0x101814050)
Aug 27 21:17:23.396820 cfprefsd(CoreFoundation)[91] <Debug>: Process 50553 (Runner) sent a request related to { com.apple.Accessibility, user: kCFPreferencesAnyUser, kCFPreferencesCurrentHost, /Library/Managed Preferences/com.apple.Accessibility.plist, managed: 1 } (0x101814300)
Aug 27 21:17:23.397901 cfprefsd(CoreFoundation)[91] <Debug>: Process 50553 (Runner) sent a request related to { com.apple.Accessibility, user: mobile, kCFPreferencesAnyHost, /var/mobile/Library/Preferences/com.apple.Accessibility.plist, managed: 0 } (0x100311170)
Aug 27 21:17:23.398580 cfprefsd(CoreFoundation)[91] <Debug>: Process 50553 (Runner) read data for { com.apple.Accessibility, mobile, kCFPreferencesAnyHost, /var/mobile/Library/Preferences/com.apple.Accessibility.plist, managed: 0 }, backed by /private/var/mobile/Library/Preferences/com.apple.Accessibility.plist
Aug 27 21:17:23.399034 cfprefsd(CoreFoundation)[91] <Debug>: Process 50553 (Runner) sent a request related to { com.apple.Accessibility, user: kCFPreferencesAnyUser, kCFPreferencesCurrentHost, /var/preferences/com.apple.Accessibility.plist, managed: 0 } (0x1018145a0)
Aug 27 21:17:23.399261 Runner(CoreFoundation)[50553] <Debug>: found no value for key NSUsesDefaultHyphenation in CFPrefsSearchListSource<0x28033e180> (Domain: dev.selfhost.firstActivationProbe, Container: (null))
Aug 27 21:17:23.399512 Runner(CoreFoundation)[50553] <Debug>: found no value for key NSDefaultHyphenationFactor in CFPrefsSearchListSource<0x28033e180> (Domain: dev.selfhost.firstActivationProbe, Container: (null))
Aug 27 21:17:23.399828 Runner(CoreFoundation)[50553] <Debug>: found no value for key NSForceRightToLeftWritingDirection in CFPrefsSearchListSource<0x28033e180> (Domain: dev.selfhost.firstActivationProbe, Container: (null))
Aug 27 21:17:23.400199 Runner(CoreFoundation)[50553] <Debug>: CFPrefsManagedSource<0x28033fd00> (Domain: com.apple.Accessibility, User: kCFPreferencesCurrentUser, ByHost: Yes, Container: (null), Contents Need Refresh: No) loaded: an empty base plist and no additional changes from the base plist
<SBTransitionSwitcherModifierEvent: 0x28216a700; type: MainTransition; transitionID: E613A4A6-9E96-4086-AA0F-CF9BBEFC5780; phase: Animate; animated: YES; fromAppLayout: 0x0; toAppLayout: <SBAppLayout: 0x28087bb80; primary: dev.selfhost.firstActivationProbe:default; environment: main>; fromEnvironmentMode: home-screen; toEnvironmentMode: application; pendingTermination: {(
)}; activating: <SBAppLayout: 0x28087bb80; primary: dev.selfhost.firstActivationProbe:default; environment: main>; dosidoTransitionDirection: 0>
Aug 27 21:17:23.402565 Runner(CoreFoundation)[50553] <Debug>: CFPrefsManagedSource<0x28033fd80> (Domain: com.apple.Accessibility, User: kCFPreferencesAnyUser, ByHost: Yes, Container: (null), Contents Need Refresh: No) loaded: an empty base plist and no additional changes from the base plist
Aug 27 21:17:23.402792 Runner(CoreFoundation)[50553] <Debug>: CFPrefsPlistSource<0x28033fc80> (Domain: com.apple.Accessibility, User: kCFPreferencesCurrentUser, ByHost: No, Container: (null), Contents Need Refresh: No) loaded: a new base plist and no additional changes from the base plist
Aug 27 21:17:23.402977 Runner(CoreFoundation)[50553] <Debug>: CFPrefsPlistSource<0x28033ff00> (Domain: com.apple.Accessibility, User: kCFPreferencesAnyUser, ByHost: Yes, Container: (null), Contents Need Refresh: No) loaded: an empty base plist and no additional changes from the base plist
Aug 27 21:17:23.403145 Runner(CoreFoundation)[50553] <Debug>: found no value for key ForceTouchEnabled in CFPrefsSearchListSource<0x28033fc00> (Domain: com.apple.Accessibility, Container: (null))
Aug 27 21:17:23.403288 Runner(libAccessibility.dylib)[50553] <Debug>: CF Read: domain = com.apple.Accessibility, preference = ForceTouchEnabled, appID = (null) result = (null) (-1 - empty, 0 - false, 1 - true)
Aug 27 21:17:23.403708 Runner(CoreFoundation)[50553] <Debug>: found no value for key ForceTouchEnabled in CFPrefsPlistSource<0x28033fc80> (Domain: com.apple.Accessibility, User: kCFPreferencesCurrentUser, ByHost: No, Container: (null), Contents Need Refresh: No)
Aug 27 21:17:23.404041 Runner(CoreFoundation)[50553] <Debug>: found no value for key UIPreferredContentSizeCategoryName in CFPrefsSearchListSource<0x28033e180> (Domain: dev.selfhost.firstActivationProbe, Container: (null))
Aug 27 21:17:23.404248 Runner(libAccessibility.dylib)[50553] <Debug>: CF Read Category Name: domain = dev.selfhost.firstActivationProbe, appID = dev.selfhost.firstActivationProbe value = (null)
Aug 27 21:17:23.405811 Runner(libAccessibility.dylib)[50553] <Notice>: Read CategoryName: per-app = 1, category name = (null)
Aug 27 21:17:23.405953 Runner(CoreFoundation)[50553] <Debug>: found no value for key UIPreferredContentSizeCategoryName in CFPrefsSearchListSource<0x28033cd00> (Domain: com.apple.UIKit, Container: (null))
Aug 27 21:17:23.406110 Runner(libAccessibility.dylib)[50553] <Debug>: CF Read Category Name: domain = /var/mobile/Library/Preferences/com.apple.UIKit, appID = (null) value = (null)
Aug 27 21:17:23.406298 Runner(libAccessibility.dylib)[50553] <Notice>: Read CategoryName: per-app = 0, category name = (null)
Aug 27 21:17:23.407461 Runner(CoreFoundation)[50553] <Debug>: found no value for key UICarPlayPreferredContentSizeCategoryName in CFPrefsSearchListSource<0x28033cd00> (Domain: com.apple.UIKit, Container: (null))
Aug 27 21:17:23.407839 Runner(CoreFoundation)[50553] <Debug>: found no value for key EnhancedTextLegibilityEnabled in CFPrefsSearchListSource<0x28033fc00> (Domain: com.apple.Accessibility, Container: (null))
Aug 27 21:17:23.408002 Runner(libAccessibility.dylib)[50553] <Debug>: CF Read: domain = com.apple.Accessibility, preference = EnhancedTextLegibilityEnabled, appID = (null) result = (null) (-1 - empty, 0 - false, 1 - true)
Aug 27 21:17:23.408162 Runner(CoreFoundation)[50553] <Debug>: found no value for key EnhancedTextLegibilityEnabled in CFPrefsPlistSource<0x28033fc80> (Domain: com.apple.Accessibility, User: kCFPreferencesCurrentUser, ByHost: No, Container: (null), Contents Need Refresh: No)
Aug 27 21:17:23.408339 Runner(CoreFoundation)[50553] <Debug>: found no value for key DarkenSystemColors in CFPrefsSearchListSource<0x28033fc00> (Domain: com.apple.Accessibility, Container: (null))
Aug 27 21:17:23.408494 Runner(libAccessibility.dylib)[50553] <Debug>: CF Read: domain = com.apple.Accessibility, preference = DarkenSystemColors, appID = (null) result = (null) (-1 - empty, 0 - false, 1 - true)
Aug 27 21:17:23.408670 Runner(CoreFoundation)[50553] <Debug>: found no value for key DarkenSystemColors in CFPrefsPlistSource<0x28033fc80> (Domain: com.apple.Accessibility, User: kCFPreferencesCurrentUser, ByHost: No, Container: (null), Contents Need Refresh: No)
Aug 27 21:17:23.408820 Runner(CoreFoundation)[50553] <Debug>: found no value for key UITraitCollectionChangeLoggingEnabled in CFPrefsSearchListSource<0x28033e180> (Domain: dev.selfhost.firstActivationProbe, Container: (null))
Aug 27 21:17:23.409922 Runner(CoreFoundation)[50553] <Debug>: found no value for key UIStateRestorationDebugLogging in CFPrefsSearchListSource<0x28033e180> (Domain: dev.selfhost.firstActivationProbe, Container: (null))
Aug 27 21:17:23.410054 Runner(CoreFoundation)[50553] <Debug>: Resource lookup at <private>
Aug 27 21:17:23.410158 Runner(CoreFoundation)[50553] <Debug>: looked up value <private> for key AccessibilityEnabled in CFPrefsPlistSource<0x28033fc80> (Domain: com.apple.Accessibility, User: kCFPreferencesCurrentUser, ByHost: No, Container: (null), Contents Need Refresh: No) via CFPrefsSearchListSource<0x28033fc00> (Domain: com.apple.Accessibility, Container: (null))
Aug 27 21:17:23.410307 Runner(libAccessibility.dylib)[50553] <Debug>: CF Read: domain = com.apple.Accessibility, preference = AccessibilityEnabled, appID = (null) result = 0 (-1 - empty, 0 - false, 1 - true)
Aug 27 21:17:23.410533 Runner(CoreFoundation)[50553] <Debug>: looked up value <private> for key InvertColorsEnabled in CFPrefsPlistSource<0x28033fc80> (Domain: com.apple.Accessibility, User: kCFPreferencesCurrentUser, ByHost: No, Container: (null), Contents Need Refresh: No) via CFPrefsSearchListSource<0x28033fc00> (Domain: com.apple.Accessibility, Container: (null))
Aug 27 21:17:23.410734 Runner(libAccessibility.dylib)[50553] <Debug>: CF Read: domain = com.apple.Accessibility, preference = InvertColorsEnabled, appID = (null) result = 0 (-1 - empty, 0 - false, 1 - true)
Aug 27 21:17:23.410914 Runner(libAccessibility.dylib)[50553] <Debug>: Read Global: preference = InvertColorsEnabled, result = 0 (-1 - empty, 0 - false, 1 - true)
Aug 27 21:17:23.411068 Runner(libAccessibility.dylib)[50553] <Debug>: Updated cache: preference = InvertColorsEnabled, result = 0 (-1 - empty, 0 - false, 1 - true)
Aug 27 21:17:23.411330 Runner(CoreFoundation)[50553] <Debug>: looked up value <private> for key ApplicationAccessibilityEnabled in CFPrefsPlistSource<0x28033fc80> (Domain: com.apple.Accessibility, User: kCFPreferencesCurrentUser, ByHost: No, Container: (null), Contents Need Refresh: No) via CFPrefsSearchListSource<0x28033fc00> (Domain: com.apple.Accessibility, Container: (null))
Aug 27 21:17:23.411467 Runner(libAccessibility.dylib)[50553] <Debug>: CF Read: domain = com.apple.Accessibility, preference = ApplicationAccessibilityEnabled, appID = (null) result = 0 (-1 - empty, 0 - false, 1 - true)
Aug 27 21:17:23.411651 Runner(XCTTargetBootstrap)[50553] <Notice>: Registering for test daemon availability notify post.
Aug 27 21:17:23.411786 Runner(XCTTargetBootstrap)[50553] <Notice>: notify_get_state check indicated test daemon not ready.
Aug 27 21:17:23.416554 kernel(Sandbox)[0] <Notice>: /private/var/containers/Bundle/Application/1EC21BA9-82AA-4B85-B2FC-10B206BC5C35/Runner.app/Runner[50553] ==> container
Aug 27 21:17:23.416663 kernel(Sandbox)[0] <Error>: Sandbox: Runner(50553) deny(2) file-test-existence /private/etc/.mdns_debug
Aug 27 21:17:23.417900 Runner(XCTTargetBootstrap)[50553] <Notice>: notify_get_state check indicated test daemon not ready.
Aug 27 21:17:23.418213 Runner(XCTTargetBootstrap)[50553] <Notice>: notify_get_state check indicated test daemon not ready.
Aug 27 21:17:23.418448 Runner(CoreFoundation)[50553] <Debug>: found no value for key UIRequireCrimsonLifecycle in CFPrefsSearchListSource<0x28033cd00> (Domain: com.apple.UIKit, Container: (null))
Aug 27 21:17:23.420060 Runner(UIKitCore)[50553] <Notice>: Deactivation reason added: 11; deactivation reasons: 1024 -> 3072; animating application lifecycle event: 0
Aug 27 21:17:23.420500 Runner(CoreFoundation)[50553] <Debug>: Resource lookup at <private>
Aug 27 21:17:23.435296 SpringBoard(FrontBoard)[47602] <Notice>: [application<dev.selfhost.firstActivationProbe>:50553] Registered new scene: <FBUIApplicationWorkspaceScene: 0x282601790; sceneID:dev.selfhost.firstActivationProbe-default> (fromRemnant = 0)
Aug 27 21:17:23.435458 SpringBoard(FrontBoard)[47602] <Notice>: [sceneID:dev.selfhost.firstActivationProbe-default][1] Scene activated.
Aug 27 21:17:23.435641 SpringBoard(FrontBoard)[47602] <Debug>: [FBSceneManager] PENDING:   <BSEventQueueEvent: 0x281c3de20; didAdd-sceneID:dev.selfhost.firstActivationProbe-default(0)> @ back
Aug 27 21:17:23.435815 SpringBoard(FrontBoard)[47602] <Debug>: [FBSceneManager] EXECUTING: <BSEventQueueEvent: 0x281c3de20; didAdd-sceneID:dev.selfhost.firstActivationProbe-default(0)>
Aug 27 21:17:23.435950 SpringBoard(FrontBoard)[47602] <Notice>: [application<dev.selfhost.firstActivationProbe>:50553] Workspace interruption policy did change: reconnect
Aug 27 21:17:23.436117 SpringBoard(FrontBoard)[47602] <Debug>: [FBSceneManager] PENDING:   <BSEventQueueEvent: 0x281c3f480; didAdd-sceneID:dev.selfhost.firstActivationProbe-default(0)> @ front
Aug 27 21:17:23.436289 SpringBoard(FrontBoard)[47602] <Debug>: [FBSceneManager] EXECUTING: <BSEventQueueEvent: 0x281c3f480; didAdd-sceneID:dev.selfhost.firstActivationProbe-default(0)>
Aug 27 21:17:23.438249 SpringBoard(FrontBoard)[47602] <Info>: Client intercepting scene update for scene: sceneID:dev.selfhost.firstActivationProbe-default
Aug 27 21:17:23.438528 SpringBoard(UIKitCore)[47602] <Notice>: Now tracking: <FBScene: 0x28286f240; sceneID:dev.selfhost.firstActivationProbe-default>
Aug 27 21:17:23.438742 SpringBoard(UIKitCore)[47602] <Notice>: [sceneID:dev.selfhost.firstActivationProbe-default] Setting deactivation reasons to: 'systemAnimation' for reason: scene settings update - settings are eligible for deactivation reasons.
Aug 27 21:17:23.438925 SpringBoard(FrontBoard)[47602] <Debug>: START SCENE MUTATION ------- sceneID:dev.selfhost.firstActivationProbe-default
Aug 27 21:17:23.439171 SpringBoard(FrontBoard)[47602] <Debug>: [FBSceneManager] PENDING:   <BSEventQueueEvent: 0x281c38380; sceneDidActivate-sceneID:dev.selfhost.firstActivationProbe-default(1)> @ back
Aug 27 21:17:23.439416 SpringBoard(FrontBoard)[47602] <Debug>: [FBSceneManager] PENDING:   <BSEventQueueEvent: 0x281c605c0; sceneUpdatePrepared-sceneID:dev.selfhost.firstActivationProbe-default(1)> @ back
Aug 27 21:17:23.439667 SpringBoard(FrontBoard)[47602] <Debug>: [FBSceneManager] PENDING:   <BSEventQueueEvent: 0x281d05420; applySettings-sceneID:dev.selfhost.firstActivationProbe-default(1)> @ back
Aug 27 21:17:23.439899 SpringBoard(FrontBoard)[47602] <Debug>: Flushing all events for sceneID:dev.selfhost.firstActivationProbe-default
Aug 27 21:17:23.440109 SpringBoard(FrontBoard)[47602] <Debug>: [FBSceneManager] EXECUTING: <BSEventQueueEvent: 0x281c38380; sceneDidActivate-sceneID:dev.selfhost.firstActivationProbe-default(1)>
Aug 27 21:17:23.440289 SpringBoard(FrontBoard)[47602] <Debug>: [FBSceneManager] PENDING:   <BSEventQueueEvent: 0x281c23b40; sceneDidActivate-sceneID:dev.selfhost.firstActivationProbe-default(1)> @ front
Aug 27 21:17:23.440486 SpringBoard(FrontBoard)[47602] <Debug>: [FBSceneManager] EXECUTING: <BSEventQueueEvent: 0x281c23b40; sceneDidActivate-sceneID:dev.selfhost.firstActivationProbe-default(1)>
Aug 27 21:17:23.442927 SpringBoard[47602] <Notice>: didAddExternalForegroundApplicationSceneHandle pid:50553 scene:com.apple.frontboard.systemappservices::sceneID%3Adev.selfhost.firstActivationProbe-default now:<recentPIDs: [50553]; recentSceneIdentityTokensByPID: {50553: [com.apple.frontboard.systemappservices::sceneID%3Adev.selfhost.firstActivationProbe-default]}>
Aug 27 21:17:23.443110 SpringBoard[47602] <Notice>: policy: MRU target:<pid=50553 token=com.apple.frontboard.systemappservices::sceneID%3Adev.selfhost.firstActivationProbe-default>
Aug 27 21:17:23.443284 SpringBoard[47602] <Notice>: policy: now generation: 267; keyboardFocusTarget: <token: com.apple.frontboard.systemappservices::sceneID%3Adev.selfhost.firstActivationProbe-default; pid: 50553>; recentlyUsedScenes: <recentPIDs: [50553]; recentSceneIdentityTokensByPID: {50553: [com.apple.frontboard.systemappservices::sceneID%3Adev.selfhost.firstActivationProbe-default]}>; selectionPolicy: KeyboardArbiter; shouldSuppressRemoteDeferring: 0
Aug 27 21:17:23.445699 SpringBoard(FrontBoard)[47602] <Debug>: [FBSceneManager] EXECUTING: <BSEventQueueEvent: 0x281c605c0; sceneUpdatePrepared-sceneID:dev.selfhost.firstActivationProbe-default(1)>
Aug 27 21:17:23.445858 SpringBoard(FrontBoard)[47602] <Debug>: [FBSceneManager] PENDING:   <BSEventQueueEvent: 0x281c27440; sceneUpdatePrepared-sceneID:dev.selfhost.firstActivationProbe-default(1)> @ front
Aug 27 21:17:23.445977 SpringBoard(FrontBoard)[47602] <Debug>: [FBSceneManager] EXECUTING: <BSEventQueueEvent: 0x281c27440; sceneUpdatePrepared-sceneID:dev.selfhost.firstActivationProbe-default(1)>
Aug 27 21:17:23.446313 SpringBoard(FrontBoard)[47602] <Debug>: [FBSceneManager] EXECUTING: <BSEventQueueEvent: 0x281d05420; applySettings-sceneID:dev.selfhost.firstActivationProbe-default(1)>
Aug 27 21:17:23.446522 SpringBoard(FrontBoard)[47602] <Notice>: [sceneID:dev.selfhost.firstActivationProbe-default] scene content state changed: preparing
Aug 27 21:17:23.446764 SpringBoard(FrontBoard)[47602] <Debug>: [FBSceneManager] PENDING:   <BSEventQueueEvent: 0x281c273e0; contentStateDidChange-sceneID:dev.selfhost.firstActivationProbe-default(1)> @ back
Aug 27 21:17:23.447807 SpringBoard(FrontBoard)[47602] <Debug>: [FBSceneManager] PENDING:   <BSEventQueueEvent: 0x281c27720; sceneUpdateApplied-sceneID:dev.selfhost.firstActivationProbe-default(1)> @ back
Aug 27 21:17:23.448228 SpringBoard(FrontBoard)[47602] <Debug>: [FBSceneManager] PENDING:   <BSEventQueueEvent: 0x281c27440; sceneMutationCompletion-sceneID:dev.selfhost.firstActivationProbe-default(1)> @ back
Aug 27 21:17:23.448647 SpringBoard(FrontBoard)[47602] <Debug>: [FBSceneManager] EXECUTING: <BSEventQueueEvent: 0x281c273e0; contentStateDidChange-sceneID:dev.selfhost.firstActivationProbe-default(1)>
Aug 27 21:17:23.448940 SpringBoard(FrontBoard)[47602] <Debug>: [FBSceneManager] PENDING:   <BSEventQueueEvent: 0x281c27460; contentStateDidChange-sceneID:dev.selfhost.firstActivationProbe-default(1)> @ front
Aug 27 21:17:23.449258 SpringBoard(FrontBoard)[47602] <Notice>: [sceneID:dev.selfhost.firstActivationProbe-default] Scene lifecycle state did change: Foreground
Aug 27 21:17:23.449481 SpringBoard(FrontBoard)[47602] <Debug>: [FBSceneManager] EXECUTING: <BSEventQueueEvent: 0x281c27460; contentStateDidChange-sceneID:dev.selfhost.firstActivationProbe-default(1)>
Aug 27 21:17:23.449633 SpringBoard(FrontBoard)[47602] <Notice>: [sceneID:dev.selfhost.firstActivationProbe-default] Scene assertion state did change: ForegroundFocal.
Aug 27 21:17:23.449928 SpringBoard(FrontBoard)[47602] <Notice>: [application<dev.selfhost.firstActivationProbe>:50553] Launch assertion supersedes update of workspace assertion to ForegroundFocal.
Aug 27 21:17:23.450194 SpringBoard(FrontBoard)[47602] <Notice>: [application<dev.selfhost.firstActivationProbe>:50553] Workspace assertion state did change: ForegroundFocal (acquireAssertion = NO).
Aug 27 21:17:23.450855 SpringBoard(FrontBoard)[47602] <Notice>: [sceneID:dev.selfhost.firstActivationProbe-default] Sending scene action [Logical Activate][0xda6c] to process 0x109d9c0d0 (watchdog: 20.00s)
Aug 27 21:17:23.450980 SpringBoard(FrontBoard)[47602] <Debug>: [FBSceneManager] EXECUTING: <BSEventQueueEvent: 0x281c27720; sceneUpdateApplied-sceneID:dev.selfhost.firstActivationProbe-default(1)>
Aug 27 21:17:23.451184 SpringBoard(FrontBoard)[47602] <Debug>: [FBSceneManager] PENDING:   <BSEventQueueEvent: 0x281c27460; sceneUpdateApplied-sceneID:dev.selfhost.firstActivationProbe-default(1)> @ front
Aug 27 21:17:23.451309 SpringBoard(FrontBoard)[47602] <Debug>: [FBSceneManager] EXECUTING: <BSEventQueueEvent: 0x281c27460; sceneUpdateApplied-sceneID:dev.selfhost.firstActivationProbe-default(1)>
Aug 27 21:17:23.451471 SpringBoard(FrontBoardServices)[47602] <Info>: [application<dev.selfhost.firstActivationProbe>:50553] [realTime] Now monitoring resource allowance of 20.00s (at refreshInterval -1.00s)
Aug 27 21:17:23.451987 SpringBoard(FrontBoard)[47602] <Debug>: [FBSceneManager] EXECUTING: <BSEventQueueEvent: 0x281c27440; sceneMutationCompletion-sceneID:dev.selfhost.firstActivationProbe-default(1)>
Aug 27 21:17:23.452150 SpringBoard(FrontBoard)[47602] <Debug>: ---------- END SCENE MUTATION: sceneID:dev.selfhost.firstActivationProbe-default
Aug 27 21:17:23.453596 runningboardd(RunningBoard)[33] <Notice>: Acquiring assertion targeting [application<dev.selfhost.firstActivationProbe>:50553] from originator [daemon<com.apple.SpringBoard>:47602] with description <RBSAssertionDescriptor| "com.apple.frontboard.after-life.interrupted" ID:33-47602-7500 target:50553 attributes:[
Aug 27 21:17:23.453954 runningboardd(RunningBoard)[33] <Notice>: Assertion 33-47602-7500 (target:[application<dev.selfhost.firstActivationProbe>:50553]) will be created as inactive as originator process has not exited
Aug 27 21:17:23.456562 runningboardd(RunningBoard)[33] <Info>: Received message from [application<dev.selfhost.firstActivationProbe>:50553] (euid 501, auid 501): handshakeWithRequest:
Aug 27 21:17:23.456783 runningboardd(RunningBoard)[33] <Notice>: Setting client for [application<dev.selfhost.firstActivationProbe>:50553] as ready
Aug 27 21:17:23.459162 Runner(RunningBoardServices)[50553] <Notice>: Sending handshake request attempt #1 to server
Aug 27 21:17:23.459337 Runner(RunningBoardServices)[50553] <Notice>: Creating connection to com.apple.runningboard
Aug 27 21:17:23.459470 Runner(CoreFoundation)[50553] <Debug>: found no value for key UIStateRestorationDeveloperMode in CFPrefsSearchListSource<0x28033e180> (Domain: dev.selfhost.firstActivationProbe, Container: (null))
Aug 27 21:17:23.459608 Runner(UIKitCore)[50553] <Notice>: Deactivation reason removed: 10; deactivation reasons: 3072 -> 2048; animating application lifecycle event: 0
Aug 27 21:17:23.459856 Runner(RunningBoardServices)[50553] <Notice>: Handshake succeeded
Aug 27 21:17:23.464494 Runner(RunningBoardServices)[50553] <Notice>: Identity resolved as application<dev.selfhost.firstActivationProbe>
Aug 27 21:17:23.464904 Runner(FrontBoardServices)[50553] <Info>: [FBSScene] [sceneID:dev.selfhost.firstActivationProbe-default] Created client agent: <UIApplicationSceneClientAgent: 0x282f30a80>
Aug 27 21:17:23.465338 Runner(CoreFoundation)[50553] <Debug>: Resource lookup at <private>
	Result        : file:///private/var/containers/Bundle/Application/1EC21BA9-82AA-4B85-B2FC-10B206BC5C35/Runner.app/Base.lproj/Main.storyboardc/
Aug 27 21:17:23.465728 Runner(CoreFoundation)[50553] <Debug>: Resource lookup at <private>
	Result        : file:///private/var/containers/Bundle/Application/1EC21BA9-82AA-4B85-B2FC-10B206BC5C35/Runner.app/Base.lproj/Main.storyboardc/
Aug 27 21:17:23.466012 Runner(CoreFoundation)[50553] <Debug>: found no value for key _UICanvasShouldDeliverCanvasActionsToCanvasDelegateOnlyKey in CFPrefsSearchListSource<0x28033e180> (Domain: dev.selfhost.firstActivationProbe, Container: (null))
Aug 27 21:17:23.466290 Runner(CoreFoundation)[50553] <Debug>: found no value for key LogBackgroundTask in CFPrefsSearchListSource<0x28033cd00> (Domain: com.apple.UIKit, Container: (null))
Aug 27 21:17:23.467424 runningboardd(RunningBoard)[33] <Info>: Received message from [application<dev.selfhost.firstActivationProbe>:50553] (euid 501, auid 501): acquireAssertionWithDescriptor:error:
Aug 27 21:17:23.467642 Runner(UIKitCore)[50553] <Notice>: <private>: Will add backgroundTask with taskName: <private>, expirationHandler: <__NSGlobalBlock__: 0x1ec737410>
Aug 27 21:17:23.467843 Runner(UIKitCore)[50553] <Notice>: <private>: Created background task <private>. Assertion will be assigned soon
Aug 27 21:17:23.467986 Runner(UIKitCore)[50553] <Notice>: <private>: Creating new assertion since assertion is nil
Aug 27 21:17:23.468161 Runner(RunningBoardServices)[50553] <Info>: Acquiring assertion: <RBSAssertionDescriptor| "Shared Background Assertion 0 for dev.selfhost.firstActivationProbe" ID:(null) target:50553>
Aug 27 21:17:23.468302 Runner(RunningBoardServices)[50553] <Debug>: Adding assertion 33-50553-7501 to dictionary
Aug 27 21:17:23.468456 Runner(UIKitCore)[50553] <Notice>: <private>: Created new assertion <BKSProcessAssertion: 0x280e3ef80>
Aug 27 21:17:23.469468 Runner(UIKitCore)[50553] <Notice>: Deactivation reason added: 5; deactivation reasons: 2048 -> 2080; animating application lifecycle event: 1
Aug 27 21:17:23.469619 Runner(CoreFoundation)[50553] <Debug>: found no value for key LogEventDeferring in CFPrefsSearchListSource<0x28033cd00> (Domain: com.apple.UIKit, Container: (null))
Aug 27 21:17:23.469744 Runner(UIKitCore)[50553] <Notice>: [0x28063f6b0] Initialized with scene: <UIWindowScene: 0x103e15070>; behavior: <_UIEventDeferringBehavior_Default: 0x282d35b00>
Aug 27 21:17:23.469867 Runner(CoreFoundation)[50553] <Debug>: found no value for key LogKeyWindow in CFPrefsSearchListSource<0x28033cd00> (Domain: com.apple.UIKit, Container: (null))
Aug 27 21:17:23.469969 Runner(CoreFoundation)[50553] <Debug>: found no value for key FullKeyboardAccessEnabled in CFPrefsSearchListSource<0x28033fc00> (Domain: com.apple.Accessibility, Container: (null))
Aug 27 21:17:23.470142 Runner(libAccessibility.dylib)[50553] <Debug>: CF Read: domain = com.apple.Accessibility, preference = FullKeyboardAccessEnabled, appID = (null) result = (null) (-1 - empty, 0 - false, 1 - true)
Aug 27 21:17:23.470298 SpringBoard(FrontBoard)[47602] <Info>: [sceneID:dev.selfhost.firstActivationProbe-default] Client settings updated with diff: <private>
        <SBDeviceApplicationSceneEntity: 0x283e56800; ID: sceneID:dev.selfhost.firstActivationProbe-default; layoutRole: primary>
Aug 27 21:17:23.470927 SpringBoard(FrontBoard)[47602] <Info>: [sceneID:dev.selfhost.firstActivationProbe-default] Client settings updated with diff: <private>
Aug 27 21:17:23.471064 Runner(CoreFoundation)[50553] <Debug>: found no value for key FullKeyboardAccessEnabled in CFPrefsPlistSource<0x28033fc80> (Domain: com.apple.Accessibility, User: kCFPreferencesCurrentUser, ByHost: No, Container: (null), Contents Need Refresh: No)
Aug 27 21:17:23.471379 Runner(CoreFoundation)[50553] <Debug>: Resource lookup at <private>
Aug 27 21:17:23.471679 Runner(CoreFoundation)[50553] <Debug>: Resource lookup at <private>
	Result        : file:///private/var/containers/Bundle/Application/1EC21BA9-82AA-4B85-B2FC-10B206BC5C35/Runner.app/Base.lproj/Main.storyboardc/
Aug 27 21:17:23.471821 Runner(CoreFoundation)[50553] <Debug>: Resource lookup at <private>
	Result        : file:///private/var/containers/Bundle/Application/1EC21BA9-82AA-4B85-B2FC-10B206BC5C35/Runner.app/Base.lproj/Main.storyboardc/UIViewController-BYZ-38-t0r.nib
Aug 27 21:17:23.471922 Runner(CoreFoundation)[50553] <Debug>: found no value for key UITraitCollectionInvalidationDebuggingModeEnabled in CFPrefsSearchListSource<0x28033e180> (Domain: dev.selfhost.firstActivationProbe, Container: (null))
Aug 27 21:17:23.472024 Runner(CoreFoundation)[50553] <Debug>: Resource lookup at <private>
Aug 27 21:17:23.472176 Runner(CoreFoundation)[50553] <Debug>: Language lookup at <private>
Aug 27 21:17:23.472462 Runner(CoreFoundation)[50553] <Debug>: Resource lookup at <private>
	Result        : file:///var/containers/Bundle/Application/1EC21BA9-82AA-4B85-B2FC-10B206BC5C35/Runner.app/Frameworks/Flutter.framework/icudtl.dat
Aug 27 21:17:23.472631 Runner(Flutter)[50553] <Notice>: SANITY CHECK: Running precompiled code.
Aug 27 21:17:23.472814 Runner(CoreFoundation)[50553] <Debug>: Resource lookup at <private>
Aug 27 21:17:23.473002 Runner(CoreFoundation)[50553] <Debug>: Resource lookup at <private>
	Result        : file:///private/var/containers/Bundle/Application/1EC21BA9-82AA-4B85-B2FC-10B206BC5C35/Runner.app/Frameworks/App.framework/
Aug 27 21:17:23.473153 Runner(Flutter)[50553] <Notice>: Using App.framework from /private/var/containers/Bundle/Application/1EC21BA9-82AA-4B85-B2FC-10B206BC5C35/Runner.app/Frameworks/App.framework
Aug 27 21:17:23.473327 Runner(CoreFoundation)[50553] <Debug>: Language lookup at <private>
Aug 27 21:17:23.473496 Runner(CoreFoundation)[50553] <Debug>: Resource lookup at <private>
Aug 27 21:17:23.473688 Runner(CoreFoundation)[50553] <Debug>: Resource lookup at <private>
Aug 27 21:17:23.473878 Runner(CoreFoundation)[50553] <Debug>: Resource lookup at <private>
	Result        : file:///var/containers/Bundle/Application/1EC21BA9-82AA-4B85-B2FC-10B206BC5C35/Runner.app/Frameworks/App.framework/flutter_assets/
Aug 27 21:17:23.474017 Runner(Flutter)[50553] <Notice>: ASSET PATH /var/containers/Bundle/Application/1EC21BA9-82AA-4B85-B2FC-10B206BC5C35/Runner.app/Frameworks/App.framework/flutter_assets
Aug 27 21:17:23.474198 Runner(CoreFoundation)[50553] <Debug>: Resource lookup at <private>
Aug 27 21:17:23.474364 Runner(CoreFoundation)[50553] <Debug>: Resource lookup at <private>
Aug 27 21:17:23.474477 Runner(Flutter)[50553] <Notice>: [INFO:flutter/shell/common/shorebird/shorebird.cc(112)] [shorebird] SetBaseSnapshot mappings: vm_data_size=5178 iso_data_size=556021 vm_insns_size=43584 iso_insns_size=1818768 total=2423551
Aug 27 21:17:23.474577 Runner(Flutter)[50553] <Notice>: [shorebird] Preparing next boot.
Aug 27 21:17:23.474773 Runner(Flutter)[50553] <Notice>: [shorebird] No public key configured; skipping signature verification
Aug 27 21:17:23.474955 Runner(RunningBoardServices)[50553] <Debug>: Received message from server: async_didChangeInheritances:completion:
Aug 27 21:17:23.475086 Runner(RunningBoardServices)[50553] <Info>: didChangeInheritances
        <SBDeviceApplicationSceneEntity: 0x283e56800; ID: sceneID:dev.selfhost.firstActivationProbe-default; layoutRole: primary>
Aug 27 21:17:23.475398 Runner(Flutter)[50553] <Notice>: [shorebird] Prepared boot of patch 3.
Aug 27 21:17:23.475647 Runner(Flutter)[50553] <Notice>: [INFO:flutter/shell/common/shorebird/shorebird.cc(663)] Shorebird updater: active path: /private/var/mobile/Containers/Data/Application/18E6667F-E66B-4E74-92D9-B14869861554/Library/Application Support/shorebird/shorebird_updater/patches/3/dlc.vmcode
Aug 27 21:17:23.475788 Runner(Flutter)[50553] <Notice>: [INFO:flutter/shell/common/shorebird/shorebird.cc(686)] Shorebird updater: active patch is a Route B container
Aug 27 21:17:23.475930 Runner(Flutter)[50553] <Notice>: [INFO:flutter/shell/common/shorebird/shorebird.cc(762)] Starting Shorebird update
Aug 27 21:17:23.476159 Runner(CoreFoundation)[50553] <Debug>: Resource lookup at <private>
Aug 27 21:17:23.476859 SpringBoard(SplashBoard)[47602] <Info>: <XBApplicationSnapshot: 0x109ddf7d0; …2F3B89D0D3F1> [dev.selfhost.firstActivationProbe] not purging the cached image; force: 0; _imageAccessCount: 1; _keepImageAccessUntilExpiration: 0; _hasProtectedContent: 0; _keepImageAccessForPreheat: 0
Aug 27 21:17:23.476997 SpringBoard[47602] <Notice>: Application process state changed for dev.selfhost.firstActivationProbe: <SBApplicationProcessState: 0x281c217a0; pid: 50553; taskState: Running; visibility: Foreground>
Aug 27 21:17:23.478097 cfprefsd(CoreFoundation)[91] <Debug>: Process 50553 (Runner) sent a request related to { com.apple.Metal, user: mobile, kCFPreferencesCurrentHost, /Library/Managed Preferences/mobile/com.apple.Metal.plist, managed: 1 } (0x10182aa60)
Aug 27 21:17:23.478622 SpringBoard[47602] <Info>: -[SBApplication _processWillLaunch:] dev.selfhost.firstActivationProbe
Aug 27 21:17:23.478792 SpringBoard[47602] <Notice>: Application process state changed for dev.selfhost.firstActivationProbe: <SBApplicationProcessState: 0x281c23e40; pid: 50553; taskState: Running; visibility: Foreground>
Aug 27 21:17:23.478959 SpringBoard[47602] <Info>: -[SBApplication _processDidLaunch:] dev.selfhost.firstActivationProbe
Aug 27 21:17:23.479142 SpringBoard[47602] <Notice>: Application process state changed for dev.selfhost.firstActivationProbe: <SBApplicationProcessState: 0x281dbee80; pid: 50553; taskState: Running; visibility: Foreground>
Aug 27 21:17:23.479591 Runner(CoreFoundation)[50553] <Debug>: setting new value <private> for key <private> in CFPrefsSource<0x2838397c0> (Domain: Volatile, User: , ByHost: No, Container: , Contents Need Refresh: No)
Aug 27 21:17:23.479780 Runner(CoreFoundation)[50553] <Debug>: looked up value <private> for key METAL_DEVICE_WRAPPER_TYPE in CFPrefsSource<0x2838397c0> (Domain: Volatile, User: , ByHost: No, Container: , Contents Need Refresh: No) via CFPrefsSearchListSource<0x28033e180> (Domain: dev.selfhost.firstActivationProbe, Container: (null))
Aug 27 21:17:23.480002 Runner(CoreFoundation)[50553] <Debug>: CFPrefsManagedSource<0x280333600> (Domain: com.apple.Metal, User: kCFPreferencesCurrentUser, ByHost: Yes, Container: (null), Contents Need Refresh: No) loaded: an empty base plist and no additional changes from the base plist
Aug 27 21:17:23.480869 Runner(CoreFoundation)[50553] <Debug>: CFPrefsManagedSource<0x280333700> (Domain: com.apple.Metal, User: kCFPreferencesAnyUser, ByHost: Yes, Container: (null), Contents Need Refresh: No) loaded: an empty base plist and no additional changes from the base plist
Aug 27 21:17:23.484802 SpringBoard(FrontBoard)[47602] <Info>: Client intercepting scene update for scene: sceneID:dev.selfhost.firstActivationProbe-default
Aug 27 21:17:23.484945 SpringBoard(FrontBoard)[47602] <Debug>: START SCENE MUTATION ------- sceneID:dev.selfhost.firstActivationProbe-default
Aug 27 21:17:23.485101 SpringBoard(FrontBoard)[47602] <Debug>: [FBSceneManager] PENDING:   <BSEventQueueEvent: 0x281c20480; sceneUpdatePrepared-sceneID:dev.selfhost.firstActivationProbe-default(2)> @ back
Aug 27 21:17:23.485222 SpringBoard(FrontBoard)[47602] <Debug>: [FBSceneManager] PENDING:   <BSEventQueueEvent: 0x281c20cc0; applySettings-sceneID:dev.selfhost.firstActivationProbe-default(2)> @ back
Aug 27 21:17:23.485353 SpringBoard(FrontBoard)[47602] <Debug>: Flushing all events for sceneID:dev.selfhost.firstActivationProbe-default
Aug 27 21:17:23.485488 SpringBoard(FrontBoard)[47602] <Debug>: [FBSceneManager] EXECUTING: <BSEventQueueEvent: 0x281c20480; sceneUpdatePrepared-sceneID:dev.selfhost.firstActivationProbe-default(2)>
Aug 27 21:17:23.485647 SpringBoard(FrontBoard)[47602] <Debug>: [FBSceneManager] PENDING:   <BSEventQueueEvent: 0x281c232a0; sceneUpdatePrepared-sceneID:dev.selfhost.firstActivationProbe-default(2)> @ front
Aug 27 21:17:23.485809 SpringBoard(FrontBoard)[47602] <Debug>: [FBSceneManager] EXECUTING: <BSEventQueueEvent: 0x281c232a0; sceneUpdatePrepared-sceneID:dev.selfhost.firstActivationProbe-default(2)>
Aug 27 21:17:23.486136 SpringBoard(FrontBoard)[47602] <Debug>: [FBSceneManager] EXECUTING: <BSEventQueueEvent: 0x281c20cc0; applySettings-sceneID:dev.selfhost.firstActivationProbe-default(2)>
Aug 27 21:17:23.486475 SpringBoard(FrontBoard)[47602] <Debug>: [FBSceneManager] PENDING:   <BSEventQueueEvent: 0x281c22d80; sceneUpdateApplied-sceneID:dev.selfhost.firstActivationProbe-default(2)> @ back
Aug 27 21:17:23.486723 SpringBoard(FrontBoard)[47602] <Debug>: [FBSceneManager] PENDING:   <BSEventQueueEvent: 0x281c230e0; sceneMutationCompletion-sceneID:dev.selfhost.firstActivationProbe-default(2)> @ back
Aug 27 21:17:23.486838 SpringBoard(FrontBoard)[47602] <Debug>: [FBSceneManager] EXECUTING: <BSEventQueueEvent: 0x281c22d80; sceneUpdateApplied-sceneID:dev.selfhost.firstActivationProbe-default(2)>
Aug 27 21:17:23.487234 SpringBoard(FrontBoard)[47602] <Info>: [sceneID:dev.selfhost.firstActivationProbe-default] Sending scene action [Forward Event][0xc425] to process 0x109d9c0d0 (watchdog: none)
Aug 27 21:17:23.487363 SpringBoard(FrontBoard)[47602] <Debug>: [FBSceneManager] PENDING:   <BSEventQueueEvent: 0x281c232a0; sceneUpdateApplied-sceneID:dev.selfhost.firstActivationProbe-default(2)> @ front
Aug 27 21:17:23.487482 SpringBoard(FrontBoard)[47602] <Debug>: [FBSceneManager] EXECUTING: <BSEventQueueEvent: 0x281c232a0; sceneUpdateApplied-sceneID:dev.selfhost.firstActivationProbe-default(2)>
Aug 27 21:17:23.488206 SpringBoard(FrontBoard)[47602] <Debug>: [FBSceneManager] EXECUTING: <BSEventQueueEvent: 0x281c230e0; sceneMutationCompletion-sceneID:dev.selfhost.firstActivationProbe-default(2)>
Aug 27 21:17:23.489190 SpringBoard(FrontBoard)[47602] <Debug>: ---------- END SCENE MUTATION: sceneID:dev.selfhost.firstActivationProbe-default
            SceneID: sceneID:dev.selfhost.firstActivationProbe-default
Aug 27 21:17:23.493995 Runner(CoreFoundation)[50553] <Debug>: CFPrefsPlistSource<0x280333580> (Domain: com.apple.Metal, User: kCFPreferencesCurrentUser, ByHost: No, Container: (null), Contents Need Refresh: No) loaded: an empty base plist and no additional changes from the base plist
Aug 27 21:17:23.494279 Runner(CoreFoundation)[50553] <Debug>: CFPrefsPlistSource<0x280333880> (Domain: com.apple.Metal, User: kCFPreferencesAnyUser, ByHost: Yes, Container: (null), Contents Need Refresh: No) loaded: an empty base plist and no additional changes from the base plist
Aug 27 21:17:23.494564 Runner(CoreFoundation)[50553] <Debug>: found no value for key UseMetalTelemetry in CFPrefsSearchListSource<0x280333680> (Domain: com.apple.Metal, Container: (null))
Aug 27 21:17:23.495972 Runner(CoreFoundation)[50553] <Debug>: Resource lookup at <private>
Aug 27 21:17:23.496157 Runner(CoreFoundation)[50553] <Debug>: found no value for key MetalForceCaptureEnabled in CFPrefsSearchListSource<0x28033e180> (Domain: dev.selfhost.firstActivationProbe, Container: (null))
Aug 27 21:17:23.496308 Runner(CoreFoundation)[50553] <Debug>: found no value for key VertexInstanceBoundsCheckMode in CFPrefsSearchListSource<0x280333680> (Domain: com.apple.Metal, Container: (null))
Aug 27 21:17:23.496459 Runner(CoreFoundation)[50553] <Debug>: found no value for key DisableDriverSuballocation in CFPrefsSearchListSource<0x280333680> (Domain: com.apple.Metal, Container: (null))
Aug 27 21:17:23.496625 Runner(CoreFoundation)[50553] <Debug>: found no value for key CPUMappingForPrivateTexturesMode in CFPrefsSearchListSource<0x280333680> (Domain: com.apple.Metal, Container: (null))
Aug 27 21:17:23.496780 Runner(CoreFoundation)[50553] <Debug>: found no value for key IOSurfaceCompressedWriteValidation in CFPrefsSearchListSource<0x280333680> (Domain: com.apple.Metal, Container: (null))
Aug 27 21:17:23.497900 Runner(CoreFoundation)[50553] <Debug>: Language lookup at <private>
Aug 27 21:17:23.498576 Runner(CoreFoundation)[50553] <Debug>: Resource lookup at <private>
Aug 27 21:17:23.499104 Runner(CoreFoundation)[50553] <Debug>: Resource lookup at <private>
Aug 27 21:17:23.500103 SpringBoard(FrontBoard)[47602] <Info>: [sceneID:dev.selfhost.firstActivationProbe-default] didUpdateClientSettingsWithDiff: <private>
Aug 27 21:17:23.500372 SpringBoard(FrontBoard)[47602] <Debug>: [FBSceneManager] PENDING:   <BSEventQueueEvent: 0x281db43e0; handleDidUpdateClientSettings-sceneID:dev.selfhost.firstActivationProbe-default(2)> @ back
Aug 27 21:17:23.500648 Runner(CoreFoundation)[50553] <Debug>: Resource lookup at <private>
Aug 27 21:17:23.500869 Runner(CoreFoundation)[50553] <Debug>: Resource lookup at <private>
Aug 27 21:17:23.501050 Runner(CoreFoundation)[50553] <Debug>: Resource lookup at <private>
Aug 27 21:17:23.501238 Runner(CoreFoundation)[50553] <Debug>: Resource lookup at <private>
Aug 27 21:17:23.501361 Runner(CoreFoundation)[50553] <Debug>: Resource lookup at <private>
Aug 27 21:17:23.501481 Runner(CoreFoundation)[50553] <Debug>: Resource lookup at <private>
Aug 27 21:17:23.501664 Runner(CoreFoundation)[50553] <Debug>: Resource lookup at <private>
Aug 27 21:17:23.501819 SpringBoard(FrontBoard)[47602] <Debug>: [FBSceneManager] EXECUTING: <BSEventQueueEvent: 0x281db43e0; handleDidUpdateClientSettings-sceneID:dev.selfhost.firstActivationProbe-default(2)>
Aug 27 21:17:23.502492 SpringBoard(FrontBoard)[47602] <Debug>: [FBSceneManager] PENDING:   <BSEventQueueEvent: 0x281c21480; didUpdateClientSettings-sceneID:dev.selfhost.firstActivationProbe-default(2)> @ back
Aug 27 21:17:23.502742 SpringBoard(FrontBoard)[47602] <Debug>: [FBSceneManager] PENDING:   <BSEventQueueEvent: 0x281c20b80; didUpdateClientSettingsCompletion-sceneID:dev.selfhost.firstActivationProbe-default(2)> @ back
Aug 27 21:17:23.503309 SpringBoard(FrontBoard)[47602] <Debug>: [FBSceneManager] EXECUTING: <BSEventQueueEvent: 0x281c21480; didUpdateClientSettings-sceneID:dev.selfhost.firstActivationProbe-default(2)>
Aug 27 21:17:23.503459 SpringBoard(FrontBoard)[47602] <Debug>: [FBSceneManager] PENDING:   <BSEventQueueEvent: 0x281c23260; didUpdateClientSettings-sceneID:dev.selfhost.firstActivationProbe-default(2)> @ front
Aug 27 21:17:23.503603 SpringBoard(FrontBoard)[47602] <Debug>: [FBSceneManager] EXECUTING: <BSEventQueueEvent: 0x281c23260; didUpdateClientSettings-sceneID:dev.selfhost.firstActivationProbe-default(2)>
Aug 27 21:17:23.503943 Runner(CoreFoundation)[50553] <Debug>: Resource lookup at <private>
Aug 27 21:17:23.504158 Runner(CoreFoundation)[50553] <Debug>: Resource lookup at <private>
Aug 27 21:17:23.506048 Runner(CoreFoundation)[50553] <Debug>: Resource lookup at <private>
Aug 27 21:17:23.506194 Runner(CoreFoundation)[50553] <Debug>: Resource lookup at <private>
Aug 27 21:17:23.506420 Runner(CoreFoundation)[50553] <Debug>: Resource lookup at <private>
Aug 27 21:17:23.506632 Runner(CoreFoundation)[50553] <Debug>: Resource lookup at <private>
Aug 27 21:17:23.506838 Runner(CoreFoundation)[50553] <Debug>: Resource lookup at <private>
Aug 27 21:17:23.507036 Runner(CoreFoundation)[50553] <Debug>: found no value for key UIViewLayoutFeedbackLoopDebuggingThreshold in CFPrefsSearchListSource<0x28033e180> (Domain: dev.selfhost.firstActivationProbe, Container: (null))
Aug 27 21:17:23.507201 Runner(CoreFoundation)[50553] <Debug>: found no value for key UIViewUseStaleDelegateContentInsets in CFPrefsSearchListSource<0x28033e180> (Domain: dev.selfhost.firstActivationProbe, Container: (null))
Aug 27 21:17:23.508126 SpringBoard(FrontBoard)[47602] <Debug>: [FBSceneManager] EXECUTING: <BSEventQueueEvent: 0x281c20b80; didUpdateClientSettingsCompletion-sceneID:dev.selfhost.firstActivationProbe-default(2)>
Aug 27 21:17:23.508989 SpringBoard(FrontBoard)[47602] <Info>: [sceneID:dev.selfhost.firstActivationProbe-default] didUpdateClientSettingsWithDiff: <private>
Aug 27 21:17:23.509104 SpringBoard(FrontBoard)[47602] <Debug>: [FBSceneManager] PENDING:   <BSEventQueueEvent: 0x281c23ea0; handleDidUpdateClientSettings-sceneID:dev.selfhost.firstActivationProbe-default(2)> @ back
Aug 27 21:17:23.509221 SpringBoard(FrontBoard)[47602] <Debug>: [FBSceneManager] EXECUTING: <BSEventQueueEvent: 0x281c23ea0; handleDidUpdateClientSettings-sceneID:dev.selfhost.firstActivationProbe-default(2)>
Aug 27 21:17:23.509684 SpringBoard(FrontBoard)[47602] <Debug>: [FBSceneManager] PENDING:   <BSEventQueueEvent: 0x281c20b80; didUpdateClientSettings-sceneID:dev.selfhost.firstActivationProbe-default(2)> @ back
Aug 27 21:17:23.509824 SpringBoard(FrontBoard)[47602] <Debug>: [FBSceneManager] PENDING:   <BSEventQueueEvent: 0x281db43e0; didUpdateClientSettingsCompletion-sceneID:dev.selfhost.firstActivationProbe-default(2)> @ back
Aug 27 21:17:23.510572 SpringBoard(FrontBoard)[47602] <Debug>: [FBSceneManager] EXECUTING: <BSEventQueueEvent: 0x281c20b80; didUpdateClientSettings-sceneID:dev.selfhost.firstActivationProbe-default(2)>
Aug 27 21:17:23.510831 SpringBoard(FrontBoard)[47602] <Debug>: [FBSceneManager] PENDING:   <BSEventQueueEvent: 0x281c21480; didUpdateClientSettings-sceneID:dev.selfhost.firstActivationProbe-default(2)> @ front
Aug 27 21:17:23.510951 SpringBoard(FrontBoard)[47602] <Debug>: [FBSceneManager] EXECUTING: <BSEventQueueEvent: 0x281c21480; didUpdateClientSettings-sceneID:dev.selfhost.firstActivationProbe-default(2)>
Aug 27 21:17:23.511318 SpringBoard(FrontBoard)[47602] <Debug>: [FBSceneManager] EXECUTING: <BSEventQueueEvent: 0x281db43e0; didUpdateClientSettingsCompletion-sceneID:dev.selfhost.firstActivationProbe-default(2)>
Aug 27 21:17:23.516930 runningboardd(RunningBoard)[33] <Notice>: Acquiring assertion targeting [application<dev.selfhost.firstActivationProbe>:50553] from originator [application<dev.selfhost.firstActivationProbe>:50553] with description <RBSAssertionDescriptor| "Shared Background Assertion 0 for dev.selfhost.firstActivationProbe" ID:33-50553-7501 target:50553 attributes:[
Aug 27 21:17:23.517135 runningboardd(RunningBoard)[33] <Notice>: Assertion 33-50553-7501 (target:[application<dev.selfhost.firstActivationProbe>:50553]) will be created as inactive as start-time-defining assertions exist
Aug 27 21:17:23.518761 kernel(Sandbox)[0] <Error>: Sandbox: Runner(50553) deny(1) sysctl-read kern.iossupportversion
Aug 27 21:17:23.520003 runningboardd(RunningBoard)[33] <Debug>: Sending state 0x1011bdbc0 for application<dev.selfhost.firstActivationProbe> to [daemon<com.apple.SpringBoard>:47602]
Aug 27 21:17:23.520425 runningboardd(RunningBoard)[33] <Debug>: Sending state 0x1011bdbc0 for application<dev.selfhost.firstActivationProbe> to [daemon<com.apple.mediaserverd>:36]
Aug 27 21:17:23.520598 runningboardd(RunningBoard)[33] <Debug>: Adding assertion 33-47602-7500 (target:[application<dev.selfhost.firstActivationProbe>:50553])
Aug 27 21:17:23.524364 mediaserverd(RunningBoardServices)[36] <Notice>: Hit the server for a process handle 188713580000c579 that resolved to: [application<dev.selfhost.firstActivationProbe>:50553]
Aug 27 21:17:23.524756 runningboardd(RunningBoard)[33] <Info>: application<dev.selfhost.firstActivationProbe> is now targeted by 3 assertions
Aug 27 21:17:23.525745 runningboardd(RunningBoard)[33] <Debug>: Sending state 0x1011bdbc0 for application<dev.selfhost.firstActivationProbe> to [daemon<com.apple.symptomsd>:170]
Aug 27 21:17:23.525927 runningboardd(RunningBoard)[33] <Info>: [application<dev.selfhost.firstActivationProbe>:50553] Disabled CPU monitoring
Aug 27 21:17:23.526113 runningboardd(RunningBoard)[33] <Info>: Finished acquiring assertion 33-47602-7498 (target:application<dev.selfhost.firstActivationProbe>)
Aug 27 21:17:23.526243 runningboardd(RunningBoard)[33] <Info>: Finished acquiring assertion 33-47602-7500 (target:[application<dev.selfhost.firstActivationProbe>:50553])
Aug 27 21:17:23.526351 runningboardd(RunningBoard)[33] <Info>: [application<dev.selfhost.firstActivationProbe>:50553] Reset CPU monitoring limits to defaults
Aug 27 21:17:23.526767 runningboardd(RunningBoard)[33] <Debug>: Adding assertion 33-50553-7501 (target:[application<dev.selfhost.firstActivationProbe>:50553])
Aug 27 21:17:23.526874 runningboardd(RunningBoard)[33] <Info>: [application<dev.selfhost.firstActivationProbe>:50553] Resumed CPU monitoring
Aug 27 21:17:23.527387 runningboardd(RunningBoard)[33] <Info>: Finished acquiring assertion 33-33-7499 (target:[application<dev.selfhost.firstActivationProbe>:50553])
Aug 27 21:17:23.527546 runningboardd(RunningBoard)[33] <Notice>: Successfully acquired underlying assertion for [application<dev.selfhost.firstActivationProbe>:50553]
Aug 27 21:17:23.527682 runningboardd(RunningBoard)[33] <Debug>: Updating events for assertion: 33-47602-7498 (target:application<dev.selfhost.firstActivationProbe>)
Aug 27 21:17:23.527856 runningboardd(RunningBoard)[33] <Debug>: Removing events for context: 33-47602-7498 (target:application<dev.selfhost.firstActivationProbe>)
Aug 27 21:17:23.528004 runningboardd(RunningBoard)[33] <Debug>: Enqueueing events for assertion: 33-47602-7498 (target:application<dev.selfhost.firstActivationProbe>)
Aug 27 21:17:23.528163 Runner(CoreFoundation)[50553] <Debug>: found no value for key _UIConstraintBasedLayoutEngageNonLazily in CFPrefsSearchListSource<0x28033e180> (Domain: dev.selfhost.firstActivationProbe, Container: (null))
Aug 27 21:17:23.528285 runningboardd(RunningBoard)[33] <Info>: application<dev.selfhost.firstActivationProbe> is now targeted by 4 assertions
Aug 27 21:17:23.529036 runningboardd(RunningBoard)[33] <Info>: Finished acquiring assertion 33-50553-7501 (target:[application<dev.selfhost.firstActivationProbe>:50553])
Aug 27 21:17:23.529226 SpringBoard(RunningBoardServices)[47602] <Info>: Update delivered for [application<dev.selfhost.firstActivationProbe>:50553] with taskState 4
Aug 27 21:17:23.529380 runningboardd(RunningBoard)[33] <Debug>: Decrementing suppression state to 1 for application<dev.selfhost.firstActivationProbe>
Aug 27 21:17:23.529900 runningboardd(RunningBoard)[33] <Info>: [application<dev.selfhost.firstActivationProbe>:50553] Applying updated state
Aug 27 21:17:23.530197 runningboardd(RunningBoard)[33] <Debug>: Updating events for assertion: 33-33-7499 (target:[application<dev.selfhost.firstActivationProbe>:50553])
Aug 27 21:17:23.533991 runningboardd(RunningBoard)[33] <Debug>: Removing events for context: 33-33-7499 (target:[application<dev.selfhost.firstActivationProbe>:50553])
Aug 27 21:17:23.534498 SpringBoard(RunningBoardServices)[47602] <Info>: Update delivered for [application<dev.selfhost.firstActivationProbe>:50553] with taskState 4
Aug 27 21:17:23.538413 Runner(RunningBoardServices)[50553] <Info>: didChangeInheritances: <RBSInheritanceChangeSet| gained:{(
Aug 27 21:17:23.538851 Runner(RunningBoardServices)[50553] <Debug>: Received message from server: async_didChangeInheritances:completion:
Aug 27 21:17:23.539220 Runner(RunningBoardServices)[50553] <Info>: didChangeInheritances
Aug 27 21:17:23.539862 Runner(RunningBoardServices)[50553] <Info>: didChangeInheritances: <RBSInheritanceChangeSet| gained:(null) lost:{(
Aug 27 21:17:23.540249 Runner(RunningBoardServices)[50553] <Debug>: Received message from server: async_didChangeInheritances:completion:
Aug 27 21:17:23.540412 Runner(RunningBoardServices)[50553] <Info>: didChangeInheritances
Aug 27 21:17:23.540599 kernel(Sandbox)[0] <Error>: Sandbox: Runner(50553) deny(1) sysctl-read machdep.cpu.brand_string
Aug 27 21:17:23.540846 Runner(RunningBoardServices)[50553] <Info>: didChangeInheritances: <RBSInheritanceChangeSet| gained:{(
Aug 27 21:17:23.541045 Runner(CoreFoundation)[50553] <Debug>: Resource lookup at <private>
Aug 27 21:17:23.541276 Runner(CoreFoundation)[50553] <Debug>: Resource lookup at <private>
Aug 27 21:17:23.541740 Runner(CoreFoundation)[50553] <Debug>: setting new value <private> for key <private> in CFPrefsSource<0x2838397c0> (Domain: Volatile, User: , ByHost: No, Container: , Contents Need Refresh: No)
Aug 27 21:17:23.541943 Runner(CoreFoundation)[50553] <Debug>: looked up value <private> for key METAL_ERROR_MODE in CFPrefsSource<0x2838397c0> (Domain: Volatile, User: , ByHost: No, Container: , Contents Need Refresh: No) via CFPrefsSearchListSource<0x28033e180> (Domain: dev.selfhost.firstActivationProbe, Container: (null))
Aug 27 21:17:23.542065 Runner(CoreFoundation)[50553] <Debug>: setting new value <private> for key <private> in CFPrefsSource<0x2838397c0> (Domain: Volatile, User: , ByHost: No, Container: , Contents Need Refresh: No)
Aug 27 21:17:23.542189 Runner(CoreFoundation)[50553] <Debug>: looked up value <private> for key METAL_DEBUG_ERROR_MODE in CFPrefsSource<0x2838397c0> (Domain: Volatile, User: , ByHost: No, Container: , Contents Need Refresh: No) via CFPrefsSearchListSource<0x28033e180> (Domain: dev.selfhost.firstActivationProbe, Container: (null))
Aug 27 21:17:23.542345 Runner(CoreFoundation)[50553] <Debug>: setting new value <private> for key <private> in CFPrefsSource<0x2838397c0> (Domain: Volatile, User: , ByHost: No, Container: , Contents Need Refresh: No)
Aug 27 21:17:23.542556 Runner(CoreFoundation)[50553] <Debug>: looked up value <private> for key METAL_WARNING_MODE in CFPrefsSource<0x2838397c0> (Domain: Volatile, User: , ByHost: No, Container: , Contents Need Refresh: No) via CFPrefsSearchListSource<0x28033e180> (Domain: dev.selfhost.firstActivationProbe, Container: (null))
Aug 27 21:17:23.543898 Runner(CoreFoundation)[50553] <Debug>: setting new value <private> for key <private> in CFPrefsSource<0x2838397c0> (Domain: Volatile, User: , ByHost: No, Container: , Contents Need Refresh: No)
Aug 27 21:17:23.544087 Runner(CoreFoundation)[50553] <Debug>: looked up value <private> for key METAL_ERROR_CHECK_EXTENDED_MODE in CFPrefsSource<0x2838397c0> (Domain: Volatile, User: , ByHost: No, Container: , Contents Need Refresh: No) via CFPrefsSearchListSource<0x28033e180> (Domain: dev.selfhost.firstActivationProbe, Container: (null))
Aug 27 21:17:23.544253 Runner(CoreFoundation)[50553] <Debug>: found no value for key dataBufferCachingOverride in CFPrefsSearchListSource<0x280333680> (Domain: com.apple.Metal, Container: (null))
Aug 27 21:17:23.544448 Runner(CoreFoundation)[50553] <Debug>: found no value for key disableBlitEncoderCoalescing in CFPrefsPlistSource<0x280333580> (Domain: com.apple.Metal, User: kCFPreferencesCurrentUser, ByHost: No, Container: (null), Contents Need Refresh: No)
Aug 27 21:17:23.544614 Runner(CoreFoundation)[50553] <Debug>: found no value for key disableEncoderCoalescing in CFPrefsPlistSource<0x280333580> (Domain: com.apple.Metal, User: kCFPreferencesCurrentUser, ByHost: No, Container: (null), Contents Need Refresh: No)
Aug 27 21:17:23.544794 Runner(CoreFoundation)[50553] <Debug>: Resource lookup at <private>
Aug 27 21:17:23.545013 Runner(CoreFoundation)[50553] <Debug>: Resource lookup at <private>
Aug 27 21:17:23.545139 Runner(CoreFoundation)[50553] <Debug>: looked up value <private> for key AppleLanguages in CFPrefsPlistSource<0x28033d180> (Domain: kCFPreferencesAnyApplication, User: kCFPreferencesCurrentUser, ByHost: No, Container: (null), Contents Need Refresh: No) via CFPrefsSearchListSource<0x28033e180> (Domain: dev.selfhost.firstActivationProbe, Container: (null))
Aug 27 21:17:23.545313 Runner(CoreFoundation)[50553] <Debug>: Resource lookup at <private>
Aug 27 21:17:23.545475 Runner(CoreFoundation)[50553] <Debug>: Resource lookup at <private>
Aug 27 21:17:23.545640 Runner(CoreFoundation)[50553] <Debug>: Resource lookup at <private>
Aug 27 21:17:23.545822 Runner(CoreFoundation)[50553] <Debug>: Resource lookup at <private>
Aug 27 21:17:23.546099 Runner(CoreFoundation)[50553] <Debug>: Resource lookup at <private>
Aug 27 21:17:23.546276 Runner(CoreFoundation)[50553] <Debug>: Resource lookup at <private>
Aug 27 21:17:23.546444 Runner(CoreFoundation)[50553] <Debug>: Resource lookup at <private>
	Result        : file:///private/var/containers/Bundle/Application/1EC21BA9-82AA-4B85-B2FC-10B206BC5C35/Runner.app/Base.lproj/LaunchScreen.storyboardc/
Aug 27 21:17:23.546563 Runner(CoreFoundation)[50553] <Debug>: Resource lookup at <private>
	Result        : file:///private/var/containers/Bundle/Application/1EC21BA9-82AA-4B85-B2FC-10B206BC5C35/Runner.app/Base.lproj/LaunchScreen.storyboardc/
Aug 27 21:17:23.546709 Runner(CoreFoundation)[50553] <Debug>: Resource lookup at <private>
	Result        : file:///private/var/containers/Bundle/Application/1EC21BA9-82AA-4B85-B2FC-10B206BC5C35/Runner.app/Base.lproj/LaunchScreen.storyboardc/UIViewController-01J-lp-oVM.nib
Aug 27 21:17:23.547850 Runner(CoreFoundation)[50553] <Debug>: Resource lookup at <private>
	Result        : file:///private/var/containers/Bundle/Application/1EC21BA9-82AA-4B85-B2FC-10B206BC5C35/Runner.app/Base.lproj/LaunchScreen.storyboardc/01J-lp-oVM-view-Ze5-6b-2t3.nib
Aug 27 21:17:23.548338 Runner(CoreFoundation)[50553] <Debug>: Resource lookup at <private>
	Result        : file:///private/var/containers/Bundle/Application/1EC21BA9-82AA-4B85-B2FC-10B206BC5C35/Runner.app/Base.lproj/LaunchScreen.storyboardc/
Aug 27 21:17:23.548799 Runner(CoreFoundation)[50553] <Debug>: Resource lookup at <private>
	Result        : file:///private/var/containers/Bundle/Application/1EC21BA9-82AA-4B85-B2FC-10B206BC5C35/Runner.app/Base.lproj/LaunchScreen.storyboardc/01J-lp-oVM-view-Ze5-6b-2t3.nib
Aug 27 21:17:23.549199 Runner(CoreFoundation)[50553] <Debug>: found no value for key _UIConstraintBasedLayout in CFPrefsSearchListSource<0x28033e180> (Domain: dev.selfhost.firstActivationProbe, Container: (null))
Aug 27 21:17:23.549716 Runner(CoreFoundation)[50553] <Debug>: Resource lookup at <private>
	Result        : file:///private/var/containers/Bundle/Application/1EC21BA9-82AA-4B85-B2FC-10B206BC5C35/Runner.app/Assets.car
Aug 27 21:17:23.549953 Runner(CoreFoundation)[50553] <Debug>: found no value for key CUIShowDebugLogs in CFPrefsSearchListSource<0x28033e180> (Domain: dev.selfhost.firstActivationProbe, Container: (null))
Aug 27 21:17:23.550201 Runner(Flutter)[50553] <Notice>: [shorebird] Sending patch check request: PatchCheckRequest { app_id: "235a9d93-ef97-6372-d78a-ce88f798a726", channel: "stable", release_version: "1.3.0+1", platform: "ios", arch: "aarch64", client_id: "eb65ad4b-0c7a-4c80-8d71-7e98c91af47a", current_patch_number: Some(3) }
Aug 27 21:17:23.550398 Runner(CoreFoundation)[50553] <Debug>: found no value for key CGAllowDebuggingDefaults in CFPrefsPlistSource<0x28033d180> (Domain: kCFPreferencesAnyApplication, User: kCFPreferencesCurrentUser, ByHost: No, Container: (null), Contents Need Refresh: No)
Aug 27 21:17:23.550681 Runner(CoreFoundation)[50553] <Debug>: found no value for key NSConstraintBasedLayoutTrackAllocation in CFPrefsSearchListSource<0x28033e180> (Domain: dev.selfhost.firstActivationProbe, Container: (null))
Aug 27 21:17:23.550891 Runner(CoreFoundation)[50553] <Debug>: found no value for key UIViewShowAlignmentRects in CFPrefsSearchListSource<0x28033e180> (Domain: dev.selfhost.firstActivationProbe, Container: (null))
Aug 27 21:17:23.551204 Runner(CoreFoundation)[50553] <Debug>: found no value for key NSConstraintBasedLayoutAriadneTracepoints in CFPrefsSearchListSource<0x28033e180> (Domain: dev.selfhost.firstActivationProbe, Container: (null))
Aug 27 21:17:23.551382 Runner(CoreFoundation)[50553] <Debug>: Resource lookup at <private>
Aug 27 21:17:23.551498 Runner(CoreFoundation)[50553] <Debug>: found no value for key ReduceMotionEnabled in CFPrefsSearchListSource<0x28033fc00> (Domain: com.apple.Accessibility, Container: (null))
Aug 27 21:17:23.551669 Runner(libAccessibility.dylib)[50553] <Debug>: CF Read: domain = com.apple.Accessibility, preference = ReduceMotionEnabled, appID = (null) result = (null) (-1 - empty, 0 - false, 1 - true)
Aug 27 21:17:23.551809 Runner(CoreFoundation)[50553] <Debug>: found no value for key ReduceMotionEnabled in CFPrefsPlistSource<0x28033fc80> (Domain: com.apple.Accessibility, User: kCFPreferencesCurrentUser, ByHost: No, Container: (null), Contents Need Refresh: No)
Aug 27 21:17:23.551921 Runner(CoreFoundation)[50553] <Debug>: Resource lookup at <private>
Aug 27 21:17:23.552188 SpringBoard(FrontBoard)[47602] <Info>: [sceneID:dev.selfhost.firstActivationProbe-default] Client settings updated with diff: <private>
Aug 27 21:17:23.552502 SpringBoard(FrontBoard)[47602] <Info>: [sceneID:dev.selfhost.firstActivationProbe-default] didUpdateClientSettingsWithDiff: <private>
Aug 27 21:17:23.552736 SpringBoard(FrontBoard)[47602] <Debug>: [FBSceneManager] PENDING:   <BSEventQueueEvent: 0x281dfea00; handleDidUpdateClientSettings-sceneID:dev.selfhost.firstActivationProbe-default(2)> @ back
Aug 27 21:17:23.552894 SpringBoard(FrontBoard)[47602] <Debug>: [FBSceneManager] EXECUTING: <BSEventQueueEvent: 0x281dfea00; handleDidUpdateClientSettings-sceneID:dev.selfhost.firstActivationProbe-default(2)>
Aug 27 21:17:23.553502 SpringBoard(FrontBoard)[47602] <Debug>: [FBSceneManager] PENDING:   <BSEventQueueEvent: 0x281df8ac0; didUpdateClientSettings-sceneID:dev.selfhost.firstActivationProbe-default(2)> @ back
Aug 27 21:17:23.553794 SpringBoard(FrontBoard)[47602] <Debug>: [FBSceneManager] PENDING:   <BSEventQueueEvent: 0x281dce900; didUpdateClientSettingsCompletion-sceneID:dev.selfhost.firstActivationProbe-default(2)> @ back
Aug 27 21:17:23.554608 SpringBoard(FrontBoard)[47602] <Debug>: [FBSceneManager] EXECUTING: <BSEventQueueEvent: 0x281df8ac0; didUpdateClientSettings-sceneID:dev.selfhost.firstActivationProbe-default(2)>
Aug 27 21:17:23.554765 SpringBoard(FrontBoard)[47602] <Debug>: [FBSceneManager] PENDING:   <BSEventQueueEvent: 0x281dc8ec0; didUpdateClientSettings-sceneID:dev.selfhost.firstActivationProbe-default(2)> @ front
Aug 27 21:17:23.554926 SpringBoard(FrontBoard)[47602] <Debug>: [FBSceneManager] EXECUTING: <BSEventQueueEvent: 0x281dc8ec0; didUpdateClientSettings-sceneID:dev.selfhost.firstActivationProbe-default(2)>
Aug 27 21:17:23.555596 SpringBoard(FrontBoard)[47602] <Debug>: [FBSceneManager] EXECUTING: <BSEventQueueEvent: 0x281dce900; didUpdateClientSettingsCompletion-sceneID:dev.selfhost.firstActivationProbe-default(2)>
Aug 27 21:17:23.556700 SpringBoard(FrontBoard)[47602] <Info>: [sceneID:dev.selfhost.firstActivationProbe-default] Client settings updated with diff: <private>
Aug 27 21:17:23.556880 SpringBoard(FrontBoard)[47602] <Info>: [sceneID:dev.selfhost.firstActivationProbe-default] didUpdateClientSettingsWithDiff: <private>
Aug 27 21:17:23.557099 SpringBoard(FrontBoard)[47602] <Debug>: [FBSceneManager] PENDING:   <BSEventQueueEvent: 0x281c20ca0; handleDidUpdateClientSettings-sceneID:dev.selfhost.firstActivationProbe-default(2)> @ back
Aug 27 21:17:23.557331 SpringBoard(FrontBoard)[47602] <Debug>: [FBSceneManager] EXECUTING: <BSEventQueueEvent: 0x281c20ca0; handleDidUpdateClientSettings-sceneID:dev.selfhost.firstActivationProbe-default(2)>
Aug 27 21:17:23.558030 SpringBoard(FrontBoard)[47602] <Debug>: [FBSceneManager] PENDING:   <BSEventQueueEvent: 0x281c20c40; didUpdateClientSettings-sceneID:dev.selfhost.firstActivationProbe-default(2)> @ back
Aug 27 21:17:23.558312 SpringBoard(FrontBoard)[47602] <Debug>: [FBSceneManager] PENDING:   <BSEventQueueEvent: 0x281c22d80; didUpdateClientSettingsCompletion-sceneID:dev.selfhost.firstActivationProbe-default(2)> @ back
Aug 27 21:17:23.559043 SpringBoard(FrontBoard)[47602] <Debug>: [FBSceneManager] EXECUTING: <BSEventQueueEvent: 0x281c20c40; didUpdateClientSettings-sceneID:dev.selfhost.firstActivationProbe-default(2)>
Aug 27 21:17:23.559230 SpringBoard(FrontBoard)[47602] <Debug>: [FBSceneManager] PENDING:   <BSEventQueueEvent: 0x281c210e0; didUpdateClientSettings-sceneID:dev.selfhost.firstActivationProbe-default(2)> @ front
Aug 27 21:17:23.559369 SpringBoard(FrontBoard)[47602] <Debug>: [FBSceneManager] EXECUTING: <BSEventQueueEvent: 0x281c210e0; didUpdateClientSettings-sceneID:dev.selfhost.firstActivationProbe-default(2)>
Aug 27 21:17:23.559898 runningboardd(RunningBoard)[33] <Notice>: [application<dev.selfhost.firstActivationProbe>:50553] reported to RB as running
Aug 27 21:17:23.560032 runningboardd(RunningBoard)[33] <Debug>: Enqueueing events for assertion: 33-33-7499 (target:[application<dev.selfhost.firstActivationProbe>:50553])
Aug 27 21:17:23.560419 runningboardd(RunningBoard)[33] <Debug>: Updating events for assertion: 33-47602-7500 (target:[application<dev.selfhost.firstActivationProbe>:50553])
Aug 27 21:17:23.560650 runningboardd(RunningBoard)[33] <Debug>: Removing events for context: 33-47602-7500 (target:[application<dev.selfhost.firstActivationProbe>:50553])
Aug 27 21:17:23.560928 runningboardd(RunningBoard)[33] <Debug>: Updating events for assertion: 33-50553-7501 (target:[application<dev.selfhost.firstActivationProbe>:50553])
Aug 27 21:17:23.561112 runningboardd(RunningBoard)[33] <Debug>: Removing events for context: 33-50553-7501 (target:[application<dev.selfhost.firstActivationProbe>:50553])
Aug 27 21:17:23.561259 SpringBoard(FrontBoard)[47602] <Debug>: [FBSceneManager] EXECUTING: <BSEventQueueEvent: 0x281c22d80; didUpdateClientSettingsCompletion-sceneID:dev.selfhost.firstActivationProbe-default(2)>
Aug 27 21:17:23.562935 SpringBoard(RunningBoardServices)[47602] <Info>: Update delivered for [application<dev.selfhost.firstActivationProbe>:50553] with taskState 4
Aug 27 21:17:23.619219 Runner(CoreFoundation)[50553] <Debug>: Resource lookup at <private>
Aug 27 21:17:23.619667 Runner(CoreFoundation)[50553] <Debug>: Resource lookup at <private>
Aug 27 21:17:23.620820 Runner(CoreFoundation)[50553] <Debug>: Resource lookup at <private>
Aug 27 21:17:23.621900 Runner(CoreFoundation)[50553] <Debug>: found no value for key UIScrollViewForceConvertSafeAreaToContentInsetPreference in CFPrefsSearchListSource<0x28033e180> (Domain: dev.selfhost.firstActivationProbe, Container: (null))
Aug 27 21:17:23.622478 Runner(CoreFoundation)[50553] <Debug>: found no value for key UIBarsApplyChromelessEverywhere in CFPrefsSearchListSource<0x28033e180> (Domain: dev.selfhost.firstActivationProbe, Container: (null))
Aug 27 21:17:23.622993 Runner(CoreFoundation)[50553] <Debug>: looked up value <private> for key AppleLanguages in CFPrefsPlistSource<0x28033d180> (Domain: kCFPreferencesAnyApplication, User: kCFPreferencesCurrentUser, ByHost: No, Container: (null), Contents Need Refresh: No) via CFPrefsSearchListSource<0x28033e180> (Domain: dev.selfhost.firstActivationProbe, Container: (null))
Aug 27 21:17:23.635168 mediaserverd(RunningBoardServices)[36] <Info>: Update delivered for [application<dev.selfhost.firstActivationProbe>:50553] with taskState 4
Aug 27 21:17:23.645539 mediaserverd(MediaExperience)[36] <Notice>: -CMSessionMgr- CMSessionMgrHandleApplicationStateChange: Client dev.selfhost.firstActivationProbe with pid '50553' is now Foreground Running. Background entitlement: NO ActiveLongFormVideoSession: NO WhitelistedLongFormVideoApp NO
Aug 27 21:17:23.651466 mediaserverd(MediaExperience)[36] <Notice>: -CMSessionMgr- CMSessionMgrHandleApplicationStateChange: Sending EndInterruption to dev.selfhost.firstActivationProbe with pid '50553' because client moved to ForegroundRunning and is not allowed to play in the background
Aug 27 21:17:23.651885 mediaserverd(RunningBoardServices)[36] <Info>: Update delivered for [application<dev.selfhost.firstActivationProbe>:50553] with taskState 4
Aug 27 21:17:23.675412 runningboardd(RunningBoard)[33] <Debug>: END suppressing state updates for application<dev.selfhost.firstActivationProbe>
Aug 27 21:17:23.675652 runningboardd(RunningBoard)[33] <Debug>: Sending state update for application<dev.selfhost.firstActivationProbe>: <RBSProcessState| task:running-active debug:none terminationResistance:Interactive endowments:[
	<RBSProcessAssertionInfo| type:2 reason:10000 name:"Domain" domain:"com.apple.frontboard:Bootstrap-Foreground,com.apple.frontboard:Visibility" expl:"FBApplicationProcess">,
	<RBSProcessAssertionInfo| type:1 reason:0 name:"Custom" domain:"(null)" expl:"injecting inherited from "UIScene:com.apple.frontboard.systemappservices::com.apple.springboard" to 50553<UIScene:com.apple.frontboard.systemappservices::sceneID%3Adev.selfhost.firstActivationProbe-default>">
Aug 27 21:17:23.675863 runningboardd(RunningBoard)[33] <Debug>: Sending state 0x1011bdbc0 for application<dev.selfhost.firstActivationProbe> to [daemon<com.apple.watchdogd>:57]
Aug 27 21:17:23.676072 runningboardd(RunningBoard)[33] <Debug>: Sending state 0x10109bca0 for application<dev.selfhost.firstActivationProbe> to [daemon<com.apple.SpringBoard>:47602]
Aug 27 21:17:23.676293 runningboardd(RunningBoard)[33] <Info>: Received message from [application<dev.selfhost.firstActivationProbe>:50553] (euid 501, auid 501): statesForPredicate:descriptor:error:
Aug 27 21:17:23.676484 SpringBoard(FrontBoard)[47602] <Debug>: [FBSceneManager] EXECUTING: <BSEventQueueEvent: 0x281de29c0; updateComplete-sceneID:dev.selfhost.firstActivationProbe-default(4)>
Aug 27 21:17:23.676669 SpringBoard(FrontBoard)[47602] <Debug>: [FBSceneManager] PENDING:   <BSEventQueueEvent: 0x281d52360; sceneUpdateCompleted-sceneID:dev.selfhost.firstActivationProbe-default(4)> @ back
Aug 27 21:17:23.676857 SpringBoard(FrontBoard)[47602] <Debug>: [FBSceneManager] EXECUTING: <BSEventQueueEvent: 0x281d52360; sceneUpdateCompleted-sceneID:dev.selfhost.firstActivationProbe-default(4)>
Aug 27 21:17:23.677054 SpringBoard(FrontBoard)[47602] <Debug>: [FBSceneManager] PENDING:   <BSEventQueueEvent: 0x281d53480; sceneUpdateCompleted-sceneID:dev.selfhost.firstActivationProbe-default(4)> @ front
Aug 27 21:17:23.677238 SpringBoard(FrontBoard)[47602] <Debug>: [FBSceneManager] EXECUTING: <BSEventQueueEvent: 0x281d53480; sceneUpdateCompleted-sceneID:dev.selfhost.firstActivationProbe-default(4)>
Aug 27 21:17:23.677703 SpringBoard(FrontBoard)[47602] <Info>: [sceneID:dev.selfhost.firstActivationProbe-default] Client settings updated with diff: <private>
Aug 27 21:17:23.677881 SpringBoard(FrontBoard)[47602] <Info>: [sceneID:dev.selfhost.firstActivationProbe-default] didUpdateClientSettingsWithDiff: <private>
Aug 27 21:17:23.677999 SpringBoard(FrontBoard)[47602] <Debug>: [FBSceneManager] PENDING:   <BSEventQueueEvent: 0x281d46760; handleDidUpdateClientSettings-sceneID:dev.selfhost.firstActivationProbe-default(4)> @ back
Aug 27 21:17:23.678152 SpringBoard(FrontBoard)[47602] <Debug>: [FBSceneManager] EXECUTING: <BSEventQueueEvent: 0x281d46760; handleDidUpdateClientSettings-sceneID:dev.selfhost.firstActivationProbe-default(4)>
Aug 27 21:17:23.678746 Runner(RunningBoardServices)[50553] <Debug>: Decoded RBSProcessHandle with IPC ID 188713580000c579
Aug 27 21:17:23.678946 Runner(RunningBoardServices)[50553] <Notice>: Creating side-channel connection to com.apple.runningboard
Aug 27 21:17:23.679085 Runner(RunningBoardServices)[50553] <Notice>: Hit the server for a process handle 188713580000c579 that resolved to: [application<dev.selfhost.firstActivationProbe>:50553]
Aug 27 21:17:23.679335 SpringBoard(FrontBoard)[47602] <Debug>: [FBSceneManager] PENDING:   <BSEventQueueEvent: 0x281d44580; didUpdateClientSettings-sceneID:dev.selfhost.firstActivationProbe-default(4)> @ back
Aug 27 21:17:23.679503 SpringBoard(FrontBoard)[47602] <Debug>: [FBSceneManager] PENDING:   <BSEventQueueEvent: 0x281d64580; didUpdateClientSettingsCompletion-sceneID:dev.selfhost.firstActivationProbe-default(4)> @ back
Aug 27 21:17:23.680174 runningboardd(RunningBoard)[33] <Info>: _predicatesMatchOnlyAllowedProcess allowing predicate matching self <RBSProcessPredicate <RBSProcessHandlePredicateImpl| application<dev.selfhost.firstActivationProbe>:50553>> for process [application<dev.selfhost.firstActivationProbe>:50553]
Aug 27 21:17:23.680916 runningboardd(RunningBoard)[33] <Info>: Received message from [application<dev.selfhost.firstActivationProbe>:50553] (euid 501, auid 501): lookupHandleForKey:error:
Aug 27 21:17:23.681235 runningboardd(RunningBoard)[33] <Info>: _predicatesMatchOnlyAllowedProcess allowing predicate matching self <RBSProcessPredicate <RBSProcessHandlePredicateImpl| application<dev.selfhost.firstActivationProbe>:50553>> for process [application<dev.selfhost.firstActivationProbe>:50553]
Aug 27 21:17:23.681411 runningboardd(RunningBoard)[33] <Info>: Received message from [application<dev.selfhost.firstActivationProbe>:50553] (euid 501, auid 501): acquireAssertionWithDescriptor:error:
Aug 27 21:17:23.681745 runningboardd(RunningBoard)[33] <Notice>: Acquiring assertion targeting [application<dev.selfhost.firstActivationProbe>:50553] from originator [application<dev.selfhost.firstActivationProbe>:50553] with description <RBSAssertionDescriptor| "systemAnimationFence" ID:33-50553-7503 target:50553 attributes:[
Aug 27 21:17:23.681854 runningboardd(RunningBoard)[33] <Notice>: Assertion 33-50553-7503 (target:[application<dev.selfhost.firstActivationProbe>:50553]) will be created as inactive as start-time-defining assertions exist
Aug 27 21:17:23.682075 runningboardd(RunningBoard)[33] <Debug>: Adding assertion 33-50553-7503 (target:[application<dev.selfhost.firstActivationProbe>:50553])
Aug 27 21:17:23.682361 SpringBoard(FrontBoard)[47602] <Debug>: [FBSceneManager] EXECUTING: <BSEventQueueEvent: 0x281d44580; didUpdateClientSettings-sceneID:dev.selfhost.firstActivationProbe-default(4)>
Aug 27 21:17:23.682480 SpringBoard(FrontBoard)[47602] <Debug>: [FBSceneManager] PENDING:   <BSEventQueueEvent: 0x281d6e220; didUpdateClientSettings-sceneID:dev.selfhost.firstActivationProbe-default(4)> @ front
Aug 27 21:17:23.682582 SpringBoard(FrontBoard)[47602] <Debug>: [FBSceneManager] EXECUTING: <BSEventQueueEvent: 0x281d6e220; didUpdateClientSettings-sceneID:dev.selfhost.firstActivationProbe-default(4)>
Aug 27 21:17:23.683174 runningboardd(RunningBoard)[33] <Info>: application<dev.selfhost.firstActivationProbe> is now targeted by 6 assertions
Aug 27 21:17:23.683406 runningboardd(RunningBoard)[33] <Info>: Finished acquiring assertion 33-50553-7503 (target:[application<dev.selfhost.firstActivationProbe>:50553])
Aug 27 21:17:23.683572 runningboardd(RunningBoard)[33] <Debug>: Updating events for assertion: 33-50553-7503 (target:[application<dev.selfhost.firstActivationProbe>:50553])
Aug 27 21:17:23.683688 runningboardd(RunningBoard)[33] <Debug>: BEGIN suppressing state updates for application<dev.selfhost.firstActivationProbe>
Aug 27 21:17:23.683842 SpringBoard(FrontBoard)[47602] <Debug>: [FBSceneManager] EXECUTING: <BSEventQueueEvent: 0x281d64580; didUpdateClientSettingsCompletion-sceneID:dev.selfhost.firstActivationProbe-default(4)>
Aug 27 21:17:23.684170 runningboardd(RunningBoard)[33] <Debug>: Removing events for context: 33-50553-7503 (target:[application<dev.selfhost.firstActivationProbe>:50553])
Aug 27 21:17:23.684546 Runner(RunningBoardServices)[50553] <Info>: Acquiring assertion: <RBSAssertionDescriptor| "systemAnimationFence" ID:(null) target:50553>
Aug 27 21:17:23.684619 Runner(RunningBoardServices)[50553] <Debug>: Adding assertion 33-50553-7503 to dictionary
Aug 27 21:17:23.685857 Runner(Flutter)[50553] <Notice>: [shorebird] Patch check response: PatchCheckResponse { patch_available: false, patch: None, rolled_back_patch_numbers: Some([]) }
Aug 27 21:17:23.686229 Runner(Flutter)[50553] <Notice>: [shorebird] Update thread finished with status: No update
Aug 27 21:17:23.686478 cfprefsd(CoreFoundation)[91] <Debug>: Process 50553 (Runner) sent a request related to { com.apple.Metal, user: kCFPreferencesAnyUser, kCFPreferencesCurrentHost, /Library/Managed Preferences/com.apple.Metal.plist, managed: 1 } (0x10182aa60)
Aug 27 21:17:23.686631 mediaserverd(RunningBoardServices)[36] <Info>: Update skipped for [application<dev.selfhost.firstActivationProbe>:50553] with state: <RBSProcessState| task:running-active debug:none endowments:[
Aug 27 21:17:23.686929 runningboardd(RunningBoard)[33] <Debug>: Incrementing suppression state to 1 for application<dev.selfhost.firstActivationProbe>
Aug 27 21:17:23.687005 cfprefsd(CoreFoundation)[91] <Debug>: Process 50553 (Runner) sent a request related to { com.apple.Metal, user: mobile, kCFPreferencesAnyHost, /var/mobile/Library/Preferences/com.apple.Metal.plist, managed: 0 } (0x10182aa60)
Aug 27 21:17:23.687117 runningboardd(RunningBoard)[33] <Debug>: Decrementing suppression state to 0 for application<dev.selfhost.firstActivationProbe>
Aug 27 21:17:23.687338 runningboardd(RunningBoard)[33] <Debug>: END suppressing state updates for application<dev.selfhost.firstActivationProbe>
Aug 27 21:17:23.687417 cfprefsd(CoreFoundation)[91] <Debug>: Process 50553 (Runner) sent a request related to { com.apple.Metal, user: kCFPreferencesAnyUser, kCFPreferencesCurrentHost, /var/preferences/com.apple.Metal.plist, managed: 0 } (0x10182aa60)
Aug 27 21:17:23.687595 runningboardd(RunningBoard)[33] <Info>: Received message from [application<dev.selfhost.firstActivationProbe>:50553] (euid 501, auid 501): async_invalidateAssertionWithIdentifier:
Aug 27 21:17:23.688026 runningboardd(RunningBoard)[33] <Notice>: Invalidating assertion 33-50553-7503 (target:[application<dev.selfhost.firstActivationProbe>:50553]) from originator [application<dev.selfhost.firstActivationProbe>:50553]
Aug 27 21:17:23.688528 watchdogd(RunningBoardServices)[57] <Debug>: Received message from server: async_observedProcessStatesDidChange:completion:
Aug 27 21:17:23.697888 runningboardd(RunningBoard)[33] <Debug>: Sending state 0x1011bdbc0 for application<dev.selfhost.firstActivationProbe> to [daemon<com.apple.wifid>:52]
Aug 27 21:17:23.708060 bluetoothd(CoreUtils)[86] <Notice>: SystemUI unknown identifier: 'sceneID:dev.selfhost.firstActivationProbe-default' / 'dev.selfhost.firstActivationProbe'
Aug 27 21:17:23.708301 sharingd[66] <Debug>: SystemUI unknown identifier: 'sceneID:dev.selfhost.firstActivationProbe-default'/ 'dev.selfhost.firstActivationProbe'
        <SBSDisplayLayoutElement: 0x28365df10; sceneID:dev.selfhost.firstActivationProbe-default; bundleID: dev.selfhost.firstActivationProbe; frame: {{0, 0}, {375, 667}}; level: 1; role: primary>;
Aug 27 21:17:23.712911 chronod(ChronoCore)[102] <Notice>: noting foreground launch for dev.selfhost.firstActivationProbe with widget extension; trigger metadata query
Aug 27 21:17:23.721943 SpringBoard(UIKitCore)[47602] <Notice>: [sceneID:dev.selfhost.firstActivationProbe-default] Setting deactivation reasons to: '(none)' for reason: updateAllScenesForBand - Assertion removed.
Aug 27 21:17:23.723029 SpringBoard(FrontBoard)[47602] <Info>: Client intercepting scene update for scene: sceneID:dev.selfhost.firstActivationProbe-default
Aug 27 21:17:23.723243 SpringBoard(FrontBoard)[47602] <Debug>: START SCENE MUTATION ------- sceneID:dev.selfhost.firstActivationProbe-default
Aug 27 21:17:23.723386 SpringBoard(FrontBoard)[47602] <Debug>: [FBSceneManager] PENDING:   <BSEventQueueEvent: 0x281d20300; sceneUpdatePrepared-sceneID:dev.selfhost.firstActivationProbe-default(5)> @ back
Aug 27 21:17:23.723540 SpringBoard(FrontBoard)[47602] <Debug>: [FBSceneManager] PENDING:   <BSEventQueueEvent: 0x281d846e0; applySettings-sceneID:dev.selfhost.firstActivationProbe-default(5)> @ back
Aug 27 21:17:23.723707 SpringBoard(FrontBoard)[47602] <Debug>: Flushing all events for sceneID:dev.selfhost.firstActivationProbe-default
Aug 27 21:17:23.723828 SpringBoard(FrontBoard)[47602] <Debug>: [FBSceneManager] EXECUTING: <BSEventQueueEvent: 0x281d20300; sceneUpdatePrepared-sceneID:dev.selfhost.firstActivationProbe-default(5)>
Aug 27 21:17:23.723957 SpringBoard(FrontBoard)[47602] <Debug>: [FBSceneManager] PENDING:   <BSEventQueueEvent: 0x281dc0840; sceneUpdatePrepared-sceneID:dev.selfhost.firstActivationProbe-default(5)> @ front
Aug 27 21:17:23.724107 SpringBoard(FrontBoard)[47602] <Debug>: [FBSceneManager] EXECUTING: <BSEventQueueEvent: 0x281dc0840; sceneUpdatePrepared-sceneID:dev.selfhost.firstActivationProbe-default(5)>
Aug 27 21:17:23.724664 SpringBoard(FrontBoard)[47602] <Debug>: [FBSceneManager] EXECUTING: <BSEventQueueEvent: 0x281d846e0; applySettings-sceneID:dev.selfhost.firstActivationProbe-default(5)>
Aug 27 21:17:23.724837 SpringBoard(FrontBoard)[47602] <Debug>: [FBSceneManager] PENDING:   <BSEventQueueEvent: 0x281dc7fe0; sceneUpdateApplied-sceneID:dev.selfhost.firstActivationProbe-default(5)> @ back
Aug 27 21:17:23.724983 SpringBoard(FrontBoard)[47602] <Debug>: [FBSceneManager] PENDING:   <BSEventQueueEvent: 0x281d87e20; sceneMutationCompletion-sceneID:dev.selfhost.firstActivationProbe-default(5)> @ back
Aug 27 21:17:23.725214 SpringBoard(FrontBoard)[47602] <Debug>: [FBSceneManager] EXECUTING: <BSEventQueueEvent: 0x281dc7fe0; sceneUpdateApplied-sceneID:dev.selfhost.firstActivationProbe-default(5)>
Aug 27 21:17:23.725379 SpringBoard(FrontBoard)[47602] <Debug>: [FBSceneManager] PENDING:   <BSEventQueueEvent: 0x281dc7c80; sceneUpdateApplied-sceneID:dev.selfhost.firstActivationProbe-default(5)> @ front
Aug 27 21:17:23.725558 SpringBoard(FrontBoard)[47602] <Info>: [sceneID:dev.selfhost.firstActivationProbe-default] Sending scene action [Forward Event][0xf47e] to process 0x109d9c0d0 (watchdog: none)
Aug 27 21:17:23.725736 SpringBoard(FrontBoard)[47602] <Debug>: [FBSceneManager] EXECUTING: <BSEventQueueEvent: 0x281dc7c80; sceneUpdateApplied-sceneID:dev.selfhost.firstActivationProbe-default(5)>
Aug 27 21:17:23.726242 SpringBoard(FrontBoard)[47602] <Debug>: [FBSceneManager] EXECUTING: <BSEventQueueEvent: 0x281d87e20; sceneMutationCompletion-sceneID:dev.selfhost.firstActivationProbe-default(5)>
Aug 27 21:17:23.726402 SpringBoard(FrontBoard)[47602] <Debug>: ---------- END SCENE MUTATION: sceneID:dev.selfhost.firstActivationProbe-default
Aug 27 21:17:23.726953 Runner(CoreFoundation)[50553] <Debug>: Resource lookup at <private>
Aug 27 21:17:23.727070 Runner(CoreFoundation)[50553] <Debug>: Resource lookup at <private>
Aug 27 21:17:23.727389 Runner(UIKitCore)[50553] <Notice>: sceneOfRecord: sceneID: sceneID:dev.selfhost.firstActivationProbe-default  persistentID: 38A6B0E8-D18B-43CA-916F-1BCC03B36967
Aug 27 21:17:23.727614 Runner(UIKitCore)[50553] <Notice>: Deactivation reason removed: 12; deactivation reasons: 4128 -> 32; animating application lifecycle event: 1
Aug 27 21:17:23.727765 Runner(UIKitCore)[50553] <Notice>: Deactivation reason removed: 5; deactivation reasons: 32 -> 0; animating application lifecycle event: 0
Aug 27 21:17:23.727946 Runner(CoreFoundation)[50553] <Debug>: Resource lookup at <private>
Aug 27 21:17:23.730894 Runner(CoreFoundation)[50553] <Debug>: Resource lookup at <private>
Aug 27 21:17:23.731023 Runner(HangTracer)[50553] <Info>: HTPrefs initialization
Aug 27 21:17:23.731093 Runner(CoreFoundation)[50553] <Info>: Loading Preferences From System CFPrefsD
Aug 27 21:17:23.731198 Runner(CoreFoundation)[50553] <Debug>: CFPrefsPlistSource<0x280329d80> (Domain: com.apple.da, User: kCFPreferencesCurrentUser, ByHost: No, Container: (null), Contents Need Refresh: No) loaded: a new base plist and no additional changes from the base plist
Aug 27 21:17:23.731399 Runner(CoreFoundation)[50553] <Debug>: found no value for key HTEPL.HangTracerEnableCustomerMode in CFPrefsPlistSource<0x280329d80> (Domain: com.apple.da, User: kCFPreferencesCurrentUser, ByHost: No, Container: (null), Contents Need Refresh: No)
Aug 27 21:17:23.731631 Runner(CoreFoundation)[50553] <Debug>: found no value for key PLTasking.HangTracerEnableCustomerMode in CFPrefsPlistSource<0x280329d80> (Domain: com.apple.da, User: kCFPreferencesCurrentUser, ByHost: No, Container: (null), Contents Need Refresh: No)
Aug 27 21:17:23.731802 Runner(CoreFoundation)[50553] <Debug>: found no value for key HangTracerEnableCustomerMode in CFPrefsPlistSource<0x280329d80> (Domain: com.apple.da, User: kCFPreferencesCurrentUser, ByHost: No, Container: (null), Contents Need Refresh: No)
Aug 27 21:17:23.731980 Runner(CoreFoundation)[50553] <Debug>: found no value for key PDSEHangTracer.HangTracerEnableCustomerMode in CFPrefsPlistSource<0x280329d80> (Domain: com.apple.da, User: kCFPreferencesCurrentUser, ByHost: No, Container: (null), Contents Need Refresh: No)
Aug 27 21:17:23.732114 Runner(CoreFoundation)[50553] <Debug>: found no value for key PDSEHTThirdParty.HangTracerEnableCustomerMode in CFPrefsPlistSource<0x280329d80> (Domain: com.apple.da, User: kCFPreferencesCurrentUser, ByHost: No, Container: (null), Contents Need Refresh: No)
Aug 27 21:17:23.732235 Runner(CoreFoundation)[50553] <Debug>: found no value for key PDSEHTRateOnly.HangTracerEnableCustomerMode in CFPrefsPlistSource<0x280329d80> (Domain: com.apple.da, User: kCFPreferencesCurrentUser, ByHost: No, Container: (null), Contents Need Refresh: No)
Aug 27 21:17:23.732404 Runner(CoreFoundation)[50553] <Debug>: found no value for key PDSESentry.HangTracerEnableCustomerMode in CFPrefsPlistSource<0x280329d80> (Domain: com.apple.da, User: kCFPreferencesCurrentUser, ByHost: No, Container: (null), Contents Need Refresh: No)
Aug 27 21:17:23.732558 Runner(HangTracer)[50553] <Debug>: HTPrefs: HangTracerEnableCustomerMode was not found in the com.apple.da domain, a profile, by EPL, by PowerLog Tasking domain, by HT Self Enablement or by HT Sentry Enablement
Aug 27 21:17:23.732738 Runner(HangTracer)[50553] <Info>: HTPrefs: Refreshing preferences
Aug 27 21:17:23.732912 Runner(CoreFoundation)[50553] <Debug>: found no value for key HTEPL.HangTracerEnableCustomerMode in CFPrefsPlistSource<0x280329d80> (Domain: com.apple.da, User: kCFPreferencesCurrentUser, ByHost: No, Container: (null), Contents Need Refresh: No)
Aug 27 21:17:23.733025 Runner(CoreFoundation)[50553] <Debug>: found no value for key PLTasking.HangTracerEnableCustomerMode in CFPrefsPlistSource<0x280329d80> (Domain: com.apple.da, User: kCFPreferencesCurrentUser, ByHost: No, Container: (null), Contents Need Refresh: No)
Aug 27 21:17:23.733209 Runner(CoreFoundation)[50553] <Debug>: found no value for key HangTracerEnableCustomerMode in CFPrefsPlistSource<0x280329d80> (Domain: com.apple.da, User: kCFPreferencesCurrentUser, ByHost: No, Container: (null), Contents Need Refresh: No)
Aug 27 21:17:23.733336 Runner(CoreFoundation)[50553] <Debug>: found no value for key PDSEHangTracer.HangTracerEnableCustomerMode in CFPrefsPlistSource<0x280329d80> (Domain: com.apple.da, User: kCFPreferencesCurrentUser, ByHost: No, Container: (null), Contents Need Refresh: No)
Aug 27 21:17:23.733448 Runner(CoreFoundation)[50553] <Debug>: found no value for key PDSEHTThirdParty.HangTracerEnableCustomerMode in CFPrefsPlistSource<0x280329d80> (Domain: com.apple.da, User: kCFPreferencesCurrentUser, ByHost: No, Container: (null), Contents Need Refresh: No)
Aug 27 21:17:23.733626 Runner(CoreFoundation)[50553] <Debug>: found no value for key PDSEHTRateOnly.HangTracerEnableCustomerMode in CFPrefsPlistSource<0x280329d80> (Domain: com.apple.da, User: kCFPreferencesCurrentUser, ByHost: No, Container: (null), Contents Need Refresh: No)
Aug 27 21:17:23.733770 Runner(CoreFoundation)[50553] <Debug>: found no value for key PDSESentry.HangTracerEnableCustomerMode in CFPrefsPlistSource<0x280329d80> (Domain: com.apple.da, User: kCFPreferencesCurrentUser, ByHost: No, Container: (null), Contents Need Refresh: No)
Aug 27 21:17:23.734029 Runner(HangTracer)[50553] <Debug>: HTPrefs: HangTracerEnableCustomerMode was not found in the com.apple.da domain, a profile, by EPL, by PowerLog Tasking domain, by HT Self Enablement or by HT Sentry Enablement
Aug 27 21:17:23.734250 Runner(HangTracer)[50553] <Debug>: Preparing prefInitList
Aug 27 21:17:23.734428 Runner(CoreFoundation)[50553] <Debug>: found no value for key HTEPL.HangTracerEnabled in CFPrefsPlistSource<0x280329d80> (Domain: com.apple.da, User: kCFPreferencesCurrentUser, ByHost: No, Container: (null), Contents Need Refresh: No)
Aug 27 21:17:23.734558 Runner(CoreFoundation)[50553] <Debug>: found no value for key PLTasking.HangTracerEnabled in CFPrefsPlistSource<0x280329d80> (Domain: com.apple.da, User: kCFPreferencesCurrentUser, ByHost: No, Container: (null), Contents Need Refresh: No)
Aug 27 21:17:23.734789 Runner(CoreFoundation)[50553] <Debug>: found no value for key HangTracerEnabled in CFPrefsPlistSource<0x280329d80> (Domain: com.apple.da, User: kCFPreferencesCurrentUser, ByHost: No, Container: (null), Contents Need Refresh: No)
Aug 27 21:17:23.734991 Runner(CoreFoundation)[50553] <Debug>: found no value for key PDSEHangTracer.HangTracerEnabled in CFPrefsPlistSource<0x280329d80> (Domain: com.apple.da, User: kCFPreferencesCurrentUser, ByHost: No, Container: (null), Contents Need Refresh: No)
Aug 27 21:17:23.735116 Runner(CoreFoundation)[50553] <Debug>: found no value for key PDSEHTThirdParty.HangTracerEnabled in CFPrefsPlistSource<0x280329d80> (Domain: com.apple.da, User: kCFPreferencesCurrentUser, ByHost: No, Container: (null), Contents Need Refresh: No)
Aug 27 21:17:23.735280 Runner(CoreFoundation)[50553] <Debug>: found no value for key PDSEHTRateOnly.HangTracerEnabled in CFPrefsPlistSource<0x280329d80> (Domain: com.apple.da, User: kCFPreferencesCurrentUser, ByHost: No, Container: (null), Contents Need Refresh: No)
Aug 27 21:17:23.735424 Runner(CoreFoundation)[50553] <Debug>: found no value for key PDSESentry.HangTracerEnabled in CFPrefsPlistSource<0x280329d80> (Domain: com.apple.da, User: kCFPreferencesCurrentUser, ByHost: No, Container: (null), Contents Need Refresh: No)
Aug 27 21:17:23.735606 Runner(HangTracer)[50553] <Debug>: HTPrefs: HangTracerEnabled was not found in the com.apple.da domain, a profile, by EPL, by PowerLog Tasking domain, by HT Self Enablement or by HT Sentry Enablement
Aug 27 21:17:23.735738 Runner(HangTracer)[50553] <Info>: Posting notification com.apple.hangtracer.htprefs.refreshed
Aug 27 21:17:23.736477 SpringBoard(FrontBoard)[47602] <Info>: [sceneID:dev.selfhost.firstActivationProbe-default] Scene action [Forward Event][0xf47e] completed with success: 1
Aug 27 21:17:23.738187 SpringBoard(FrontBoard)[47602] <Debug>: [FBSceneManager] PENDING:   <BSEventQueueEvent: 0x281dce900; didUpdateClientSettings-sceneID:dev.selfhost.firstActivationProbe-default(5)> @ back
Aug 27 21:17:23.738289 SpringBoard(FrontBoard)[47602] <Debug>: [FBSceneManager] PENDING:   <BSEventQueueEvent: 0x281dce3c0; didUpdateClientSettingsCompletion-sceneID:dev.selfhost.firstActivationProbe-default(5)> @ back
Aug 27 21:17:23.738734 SpringBoard(FrontBoard)[47602] <Debug>: [FBSceneManager] EXECUTING: <BSEventQueueEvent: 0x281dce900; didUpdateClientSettings-sceneID:dev.selfhost.firstActivationProbe-default(5)>
Aug 27 21:17:23.738920 SpringBoard(FrontBoard)[47602] <Debug>: [FBSceneManager] PENDING:   <BSEventQueueEvent: 0x281dcce00; didUpdateClientSettings-sceneID:dev.selfhost.firstActivationProbe-default(5)> @ front
Aug 27 21:17:23.739078 SpringBoard(FrontBoard)[47602] <Debug>: [FBSceneManager] EXECUTING: <BSEventQueueEvent: 0x281dcce00; didUpdateClientSettings-sceneID:dev.selfhost.firstActivationProbe-default(5)>
Aug 27 21:17:23.739746 cfprefsd(CoreFoundation)[91] <Debug>: Process 50553 (Runner) sent a request related to { com.apple.da, user: mobile, kCFPreferencesAnyHost, /var/mobile/Library/Preferences/com.apple.da.plist, managed: 0 } (0x100307ae0)
Aug 27 21:17:23.739919 SpringBoard(FrontBoard)[47602] <Debug>: [FBSceneManager] EXECUTING: <BSEventQueueEvent: 0x281dce3c0; didUpdateClientSettingsCompletion-sceneID:dev.selfhost.firstActivationProbe-default(5)>
Aug 27 21:17:23.740207 cfprefsd(CoreFoundation)[91] <Debug>: Process 50553 (Runner) read data for { com.apple.da, mobile, kCFPreferencesAnyHost, /var/mobile/Library/Preferences/com.apple.da.plist, managed: 0 }, backed by /private/var/mobile/Library/Preferences/com.apple.da.plist
Aug 27 21:17:23.757104 runningboardd(RunningBoard)[33] <Debug>: Updating events for assertion: 33-50553-7503 (target:[application<dev.selfhost.firstActivationProbe>:50553])
Aug 27 21:17:23.757225 runningboardd(RunningBoard)[33] <Debug>: Removing assertion 33-50553-7503 on [application<dev.selfhost.firstActivationProbe>:50553]
Aug 27 21:17:23.757335 runningboardd(RunningBoard)[33] <Debug>: Removing events for context: 33-50553-7503 (target:[application<dev.selfhost.firstActivationProbe>:50553])
Aug 27 21:17:23.757446 runningboardd(RunningBoard)[33] <Debug>: > application<dev.selfhost.firstActivationProbe> ['Shared Background Assertion 0 for dev.selfhost.firstActivationProbe'] [33-50553-7501]
Aug 27 21:17:23.757609 runningboardd(RunningBoard)[33] <Debug>: > application<dev.selfhost.firstActivationProbe> ['RB Underlying Assertion'] [33-33-7499]
Aug 27 21:17:23.757806 runningboardd(RunningBoard)[33] <Info>: application<dev.selfhost.firstActivationProbe> is now targeted by 5 assertions
Aug 27 21:17:23.758314 runningboardd(RunningBoard)[33] <Debug>: > 50553 ['Shared Background Assertion 0 for dev.selfhost.firstActivationProbe'] [33-50553-7501]
Aug 27 21:17:23.758773 runningboardd(RunningBoard)[33] <Debug>: > 50553 ['injecting inherited from "UIScene:com.apple.frontboard.systemappservices::com.apple.springboard" to 50553<UIScene:com.apple.frontboard.systemappservices::sceneID%3Adev.selfhost.firstActivationProbe-default>'] [33-47602-7502]
Aug 27 21:17:23.786287 watchdogd(RunningBoardServices)[57] <Info>: observedProcessStatesDidChange
Aug 27 21:17:23.786421 watchdogd(RunningBoardServices)[57] <Debug>: Decoded RBSProcessHandle with IPC ID 188713580000c579
Aug 27 21:17:23.787133 runningboardd(RunningBoard)[33] <Debug>: Sending state 0x1011bdbc0 for application<dev.selfhost.firstActivationProbe> to [daemon<com.apple.CommCenter>:90]
Aug 27 21:17:23.787603 runningboardd(RunningBoard)[33] <Debug>: Sending state 0x1011bdbc0 for application<dev.selfhost.firstActivationProbe> to [daemon<com.apple.coreservices.useractivityd>:184]
Aug 27 21:17:23.788596 CommCenter(RunningBoardServices)[90] <Info>: Update delivered for [application<dev.selfhost.firstActivationProbe>:50553] with taskState 4
Aug 27 21:17:23.790649 runningboardd(RunningBoard)[33] <Debug>: Sending state 0x1011bdbc0 for application<dev.selfhost.firstActivationProbe> to [daemon<com.apple.locationd>:69]
Aug 27 21:17:23.791595 runningboardd(RunningBoard)[33] <Debug>: Sending state 0x1011bdbc0 for application<dev.selfhost.firstActivationProbe> to [daemon<com.apple.dasd>:94]
Aug 27 21:17:23.792520 runningboardd(RunningBoard)[33] <Debug>: Sending state 0x1011bdbc0 for application<dev.selfhost.firstActivationProbe> to [daemon<com.apple.aggregated>:50213]
Aug 27 21:17:23.794565 CommCenter(RunningBoardServices)[90] <Info>: Update skipped for [application<dev.selfhost.firstActivationProbe>:50553] with state: <RBSProcessState| task:running-active debug:none endowments:[
Aug 27 21:17:23.796626 kbd(RunningBoardServices)[303] <Notice>: Hit the server for a process handle 188713580000c579 that resolved to: [application<dev.selfhost.firstActivationProbe>:50553]
Aug 27 21:17:23.796902 kbd(RunningBoardServices)[303] <Info>: Update delivered for [application<dev.selfhost.firstActivationProbe>:50553] with taskState 4
Aug 27 21:17:23.798344 kbd(RunningBoardServices)[303] <Info>: Update skipped for [application<dev.selfhost.firstActivationProbe>:50553] with state: <RBSProcessState| task:running-active debug:none endowments:[
Aug 27 21:17:23.799205 backboardd(RunningBoardServices)[65] <Notice>: Hit the server for a process handle 188713580000c579 that resolved to: [application<dev.selfhost.firstActivationProbe>:50553]
Aug 27 21:17:23.799554 backboardd(RunningBoardServices)[65] <Info>: Update delivered for [application<dev.selfhost.firstActivationProbe>:50553] with taskState 4
Aug 27 21:17:23.800645 backboardd(RunningBoardServices)[65] <Info>: Update skipped for [application<dev.selfhost.firstActivationProbe>:50553] with state: <RBSProcessState| task:running-active debug:none endowments:[
Aug 27 21:17:23.802063 UserEventAgent(RunningBoardServices)[30] <Notice>: Hit the server for a process handle 188713580000c579 that resolved to: [application<dev.selfhost.firstActivationProbe>:50553]
Aug 27 21:17:23.803651 UserEventAgent(RunningBoardServices)[30] <Info>: Update delivered for [application<dev.selfhost.firstActivationProbe>:50553] with taskState 4
Aug 27 21:17:23.803784 UserEventAgent(RunningBoardServices)[30] <Info>: Update skipped for [application<dev.selfhost.firstActivationProbe>:50553] with state: <RBSProcessState| task:running-active debug:none endowments:[
	<RBSProcessAssertionInfo| type:2 reason:10000 name:"Domain" domain:"com.apple.frontboard:Bootstrap-Foreground,com.apple.frontboard:Visibility" expl:"FBApplicationProcess">,
	<RBSProcessAssertionInfo| type:1 reason:0 name:"Custom" domain:"(null)" expl:"injecting inherited from "UIScene:com.apple.frontboard.systemappservices::com.apple.springboard" to 50553<UIScene:com.apple.frontboard.systemappservices::sceneID%3Adev.selfhost.firstActivationProbe-default>">
Aug 27 21:17:23.804181 UserEventAgent(ADEventListenerPlugin)[30] <Debug>: AppStateChange: <private> (50553) terminated => foregroundRunning
Aug 27 21:17:23.805392 wifid(RunningBoardServices)[52] <Notice>: Hit the server for a process handle 188713580000c579 that resolved to: [application<dev.selfhost.firstActivationProbe>:50553]
Aug 27 21:17:23.806121 callservicesd(RunningBoardServices)[131] <Notice>: Hit the server for a process handle 188713580000c579 that resolved to: [application<dev.selfhost.firstActivationProbe>:50553]
Aug 27 21:17:23.806789 runningboardd(RunningBoard)[33] <Info>: Received message from [daemon<com.apple.watchdogd>:57] (euid 0, auid 0): lookupHandleForKey:error:
Aug 27 21:17:23.807192 callservicesd(RunningBoardServices)[131] <Info>: Update delivered for [application<dev.selfhost.firstActivationProbe>:50553] with taskState 4
Aug 27 21:17:23.807629 watchdogd(RunningBoardServices)[57] <Notice>: Hit the server for a process handle 188713580000c579 that resolved to: [application<dev.selfhost.firstActivationProbe>:50553]
Aug 27 21:17:23.807773 watchdogd(RunningBoardServices)[57] <Notice>: Received state update for 50553
Aug 27 21:17:23.808438 symptomsd(RunningBoardServices)[170] <Notice>: Hit the server for a process handle 188713580000c579 that resolved to: [application<dev.selfhost.firstActivationProbe>:50553]
Aug 27 21:17:23.809884 symptomsd(SymptomNetworkUsage)[170] <Debug>: 50553 dev.selfhost.firstActivationProbe: ForegroundRunning (most elevated: ForegroundRunning)
Aug 27 21:17:23.810090 symptomsd(RunningBoardServices)[170] <Info>: Update delivered for [application<dev.selfhost.firstActivationProbe>:50553] with taskState 4
Aug 27 21:17:23.810331 watchdogd(RunningBoardServices)[57] <Info>: Update delivered for [application<dev.selfhost.firstActivationProbe>:50553] with taskState 4
Aug 27 21:17:23.810774 useractivityd(RunningBoardServices)[184] <Notice>: Hit the server for a process handle 188713580000c579 that resolved to: [application<dev.selfhost.firstActivationProbe>:50553]
Aug 27 21:17:23.811212 watchdogd[57] <Info>: 1249491221525416: <private>
Aug 27 21:17:23.811649 useractivityd(RunningBoardServices)[184] <Info>: Update delivered for [application<dev.selfhost.firstActivationProbe>:50553] with taskState 4
Aug 27 21:17:23.828287 runningboardd(RunningBoard)[33] <Info>: daemon<com.apple.watchdogd> has 0 targeting assertions. Debug log lines of their details follow.
Aug 27 21:17:23.839460 Runner(CoreFoundation)[50553] <Debug>: Resource lookup at <private>
Aug 27 21:17:23.839787 Runner(CoreFoundation)[50553] <Debug>: found no value for key EnhancedTextLegibilityEnabled in CFPrefsSearchListSource<0x28033e180> (Domain: dev.selfhost.firstActivationProbe, Container: (null))
Aug 27 21:17:23.840036 Runner(libAccessibility.dylib)[50553] <Debug>: CF Read: domain = dev.selfhost.firstActivationProbe, preference = EnhancedTextLegibilityEnabled, appID = dev.selfhost.firstActivationProbe result = (null) (-1 - empty, 0 - false, 1 - true)
Aug 27 21:17:23.840162 Runner(CoreFoundation)[50553] <Debug>: found no value for key DarkenSystemColors in CFPrefsSearchListSource<0x28033e180> (Domain: dev.selfhost.firstActivationProbe, Container: (null))
Aug 27 21:17:23.840278 Runner(libAccessibility.dylib)[50553] <Debug>: CF Read: domain = dev.selfhost.firstActivationProbe, preference = DarkenSystemColors, appID = dev.selfhost.firstActivationProbe result = (null) (-1 - empty, 0 - false, 1 - true)
Aug 27 21:17:23.840545 Runner(CoreFoundation)[50553] <Debug>: found no value for key InvertColorsEnabled in CFPrefsSearchListSource<0x28033e180> (Domain: dev.selfhost.firstActivationProbe, Container: (null))
Aug 27 21:17:23.840686 Runner(libAccessibility.dylib)[50553] <Debug>: CF Read: domain = dev.selfhost.firstActivationProbe, preference = InvertColorsEnabled, appID = dev.selfhost.firstActivationProbe result = (null) (-1 - empty, 0 - false, 1 - true)
Aug 27 21:17:23.843495 SpringBoard(SplashBoard)[47602] <Info>: <XBApplicationSnapshot: 0x109ddf7d0; …2F3B89D0D3F1> [dev.selfhost.firstActivationProbe] Purging the cached image; force: 0; _imageAccessCount: 0; _keepImageAccessUntilExpiration: 0; _hasProtectedContent: 0; _keepImageAccessForPreheat: 0
Aug 27 21:17:23.869777 locationd(RunningBoardServices)[69] <Notice>: Hit the server for a process handle 188713580000c579 that resolved to: [application<dev.selfhost.firstActivationProbe>:50553]
Aug 27 21:17:23.870539 runningboardd(RunningBoard)[33] <Info>: Received message from [application<dev.selfhost.firstActivationProbe>:50553] (euid 501, auid 501): async_invalidateAssertionWithIdentifier:
<SBTransitionSwitcherModifierEvent: 0x282115800; type: MainTransition; transitionID: E613A4A6-9E96-4086-AA0F-CF9BBEFC5780; phase: Complete; animated: YES; fromAppLayout: 0x0; toAppLayout: <SBAppLayout: 0x28087bb80; primary: dev.selfhost.firstActivationProbe:default; environment: main>; fromEnvironmentMode: home-screen; toEnvironmentMode: application; pendingTermination: {(
)}; activating: <SBAppLayout: 0x28087bb80; primary: dev.selfhost.firstActivationProbe:default; environment: main>; dosidoTransitionDirection: 0>
		    <SBIconOverlayVisibilitySwitcherEventResponse: 0x280802400; visible: NO; appLayout: <SBAppLayout: 0x28087bb80; primary: dev.selfhost.firstActivationProbe:default; environment: main>>;
		    <SBIconViewVisibilitySwitcherEventResponse: 0x283e9ccd0; visible: YES; animationSettings: 0x0; appLayout: <SBAppLayout: 0x28087bb80; primary: dev.selfhost.firstActivationProbe:default; environment: main>>;
		    <SBMatchMoveToIconViewSwitcherEventResponse: 0x280803700; active: NO; appLayout: <SBAppLayout: 0x28087bb80; primary: dev.selfhost.firstActivationProbe:default; environment: main>>;
Aug 27 21:17:23.882016 runningboardd(RunningBoard)[33] <Info>: application<dev.selfhost.firstActivationProbe> has 5 targeting assertions. Debug log lines of their details follow.
Aug 27 21:17:23.882198 runningboardd(RunningBoard)[33] <Info>: application<dev.selfhost.firstActivationProbe> assertion details 1/5. ID:33-47602-7498 Explanation:"FBApplicationProcess" Attributes:
    "<RBSDomainAttribute| domain:\"com.apple.frontboard\" name:\"Bootstrap-Foreground\" sourceEnvironment:\"(null)\">",
Aug 27 21:17:23.882352 runningboardd(RunningBoard)[33] <Info>: application<dev.selfhost.firstActivationProbe> assertion details 2/5. ID:33-33-7499 Explanation:"RB Underlying Assertion" Attributes:
Aug 27 21:17:23.882546 runningboardd(RunningBoard)[33] <Info>: application<dev.selfhost.firstActivationProbe> assertion details 3/5. ID:33-47602-7500 Explanation:"com.apple.frontboard.after-life.interrupted" Attributes:
Aug 27 21:17:23.883092 runningboardd(RunningBoard)[33] <Info>: application<dev.selfhost.firstActivationProbe> assertion details 4/5. ID:33-50553-7501 Explanation:"Shared Background Assertion 0 for dev.selfhost.firstActivationProbe" Attributes:
Aug 27 21:17:23.883277 runningboardd(RunningBoard)[33] <Info>: application<dev.selfhost.firstActivationProbe> assertion details 5/5. ID:33-47602-7502 Explanation:"injecting inherited from "UIScene:com.apple.frontboard.systemappservices::com.apple.springboard" to 50553<UIScene:com.apple.frontboard.systemappservices::sceneID%3Adev.selfhost.firstActivationProbe-default>" Attributes:
Aug 27 21:17:23.892080 SpringBoard[47602] <Notice>: Front display did change: <SBApplication: 0x28242b100; dev.selfhost.firstActivationProbe>
Aug 27 21:17:23.926795 Runner(UIKitCore)[50553] <Notice>: <private>: Ending background task with UIBackgroundTaskIdentifier: 1
        <SBDeviceApplicationSceneEntity: 0x283e56800; ID: sceneID:dev.selfhost.firstActivationProbe-default; layoutRole: primary>
                            Application: <SBDeviceApplicationSceneEntity: 0x283e56800; ID: sceneID:dev.selfhost.firstActivationProbe-default; layoutRole: primary>
                            SceneID: sceneID:dev.selfhost.firstActivationProbe-default
                                    Process: <FBApplicationProcess: 0x109d9c0d0; application<dev.selfhost.firstActivationProbe>:50553(v6DC48)>
                                    SceneID: sceneID:dev.selfhost.firstActivationProbe-default
                                        TIME: 21:17:23.032; DESCRIPTION: Updating scene with watchdog policy: RunWatchdog
        <SBDeviceApplicationSceneEntity: 0x283e56800; ID: sceneID:dev.selfhost.firstActivationProbe-default; layoutRole: primary>
        <SBDeviceApplicationSceneEntity: 0x283e56800; ID: sceneID:dev.selfhost.firstActivationProbe-default; layoutRole: primary>
Aug 27 21:17:23.932322 Runner(UIKitCore)[50553] <Notice>: <private>: Ending task with identifier 1 and description: <private>, _expireHandler: <__NSGlobalBlock__: 0x1ec737410>
Aug 27 21:17:23.945750 runningboardd(RunningBoard)[33] <Notice>: Invalidating assertion 33-50553-7501 (target:[application<dev.selfhost.firstActivationProbe>:50553]) from originator [application<dev.selfhost.firstActivationProbe>:50553]
Aug 27 21:17:23.946442 runningboardd(RunningBoard)[33] <Debug>: [daemon<com.apple.SpringBoard>:47602] query resolved to [application<dev.selfhost.firstActivationProbe>:50553]
Aug 27 21:17:23.951031 Runner(UIKitCore)[50553] <Notice>: <private>: Decrementing reference count for assertion used by background task with identifier 1: <private>
Aug 27 21:17:23.951219 Runner(UIKitCore)[50553] <Notice>: <private>: Will invalidate assertion: <BKSProcessAssertion: 0x280e3ef80> for task identifier: 1
Aug 27 21:17:23.951456 Runner(CoreFoundation)[50553] <Debug>: found no value for key ReduceMotionEnabled in CFPrefsSearchListSource<0x28033e180> (Domain: dev.selfhost.firstActivationProbe, Container: (null))
Aug 27 21:17:23.951650 Runner(libAccessibility.dylib)[50553] <Debug>: CF Read: domain = dev.selfhost.firstActivationProbe, preference = ReduceMotionEnabled, appID = dev.selfhost.firstActivationProbe result = (null) (-1 - empty, 0 - false, 1 - true)
Aug 27 21:17:23.953017 runningboardd(RunningBoard)[33] <Debug>: [daemon<com.apple.CommCenter>:90] query resolved to [application<dev.selfhost.firstActivationProbe>:50553]
Aug 27 21:17:23.955471 Runner(CoreAnalytics)[50553] <Info>: Received configuration update from daemon and there was no CoreAnalyticsFramework external config.
Aug 27 21:17:23.955634 Runner(CoreAnalytics)[50553] <Notice>: Received configuration update from daemon (initial)
Aug 27 21:17:23.955890 contextstored(RunningBoardServices)[61] <Notice>: Hit the server for a process handle 188713580000c579 that resolved to: [application<dev.selfhost.firstActivationProbe>:50553]
Aug 27 21:17:23.956317 watchdogd(RunningBoardServices)[57] <Debug>: Received message from server: async_observedProcessStatesDidChange:completion:
Aug 27 21:17:23.957026 sharingd[66] <Debug>: SystemUI unknown identifier: 'sceneID:dev.selfhost.firstActivationProbe-default'/ 'dev.selfhost.firstActivationProbe'
        <SBSDisplayLayoutElement: 0x28363f870; sceneID:dev.selfhost.firstActivationProbe-default; bundleID: dev.selfhost.firstActivationProbe; frame: {{0, 0}, {375, 667}}; level: 1; role: primary>;
Aug 27 21:17:23.960466 wifid(RunningBoardServices)[52] <Info>: Update delivered for [application<dev.selfhost.firstActivationProbe>:50553] with taskState 4
Aug 27 21:17:23.961898 watchdogd(RunningBoardServices)[57] <Info>: observedProcessStatesDidChange
Aug 27 21:17:23.962042 watchdogd(RunningBoardServices)[57] <Debug>: Decoded RBSProcessHandle with IPC ID 188713580000c579
Aug 27 21:17:23.962261 watchdogd(RunningBoardServices)[57] <Notice>: Received state update for 50553
Aug 27 21:17:23.963018 dasd(RunningBoardServices)[94] <Notice>: Hit the server for a process handle 188713580000c579 that resolved to: [application<dev.selfhost.firstActivationProbe>:50553]
Aug 27 21:17:23.963374 locationd(RunningBoardServices)[69] <Info>: Update delivered for [application<dev.selfhost.firstActivationProbe>:50553] with taskState 4
Aug 27 21:17:23.970460 locationd[69] <Notice>: {"msg":"#CLIUA Marking change", "clientKey":"dev.selfhost.firstActivationProbe", "reason":"Process state from RunningBoard", "assertionLevel":5, "coming":1}
Aug 27 21:17:23.976317 locationd[69] <Info>: getClientEffectiveRegistrationResult, , dev.selfhost.firstActivationProbe, , CLClientRegistrationResult, kCLClientRegistrationResultFailedUnavailable, CLCommonLocationServicesEnabled, 1
Aug 27 21:17:23.976519 locationd[69] <Info>: getClientEffectiveRegistrationResult, , dev.selfhost.firstActivationProbe, , CLClientRegistrationResult, kCLClientRegistrationResultFailedUnavailable, CLCommonLocationServicesEnabled, 1
Aug 27 21:17:23.976785 locationd[69] <Debug>: {"msg":"Skip UpdateClientServiceTypeMasks #pla for zones. No InterestZones", "ClientKey":"dev.selfhost.firstActivationProbe"}
Aug 27 21:17:23.985387 bluetoothd(CoreUtils)[86] <Notice>: SystemUI unknown identifier: 'sceneID:dev.selfhost.firstActivationProbe-default' / 'dev.selfhost.firstActivationProbe'
Aug 27 21:17:23.986193 aggregated(RunningBoardServices)[50213] <Notice>: Hit the server for a process handle 188713580000c579 that resolved to: [application<dev.selfhost.firstActivationProbe>:50553]
Aug 27 21:17:23.986543 wifid(WiFiPolicy)[52] <Notice>: WifiDeviceManagerCatsWhitelistedApp: CATS en0:  deviceManager:0x10582dc00 FgApp:dev.selfhost.firstActivationProbe stateChange:1 whitelisted=1
Aug 27 21:17:23.986819 symptomsd(RunningBoardServices)[170] <Info>: Update skipped for [application<dev.selfhost.firstActivationProbe>:50553] with state: <RBSProcessState| task:running-active debug:none endowments:[
Aug 27 21:17:23.987156 callservicesd(RunningBoardServices)[131] <Info>: Update skipped for [application<dev.selfhost.firstActivationProbe>:50553] with state: <RBSProcessState| task:running-active debug:none endowments:[
Aug 27 21:17:23.988298 runningboardd(RunningBoard)[33] <Debug>: Removing assertion 33-50553-7501 on [application<dev.selfhost.firstActivationProbe>:50553]
Aug 27 21:17:23.988451 runningboardd(RunningBoard)[33] <Debug>: Updating events for assertion: 33-50553-7501 (target:[application<dev.selfhost.firstActivationProbe>:50553])
Aug 27 21:17:23.988578 runningboardd(RunningBoard)[33] <Debug>: > application<dev.selfhost.firstActivationProbe> ['RB Underlying Assertion'] [33-33-7499]
Aug 27 21:17:23.988729 runningboardd(RunningBoard)[33] <Info>: application<dev.selfhost.firstActivationProbe> is now targeted by 4 assertions
Aug 27 21:17:23.988896 runningboardd(RunningBoard)[33] <Debug>: Removing events for context: 33-50553-7501 (target:[application<dev.selfhost.firstActivationProbe>:50553])
Aug 27 21:17:23.989444 runningboardd(RunningBoard)[33] <Debug>: > 50553 ['injecting inherited from "UIScene:com.apple.frontboard.systemappservices::com.apple.springboard" to 50553<UIScene:com.apple.frontboard.systemappservices::sceneID%3Adev.selfhost.firstActivationProbe-default>'] [33-47602-7502]
Aug 27 21:17:23.990944 locationd(RunningBoardServices)[69] <Info>: Update skipped for [application<dev.selfhost.firstActivationProbe>:50553] with state: <RBSProcessState| task:running-active debug:none endowments:[
Aug 27 21:17:23.991118 useractivityd(RunningBoardServices)[184] <Info>: Update skipped for [application<dev.selfhost.firstActivationProbe>:50553] with state: <RBSProcessState| task:running-active debug:none endowments:[
Aug 27 21:17:23.991287 watchdogd(RunningBoardServices)[57] <Info>: Update skipped for [application<dev.selfhost.firstActivationProbe>:50553] with state: <RBSProcessState| task:running-active debug:none endowments:[
Aug 27 21:17:23.991780 wifid(WiFiPolicy)[52] <Notice>: WiFiDeviceManagerCatsSetLowLatencyApp: CATSUpdate en0: fgApp:dev.selfhost.firstActivationProbe b=0x0 rc=0
Aug 27 21:17:23.992385 wifid(WiFiPolicy)[52] <Notice>: WiFiDeviceManagerCatsSetForegroundApp: CATSUpdate en0: fgApp:dev.selfhost.firstActivationProbe hs=0 t=1 wl=1 rc=1
Aug 27 21:17:23.993829 Runner(CoreFoundation)[50553] <Debug>: found no value for key IncreaseButtonLegibilityEnabled in CFPrefsSearchListSource<0x28033e180> (Domain: dev.selfhost.firstActivationProbe, Container: (null))
Aug 27 21:17:23.994004 Runner(libAccessibility.dylib)[50553] <Debug>: CF Read: domain = dev.selfhost.firstActivationProbe, preference = IncreaseButtonLegibilityEnabled, appID = dev.selfhost.firstActivationProbe result = (null) (-1 - empty, 0 - false, 1 - true)
Aug 27 21:17:23.994113 Runner(CoreFoundation)[50553] <Debug>: found no value for key ReduceMotionAutoplayVideoPreviewsEnabled in CFPrefsSearchListSource<0x28033e180> (Domain: dev.selfhost.firstActivationProbe, Container: (null))
Aug 27 21:17:23.994289 Runner(libAccessibility.dylib)[50553] <Debug>: CF Read: domain = dev.selfhost.firstActivationProbe, preference = ReduceMotionAutoplayVideoPreviewsEnabled, appID = dev.selfhost.firstActivationProbe result = (null) (-1 - empty, 0 - false, 1 - true)
Aug 27 21:17:23.995004 dasd(RunningBoardServices)[94] <Info>: Update delivered for [application<dev.selfhost.firstActivationProbe>:50553] with taskState 4
Aug 27 21:17:23.995482 contextstored(RunningBoardServices)[61] <Info>: Update delivered for [application<dev.selfhost.firstActivationProbe>:50553] with taskState 4
Aug 27 21:17:23.995786 aggregated(RunningBoardServices)[50213] <Info>: Update delivered for [application<dev.selfhost.firstActivationProbe>:50553] with taskState 4
Aug 27 21:17:23.995936 aggregated(RunningBoardServices)[50213] <Info>: Update skipped for [application<dev.selfhost.firstActivationProbe>:50553] with state: <RBSProcessState| task:running-active debug:none endowments:[
Aug 27 21:17:23.996277 dasd(RunningBoardServices)[94] <Info>: Update skipped for [application<dev.selfhost.firstActivationProbe>:50553] with state: <RBSProcessState| task:running-active debug:none endowments:[
Aug 27 21:17:23.998082 runningboardd(RunningBoard)[33] <Debug>: [daemon<com.apple.SpringBoard>:47602] query resolved to [application<dev.selfhost.firstActivationProbe>:50553]
Aug 27 21:17:24.000289 contextstored(RunningBoardServices)[61] <Info>: Update skipped for [application<dev.selfhost.firstActivationProbe>:50553] with state: <RBSProcessState| task:running-active debug:none endowments:[
Aug 27 21:17:24.001625 UserEventAgent(RunningBoardServices)[30] <Info>: Update delivered for [application<dev.selfhost.firstActivationProbe>:50553] with taskState 4
Aug 27 21:17:24.003494 UserEventAgent(RunningBoardServices)[30] <Info>: Update delivered for [application<dev.selfhost.firstActivationProbe>:50553] with taskState 4
Aug 27 21:17:24.004646 wifid(RunningBoardServices)[52] <Info>: Update skipped for [application<dev.selfhost.firstActivationProbe>:50553] with state: <RBSProcessState| task:running-active debug:none endowments:[
Aug 27 21:17:24.019158 dasd(RunningBoardServices)[94] <Info>: Update delivered for [application<dev.selfhost.firstActivationProbe>:50553] with taskState 4
Aug 27 21:17:24.019273 dasd(RunningBoardServices)[94] <Info>: Update skipped for [application<dev.selfhost.firstActivationProbe>:50553] with state: <RBSProcessState| task:running-active debug:none endowments:[
Aug 27 21:17:24.019432 dasd(RunningBoardServices)[94] <Info>: Update delivered for [application<dev.selfhost.firstActivationProbe>:50553] with taskState 4
Aug 27 21:17:24.019544 dasd(RunningBoardServices)[94] <Info>: Update skipped for [application<dev.selfhost.firstActivationProbe>:50553] with state: <RBSProcessState| task:running-active debug:none endowments:[
Aug 27 21:17:24.022133 symptomsd(SymptomNetworkUsage)[170] <Debug>: Dynamic lookup for E01B2FEA-36F1-3C21-AADE-93AC8E03F45C found entry dev.selfhost.firstActivationProbe
Aug 27 21:17:24.028063 symptomsd(SymptomNetworkUsage)[170] <Debug>: Dynamic lookup for E01B2FEA-36F1-3C21-AADE-93AC8E03F45C found entry dev.selfhost.firstActivationProbe
Aug 27 21:17:24.031284 symptomsd(SymptomNetworkUsage)[170] <Info>: handleApplicationStateChangeForDisplayName: name dev.selfhost.firstActivationProbe uuid E01B2FEA-36F1-3C21-AADE-93AC8E03F45C pid 50553 state BKSApplicationStateForegroundRunning
Aug 27 21:17:24.031743 symptomsd(SymptomNetworkUsage)[170] <Debug>: Dynamic lookup for E01B2FEA-36F1-3C21-AADE-93AC8E03F45C found entry dev.selfhost.firstActivationProbe
Aug 27 21:17:24.032262 symptomsd(SymptomEvaluator)[170] <Info>: COSMCtrl foregroundAppObserver gets E01B2FEA-36F1-3C21-AADE-93AC8E03F45C for dev.selfhost.firstActivationProbe state 1
Aug 27 21:17:24.032406 symptomsd(SymptomEvaluator)[170] <Debug>: COSMCtrl _foregroundAppActivity entry for E01B2FEA-36F1-3C21-AADE-93AC8E03F45C -> dev.selfhost.firstActivationProbe  fg 1
Aug 27 21:17:24.032563 symptomsd(SymptomEvaluator)[170] <Debug>: COSMCtrl _foregroundAppActivity exit for E01B2FEA-36F1-3C21-AADE-93AC8E03F45C -> dev.selfhost.firstActivationProbe  policy id 0  fg 1 fg-activity 0
Aug 27 21:17:24.035106 symptomsd(SymptomEvaluator)[170] <Debug>: Flow data on entry is Runner TCP4 flow id 1185187 (close) so pkts rx 2 tx 2, bytes 258 546 cell 0 0 wifi 338 626 wired 0 0 deltas 258 546 0 0 338 626 0 0
src 1185187 snapshot: Runner TCP4 flow id 1185187 (close) so pkts rx 2 tx 2, bytes 258 546 cell 0 0 wifi 338 626 wired 0 0 deltas 258 546 0 0 338 626 0 0
Aug 27 21:17:24.037163 symptomsd(SymptomEvaluator)[170] <Debug>: --> activityBitmaps: adding new bitmaps for app [dev.selfhost.firstActivationProbe] with bitmaps starting at 1249488: [             0x1] [               0]
Aug 27 21:17:24.037298 symptomsd(SymptomEvaluator)[170] <Debug>: --> activityBitmaps for dev.selfhost.firstActivationProbe: current bitmaps stored before adding new bitmap: [Activity time: 11:04:05.000 -0400 (1246520) ] [wordOffset: 0, numOfWords:8] <  0x400000000009                0                0 0x2000000000001000          0x40000   0x200001000000                0                0 >
Aug 27 21:17:24.037460 symptomsd(SymptomEvaluator)[170] <Debug>: --> activityBitmaps for dev.selfhost.firstActivationProbe: flowId 1185187, startTime 1249488, new bitmap part1:              0x1, part2:                0
Aug 27 21:17:24.037561 symptomsd(SymptomEvaluator)[170] <Debug>: --> activityBitmaps for dev.selfhost.firstActivationProbe: current bitmaps stored after adding new bitmap: [Activity time: 11:04:05.000 -0400 (1246520) ] [wordOffset: 0, numOfWords:8] <  0x400000000009                0                0 0x2000000000001000          0x40000  0x8200001000000                0                0 >
Aug 27 21:17:24.038507 symptomsd(SymptomEvaluator)[170] <Debug>: found LU hint (mode: 1) for dev.selfhost.firstActivationProbe: 0x102829350, subscriber tag: 0
Aug 27 21:17:24.038687 symptomsd(SymptomEvaluator)[170] <Notice>: Data Usage for dev.selfhost.firstActivationProbe on flow 1185187 - WiFi in/out: 10279/8557, WiFi delta_in/delta_out: 338/626, Cell in/out: 0/0, Cell delta_in/delta_out: 0/0, RNF: 0, subscriber tag: 0
Aug 27 21:17:24.038875 symptomsd(SymptomEvaluator)[170] <Debug>: Data Usage for dev.selfhost.firstActivationProbe on flow 1185187 - Wired in/out: 0/0, Wired delta_in/delta_out: 0/0, subscriber tag: 0
Aug 27 21:17:24.039136 symptomsd(SymptomEvaluator)[170] <Debug>: Flow data on entry is Runner TCP4 flow id 1185186 (close) so pkts rx 2 tx 2, bytes 311 424 cell 0 0 wifi 391 504 wired 0 0 deltas 311 424 0 0 391 504 0 0
src 1185186 snapshot: Runner TCP4 flow id 1185186 (close) so pkts rx 2 tx 2, bytes 311 424 cell 0 0 wifi 391 504 wired 0 0 deltas 311 424 0 0 391 504 0 0
Aug 27 21:17:24.039904 symptomsd(SymptomEvaluator)[170] <Debug>: --> activityBitmaps: adding new bitmaps for app [dev.selfhost.firstActivationProbe] with bitmaps starting at 1249488: [             0x1] [               0]
Aug 27 21:17:24.040016 symptomsd(SymptomEvaluator)[170] <Debug>: --> activityBitmaps for dev.selfhost.firstActivationProbe: current bitmaps stored before adding new bitmap: [Activity time: 11:04:05.000 -0400 (1246520) ] [wordOffset: 0, numOfWords:8] <  0x400000000009                0                0 0x2000000000001000          0x40000  0x8200001000000                0                0 >
Aug 27 21:17:24.040128 symptomsd(SymptomEvaluator)[170] <Debug>: --> activityBitmaps for dev.selfhost.firstActivationProbe: flowId 1185186, startTime 1249488, new bitmap part1:              0x1, part2:                0
Aug 27 21:17:24.040223 symptomsd(SymptomEvaluator)[170] <Debug>: --> activityBitmaps for dev.selfhost.firstActivationProbe: current bitmaps stored after adding new bitmap: [Activity time: 11:04:05.000 -0400 (1246520) ] [wordOffset: 0, numOfWords:8] <  0x400000000009                0                0 0x2000000000001000          0x40000  0x8200001000000                0                0 >
Aug 27 21:17:24.040765 symptomsd(SymptomEvaluator)[170] <Debug>: found LU hint (mode: 1) for dev.selfhost.firstActivationProbe: 0x102829350, subscriber tag: 0
Aug 27 21:17:24.040874 symptomsd(SymptomEvaluator)[170] <Notice>: Data Usage for dev.selfhost.firstActivationProbe on flow 1185186 - WiFi in/out: 10670/9061, WiFi delta_in/delta_out: 391/504, Cell in/out: 0/0, Cell delta_in/delta_out: 0/0, RNF: 0, subscriber tag: 0
Aug 27 21:17:24.040983 symptomsd(SymptomEvaluator)[170] <Debug>: Data Usage for dev.selfhost.firstActivationProbe on flow 1185186 - Wired in/out: 0/0, Wired delta_in/delta_out: 0/0, subscriber tag: 0
Aug 27 21:17:24.041086 symptomsd(SymptomEvaluator)[170] <Info>: changedForegroundState to 1 for dev.selfhost.firstActivationProbe
Aug 27 21:17:24.041192 symptomsd(SymptomEvaluator)[170] <Debug>: app name dev.selfhost.firstActivationProbe isForeground 1  hasForegroundApps 1, current idea of foreground 0 disp (null)
Aug 27 21:17:24.041457 symptomsd(SymptomEvaluator)[170] <Notice>: dev.selfhost.firstActivationProbe: Foreground: true
Aug 27 21:17:24.041600 symptomsd(SymptomEvaluator)[170] <Debug>: found LU hint (mode: 1) for dev.selfhost.firstActivationProbe: 0x102829350, subscriber tag: 0
Aug 27 21:17:24.041736 symptomsd(SymptomEvaluator)[170] <Info>: Set appCompactState object 19731 for key dev.selfhost.firstActivationProbe
Aug 27 21:17:24.042955 SpringBoard(SplashBoard)[47602] <Info>: <XBApplicationSnapshot: 0x109d3cb20; …A909693DA7E7> [dev.selfhost.firstActivationProbe] Purging the cached image; force: 0; _imageAccessCount: 0; _keepImageAccessUntilExpiration: 0; _hasProtectedContent: 0; _keepImageAccessForPreheat: 0
Aug 27 21:17:24.049918 mediaserverd(CoreMotion)[36] <Debug>: Ping timer fired, resetting watchdog
Aug 27 21:17:24.083214 SpringBoard(FrontBoard)[47602] <Notice>: [application<dev.selfhost.firstActivationProbe>:50553] Now acquiring workspace assertion with state: ForegroundFocal.
Aug 27 21:17:24.086617 runningboardd(RunningBoard)[33] <Notice>: Acquiring assertion targeting [application<dev.selfhost.firstActivationProbe>:50553] from originator [daemon<com.apple.SpringBoard>:47602] with description <RBSAssertionDescriptor| "FBWorkspace (ForegroundFocal)" ID:33-47602-7504 target:50553 attributes:[
Aug 27 21:17:24.086837 runningboardd(RunningBoard)[33] <Notice>: Assertion 33-47602-7504 (target:[application<dev.selfhost.firstActivationProbe>:50553]) will be created as active
Aug 27 21:17:24.087130 runningboardd(RunningBoard)[33] <Debug>: BEGIN suppressing state updates for application<dev.selfhost.firstActivationProbe>
Aug 27 21:17:24.087373 runningboardd(RunningBoard)[33] <Debug>: Incrementing suppression state to 1 for application<dev.selfhost.firstActivationProbe>
Aug 27 21:17:24.087545 runningboardd(RunningBoard)[33] <Debug>: Adding assertion 33-47602-7504 (target:[application<dev.selfhost.firstActivationProbe>:50553])
Aug 27 21:17:24.087996 runningboardd(RunningBoard)[33] <Info>: application<dev.selfhost.firstActivationProbe> is now targeted by 5 assertions
Aug 27 21:17:24.088343 runningboardd(RunningBoard)[33] <Debug>: Updating events for assertion: 33-47602-7504 (target:[application<dev.selfhost.firstActivationProbe>:50553])
Aug 27 21:17:24.088479 runningboardd(RunningBoard)[33] <Info>: [application<dev.selfhost.firstActivationProbe>:50553] Applying updated state
Aug 27 21:17:24.088613 runningboardd(RunningBoard)[33] <Debug>: Removing events for context: 33-47602-7504 (target:[application<dev.selfhost.firstActivationProbe>:50553])
Aug 27 21:17:24.088731 runningboardd(RunningBoard)[33] <Debug>: Enqueueing events for assertion: 33-47602-7504 (target:[application<dev.selfhost.firstActivationProbe>:50553])
Aug 27 21:17:24.088893 runningboardd(RunningBoard)[33] <Notice>: Calculated state for application<dev.selfhost.firstActivationProbe>: running-active (role: UserInteractiveFocal)
    <RBSInheritance| environment:UIScene:com.apple.frontboard.systemappservices::sceneID%3Adev.selfhost.firstActivationProbe-default name:com.apple.frontboard.visibility origID:33-47602-7502 payload>,
Aug 27 21:17:24.089694 runningboardd(RunningBoard)[33] <Debug>: SUPPRESSING state update for application<dev.selfhost.firstActivationProbe>: <RBSProcessState| task:running-active debug:none terminationResistance:Interactive endowments:[
	<RBSProcessAssertionInfo| type:2 reason:10000 name:"Domain" domain:"com.apple.frontboard:Bootstrap-Foreground,com.apple.frontboard:Visibility" expl:"FBApplicationProcess">,
	<RBSProcessAssertionInfo| type:1 reason:0 name:"Custom" domain:"(null)" expl:"injecting inherited from "UIScene:com.apple.frontboard.systemappservices::com.apple.springboard" to 50553<UIScene:com.apple.frontboard.systemappservices::sceneID%3Adev.selfhost.firstActivationProbe-default>">
Aug 27 21:17:24.090019 runningboardd(RunningBoard)[33] <Info>: Finished acquiring assertion 33-47602-7504 (target:[application<dev.selfhost.firstActivationProbe>:50553])
Aug 27 21:17:24.090349 runningboardd(RunningBoard)[33] <Debug>: Decrementing suppression state to 0 for application<dev.selfhost.firstActivationProbe>
Aug 27 21:17:24.091025 runningboardd(RunningBoard)[33] <Notice>: Invalidating assertion 33-47602-7498 (target:application<dev.selfhost.firstActivationProbe>) from originator [daemon<com.apple.SpringBoard>:47602]
Aug 27 21:17:24.091466 SpringBoard(FrontBoard)[47602] <Notice>: [application<dev.selfhost.firstActivationProbe>:50553] Dropping launch assertion.
Aug 27 21:17:24.091591 runningboardd(RunningBoard)[33] <Debug>: END suppressing state updates for application<dev.selfhost.firstActivationProbe>
Aug 27 21:17:24.091706 Runner(RunningBoardServices)[50553] <Debug>: Received message from server: async_didChangeInheritances:completion:
Aug 27 21:17:24.091785 Runner(RunningBoardServices)[50553] <Info>: didChangeInheritances
Aug 27 21:17:24.091903 Runner(RunningBoardServices)[50553] <Info>: didChangeInheritances: <RBSInheritanceChangeSet| gained:{(
Aug 27 21:17:24.092033 runningboardd(RunningBoard)[33] <Debug>: Sending state update for application<dev.selfhost.firstActivationProbe>: <RBSProcessState| task:running-active debug:none terminationResistance:Interactive endowments:[
	<RBSProcessAssertionInfo| type:2 reason:10000 name:"Domain" domain:"com.apple.frontboard:Bootstrap-Foreground,com.apple.frontboard:Visibility" expl:"FBApplicationProcess">,
	<RBSProcessAssertionInfo| type:1 reason:0 name:"Custom" domain:"(null)" expl:"injecting inherited from "UIScene:com.apple.frontboard.systemappservices::com.apple.springboard" to 50553<UIScene:com.apple.frontboard.systemappservices::sceneID%3Adev.selfhost.firstActivationProbe-default>">
Aug 27 21:17:24.093186 mediaserverd(RunningBoardServices)[36] <Info>: Update skipped for [application<dev.selfhost.firstActivationProbe>:50553] with state: <RBSProcessState| task:running-active debug:none endowments:[
Aug 27 21:17:24.093412 mediaserverd(RunningBoardServices)[36] <Info>: Update skipped for [application<dev.selfhost.firstActivationProbe>:50553] with state: <RBSProcessState| task:running-active debug:none endowments:[
Aug 27 21:17:24.093765 SpringBoard(RunningBoardServices)[47602] <Info>: Update skipped for [application<dev.selfhost.firstActivationProbe>:50553] with state: <RBSProcessState| task:running-active debug:none endowments:[
Aug 27 21:17:24.094182 SpringBoard(RunningBoardServices)[47602] <Info>: Update skipped for [application<dev.selfhost.firstActivationProbe>:50553] with state: <RBSProcessState| task:running-active debug:none endowments:[
Aug 27 21:17:24.094543 SpringBoard(RunningBoardServices)[47602] <Info>: Update skipped for [application<dev.selfhost.firstActivationProbe>:50553] with state: <RBSProcessState| task:running-active debug:none endowments:[
Aug 27 21:17:24.095746 kbd(RunningBoardServices)[303] <Info>: Update skipped for [application<dev.selfhost.firstActivationProbe>:50553] with state: <RBSProcessState| task:running-active debug:none endowments:[
Aug 27 21:17:24.095878 SpringBoard(RunningBoardServices)[47602] <Info>: Update skipped for [application<dev.selfhost.firstActivationProbe>:50553] with state: <RBSProcessState| task:running-active debug:none endowments:[
Aug 27 21:17:24.096072 SpringBoard(RunningBoardServices)[47602] <Info>: Update skipped for [application<dev.selfhost.firstActivationProbe>:50553] with state: <RBSProcessState| task:running-active debug:none endowments:[
Aug 27 21:17:24.097331 watchdogd(RunningBoardServices)[57] <Debug>: Received message from server: async_observedProcessStatesDidChange:completion:
Aug 27 21:17:24.099509 CommCenter(RunningBoardServices)[90] <Info>: Update skipped for [application<dev.selfhost.firstActivationProbe>:50553] with state: <RBSProcessState| task:running-active debug:none endowments:[
Aug 27 21:17:24.099684 backboardd(RunningBoardServices)[65] <Info>: Update skipped for [application<dev.selfhost.firstActivationProbe>:50553] with state: <RBSProcessState| task:running-active debug:none endowments:[
Aug 27 21:17:24.099903 UserEventAgent(RunningBoardServices)[30] <Info>: Update skipped for [application<dev.selfhost.firstActivationProbe>:50553] with state: <RBSProcessState| task:running-active debug:none endowments:[
	<RBSProcessAssertionInfo| type:2 reason:10000 name:"Domain" domain:"com.apple.frontboard:Bootstrap-Foreground,com.apple.frontboard:Visibility" expl:"FBApplicationProcess">,
	<RBSProcessAssertionInfo| type:1 reason:0 name:"Custom" domain:"(null)" expl:"injecting inherited from "UIScene:com.apple.frontboard.systemappservices::com.apple.springboard" to 50553<UIScene:com.apple.frontboard.systemappservices::sceneID%3Adev.selfhost.firstActivationProbe-default>">
Aug 27 21:17:24.103052 watchdogd(RunningBoardServices)[57] <Info>: observedProcessStatesDidChange
Aug 27 21:17:24.103212 watchdogd(RunningBoardServices)[57] <Debug>: Decoded RBSProcessHandle with IPC ID 188713580000c579
Aug 27 21:17:24.103527 watchdogd(RunningBoardServices)[57] <Notice>: Received state update for 50553
Aug 27 21:17:24.106468 useractivityd(RunningBoardServices)[184] <Info>: Update skipped for [application<dev.selfhost.firstActivationProbe>:50553] with state: <RBSProcessState| task:running-active debug:none endowments:[
Aug 27 21:17:24.106811 callservicesd(RunningBoardServices)[131] <Info>: Update skipped for [application<dev.selfhost.firstActivationProbe>:50553] with state: <RBSProcessState| task:running-active debug:none endowments:[
Aug 27 21:17:24.107239 symptomsd(RunningBoardServices)[170] <Info>: Update skipped for [application<dev.selfhost.firstActivationProbe>:50553] with state: <RBSProcessState| task:running-active debug:none endowments:[
Aug 27 21:17:24.107874 aggregated(RunningBoardServices)[50213] <Info>: Update skipped for [application<dev.selfhost.firstActivationProbe>:50553] with state: <RBSProcessState| task:running-active debug:none endowments:[
Aug 27 21:17:24.108814 locationd(RunningBoardServices)[69] <Info>: Update skipped for [application<dev.selfhost.firstActivationProbe>:50553] with state: <RBSProcessState| task:running-active debug:none endowments:[
Aug 27 21:17:24.109148 watchdogd(RunningBoardServices)[57] <Info>: Update skipped for [application<dev.selfhost.firstActivationProbe>:50553] with state: <RBSProcessState| task:running-active debug:none endowments:[
Aug 27 21:17:24.109340 wifid(RunningBoardServices)[52] <Info>: Update skipped for [application<dev.selfhost.firstActivationProbe>:50553] with state: <RBSProcessState| task:running-active debug:none endowments:[
Aug 27 21:17:24.109598 contextstored(RunningBoardServices)[61] <Info>: Update skipped for [application<dev.selfhost.firstActivationProbe>:50553] with state: <RBSProcessState| task:running-active debug:none endowments:[
Aug 27 21:17:24.110510 dasd(RunningBoardServices)[94] <Info>: Update skipped for [application<dev.selfhost.firstActivationProbe>:50553] with state: <RBSProcessState| task:running-active debug:none endowments:[
Aug 27 21:17:24.111526 dasd(RunningBoardServices)[94] <Info>: Update skipped for [application<dev.selfhost.firstActivationProbe>:50553] with state: <RBSProcessState| task:running-active debug:none endowments:[
Aug 27 21:17:24.112752 dasd(RunningBoardServices)[94] <Info>: Update skipped for [application<dev.selfhost.firstActivationProbe>:50553] with state: <RBSProcessState| task:running-active debug:none endowments:[
Aug 27 21:17:24.114053 UserEventAgent(RunningBoardServices)[30] <Info>: Update delivered for [application<dev.selfhost.firstActivationProbe>:50553] with taskState 4
Aug 27 21:17:24.114654 nearbyd(CoreMotion)[157] <Debug>: Ping timer fired, resetting watchdog
Aug 27 21:17:24.143664 locationd[69] <Debug>: Ping timer fired, resetting watchdog
Aug 27 21:17:24.196009 runningboardd(RunningBoard)[33] <Debug>: Updating events for assertion: 33-47602-7498 (target:application<dev.selfhost.firstActivationProbe>)
Aug 27 21:17:24.196369 runningboardd(RunningBoard)[33] <Debug>: Removing assertion 33-47602-7498 on application<dev.selfhost.firstActivationProbe>
Aug 27 21:17:24.196755 runningboardd(RunningBoard)[33] <Debug>: Removing events for context: 33-47602-7498 (target:application<dev.selfhost.firstActivationProbe>)
Aug 27 21:17:24.199657 runningboardd(RunningBoard)[33] <Debug>: > application<dev.selfhost.firstActivationProbe> ['com.apple.frontboard.after-life.interrupted'] [33-47602-7500]
Aug 27 21:17:24.200132 runningboardd(RunningBoard)[33] <Debug>: > application<dev.selfhost.firstActivationProbe> ['FBWorkspace (ForegroundFocal)'] [33-47602-7504]
Aug 27 21:17:24.201649 runningboardd(RunningBoard)[33] <Debug>: > application<dev.selfhost.firstActivationProbe> ['injecting inherited from "UIScene:com.apple.frontboard.systemappservices::com.apple.springboard" to 50553<UIScene:com.apple.frontboard.systemappservices::sceneID%3Adev.selfhost.firstActivationProbe-default>'] [33-47602-7502]
Aug 27 21:17:24.204311 runningboardd(RunningBoard)[33] <Info>: application<dev.selfhost.firstActivationProbe> is now targeted by 4 assertions
Aug 27 21:17:24.205141 runningboardd(RunningBoard)[33] <Debug>: > 47602 ['injecting inherited from "UIScene:com.apple.frontboard.systemappservices::com.apple.springboard" to 50553<UIScene:com.apple.frontboard.systemappservices::sceneID%3Adev.selfhost.firstActivationProbe-default>'] [33-47602-7502]
Aug 27 21:17:24.205579 runningboardd(RunningBoard)[33] <Info>: [application<dev.selfhost.firstActivationProbe>:50553] Applying updated state
Aug 27 21:17:24.206006 runningboardd(RunningBoard)[33] <Notice>: Calculated state for application<dev.selfhost.firstActivationProbe>: running-active (role: UserInteractiveFocal)
    <RBSInheritance| environment:UIScene:com.apple.frontboard.systemappservices::sceneID%3Adev.selfhost.firstActivationProbe-default name:com.apple.frontboard.visibility origID:33-47602-7502 payload>,
Aug 27 21:17:24.206880 runningboardd(RunningBoard)[33] <Debug>: Sending state update for application<dev.selfhost.firstActivationProbe>: <RBSProcessState| task:running-active debug:none terminationResistance:Interactive endowments:[
	<RBSProcessAssertionInfo| type:1 reason:0 name:"Custom" domain:"(null)" expl:"injecting inherited from "UIScene:com.apple.frontboard.systemappservices::com.apple.springboard" to 50553<UIScene:com.apple.frontboard.systemappservices::sceneID%3Adev.selfhost.firstActivationProbe-default>">
Aug 27 21:17:24.207059 SpringBoard(RunningBoardServices)[47602] <Info>: Update skipped for [application<dev.selfhost.firstActivationProbe>:50553] with state: <RBSProcessState| task:running-active debug:none endowments:[
Aug 27 21:17:24.207299 runningboardd(RunningBoard)[33] <Debug>: BEGIN suppressing state updates for application<dev.selfhost.firstActivationProbe>
Aug 27 21:17:24.207787 Runner(RunningBoardServices)[50553] <Debug>: Received message from server: async_didChangeInheritances:completion:
Aug 27 21:17:24.207953 Runner(RunningBoardServices)[50553] <Info>: didChangeInheritances
Aug 27 21:17:24.208152 Runner(RunningBoardServices)[50553] <Info>: didChangeInheritances: <RBSInheritanceChangeSet| gained:(null) lost:{(
Aug 27 21:17:24.208320 runningboardd(RunningBoard)[33] <Debug>: Incrementing suppression state to 1 for application<dev.selfhost.firstActivationProbe>
Aug 27 21:17:24.208741 powerd[43] <Notice>: Process runningboardd.33 Released SystemIsActive "application<dev.selfhost.firstActivationProbe>;(null):(null);33-47602-7498:FBApplicationProcess" age:00:00:01  id:51539649952 [System: SysAct]
Aug 27 21:17:24.209815 mediaserverd(RunningBoardServices)[36] <Info>: Update skipped for [application<dev.selfhost.firstActivationProbe>:50553] with state: <RBSProcessState| task:running-active debug:none endowments:[
Aug 27 21:17:24.210123 mediaserverd(RunningBoardServices)[36] <Info>: Update skipped for [application<dev.selfhost.firstActivationProbe>:50553] with state: <RBSProcessState| task:running-active debug:none endowments:[
Aug 27 21:17:24.210454 SpringBoard(RunningBoardServices)[47602] <Info>: Update skipped for [application<dev.selfhost.firstActivationProbe>:50553] with state: <RBSProcessState| task:running-active debug:none endowments:[
Aug 27 21:17:24.210688 SpringBoard(RunningBoardServices)[47602] <Info>: Update skipped for [application<dev.selfhost.firstActivationProbe>:50553] with state: <RBSProcessState| task:running-active debug:none endowments:[
Aug 27 21:17:24.210999 SpringBoard(RunningBoardServices)[47602] <Info>: Update skipped for [application<dev.selfhost.firstActivationProbe>:50553] with state: <RBSProcessState| task:running-active debug:none endowments:[
Aug 27 21:17:24.211314 SpringBoard(RunningBoardServices)[47602] <Info>: Update skipped for [application<dev.selfhost.firstActivationProbe>:50553] with state: <RBSProcessState| task:running-active debug:none endowments:[
Aug 27 21:17:24.213221 kbd(RunningBoardServices)[303] <Info>: Update skipped for [application<dev.selfhost.firstActivationProbe>:50553] with state: <RBSProcessState| task:running-active debug:none endowments:[
Aug 27 21:17:24.214189 watchdogd(RunningBoardServices)[57] <Debug>: Received message from server: async_observedProcessStatesDidChange:completion:
Aug 27 21:17:24.218283 backboardd(RunningBoardServices)[65] <Info>: Update skipped for [application<dev.selfhost.firstActivationProbe>:50553] with state: <RBSProcessState| task:running-active debug:none endowments:[
Aug 27 21:17:24.218503 UserEventAgent(RunningBoardServices)[30] <Info>: Update skipped for [application<dev.selfhost.firstActivationProbe>:50553] with state: <RBSProcessState| task:running-active debug:none endowments:[
	<RBSProcessAssertionInfo| type:1 reason:0 name:"Custom" domain:"(null)" expl:"injecting inherited from "UIScene:com.apple.frontboard.systemappservices::com.apple.springboard" to 50553<UIScene:com.apple.frontboard.systemappservices::sceneID%3Adev.selfhost.firstActivationProbe-default>">
Aug 27 21:17:24.218696 CommCenter(RunningBoardServices)[90] <Info>: Update skipped for [application<dev.selfhost.firstActivationProbe>:50553] with state: <RBSProcessState| task:running-active debug:none endowments:[
Aug 27 21:17:24.221420 watchdogd(RunningBoardServices)[57] <Info>: observedProcessStatesDidChange
Aug 27 21:17:24.221792 watchdogd(RunningBoardServices)[57] <Debug>: Decoded RBSProcessHandle with IPC ID 188713580000c579
Aug 27 21:17:24.226462 watchdogd(RunningBoardServices)[57] <Notice>: Received state update for 50553
Aug 27 21:17:24.227982 dasd(RunningBoardServices)[94] <Info>: Update skipped for [application<dev.selfhost.firstActivationProbe>:50553] with state: <RBSProcessState| task:running-active debug:none endowments:[
Aug 27 21:17:24.228332 locationd(RunningBoardServices)[69] <Info>: Update skipped for [application<dev.selfhost.firstActivationProbe>:50553] with state: <RBSProcessState| task:running-active debug:none endowments:[
Aug 27 21:17:24.228862 watchdogd(RunningBoardServices)[57] <Info>: Update skipped for [application<dev.selfhost.firstActivationProbe>:50553] with state: <RBSProcessState| task:running-active debug:none endowments:[
Aug 27 21:17:24.230538 useractivityd(RunningBoardServices)[184] <Info>: Update skipped for [application<dev.selfhost.firstActivationProbe>:50553] with state: <RBSProcessState| task:running-active debug:none endowments:[
Aug 27 21:17:24.231136 callservicesd(RunningBoardServices)[131] <Info>: Update skipped for [application<dev.selfhost.firstActivationProbe>:50553] with state: <RBSProcessState| task:running-active debug:none endowments:[
Aug 27 21:17:24.231590 symptomsd(RunningBoardServices)[170] <Info>: Update skipped for [application<dev.selfhost.firstActivationProbe>:50553] with state: <RBSProcessState| task:running-active debug:none endowments:[
Aug 27 21:17:24.232263 aggregated(RunningBoardServices)[50213] <Info>: Update skipped for [application<dev.selfhost.firstActivationProbe>:50553] with state: <RBSProcessState| task:running-active debug:none endowments:[
Aug 27 21:17:24.234731 wifid(RunningBoardServices)[52] <Info>: Update skipped for [application<dev.selfhost.firstActivationProbe>:50553] with state: <RBSProcessState| task:running-active debug:none endowments:[
Aug 27 21:17:24.235955 UserEventAgent(RunningBoardServices)[30] <Info>: Update delivered for [application<dev.selfhost.firstActivationProbe>:50553] with taskState 4
Aug 27 21:17:24.236272 contextstored(RunningBoardServices)[61] <Info>: Update skipped for [application<dev.selfhost.firstActivationProbe>:50553] with state: <RBSProcessState| task:running-active debug:none endowments:[
Aug 27 21:17:24.236874 dasd(RunningBoardServices)[94] <Info>: Update skipped for [application<dev.selfhost.firstActivationProbe>:50553] with state: <RBSProcessState| task:running-active debug:none endowments:[
Aug 27 21:17:24.237364 dasd(RunningBoardServices)[94] <Info>: Update skipped for [application<dev.selfhost.firstActivationProbe>:50553] with state: <RBSProcessState| task:running-active debug:none endowments:[
Aug 27 21:17:24.317878 runningboardd(RunningBoard)[33] <Debug>: Decrementing suppression state to 0 for application<dev.selfhost.firstActivationProbe>
Aug 27 21:17:24.318056 runningboardd(RunningBoard)[33] <Debug>: END suppressing state updates for application<dev.selfhost.firstActivationProbe>
Aug 27 21:17:24.525404 Runner(CoreFoundation)[50553] <Debug>: found no value for key QuickSpeak in CFPrefsSearchListSource<0x28033fc00> (Domain: com.apple.Accessibility, Container: (null))
Aug 27 21:17:24.526648 Runner(libAccessibility.dylib)[50553] <Debug>: CF Read: domain = com.apple.Accessibility, preference = QuickSpeak, appID = (null) result = (null) (-1 - empty, 0 - false, 1 - true)
Aug 27 21:17:24.527972 Runner(CoreFoundation)[50553] <Debug>: found no value for key QuickSpeak in CFPrefsPlistSource<0x28033fc80> (Domain: com.apple.Accessibility, User: kCFPreferencesCurrentUser, ByHost: No, Container: (null), Contents Need Refresh: No)
Aug 27 21:17:26.034834 SpringBoard(CoreMotion)[47602] <Debug>: Ping timer fired, resetting watchdog
Aug 27 21:17:26.480116 backboardd(CoreMotion)[65] <Debug>: Ping timer fired, resetting watchdog
Aug 27 21:17:26.876459 biometrickitd(CoreMotion)[109] <Debug>: Ping timer fired, resetting watchdog
Aug 27 21:17:27.811245 wifid(WiFiPolicy)[52] <Notice>: __WiFiLQAMgrLogStats(tech support:Stationary): Rssi: -36 {-36 0} Channel: 44 Bandwidth: 80Mhz Snr: 35 Cca: 29 (S:0 O:0 I:0) TxPer: 0.0% (12) BcnPer: 0.0% (0, 50.5%) RxFrms: 14 RxRetryFrames: 0 TxRate: 24000 RxRate: 866667 FBRate: 468000 TxFwFrms: 2 TxFwFail: 0 TxReTrans: 0 time: 35.7secs fgApp: dev.selfhost.firstActivationProbe
Aug 27 21:17:29.053414 mediaserverd(CoreMotion)[36] <Debug>: Ping timer fired, resetting watchdog
Aug 27 21:17:29.080301 nearbyd(CoreMotion)[157] <Debug>: Ping timer fired, resetting watchdog
Aug 27 21:17:29.146471 locationd[69] <Debug>: Ping timer fired, resetting watchdog
Aug 27 21:17:31.036998 SpringBoard(CoreMotion)[47602] <Debug>: Ping timer fired, resetting watchdog
Aug 27 21:17:31.503067 backboardd(CoreMotion)[65] <Debug>: Ping timer fired, resetting watchdog
Aug 27 21:17:31.876675 biometrickitd(CoreMotion)[109] <Debug>: Ping timer fired, resetting watchdog
Aug 27 21:17:32.579571 watchdogd[57] <Debug>: 1249500316277083: <private>
Aug 27 21:17:32.581159 watchdogd[57] <Info>: 1249500316598250: <private>
Aug 27 21:17:32.582701 watchdogd[57] <Debug>: 1249500317089791: <private>
Aug 27 21:17:32.583575 watchdogd[57] <Debug>: 1249500317536041: <private>
Aug 27 21:17:32.584624 watchdogd[57] <Info>: 1249500317542291: <private>
Aug 27 21:17:32.585465 watchdogd[57] <Debug>: 1249500317957833: <private>
Aug 27 21:17:32.586362 watchdogd[57] <Debug>: 1249500318055333: <private>
Aug 27 21:17:32.587275 watchdogd[57] <Debug>: 1249500318362833: <private>
Aug 27 21:17:32.588241 watchdogd[57] <Debug>: 1249500318602333: <private>
Aug 27 21:17:32.589282 watchdogd[57] <Debug>: 1249500318758958: <private>
Aug 27 21:17:32.590224 watchdogd[57] <Info>: 1249500318792416: <private>
Aug 27 21:17:32.591166 watchdogd[57] <Info>: 1249500318801750: <private>
Aug 27 21:17:32.592009 watchdogd[57] <Info>: 1249500318804916: <private>
Aug 27 21:17:32.592985 watchdogd[57] <Info>: 1249500318807708: <private>
Aug 27 21:17:32.593875 watchdogd[57] <Info>: 1249500318810166: <private>
Aug 27 21:17:32.594669 watchdogd[57] <Info>: 1249500318812416: <private>
Aug 27 21:17:32.595567 watchdogd[57] <Info>: 1249500318814750: <private>
Aug 27 21:17:32.596466 watchdogd[57] <Info>: 1249500318816958: <private>
Aug 27 21:17:32.828427 wifid(WiFiPolicy)[52] <Notice>: __WiFiLQAMgrLogStats(tech support:Stationary): Rssi: -36 {-35 0} Channel: 44 Bandwidth: 80Mhz Snr: 35 Cca: 29 (S:0 O:0 I:0) TxPer: 0.0% (0) BcnPer: 2.0% (98, 50.5%) RxFrms: 2 RxRetryFrames: 0 TxRate: 24000 RxRate: 866667 FBRate: 468000 TxFwFrms: 0 TxFwFail: 0 TxReTrans: 0 time: 40.7secs fgApp: dev.selfhost.firstActivationProbe
Aug 27 21:17:34.052730 mediaserverd(CoreMotion)[36] <Debug>: Ping timer fired, resetting watchdog
Aug 27 21:17:34.086623 nearbyd(CoreMotion)[157] <Debug>: Ping timer fired, resetting watchdog
Aug 27 21:17:34.144699 locationd[69] <Debug>: Ping timer fired, resetting watchdog
Aug 27 21:17:36.034046 SpringBoard(CoreMotion)[47602] <Debug>: Ping timer fired, resetting watchdog
Aug 27 21:17:36.482474 backboardd(CoreMotion)[65] <Debug>: Ping timer fired, resetting watchdog
Aug 27 21:17:36.874159 biometrickitd(CoreMotion)[109] <Debug>: Ping timer fired, resetting watchdog
Aug 27 21:17:37.840417 wifid(WiFiPolicy)[52] <Notice>: __WiFiLQAMgrLogStats(tech support:Stationary): Rssi: -37 {-35 0} Channel: 44 Bandwidth: 80Mhz Snr: 35 Cca: 29 (S:0 O:0 I:0) TxPer: 0.0% (0) BcnPer: 0.0% (0, 50.5%) RxFrms: 4 RxRetryFrames: 0 TxRate: 24000 RxRate: 866667 FBRate: 468000 TxFwFrms: 0 TxFwFail: 0 TxReTrans: 0 time: 45.7secs fgApp: dev.selfhost.firstActivationProbe
Aug 27 21:17:39.052702 mediaserverd(CoreMotion)[36] <Debug>: Ping timer fired, resetting watchdog
Aug 27 21:17:39.099084 nearbyd(CoreMotion)[157] <Debug>: Ping timer fired, resetting watchdog
Aug 27 21:17:39.146411 locationd[69] <Debug>: Ping timer fired, resetting watchdog
Aug 27 21:17:39.739674 runningboardd(RunningBoard)[33] <Info>: _requestedJetsamPriority = 4, _executablePath = /Developer/usr/bin/ScreenShotr
Aug 27 21:17:39.744211 runningboardd(RunningBoard)[33] <Info>: _requestedJetsamPriority = 4, _executablePath = /Developer/usr/bin/ScreenShotr
Aug 27 21:17:39.747113 SpringBoard(FrontBoard)[47602] <Notice>: Asked to bootstrap a new process for handle: [anon<ScreenShotr>:50555]
Aug 27 21:17:39.752473 runningboardd(RunningBoard)[33] <Debug>: Sending state update for anon<ScreenShotr>: <RBSProcessState| task:running debug:none terminationResistance:None>
Aug 27 21:17:39.756007 SpringBoard(FrontBoard)[47602] <Notice>: Bootstrapping anon<ScreenShotr>
Aug 27 21:17:39.756311 SpringBoard(FrontBoard)[47602] <Notice>: [anon<ScreenShotr>:50555] Bootstrap success!
Aug 27 21:17:39.934008 runningboardd(RunningBoard)[33] <Notice>: [anon<ScreenShotr>:50555] termination reported by launchd (0, 0, 0)
Aug 27 21:17:39.934982 runningboardd(RunningBoard)[33] <Notice>: Removing assertions for terminated process: [anon<ScreenShotr>:50555]
Aug 27 21:17:39.938137 runningboardd(RunningBoard)[33] <Debug>: Sending state update for anon<ScreenShotr>: <RBSProcessState| task:none debug:none terminationResistance:None>
Aug 27 21:17:41.031172 SpringBoard(CoreMotion)[47602] <Debug>: Ping timer fired, resetting watchdog
Aug 27 21:17:41.477302 backboardd(CoreMotion)[65] <Debug>: Ping timer fired, resetting watchdog
Aug 27 21:17:41.874023 biometrickitd(CoreMotion)[109] <Debug>: Ping timer fired, resetting watchdog
Aug 27 21:17:42.555797 watchdogd[57] <Debug>: 1249510316638000: <private>
Aug 27 21:17:42.556033 watchdogd[57] <Info>: 1249510316719750: <private>
Aug 27 21:17:42.556302 watchdogd[57] <Debug>: 1249510316813250: <private>
Aug 27 21:17:42.556494 watchdogd[57] <Debug>: 1249510316852625: <private>
Aug 27 21:17:42.556727 watchdogd[57] <Info>: 1249510316853875: <private>
Aug 27 21:17:42.556956 watchdogd[57] <Debug>: 1249510316912666: <private>
Aug 27 21:17:42.557111 watchdogd[57] <Debug>: 1249510316971583: <private>
Aug 27 21:17:42.557289 watchdogd[57] <Debug>: 1249510317069166: <private>
Aug 27 21:17:42.557408 watchdogd[57] <Debug>: 1249510317117250: <private>
Aug 27 21:17:42.557518 watchdogd[57] <Debug>: 1249510317133333: <private>
Aug 27 21:17:42.557628 watchdogd[57] <Info>: 1249510317140875: <private>
Aug 27 21:17:42.557738 watchdogd[57] <Info>: 1249510317143291: <private>
Aug 27 21:17:42.557926 watchdogd[57] <Info>: 1249510317144083: <private>
Aug 27 21:17:42.558076 watchdogd[57] <Info>: 1249510317144666: <private>
Aug 27 21:17:42.558345 watchdogd[57] <Info>: 1249510317145166: <private>
Aug 27 21:17:42.558586 watchdogd[57] <Info>: 1249510317145666: <private>
Aug 27 21:17:42.558801 watchdogd[57] <Info>: 1249510317146125: <private>
Aug 27 21:17:42.559019 watchdogd[57] <Info>: 1249510317146583: <private>
Aug 27 21:17:42.860995 wifid(WiFiPolicy)[52] <Notice>: __WiFiLQAMgrLogStats(tech support:Stationary): Rssi: -36 {-35 0} Channel: 44 Bandwidth: 80Mhz Snr: 35 Cca: 29 (S:0 O:0 I:0) TxPer: 0.0% (0) BcnPer: 1.0% (98, 50.5%) RxFrms: 5 RxRetryFrames: 0 TxRate: 24000 RxRate: 866667 FBRate: 468000 TxFwFrms: 0 TxFwFail: 0 TxReTrans: 0 time: 50.7secs fgApp: dev.selfhost.firstActivationProbe
Aug 27 21:17:44.049783 mediaserverd(CoreMotion)[36] <Debug>: Ping timer fired, resetting watchdog
Aug 27 21:17:44.080133 nearbyd(CoreMotion)[157] <Debug>: Ping timer fired, resetting watchdog
Aug 27 21:17:44.143562 locationd[69] <Debug>: Ping timer fired, resetting watchdog
Aug 27 21:17:46.033439 SpringBoard(CoreMotion)[47602] <Debug>: Ping timer fired, resetting watchdog
Aug 27 21:17:46.483960 backboardd(CoreMotion)[65] <Debug>: Ping timer fired, resetting watchdog
Aug 27 21:17:46.759014 runningboardd(RunningBoard)[33] <Info>: _requestedJetsamPriority = 6, _executablePath = /System/Library/PrivateFrameworks/MobileBackup.framework/backupd
Aug 27 21:17:46.765794 runningboardd(RunningBoard)[33] <Info>: _requestedJetsamPriority = 6, _executablePath = /System/Library/PrivateFrameworks/MobileBackup.framework/backupd
Aug 27 21:17:46.767798 runningboardd(RunningBoard)[33] <Debug>: Sending state update for daemon<com.apple.backupd>: <RBSProcessState| task:running debug:none terminationResistance:None>
Aug 27 21:17:46.873484 biometrickitd(CoreMotion)[109] <Debug>: Ping timer fired, resetting watchdog
Aug 27 21:17:47.874555 wifid(WiFiPolicy)[52] <Notice>: __WiFiLQAMgrLogStats(tech support:Stationary): Rssi: -37 {-36 0} Channel: 44 Bandwidth: 80Mhz Snr: 35 Cca: 13 (S:0 O:0 I:0) TxPer: 0.0% (0) BcnPer: 0.0% (0, 50.5%) RxFrms: 5 RxRetryFrames: 0 TxRate: 24000 RxRate: 6000 FBRate: 468000 TxFwFrms: 2 TxFwFail: 0 TxReTrans: 0 time: 55.7secs fgApp: dev.selfhost.firstActivationProbe
Aug 27 21:17:49.051294 mediaserverd(CoreMotion)[36] <Debug>: Ping timer fired, resetting watchdog
Aug 27 21:17:49.081149 nearbyd(CoreMotion)[157] <Debug>: Ping timer fired, resetting watchdog
Aug 27 21:17:49.145039 locationd[69] <Debug>: Ping timer fired, resetting watchdog
Aug 27 21:17:51.031005 SpringBoard(CoreMotion)[47602] <Debug>: Ping timer fired, resetting watchdog
Aug 27 21:17:51.478601 backboardd(CoreMotion)[65] <Debug>: Ping timer fired, resetting watchdog
Aug 27 21:17:51.875102 biometrickitd(CoreMotion)[109] <Debug>: Ping timer fired, resetting watchdog
Aug 27 21:17:52.560998 watchdogd[57] <Debug>: 1249520316871333: <private>
Aug 27 21:17:52.563409 watchdogd[57] <Info>: 1249520317430875: <private>
Aug 27 21:17:52.568669 watchdogd[57] <Debug>: 1249520317584750: <private>
Aug 27 21:17:52.569910 watchdogd[57] <Debug>: 1249520317995166: <private>
Aug 27 21:17:52.571259 watchdogd[57] <Info>: 1249520318005875: <private>
Aug 27 21:17:52.572567 watchdogd[57] <Debug>: 1249520318364125: <private>
Aug 27 21:17:52.573712 watchdogd[57] <Debug>: 1249520318965208: <private>
Aug 27 21:17:52.575068 watchdogd[57] <Debug>: 1249520319184166: <private>
Aug 27 21:17:52.576378 watchdogd[57] <Debug>: 1249520319547333: <private>
Aug 27 21:17:52.577627 watchdogd[57] <Debug>: 1249520319811833: <private>
Aug 27 21:17:52.578774 watchdogd[57] <Info>: 1249520319871333: <private>
Aug 27 21:17:52.580046 watchdogd[57] <Info>: 1249520319886958: <private>
Aug 27 21:17:52.581348 watchdogd[57] <Info>: 1249520319893833: <private>
Aug 27 21:17:52.582455 watchdogd[57] <Info>: 1249520319899250: <private>
Aug 27 21:17:52.583615 watchdogd[57] <Info>: 1249520319903750: <private>
Aug 27 21:17:52.584661 watchdogd[57] <Info>: 1249520319907916: <private>
Aug 27 21:17:52.585822 watchdogd[57] <Info>: 1249520319912083: <private>
Aug 27 21:17:52.586526 watchdogd[57] <Info>: 1249520319916083: <private>
Aug 27 21:17:52.587140 watchdogd[57] <Info>: 1249520320569916: <private>
Aug 27 21:17:52.881055 wifid(WiFiPolicy)[52] <Notice>: __WiFiLQAMgrLogStats(tech support:Stationary): Rssi: -36 {-36 0} Channel: 44 Bandwidth: 80Mhz Snr: 35 Cca: 32 (S:0 O:0 I:0) TxPer: 0.0% (0) BcnPer: 0.0% (98, 50.5%) RxFrms: 1 RxRetryFrames: 0 TxRate: 24000 RxRate: 6000 FBRate: 468000 TxFwFrms: 0 TxFwFail: 0 TxReTrans: 0 time: 60.7secs fgApp: dev.selfhost.firstActivationProbe
Aug 27 21:17:54.067278 mediaserverd(CoreMotion)[36] <Debug>: Ping timer fired, resetting watchdog
Aug 27 21:17:54.080067 nearbyd(CoreMotion)[157] <Debug>: Ping timer fired, resetting watchdog
Aug 27 21:17:54.144975 locationd[69] <Debug>: Ping timer fired, resetting watchdog
Aug 27 21:17:56.031017 SpringBoard(CoreMotion)[47602] <Debug>: Ping timer fired, resetting watchdog
Aug 27 21:17:56.478304 backboardd(CoreMotion)[65] <Debug>: Ping timer fired, resetting watchdog
Aug 27 21:17:56.874481 biometrickitd(CoreMotion)[109] <Debug>: Ping timer fired, resetting watchdog
Aug 27 21:17:57.897651 wifid(WiFiPolicy)[52] <Notice>: __WiFiLQAMgrLogStats(tech support:Stationary): Rssi: -36 {-36 0} Channel: 44 Bandwidth: 80Mhz Snr: 35 Cca: 21 (S:0 O:0 I:0) TxPer: 0.0% (0) BcnPer: 0.0% (0, 50.5%) RxFrms: 2 RxRetryFrames: 0 TxRate: 24000 RxRate: 6000 FBRate: 468000 TxFwFrms: 0 TxFwFail: 0 TxReTrans: 0 time: 65.8secs fgApp: dev.selfhost.firstActivationProbe
Aug 27 21:17:59.049182 mediaserverd(CoreMotion)[36] <Debug>: Ping timer fired, resetting watchdog
Aug 27 21:17:59.077435 nearbyd(CoreMotion)[157] <Debug>: Ping timer fired, resetting watchdog
Aug 27 21:17:59.142700 locationd[69] <Debug>: Ping timer fired, resetting watchdog
Aug 27 21:18:01.031919 SpringBoard(CoreMotion)[47602] <Debug>: Ping timer fired, resetting watchdog
Aug 27 21:18:01.501185 backboardd(CoreMotion)[65] <Debug>: Ping timer fired, resetting watchdog
Aug 27 21:18:01.892175 biometrickitd(CoreMotion)[109] <Debug>: Ping timer fired, resetting watchdog
Aug 27 21:18:02.561197 watchdogd[57] <Debug>: 1249530317584791: <private>
Aug 27 21:18:02.563829 watchdogd[57] <Info>: 1249530318174500: <private>
Aug 27 21:18:02.567765 watchdogd[57] <Debug>: 1249530318326416: <private>
Aug 27 21:18:02.569041 watchdogd[57] <Info>: 1249530318338291: <private>
Aug 27 21:18:02.570433 watchdogd[57] <Debug>: 1249530318460916: <private>
Aug 27 21:18:02.571793 watchdogd[57] <Debug>: 1249530318940916: <private>
Aug 27 21:18:02.573029 watchdogd[57] <Debug>: 1249530319635125: <private>
Aug 27 21:18:02.574139 watchdogd[57] <Debug>: 1249530319954791: <private>
Aug 27 21:18:02.575395 watchdogd[57] <Debug>: 1249530320578083: <private>
Aug 27 21:18:02.577035 watchdogd[57] <Debug>: 1249530320786875: <private>
Aug 27 21:18:02.578422 watchdogd[57] <Info>: 1249530320848541: <private>
Aug 27 21:18:02.580147 watchdogd[57] <Info>: 1249530320864583: <private>
Aug 27 21:18:02.581746 watchdogd[57] <Info>: 1249530320871000: <private>
Aug 27 21:18:02.583383 watchdogd[57] <Info>: 1249530320876083: <private>
Aug 27 21:18:02.585125 watchdogd[57] <Info>: 1249530320880666: <private>
Aug 27 21:18:02.587425 watchdogd[57] <Info>: 1249530320884833: <private>
Aug 27 21:18:02.589545 watchdogd[57] <Info>: 1249530320889041: <private>
Aug 27 21:18:02.591099 watchdogd[57] <Info>: 1249530320893000: <private>
Aug 27 21:18:02.901053 wifid(WiFiPolicy)[52] <Notice>: __WiFiLQAMgrLogStats(tech support:Stationary): Rssi: -37 {-36 0} Channel: 44 Bandwidth: 80Mhz Snr: 35 Cca: 29 (S:0 O:0 I:0) TxPer: 0.0% (0) BcnPer: 3.1% (98, 50.5%) RxFrms: 2 RxRetryFrames: 0 TxRate: 24000 RxRate: 6000 FBRate: 468000 TxFwFrms: 0 TxFwFail: 0 TxReTrans: 0 time: 70.8secs fgApp: dev.selfhost.firstActivationProbe
Aug 27 21:18:04.051258 mediaserverd(CoreMotion)[36] <Debug>: Ping timer fired, resetting watchdog
Aug 27 21:18:04.079420 nearbyd(CoreMotion)[157] <Debug>: Ping timer fired, resetting watchdog
Aug 27 21:18:04.144560 locationd[69] <Debug>: Ping timer fired, resetting watchdog
Aug 27 21:18:06.032422 SpringBoard(CoreMotion)[47602] <Debug>: Ping timer fired, resetting watchdog
Aug 27 21:18:06.475872 backboardd(CoreMotion)[65] <Debug>: Ping timer fired, resetting watchdog
Aug 27 21:18:06.874170 biometrickitd(CoreMotion)[109] <Debug>: Ping timer fired, resetting watchdog
Aug 27 21:18:07.922433 wifid(WiFiPolicy)[52] <Notice>: __WiFiLQAMgrLogStats(tech support:Stationary): Rssi: -36 {-35 0} Channel: 44 Bandwidth: 80Mhz Snr: 35 Cca: 17 (S:0 O:0 I:0) TxPer: 0.0% (0) BcnPer: 0.0% (0, 50.5%) RxFrms: 2 RxRetryFrames: 0 TxRate: 24000 RxRate: 6000 FBRate: 468000 TxFwFrms: 2 TxFwFail: 0 TxReTrans: 0 time: 75.8secs fgApp: dev.selfhost.firstActivationProbe
Aug 27 21:18:09.048214 mediaserverd(CoreMotion)[36] <Debug>: Ping timer fired, resetting watchdog
Aug 27 21:18:09.077257 nearbyd(CoreMotion)[157] <Debug>: Ping timer fired, resetting watchdog
Aug 27 21:18:09.143934 locationd[69] <Debug>: Ping timer fired, resetting watchdog
Aug 27 21:18:11.029847 SpringBoard(CoreMotion)[47602] <Debug>: Ping timer fired, resetting watchdog
Aug 27 21:18:11.523705 backboardd(CoreMotion)[65] <Debug>: Ping timer fired, resetting watchdog
Aug 27 21:18:11.879640 biometrickitd(CoreMotion)[109] <Debug>: Ping timer fired, resetting watchdog
Aug 27 21:18:12.564656 watchdogd[57] <Debug>: 1249540318348625: <private>
Aug 27 21:18:12.567041 watchdogd[57] <Info>: 1249540318925041: <private>
Aug 27 21:18:12.568238 watchdogd[57] <Debug>: 1249540319076791: <private>
Aug 27 21:18:12.569437 watchdogd[57] <Info>: 1249540319088375: <private>
Aug 27 21:18:12.570882 watchdogd[57] <Debug>: 1249540319213500: <private>
Aug 27 21:18:12.572186 watchdogd[57] <Debug>: 1249540319712500: <private>
Aug 27 21:18:12.573518 watchdogd[57] <Debug>: 1249540320487833: <private>
Aug 27 21:18:12.574740 watchdogd[57] <Debug>: 1249540320677375: <private>
Aug 27 21:18:12.575925 watchdogd[57] <Debug>: 1249540321243083: <private>
Aug 27 21:18:12.577272 watchdogd[57] <Debug>: 1249540321392291: <private>
Aug 27 21:18:12.578798 watchdogd[57] <Info>: 1249540321452041: <private>
Aug 27 21:18:12.580234 watchdogd[57] <Info>: 1249540321467666: <private>
Aug 27 21:18:12.581550 watchdogd[57] <Info>: 1249540321473791: <private>
Aug 27 21:18:12.582693 watchdogd[57] <Info>: 1249540321479166: <private>
Aug 27 21:18:12.585223 watchdogd[57] <Info>: 1249540321483708: <private>
Aug 27 21:18:12.586448 watchdogd[57] <Info>: 1249540321488250: <private>
Aug 27 21:18:12.587622 watchdogd[57] <Info>: 1249540321492500: <private>
Aug 27 21:18:12.588713 watchdogd[57] <Info>: 1249540321497166: <private>
Aug 27 21:18:12.930999 wifid(WiFiPolicy)[52] <Notice>: __WiFiLQAMgrLogStats(tech support:Stationary): Rssi: -36 {-36 0} Channel: 44 Bandwidth: 80Mhz Snr: 35 Cca: 32 (S:0 O:0 I:0) TxPer: 0.0% (0) BcnPer: 2.0% (98, 50.5%) RxFrms: 5 RxRetryFrames: 0 TxRate: 24000 RxRate: 6000 FBRate: 468000 TxFwFrms: 0 TxFwFail: 0 TxReTrans: 0 time: 80.8secs fgApp: dev.selfhost.firstActivationProbe
Aug 27 21:18:14.069976 mediaserverd(CoreMotion)[36] <Debug>: Ping timer fired, resetting watchdog
Aug 27 21:18:14.085281 nearbyd(CoreMotion)[157] <Debug>: Ping timer fired, resetting watchdog
Aug 27 21:18:14.141835 locationd[69] <Debug>: Ping timer fired, resetting watchdog
Aug 27 21:18:16.034242 SpringBoard(CoreMotion)[47602] <Debug>: Ping timer fired, resetting watchdog
Aug 27 21:18:16.477146 backboardd(CoreMotion)[65] <Debug>: Ping timer fired, resetting watchdog
Aug 27 21:18:16.776784 runningboardd(RunningBoard)[33] <Notice>: [daemon<com.apple.backupd>:50559] termination reported by launchd (0, 0, 0)
Aug 27 21:18:16.781212 runningboardd(RunningBoard)[33] <Notice>: Removing assertions for terminated process: [daemon<com.apple.backupd>:50559]
Aug 27 21:18:16.783874 runningboardd(RunningBoard)[33] <Debug>: Sending state update for daemon<com.apple.backupd>: <RBSProcessState| task:none debug:none terminationResistance:None>
Aug 27 21:18:16.871531 biometrickitd(CoreMotion)[109] <Debug>: Ping timer fired, resetting watchdog
Aug 27 21:18:17.940870 wifid(WiFiPolicy)[52] <Notice>: __WiFiLQAMgrLogStats(tech support:Stationary): Rssi: -36 {-35 0} Channel: 44 Bandwidth: 80Mhz Snr: 35 Cca: 32 (S:0 O:0 I:0) TxPer: 0.0% (0) BcnPer: 0.0% (0, 50.5%) RxFrms: 6 RxRetryFrames: 0 TxRate: 24000 RxRate: 6000 FBRate: 468000 TxFwFrms: 0 TxFwFail: 0 TxReTrans: 0 time: 85.8secs fgApp: dev.selfhost.firstActivationProbe
Aug 27 21:18:19.050698 mediaserverd(CoreMotion)[36] <Debug>: Ping timer fired, resetting watchdog
Aug 27 21:18:19.091952 nearbyd(CoreMotion)[157] <Debug>: Ping timer fired, resetting watchdog
Aug 27 21:18:19.195097 locationd[69] <Debug>: Ping timer fired, resetting watchdog
Aug 27 21:18:21.050707 SpringBoard(CoreMotion)[47602] <Debug>: Ping timer fired, resetting watchdog
Aug 27 21:18:21.475483 backboardd(CoreMotion)[65] <Debug>: Ping timer fired, resetting watchdog
Aug 27 21:18:21.871151 biometrickitd(CoreMotion)[109] <Debug>: Ping timer fired, resetting watchdog
Aug 27 21:18:22.566840 watchdogd[57] <Debug>: 1249550319070375: <private>
Aug 27 21:18:22.568131 watchdogd[57] <Info>: 1249550319674708: <private>
Aug 27 21:18:22.569510 watchdogd[57] <Debug>: 1249550319865333: <private>
Aug 27 21:18:22.570801 watchdogd[57] <Debug>: 1249550320229708: <private>
Aug 27 21:18:22.572444 watchdogd[57] <Info>: 1249550320240583: <private>
Aug 27 21:18:22.573777 watchdogd[57] <Debug>: 1249550321025083: <private>
Aug 27 21:18:22.575084 watchdogd[57] <Debug>: 1249550321393750: <private>
Aug 27 21:18:22.576478 watchdogd[57] <Debug>: 1249550321693125: <private>
Aug 27 21:18:22.577777 watchdogd[57] <Debug>: 1249550321936708: <private>
Aug 27 21:18:22.579797 watchdogd[57] <Debug>: 1249550322240291: <private>
Aug 27 21:18:22.583673 watchdogd[57] <Info>: 1249550322299458: <private>
Aug 27 21:18:22.584819 watchdogd[57] <Info>: 1249550322313958: <private>
Aug 27 21:18:22.585958 watchdogd[57] <Info>: 1249550322319791: <private>
Aug 27 21:18:22.587343 watchdogd[57] <Info>: 1249550322324666: <private>
Aug 27 21:18:22.588994 watchdogd[57] <Info>: 1249550322329250: <private>
Aug 27 21:18:22.590182 watchdogd[57] <Info>: 1249550322333416: <private>
Aug 27 21:18:22.591464 watchdogd[57] <Info>: 1249550322337708: <private>
Aug 27 21:18:22.592864 watchdogd[57] <Info>: 1249550322341750: <private>
Aug 27 21:18:22.594433 watchdogd[57] <Info>: 1249550322984375: <private>
Aug 27 21:18:22.956623 wifid(WiFiPolicy)[52] <Notice>: __WiFiLQAMgrLogStats(tech support:Stationary): Rssi: -36 {-35 0} Channel: 44 Bandwidth: 80Mhz Snr: 35 Cca: 32 (S:0 O:0 I:0) TxPer: 0.0% (0) BcnPer: 0.0% (98, 50.5%) RxFrms: 2 RxRetryFrames: 0 TxRate: 24000 RxRate: 6000 FBRate: 468000 TxFwFrms: 1 TxFwFail: 0 TxReTrans: 0 time: 90.8secs fgApp: dev.selfhost.firstActivationProbe
Aug 27 21:18:23.112376 Runner(CoreFoundation)[50553] <Debug>: Resource lookup at <private>
Aug 27 21:18:23.114897 Runner(CoreAnalytics)[50553] <Info>: Dropping com.apple.metal.agx as it isn't used in any transform (not in the config or budgeted?)
Aug 27 21:18:24.049959 mediaserverd(CoreMotion)[36] <Debug>: Ping timer fired, resetting watchdog
Aug 27 21:18:24.094527 nearbyd(CoreMotion)[157] <Debug>: Ping timer fired, resetting watchdog
Aug 27 21:18:24.150970 locationd[69] <Debug>: Ping timer fired, resetting watchdog
Aug 27 21:18:26.029641 SpringBoard(CoreMotion)[47602] <Debug>: Ping timer fired, resetting watchdog
Aug 27 21:18:26.477188 backboardd(CoreMotion)[65] <Debug>: Ping timer fired, resetting watchdog
Aug 27 21:18:26.889768 biometrickitd(CoreMotion)[109] <Debug>: Ping timer fired, resetting watchdog
Aug 27 21:18:27.966568 wifid(WiFiPolicy)[52] <Notice>: __WiFiLQAMgrLogStats(tech support:Stationary): Rssi: -36 {-35 0} Channel: 44 Bandwidth: 80Mhz Snr: 35 Cca: 12 (S:0 O:0 I:0) TxPer: 0.0% (0) BcnPer: 0.0% (0, 50.5%) RxFrms: 2 RxRetryFrames: 0 TxRate: 24000 RxRate: 6000 FBRate: 468000 TxFwFrms: 1 TxFwFail: 0 TxReTrans: 0 time: 95.8secs fgApp: dev.selfhost.firstActivationProbe
Aug 27 21:18:29.049814 mediaserverd(CoreMotion)[36] <Debug>: Ping timer fired, resetting watchdog
Aug 27 21:18:29.099371 nearbyd(CoreMotion)[157] <Debug>: Ping timer fired, resetting watchdog
Aug 27 21:18:29.142936 locationd[69] <Debug>: Ping timer fired, resetting watchdog
Aug 27 21:18:31.028251 SpringBoard(CoreMotion)[47602] <Debug>: Ping timer fired, resetting watchdog
Aug 27 21:18:31.476679 backboardd(CoreMotion)[65] <Debug>: Ping timer fired, resetting watchdog
Aug 27 21:18:31.873232 biometrickitd(CoreMotion)[109] <Debug>: Ping timer fired, resetting watchdog
Aug 27 21:18:32.328305 useractivityd[184] <Debug>: SCHEDULE:idleDetermination scheduleNext, interval=0
Aug 27 21:18:32.329020 useractivityd[184] <Debug>: SCHEDULE:idleDetermination, next=NOW ( was forever ) freq=0
Aug 27 21:18:32.329751 useractivityd[184] <Debug>: SCHEDULE:idleDetermination, run.
Aug 27 21:18:32.330388 useractivityd[184] <Debug>: Determining idleDetermination, entering.
Aug 27 21:18:32.337570 useractivityd[184] <Debug>: SCHEDULE:idleDetermination, DONE run, next=forever
Aug 27 21:18:32.344292 useractivityd[184] <Debug>: SCHEDULE:idleDetermination scheduleNext, interval=0
Aug 27 21:18:32.344740 useractivityd[184] <Debug>: SCHEDULE:idleDetermination, next=NOW ( was forever ) freq=0
Aug 27 21:18:32.345935 useractivityd[184] <Debug>: SCHEDULE:idleDetermination, run.
Aug 27 21:18:32.346488 useractivityd[184] <Debug>: Determining idleDetermination, entering.
Aug 27 21:18:32.365084 useractivityd[184] <Debug>: SCHEDULE:idleDetermination, DONE run, next=forever
Aug 27 21:18:32.555608 watchdogd[57] <Debug>: 1249560319727291: <private>
Aug 27 21:18:32.555865 watchdogd[57] <Info>: 1249560319802166: <private>
Aug 27 21:18:32.556052 watchdogd[57] <Debug>: 1249560319900916: <private>
Aug 27 21:18:32.556203 watchdogd[57] <Debug>: 1249560319905666: <private>
Aug 27 21:18:32.556432 watchdogd[57] <Info>: 1249560319906416: <private>
Aug 27 21:18:32.556614 watchdogd[57] <Debug>: 1249560319973041: <private>
Aug 27 21:18:32.556778 watchdogd[57] <Debug>: 1249560320018333: <private>
Aug 27 21:18:32.556905 watchdogd[57] <Debug>: 1249560320109750: <private>
Aug 27 21:18:32.557061 watchdogd[57] <Debug>: 1249560320149333: <private>
Aug 27 21:18:32.557213 watchdogd[57] <Debug>: 1249560320169750: <private>
Aug 27 21:18:32.557388 watchdogd[57] <Info>: 1249560320176500: <private>
Aug 27 21:18:32.557549 watchdogd[57] <Info>: 1249560320178958: <private>
Aug 27 21:18:32.557695 watchdogd[57] <Info>: 1249560320179708: <private>
Aug 27 21:18:32.557913 watchdogd[57] <Info>: 1249560320180250: <private>
Aug 27 21:18:32.558198 watchdogd[57] <Info>: 1249560320180750: <private>
Aug 27 21:18:32.558358 watchdogd[57] <Info>: 1249560320181166: <private>
Aug 27 21:18:32.558453 watchdogd[57] <Info>: 1249560320181583: <private>
Aug 27 21:18:32.558548 watchdogd[57] <Info>: 1249560320181958: <private>
Aug 27 21:18:32.975562 wifid(WiFiPolicy)[52] <Notice>: __WiFiLQAMgrLogStats(tech support:Stationary): Rssi: -36 {-35 0} Channel: 44 Bandwidth: 80Mhz Snr: 35 Cca: 33 (S:0 O:0 I:0) TxPer: 0.0% (0) BcnPer: 3.1% (98, 50.5%) RxFrms: 4 RxRetryFrames: 0 TxRate: 24000 RxRate: 6000 FBRate: 468000 TxFwFrms: 0 TxFwFail: 0 TxReTrans: 0 time: 100.8secs fgApp: dev.selfhost.firstActivationProbe
Aug 27 21:18:34.051823 mediaserverd(CoreMotion)[36] <Debug>: Ping timer fired, resetting watchdog
Aug 27 21:18:34.086701 nearbyd(CoreMotion)[157] <Debug>: Ping timer fired, resetting watchdog
Aug 27 21:18:34.142369 locationd[69] <Debug>: Ping timer fired, resetting watchdog
Aug 27 21:18:34.669524 CommCenter(libSystemDetermination.dylib)[90] <Notice>: #I <private> = 0
Aug 27 21:18:36.030503 SpringBoard(CoreMotion)[47602] <Debug>: Ping timer fired, resetting watchdog
Aug 27 21:18:36.476067 backboardd(CoreMotion)[65] <Debug>: Ping timer fired, resetting watchdog
Aug 27 21:18:36.871990 biometrickitd(CoreMotion)[109] <Debug>: Ping timer fired, resetting watchdog
Aug 27 21:18:37.996597 wifid(WiFiPolicy)[52] <Notice>: __WiFiLQAMgrLogStats(tech support:Stationary): Rssi: -36 {-35 0} Channel: 44 Bandwidth: 80Mhz Snr: 35 Cca: 20 (S:0 O:0 I:0) TxPer: 0.0% (0) BcnPer: 0.0% (0, 50.5%) RxFrms: 1 RxRetryFrames: 0 TxRate: 24000 RxRate: 6000 FBRate: 468000 TxFwFrms: 0 TxFwFail: 0 TxReTrans: 0 time: 105.9secs fgApp: dev.selfhost.firstActivationProbe
Aug 27 21:18:39.046722 mediaserverd(CoreMotion)[36] <Debug>: Ping timer fired, resetting watchdog
Aug 27 21:18:39.090524 nearbyd(CoreMotion)[157] <Debug>: Ping timer fired, resetting watchdog
Aug 27 21:18:39.145190 locationd[69] <Debug>: Ping timer fired, resetting watchdog
Aug 27 21:18:40.002974 symptomsd(SymptomEvaluator)[170] <Debug>: --> activityBitmaps for dev.selfhost.firstActivationProbe on interface WiFi: [               0  0x8000000000000 ]
Aug 27 21:18:41.027999 SpringBoard(CoreMotion)[47602] <Debug>: Ping timer fired, resetting watchdog
Aug 27 21:18:41.510994 backboardd(CoreMotion)[65] <Debug>: Ping timer fired, resetting watchdog
Aug 27 21:18:41.871672 biometrickitd(CoreMotion)[109] <Debug>: Ping timer fired, resetting watchdog
Aug 27 21:18:42.563429 watchdogd[57] <Debug>: 1249570319907041: <private>
Aug 27 21:18:42.564893 watchdogd[57] <Info>: 1249570320261041: <private>
Aug 27 21:18:42.565707 watchdogd[57] <Debug>: 1249570320430666: <private>
Aug 27 21:18:42.566551 watchdogd[57] <Debug>: 1249570321495833: <private>
Aug 27 21:18:42.567386 watchdogd[57] <Debug>: 1249570321704041: <private>
Aug 27 21:18:42.568351 watchdogd[57] <Info>: 1249570321709708: <private>
Aug 27 21:18:42.569116 watchdogd[57] <Debug>: 1249570321922208: <private>
Aug 27 21:18:42.569729 watchdogd[57] <Debug>: 1249570322159041: <private>
Aug 27 21:18:42.570281 watchdogd[57] <Debug>: 1249570322179208: <private>
Aug 27 21:18:42.571198 watchdogd[57] <Debug>: 1249570322507833: <private>
Aug 27 21:18:42.572515 watchdogd[57] <Info>: 1249570322540541: <private>
Aug 27 21:18:42.573429 watchdogd[57] <Info>: 1249570322550000: <private>
Aug 27 21:18:42.574334 watchdogd[57] <Info>: 1249570322553458: <private>
Aug 27 21:18:42.575294 watchdogd[57] <Info>: 1249570322556208: <private>
Aug 27 21:18:42.576176 watchdogd[57] <Info>: 1249570322558625: <private>
Aug 27 21:18:42.577003 watchdogd[57] <Info>: 1249570322561041: <private>
Aug 27 21:18:42.577776 watchdogd[57] <Info>: 1249570322563708: <private>
Aug 27 21:18:42.578663 watchdogd[57] <Info>: 1249570322566000: <private>
Aug 27 21:18:42.998085 wifid(WiFiPolicy)[52] <Notice>: __WiFiLQAMgrLogStats(tech support:Stationary): Rssi: -36 {-35 0} Channel: 44 Bandwidth: 80Mhz Snr: 35 Cca: 33 (S:0 O:0 I:0) TxPer: 0.0% (0) BcnPer: 1.0% (98, 50.5%) RxFrms: 3 RxRetryFrames: 0 TxRate: 24000 RxRate: 6000 FBRate: 468000 TxFwFrms: 1 TxFwFail: 0 TxReTrans: 0 time: 110.9secs fgApp: dev.selfhost.firstActivationProbe
Aug 27 21:18:44.048992 mediaserverd(CoreMotion)[36] <Debug>: Ping timer fired, resetting watchdog
Aug 27 21:18:44.114617 nearbyd(CoreMotion)[157] <Debug>: Ping timer fired, resetting watchdog
Aug 27 21:18:44.140560 locationd[69] <Debug>: Ping timer fired, resetting watchdog
Aug 27 21:18:46.028420 SpringBoard(CoreMotion)[47602] <Debug>: Ping timer fired, resetting watchdog
Aug 27 21:18:46.475079 backboardd(CoreMotion)[65] <Debug>: Ping timer fired, resetting watchdog
Aug 27 21:18:46.873114 biometrickitd(CoreMotion)[109] <Debug>: Ping timer fired, resetting watchdog
Aug 27 21:18:47.996259 wifid(WiFiPolicy)[52] <Notice>: __WiFiLQAMgrLogStats(tech support:Stationary): Rssi: -37 {-35 -44} Channel: 44 Bandwidth: 80Mhz Snr: 35 Cca: 33 (S:0 O:0 I:0) TxPer: 0.0% (2) BcnPer: 0.0% (0, 50.5%) RxFrms: 8 RxRetryFrames: 2 TxRate: 24000 RxRate: 585000 FBRate: 468000 TxFwFrms: 3 TxFwFail: 0 TxReTrans: 0 time: 115.9secs fgApp: dev.selfhost.firstActivationProbe
Aug 27 21:18:49.049964 mediaserverd(CoreMotion)[36] <Debug>: Ping timer fired, resetting watchdog
Aug 27 21:18:49.083070 nearbyd(CoreMotion)[157] <Debug>: Ping timer fired, resetting watchdog
Aug 27 21:18:49.141929 locationd[69] <Debug>: Ping timer fired, resetting watchdog
Aug 27 21:18:51.030114 SpringBoard(CoreMotion)[47602] <Debug>: Ping timer fired, resetting watchdog
Aug 27 21:18:51.474783 backboardd(CoreMotion)[65] <Debug>: Ping timer fired, resetting watchdog
Aug 27 21:18:51.871079 biometrickitd(CoreMotion)[109] <Debug>: Ping timer fired, resetting watchdog
Aug 27 21:18:52.557650 watchdogd[57] <Debug>: 1249580320349833: <private>
Aug 27 21:18:52.558511 watchdogd[57] <Info>: 1249580320587833: <private>
Aug 27 21:18:52.559131 watchdogd[57] <Debug>: 1249580320649208: <private>
Aug 27 21:18:52.559651 watchdogd[57] <Info>: 1249580320653625: <private>
Aug 27 21:18:52.560066 watchdogd[57] <Debug>: 1249580320738833: <private>
Aug 27 21:18:52.560476 watchdogd[57] <Debug>: 1249580320917333: <private>
Aug 27 21:18:52.560886 watchdogd[57] <Debug>: 1249580321203666: <private>
Aug 27 21:18:52.561298 watchdogd[57] <Debug>: 1249580321363083: <private>
Aug 27 21:18:52.561708 watchdogd[57] <Debug>: 1249580321531833: <private>
Aug 27 21:18:52.562116 watchdogd[57] <Debug>: 1249580321675166: <private>
Aug 27 21:18:52.562523 watchdogd[57] <Info>: 1249580321698208: <private>
Aug 27 21:18:52.562931 watchdogd[57] <Info>: 1249580321705166: <private>
Aug 27 21:18:52.563348 watchdogd[57] <Info>: 1249580321707500: <private>
Aug 27 21:18:52.563755 watchdogd[57] <Info>: 1249580321709375: <private>
Aug 27 21:18:52.564166 watchdogd[57] <Info>: 1249580321710958: <private>
Aug 27 21:18:52.564576 watchdogd[57] <Info>: 1249580321712458: <private>
Aug 27 21:18:52.564984 watchdogd[57] <Info>: 1249580321714041: <private>
Aug 27 21:18:52.565405 watchdogd[57] <Info>: 1249580321715458: <private>
Aug 27 21:18:52.812117 runningboardd(RunningBoard)[33] <Info>: _requestedJetsamPriority = 6, _executablePath = /System/Library/PrivateFrameworks/MobileBackup.framework/backupd
Aug 27 21:18:52.819621 runningboardd(RunningBoard)[33] <Info>: _requestedJetsamPriority = 6, _executablePath = /System/Library/PrivateFrameworks/MobileBackup.framework/backupd
Aug 27 21:18:52.821920 runningboardd(RunningBoard)[33] <Debug>: Sending state update for daemon<com.apple.backupd>: <RBSProcessState| task:running debug:none terminationResistance:None>
Aug 27 21:18:53.009765 wifid(WiFiPolicy)[52] <Notice>: __WiFiLQAMgrLogStats(tech support:Stationary): Rssi: -36 {-35 0} Channel: 44 Bandwidth: 80Mhz Snr: 35 Cca: 16 (S:0 O:0 I:0) TxPer: 0.0% (0) BcnPer: 0.0% (98, 50.5%) RxFrms: 2 RxRetryFrames: 0 TxRate: 24000 RxRate: 585000 FBRate: 468000 TxFwFrms: 0 TxFwFail: 0 TxReTrans: 0 time: 120.9secs fgApp: dev.selfhost.firstActivationProbe
Aug 27 21:18:54.048494 mediaserverd(CoreMotion)[36] <Debug>: Ping timer fired, resetting watchdog
Aug 27 21:18:54.077289 nearbyd(CoreMotion)[157] <Debug>: Ping timer fired, resetting watchdog
Aug 27 21:18:54.141338 locationd[69] <Debug>: Ping timer fired, resetting watchdog
Aug 27 21:18:56.029174 SpringBoard(CoreMotion)[47602] <Debug>: Ping timer fired, resetting watchdog
Aug 27 21:18:56.474868 backboardd(CoreMotion)[65] <Debug>: Ping timer fired, resetting watchdog
Aug 27 21:18:56.871231 biometrickitd(CoreMotion)[109] <Debug>: Ping timer fired, resetting watchdog
Aug 27 21:18:58.037102 wifid(WiFiPolicy)[52] <Notice>: __WiFiLQAMgrLogStats(tech support:Stationary): Rssi: -37 {-36 0} Channel: 44 Bandwidth: 80Mhz Snr: 35 Cca: 16 (S:0 O:0 I:0) TxPer: 0.0% (2) BcnPer: 0.0% (0, 50.5%) RxFrms: 4 RxRetryFrames: 0 TxRate: 24000 RxRate: 780000 FBRate: 468000 TxFwFrms: 7 TxFwFail: 0 TxReTrans: 0 time: 125.9secs fgApp: dev.selfhost.firstActivationProbe
Aug 27 21:18:59.047817 mediaserverd(CoreMotion)[36] <Debug>: Ping timer fired, resetting watchdog
Aug 27 21:18:59.077452 nearbyd(CoreMotion)[157] <Debug>: Ping timer fired, resetting watchdog
Aug 27 21:18:59.140950 locationd[69] <Debug>: Ping timer fired, resetting watchdog
Aug 27 21:19:01.029264 SpringBoard(CoreMotion)[47602] <Debug>: Ping timer fired, resetting watchdog
Aug 27 21:19:01.474354 backboardd(CoreMotion)[65] <Debug>: Ping timer fired, resetting watchdog
Aug 27 21:19:01.870739 biometrickitd(CoreMotion)[109] <Debug>: Ping timer fired, resetting watchdog
Aug 27 21:19:02.564148 watchdogd[57] <Debug>: 1249590320769916: <private>
Aug 27 21:19:02.565517 watchdogd[57] <Info>: 1249590321336000: <private>
Aug 27 21:19:02.566654 watchdogd[57] <Debug>: 1249590321493708: <private>
Aug 27 21:19:02.567869 watchdogd[57] <Info>: 1249590321504958: <private>
Aug 27 21:19:02.569137 watchdogd[57] <Debug>: 1249590321732750: <private>
Aug 27 21:19:02.570401 watchdogd[57] <Debug>: 1249590322167750: <private>
Aug 27 21:19:02.571450 watchdogd[57] <Debug>: 1249590322572250: <private>
Aug 27 21:19:02.572750 watchdogd[57] <Debug>: 1249590323115166: <private>
Aug 27 21:19:02.574044 watchdogd[57] <Debug>: 1249590323561583: <private>
Aug 27 21:19:02.575297 watchdogd[57] <Debug>: 1249590323702875: <private>
Aug 27 21:19:02.576407 watchdogd[57] <Info>: 1249590323759375: <private>
Aug 27 21:19:02.577353 watchdogd[57] <Info>: 1249590323774208: <private>
Aug 27 21:19:02.578067 watchdogd[57] <Info>: 1249590323780458: <private>
Aug 27 21:19:02.578743 watchdogd[57] <Info>: 1249590323785416: <private>
Aug 27 21:19:02.583774 watchdogd[57] <Info>: 1249590323789875: <private>
Aug 27 21:19:02.585724 watchdogd[57] <Info>: 1249590323793958: <private>
Aug 27 21:19:02.588600 watchdogd[57] <Info>: 1249590323798083: <private>
Aug 27 21:19:02.590356 watchdogd[57] <Info>: 1249590323802041: <private>
Aug 27 21:19:02.591762 watchdogd[57] <Info>: 1249590324467083: <private>
Aug 27 21:19:03.048387 wifid(WiFiPolicy)[52] <Notice>: __WiFiLQAMgrLogStats(tech support:Stationary): Rssi: -37 {-36 0} Channel: 44 Bandwidth: 80Mhz Snr: 35 Cca: 27 (S:0 O:0 I:0) TxPer: 0.0% (1) BcnPer: 4.1% (98, 50.5%) RxFrms: 3 RxRetryFrames: 0 TxRate: 24000 RxRate: 780000 FBRate: 468000 TxFwFrms: 2 TxFwFail: 0 TxReTrans: 0 time: 130.9secs fgApp: dev.selfhost.firstActivationProbe
Aug 27 21:19:04.083534 mediaserverd(CoreMotion)[36] <Debug>: Ping timer fired, resetting watchdog
Aug 27 21:19:04.083894 nearbyd(CoreMotion)[157] <Debug>: Ping timer fired, resetting watchdog
Aug 27 21:19:04.139434 locationd[69] <Debug>: Ping timer fired, resetting watchdog
Aug 27 21:19:06.038455 SpringBoard(CoreMotion)[47602] <Debug>: Ping timer fired, resetting watchdog
Aug 27 21:19:06.474249 backboardd(CoreMotion)[65] <Debug>: Ping timer fired, resetting watchdog
Aug 27 21:19:06.870290 biometrickitd(CoreMotion)[109] <Debug>: Ping timer fired, resetting watchdog
Aug 27 21:19:08.051104 wifid(WiFiPolicy)[52] <Notice>: __WiFiLQAMgrLogStats(tech support:Moving): Rssi: -37 {-35 0} Channel: 44 Bandwidth: 80Mhz Snr: 35 Cca: 27 (S:0 O:0 I:0) TxPer: 0.0% (0) BcnPer: 0.0% (0, 50.5%) RxFrms: 1 RxRetryFrames: 0 TxRate: 24000 RxRate: 780000 FBRate: 468000 TxFwFrms: 0 TxFwFail: 0 TxReTrans: 0 time: 0.2secs fgApp: dev.selfhost.firstActivationProbe
Aug 27 21:19:08.881179 backboardd(BackBoardHIDEventFoundation)[65] <Debug>:   SELECT: reject (doesn't match environment:system display:(null)) deferringRule:{<environment: keyboardFocus; token: 0xB4A8982E> -> <pid=50553 token=com.apple.frontboard.systemappservices::sceneID%3Adev.selfhost.firstActivationProbe-default> : 123-deferDiscrete: SpringBoard: outbound} (main)
Aug 27 21:19:08.957649 backboardd(BackBoardHIDEventFoundation)[65] <Debug>:   SELECT: reject (doesn't match environment:system display:(null)) deferringRule:{<environment: keyboardFocus; token: 0xB4A8982E> -> <pid=50553 token=com.apple.frontboard.systemappservices::sceneID%3Adev.selfhost.firstActivationProbe-default> : 123-deferDiscrete: SpringBoard: outbound} (main)
Aug 27 21:19:09.009223 backboardd(BackBoardHIDEventFoundation)[65] <Debug>:   SELECT: reject (doesn't match environment:system display:(null)) deferringRule:{<environment: keyboardFocus; token: 0xB4A8982E> -> <pid=50553 token=com.apple.frontboard.systemappservices::sceneID%3Adev.selfhost.firstActivationProbe-default> : 123-deferDiscrete: SpringBoard: outbound} (main)
Aug 27 21:19:09.049558 mediaserverd(CoreMotion)[36] <Debug>: Ping timer fired, resetting watchdog
Aug 27 21:19:09.082453 nearbyd(CoreMotion)[157] <Debug>: Ping timer fired, resetting watchdog
Aug 27 21:19:09.138343 locationd[69] <Debug>: Ping timer fired, resetting watchdog
        <SBLayoutElement: 0x280860200; uniqueIdentifier: sceneID:dev.selfhost.firstActivationProbe-default; layoutRole: primary> {
        <SBLayoutElement: 0x280818000; uniqueIdentifier: sceneID:dev.selfhost.firstActivationProbe-default; layoutRole: primary> {
            SBLayoutRolePrimary = <SBDeviceApplicationSceneEntity: 0x283e34910; ID: sceneID:dev.selfhost.firstActivationProbe-default; layoutRole: primary> {
            SBLayoutRolePrimary = <SBDeviceApplicationSceneEntity: 0x283e363f0; ID: sceneID:dev.selfhost.firstActivationProbe-default; layoutRole: primary> {
<SBSceneReadySwitcherModifierEvent: 0x281dfe5a0; type: SceneReady; appLayout: <SBAppLayout: 0x28087bb80; primary: dev.selfhost.firstActivationProbe:default; environment: main> {
            bundleIdentifier = dev.selfhost.firstActivationProbe;
            uniqueIdentifier = sceneID:dev.selfhost.firstActivationProbe-default;
        <SBLayoutElement: 0x280818000; uniqueIdentifier: sceneID:dev.selfhost.firstActivationProbe-default; layoutRole: primary> {
        <SBLayoutElement: 0x280860200; uniqueIdentifier: sceneID:dev.selfhost.firstActivationProbe-default; layoutRole: primary> {
Aug 27 21:19:09.435923 SpringBoard[47602] <Notice>: policy: now generation: 269; keyboardFocusTarget: <nil>; recentlyUsedScenes: <recentPIDs: [50553]; recentSceneIdentityTokensByPID: {50553: [com.apple.frontboard.systemappservices::sceneID%3Adev.selfhost.firstActivationProbe-default]}>; selectionPolicy: SpringBoardOnly; shouldSuppressRemoteDeferring: 0
Aug 27 21:19:09.436026 SpringBoard[47602] <Notice>: rules: target changed from:<pid=50553 token=com.apple.frontboard.systemappservices::sceneID%3Adev.selfhost.firstActivationProbe-default> to (null)
<SBTransitionSwitcherModifierEvent: 0x282115800; type: MainTransition; transitionID: C308FF79-402A-49B6-9613-5F2083112617; phase: Prepare; animated: YES; fromEnvironmentMode: application; toEnvironmentMode: app-switcher; pendingTermination: {(
    <SBScrollToAppLayoutSwitcherEventResponse: 0x2808f1640; appLayout: "<SBAppLayout: 0x28087bb80; primary: dev.selfhost.firstActivationProbe:default; environment: main>">;
Aug 27 21:19:09.476628 SpringBoard(UIKitCore)[47602] <Notice>: [sceneID:dev.selfhost.firstActivationProbe-default] Setting deactivation reasons to: 'systemAnimation' for reason: updateAllScenesForBand - Assertion added.
Aug 27 21:19:09.477658 SpringBoard(FrontBoard)[47602] <Info>: Client intercepting scene update for scene: sceneID:dev.selfhost.firstActivationProbe-default
Aug 27 21:19:09.477799 SpringBoard(FrontBoard)[47602] <Debug>: START SCENE MUTATION ------- sceneID:dev.selfhost.firstActivationProbe-default
Aug 27 21:19:09.478040 SpringBoard(FrontBoard)[47602] <Debug>: [FBSceneManager] PENDING:   <BSEventQueueEvent: 0x281d42b60; sceneUpdatePrepared-sceneID:dev.selfhost.firstActivationProbe-default(6)> @ back
Aug 27 21:19:09.478158 SpringBoard(FrontBoard)[47602] <Debug>: [FBSceneManager] PENDING:   <BSEventQueueEvent: 0x281d40000; applySettings-sceneID:dev.selfhost.firstActivationProbe-default(6)> @ back
Aug 27 21:19:09.478257 SpringBoard(FrontBoard)[47602] <Debug>: Flushing all events for sceneID:dev.selfhost.firstActivationProbe-default
Aug 27 21:19:09.478376 SpringBoard(FrontBoard)[47602] <Debug>: [FBSceneManager] EXECUTING: <BSEventQueueEvent: 0x281d42b60; sceneUpdatePrepared-sceneID:dev.selfhost.firstActivationProbe-default(6)>
Aug 27 21:19:09.478608 SpringBoard(FrontBoard)[47602] <Debug>: [FBSceneManager] PENDING:   <BSEventQueueEvent: 0x281d437e0; sceneUpdatePrepared-sceneID:dev.selfhost.firstActivationProbe-default(6)> @ front
Aug 27 21:19:09.478797 SpringBoard(FrontBoard)[47602] <Debug>: [FBSceneManager] EXECUTING: <BSEventQueueEvent: 0x281d437e0; sceneUpdatePrepared-sceneID:dev.selfhost.firstActivationProbe-default(6)>
Aug 27 21:19:09.479892 SpringBoard(FrontBoard)[47602] <Debug>: [FBSceneManager] EXECUTING: <BSEventQueueEvent: 0x281d40000; applySettings-sceneID:dev.selfhost.firstActivationProbe-default(6)>
Aug 27 21:19:09.480085 SpringBoard(FrontBoard)[47602] <Debug>: [FBSceneManager] PENDING:   <BSEventQueueEvent: 0x281c11900; sceneUpdateApplied-sceneID:dev.selfhost.firstActivationProbe-default(6)> @ back
Aug 27 21:19:09.480372 SpringBoard(FrontBoard)[47602] <Debug>: [FBSceneManager] PENDING:   <BSEventQueueEvent: 0x281c100a0; sceneMutationCompletion-sceneID:dev.selfhost.firstActivationProbe-default(6)> @ back
Aug 27 21:19:09.480630 SpringBoard(FrontBoard)[47602] <Debug>: [FBSceneManager] EXECUTING: <BSEventQueueEvent: 0x281c11900; sceneUpdateApplied-sceneID:dev.selfhost.firstActivationProbe-default(6)>
Aug 27 21:19:09.481482 SpringBoard(FrontBoard)[47602] <Debug>: [FBSceneManager] PENDING:   <BSEventQueueEvent: 0x281d420a0; sceneUpdateApplied-sceneID:dev.selfhost.firstActivationProbe-default(6)> @ front
Aug 27 21:19:09.481905 SpringBoard(FrontBoard)[47602] <Info>: [sceneID:dev.selfhost.firstActivationProbe-default] Sending scene action [Forward Event][0x44ed] to process 0x109d9c0d0 (watchdog: none)
Aug 27 21:19:09.482400 SpringBoard(FrontBoard)[47602] <Debug>: [FBSceneManager] EXECUTING: <BSEventQueueEvent: 0x281d420a0; sceneUpdateApplied-sceneID:dev.selfhost.firstActivationProbe-default(6)>
Aug 27 21:19:09.483056 SpringBoard(FrontBoard)[47602] <Debug>: [FBSceneManager] EXECUTING: <BSEventQueueEvent: 0x281c100a0; sceneMutationCompletion-sceneID:dev.selfhost.firstActivationProbe-default(6)>
Aug 27 21:19:09.483354 SpringBoard(FrontBoard)[47602] <Debug>: ---------- END SCENE MUTATION: sceneID:dev.selfhost.firstActivationProbe-default
<SBTransitionSwitcherModifierEvent: 0x282116800; type: MainTransition; transitionID: C308FF79-402A-49B6-9613-5F2083112617; phase: Animate; animated: YES; fromEnvironmentMode: application; toEnvironmentMode: app-switcher; pendingTermination: {(
Aug 27 21:19:09.486834 Runner(CoreFoundation)[50553] <Debug>: Resource lookup at <private>
Aug 27 21:19:09.486963 Runner(CoreFoundation)[50553] <Debug>: Resource lookup at <private>
Aug 27 21:19:09.489617 SpringBoard(FrontBoard)[47602] <Info>: [sceneID:dev.selfhost.firstActivationProbe-default] Scene action [Forward Event][0x44ed] completed with success: 1
Aug 27 21:19:09.505370 SpringBoard(FrontBoard)[47602] <Info>: Client intercepting scene update for scene: sceneID:dev.selfhost.firstActivationProbe-default
Aug 27 21:19:09.505813 SpringBoard(UIKitCore)[47602] <Notice>: [sceneID:dev.selfhost.firstActivationProbe-default] Setting deactivation reasons to: 'systemAnimation' for reason: scene settings update - settings are eligible for deactivation reasons.
Aug 27 21:19:09.506123 SpringBoard(FrontBoard)[47602] <Debug>: START SCENE MUTATION ------- sceneID:dev.selfhost.firstActivationProbe-default
Aug 27 21:19:09.506400 SpringBoard(FrontBoard)[47602] <Debug>: [FBSceneManager] PENDING:   <BSEventQueueEvent: 0x281c540a0; sceneUpdatePrepared-sceneID:dev.selfhost.firstActivationProbe-default(7)> @ back
Aug 27 21:19:09.506663 SpringBoard(FrontBoard)[47602] <Debug>: [FBSceneManager] PENDING:   <BSEventQueueEvent: 0x281c59340; applySettings-sceneID:dev.selfhost.firstActivationProbe-default(7)> @ back
Aug 27 21:19:09.507177 SpringBoard(FrontBoard)[47602] <Debug>: Flushing all events for sceneID:dev.selfhost.firstActivationProbe-default
Aug 27 21:19:09.507670 SpringBoard(FrontBoard)[47602] <Debug>: [FBSceneManager] EXECUTING: <BSEventQueueEvent: 0x281c540a0; sceneUpdatePrepared-sceneID:dev.selfhost.firstActivationProbe-default(7)>
Aug 27 21:19:09.507828 SpringBoard(FrontBoard)[47602] <Debug>: [FBSceneManager] PENDING:   <BSEventQueueEvent: 0x281c7d280; sceneUpdatePrepared-sceneID:dev.selfhost.firstActivationProbe-default(7)> @ front
Aug 27 21:19:09.508028 SpringBoard(FrontBoard)[47602] <Debug>: [FBSceneManager] EXECUTING: <BSEventQueueEvent: 0x281c7d280; sceneUpdatePrepared-sceneID:dev.selfhost.firstActivationProbe-default(7)>
Aug 27 21:19:09.509837 SpringBoard(FrontBoard)[47602] <Debug>: [FBSceneManager] EXECUTING: <BSEventQueueEvent: 0x281c59340; applySettings-sceneID:dev.selfhost.firstActivationProbe-default(7)>
Aug 27 21:19:09.509990 SpringBoard(FrontBoard)[47602] <Debug>: [FBSceneManager] PENDING:   <BSEventQueueEvent: 0x281c7c920; sceneUpdateApplied-sceneID:dev.selfhost.firstActivationProbe-default(7)> @ back
Aug 27 21:19:09.510177 SpringBoard(FrontBoard)[47602] <Debug>: [FBSceneManager] PENDING:   <BSEventQueueEvent: 0x281c7dc40; sceneMutationCompletion-sceneID:dev.selfhost.firstActivationProbe-default(7)> @ back
Aug 27 21:19:09.510383 SpringBoard(FrontBoard)[47602] <Info>: [sceneID:dev.selfhost.firstActivationProbe-default] Sending scene action [Forward Event][0x6fc5] to process 0x109d9c0d0 (watchdog: none)
Aug 27 21:19:09.510598 SpringBoard(FrontBoard)[47602] <Debug>: [FBSceneManager] EXECUTING: <BSEventQueueEvent: 0x281c7c920; sceneUpdateApplied-sceneID:dev.selfhost.firstActivationProbe-default(7)>
Aug 27 21:19:09.510797 SpringBoard(FrontBoard)[47602] <Debug>: [FBSceneManager] PENDING:   <BSEventQueueEvent: 0x281c7d280; sceneUpdateApplied-sceneID:dev.selfhost.firstActivationProbe-default(7)> @ front
Aug 27 21:19:09.511020 SpringBoard(FrontBoard)[47602] <Debug>: [FBSceneManager] EXECUTING: <BSEventQueueEvent: 0x281c7d280; sceneUpdateApplied-sceneID:dev.selfhost.firstActivationProbe-default(7)>
Aug 27 21:19:09.511574 SpringBoard(FrontBoard)[47602] <Debug>: [FBSceneManager] EXECUTING: <BSEventQueueEvent: 0x281c7dc40; sceneMutationCompletion-sceneID:dev.selfhost.firstActivationProbe-default(7)>
Aug 27 21:19:09.511677 SpringBoard(FrontBoard)[47602] <Debug>: ---------- END SCENE MUTATION: sceneID:dev.selfhost.firstActivationProbe-default
Aug 27 21:19:09.515937 Runner(UIKitCore)[50553] <Notice>: sceneOfRecord: sceneID: sceneID:dev.selfhost.firstActivationProbe-default  persistentID: 38A6B0E8-D18B-43CA-916F-1BCC03B36967
Aug 27 21:19:09.516144 Runner(UIKitCore)[50553] <Notice>: Deactivation reason added: 5; deactivation reasons: 0 -> 32; animating application lifecycle event: 1
Aug 27 21:19:09.516327 Runner(CoreFoundation)[50553] <Debug>: Resource lookup at <private>
Aug 27 21:19:09.516689 Runner(UIKitCore)[50553] <Notice>: Deactivation reason added: 12; deactivation reasons: 32 -> 4128; animating application lifecycle event: 1
Aug 27 21:19:09.524608 SpringBoard(FrontBoard)[47602] <Info>: [sceneID:dev.selfhost.firstActivationProbe-default] Scene action [Forward Event][0x6fc5] completed with success: 1
<SBSceneReadySwitcherModifierEvent: 0x281c7c1c0; type: SceneReady; appLayout: <SBAppLayout: 0x28087bb80; primary: dev.selfhost.firstActivationProbe:default; environment: main> {
            bundleIdentifier = dev.selfhost.firstActivationProbe;
            uniqueIdentifier = sceneID:dev.selfhost.firstActivationProbe-default;
Aug 27 21:19:09.541435 useractivityd[184] <Debug>: SCHEDULE:idleDetermination scheduleNext, interval=0
Aug 27 21:19:09.541570 useractivityd[184] <Debug>: SCHEDULE:idleDetermination, next=NOW ( was forever ) freq=0
        <SBDeviceApplicationSceneEntity: 0x283e34910; ID: sceneID:dev.selfhost.firstActivationProbe-default; layoutRole: primary>
        <SBDeviceApplicationSceneEntity: 0x283e363f0; ID: sceneID:dev.selfhost.firstActivationProbe-default; layoutRole: primary>
        <SBDeviceApplicationSceneEntity: 0x283e34910; ID: sceneID:dev.selfhost.firstActivationProbe-default; layoutRole: primary>
        <SBDeviceApplicationSceneEntity: 0x283e363f0; ID: sceneID:dev.selfhost.firstActivationProbe-default; layoutRole: primary>
Aug 27 21:19:09.546135 SpringBoard[47602] <Notice>: keyboardFocus environment target removed from scene: sceneID:dev.selfhost.firstActivationProbe-default
Aug 27 21:19:09.548847 SpringBoard(FrontBoard)[47602] <Info>: Client intercepting scene update for scene: sceneID:dev.selfhost.firstActivationProbe-default
Aug 27 21:19:09.549192 SpringBoard(FrontBoard)[47602] <Debug>: START SCENE MUTATION ------- sceneID:dev.selfhost.firstActivationProbe-default
Aug 27 21:19:09.549543 SpringBoard(FrontBoard)[47602] <Debug>: [FBSceneManager] PENDING:   <BSEventQueueEvent: 0x281dd3d20; sceneUpdatePrepared-sceneID:dev.selfhost.firstActivationProbe-default(8)> @ back
Aug 27 21:19:09.549820 SpringBoard(FrontBoard)[47602] <Debug>: [FBSceneManager] PENDING:   <BSEventQueueEvent: 0x281c0c7c0; applySettings-sceneID:dev.selfhost.firstActivationProbe-default(8)> @ back
Aug 27 21:19:09.550035 SpringBoard(FrontBoard)[47602] <Debug>: Flushing all events for sceneID:dev.selfhost.firstActivationProbe-default
Aug 27 21:19:09.550227 SpringBoard(FrontBoard)[47602] <Debug>: [FBSceneManager] EXECUTING: <BSEventQueueEvent: 0x281dd3d20; sceneUpdatePrepared-sceneID:dev.selfhost.firstActivationProbe-default(8)>
Aug 27 21:19:09.550392 SpringBoard(FrontBoard)[47602] <Debug>: [FBSceneManager] PENDING:   <BSEventQueueEvent: 0x281d36d20; sceneUpdatePrepared-sceneID:dev.selfhost.firstActivationProbe-default(8)> @ front
Aug 27 21:19:09.550896 SpringBoard(FrontBoard)[47602] <Debug>: [FBSceneManager] EXECUTING: <BSEventQueueEvent: 0x281d36d20; sceneUpdatePrepared-sceneID:dev.selfhost.firstActivationProbe-default(8)>
Aug 27 21:19:09.551934 SpringBoard(FrontBoard)[47602] <Debug>: [FBSceneManager] EXECUTING: <BSEventQueueEvent: 0x281c0c7c0; applySettings-sceneID:dev.selfhost.firstActivationProbe-default(8)>
Aug 27 21:19:09.552170 SpringBoard(FrontBoard)[47602] <Debug>: [FBSceneManager] PENDING:   <BSEventQueueEvent: 0x281c0eba0; sceneUpdateApplied-sceneID:dev.selfhost.firstActivationProbe-default(8)> @ back
Aug 27 21:19:09.552358 SpringBoard(FrontBoard)[47602] <Debug>: [FBSceneManager] PENDING:   <BSEventQueueEvent: 0x281c0ff20; sceneMutationCompletion-sceneID:dev.selfhost.firstActivationProbe-default(8)> @ back
Aug 27 21:19:09.552603 SpringBoard(FrontBoard)[47602] <Debug>: [FBSceneManager] EXECUTING: <BSEventQueueEvent: 0x281c0eba0; sceneUpdateApplied-sceneID:dev.selfhost.firstActivationProbe-default(8)>
Aug 27 21:19:09.552875 SpringBoard(FrontBoard)[47602] <Info>: [sceneID:dev.selfhost.firstActivationProbe-default] Sending scene action [Forward Event][0x6e0d] to process 0x109d9c0d0 (watchdog: none)
Aug 27 21:19:09.553052 SpringBoard(FrontBoard)[47602] <Debug>: [FBSceneManager] PENDING:   <BSEventQueueEvent: 0x281d04e60; sceneUpdateApplied-sceneID:dev.selfhost.firstActivationProbe-default(8)> @ front
Aug 27 21:19:09.553278 SpringBoard(FrontBoard)[47602] <Debug>: [FBSceneManager] EXECUTING: <BSEventQueueEvent: 0x281d04e60; sceneUpdateApplied-sceneID:dev.selfhost.firstActivationProbe-default(8)>
Aug 27 21:19:09.553872 SpringBoard(FrontBoard)[47602] <Debug>: [FBSceneManager] EXECUTING: <BSEventQueueEvent: 0x281c0ff20; sceneMutationCompletion-sceneID:dev.selfhost.firstActivationProbe-default(8)>
Aug 27 21:19:09.554145 SpringBoard(FrontBoard)[47602] <Debug>: ---------- END SCENE MUTATION: sceneID:dev.selfhost.firstActivationProbe-default
Aug 27 21:19:09.559987 SpringBoard(FrontBoard)[47602] <Info>: [sceneID:dev.selfhost.firstActivationProbe-default] Scene action [Forward Event][0x6e0d] completed with success: 1
| itemUniqueID : sceneID:dev.selfhost.firstActivationProbe-default 
    bundleIdentifier = dev.selfhost.firstActivationProbe;
    uniqueIdentifier = sceneID:dev.selfhost.firstActivationProbe-default;
Aug 27 21:19:09.574447 SpringBoard[47602] <Debug>: [Main] async snapshot image loading for request <_SBAppSwitcherSnapshotImageCacheRequest: 0x281387750>, displayID=sceneID:dev.selfhost.firstActivationProbe-default, snapshot=<XBApplicationSnapshot: 0x109d2b930; identifier: 98586CB2-BB86-4E24-B86D-CC2B004FC1B9; launchInterfaceIdentifier: __from_UILaunchStoryboardName__; variantID: downscaled; contentType: GeneratedDefault; referenceSize: {375, 667}; interfaceOrientation: Portrait; userInterfaceStyle: Dark> {
Aug 27 21:19:09.574695 SpringBoard[47602] <Debug>: [Main] generated snapshot image from file at /private/var/mobile/Containers/Data/Application/18E6667F-E66B-4E74-92D9-B14869861554/Library/SplashBoard/Snapshots/dev.selfhost.firstActivationProbe - {DEFAULT GROUP}/downscaled/98586CB2-BB86-4E24-B86D-CC2B004FC1B9@2x.ktx
Aug 27 21:19:09.575976 useractivityd[184] <Debug>: SCHEDULE:idleDetermination, run.
Aug 27 21:19:09.576088 useractivityd[184] <Debug>: Determining idleDetermination, entering.
    bundleIdentifier = dev.selfhost.firstActivationProbe;
    uniqueIdentifier = sceneID:dev.selfhost.firstActivationProbe-default;
Aug 27 21:19:09.579833 SpringBoard(FrontBoard)[47602] <Debug>: [FBSceneManager] PENDING:   <BSEventQueueEvent: 0x281d5a560; updateComplete-sceneID:dev.selfhost.firstActivationProbe-default(8)> @ back
Aug 27 21:19:09.580064 SpringBoard(FrontBoard)[47602] <Debug>: [FBSceneManager] EXECUTING: <BSEventQueueEvent: 0x281d5a560; updateComplete-sceneID:dev.selfhost.firstActivationProbe-default(8)>
Aug 27 21:19:09.580312 SpringBoard(FrontBoard)[47602] <Debug>: [FBSceneManager] PENDING:   <BSEventQueueEvent: 0x281c1c6c0; sceneUpdateCompleted-sceneID:dev.selfhost.firstActivationProbe-default(8)> @ back
Aug 27 21:19:09.580533 SpringBoard(FrontBoard)[47602] <Debug>: [FBSceneManager] EXECUTING: <BSEventQueueEvent: 0x281c1c6c0; sceneUpdateCompleted-sceneID:dev.selfhost.firstActivationProbe-default(8)>
Aug 27 21:19:09.580758 SpringBoard(FrontBoard)[47602] <Debug>: [FBSceneManager] PENDING:   <BSEventQueueEvent: 0x281d5c240; sceneUpdateCompleted-sceneID:dev.selfhost.firstActivationProbe-default(8)> @ front
Aug 27 21:19:09.581520 SpringBoard(FrontBoard)[47602] <Debug>: [FBSceneManager] EXECUTING: <BSEventQueueEvent: 0x281d5c240; sceneUpdateCompleted-sceneID:dev.selfhost.firstActivationProbe-default(8)>
Aug 27 21:19:09.582360 SpringBoard(FrontBoard)[47602] <Debug>: [FBSceneManager] PENDING:   <BSEventQueueEvent: 0x281c1d300; updateComplete-sceneID:dev.selfhost.firstActivationProbe-default(8)> @ back
Aug 27 21:19:09.582612 SpringBoard(FrontBoard)[47602] <Debug>: [FBSceneManager] EXECUTING: <BSEventQueueEvent: 0x281c1d300; updateComplete-sceneID:dev.selfhost.firstActivationProbe-default(8)>
Aug 27 21:19:09.582849 SpringBoard(FrontBoard)[47602] <Debug>: [FBSceneManager] PENDING:   <BSEventQueueEvent: 0x281c18ea0; sceneUpdateCompleted-sceneID:dev.selfhost.firstActivationProbe-default(8)> @ back
Aug 27 21:19:09.583065 SpringBoard(FrontBoard)[47602] <Debug>: [FBSceneManager] EXECUTING: <BSEventQueueEvent: 0x281c18ea0; sceneUpdateCompleted-sceneID:dev.selfhost.firstActivationProbe-default(8)>
Aug 27 21:19:09.583879 SpringBoard(FrontBoard)[47602] <Debug>: [FBSceneManager] PENDING:   <BSEventQueueEvent: 0x281c17fe0; sceneUpdateCompleted-sceneID:dev.selfhost.firstActivationProbe-default(8)> @ front
Aug 27 21:19:09.584078 SpringBoard(FrontBoard)[47602] <Debug>: [FBSceneManager] EXECUTING: <BSEventQueueEvent: 0x281c17fe0; sceneUpdateCompleted-sceneID:dev.selfhost.firstActivationProbe-default(8)>
Aug 27 21:19:09.585047 SpringBoard(FrontBoard)[47602] <Debug>: [FBSceneManager] PENDING:   <BSEventQueueEvent: 0x281d5a560; updateComplete-sceneID:dev.selfhost.firstActivationProbe-default(8)> @ back
Aug 27 21:19:09.585159 SpringBoard(FrontBoard)[47602] <Debug>: [FBSceneManager] EXECUTING: <BSEventQueueEvent: 0x281d5a560; updateComplete-sceneID:dev.selfhost.firstActivationProbe-default(8)>
Aug 27 21:19:09.585261 SpringBoard(FrontBoard)[47602] <Debug>: [FBSceneManager] PENDING:   <BSEventQueueEvent: 0x281d5c240; sceneUpdateCompleted-sceneID:dev.selfhost.firstActivationProbe-default(8)> @ back
Aug 27 21:19:09.585361 SpringBoard(FrontBoard)[47602] <Debug>: [FBSceneManager] EXECUTING: <BSEventQueueEvent: 0x281d5c240; sceneUpdateCompleted-sceneID:dev.selfhost.firstActivationProbe-default(8)>
Aug 27 21:19:09.585665 SpringBoard(FrontBoard)[47602] <Debug>: [FBSceneManager] PENDING:   <BSEventQueueEvent: 0x281c6b0e0; sceneUpdateCompleted-sceneID:dev.selfhost.firstActivationProbe-default(8)> @ front
Aug 27 21:19:09.585766 SpringBoard(FrontBoard)[47602] <Debug>: [FBSceneManager] EXECUTING: <BSEventQueueEvent: 0x281c6b0e0; sceneUpdateCompleted-sceneID:dev.selfhost.firstActivationProbe-default(8)>
Aug 27 21:19:09.612738 useractivityd[184] <Debug>: SCHEDULE:idleDetermination, DONE run, next=forever
Aug 27 21:19:09.617172 runningboardd(RunningBoard)[33] <Debug>: [daemon<com.apple.CommCenter>:90] query resolved to [application<dev.selfhost.firstActivationProbe>:50553]
Aug 27 21:19:09.641768 Runner(UIKitCore)[50553] <Notice>: sceneOfRecord: sceneID: sceneID:dev.selfhost.firstActivationProbe-default  persistentID: 38A6B0E8-D18B-43CA-916F-1BCC03B36967
Aug 27 21:19:09.642317 Runner(UIKitCore)[50553] <Notice>: sceneOfRecord: sceneID: sceneID:dev.selfhost.firstActivationProbe-default  persistentID: 38A6B0E8-D18B-43CA-916F-1BCC03B36967
        <SBSDisplayLayoutElement: 0x28364fdb0; sceneID:dev.selfhost.firstActivationProbe-default; bundleID: dev.selfhost.firstActivationProbe; frame: {{0, 0}, {375, 667}}; level: 1; role: primary>;
Aug 27 21:19:09.694897 bluetoothd(CoreUtils)[86] <Notice>: SystemUI unknown identifier: 'sceneID:dev.selfhost.firstActivationProbe-default' / 'dev.selfhost.firstActivationProbe'
Aug 27 21:19:09.696266 sharingd[66] <Debug>: SystemUI unknown identifier: 'sceneID:dev.selfhost.firstActivationProbe-default'/ 'dev.selfhost.firstActivationProbe'
Aug 27 21:19:09.704412 runningboardd(RunningBoard)[33] <Debug>: [daemon<com.apple.SpringBoard>:47602] query resolved to [application<dev.selfhost.firstActivationProbe>:50553]
Aug 27 21:19:10.179786 backboardd(IOHIDEventProcessorFilter)[65] <Debug>: created terminal(1) event 0x107779510 type 29
Aug 27 21:19:10.180613 backboardd(IOHIDEventProcessorFilter)[65] <Debug>: terminal event detected, letting through
<SBTransitionSwitcherModifierEvent: 0x282165500; type: MainTransition; transitionID: C308FF79-402A-49B6-9613-5F2083112617; phase: Complete; animated: YES; fromEnvironmentMode: application; toEnvironmentMode: app-switcher; pendingTermination: {(
Aug 27 21:19:10.206996 SpringBoard(UIKitCore)[47602] <Notice>: [sceneID:dev.selfhost.firstActivationProbe-default] Setting deactivation reasons to: 'appSwitcher, systemAnimation' for reason: updateAllScenesForBand - Assertion added.
Aug 27 21:19:10.208784 SpringBoard(FrontBoard)[47602] <Info>: Client intercepting scene update for scene: sceneID:dev.selfhost.firstActivationProbe-default
Aug 27 21:19:10.209035 SpringBoard(FrontBoard)[47602] <Debug>: START SCENE MUTATION ------- sceneID:dev.selfhost.firstActivationProbe-default
Aug 27 21:19:10.209255 SpringBoard(FrontBoard)[47602] <Debug>: [FBSceneManager] PENDING:   <BSEventQueueEvent: 0x281d852e0; sceneUpdatePrepared-sceneID:dev.selfhost.firstActivationProbe-default(9)> @ back
Aug 27 21:19:10.209722 SpringBoard(FrontBoard)[47602] <Debug>: [FBSceneManager] PENDING:   <BSEventQueueEvent: 0x281d844e0; applySettings-sceneID:dev.selfhost.firstActivationProbe-default(9)> @ back
Aug 27 21:19:10.209972 SpringBoard(FrontBoard)[47602] <Debug>: Flushing all events for sceneID:dev.selfhost.firstActivationProbe-default
Aug 27 21:19:10.211014 SpringBoard(FrontBoard)[47602] <Debug>: [FBSceneManager] EXECUTING: <BSEventQueueEvent: 0x281d852e0; sceneUpdatePrepared-sceneID:dev.selfhost.firstActivationProbe-default(9)>
Aug 27 21:19:10.212152 SpringBoard(FrontBoard)[47602] <Debug>: [FBSceneManager] PENDING:   <BSEventQueueEvent: 0x281de1d60; sceneUpdatePrepared-sceneID:dev.selfhost.firstActivationProbe-default(9)> @ front
Aug 27 21:19:10.212441 SpringBoard(FrontBoard)[47602] <Debug>: [FBSceneManager] EXECUTING: <BSEventQueueEvent: 0x281de1d60; sceneUpdatePrepared-sceneID:dev.selfhost.firstActivationProbe-default(9)>
Aug 27 21:19:10.213934 SpringBoard(FrontBoard)[47602] <Debug>: [FBSceneManager] EXECUTING: <BSEventQueueEvent: 0x281d844e0; applySettings-sceneID:dev.selfhost.firstActivationProbe-default(9)>
Aug 27 21:19:10.216497 SpringBoard(FrontBoard)[47602] <Debug>: [FBSceneManager] PENDING:   <BSEventQueueEvent: 0x281d852e0; sceneUpdateApplied-sceneID:dev.selfhost.firstActivationProbe-default(9)> @ back
Aug 27 21:19:10.216871 SpringBoard(FrontBoard)[47602] <Debug>: [FBSceneManager] PENDING:   <BSEventQueueEvent: 0x281d84a00; sceneMutationCompletion-sceneID:dev.selfhost.firstActivationProbe-default(9)> @ back
Aug 27 21:19:10.217019 SpringBoard(FrontBoard)[47602] <Debug>: [FBSceneManager] EXECUTING: <BSEventQueueEvent: 0x281d852e0; sceneUpdateApplied-sceneID:dev.selfhost.firstActivationProbe-default(9)>
Aug 27 21:19:10.217121 SpringBoard(FrontBoard)[47602] <Debug>: [FBSceneManager] PENDING:   <BSEventQueueEvent: 0x281d844e0; sceneUpdateApplied-sceneID:dev.selfhost.firstActivationProbe-default(9)> @ front
Aug 27 21:19:10.217221 SpringBoard(FrontBoard)[47602] <Debug>: [FBSceneManager] EXECUTING: <BSEventQueueEvent: 0x281d844e0; sceneUpdateApplied-sceneID:dev.selfhost.firstActivationProbe-default(9)>
Aug 27 21:19:10.218747 SpringBoard(FrontBoard)[47602] <Debug>: [FBSceneManager] EXECUTING: <BSEventQueueEvent: 0x281d84a00; sceneMutationCompletion-sceneID:dev.selfhost.firstActivationProbe-default(9)>
Aug 27 21:19:10.219097 SpringBoard(FrontBoard)[47602] <Info>: [sceneID:dev.selfhost.firstActivationProbe-default] Sending scene action [Forward Event][0xf26b] to process 0x109d9c0d0 (watchdog: none)
Aug 27 21:19:10.219364 SpringBoard(FrontBoard)[47602] <Debug>: ---------- END SCENE MUTATION: sceneID:dev.selfhost.firstActivationProbe-default
Aug 27 21:19:10.221012 SpringBoard(UIKitCore)[47602] <Notice>: [sceneID:dev.selfhost.firstActivationProbe-default] Setting deactivation reasons to: 'appSwitcher' for reason: updateAllScenesForBand - Assertion removed.
Aug 27 21:19:10.222210 SpringBoard(FrontBoard)[47602] <Info>: Client intercepting scene update for scene: sceneID:dev.selfhost.firstActivationProbe-default
Aug 27 21:19:10.222929 SpringBoard(FrontBoard)[47602] <Debug>: START SCENE MUTATION ------- sceneID:dev.selfhost.firstActivationProbe-default
Aug 27 21:19:10.223922 SpringBoard(FrontBoard)[47602] <Debug>: [FBSceneManager] PENDING:   <BSEventQueueEvent: 0x281dcd740; sceneUpdatePrepared-sceneID:dev.selfhost.firstActivationProbe-default(10)> @ back
Aug 27 21:19:10.224430 SpringBoard(FrontBoard)[47602] <Debug>: [FBSceneManager] PENDING:   <BSEventQueueEvent: 0x281dd4060; applySettings-sceneID:dev.selfhost.firstActivationProbe-default(10)> @ back
Aug 27 21:19:10.225826 SpringBoard(FrontBoard)[47602] <Debug>: Flushing all events for sceneID:dev.selfhost.firstActivationProbe-default
Aug 27 21:19:10.226317 SpringBoard(FrontBoard)[47602] <Debug>: [FBSceneManager] EXECUTING: <BSEventQueueEvent: 0x281dcd740; sceneUpdatePrepared-sceneID:dev.selfhost.firstActivationProbe-default(10)>
Aug 27 21:19:10.227803 SpringBoard(FrontBoard)[47602] <Debug>: [FBSceneManager] PENDING:   <BSEventQueueEvent: 0x281dd3ce0; sceneUpdatePrepared-sceneID:dev.selfhost.firstActivationProbe-default(10)> @ front
Aug 27 21:19:10.228299 SpringBoard(FrontBoard)[47602] <Debug>: [FBSceneManager] EXECUTING: <BSEventQueueEvent: 0x281dd3ce0; sceneUpdatePrepared-sceneID:dev.selfhost.firstActivationProbe-default(10)>
Aug 27 21:19:10.229707 SpringBoard(FrontBoard)[47602] <Debug>: [FBSceneManager] EXECUTING: <BSEventQueueEvent: 0x281dd4060; applySettings-sceneID:dev.selfhost.firstActivationProbe-default(10)>
Aug 27 21:19:10.230215 SpringBoard(FrontBoard)[47602] <Debug>: [FBSceneManager] PENDING:   <BSEventQueueEvent: 0x281dd3ce0; sceneUpdateApplied-sceneID:dev.selfhost.firstActivationProbe-default(10)> @ back
Aug 27 21:19:10.230682 SpringBoard(FrontBoard)[47602] <Debug>: [FBSceneManager] PENDING:   <BSEventQueueEvent: 0x281dd3b40; sceneMutationCompletion-sceneID:dev.selfhost.firstActivationProbe-default(10)> @ back
Aug 27 21:19:10.234403 SpringBoard(FrontBoard)[47602] <Debug>: [FBSceneManager] EXECUTING: <BSEventQueueEvent: 0x281dd3ce0; sceneUpdateApplied-sceneID:dev.selfhost.firstActivationProbe-default(10)>
Aug 27 21:19:10.235017 SpringBoard(FrontBoard)[47602] <Info>: [sceneID:dev.selfhost.firstActivationProbe-default] Sending scene action [Forward Event][0xe3c6] to process 0x109d9c0d0 (watchdog: none)
Aug 27 21:19:10.235594 SpringBoard(FrontBoard)[47602] <Info>: [sceneID:dev.selfhost.firstActivationProbe-default] Scene action [Forward Event][0xf26b] completed with success: 1
Aug 27 21:19:10.236059 SpringBoard(FrontBoard)[47602] <Debug>: [FBSceneManager] PENDING:   <BSEventQueueEvent: 0x281d205a0; sceneUpdateApplied-sceneID:dev.selfhost.firstActivationProbe-default(10)> @ front
Aug 27 21:19:10.236499 SpringBoard(FrontBoard)[47602] <Debug>: [FBSceneManager] EXECUTING: <BSEventQueueEvent: 0x281d205a0; sceneUpdateApplied-sceneID:dev.selfhost.firstActivationProbe-default(10)>
Aug 27 21:19:10.238111 SpringBoard(FrontBoard)[47602] <Debug>: [FBSceneManager] EXECUTING: <BSEventQueueEvent: 0x281dd3b40; sceneMutationCompletion-sceneID:dev.selfhost.firstActivationProbe-default(10)>
Aug 27 21:19:10.238826 SpringBoard(FrontBoard)[47602] <Debug>: ---------- END SCENE MUTATION: sceneID:dev.selfhost.firstActivationProbe-default
Aug 27 21:19:10.248343 SpringBoard(FrontBoard)[47602] <Info>: [sceneID:dev.selfhost.firstActivationProbe-default] Scene action [Forward Event][0xe3c6] completed with success: 1
Aug 27 21:19:10.254492 Runner(UIKitCore)[50553] <Notice>: sceneOfRecord: sceneID: sceneID:dev.selfhost.firstActivationProbe-default  persistentID: 38A6B0E8-D18B-43CA-916F-1BCC03B36967
Aug 27 21:19:10.255479 SpringBoard[47602] <Notice>: Front display did change: <SBApplication: 0x28242b100; dev.selfhost.firstActivationProbe>
        <SBDeviceApplicationSceneEntity: 0x283e34910; ID: sceneID:dev.selfhost.firstActivationProbe-default; layoutRole: primary>
        <SBDeviceApplicationSceneEntity: 0x283e363f0; ID: sceneID:dev.selfhost.firstActivationProbe-default; layoutRole: primary>
                            Application: <SBDeviceApplicationSceneEntity: 0x283e34910; ID: sceneID:dev.selfhost.firstActivationProbe-default; layoutRole: primary>
                            SceneID: sceneID:dev.selfhost.firstActivationProbe-default
                                    Process: <FBApplicationProcess: 0x109d9c0d0; application<dev.selfhost.firstActivationProbe>:50553(v6DC48)>
                                    SceneID: sceneID:dev.selfhost.firstActivationProbe-default
        <SBDeviceApplicationSceneEntity: 0x283e34910; ID: sceneID:dev.selfhost.firstActivationProbe-default; layoutRole: primary>
        <SBDeviceApplicationSceneEntity: 0x283e363f0; ID: sceneID:dev.selfhost.firstActivationProbe-default; layoutRole: primary>
        <SBDeviceApplicationSceneEntity: 0x283e34910; ID: sceneID:dev.selfhost.firstActivationProbe-default; layoutRole: primary>
        <SBDeviceApplicationSceneEntity: 0x283e363f0; ID: sceneID:dev.selfhost.firstActivationProbe-default; layoutRole: primary>
Aug 27 21:19:10.278756 SpringBoard(FrontBoard)[47602] <Debug>: [FBSceneManager] PENDING:   <BSEventQueueEvent: 0x281dbb5a0; updateComplete-sceneID:dev.selfhost.firstActivationProbe-default(10)> @ back
Aug 27 21:19:10.278891 SpringBoard(FrontBoard)[47602] <Debug>: [FBSceneManager] EXECUTING: <BSEventQueueEvent: 0x281dbb5a0; updateComplete-sceneID:dev.selfhost.firstActivationProbe-default(10)>
Aug 27 21:19:10.279043 SpringBoard(FrontBoard)[47602] <Debug>: [FBSceneManager] PENDING:   <BSEventQueueEvent: 0x281c35380; sceneUpdateCompleted-sceneID:dev.selfhost.firstActivationProbe-default(10)> @ back
Aug 27 21:19:10.279173 SpringBoard(FrontBoard)[47602] <Debug>: [FBSceneManager] EXECUTING: <BSEventQueueEvent: 0x281c35380; sceneUpdateCompleted-sceneID:dev.selfhost.firstActivationProbe-default(10)>
Aug 27 21:19:10.279285 SpringBoard(FrontBoard)[47602] <Debug>: [FBSceneManager] PENDING:   <BSEventQueueEvent: 0x281dbb960; sceneUpdateCompleted-sceneID:dev.selfhost.firstActivationProbe-default(10)> @ front
Aug 27 21:19:10.279383 SpringBoard(FrontBoard)[47602] <Debug>: [FBSceneManager] EXECUTING: <BSEventQueueEvent: 0x281dbb960; sceneUpdateCompleted-sceneID:dev.selfhost.firstActivationProbe-default(10)>
Aug 27 21:19:10.279586 SpringBoard(FrontBoard)[47602] <Debug>: [FBSceneManager] PENDING:   <BSEventQueueEvent: 0x281c359e0; updateComplete-sceneID:dev.selfhost.firstActivationProbe-default(10)> @ back
Aug 27 21:19:10.279684 SpringBoard(FrontBoard)[47602] <Debug>: [FBSceneManager] EXECUTING: <BSEventQueueEvent: 0x281c359e0; updateComplete-sceneID:dev.selfhost.firstActivationProbe-default(10)>
Aug 27 21:19:10.279785 SpringBoard(FrontBoard)[47602] <Debug>: [FBSceneManager] PENDING:   <BSEventQueueEvent: 0x281c35680; sceneUpdateCompleted-sceneID:dev.selfhost.firstActivationProbe-default(10)> @ back
Aug 27 21:19:10.279882 SpringBoard(FrontBoard)[47602] <Debug>: [FBSceneManager] EXECUTING: <BSEventQueueEvent: 0x281c35680; sceneUpdateCompleted-sceneID:dev.selfhost.firstActivationProbe-default(10)>
Aug 27 21:19:10.279981 SpringBoard(FrontBoard)[47602] <Debug>: [FBSceneManager] PENDING:   <BSEventQueueEvent: 0x281dbb380; sceneUpdateCompleted-sceneID:dev.selfhost.firstActivationProbe-default(10)> @ front
Aug 27 21:19:10.280078 SpringBoard(FrontBoard)[47602] <Debug>: [FBSceneManager] EXECUTING: <BSEventQueueEvent: 0x281dbb380; sceneUpdateCompleted-sceneID:dev.selfhost.firstActivationProbe-default(10)>
Aug 27 21:19:10.286943 Runner(UIKitCore)[50553] <Notice>: Deactivation reason added: 3; deactivation reasons: 4128 -> 4136; animating application lifecycle event: 1
Aug 27 21:19:10.324435 Runner(UIKitCore)[50553] <Notice>: sceneOfRecord: sceneID: sceneID:dev.selfhost.firstActivationProbe-default  persistentID: 38A6B0E8-D18B-43CA-916F-1BCC03B36967
Aug 27 21:19:10.325361 Runner(UIKitCore)[50553] <Notice>: Deactivation reason removed: 5; deactivation reasons: 4136 -> 4104; animating application lifecycle event: 0
<SBSwipeToKillSwitcherModifierEvent: 0x283e0da90; type: SwipeToKill; progress: 1.062651; translation: {0, 826.00000000000011}; role: primary; appLayout: <SBAppLayout: 0x28087bb80; primary: dev.selfhost.firstActivationProbe:default; environment: main>>
<SBRemovalSwitcherModifierEvent: 0x2808029c0; type: Removal; phase: Prepare; role: primary; appLayout: <SBAppLayout: 0x28087bb80; primary: dev.selfhost.firstActivationProbe:default; environment: main>; reason: UserSwipeUp>
<SBRemovalSwitcherModifierEvent: 0x280800040; type: Removal; phase: Update; role: primary; appLayout: <SBAppLayout: 0x28087bb80; primary: dev.selfhost.firstActivationProbe:default; environment: main>; reason: UserSwipeUp>
        <SBLayoutElement: 0x280860200; uniqueIdentifier: sceneID:dev.selfhost.firstActivationProbe-default; layoutRole: primary> {
            SBLayoutRolePrimary = <SBDeviceApplicationSceneEntity: 0x283e0a710; ID: sceneID:dev.selfhost.firstActivationProbe-default; layoutRole: primary> {
Aug 27 21:19:10.440877 SpringBoard[47602] <Info>: Asserting background status for scenes: <FBScene: 0x28286f240; sceneID:dev.selfhost.firstActivationProbe-default>
Aug 27 21:19:10.440991 SpringBoard[47602] <Notice>: didRemoveExternalForegroundApplicationSceneHandle pid:50553 scene:com.apple.frontboard.systemappservices::sceneID%3Adev.selfhost.firstActivationProbe-default now:<empty>
        <SBLayoutElement: 0x280860200; uniqueIdentifier: sceneID:dev.selfhost.firstActivationProbe-default; layoutRole: primary> {
Aug 27 21:19:10.453244 SpringBoard(UIKitCore)[47602] <Notice>: [sceneID:dev.selfhost.firstActivationProbe-default] Setting deactivation reasons to: 'appSwitcher, systemAnimation' for reason: updateAllScenesForBand - Assertion added.
Aug 27 21:19:10.454614 SpringBoard(FrontBoard)[47602] <Info>: Client intercepting scene update for scene: sceneID:dev.selfhost.firstActivationProbe-default
Aug 27 21:19:10.455658 SpringBoard(FrontBoard)[47602] <Debug>: START SCENE MUTATION ------- sceneID:dev.selfhost.firstActivationProbe-default
Aug 27 21:19:10.456146 SpringBoard(FrontBoard)[47602] <Debug>: [FBSceneManager] PENDING:   <BSEventQueueEvent: 0x281c088a0; sceneUpdatePrepared-sceneID:dev.selfhost.firstActivationProbe-default(11)> @ back
Aug 27 21:19:10.456999 SpringBoard(FrontBoard)[47602] <Debug>: [FBSceneManager] PENDING:   <BSEventQueueEvent: 0x281c0bf40; applySettings-sceneID:dev.selfhost.firstActivationProbe-default(11)> @ back
Aug 27 21:19:10.457139 SpringBoard(FrontBoard)[47602] <Debug>: Flushing all events for sceneID:dev.selfhost.firstActivationProbe-default
Aug 27 21:19:10.457313 SpringBoard(FrontBoard)[47602] <Debug>: [FBSceneManager] EXECUTING: <BSEventQueueEvent: 0x281c088a0; sceneUpdatePrepared-sceneID:dev.selfhost.firstActivationProbe-default(11)>
Aug 27 21:19:10.457456 SpringBoard(FrontBoard)[47602] <Debug>: [FBSceneManager] PENDING:   <BSEventQueueEvent: 0x281c080e0; sceneUpdatePrepared-sceneID:dev.selfhost.firstActivationProbe-default(11)> @ front
Aug 27 21:19:10.457623 SpringBoard(FrontBoard)[47602] <Debug>: [FBSceneManager] EXECUTING: <BSEventQueueEvent: 0x281c080e0; sceneUpdatePrepared-sceneID:dev.selfhost.firstActivationProbe-default(11)>
Aug 27 21:19:10.458116 SpringBoard(FrontBoard)[47602] <Debug>: [FBSceneManager] EXECUTING: <BSEventQueueEvent: 0x281c0bf40; applySettings-sceneID:dev.selfhost.firstActivationProbe-default(11)>
Aug 27 21:19:10.458252 SpringBoard(FrontBoard)[47602] <Debug>: [FBSceneManager] PENDING:   <BSEventQueueEvent: 0x281c080e0; sceneUpdateApplied-sceneID:dev.selfhost.firstActivationProbe-default(11)> @ back
Aug 27 21:19:10.458495 SpringBoard(FrontBoard)[47602] <Debug>: [FBSceneManager] PENDING:   <BSEventQueueEvent: 0x281c0b220; sceneMutationCompletion-sceneID:dev.selfhost.firstActivationProbe-default(11)> @ back
Aug 27 21:19:10.458658 SpringBoard(FrontBoard)[47602] <Debug>: [FBSceneManager] EXECUTING: <BSEventQueueEvent: 0x281c080e0; sceneUpdateApplied-sceneID:dev.selfhost.firstActivationProbe-default(11)>
Aug 27 21:19:10.458782 SpringBoard(FrontBoard)[47602] <Debug>: [FBSceneManager] PENDING:   <BSEventQueueEvent: 0x281c0bf40; sceneUpdateApplied-sceneID:dev.selfhost.firstActivationProbe-default(11)> @ front
Aug 27 21:19:10.458902 SpringBoard(FrontBoard)[47602] <Debug>: [FBSceneManager] EXECUTING: <BSEventQueueEvent: 0x281c0bf40; sceneUpdateApplied-sceneID:dev.selfhost.firstActivationProbe-default(11)>
Aug 27 21:19:10.459640 SpringBoard(FrontBoard)[47602] <Debug>: [FBSceneManager] EXECUTING: <BSEventQueueEvent: 0x281c0b220; sceneMutationCompletion-sceneID:dev.selfhost.firstActivationProbe-default(11)>
Aug 27 21:19:10.460438 SpringBoard(FrontBoard)[47602] <Debug>: ---------- END SCENE MUTATION: sceneID:dev.selfhost.firstActivationProbe-default
Aug 27 21:19:10.461670 SpringBoard(FrontBoard)[47602] <Info>: [sceneID:dev.selfhost.firstActivationProbe-default] Sending scene action [Forward Event][0xfa8c] to process 0x109d9c0d0 (watchdog: none)
Aug 27 21:19:10.472384 SpringBoard(FrontBoard)[47602] <Info>: [sceneID:dev.selfhost.firstActivationProbe-default] Scene action [Forward Event][0xfa8c] completed with success: 1
<SBTransitionSwitcherModifierEvent: 0x282116100; type: MainTransition; transitionID: A3FA848B-4E63-41FA-B628-6FCBE6192064; phase: Prepare; animated: YES; fromAppLayout: <SBAppLayout: 0x28087bb80; primary: dev.selfhost.firstActivationProbe:default; environment: main>; toAppLayout: 0x0; fromEnvironmentMode: app-switcher; toEnvironmentMode: home-screen; pendingTermination: {(
    bundleIdentifier = dev.selfhost.firstActivationProbe;
    uniqueIdentifier = sceneID:dev.selfhost.firstActivationProbe-default;
Aug 27 21:19:10.500578 Runner(UIKitCore)[50553] <Notice>: sceneOfRecord: sceneID: sceneID:dev.selfhost.firstActivationProbe-default  persistentID: 38A6B0E8-D18B-43CA-916F-1BCC03B36967
<SBTransitionSwitcherModifierEvent: 0x28217e900; type: MainTransition; transitionID: A3FA848B-4E63-41FA-B628-6FCBE6192064; phase: Animate; animated: YES; fromAppLayout: <SBAppLayout: 0x28087bb80; primary: dev.selfhost.firstActivationProbe:default; environment: main>; toAppLayout: 0x0; fromEnvironmentMode: app-switcher; toEnvironmentMode: home-screen; pendingTermination: {(
    bundleIdentifier = dev.selfhost.firstActivationProbe;
    uniqueIdentifier = sceneID:dev.selfhost.firstActivationProbe-default;
        <SBDeviceApplicationSceneEntity: 0x283e0a710; ID: sceneID:dev.selfhost.firstActivationProbe-default; layoutRole: primary>
        <SBDeviceApplicationSceneEntity: 0x283e0a710; ID: sceneID:dev.selfhost.firstActivationProbe-default; layoutRole: primary>
Aug 27 21:19:10.520331 SpringBoard[47602] <Notice>: SBWorkspaceDestroyApplicationEntity: <SBDeviceApplicationSceneEntity: 0x283e366c0; ID: sceneID:dev.selfhost.firstActivationProbe-default; layoutRole: undefined> {
Aug 27 21:19:10.522192 SpringBoard(FrontBoard)[47602] <Notice>: Invalidating scene: sceneID:dev.selfhost.firstActivationProbe-default
Aug 27 21:19:10.523180 SpringBoard(FrontBoard)[47602] <Debug>: [FBSceneManager] PENDING:   <BSEventQueueEvent: 0x281dabde0; willInvalidate/willDestroy-sceneID:dev.selfhost.firstActivationProbe-default(12)> @ back
Aug 27 21:19:10.523304 SpringBoard(FrontBoard)[47602] <Debug>: [FBSceneManager] PENDING:   <BSEventQueueEvent: 0x281c68380; sceneDeactivation-sceneID:dev.selfhost.firstActivationProbe-default(12)> @ back
Aug 27 21:19:10.523444 SpringBoard(FrontBoard)[47602] <Debug>: [FBSceneManager] EXECUTING: <BSEventQueueEvent: 0x281dabde0; willInvalidate/willDestroy-sceneID:dev.selfhost.firstActivationProbe-default(12)>
Aug 27 21:19:10.523626 SpringBoard(FrontBoard)[47602] <Debug>: [FBSceneManager] PENDING:   <BSEventQueueEvent: 0x281c699a0; willInvalidate/willDestroy-sceneID:dev.selfhost.firstActivationProbe-default(12)> @ front
Aug 27 21:19:10.523750 SpringBoard(FrontBoard)[47602] <Debug>: [FBSceneManager] EXECUTING: <BSEventQueueEvent: 0x281c699a0; willInvalidate/willDestroy-sceneID:dev.selfhost.firstActivationProbe-default(12)>
Aug 27 21:19:10.524082 SpringBoard(UIKitCore)[47602] <Notice>: No longer tracking: <FBScene: 0x28286f240; sceneID:dev.selfhost.firstActivationProbe-default>
Aug 27 21:19:10.524523 SpringBoard(FrontBoard)[47602] <Debug>: [FBSceneManager] EXECUTING: <BSEventQueueEvent: 0x281c68380; sceneDeactivation-sceneID:dev.selfhost.firstActivationProbe-default(12)>
Aug 27 21:19:10.525036 SpringBoard(FrontBoard)[47602] <Notice>: [application<dev.selfhost.firstActivationProbe>:50553] Unregistering scene: <FBUIApplicationWorkspaceScene: 0x282601790; sceneID:dev.selfhost.firstActivationProbe-default>
Aug 27 21:19:10.525256 SpringBoard(FrontBoard)[47602] <Debug>: [FBSceneManager] PENDING:   <BSEventQueueEvent: 0x281c6b100; didDeactivate-sceneObserver-sceneID:dev.selfhost.firstActivationProbe-default(0)> @ back
Aug 27 21:19:10.525488 SpringBoard(FrontBoard)[47602] <Debug>: [FBSceneManager] PENDING:   <BSEventQueueEvent: 0x281c6ae40; didInvalidate-sceneObserver-sceneID:dev.selfhost.firstActivationProbe-default(0)> @ back
Aug 27 21:19:10.525675 SpringBoard(FrontBoard)[47602] <Debug>: [FBSceneManager] PENDING:   <BSEventQueueEvent: 0x281c6ac80; didDestroyScene-sceneManager-sceneID:dev.selfhost.firstActivationProbe-default(0)> @ back
Aug 27 21:19:10.525886 SpringBoard(FrontBoard)[47602] <Debug>: [FBSceneManager] EXECUTING: <BSEventQueueEvent: 0x281c6b100; didDeactivate-sceneObserver-sceneID:dev.selfhost.firstActivationProbe-default(0)>
Aug 27 21:19:10.526074 SpringBoard(FrontBoard)[47602] <Notice>: [application<dev.selfhost.firstActivationProbe>:50553] Workspace interruption policy did change: default
Aug 27 21:19:10.526246 SpringBoard(FrontBoard)[47602] <Debug>: [FBSceneManager] PENDING:   <BSEventQueueEvent: 0x281c68380; didDeactivate-sceneObserver-sceneID:dev.selfhost.firstActivationProbe-default(0)> @ front
Aug 27 21:19:10.526485 SpringBoard(FrontBoard)[47602] <Notice>: [application<dev.selfhost.firstActivationProbe>:50553] Setting process visibility to: Unknown
Aug 27 21:19:10.526645 SpringBoard(FrontBoard)[47602] <Debug>: [FBSceneManager] EXECUTING: <BSEventQueueEvent: 0x281c68380; didDeactivate-sceneObserver-sceneID:dev.selfhost.firstActivationProbe-default(0)>
Aug 27 21:19:10.526763 SpringBoard(FrontBoard)[47602] <Debug>: [FBSceneManager] EXECUTING: <BSEventQueueEvent: 0x281c6ae40; didInvalidate-sceneObserver-sceneID:dev.selfhost.firstActivationProbe-default(0)>
Aug 27 21:19:10.528755 SpringBoard(FrontBoard)[47602] <Debug>: [FBSceneManager] PENDING:   <BSEventQueueEvent: 0x281c68300; didInvalidate-sceneObserver-sceneID:dev.selfhost.firstActivationProbe-default(0)> @ front
Aug 27 21:19:10.529006 SpringBoard(FrontBoard)[47602] <Debug>: [FBSceneManager] EXECUTING: <BSEventQueueEvent: 0x281c68300; didInvalidate-sceneObserver-sceneID:dev.selfhost.firstActivationProbe-default(0)>
Aug 27 21:19:10.530430 Runner(UIKitCore)[50553] <Notice>: Deactivation reason added: 5; deactivation reasons: 4104 -> 4136; animating application lifecycle event: 1
Aug 27 21:19:10.530724 Runner(UIKitCore)[50553] <Notice>: [0x28063f6b0] End local event deferring requested for token: 0x280e2dd10; environments: 1; reason: UIWindowScene: 0x103e15070: end event deferring for scene invalidation
Aug 27 21:19:10.531759 Runner(UIKitCore)[50553] <Notice>: [0x28063f6b0] Removing all event deferring rules for reason: _UIEventDeferringManager: 0x28063f6b0: removing all deferring rules due to scene invalidation: 0x103e15070
Aug 27 21:19:10.542020 SpringBoard(FrontBoard)[47602] <Debug>: [FBSceneManager] EXECUTING: <BSEventQueueEvent: 0x281c6ac80; didDestroyScene-sceneManager-sceneID:dev.selfhost.firstActivationProbe-default(0)>
Aug 27 21:19:10.542145 SpringBoard(FrontBoard)[47602] <Debug>: [FBSceneManager] PENDING:   <BSEventQueueEvent: 0x281daba40; didDestroyScene-sceneManager-sceneID:dev.selfhost.firstActivationProbe-default(0)> @ front
Aug 27 21:19:10.542253 SpringBoard(FrontBoard)[47602] <Debug>: [FBSceneManager] EXECUTING: <BSEventQueueEvent: 0x281daba40; didDestroyScene-sceneManager-sceneID:dev.selfhost.firstActivationProbe-default(0)>
Aug 27 21:19:10.542642 SpringBoard[47602] <Notice>: [SBMainDisplaySceneManager sceneManager:didDestroyScene: <FBScene: 0x28286f240; sceneID:dev.selfhost.firstActivationProbe-default>] - proposing IdleTimerBehavior.
Aug 27 21:19:10.545864 Runner(UIKitCore)[50553] <Notice>: Scene will invalidate: UIWindowScene: 0x103e15070; scene identity: com.apple.frontboard.systemappservices::sceneID%3Adev.selfhost.firstActivationProbe-default
Aug 27 21:19:10.546281 Runner(UIKitCore)[50553] <Notice>: Key window needs update: 1; currentKeyWindowScene: 0x103e15070; evaluatedKeyWindowScene: 0x0; currentApplicationKeyWindow: 0x103e383b0; evaluatedApplicationKeyWindow: 0x0; reason: UIWindowScene: 0x103e15070: Window scene was invalidated
Aug 27 21:19:10.547248 SpringBoard(KeyboardArbiter)[47602] <Debug>: [<_UIKeyboardArbiterHandle: 0x282a13230; PID 50553: dev.selfhost.firstActivationProbe <com.apple.frontboard.systemappservices::sceneID%3Adev.selfhost.firstActivationProbe-default>; hosting PIDs {(
Aug 27 21:19:10.548960 Runner(UIKitCore)[50553] <Notice>: Window did become application key: (nil): 0x0; contextId: 0x0; scene identity: (nil)
Aug 27 21:19:10.549792 Runner(UIKitCore)[50553] <Notice>: sceneOfRecord: sceneID: (null)  persistentID: (null)
Aug 27 21:19:10.553916 Runner(UIKitCore)[50553] <Notice>: Deactivation reason added: 11; deactivation reasons: 4136 -> 6184; animating application lifecycle event: 0
Aug 27 21:19:10.554135 Runner(UIKitCore)[50553] <Notice>: <private>: Will add backgroundTask with taskName: <private>, expirationHandler: (null)
Aug 27 21:19:10.554259 Runner(UIKitCore)[50553] <Notice>: <private>: Created background task <private>. Assertion will be assigned soon
Aug 27 21:19:10.559313 SpringBoard(KeyboardArbiter)[47602] <Debug>: [_UIKeyboardArbiter] Lost connection [<_UIKeyboardArbiterHandle: 0x282a13230; PID 50553: dev.selfhost.firstActivationProbe <(null)>; hosting PIDs {(
Aug 27 21:19:10.559875 runningboardd(RunningBoard)[33] <Info>: Received message from [application<dev.selfhost.firstActivationProbe>:50553] (euid 501, auid 501): acquireAssertionWithDescriptor:error:
Aug 27 21:19:10.560614 runningboardd(RunningBoard)[33] <Notice>: Acquiring assertion targeting [application<dev.selfhost.firstActivationProbe>:50553] from originator [application<dev.selfhost.firstActivationProbe>:50553] with description <RBSAssertionDescriptor| "Shared Background Assertion 1 for dev.selfhost.firstActivationProbe" ID:33-50553-7505 target:50553 attributes:[
Aug 27 21:19:10.560944 runningboardd(RunningBoard)[33] <Notice>: Assertion 33-50553-7505 (target:[application<dev.selfhost.firstActivationProbe>:50553]) will be created as inactive as start-time-defining assertions exist
Aug 27 21:19:10.561848 runningboardd(RunningBoard)[33] <Notice>: Invalidating assertion 33-47602-7500 (target:[application<dev.selfhost.firstActivationProbe>:50553]) from originator [daemon<com.apple.SpringBoard>:47602]
Aug 27 21:19:10.563504 SpringBoard[47602] <Notice>: SBWorkspaceNoteApplicationEntityWasRemovedFromAppSwitcher: <SBDeviceApplicationSceneEntity: 0x283e366c0; ID: sceneID:dev.selfhost.firstActivationProbe-default; layoutRole: undefined> {
Aug 27 21:19:10.563827 SpringBoard[47602] <Notice>: SBWorkspaceTerminateApplication: dev.selfhost.firstActivationProbe: "killed from app switcher"
Aug 27 21:19:10.564643 SpringBoard(FrontBoard)[47602] <Notice>: [FBWorkspaceEvent] Executing: <FBWorkspaceEvent: 0x281c68b60; TerminateApp: dev.selfhost.firstActivationProbe (killed from app switcher)>
Aug 27 21:19:10.565053 SpringBoard(FrontBoard)[47602] <Notice>: [application<dev.selfhost.firstActivationProbe>:50553] SpringBoard requested termination ("killed from app switcher")
Aug 27 21:19:10.565475 SpringBoard(FrontBoard)[47602] <Notice>: [application<dev.selfhost.firstActivationProbe>:50553] Now flagged as pending exit for reason: explicit kill request from client
Aug 27 21:19:10.565866 SpringBoard(FrontBoard)[47602] <Notice>: [application<dev.selfhost.firstActivationProbe>:50553] Received termination request: <FBSProcessTerminationRequest: 0x28083db00; label: "killed from app switcher"; exceptionCode: "User Initiated Quit (0xDEADFA11)"; performGracefully: YES; reportType: (none); explanation: "killed from app switcher">
Aug 27 21:19:10.566215 SpringBoard(FrontBoard)[47602] <Notice>: [application<dev.selfhost.firstActivationProbe>:50553] Giving the process 5.0s to exit gracefully...
Aug 27 21:19:10.566722 Runner(UIKitCore)[50553] <Notice>: <private>: Creating new assertion since assertion is nil
Aug 27 21:19:10.566988 Runner(RunningBoardServices)[50553] <Info>: Acquiring assertion: <RBSAssertionDescriptor| "Shared Background Assertion 1 for dev.selfhost.firstActivationProbe" ID:(null) target:50553>
Aug 27 21:19:10.567274 Runner(RunningBoardServices)[50553] <Debug>: Adding assertion 33-50553-7505 to dictionary
Aug 27 21:19:10.567544 Runner(UIKitCore)[50553] <Notice>: <private>: Created new assertion <BKSProcessAssertion: 0x280e2dbd0>
Aug 27 21:19:10.568621 runningboardd(RunningBoard)[33] <Notice>: Setting intended exit status on [application<dev.selfhost.firstActivationProbe>:50553] to <RBSProcessExitStatus| domain:frontboard(10) code:user-quit(0xdeadfa11)>
Aug 27 21:19:10.569545 SpringBoard(KeyboardArbiter)[47602] <Debug>: [<_UIKeyboardArbiterHandle: 0x282a13230; PID 50553: dev.selfhost.firstActivationProbe <(null)>; hosting PIDs {(
Aug 27 21:19:10.569742 SpringBoard(KeyboardArbiter)[47602] <Debug>: [<_UIKeyboardArbiterHandle: 0x282a13230; PID 50553: dev.selfhost.firstActivationProbe <(null)>; hosting PIDs {(
Aug 27 21:19:10.569908 SpringBoard(RunningBoardServices)[47602] <Info>: Acquiring assertion: <RBSAssertionDescriptor| "FBProcess Graceful Termination: user initiated quit" ID:(null) target:50553>
Aug 27 21:19:10.570545 runningboardd(RunningBoard)[33] <Notice>: Acquiring assertion targeting [application<dev.selfhost.firstActivationProbe>:50553] from originator [daemon<com.apple.SpringBoard>:47602] with description <RBSAssertionDescriptor| "FBProcess Graceful Termination: user initiated quit" ID:33-47602-7506 target:50553 attributes:[
	<RBSDomainAttribute| domain:"com.apple.frontboard" name:"GracefulTermination" sourceEnvironment:"(null)">,
Aug 27 21:19:10.570672 runningboardd(RunningBoard)[33] <Notice>: Assertion 33-47602-7506 (target:[application<dev.selfhost.firstActivationProbe>:50553]) will be created as active
Aug 27 21:19:10.571193 runningboardd(RunningBoard)[33] <Notice>: Invalidating assertion 33-47602-7502 (target:[application<dev.selfhost.firstActivationProbe>:50553](UIScene:com.apple.frontboard.systemappservices::sceneID%3Adev.selfhost.firstActivationProbe-default)) from originator [daemon<com.apple.SpringBoard>:47602]
Aug 27 21:19:10.572237 runningboardd(RunningBoard)[33] <Debug>: BEGIN suppressing state updates for application<dev.selfhost.firstActivationProbe>
Aug 27 21:19:10.572364 runningboardd(RunningBoard)[33] <Debug>: Incrementing suppression state to 1 for application<dev.selfhost.firstActivationProbe>
Aug 27 21:19:10.572480 runningboardd(RunningBoard)[33] <Debug>: Adding assertion 33-50553-7505 (target:[application<dev.selfhost.firstActivationProbe>:50553])
Aug 27 21:19:10.572815 runningboardd(RunningBoard)[33] <Info>: application<dev.selfhost.firstActivationProbe> is now targeted by 5 assertions
Aug 27 21:19:10.574538 SpringBoard(FrontBoard)[47602] <Debug>: [FBSceneManager] PENDING:   <BSEventQueueEvent: 0x281c6aae0; updateComplete-sceneID:dev.selfhost.firstActivationProbe-default(0)> @ back
Aug 27 21:19:10.574807 SpringBoard(FrontBoard)[47602] <Debug>: [FBSceneManager] EXECUTING: <BSEventQueueEvent: 0x281c6aae0; updateComplete-sceneID:dev.selfhost.firstActivationProbe-default(0)>
<SBRemovalSwitcherModifierEvent: 0x280804500; type: Removal; phase: End; role: primary; appLayout: <SBAppLayout: 0x28087bb80; primary: dev.selfhost.firstActivationProbe:default; environment: main>; reason: UserSwipeUp>
Aug 27 21:19:10.576367 runningboardd(RunningBoard)[33] <Info>: Finished acquiring assertion 33-50553-7505 (target:[application<dev.selfhost.firstActivationProbe>:50553])
Aug 27 21:19:10.576506 runningboardd(RunningBoard)[33] <Debug>: Adding assertion 33-47602-7506 (target:[application<dev.selfhost.firstActivationProbe>:50553])
Aug 27 21:19:10.576858 runningboardd(RunningBoard)[33] <Info>: application<dev.selfhost.firstActivationProbe> is now targeted by 6 assertions
Aug 27 21:19:10.577375 runningboardd(RunningBoard)[33] <Debug>: Updating events for assertion: 33-50553-7505 (target:[application<dev.selfhost.firstActivationProbe>:50553])
Aug 27 21:19:10.581461 SpringBoard[47602] <Notice>: Application process state changed for dev.selfhost.firstActivationProbe: <SBApplicationProcessState: 0x281c68e00; pid: 50553; taskState: Running; visibility: Unknown>
Aug 27 21:19:10.581881 runningboardd(RunningBoard)[33] <Debug>: Removing events for context: 33-50553-7505 (target:[application<dev.selfhost.firstActivationProbe>:50553])
Aug 27 21:19:10.583655 runningboardd(RunningBoard)[33] <Debug>: Updating events for assertion: 33-47602-7506 (target:[application<dev.selfhost.firstActivationProbe>:50553])
Aug 27 21:19:10.583915 runningboardd(RunningBoard)[33] <Debug>: Removing events for context: 33-47602-7506 (target:[application<dev.selfhost.firstActivationProbe>:50553])
Aug 27 21:19:10.584586 runningboardd(RunningBoard)[33] <Debug>: Enqueueing events for assertion: 33-47602-7506 (target:[application<dev.selfhost.firstActivationProbe>:50553])
Aug 27 21:19:10.587515 runningboardd(RunningBoard)[33] <Info>: [application<dev.selfhost.firstActivationProbe>:50553] Applying updated state
Aug 27 21:19:10.587552 runningboardd(RunningBoard)[33] <Notice>: Calculated state for application<dev.selfhost.firstActivationProbe>: running-active (role: UserInteractiveFocal)
Aug 27 21:19:10.625841 cfprefsd(CoreFoundation)[91] <Debug>: Process 50553 (Runner) sent a request related to { com.apple.corevideo, user: mobile, kCFPreferencesCurrentHost, /Library/Managed Preferences/mobile/com.apple.corevideo.plist, managed: 1 } (0x101854230)
Aug 27 21:19:10.626002 Runner(UIKitCore)[50553] <Notice>: <private>: Reusing assertion <BKSProcessAssertion: 0x280e2dbd0>
Aug 27 21:19:10.626163 Runner(CoreFoundation)[50553] <Debug>: found no value for key LogGestureEnvironment in CFPrefsSearchListSource<0x28033cd00> (Domain: com.apple.UIKit, Container: (null))
Aug 27 21:19:10.626351 Runner(CoreFoundation)[50553] <Debug>: CFPrefsManagedSource<0x28032a900> (Domain: com.apple.corevideo, User: kCFPreferencesCurrentUser, ByHost: Yes, Container: (null), Contents Need Refresh: No) loaded: an empty base plist and no additional changes from the base plist
Aug 27 21:19:10.626512 Runner(CoreFoundation)[50553] <Debug>: CFPrefsManagedSource<0x28032a200> (Domain: com.apple.corevideo, User: kCFPreferencesAnyUser, ByHost: Yes, Container: (null), Contents Need Refresh: No) loaded: an empty base plist and no additional changes from the base plist
Aug 27 21:19:10.626619 Runner(CoreFoundation)[50553] <Debug>: CFPrefsPlistSource<0x28032a980> (Domain: com.apple.corevideo, User: kCFPreferencesCurrentUser, ByHost: No, Container: (null), Contents Need Refresh: No) loaded: an empty base plist and no additional changes from the base plist
Aug 27 21:19:10.626754 Runner(CoreFoundation)[50553] <Debug>: CFPrefsPlistSource<0x280329900> (Domain: com.apple.corevideo, User: kCFPreferencesAnyUser, ByHost: Yes, Container: (null), Contents Need Refresh: No) loaded: an empty base plist and no additional changes from the base plist
Aug 27 21:19:10.626924 Runner(CoreFoundation)[50553] <Debug>: found no value for key pools_trace in CFPrefsSearchListSource<0x28032aa00> (Domain: com.apple.corevideo, Container: (null))
Aug 27 21:19:10.627077 Runner(UIKitCore)[50553] <Notice>: <private>: Ending background task with UIBackgroundTaskIdentifier: 2
Aug 27 21:19:10.627282 Runner(UIKitCore)[50553] <Notice>: <private>: Ending task with identifier 2 and description: <private>, _expireHandler: (null)
Aug 27 21:19:10.627468 Runner(UIKitCore)[50553] <Notice>: <private>: Decrementing reference count for assertion used by background task with identifier 2: <private>
Aug 27 21:19:10.627860 cfprefsd(CoreFoundation)[91] <Debug>: Process 50553 (Runner) sent a request related to { com.apple.corevideo, user: kCFPreferencesAnyUser, kCFPreferencesCurrentHost, /Library/Managed Preferences/com.apple.corevideo.plist, managed: 1 } (0x101854230)
Aug 27 21:19:10.628169 cfprefsd(CoreFoundation)[91] <Debug>: Process 50553 (Runner) sent a request related to { com.apple.corevideo, user: mobile, kCFPreferencesAnyHost, /var/mobile/Library/Preferences/com.apple.corevideo.plist, managed: 0 } (0x101854230)
Aug 27 21:19:10.628548 cfprefsd(CoreFoundation)[91] <Debug>: Process 50553 (Runner) sent a request related to { com.apple.corevideo, user: kCFPreferencesAnyUser, kCFPreferencesCurrentHost, /var/preferences/com.apple.corevideo.plist, managed: 0 } (0x101854230)
Aug 27 21:19:10.628952 runningboardd(RunningBoard)[33] <Debug>: Decrementing suppression state to 0 for application<dev.selfhost.firstActivationProbe>
Aug 27 21:19:10.629158 runningboardd(RunningBoard)[33] <Debug>: END suppressing state updates for application<dev.selfhost.firstActivationProbe>
Aug 27 21:19:10.629289 runningboardd(RunningBoard)[33] <Debug>: Sending state update for application<dev.selfhost.firstActivationProbe>: <RBSProcessState| task:running-active debug:none terminationResistance:Interactive endowments:[
	<RBSProcessAssertionInfo| type:2 reason:10001 name:"Domain" domain:"com.apple.frontboard:GracefulTermination" expl:"FBProcess Graceful Termination: user initiated quit">,
	<RBSProcessAssertionInfo| type:1 reason:0 name:"Custom" domain:"(null)" expl:"injecting inherited from "UIScene:com.apple.frontboard.systemappservices::com.apple.springboard" to 50553<UIScene:com.apple.frontboard.systemappservices::sceneID%3Adev.selfhost.firstActivationProbe-default>">
Aug 27 21:19:10.629437 runningboardd(RunningBoard)[33] <Debug>: Sending state 0x1011d6ad0 for application<dev.selfhost.firstActivationProbe> to [daemon<com.apple.SpringBoard>:47602]
Aug 27 21:19:10.629565 runningboardd(RunningBoard)[33] <Debug>: Sending state 0x1011d6ad0 for application<dev.selfhost.firstActivationProbe> to [daemon<com.apple.UserEventAgent-System>:30]
Aug 27 21:19:10.630351 runningboardd(RunningBoard)[33] <Debug>: Removing assertion 33-47602-7502 on [application<dev.selfhost.firstActivationProbe>:50553](UIScene:com.apple.frontboard.systemappservices::sceneID%3Adev.selfhost.firstActivationProbe-default)
Aug 27 21:19:10.631908 runningboardd(RunningBoard)[33] <Debug>: Updating events for assertion: 33-47602-7502 (target:[application<dev.selfhost.firstActivationProbe>:50553](UIScene:com.apple.frontboard.systemappservices::sceneID%3Adev.selfhost.firstActivationProbe-default))
Aug 27 21:19:10.633029 runningboardd(RunningBoard)[33] <Debug>: Removing events for context: 33-47602-7502 (target:[application<dev.selfhost.firstActivationProbe>:50553](UIScene:com.apple.frontboard.systemappservices::sceneID%3Adev.selfhost.firstActivationProbe-default))
Aug 27 21:19:10.633608 runningboardd(RunningBoard)[33] <Debug>: Updating events for assertion: 33-47602-7500 (target:[application<dev.selfhost.firstActivationProbe>:50553])
Aug 27 21:19:10.634154 runningboardd(RunningBoard)[33] <Debug>: > application<dev.selfhost.firstActivationProbe> ['com.apple.frontboard.after-life.interrupted'] [33-47602-7500]
Aug 27 21:19:10.634755 runningboardd(RunningBoard)[33] <Debug>: > application<dev.selfhost.firstActivationProbe> ['FBWorkspace (ForegroundFocal)'] [33-47602-7504]
Aug 27 21:19:10.635869 runningboardd(RunningBoard)[33] <Debug>: Removing events for context: 33-47602-7500 (target:[application<dev.selfhost.firstActivationProbe>:50553])
Aug 27 21:19:10.638507 runningboardd(RunningBoard)[33] <Debug>: > application<dev.selfhost.firstActivationProbe> ['FBProcess Graceful Termination: user initiated quit'] [33-47602-7506]
Aug 27 21:19:10.638744 runningboardd(RunningBoard)[33] <Info>: application<dev.selfhost.firstActivationProbe> is now targeted by 5 assertions
Aug 27 21:19:10.639569 runningboardd(RunningBoard)[33] <Debug>: > 47602 ['FBProcess Graceful Termination: user initiated quit'] [33-47602-7506]
Aug 27 21:19:10.639916 runningboardd(RunningBoard)[33] <Debug>: > 47602 ['Shared Background Assertion 1 for dev.selfhost.firstActivationProbe'] [33-50553-7505]
Aug 27 21:19:10.640156 runningboardd(RunningBoard)[33] <Debug>: Removing assertion 33-47602-7500 on [application<dev.selfhost.firstActivationProbe>:50553]
Aug 27 21:19:10.641880 runningboardd(RunningBoard)[33] <Debug>: > application<dev.selfhost.firstActivationProbe> ['FBWorkspace (ForegroundFocal)'] [33-47602-7504]
Aug 27 21:19:10.644856 runningboardd(RunningBoard)[33] <Debug>: > application<dev.selfhost.firstActivationProbe> ['FBProcess Graceful Termination: user initiated quit'] [33-47602-7506]
Aug 27 21:19:10.645055 runningboardd(RunningBoard)[33] <Info>: application<dev.selfhost.firstActivationProbe> is now targeted by 4 assertions
Aug 27 21:19:10.645915 runningboardd(RunningBoard)[33] <Debug>: > 47602 ['FBProcess Graceful Termination: user initiated quit'] [33-47602-7506]
Aug 27 21:19:10.645950 runningboardd(RunningBoard)[33] <Debug>: > 47602 ['Shared Background Assertion 1 for dev.selfhost.firstActivationProbe'] [33-50553-7505]
Aug 27 21:19:10.646127 runningboardd(RunningBoard)[33] <Notice>: Calculated state for application<dev.selfhost.firstActivationProbe>: running-active (role: UserInteractiveFocal)
Aug 27 21:19:10.646205 runningboardd(RunningBoard)[33] <Info>: [application<dev.selfhost.firstActivationProbe>:50553] Applying updated state
Aug 27 21:19:10.646325 runningboardd(RunningBoard)[33] <Debug>: Sending state update for application<dev.selfhost.firstActivationProbe>: <RBSProcessState| task:running-active debug:none terminationResistance:Interactive endowments:[
	<RBSProcessAssertionInfo| type:2 reason:10001 name:"Domain" domain:"com.apple.frontboard:GracefulTermination" expl:"FBProcess Graceful Termination: user initiated quit">
Aug 27 21:19:10.652547 backboardd(BackBoardHIDEventFoundation)[65] <Debug>: BKHIDEventClient died (port): <BKAccelerometerClientBKSAccelerometer: 0x108e05c20; name: Runner.50553; port: 0x3b053; wantsOrientationEvents: NO; passiveEvents: NO; wantsAccelerometerEvents: YES>
Aug 27 21:19:10.652734 backboardd(BackBoardHIDEventFoundation)[65] <Debug>: BKHIDEventClient died (pid): <BKHIDEventDeliveryClient: 0x1077f7500; name: Runner.50553>
Aug 27 21:19:10.652910 SpringBoard(FrontBoard)[47602] <Notice>: [application<dev.selfhost.firstActivationProbe>:50553] Workspace connection invalidated.
Aug 27 21:19:10.699459 mediaserverd(RunningBoardServices)[36] <Info>: Update skipped for [application<dev.selfhost.firstActivationProbe>:50553] with state: <RBSProcessState| task:running-active debug:none endowments:[
Aug 27 21:19:10.708495 runningboardd(RunningBoard)[33] <Debug>: [daemon<com.apple.CommCenter>:90] query resolved to [application<dev.selfhost.firstActivationProbe>:50553]
Aug 27 21:19:10.711595 runningboardd(RunningBoard)[33] <Debug>: Decrementing suppression state to 0 for application<dev.selfhost.firstActivationProbe>
Aug 27 21:19:10.712056 runningboardd(RunningBoard)[33] <Debug>: END suppressing state updates for application<dev.selfhost.firstActivationProbe>
Aug 27 21:19:10.723085 mediaserverd(RunningBoardServices)[36] <Info>: Update skipped for [application<dev.selfhost.firstActivationProbe>:50553] with state: <RBSProcessState| task:running-active debug:none endowments:[
Aug 27 21:19:10.723658 mediaserverd(RunningBoardServices)[36] <Info>: Update skipped for [application<dev.selfhost.firstActivationProbe>:50553] with state: <RBSProcessState| task:running-active debug:none endowments:[
Aug 27 21:19:10.725379 runningboardd(RunningBoard)[33] <Notice>: Removed last relative-start-date-defining assertion for process application<dev.selfhost.firstActivationProbe>
Aug 27 21:19:10.725573 runningboardd(RunningBoard)[33] <Notice>: Activating delayed assertion 33-50553-7505 (target:[application<dev.selfhost.firstActivationProbe>:50553])
Aug 27 21:19:10.725968 runningboardd(RunningBoard)[33] <Debug>: Removing assertion 33-47602-7504 on [application<dev.selfhost.firstActivationProbe>:50553]
Aug 27 21:19:10.726119 runningboardd(RunningBoard)[33] <Debug>: Updating events for assertion: 33-47602-7504 (target:[application<dev.selfhost.firstActivationProbe>:50553])
Aug 27 21:19:10.726533 runningboardd(RunningBoard)[33] <Debug>: Removing events for context: 33-47602-7504 (target:[application<dev.selfhost.firstActivationProbe>:50553])
Aug 27 21:19:10.726722 runningboardd(RunningBoard)[33] <Debug>: Updating events for assertion: 33-50553-7505 (target:[application<dev.selfhost.firstActivationProbe>:50553])
Aug 27 21:19:10.726840 runningboardd(RunningBoard)[33] <Debug>: Removing events for context: 33-50553-7505 (target:[application<dev.selfhost.firstActivationProbe>:50553])
Aug 27 21:19:10.726940 runningboardd(RunningBoard)[33] <Debug>: Enqueueing events for assertion: 33-50553-7505 (target:[application<dev.selfhost.firstActivationProbe>:50553])
Aug 27 21:19:10.733883 runningboardd(RunningBoard)[33] <Debug>: > application<dev.selfhost.firstActivationProbe> ['FBProcess Graceful Termination: user initiated quit'] [33-47602-7506]
Aug 27 21:19:10.734149 runningboardd(RunningBoard)[33] <Info>: application<dev.selfhost.firstActivationProbe> is now targeted by 3 assertions
Aug 27 21:19:10.734795 runningboardd(RunningBoard)[33] <Debug>: > 47602 ['FBProcess Graceful Termination: user initiated quit'] [33-47602-7506]
Aug 27 21:19:10.735053 runningboardd(RunningBoard)[33] <Debug>: > 47602 ['Shared Background Assertion 1 for dev.selfhost.firstActivationProbe'] [33-50553-7505]
Aug 27 21:19:10.735450 runningboardd(RunningBoard)[33] <Debug>: application<dev.selfhost.firstActivationProbe> - New process assertions warning time: 1249623.082466 expiration time: 1249628.082466.
Aug 27 21:19:10.735822 runningboardd(RunningBoard)[33] <Info>: [application<dev.selfhost.firstActivationProbe>:50553] Applying updated state
Aug 27 21:19:10.736002 runningboardd(RunningBoard)[33] <Notice>: Calculated state for application<dev.selfhost.firstActivationProbe>: running-active (role: NonUserInteractive)
Aug 27 21:19:10.736336 runningboardd(RunningBoard)[33] <Error>: [application<dev.selfhost.firstActivationProbe>:50553] Error disabling CPU monitoring: 3
Aug 27 21:19:10.736722 runningboardd(RunningBoard)[33] <Notice>: Attempting to rename power assertion 42402 for target application<dev.selfhost.firstActivationProbe> to application<dev.selfhost.firstActivationProbe>;33-47602-7506:FBProcess Graceful Termination: user initiated quit;33-50553-7505:Shared Background Assertion 1 for dev.selfhost.firstActivationProbe(FinishTask)
Aug 27 21:19:10.737258 runningboardd(RunningBoard)[33] <Debug>: Sending state update for application<dev.selfhost.firstActivationProbe>: <RBSProcessState| task:running-active debug:none terminationResistance:NonInteractive legacyAssertions:[
	<RBSProcessAssertionInfo| type:3 reason:4 name:"FinishTask" domain:"(null)" expl:"Shared Background Assertion 1 for dev.selfhost.firstActivationProbe">
	<RBSProcessAssertionInfo| type:2 reason:10001 name:"Domain" domain:"com.apple.frontboard:GracefulTermination" expl:"FBProcess Graceful Termination: user initiated quit">
Aug 27 21:19:10.738386 runningboardd(RunningBoard)[33] <Notice>: [application<dev.selfhost.firstActivationProbe>:50553] termination reported by launchd (0, 0, 0)
Aug 27 21:19:10.738596 runningboardd(RunningBoard)[33] <Notice>: Removing process: [application<dev.selfhost.firstActivationProbe>:50553]
Aug 27 21:19:10.738762 runningboardd(RunningBoard)[33] <Debug>: BEGIN suppressing state updates for application<dev.selfhost.firstActivationProbe>
Aug 27 21:19:10.738946 runningboardd(RunningBoard)[33] <Debug>: Incrementing suppression state to 1 for application<dev.selfhost.firstActivationProbe>
Aug 27 21:19:10.739189 runningboardd(RunningBoard)[33] <Info>: Cleaning out [application<dev.selfhost.firstActivationProbe>:50553] from job manager
Aug 27 21:19:10.740458 runningboardd(RunningBoard)[33] <Notice>: Removing launch job for: [application<dev.selfhost.firstActivationProbe>:50553]
Aug 27 21:19:10.740807 runningboardd(RunningBoard)[33] <Notice>: Removed job for [application<dev.selfhost.firstActivationProbe>:50553]
Aug 27 21:19:10.741113 runningboardd(RunningBoard)[33] <Notice>: Removing assertions for terminated process: [application<dev.selfhost.firstActivationProbe>:50553]
Aug 27 21:19:10.741750 runningboardd(RunningBoard)[33] <Debug>: Removing assertion 33-50553-7505 on [application<dev.selfhost.firstActivationProbe>:50553]
Aug 27 21:19:10.741894 runningboardd(RunningBoard)[33] <Debug>: > application<dev.selfhost.firstActivationProbe> ['RB Underlying Assertion'] [33-33-7499]
Aug 27 21:19:10.742052 runningboardd(RunningBoard)[33] <Debug>: Updating events for assertion: 33-50553-7505 (target:[application<dev.selfhost.firstActivationProbe>:50553])
Aug 27 21:19:10.742240 runningboardd(RunningBoard)[33] <Info>: application<dev.selfhost.firstActivationProbe> is now targeted by 2 assertions
Aug 27 21:19:10.742473 runningboardd(RunningBoard)[33] <Debug>: Removing events for context: 33-50553-7505 (target:[application<dev.selfhost.firstActivationProbe>:50553])
Aug 27 21:19:10.742589 runningboardd(RunningBoard)[33] <Debug>: > 50553 ['FBProcess Graceful Termination: user initiated quit'] [33-47602-7506]
Aug 27 21:19:10.742888 runningboardd(RunningBoard)[33] <Debug>: Removing assertion 33-33-7499 on [application<dev.selfhost.firstActivationProbe>:50553]
Aug 27 21:19:10.743050 runningboardd(RunningBoard)[33] <Info>: application<dev.selfhost.firstActivationProbe> is now targeted by 1 assertions
Aug 27 21:19:10.743213 runningboardd(RunningBoard)[33] <Debug>: > 50553 ['FBProcess Graceful Termination: user initiated quit'] [33-47602-7506]
Aug 27 21:19:10.743920 runningboardd(RunningBoard)[33] <Debug>: Removing assertion 33-47602-7506 on [application<dev.selfhost.firstActivationProbe>:50553]
Aug 27 21:19:10.745624 runningboardd(RunningBoard)[33] <Debug>: Updating events for assertion: 33-33-7499 (target:[application<dev.selfhost.firstActivationProbe>:50553])
Aug 27 21:19:10.745960 runningboardd(RunningBoard)[33] <Debug>: Removing events for context: 33-33-7499 (target:[application<dev.selfhost.firstActivationProbe>:50553])
Aug 27 21:19:10.746372 runningboardd(RunningBoard)[33] <Debug>: Updating events for assertion: 33-47602-7506 (target:[application<dev.selfhost.firstActivationProbe>:50553])
Aug 27 21:19:10.748505 runningboardd(RunningBoard)[33] <Debug>: Removing events for context: 33-47602-7506 (target:[application<dev.selfhost.firstActivationProbe>:50553])
Aug 27 21:19:10.751115 runningboardd(RunningBoard)[33] <Info>: application<dev.selfhost.firstActivationProbe> is now targeted by 0 assertions
Aug 27 21:19:10.751668 runningboardd(RunningBoard)[33] <Info>: Resolved state for exited process: <RBProcessState| identity:application<dev.selfhost.firstActivationProbe> role:None>
Aug 27 21:19:10.751873 runningboardd(RunningBoard)[33] <Info>: Ended tracking state for process identity application<dev.selfhost.firstActivationProbe>
Aug 27 21:19:10.752485 SpringBoard(RunningBoardServices)[47602] <Info>: Update skipped for [application<dev.selfhost.firstActivationProbe>:50553] with state: <RBSProcessState| task:running-active debug:none endowments:[
Aug 27 21:19:10.752627 SpringBoard(RunningBoardServices)[47602] <Info>: Update skipped for [application<dev.selfhost.firstActivationProbe>:50553] with state: <RBSProcessState| task:running-active debug:none legacyAssertions:[
	<RBSProcessAssertionInfo| type:3 reason:4 name:"FinishTask" domain:"(null)" expl:"Shared Background Assertion 1 for dev.selfhost.firstActivationProbe">
Aug 27 21:19:10.753100 runningboardd(RunningBoard)[33] <Notice>: Calculated state for application<dev.selfhost.firstActivationProbe>: none (role: None)
Aug 27 21:19:10.753291 runningboardd(RunningBoard)[33] <Debug>: Sending state update for application<dev.selfhost.firstActivationProbe>: <RBSProcessState| task:none debug:none terminationResistance:None>
Aug 27 21:19:10.753432 runningboardd(RunningBoard)[33] <Debug>: Incrementing suppression state to 2 for application<dev.selfhost.firstActivationProbe>
Aug 27 21:19:10.753742 runningboardd(RunningBoard)[33] <Debug>: Sending exit event for application<dev.selfhost.firstActivationProbe> to [daemon<com.apple.SpringBoard>:47602]
Aug 27 21:19:10.761365 kbd(RunningBoardServices)[303] <Info>: Update skipped for [application<dev.selfhost.firstActivationProbe>:50553] with state: <RBSProcessState| task:running-active debug:none endowments:[
Aug 27 21:19:10.819889 runningboardd(RunningBoard)[33] <Debug>: Decrementing suppression state to 2 for application<dev.selfhost.firstActivationProbe>
Aug 27 21:19:10.820325 runningboardd(RunningBoard)[33] <Debug>: Decrementing suppression state to 1 for application<dev.selfhost.firstActivationProbe>
Aug 27 21:19:10.820752 runningboardd(RunningBoard)[33] <Debug>: Decrementing suppression state to 0 for application<dev.selfhost.firstActivationProbe>
Aug 27 21:19:10.821075 runningboardd(RunningBoard)[33] <Debug>: END suppressing state updates for application<dev.selfhost.firstActivationProbe>
Aug 27 21:19:10.824629 SpringBoard(RunningBoardServices)[47602] <Info>: Update skipped for [application<dev.selfhost.firstActivationProbe>:50553] with state: <RBSProcessState| task:running-active debug:none endowments:[
Aug 27 21:19:10.895134 SpringBoard(RunningBoardServices)[47602] <Info>: Update delivered for [application<dev.selfhost.firstActivationProbe>:50553] with taskState 4
Aug 27 21:19:11.090485 locationd[69] <Debug>: Fence: cancelLocationWatchdog, num fences, 1, location type, <private>
Aug 27 21:19:11.091271 locationd[69] <Debug>: Fence: cancelLocationWatchdog
        <SBSDisplayLayoutElement: 0x2836c0850; sceneID:dev.selfhost.firstActivationProbe-default; bundleID: dev.selfhost.firstActivationProbe; frame: {{0, 0}, {375, 667}}; level: 1; role: primary>;
Aug 27 21:19:11.231288 backboardd(RunningBoardServices)[65] <Info>: Update skipped for [application<dev.selfhost.firstActivationProbe>:50553] with state: <RBSProcessState| task:running-active debug:none endowments:[
Aug 27 21:19:11.232474 UserEventAgent(RunningBoardServices)[30] <Info>: Update skipped for [application<dev.selfhost.firstActivationProbe>:50553] with state: <RBSProcessState| task:running-active debug:none endowments:[
	<RBSProcessAssertionInfo| type:2 reason:10001 name:"Domain" domain:"com.apple.frontboard:GracefulTermination" expl:"FBProcess Graceful Termination: user initiated quit">,
	<RBSProcessAssertionInfo| type:1 reason:0 name:"Custom" domain:"(null)" expl:"injecting inherited from "UIScene:com.apple.frontboard.systemappservices::com.apple.springboard" to 50553<UIScene:com.apple.frontboard.systemappservices::sceneID%3Adev.selfhost.firstActivationProbe-default>">
Aug 27 21:19:11.232650 CommCenter(RunningBoardServices)[90] <Info>: Update skipped for [application<dev.selfhost.firstActivationProbe>:50553] with state: <RBSProcessState| task:running-active debug:none endowments:[
Aug 27 21:19:11.234145 watchdogd(RunningBoardServices)[57] <Debug>: Received message from server: async_observedProcessStatesDidChange:completion:
Aug 27 21:19:11.234256 watchdogd(RunningBoardServices)[57] <Info>: observedProcessStatesDidChange
Aug 27 21:19:11.234381 watchdogd(RunningBoardServices)[57] <Debug>: Decoded RBSProcessHandle with IPC ID 188713580000c579
Aug 27 21:19:11.234517 watchdogd(RunningBoardServices)[57] <Notice>: Received state update for 50553
Aug 27 21:19:11.235289 bluetoothd(CoreUtils)[86] <Notice>: SystemUI unknown identifier: 'sceneID:dev.selfhost.firstActivationProbe-default' / 'dev.selfhost.firstActivationProbe'
Aug 27 21:19:11.235427 sharingd[66] <Debug>: SystemUI unknown identifier: 'sceneID:dev.selfhost.firstActivationProbe-default'/ 'dev.selfhost.firstActivationProbe'
Aug 27 21:19:11.237355 dasd(RunningBoardServices)[94] <Info>: Update skipped for [application<dev.selfhost.firstActivationProbe>:50553] with state: <RBSProcessState| task:running-active debug:none endowments:[
Aug 27 21:19:11.237709 watchdogd(RunningBoardServices)[57] <Info>: Update skipped for [application<dev.selfhost.firstActivationProbe>:50553] with state: <RBSProcessState| task:running-active debug:none endowments:[
Aug 27 21:19:11.238901 SpringBoard(RunningBoardServices)[47602] <Info>: Update delivered for [application<dev.selfhost.firstActivationProbe>:50553] with taskState 1
Aug 27 21:19:11.239117 SpringBoard(RunningBoardServices)[47602] <Info>: Update skipped for [application<dev.selfhost.firstActivationProbe>:50553] with state: <RBSProcessState| task:none debug:none> and previous state: (null)
Aug 27 21:19:11.239256 SpringBoard(RunningBoardServices)[47602] <Info>: Update skipped for [application<dev.selfhost.firstActivationProbe>:50553] with state: <RBSProcessState| task:running-active debug:none endowments:[
Aug 27 21:19:11.239414 SpringBoard(RunningBoardServices)[47602] <Info>: Update delivered for [application<dev.selfhost.firstActivationProbe>:50553] with taskState 4
Aug 27 21:19:11.239628 SpringBoard(UserNotificationsServer)[47602] <Notice>: [dev.selfhost.firstActivationProbe] dev.selfhost.firstActivationProbe application state changed to BackgroundRunning
Aug 27 21:19:11.239782 SpringBoard(UserNotificationsServer)[47602] <Notice>: [dev.selfhost.firstActivationProbe] Ignore becoming background for application without push registration
Aug 27 21:19:11.240811 callservicesd(RunningBoardServices)[131] <Info>: Update skipped for [application<dev.selfhost.firstActivationProbe>:50553] with state: <RBSProcessState| task:running-active debug:none endowments:[
Aug 27 21:19:11.241228 locationd(RunningBoardServices)[69] <Info>: Update skipped for [application<dev.selfhost.firstActivationProbe>:50553] with state: <RBSProcessState| task:running-active debug:none endowments:[
Aug 27 21:19:11.241700 useractivityd(RunningBoardServices)[184] <Info>: Update skipped for [application<dev.selfhost.firstActivationProbe>:50553] with state: <RBSProcessState| task:running-active debug:none endowments:[
Aug 27 21:19:11.246534 aggregated(RunningBoardServices)[50213] <Info>: Update skipped for [application<dev.selfhost.firstActivationProbe>:50553] with state: <RBSProcessState| task:running-active debug:none endowments:[
Aug 27 21:19:11.247332 dasd(RunningBoardServices)[94] <Info>: Update skipped for [application<dev.selfhost.firstActivationProbe>:50553] with state: <RBSProcessState| task:running-active debug:none endowments:[
Aug 27 21:19:11.247878 dasd(RunningBoardServices)[94] <Info>: Update skipped for [application<dev.selfhost.firstActivationProbe>:50553] with state: <RBSProcessState| task:running-active debug:none endowments:[
Aug 27 21:19:11.249127 SpringBoard(CoreMotion)[47602] <Debug>: Ping timer fired, resetting watchdog
Aug 27 21:19:11.263562 wifid(RunningBoardServices)[52] <Info>: Update skipped for [application<dev.selfhost.firstActivationProbe>:50553] with state: <RBSProcessState| task:running-active debug:none endowments:[
Aug 27 21:19:11.266251 symptomsd(RunningBoardServices)[170] <Info>: Update skipped for [application<dev.selfhost.firstActivationProbe>:50553] with state: <RBSProcessState| task:running-active debug:none endowments:[
Aug 27 21:19:11.269007 SpringBoard(RunningBoardServices)[47602] <Info>: Update delivered for [application<dev.selfhost.firstActivationProbe>:50553] with taskState 1
Aug 27 21:19:11.269457 SpringBoard(RunningBoardServices)[47602] <Info>: Update skipped for [application<dev.selfhost.firstActivationProbe>:50553] with state: <RBSProcessState| task:none debug:none> and previous state: (null)
Aug 27 21:19:11.284496 SpringBoard(UserNotificationsServer)[47602] <Notice>: [dev.selfhost.firstActivationProbe] dev.selfhost.firstActivationProbe application state changed to Terminated
Aug 27 21:19:11.301044 UserEventAgent(RunningBoardServices)[30] <Info>: Update delivered for [application<dev.selfhost.firstActivationProbe>:50553] with taskState 4
Aug 27 21:19:11.301551 contextstored(RunningBoardServices)[61] <Info>: Update skipped for [application<dev.selfhost.firstActivationProbe>:50553] with state: <RBSProcessState| task:running-active debug:none endowments:[
Aug 27 21:19:11.307136 kbd(RunningBoardServices)[303] <Info>: Update skipped for [application<dev.selfhost.firstActivationProbe>:50553] with state: <RBSProcessState| task:running-active debug:none endowments:[
Aug 27 21:19:11.309183 UserEventAgent(RunningBoardServices)[30] <Info>: Update delivered for [application<dev.selfhost.firstActivationProbe>:50553] with taskState 1
Aug 27 21:19:11.309390 UserEventAgent(ADEventListenerPlugin)[30] <Debug>: AppStateChange: <private> (50553) foregroundRunning => terminated
Aug 27 21:19:11.314192 UserEventAgent(RunningBoardServices)[30] <Info>: Update delivered for [application<dev.selfhost.firstActivationProbe>:50553] with taskState 1
Aug 27 21:19:11.321022 backboardd(RunningBoardServices)[65] <Info>: Update delivered for [application<dev.selfhost.firstActivationProbe>:50553] with taskState 1
Aug 27 21:19:11.323213 watchdogd(RunningBoardServices)[57] <Debug>: Received message from server: async_observedProcessStatesDidChange:completion:
Aug 27 21:19:11.323383 watchdogd(RunningBoardServices)[57] <Info>: observedProcessStatesDidChange
Aug 27 21:19:11.323562 watchdogd(RunningBoardServices)[57] <Debug>: Decoded RBSProcessHandle with IPC ID 188713580000c579
Aug 27 21:19:11.323895 watchdogd(RunningBoardServices)[57] <Notice>: Received state update for 50553
Aug 27 21:19:11.327494 CommCenter(RunningBoardServices)[90] <Info>: Update delivered for [application<dev.selfhost.firstActivationProbe>:50553] with taskState 1
Aug 27 21:19:11.339569 runningboardd(RunningBoard)[33] <Debug>: Sending exit event for application<dev.selfhost.firstActivationProbe> to [daemon<com.apple.dasd>:94]
Aug 27 21:19:11.342818 locationd(RunningBoardServices)[69] <Info>: Update delivered for [application<dev.selfhost.firstActivationProbe>:50553] with taskState 1
Aug 27 21:19:11.346224 locationd[69] <Debug>: CLMM,locationApp backgrounded or terminated,<private>
Aug 27 21:19:11.351056 locationd[69] <Notice>: {"msg":"#CLIUA Marking change", "clientKey":"dev.selfhost.firstActivationProbe", "reason":"Process state from RunningBoard", "assertionLevel":5, "coming":0}
Aug 27 21:19:11.357426 locationd[69] <Info>: getClientEffectiveRegistrationResult, , dev.selfhost.firstActivationProbe, , CLClientRegistrationResult, kCLClientRegistrationResultFailedUnavailable, CLCommonLocationServicesEnabled, 1
Aug 27 21:19:11.357647 locationd[69] <Info>: getClientEffectiveRegistrationResult, , dev.selfhost.firstActivationProbe, , CLClientRegistrationResult, kCLClientRegistrationResultFailedUnavailable, CLCommonLocationServicesEnabled, 1
Aug 27 21:19:11.357982 locationd[69] <Debug>: {"msg":"Skip UpdateClientServiceTypeMasks #pla for zones. No InterestZones", "ClientKey":"dev.selfhost.firstActivationProbe"}
Aug 27 21:19:11.366886 kbd(RunningBoardServices)[303] <Info>: Update delivered for [application<dev.selfhost.firstActivationProbe>:50553] with taskState 1
Aug 27 21:19:11.367099 callservicesd(RunningBoardServices)[131] <Info>: Update delivered for [application<dev.selfhost.firstActivationProbe>:50553] with taskState 1
Aug 27 21:19:11.368106 runningboardd(RunningBoard)[33] <Info>: Received message from [daemon<com.apple.watchdogd>:57] (euid 0, auid 0): lastExitContextForInstance:error:
Aug 27 21:19:11.368357 contextstored(RunningBoardServices)[61] <Info>: Update delivered for [application<dev.selfhost.firstActivationProbe>:50553] with taskState 1
Aug 27 21:19:11.369522 dasd(RunningBoardServices)[94] <Info>: Update delivered for [application<dev.selfhost.firstActivationProbe>:50553] with taskState 1
Aug 27 21:19:11.370256 watchdogd(RunningBoardServices)[57] <Info>: Update delivered for [application<dev.selfhost.firstActivationProbe>:50553] with taskState 1
Aug 27 21:19:11.370357 wifid(RunningBoardServices)[52] <Info>: Update delivered for [application<dev.selfhost.firstActivationProbe>:50553] with taskState 1
Aug 27 21:19:11.370591 watchdogd[57] <Info>: 1249598972769875: <private>
Aug 27 21:19:11.371682 useractivityd(RunningBoardServices)[184] <Info>: Update delivered for [application<dev.selfhost.firstActivationProbe>:50553] with taskState 1
Aug 27 21:19:11.371969 runningboardd(RunningBoard)[33] <Debug>: Sending exit event for application<dev.selfhost.firstActivationProbe> to [daemon<com.apple.aggregated>:50213]
Aug 27 21:19:11.377828 symptomsd(SymptomNetworkUsage)[170] <Debug>: 50553 dev.selfhost.firstActivationProbe: Terminated (most elevated: Terminated)
Aug 27 21:19:11.378128 aggregated(RunningBoardServices)[50213] <Info>: Update delivered for [application<dev.selfhost.firstActivationProbe>:50553] with taskState 1
Aug 27 21:19:11.378538 symptomsd(RunningBoardServices)[170] <Info>: Update delivered for [application<dev.selfhost.firstActivationProbe>:50553] with taskState 1
<SBTransitionSwitcherModifierEvent: 0x282117b00; type: MainTransition; transitionID: A3FA848B-4E63-41FA-B628-6FCBE6192064; phase: Complete; animated: YES; fromAppLayout: <SBAppLayout: 0x28087bb80; primary: dev.selfhost.firstActivationProbe:default; environment: main>; toAppLayout: 0x0; fromEnvironmentMode: app-switcher; toEnvironmentMode: home-screen; pendingTermination: {(
    bundleIdentifier = dev.selfhost.firstActivationProbe;
    uniqueIdentifier = sceneID:dev.selfhost.firstActivationProbe-default;
Aug 27 21:19:11.399434 SpringBoard[47602] <Info>: Background status assertion invalidated for scene: <FBScene: 0x28286f240; sceneID:dev.selfhost.firstActivationProbe-default>
Aug 27 21:19:11.399894 SpringBoard(BaseBoard)[47602] <Debug>:  *|machport|* invalidate <BSMachPortTaskNameRight:0x2808cc600 usable=NO (47602:1dc1b:send task_name_for_pid:Runner.50553)> -> (<_NSMainThread: 0x280854640>{number = 1, name = main}) (
Aug 27 21:19:11.400196 SpringBoard(BaseBoard)[47602] <Debug>:  *|machport|* invalidate <BSMachPortTaskNameRight:0x280894dc0 usable=NO (47602:1dc1b:send task_name_for_pid:Runner.50553)> -> (<_NSMainThread: 0x280854640>{number = 1, name = main}) (
Aug 27 21:19:11.404787 useractivityd[184] <Debug>: SCHEDULE:idleDetermination scheduleNext, interval=0
Aug 27 21:19:11.404887 useractivityd[184] <Debug>: SCHEDULE:idleDetermination, next=NOW ( was forever ) freq=0
Aug 27 21:19:11.404984 useractivityd[184] <Debug>: SCHEDULE:idleDetermination, run.
Aug 27 21:19:11.405246 useractivityd[184] <Debug>: Determining idleDetermination, entering.
Aug 27 21:19:11.432901 SpringBoard[47602] <Info>: attempted to deactivate overlay for dev.selfhost.firstActivationProbe, exiting early with state 0, 0, (null)
Aug 27 21:19:11.457138 useractivityd[184] <Debug>: SCHEDULE:idleDetermination, DONE run, next=forever
        <SBDeviceApplicationSceneEntity: 0x283e0a710; ID: sceneID:dev.selfhost.firstActivationProbe-default; layoutRole: primary>
        <SBDeviceApplicationSceneEntity: 0x283e0a710; ID: sceneID:dev.selfhost.firstActivationProbe-default; layoutRole: primary>
        <SBDeviceApplicationSceneEntity: 0x283e0a710; ID: sceneID:dev.selfhost.firstActivationProbe-default; layoutRole: primary>
Aug 27 21:19:11.515315 dasd(RunningBoardServices)[94] <Info>: Update delivered for [application<dev.selfhost.firstActivationProbe>:50553] with taskState 1
Aug 27 21:19:11.515426 dasd(RunningBoardServices)[94] <Info>: Update delivered for [application<dev.selfhost.firstActivationProbe>:50553] with taskState 1
Aug 27 21:19:11.516339 symptomsd(SymptomNetworkUsage)[170] <Info>: handleApplicationStateChangeForDisplayName: name dev.selfhost.firstActivationProbe uuid (null) pid 50553 state BKSApplicationStateTerminated
Aug 27 21:19:11.517034 runningboardd(RunningBoard)[33] <Error>: RBSStateCapture remove item called for untracked item <RBConnectionClient| 50553 name:application<dev.selfhost.firstActivationProbe> entitlements:<RBEntitlements| [
Aug 27 21:19:11.518057 symptomsd(SymptomEvaluator)[170] <Info>: COSMCtrl foregroundAppObserver gets (null) for dev.selfhost.firstActivationProbe state 0
Aug 27 21:19:11.518284 symptomsd(SymptomEvaluator)[170] <Debug>: COSMCtrl _foregroundAppActivity entry for (null) -> dev.selfhost.firstActivationProbe  fg 0
Aug 27 21:19:11.518420 symptomsd(SymptomEvaluator)[170] <Error>: COSMCtrl _foregroundAppActivity incoming bundle dev.selfhost.firstActivationProbe has nil supplied UUID, finds existing E01B2FEA-36F1-3C21-AADE-93AC8E03F45C
Aug 27 21:19:11.518785 symptomsd(SymptomEvaluator)[170] <Debug>: COSMCtrl _foregroundAppActivity exit for E01B2FEA-36F1-3C21-AADE-93AC8E03F45C -> dev.selfhost.firstActivationProbe  policy id 0  fg 0 fg-activity 0
Aug 27 21:19:11.519918 symptomsd(SymptomEvaluator)[170] <Info>: changedForegroundState to 0 for dev.selfhost.firstActivationProbe
Aug 27 21:19:11.521709 symptomsd(SymptomEvaluator)[170] <Debug>: app name dev.selfhost.firstActivationProbe isForeground 0  hasForegroundApps 0, current idea of foreground 1 disp (null)
Aug 27 21:19:11.524466 symptomsd(SymptomEvaluator)[170] <Notice>: dev.selfhost.firstActivationProbe: Foreground: false
Aug 27 21:19:11.526372 symptomsd(SymptomEvaluator)[170] <Debug>: found LU hint (mode: 1) for dev.selfhost.firstActivationProbe: 0x102829350, subscriber tag: 0
Aug 27 21:19:11.527513 symptomsd(SymptomEvaluator)[170] <Info>: Remove appCompactState key dev.selfhost.firstActivationProbe
Aug 27 21:19:11.536101 backboardd(CoreMotion)[65] <Debug>: Ping timer fired, resetting watchdog
Aug 27 21:19:11.587598 SpringBoard(SplashBoard)[47602] <Debug>: <XBApplicationSnapshotManifestImpl: 0x2833d2800> [dev.selfhost.firstActivationProbe] Cancelling reaping timer as we've just reaped
Aug 27 21:19:11.587749 SpringBoard(SplashBoard)[47602] <Info>: <XBApplicationSnapshotManifestImpl: 0x2833d2800> [dev.selfhost.firstActivationProbe] Archiving manifest (0x2833d2800).
Aug 27 21:19:11.869166 biometrickitd(CoreMotion)[109] <Debug>: Ping timer fired, resetting watchdog
Aug 27 21:19:12.563364 watchdogd[57] <Debug>: 1249600321497916: <private>
Aug 27 21:19:12.564928 watchdogd[57] <Info>: 1249600322065791: <private>
Aug 27 21:19:12.566242 watchdogd[57] <Debug>: 1249600322218291: <private>
Aug 27 21:19:12.567434 watchdogd[57] <Info>: 1249600322229708: <private>
Aug 27 21:19:12.568700 watchdogd[57] <Debug>: 1249600322355416: <private>
Aug 27 21:19:12.570048 watchdogd[57] <Debug>: 1249600322864083: <private>
Aug 27 21:19:12.571374 watchdogd[57] <Debug>: 1249600323364708: <private>
Aug 27 21:19:12.572583 watchdogd[57] <Debug>: 1249600323510416: <private>
Aug 27 21:19:12.573868 watchdogd[57] <Debug>: 1249600323913250: <private>
Aug 27 21:19:12.575228 watchdogd[57] <Debug>: 1249600323953750: <private>
Aug 27 21:19:12.576492 watchdogd[57] <Info>: 1249600324013041: <private>
Aug 27 21:19:12.577701 watchdogd[57] <Info>: 1249600324028166: <private>
Aug 27 21:19:12.578898 watchdogd[57] <Info>: 1249600324034291: <private>
Aug 27 21:19:12.580360 watchdogd[57] <Info>: 1249600324039208: <private>
Aug 27 21:19:12.581581 watchdogd[57] <Info>: 1249600324043666: <private>
Aug 27 21:19:12.582917 watchdogd[57] <Info>: 1249600324047875: <private>
Aug 27 21:19:12.584121 watchdogd[57] <Info>: 1249600324052125: <private>
Aug 27 21:19:12.585688 watchdogd[57] <Info>: 1249600324056166: <private>
Aug 27 21:19:14.047736 mediaserverd(CoreMotion)[36] <Debug>: Ping timer fired, resetting watchdog
Aug 27 21:19:14.080831 nearbyd(CoreMotion)[157] <Debug>: Ping timer fired, resetting watchdog
Aug 27 21:19:14.139941 locationd[69] <Debug>: Ping timer fired, resetting watchdog
Aug 27 21:19:16.028872 SpringBoard(CoreMotion)[47602] <Debug>: Ping timer fired, resetting watchdog
Aug 27 21:19:16.473690 backboardd(CoreMotion)[65] <Debug>: Ping timer fired, resetting watchdog
Aug 27 21:19:16.872720 biometrickitd(CoreMotion)[109] <Debug>: Ping timer fired, resetting watchdog
Aug 27 21:19:19.046460 mediaserverd(CoreMotion)[36] <Debug>: Ping timer fired, resetting watchdog
Aug 27 21:19:19.078605 nearbyd(CoreMotion)[157] <Debug>: Ping timer fired, resetting watchdog
Aug 27 21:19:19.145516 locationd[69] <Debug>: Ping timer fired, resetting watchdog
Aug 27 21:19:21.026011 SpringBoard(CoreMotion)[47602] <Debug>: Ping timer fired, resetting watchdog
Aug 27 21:19:21.515462 backboardd(CoreMotion)[65] <Debug>: Ping timer fired, resetting watchdog
Aug 27 21:19:21.878645 biometrickitd(CoreMotion)[109] <Debug>: Ping timer fired, resetting watchdog
Aug 27 21:19:22.556896 watchdogd[57] <Debug>: 1249610322147833: <private>
Aug 27 21:19:22.557537 watchdogd[57] <Info>: 1249610322335333: <private>
Aug 27 21:19:22.558267 watchdogd[57] <Debug>: 1249610322504041: <private>
Aug 27 21:19:22.558836 watchdogd[57] <Debug>: 1249610322544666: <private>
Aug 27 21:19:22.559682 watchdogd[57] <Info>: 1249610322547625: <private>
Aug 27 21:19:22.560220 watchdogd[57] <Debug>: 1249610322679625: <private>
Aug 27 21:19:22.560722 watchdogd[57] <Debug>: 1249610322913625: <private>
Aug 27 21:19:22.561309 watchdogd[57] <Debug>: 1249610323009958: <private>
Aug 27 21:19:22.561997 watchdogd[57] <Debug>: 1249610323184541: <private>
Aug 27 21:19:22.562867 watchdogd[57] <Debug>: 1249610323224083: <private>
Aug 27 21:19:22.563448 watchdogd[57] <Info>: 1249610323241291: <private>
Aug 27 21:19:22.564052 watchdogd[57] <Info>: 1249610323246875: <private>
Aug 27 21:19:22.564743 watchdogd[57] <Info>: 1249610323248916: <private>
Aug 27 21:19:22.565349 watchdogd[57] <Info>: 1249610323250500: <private>
Aug 27 21:19:22.565980 watchdogd[57] <Info>: 1249610323251833: <private>
Aug 27 21:19:22.566577 watchdogd[57] <Info>: 1249610323253041: <private>
Aug 27 21:19:22.567228 watchdogd[57] <Info>: 1249610323254291: <private>
Aug 27 21:19:22.567933 watchdogd[57] <Info>: 1249610323255333: <private>
Aug 27 21:19:22.876739 runningboardd(RunningBoard)[33] <Notice>: [daemon<com.apple.backupd>:50567] termination reported by launchd (0, 0, 0)
Aug 27 21:19:22.883548 runningboardd(RunningBoard)[33] <Notice>: Removing assertions for terminated process: [daemon<com.apple.backupd>:50567]
Aug 27 21:19:22.887382 runningboardd(RunningBoard)[33] <Debug>: Sending state update for daemon<com.apple.backupd>: <RBSProcessState| task:none debug:none terminationResistance:None>
Aug 27 21:19:23.899411 dasd(RunningBoardServices)[94] <Info>: Sending launch request: <RBSLaunchRequest| application<dev.selfhost.firstActivationProbe>; "DAS Prewarm launch">
Aug 27 21:19:23.900077 runningboardd(RunningBoard)[33] <Notice>: Acquiring assertion targeting application<dev.selfhost.firstActivationProbe> from originator [daemon<com.apple.dasd>:94] with description <RBSAssertionDescriptor| "DAS Prewarm launch" ID:33-94-7507 target:application<dev.selfhost.firstActivationProbe> attributes:[
Aug 27 21:19:23.900235 runningboardd(RunningBoard)[33] <Notice>: Assertion 33-94-7507 (target:application<dev.selfhost.firstActivationProbe>) will be created as active
Aug 27 21:19:23.900511 runningboardd(RunningBoard)[33] <Debug>: BEGIN suppressing state updates for application<dev.selfhost.firstActivationProbe>
Aug 27 21:19:23.900647 runningboardd(RunningBoard)[33] <Notice>: Executing launch request for application<dev.selfhost.firstActivationProbe> (DAS Prewarm launch)
Aug 27 21:19:23.900799 runningboardd(RunningBoard)[33] <Notice>: Creating and launching job for: application<dev.selfhost.firstActivationProbe>
Aug 27 21:19:23.900935 runningboardd(RunningBoard)[33] <Notice>: _mutateContextIfNeeded called for dev.selfhost.firstActivationProbe
Aug 27 21:19:23.914658 runningboardd(RunningBoard)[33] <Debug>: Incrementing suppression state to 1 for application<dev.selfhost.firstActivationProbe>
Aug 27 21:19:23.924216 runningboardd(RunningBoard)[33] <Info>: No personas found for bundle identifier: dev.selfhost.firstActivationProbe
Aug 27 21:19:23.924485 runningboardd(RunningBoard)[33] <Debug>: SUPPRESSING state update for application<dev.selfhost.firstActivationProbe>: <RBSProcessState| task:none debug:none terminationResistance:None rbAssertions:[
Aug 27 21:19:23.924587 runningboardd(RunningBoard)[33] <Debug>: Incrementing suppression state to 2 for application<dev.selfhost.firstActivationProbe>
Aug 27 21:19:23.924637 kernel(Sandbox)[0] <Notice>: /private/var/containers/Bundle/Application/1EC21BA9-82AA-4B85-B2FC-10B206BC5C35/Runner.app/Runner[50572] ==> container
Aug 27 21:19:23.924748 runningboardd(RunningBoard)[33] <Debug>: Adding assertion 33-94-7507 (target:application<dev.selfhost.firstActivationProbe>)
Aug 27 21:19:23.925032 runningboardd(RunningBoard)[33] <Info>: application<dev.selfhost.firstActivationProbe> is now targeted by 1 assertions
Aug 27 21:19:23.925666 runningboardd(RunningBoard)[33] <Info>: Finished acquiring assertion 33-94-7507 (target:application<dev.selfhost.firstActivationProbe>)
Aug 27 21:19:23.925786 runningboardd(RunningBoard)[33] <Debug>: Updating events for assertion: 33-94-7507 (target:application<dev.selfhost.firstActivationProbe>)
Aug 27 21:19:23.925984 runningboardd(RunningBoard)[33] <Debug>: Removing events for context: 33-94-7507 (target:application<dev.selfhost.firstActivationProbe>)
Aug 27 21:19:23.926207 runningboardd(RunningBoard)[33] <Info>: _requestedJetsamPriority = 3, _executablePath = /var/containers/Bundle/Application/1EC21BA9-82AA-4B85-B2FC-10B206BC5C35/Runner.app/Runner
Aug 27 21:19:23.926497 runningboardd(RunningBoard)[33] <Info>: _doesOverrideManagement = 1, _overrideManageFlags = 255, _underlyingAssertion = (null), _variableEUID = 0, _specifiedIdenity = application<dev.selfhost.firstActivationProbe> _beforeTranslocationBundlePath = (null), _disableFreezing = 0
Aug 27 21:19:23.927090 runningboardd(RunningBoard)[33] <Notice>: [application<dev.selfhost.firstActivationProbe>:50572] This process will be managed.
Aug 27 21:19:23.927218 runningboardd(RunningBoard)[33] <Notice>: Now tracking process: [application<dev.selfhost.firstActivationProbe>:50572]
Aug 27 21:19:23.927317 runningboardd(RunningBoard)[33] <Debug>: Enqueueing events for assertion: 33-94-7507 (target:application<dev.selfhost.firstActivationProbe>)
Aug 27 21:19:23.927424 runningboardd(RunningBoard)[33] <Debug>: application<dev.selfhost.firstActivationProbe> - New process assertions warning time: 1249636.634438 expiration time: 1249641.634438.
Aug 27 21:19:23.927892 runningboardd(RunningBoard)[33] <Debug>: Decrementing suppression state to 1 for application<dev.selfhost.firstActivationProbe>
Aug 27 21:19:23.928014 runningboardd(RunningBoard)[33] <Notice>: Using default underlying assertion for app: [application<dev.selfhost.firstActivationProbe>:50572]
Aug 27 21:19:23.928271 runningboardd(RunningBoard)[33] <Notice>: Acquiring assertion targeting [application<dev.selfhost.firstActivationProbe>:50572] from originator [application<dev.selfhost.firstActivationProbe>:50572] with description <RBSAssertionDescriptor| "RB Underlying Assertion" ID:33-33-7508 target:50572 attributes:[
Aug 27 21:19:23.928456 runningboardd(RunningBoard)[33] <Notice>: Assertion 33-33-7508 (target:[application<dev.selfhost.firstActivationProbe>:50572]) will be created as active
Aug 27 21:19:23.928865 runningboardd(RunningBoard)[33] <Debug>: Adding assertion 33-33-7508 (target:[application<dev.selfhost.firstActivationProbe>:50572])
Aug 27 21:19:23.929070 runningboardd(RunningBoard)[33] <Info>: application<dev.selfhost.firstActivationProbe> is now targeted by 2 assertions
Aug 27 21:19:23.929572 runningboardd(RunningBoard)[33] <Notice>: [application<dev.selfhost.firstActivationProbe>:50572] reported to RB as running
Aug 27 21:19:23.929833 runningboardd(RunningBoard)[33] <Debug>: Updating events for assertion: 33-33-7508 (target:[application<dev.selfhost.firstActivationProbe>:50572])
Aug 27 21:19:23.929956 runningboardd(RunningBoard)[33] <Debug>: Removing events for context: 33-33-7508 (target:[application<dev.selfhost.firstActivationProbe>:50572])
Aug 27 21:19:23.930176 runningboardd(RunningBoard)[33] <Debug>: Enqueueing events for assertion: 33-33-7508 (target:[application<dev.selfhost.firstActivationProbe>:50572])
Aug 27 21:19:23.930388 runningboardd(RunningBoard)[33] <Debug>: application<dev.selfhost.firstActivationProbe> - New process assertions warning time: 1249636.634437 expiration time: 1249641.634437.
Aug 27 21:19:23.931088 runningboardd(RunningBoard)[33] <Notice>: Calculated state for application<dev.selfhost.firstActivationProbe>: running-active (role: Background)
Aug 27 21:19:23.931299 runningboardd(RunningBoard)[33] <Debug>: Sending state update for application<dev.selfhost.firstActivationProbe>: <RBSProcessState| task:running-active debug:none terminationResistance:None rbAssertions:[
Aug 27 21:19:23.931941 mediaserverd(RunningBoardServices)[36] <Notice>: Hit the server for a process handle 1744a7cf0000c58c that resolved to: [application<dev.selfhost.firstActivationProbe>:50572]
Aug 27 21:19:23.932141 runningboardd(RunningBoard)[33] <Debug>: Sending state 0x101428df0 for application<dev.selfhost.firstActivationProbe> to [daemon<com.apple.mediaserverd>:36]
Aug 27 21:19:23.932616 runningboardd(RunningBoard)[33] <Debug>: Sending state 0x101428df0 for application<dev.selfhost.firstActivationProbe> to [daemon<com.apple.symptomsd>:170]
Aug 27 21:19:23.933302 mediaserverd(RunningBoardServices)[36] <Info>: Update delivered for [application<dev.selfhost.firstActivationProbe>:50572] with taskState 4
Aug 27 21:19:23.933575 mediaserverd(MediaExperience)[36] <Notice>: -CMSessionMgr- CMSessionMgrHandleApplicationStateChange: Client dev.selfhost.firstActivationProbe with pid '50572' is now Background Running. Background entitlement: NO ActiveLongFormVideoSession: NO WhitelistedLongFormVideoApp NO
Aug 27 21:19:23.933682 mediaserverd(MediaExperience)[36] <Notice>: -CMSessionMgr- CMSessionMgrHandleApplicationStateChange: Sending stop command to dev.selfhost.firstActivationProbe with pid '50572' because client is not allowed to play in the background AND does not continue AirPlaying video when device locks
Aug 27 21:19:23.933830 mediaserverd(AudioToolbox)[36] <Notice>:           SSServerImp.cpp:1252  pid 50572(Runner)
Aug 27 21:19:23.933947 mediaserverd(RunningBoardServices)[36] <Info>: Update delivered for [application<dev.selfhost.firstActivationProbe>:50572] with taskState 4
Aug 27 21:19:23.934137 runningboardd(RunningBoard)[33] <Debug>: Sending state 0x101428df0 for application<dev.selfhost.firstActivationProbe> to [daemon<com.apple.SpringBoard>:47602]
Aug 27 21:19:23.934517 runningboardd(RunningBoard)[33] <Debug>: Sending state 0x101428df0 for application<dev.selfhost.firstActivationProbe> to [daemon<com.apple.UserEventAgent-System>:30]
Aug 27 21:19:23.935161 SpringBoard(RunningBoardServices)[47602] <Notice>: Hit the server for a process handle 1744a7cf0000c58c that resolved to: [application<dev.selfhost.firstActivationProbe>:50572]
Aug 27 21:19:23.935409 runningboardd(RunningBoard)[33] <Debug>: Incrementing suppression state to 2 for application<dev.selfhost.firstActivationProbe>
Aug 27 21:19:23.935536 runningboardd(RunningBoard)[33] <Debug>: Decrementing suppression state to 1 for application<dev.selfhost.firstActivationProbe>
Aug 27 21:19:23.935663 runningboardd(RunningBoard)[33] <Debug>: Incrementing suppression state to 2 for application<dev.selfhost.firstActivationProbe>
Aug 27 21:19:23.935835 runningboardd(RunningBoard)[33] <Notice>: Calculated state for application<dev.selfhost.firstActivationProbe>: running-active (role: Background)
Aug 27 21:19:23.935976 runningboardd(RunningBoard)[33] <Debug>: SUPPRESSING state update for application<dev.selfhost.firstActivationProbe>: <RBSProcessState| task:running-active debug:none terminationResistance:None rbAssertions:[
Aug 27 21:19:23.936975 SpringBoard(RunningBoardServices)[47602] <Info>: Update delivered for [application<dev.selfhost.firstActivationProbe>:50572] with taskState 4
Aug 27 21:19:23.937304 SpringBoard(RunningBoardServices)[47602] <Info>: Update delivered for [application<dev.selfhost.firstActivationProbe>:50572] with taskState 4
Aug 27 21:19:23.937530 SpringBoard(RunningBoardServices)[47602] <Info>: Update delivered for [application<dev.selfhost.firstActivationProbe>:50572] with taskState 4
Aug 27 21:19:23.937678 SpringBoard(RunningBoardServices)[47602] <Info>: Update delivered for [application<dev.selfhost.firstActivationProbe>:50572] with taskState 4
Aug 27 21:19:23.937964 SpringBoard(UserNotificationsServer)[47602] <Notice>: [dev.selfhost.firstActivationProbe] dev.selfhost.firstActivationProbe application state changed to BackgroundRunning
Aug 27 21:19:23.938771 runningboardd(RunningBoard)[33] <Debug>: Sending state 0x101428df0 for application<dev.selfhost.firstActivationProbe> to [daemon<com.apple.TextInput.kbd>:303]
Aug 27 21:19:23.939952 runningboardd(RunningBoard)[33] <Debug>: Sending state 0x101428df0 for application<dev.selfhost.firstActivationProbe> to [daemon<com.apple.contextstored>:61]
Aug 27 21:19:23.940115 runningboardd(RunningBoard)[33] <Debug>: Sending state 0x101428df0 for application<dev.selfhost.firstActivationProbe> to [daemon<com.apple.telephonyutilities.callservicesd>:131]
Aug 27 21:19:23.940694 runningboardd(RunningBoard)[33] <Debug>: Sending state 0x101428df0 for application<dev.selfhost.firstActivationProbe> to [daemon<com.apple.backboardd>:65]
Aug 27 21:19:23.941325 runningboardd(RunningBoard)[33] <Debug>: Sending state 0x101428df0 for application<dev.selfhost.firstActivationProbe> to [daemon<com.apple.watchdogd>:57]
Aug 27 21:19:23.941871 runningboardd(RunningBoard)[33] <Debug>: Sending state 0x101428df0 for application<dev.selfhost.firstActivationProbe> to [daemon<com.apple.wifid>:52]
Aug 27 21:19:23.942016 watchdogd(RunningBoardServices)[57] <Debug>: Received message from server: async_observedProcessStatesDidChange:completion:
Aug 27 21:19:23.942180 watchdogd(RunningBoardServices)[57] <Info>: observedProcessStatesDidChange
Aug 27 21:19:23.942401 watchdogd(RunningBoardServices)[57] <Debug>: Decoded RBSProcessHandle with IPC ID 1744a7cf0000c58c
Aug 27 21:19:23.943217 runningboardd(RunningBoard)[33] <Debug>: Sending state 0x101428df0 for application<dev.selfhost.firstActivationProbe> to [daemon<com.apple.CommCenter>:90]
Aug 27 21:19:23.943359 runningboardd(RunningBoard)[33] <Debug>: Sending state 0x101428df0 for application<dev.selfhost.firstActivationProbe> to [daemon<com.apple.coreservices.useractivityd>:184]
Aug 27 21:19:23.944187 runningboardd(RunningBoard)[33] <Debug>: Sending state 0x101428df0 for application<dev.selfhost.firstActivationProbe> to [daemon<com.apple.locationd>:69]
Aug 27 21:19:23.944801 runningboardd(RunningBoard)[33] <Debug>: Sending state 0x101428df0 for application<dev.selfhost.firstActivationProbe> to [daemon<com.apple.dasd>:94]
Aug 27 21:19:23.944960 runningboardd(RunningBoard)[33] <Debug>: Sending state 0x101428df0 for application<dev.selfhost.firstActivationProbe> to [daemon<com.apple.aggregated>:50213]
Aug 27 21:19:23.946652 runningboardd(RunningBoard)[33] <Info>: [application<dev.selfhost.firstActivationProbe>:50572] Applying updated state
Aug 27 21:19:23.947057 symptomsd(RunningBoardServices)[170] <Notice>: Hit the server for a process handle 1744a7cf0000c58c that resolved to: [application<dev.selfhost.firstActivationProbe>:50572]
Aug 27 21:19:23.947434 symptomsd(SymptomNetworkUsage)[170] <Debug>: 50572 dev.selfhost.firstActivationProbe: BackgroundRunning (most elevated: BackgroundRunning)
Aug 27 21:19:23.947588 symptomsd(RunningBoardServices)[170] <Info>: Update delivered for [application<dev.selfhost.firstActivationProbe>:50572] with taskState 4
Aug 27 21:19:23.947983 UserEventAgent(RunningBoardServices)[30] <Notice>: Hit the server for a process handle 1744a7cf0000c58c that resolved to: [application<dev.selfhost.firstActivationProbe>:50572]
Aug 27 21:19:23.948563 UserEventAgent(ADEventListenerPlugin)[30] <Debug>: AppStateChange: <private> (50572) terminated => backgroundRunning
Aug 27 21:19:23.949060 UserEventAgent(RunningBoardServices)[30] <Info>: Update delivered for [application<dev.selfhost.firstActivationProbe>:50572] with taskState 4
Aug 27 21:19:23.949270 kbd(RunningBoardServices)[303] <Notice>: Hit the server for a process handle 1744a7cf0000c58c that resolved to: [application<dev.selfhost.firstActivationProbe>:50572]
Aug 27 21:19:23.949483 kbd(RunningBoardServices)[303] <Info>: Update delivered for [application<dev.selfhost.firstActivationProbe>:50572] with taskState 4
Aug 27 21:19:23.949986 contextstored(RunningBoardServices)[61] <Notice>: Hit the server for a process handle 1744a7cf0000c58c that resolved to: [application<dev.selfhost.firstActivationProbe>:50572]
Aug 27 21:19:23.950309 contextstored(RunningBoardServices)[61] <Info>: Update delivered for [application<dev.selfhost.firstActivationProbe>:50572] with taskState 4
Aug 27 21:19:23.951972 callservicesd(RunningBoardServices)[131] <Notice>: Hit the server for a process handle 1744a7cf0000c58c that resolved to: [application<dev.selfhost.firstActivationProbe>:50572]
Aug 27 21:19:23.952271 callservicesd(RunningBoardServices)[131] <Info>: Update delivered for [application<dev.selfhost.firstActivationProbe>:50572] with taskState 4
Aug 27 21:19:23.952704 runningboardd(RunningBoard)[33] <Info>: Received message from [daemon<com.apple.watchdogd>:57] (euid 0, auid 0): lookupHandleForKey:error:
Aug 27 21:19:23.952842 backboardd(RunningBoardServices)[65] <Notice>: Hit the server for a process handle 1744a7cf0000c58c that resolved to: [application<dev.selfhost.firstActivationProbe>:50572]
Aug 27 21:19:23.953266 backboardd(RunningBoardServices)[65] <Info>: Update delivered for [application<dev.selfhost.firstActivationProbe>:50572] with taskState 4
Aug 27 21:19:23.953569 watchdogd(RunningBoardServices)[57] <Notice>: Hit the server for a process handle 1744a7cf0000c58c that resolved to: [application<dev.selfhost.firstActivationProbe>:50572]
Aug 27 21:19:23.953668 watchdogd(RunningBoardServices)[57] <Notice>: Received state update for 50572
Aug 27 21:19:23.953843 watchdogd(RunningBoardServices)[57] <Info>: Update delivered for [application<dev.selfhost.firstActivationProbe>:50572] with taskState 4
Aug 27 21:19:23.954250 wifid(RunningBoardServices)[52] <Notice>: Hit the server for a process handle 1744a7cf0000c58c that resolved to: [application<dev.selfhost.firstActivationProbe>:50572]
Aug 27 21:19:23.955319 CommCenter(RunningBoardServices)[90] <Notice>: Hit the server for a process handle 1744a7cf0000c58c that resolved to: [application<dev.selfhost.firstActivationProbe>:50572]
Aug 27 21:19:23.957029 CommCenter(RunningBoardServices)[90] <Info>: Update delivered for [application<dev.selfhost.firstActivationProbe>:50572] with taskState 4
Aug 27 21:19:23.957271 useractivityd(RunningBoardServices)[184] <Notice>: Hit the server for a process handle 1744a7cf0000c58c that resolved to: [application<dev.selfhost.firstActivationProbe>:50572]
Aug 27 21:19:23.957545 useractivityd(RunningBoardServices)[184] <Info>: Update delivered for [application<dev.selfhost.firstActivationProbe>:50572] with taskState 4
Aug 27 21:19:23.958111 locationd(RunningBoardServices)[69] <Notice>: Hit the server for a process handle 1744a7cf0000c58c that resolved to: [application<dev.selfhost.firstActivationProbe>:50572]
Aug 27 21:19:23.958416 locationd(RunningBoardServices)[69] <Info>: Update delivered for [application<dev.selfhost.firstActivationProbe>:50572] with taskState 4
Aug 27 21:19:23.960371 locationd[69] <Debug>: CLMM,locationApp backgrounded or terminated,<private>
Aug 27 21:19:23.965572 dasd(RunningBoardServices)[94] <Notice>: Hit the server for a process handle 1744a7cf0000c58c that resolved to: [application<dev.selfhost.firstActivationProbe>:50572]
Aug 27 21:19:23.966450 dasd(RunningBoardServices)[94] <Info>: Update delivered for [application<dev.selfhost.firstActivationProbe>:50572] with taskState 4
Aug 27 21:19:23.966653 dasd(RunningBoardServices)[94] <Info>: Update delivered for [application<dev.selfhost.firstActivationProbe>:50572] with taskState 4
Aug 27 21:19:23.966759 dasd(RunningBoardServices)[94] <Info>: Update delivered for [application<dev.selfhost.firstActivationProbe>:50572] with taskState 4
Aug 27 21:19:23.967053 aggregated(RunningBoardServices)[50213] <Notice>: Hit the server for a process handle 1744a7cf0000c58c that resolved to: [application<dev.selfhost.firstActivationProbe>:50572]
Aug 27 21:19:23.967415 aggregated(RunningBoardServices)[50213] <Info>: Update delivered for [application<dev.selfhost.firstActivationProbe>:50572] with taskState 4
Aug 27 21:19:23.971414 runningboardd(RunningBoard)[33] <Notice>: [application<dev.selfhost.firstActivationProbe>:50572] Set jetsam priority to 0 [0] flag[1]
Aug 27 21:19:23.972011 wifid(RunningBoardServices)[52] <Info>: Update delivered for [application<dev.selfhost.firstActivationProbe>:50572] with taskState 4
Aug 27 21:19:23.972289 runningboardd(RunningBoard)[33] <Notice>: [application<dev.selfhost.firstActivationProbe>:50572] Resuming task.
Aug 27 21:19:23.972617 runningboardd(RunningBoard)[33] <Notice>: [application<dev.selfhost.firstActivationProbe>:50572] Set darwin role to: Background
Aug 27 21:19:23.973183 runningboardd(RunningBoard)[33] <Info>: [application<dev.selfhost.firstActivationProbe>:50572] Disabled CPU monitoring
Aug 27 21:19:23.973322 runningboardd(RunningBoard)[33] <Info>: [application<dev.selfhost.firstActivationProbe>:50572] Reset CPU monitoring limits to defaults
Aug 27 21:19:23.973435 runningboardd(RunningBoard)[33] <Info>: [application<dev.selfhost.firstActivationProbe>:50572] Resumed CPU monitoring
Aug 27 21:19:23.973833 runningboardd(RunningBoard)[33] <Debug>: Decrementing suppression state to 1 for application<dev.selfhost.firstActivationProbe>
Aug 27 21:19:23.973936 runningboardd(RunningBoard)[33] <Info>: Finished acquiring assertion 33-33-7508 (target:[application<dev.selfhost.firstActivationProbe>:50572])
Aug 27 21:19:23.974038 runningboardd(RunningBoard)[33] <Notice>: Successfully acquired underlying assertion for [application<dev.selfhost.firstActivationProbe>:50572]
Aug 27 21:19:23.974354 UserEventAgent(RunningBoardServices)[30] <Info>: Update delivered for [application<dev.selfhost.firstActivationProbe>:50572] with taskState 4
Aug 27 21:19:23.974786 symptomsd(SymptomNetworkUsage)[170] <Info>: handleApplicationStateChangeForDisplayName: name dev.selfhost.firstActivationProbe uuid E01B2FEA-36F1-3C21-AADE-93AC8E03F45C pid 50572 state BKSApplicationStateBackgroundRunning
Aug 27 21:19:23.976426 symptomsd(SymptomNetworkUsage)[170] <Debug>: Dynamic lookup for E01B2FEA-36F1-3C21-AADE-93AC8E03F45C found entry dev.selfhost.firstActivationProbe
Aug 27 21:19:23.986282 dasd[94] <Notice>: Requesting prewarm termination for <private>
Aug 27 21:19:23.986859 runningboardd(RunningBoard)[33] <Notice>: Invalidating assertion 33-94-7507 (target:application<dev.selfhost.firstActivationProbe>) from originator [daemon<com.apple.dasd>:94]
Aug 27 21:19:23.987527 runningboardd(RunningBoard)[33] <Notice>: Removed last relative-start-date-defining assertion for process application<dev.selfhost.firstActivationProbe>
Aug 27 21:19:23.987791 runningboardd(RunningBoard)[33] <Debug>: Updating events for assertion: 33-94-7507 (target:application<dev.selfhost.firstActivationProbe>)
Aug 27 21:19:23.988211 runningboardd(RunningBoard)[33] <Debug>: Removing events for context: 33-94-7507 (target:application<dev.selfhost.firstActivationProbe>)
Aug 27 21:19:23.988332 runningboardd(RunningBoard)[33] <Debug>: Removing assertion 33-94-7507 on application<dev.selfhost.firstActivationProbe>
Aug 27 21:19:23.988457 runningboardd(RunningBoard)[33] <Info>: application<dev.selfhost.firstActivationProbe> is now targeted by 1 assertions
Aug 27 21:19:23.988888 runningboardd(RunningBoard)[33] <Info>: [application<dev.selfhost.firstActivationProbe>:50572] Applying updated state
Aug 27 21:19:23.989002 runningboardd(RunningBoard)[33] <Notice>: [application<dev.selfhost.firstActivationProbe>:50572] Suspending task.
Aug 27 21:19:23.989207 runningboardd(RunningBoard)[33] <Notice>: Calculated state for application<dev.selfhost.firstActivationProbe>: running-suspended (role: None)
Aug 27 21:19:23.989358 runningboardd(RunningBoard)[33] <Debug>: Sending state update for application<dev.selfhost.firstActivationProbe>: <RBSProcessState| task:running-suspended debug:none terminationResistance:None rbAssertions:[
Aug 27 21:19:23.989515 runningboardd(RunningBoard)[33] <Debug>: Incrementing suppression state to 2 for application<dev.selfhost.firstActivationProbe>
Aug 27 21:19:23.991155 mediaserverd(RunningBoardServices)[36] <Info>: Update delivered for [application<dev.selfhost.firstActivationProbe>:50572] with taskState 3
Aug 27 21:19:23.991367 mediaserverd(MediaExperience)[36] <Notice>: -CMSessionMgr- CMSessionMgrHandleApplicationStateChange: Client dev.selfhost.firstActivationProbe with pid '50572' is now Background Suspended. Background entitlement: NO ActiveLongFormVideoSession: NO WhitelistedLongFormVideoApp NO
Aug 27 21:19:23.991473 mediaserverd(MediaExperience)[36] <Notice>: -CMSessionMgr- CMSessionMgrHandleApplicationStateChange: Sending stop command to dev.selfhost.firstActivationProbe with pid '50572' because client is background suspended and there is no AirPlay video session for it
Aug 27 21:19:23.991570 dasd[94] <Notice>: Prewarm terminated for <private>
Aug 27 21:19:23.991680 mediaserverd(AudioToolbox)[36] <Notice>:           SSServerImp.cpp:1252  pid 50572(Runner)
Aug 27 21:19:23.991782 runningboardd(RunningBoard)[33] <Notice>: [application<dev.selfhost.firstActivationProbe>:50572] Shutdown sockets (SVC)
Aug 27 21:19:23.991885 mediaserverd(RunningBoardServices)[36] <Info>: Update delivered for [application<dev.selfhost.firstActivationProbe>:50572] with taskState 3
Aug 27 21:19:23.991989 runningboardd(RunningBoard)[33] <Notice>: [application<dev.selfhost.firstActivationProbe>:50572] Set darwin role to: None
Aug 27 21:19:23.992436 runningboardd(RunningBoard)[33] <Notice>: [application<dev.selfhost.firstActivationProbe>:50572] check if suspended process is holding locks
Aug 27 21:19:23.992649 SpringBoard(RunningBoardServices)[47602] <Info>: Update delivered for [application<dev.selfhost.firstActivationProbe>:50572] with taskState 3
Aug 27 21:19:23.992838 runningboardd(RunningBoard)[33] <Debug>: [application<dev.selfhost.firstActivationProbe>:50572]: adding allowed path from bundle /private/var/mobile/Containers/Data/Application/18E6667F-E66B-4E74-92D9-B14869861554
Aug 27 21:19:23.993251 SpringBoard(RunningBoardServices)[47602] <Info>: Update delivered for [application<dev.selfhost.firstActivationProbe>:50572] with taskState 3
Aug 27 21:19:23.993565 runningboardd(RunningBoard)[33] <Info>: [application<dev.selfhost.firstActivationProbe>:50572] Not checking lock on special file: /dev/null
Aug 27 21:19:23.993696 SpringBoard(RunningBoardServices)[47602] <Info>: Update delivered for [application<dev.selfhost.firstActivationProbe>:50572] with taskState 3
Aug 27 21:19:23.993894 SpringBoard(RunningBoardServices)[47602] <Info>: Update delivered for [application<dev.selfhost.firstActivationProbe>:50572] with taskState 3
Aug 27 21:19:23.995058 kbd(RunningBoardServices)[303] <Info>: Update delivered for [application<dev.selfhost.firstActivationProbe>:50572] with taskState 3
Aug 27 21:19:23.996113 UserEventAgent(RunningBoardServices)[30] <Info>: Update delivered for [application<dev.selfhost.firstActivationProbe>:50572] with taskState 3
Aug 27 21:19:23.996581 watchdogd(RunningBoardServices)[57] <Debug>: Received message from server: async_observedProcessStatesDidChange:completion:
Aug 27 21:19:23.997072 backboardd(RunningBoardServices)[65] <Info>: Update delivered for [application<dev.selfhost.firstActivationProbe>:50572] with taskState 3
Aug 27 21:19:23.999099 CommCenter(RunningBoardServices)[90] <Info>: Update delivered for [application<dev.selfhost.firstActivationProbe>:50572] with taskState 3
Aug 27 21:19:24.002782 watchdogd(RunningBoardServices)[57] <Info>: observedProcessStatesDidChange
Aug 27 21:19:24.003006 watchdogd(RunningBoardServices)[57] <Debug>: Decoded RBSProcessHandle with IPC ID 1744a7cf0000c58c
Aug 27 21:19:24.003136 watchdogd(RunningBoardServices)[57] <Notice>: Received state update for 50572
Aug 27 21:19:24.004904 locationd(RunningBoardServices)[69] <Info>: Update delivered for [application<dev.selfhost.firstActivationProbe>:50572] with taskState 3
Aug 27 21:19:24.008288 useractivityd(RunningBoardServices)[184] <Info>: Update delivered for [application<dev.selfhost.firstActivationProbe>:50572] with taskState 3
Aug 27 21:19:24.008523 watchdogd(RunningBoardServices)[57] <Info>: Update delivered for [application<dev.selfhost.firstActivationProbe>:50572] with taskState 3
Aug 27 21:19:24.008682 callservicesd(RunningBoardServices)[131] <Info>: Update delivered for [application<dev.selfhost.firstActivationProbe>:50572] with taskState 3
Aug 27 21:19:24.008788 contextstored(RunningBoardServices)[61] <Info>: Update delivered for [application<dev.selfhost.firstActivationProbe>:50572] with taskState 3
Aug 27 21:19:24.009134 aggregated(RunningBoardServices)[50213] <Info>: Update delivered for [application<dev.selfhost.firstActivationProbe>:50572] with taskState 3
Aug 27 21:19:24.009838 wifid(RunningBoardServices)[52] <Info>: Update delivered for [application<dev.selfhost.firstActivationProbe>:50572] with taskState 3
Aug 27 21:19:24.010005 symptomsd(SymptomNetworkUsage)[170] <Debug>: 50572 dev.selfhost.firstActivationProbe: BackgroundTaskSuspended (most elevated: BackgroundTaskSuspended)
Aug 27 21:19:24.010265 symptomsd(RunningBoardServices)[170] <Info>: Update delivered for [application<dev.selfhost.firstActivationProbe>:50572] with taskState 3
Aug 27 21:19:24.013162 runningboardd(RunningBoard)[33] <Debug>: Decrementing suppression state to 1 for application<dev.selfhost.firstActivationProbe>
Aug 27 21:19:24.016040 UserEventAgent(RunningBoardServices)[30] <Info>: Update delivered for [application<dev.selfhost.firstActivationProbe>:50572] with taskState 3
Aug 27 21:19:24.019766 symptomsd(SymptomNetworkUsage)[170] <Info>: handleApplicationStateChangeForDisplayName: name dev.selfhost.firstActivationProbe uuid E01B2FEA-36F1-3C21-AADE-93AC8E03F45C pid 50572 state BKSApplicationStateBackgroundTaskSuspended
Aug 27 21:19:24.021954 symptomsd(SymptomNetworkUsage)[170] <Debug>: Dynamic lookup for E01B2FEA-36F1-3C21-AADE-93AC8E03F45C found entry dev.selfhost.firstActivationProbe
Aug 27 21:19:24.027722 dasd(RunningBoardServices)[94] <Info>: Update delivered for [application<dev.selfhost.firstActivationProbe>:50572] with taskState 3
Aug 27 21:19:24.027972 dasd(RunningBoardServices)[94] <Info>: Update delivered for [application<dev.selfhost.firstActivationProbe>:50572] with taskState 3
Aug 27 21:19:24.028189 dasd(RunningBoardServices)[94] <Info>: Update delivered for [application<dev.selfhost.firstActivationProbe>:50572] with taskState 3
Aug 27 21:19:24.042651 mediaserverd(CoreMotion)[36] <Debug>: Ping timer fired, resetting watchdog
Aug 27 21:19:24.081698 nearbyd(CoreMotion)[157] <Debug>: Ping timer fired, resetting watchdog
Aug 27 21:19:24.093169 runningboardd(RunningBoard)[33] <Debug>: Decrementing suppression state to 0 for application<dev.selfhost.firstActivationProbe>
Aug 27 21:19:24.093854 runningboardd(RunningBoard)[33] <Debug>: END suppressing state updates for application<dev.selfhost.firstActivationProbe>
Aug 27 21:19:24.136906 locationd[69] <Debug>: Ping timer fired, resetting watchdog
Aug 27 21:19:24.490732 dasd[94] <Notice>: Requesting prewarm termination for <private>
Aug 27 21:19:26.027579 SpringBoard(CoreMotion)[47602] <Debug>: Ping timer fired, resetting watchdog
Aug 27 21:19:26.472586 backboardd(CoreMotion)[65] <Debug>: Ping timer fired, resetting watchdog
Aug 27 21:19:26.868955 biometrickitd(CoreMotion)[109] <Debug>: Ping timer fired, resetting watchdog
Aug 27 21:19:28.198147 routined(libcoreroutine.dylib)[38] <Debug>: pipeline, com.apple.routined.visit.pipeline.realtime-low-confidence, iteration, 3378, is terminated by <private>
Aug 27 21:19:28.237113 routined(libcoreroutine.dylib)[38] <Debug>: pipeline, com.apple.routined.visit.pipeline.realtime-high-confidence, iteration, 3378, is terminated by <private>
Aug 27 21:19:29.050489 mediaserverd(CoreMotion)[36] <Debug>: Ping timer fired, resetting watchdog
Aug 27 21:19:29.072477 nearbyd(CoreMotion)[157] <Debug>: Ping timer fired, resetting watchdog
Aug 27 21:19:29.141035 locationd[69] <Debug>: Ping timer fired, resetting watchdog
Aug 27 21:19:31.025268 SpringBoard(CoreMotion)[47602] <Debug>: Ping timer fired, resetting watchdog
Aug 27 21:19:31.471939 backboardd(CoreMotion)[65] <Debug>: Ping timer fired, resetting watchdog
Aug 27 21:19:31.871184 biometrickitd(CoreMotion)[109] <Debug>: Ping timer fired, resetting watchdog
Aug 27 21:19:32.676075 watchdogd[57] <Debug>: 1249620322375500: <private>
Aug 27 21:19:32.676214 watchdogd[57] <Info>: 1249620322467208: <private>
Aug 27 21:19:32.676385 watchdogd[57] <Debug>: 1249620322560500: <private>
Aug 27 21:19:32.676521 watchdogd[57] <Debug>: 1249620322579000: <private>
Aug 27 21:19:32.676654 watchdogd[57] <Info>: 1249620322579916: <private>
Aug 27 21:19:32.676799 watchdogd[57] <Debug>: 1249620322633583: <private>
Aug 27 21:19:32.676949 watchdogd[57] <Debug>: 1249620322732791: <private>
Aug 27 21:19:32.677099 watchdogd[57] <Debug>: 1249620322777041: <private>
Aug 27 21:19:32.677247 watchdogd[57] <Debug>: 1249620322854000: <private>
Aug 27 21:19:32.677394 watchdogd[57] <Debug>: 1249620322881000: <private>
Aug 27 21:19:32.677542 watchdogd[57] <Info>: 1249620322887583: <private>
Aug 27 21:19:32.677689 watchdogd[57] <Info>: 1249620322889833: <private>
Aug 27 21:19:32.677837 watchdogd[57] <Info>: 1249620322890666: <private>
Aug 27 21:19:32.677971 watchdogd[57] <Info>: 1249620322891333: <private>
Aug 27 21:19:32.678133 watchdogd[57] <Info>: 1249620322891833: <private>
Aug 27 21:19:32.678269 watchdogd[57] <Info>: 1249620322892291: <private>
Aug 27 21:19:32.678396 watchdogd[57] <Info>: 1249620322892750: <private>
Aug 27 21:19:32.678542 watchdogd[57] <Info>: 1249620322893166: <private>
Aug 27 21:19:33.070753 locationd[69] <Debug>: Fence: cancelLocationWatchdog, num fences, 1, location type, <private>
Aug 27 21:19:33.072976 locationd[69] <Debug>: Fence: cancelLocationWatchdog
Aug 27 21:19:34.045793 mediaserverd(CoreMotion)[36] <Debug>: Ping timer fired, resetting watchdog
Aug 27 21:19:34.074897 nearbyd(CoreMotion)[157] <Debug>: Ping timer fired, resetting watchdog
Aug 27 21:19:34.182046 locationd[69] <Debug>: Ping timer fired, resetting watchdog
Aug 27 21:19:36.062334 SpringBoard(CoreMotion)[47602] <Debug>: Ping timer fired, resetting watchdog
Aug 27 21:19:36.473392 backboardd(CoreMotion)[65] <Debug>: Ping timer fired, resetting watchdog
Aug 27 21:19:36.892092 biometrickitd(CoreMotion)[109] <Debug>: Ping timer fired, resetting watchdog
Aug 27 21:19:39.046552 mediaserverd(CoreMotion)[36] <Debug>: Ping timer fired, resetting watchdog
Aug 27 21:19:39.089096 nearbyd(CoreMotion)[157] <Debug>: Ping timer fired, resetting watchdog
Aug 27 21:19:39.141652 locationd[69] <Debug>: Ping timer fired, resetting watchdog
Aug 27 21:19:41.024222 SpringBoard(CoreMotion)[47602] <Debug>: Ping timer fired, resetting watchdog
Aug 27 21:19:41.473925 backboardd(CoreMotion)[65] <Debug>: Ping timer fired, resetting watchdog
Aug 27 21:19:41.866866 biometrickitd(CoreMotion)[109] <Debug>: Ping timer fired, resetting watchdog
Aug 27 21:19:42.564946 watchdogd[57] <Debug>: 1249630322559291: <private>
Aug 27 21:19:42.566605 watchdogd[57] <Info>: 1249630322932541: <private>
Aug 27 21:19:42.568196 watchdogd[57] <Debug>: 1249630323131500: <private>
Aug 27 21:19:42.570140 watchdogd[57] <Debug>: 1249630323558208: <private>
Aug 27 21:19:42.571395 watchdogd[57] <Info>: 1249630323564083: <private>
Aug 27 21:19:42.572979 watchdogd[57] <Debug>: 1249630323733958: <private>
Aug 27 21:19:42.574494 watchdogd[57] <Debug>: 1249630324052458: <private>
Aug 27 21:19:42.576042 watchdogd[57] <Debug>: 1249630324233333: <private>
Aug 27 21:19:42.577521 watchdogd[57] <Debug>: 1249630324403416: <private>
Aug 27 21:19:42.578984 watchdogd[57] <Debug>: 1249630324535666: <private>
Aug 27 21:19:42.580514 watchdogd[57] <Info>: 1249630324569500: <private>
Aug 27 21:19:42.581684 watchdogd[57] <Info>: 1249630324578291: <private>
Aug 27 21:19:42.583201 watchdogd[57] <Info>: 1249630324581250: <private>
Aug 27 21:19:42.584235 watchdogd[57] <Info>: 1249630324584041: <private>
Aug 27 21:19:42.585270 watchdogd[57] <Info>: 1249630324586500: <private>
Aug 27 21:19:42.586320 watchdogd[57] <Info>: 1249630324588750: <private>
Aug 27 21:19:42.587658 watchdogd[57] <Info>: 1249630324591041: <private>
Aug 27 21:19:42.588728 watchdogd[57] <Info>: 1249630324593208: <private>
Aug 27 21:19:42.589755 watchdogd[57] <Info>: 1249630324995041: <private>
Aug 27 21:19:44.055551 mediaserverd(CoreMotion)[36] <Debug>: Ping timer fired, resetting watchdog
Aug 27 21:19:44.076549 nearbyd(CoreMotion)[157] <Debug>: Ping timer fired, resetting watchdog
Aug 27 21:19:44.138163 locationd[69] <Debug>: Ping timer fired, resetting watchdog
Aug 27 21:19:46.025243 SpringBoard(CoreMotion)[47602] <Debug>: Ping timer fired, resetting watchdog
Aug 27 21:19:46.470781 backboardd(CoreMotion)[65] <Debug>: Ping timer fired, resetting watchdog
Aug 27 21:19:46.871413 biometrickitd(CoreMotion)[109] <Debug>: Ping timer fired, resetting watchdog
Aug 27 21:19:49.015585 routined(libcoreroutine.dylib)[38] <Debug>: pipeline, com.apple.routined.visit.pipeline.realtime-low-confidence, iteration, 3379, is terminated by <private>
Aug 27 21:19:49.043069 mediaserverd(CoreMotion)[36] <Debug>: Ping timer fired, resetting watchdog
Aug 27 21:19:49.049274 routined(libcoreroutine.dylib)[38] <Debug>: pipeline, com.apple.routined.visit.pipeline.realtime-high-confidence, iteration, 3379, is terminated by <private>
Aug 27 21:19:49.076821 nearbyd(CoreMotion)[157] <Debug>: Ping timer fired, resetting watchdog
Aug 27 21:19:49.135887 locationd[69] <Debug>: Ping timer fired, resetting watchdog
Aug 27 21:19:51.024508 SpringBoard(CoreMotion)[47602] <Debug>: Ping timer fired, resetting watchdog
Aug 27 21:19:51.468990 backboardd(CoreMotion)[65] <Debug>: Ping timer fired, resetting watchdog
Aug 27 21:19:51.866310 biometrickitd(CoreMotion)[109] <Debug>: Ping timer fired, resetting watchdog
Aug 27 21:19:52.558648 watchdogd[57] <Debug>: 1249640323052708: <private>
Aug 27 21:19:52.559944 watchdogd[57] <Info>: 1249640323377875: <private>
Aug 27 21:19:52.561711 watchdogd[57] <Debug>: 1249640323461875: <private>
Aug 27 21:19:52.563116 watchdogd[57] <Info>: 1249640323468208: <private>
Aug 27 21:19:52.564579 watchdogd[57] <Debug>: 1249640323537666: <private>
Aug 27 21:19:52.565939 watchdogd[57] <Debug>: 1249640323848041: <private>
Aug 27 21:19:52.568012 watchdogd[57] <Debug>: 1249640324095125: <private>
Aug 27 21:19:52.569595 watchdogd[57] <Debug>: 1249640324398500: <private>
Aug 27 21:19:52.571104 watchdogd[57] <Debug>: 1249640324642166: <private>
Aug 27 21:19:52.572158 watchdogd[57] <Debug>: 1249640324663166: <private>
Aug 27 21:19:52.573136 watchdogd[57] <Info>: 1249640324694333: <private>
Aug 27 21:19:52.574110 watchdogd[57] <Info>: 1249640324703208: <private>
Aug 27 21:19:52.575174 watchdogd[57] <Info>: 1249640324706625: <private>
Aug 27 21:19:52.576086 watchdogd[57] <Info>: 1249640324709250: <private>
Aug 27 21:19:52.577102 watchdogd[57] <Info>: 1249640324711708: <private>
Aug 27 21:19:52.578137 watchdogd[57] <Info>: 1249640324713958: <private>
Aug 27 21:19:52.579538 watchdogd[57] <Info>: 1249640324716250: <private>
Aug 27 21:19:52.580516 watchdogd[57] <Info>: 1249640324718416: <private>
Aug 27 21:19:54.042411 mediaserverd(CoreMotion)[36] <Debug>: Ping timer fired, resetting watchdog
Aug 27 21:19:54.089824 nearbyd(CoreMotion)[157] <Debug>: Ping timer fired, resetting watchdog
Aug 27 21:19:54.135852 locationd[69] <Debug>: Ping timer fired, resetting watchdog
Aug 27 21:19:56.026831 SpringBoard(CoreMotion)[47602] <Debug>: Ping timer fired, resetting watchdog
Aug 27 21:19:56.513244 backboardd(CoreMotion)[65] <Debug>: Ping timer fired, resetting watchdog
Aug 27 21:19:56.864990 biometrickitd(CoreMotion)[109] <Debug>: Ping timer fired, resetting watchdog
Aug 27 21:19:58.933429 runningboardd(RunningBoard)[33] <Info>: _requestedJetsamPriority = 6, _executablePath = /System/Library/PrivateFrameworks/MobileBackup.framework/backupd
Aug 27 21:19:58.940014 runningboardd(RunningBoard)[33] <Info>: _requestedJetsamPriority = 6, _executablePath = /System/Library/PrivateFrameworks/MobileBackup.framework/backupd
Aug 27 21:19:58.941062 runningboardd(RunningBoard)[33] <Debug>: Sending state update for daemon<com.apple.backupd>: <RBSProcessState| task:running debug:none terminationResistance:None>
Aug 27 21:19:59.046904 mediaserverd(CoreMotion)[36] <Debug>: Ping timer fired, resetting watchdog
Aug 27 21:19:59.085758 nearbyd(CoreMotion)[157] <Debug>: Ping timer fired, resetting watchdog
Aug 27 21:19:59.135070 locationd[69] <Debug>: Ping timer fired, resetting watchdog
Aug 27 21:20:01.027500 SpringBoard(CoreMotion)[47602] <Debug>: Ping timer fired, resetting watchdog
Aug 27 21:20:01.469824 backboardd(CoreMotion)[65] <Debug>: Ping timer fired, resetting watchdog
Aug 27 21:20:01.869700 biometrickitd(CoreMotion)[109] <Debug>: Ping timer fired, resetting watchdog
Aug 27 21:20:02.565106 watchdogd[57] <Debug>: 1249650323514541: <private>
Aug 27 21:20:02.566556 watchdogd[57] <Info>: 1249650324071583: <private>
Aug 27 21:20:02.568132 watchdogd[57] <Debug>: 1249650324610666: <private>
Aug 27 21:20:02.569677 watchdogd[57] <Debug>: 1249650324842458: <private>
Aug 27 21:20:02.571424 watchdogd[57] <Info>: 1249650324852958: <private>
Aug 27 21:20:02.573407 watchdogd[57] <Debug>: 1249650325360208: <private>
Aug 27 21:20:02.574844 watchdogd[57] <Debug>: 1249650326034041: <private>
Aug 27 21:20:02.576279 watchdogd[57] <Debug>: 1249650326281375: <private>
Aug 27 21:20:02.577814 watchdogd[57] <Debug>: 1249650326646000: <private>
Aug 27 21:20:02.579321 watchdogd[57] <Debug>: 1249650326934125: <private>
Aug 27 21:20:02.580991 watchdogd[57] <Info>: 1249650326999416: <private>
Aug 27 21:20:02.582371 watchdogd[57] <Info>: 1249650327015500: <private>
Aug 27 21:20:02.583991 watchdogd[57] <Info>: 1249650327021666: <private>
Aug 27 21:20:02.585603 watchdogd[57] <Info>: 1249650327026583: <private>
Aug 27 21:20:02.587011 watchdogd[57] <Info>: 1249650327031208: <private>
Aug 27 21:20:02.588888 watchdogd[57] <Info>: 1249650327035250: <private>
Aug 27 21:20:02.590355 watchdogd[57] <Info>: 1249650327039500: <private>
Aug 27 21:20:02.591414 watchdogd[57] <Info>: 1249650327043541: <private>
Aug 27 21:20:04.043823 mediaserverd(CoreMotion)[36] <Debug>: Ping timer fired, resetting watchdog
Aug 27 21:20:04.080205 nearbyd(CoreMotion)[157] <Debug>: Ping timer fired, resetting watchdog
Aug 27 21:20:04.139781 locationd[69] <Debug>: Ping timer fired, resetting watchdog
Aug 27 21:20:06.033768 SpringBoard(CoreMotion)[47602] <Debug>: Ping timer fired, resetting watchdog
Aug 27 21:20:06.469942 backboardd(CoreMotion)[65] <Debug>: Ping timer fired, resetting watchdog
Aug 27 21:20:06.864864 biometrickitd(CoreMotion)[109] <Debug>: Ping timer fired, resetting watchdog
Aug 27 21:20:09.041336 mediaserverd(CoreMotion)[36] <Debug>: Ping timer fired, resetting watchdog
Aug 27 21:20:09.085449 nearbyd(CoreMotion)[157] <Debug>: Ping timer fired, resetting watchdog
Aug 27 21:20:09.137360 locationd[69] <Debug>: Ping timer fired, resetting watchdog
Aug 27 21:20:11.024087 SpringBoard(CoreMotion)[47602] <Debug>: Ping timer fired, resetting watchdog
Aug 27 21:20:11.467839 backboardd(CoreMotion)[65] <Debug>: Ping timer fired, resetting watchdog
Aug 27 21:20:11.915622 biometrickitd(CoreMotion)[109] <Debug>: Ping timer fired, resetting watchdog
Aug 27 21:20:12.562088 watchdogd[57] <Debug>: 1249660324231833: <private>
Aug 27 21:20:12.563816 watchdogd[57] <Info>: 1249660324805041: <private>
Aug 27 21:20:12.565395 watchdogd[57] <Debug>: 1249660324956708: <private>
Aug 27 21:20:12.568566 watchdogd[57] <Info>: 1249660324968541: <private>
Aug 27 21:20:12.570070 watchdogd[57] <Debug>: 1249660325089916: <private>
Aug 27 21:20:12.571354 watchdogd[57] <Debug>: 1249660325599500: <private>
Aug 27 21:20:12.572910 watchdogd[57] <Debug>: 1249660326271083: <private>
Aug 27 21:20:12.574413 watchdogd[57] <Debug>: 1249660326657375: <private>
Aug 27 21:20:12.575872 watchdogd[57] <Debug>: 1249660326825375: <private>
Aug 27 21:20:12.577288 watchdogd[57] <Debug>: 1249660327197500: <private>
Aug 27 21:20:12.579179 watchdogd[57] <Info>: 1249660327256125: <private>
Aug 27 21:20:12.581181 watchdogd[57] <Info>: 1249660327271583: <private>
Aug 27 21:20:12.582679 watchdogd[57] <Info>: 1249660327277250: <private>
Aug 27 21:20:12.583970 watchdogd[57] <Info>: 1249660327282458: <private>
Aug 27 21:20:12.585638 watchdogd[57] <Info>: 1249660327287166: <private>
Aug 27 21:20:12.587108 watchdogd[57] <Info>: 1249660327291666: <private>
Aug 27 21:20:12.588876 watchdogd[57] <Info>: 1249660327295875: <private>
Aug 27 21:20:12.590071 watchdogd[57] <Info>: 1249660327299958: <private>
Aug 27 21:20:12.590951 watchdogd[57] <Info>: 1249660327999875: <private>
Aug 27 21:20:14.044062 mediaserverd(CoreMotion)[36] <Debug>: Ping timer fired, resetting watchdog
Aug 27 21:20:14.088543 nearbyd(CoreMotion)[157] <Debug>: Ping timer fired, resetting watchdog
Aug 27 21:20:14.140348 locationd[69] <Debug>: Ping timer fired, resetting watchdog
Aug 27 21:20:16.032882 SpringBoard(CoreMotion)[47602] <Debug>: Ping timer fired, resetting watchdog
Aug 27 21:20:16.468323 backboardd(CoreMotion)[65] <Debug>: Ping timer fired, resetting watchdog
Aug 27 21:20:16.869577 biometrickitd(CoreMotion)[109] <Debug>: Ping timer fired, resetting watchdog
Aug 27 21:20:19.042206 mediaserverd(CoreMotion)[36] <Debug>: Ping timer fired, resetting watchdog
Aug 27 21:20:19.071882 nearbyd(CoreMotion)[157] <Debug>: Ping timer fired, resetting watchdog
Aug 27 21:20:19.134805 locationd[69] <Debug>: Ping timer fired, resetting watchdog
Aug 27 21:20:21.025244 SpringBoard(CoreMotion)[47602] <Debug>: Ping timer fired, resetting watchdog
Aug 27 21:20:21.468289 backboardd(CoreMotion)[65] <Debug>: Ping timer fired, resetting watchdog
Aug 27 21:20:21.873762 biometrickitd(CoreMotion)[109] <Debug>: Ping timer fired, resetting watchdog
Aug 27 21:20:22.558833 watchdogd[57] <Debug>: 1249670324889666: <private>
Aug 27 21:20:22.559281 watchdogd[57] <Info>: 1249670325044250: <private>
Aug 27 21:20:22.559647 watchdogd[57] <Debug>: 1249670325118708: <private>
Aug 27 21:20:22.560193 watchdogd[57] <Debug>: 1249670325186916: <private>
Aug 27 21:20:22.560595 watchdogd[57] <Info>: 1249670325188625: <private>
Aug 27 21:20:22.561099 watchdogd[57] <Debug>: 1249670325298541: <private>
Aug 27 21:20:22.561517 watchdogd[57] <Debug>: 1249670325368875: <private>
Aug 27 21:20:22.561945 watchdogd[57] <Debug>: 1249670325484208: <private>
Aug 27 21:20:22.562407 watchdogd[57] <Debug>: 1249670325545916: <private>
Aug 27 21:20:22.562882 watchdogd[57] <Debug>: 1249670325631666: <private>
Aug 27 21:20:22.563514 watchdogd[57] <Info>: 1249670325643291: <private>
Aug 27 21:20:22.564075 watchdogd[57] <Info>: 1249670325647375: <private>
Aug 27 21:20:22.564439 watchdogd[57] <Info>: 1249670325648541: <private>
Aug 27 21:20:22.564893 watchdogd[57] <Info>: 1249670325649541: <private>
Aug 27 21:20:22.565399 watchdogd[57] <Info>: 1249670325650333: <private>
Aug 27 21:20:22.565829 watchdogd[57] <Info>: 1249670325651083: <private>
Aug 27 21:20:22.566366 watchdogd[57] <Info>: 1249670325651750: <private>
Aug 27 21:20:22.566885 watchdogd[57] <Info>: 1249670325652416: <private>
Aug 27 21:20:24.042114 mediaserverd(CoreMotion)[36] <Debug>: Ping timer fired, resetting watchdog
Aug 27 21:20:24.071527 nearbyd(CoreMotion)[157] <Debug>: Ping timer fired, resetting watchdog
Aug 27 21:20:24.136461 locationd[69] <Debug>: Ping timer fired, resetting watchdog
Aug 27 21:20:26.023706 SpringBoard(CoreMotion)[47602] <Debug>: Ping timer fired, resetting watchdog
Aug 27 21:20:26.471649 backboardd(CoreMotion)[65] <Debug>: Ping timer fired, resetting watchdog
Aug 27 21:20:26.865419 biometrickitd(CoreMotion)[109] <Debug>: Ping timer fired, resetting watchdog
Aug 27 21:20:28.976827 runningboardd(RunningBoard)[33] <Notice>: [daemon<com.apple.backupd>:50578] termination reported by launchd (0, 0, 0)
Aug 27 21:20:28.979715 runningboardd(RunningBoard)[33] <Notice>: Removing assertions for terminated process: [daemon<com.apple.backupd>:50578]
Aug 27 21:20:28.982262 runningboardd(RunningBoard)[33] <Debug>: Sending state update for daemon<com.apple.backupd>: <RBSProcessState| task:none debug:none terminationResistance:None>
Aug 27 21:20:29.040293 mediaserverd(CoreMotion)[36] <Debug>: Ping timer fired, resetting watchdog
Aug 27 21:20:29.078314 nearbyd(CoreMotion)[157] <Debug>: Ping timer fired, resetting watchdog
Aug 27 21:20:29.134194 locationd[69] <Debug>: Ping timer fired, resetting watchdog
Aug 27 21:20:31.023368 SpringBoard(CoreMotion)[47602] <Debug>: Ping timer fired, resetting watchdog
Aug 27 21:20:31.469737 backboardd(CoreMotion)[65] <Debug>: Ping timer fired, resetting watchdog
Aug 27 21:20:31.865373 biometrickitd(CoreMotion)[109] <Debug>: Ping timer fired, resetting watchdog
Aug 27 21:20:32.558389 watchdogd[57] <Debug>: 1249680325134000: <private>
Aug 27 21:20:32.559772 watchdogd[57] <Info>: 1249680325472958: <private>
Aug 27 21:20:32.561240 watchdogd[57] <Debug>: 1249680325561625: <private>
Aug 27 21:20:32.562816 watchdogd[57] <Info>: 1249680325568250: <private>
Aug 27 21:20:32.564331 watchdogd[57] <Debug>: 1249680325690833: <private>
Aug 27 21:20:32.565880 watchdogd[57] <Debug>: 1249680325937666: <private>
Aug 27 21:20:32.567226 watchdogd[57] <Debug>: 1249680326218250: <private>
Aug 27 21:20:32.568819 watchdogd[57] <Debug>: 1249680326505666: <private>
Aug 27 21:20:32.570618 watchdogd[57] <Debug>: 1249680326764791: <private>
Aug 27 21:20:32.571759 watchdogd[57] <Debug>: 1249680326788750: <private>
Aug 27 21:20:32.573034 watchdogd[57] <Info>: 1249680326819625: <private>
Aug 27 21:20:32.574304 watchdogd[57] <Info>: 1249680326828708: <private>
Aug 27 21:20:32.575488 watchdogd[57] <Info>: 1249680326832250: <private>
Aug 27 21:20:32.576566 watchdogd[57] <Info>: 1249680326834916: <private>
Aug 27 21:20:32.577394 watchdogd[57] <Info>: 1249680326837333: <private>
Aug 27 21:20:32.578656 watchdogd[57] <Info>: 1249680326839583: <private>
Aug 27 21:20:32.579456 watchdogd[57] <Info>: 1249680326841875: <private>
Aug 27 21:20:32.580035 watchdogd[57] <Info>: 1249680326844083: <private>
Aug 27 21:20:34.055004 mediaserverd(CoreMotion)[36] <Debug>: Ping timer fired, resetting watchdog
Aug 27 21:20:34.073431 nearbyd(CoreMotion)[157] <Debug>: Ping timer fired, resetting watchdog
Aug 27 21:20:34.136133 locationd[69] <Debug>: Ping timer fired, resetting watchdog
Aug 27 21:20:36.023086 SpringBoard(CoreMotion)[47602] <Debug>: Ping timer fired, resetting watchdog
Aug 27 21:20:36.468620 backboardd(CoreMotion)[65] <Debug>: Ping timer fired, resetting watchdog
Aug 27 21:20:36.865287 biometrickitd(CoreMotion)[109] <Debug>: Ping timer fired, resetting watchdog
Aug 27 21:20:39.064479 mediaserverd(CoreMotion)[36] <Debug>: Ping timer fired, resetting watchdog
Aug 27 21:20:39.084127 nearbyd(CoreMotion)[157] <Debug>: Ping timer fired, resetting watchdog
Aug 27 21:20:39.135427 locationd[69] <Debug>: Ping timer fired, resetting watchdog
Aug 27 21:20:41.020412 SpringBoard(CoreMotion)[47602] <Debug>: Ping timer fired, resetting watchdog
Aug 27 21:20:41.466298 backboardd(CoreMotion)[65] <Debug>: Ping timer fired, resetting watchdog
Aug 27 21:20:41.864916 biometrickitd(CoreMotion)[109] <Debug>: Ping timer fired, resetting watchdog
Aug 27 21:20:42.655543 watchdogd[57] <Debug>: 1249690325508583: <private>
Aug 27 21:20:42.656028 watchdogd[57] <Info>: 1249690325585500: <private>
Aug 27 21:20:42.656231 watchdogd[57] <Debug>: 1249690325683375: <private>
Aug 27 21:20:42.656420 watchdogd[57] <Debug>: 1249690325809625: <private>
Aug 27 21:20:42.656645 watchdogd[57] <Info>: 1249690325811166: <private>
Aug 27 21:20:42.656794 watchdogd[57] <Debug>: 1249690325960083: <private>
Aug 27 21:20:42.657002 watchdogd[57] <Debug>: 1249690326016166: <private>
Aug 27 21:20:42.657162 watchdogd[57] <Debug>: 1249690326096083: <private>
Aug 27 21:20:42.657285 watchdogd[57] <Debug>: 1249690326107333: <private>
Aug 27 21:20:42.657393 watchdogd[57] <Debug>: 1249690326153208: <private>
Aug 27 21:20:42.657607 watchdogd[57] <Info>: 1249690326160541: <private>
Aug 27 21:20:42.657753 watchdogd[57] <Info>: 1249690326163041: <private>
Aug 27 21:20:42.657873 watchdogd[57] <Info>: 1249690326163916: <private>
Aug 27 21:20:42.658001 watchdogd[57] <Info>: 1249690326164500: <private>
Aug 27 21:20:42.658184 watchdogd[57] <Info>: 1249690326165041: <private>
Aug 27 21:20:42.658316 watchdogd[57] <Info>: 1249690326165500: <private>
Aug 27 21:20:42.658575 watchdogd[57] <Info>: 1249690326165916: <private>
Aug 27 21:20:42.658748 watchdogd[57] <Info>: 1249690326166333: <private>
Aug 27 21:20:44.045407 mediaserverd(CoreMotion)[36] <Debug>: Ping timer fired, resetting watchdog
Aug 27 21:20:44.073766 nearbyd(CoreMotion)[157] <Debug>: Ping timer fired, resetting watchdog
Aug 27 21:20:44.141023 locationd[69] <Debug>: Ping timer fired, resetting watchdog
Aug 27 21:20:46.023860 SpringBoard(CoreMotion)[47602] <Debug>: Ping timer fired, resetting watchdog
Aug 27 21:20:46.495456 backboardd(CoreMotion)[65] <Debug>: Ping timer fired, resetting watchdog
Aug 27 21:20:46.879977 biometrickitd(CoreMotion)[109] <Debug>: Ping timer fired, resetting watchdog
Aug 27 21:20:49.042441 mediaserverd(CoreMotion)[36] <Debug>: Ping timer fired, resetting watchdog
Aug 27 21:20:49.070855 nearbyd(CoreMotion)[157] <Debug>: Ping timer fired, resetting watchdog
Aug 27 21:20:49.136301 locationd[69] <Debug>: Ping timer fired, resetting watchdog
Aug 27 21:20:51.026775 SpringBoard(CoreMotion)[47602] <Debug>: Ping timer fired, resetting watchdog
Aug 27 21:20:51.469808 backboardd(CoreMotion)[65] <Debug>: Ping timer fired, resetting watchdog
Aug 27 21:20:51.868579 biometrickitd(CoreMotion)[109] <Debug>: Ping timer fired, resetting watchdog
Aug 27 21:20:52.565436 watchdogd[57] <Debug>: 1249700325746541: <private>
Aug 27 21:20:52.568335 watchdogd[57] <Info>: 1249700326315708: <private>
Aug 27 21:20:52.570456 watchdogd[57] <Debug>: 1249700326470625: <private>
Aug 27 21:20:52.572001 watchdogd[57] <Info>: 1249700326482250: <private>
Aug 27 21:20:52.573444 watchdogd[57] <Debug>: 1249700326604250: <private>
Aug 27 21:20:52.574961 watchdogd[57] <Debug>: 1249700327115625: <private>
Aug 27 21:20:52.576485 watchdogd[57] <Debug>: 1249700327780208: <private>
Aug 27 21:20:52.577818 watchdogd[57] <Debug>: 1249700328240125: <private>
Aug 27 21:20:52.579202 watchdogd[57] <Debug>: 1249700328279750: <private>
Aug 27 21:20:52.580747 watchdogd[57] <Debug>: 1249700328745458: <private>
Aug 27 21:20:52.582619 watchdogd[57] <Info>: 1249700328808166: <private>
Aug 27 21:20:52.584022 watchdogd[57] <Info>: 1249700328822708: <private>
Aug 27 21:20:52.585332 watchdogd[57] <Info>: 1249700328828625: <private>
Aug 27 21:20:52.586893 watchdogd[57] <Info>: 1249700328833916: <private>
Aug 27 21:20:52.588443 watchdogd[57] <Info>: 1249700328838625: <private>
Aug 27 21:20:52.590024 watchdogd[57] <Info>: 1249700328842875: <private>
Aug 27 21:20:52.591540 watchdogd[57] <Info>: 1249700328847041: <private>
Aug 27 21:20:52.593124 watchdogd[57] <Info>: 1249700328851083: <private>
Aug 27 21:20:52.596029 watchdogd[57] <Info>: 1249700329531625: <private>
Aug 27 21:20:54.042734 mediaserverd(CoreMotion)[36] <Debug>: Ping timer fired, resetting watchdog
Aug 27 21:20:54.073466 nearbyd(CoreMotion)[157] <Debug>: Ping timer fired, resetting watchdog
Aug 27 21:20:54.134465 locationd[69] <Debug>: Ping timer fired, resetting watchdog
Aug 27 21:20:56.025741 SpringBoard(CoreMotion)[47602] <Debug>: Ping timer fired, resetting watchdog
Aug 27 21:20:56.471496 backboardd(CoreMotion)[65] <Debug>: Ping timer fired, resetting watchdog
Aug 27 21:20:56.867705 biometrickitd(CoreMotion)[109] <Debug>: Ping timer fired, resetting watchdog
Aug 27 21:20:59.041688 mediaserverd(CoreMotion)[36] <Debug>: Ping timer fired, resetting watchdog
Aug 27 21:20:59.074089 nearbyd(CoreMotion)[157] <Debug>: Ping timer fired, resetting watchdog
Aug 27 21:20:59.137083 locationd[69] <Debug>: Ping timer fired, resetting watchdog
Aug 27 21:21:01.025300 SpringBoard(CoreMotion)[47602] <Debug>: Ping timer fired, resetting watchdog
Aug 27 21:21:01.470909 backboardd(CoreMotion)[65] <Debug>: Ping timer fired, resetting watchdog
Aug 27 21:21:01.867217 biometrickitd(CoreMotion)[109] <Debug>: Ping timer fired, resetting watchdog
Aug 27 21:21:02.561218 watchdogd[57] <Debug>: 1249710326418958: <private>
Aug 27 21:21:02.562686 watchdogd[57] <Info>: 1249710326754500: <private>
Aug 27 21:21:02.564120 watchdogd[57] <Debug>: 1249710326840875: <private>
Aug 27 21:21:02.565516 watchdogd[57] <Info>: 1249710326847375: <private>
Aug 27 21:21:02.566953 watchdogd[57] <Debug>: 1249710326970958: <private>
Aug 27 21:21:02.568299 watchdogd[57] <Debug>: 1249710327228875: <private>
Aug 27 21:21:02.570163 watchdogd[57] <Debug>: 1249710327596708: <private>
Aug 27 21:21:02.571769 watchdogd[57] <Debug>: 1249710327855500: <private>
Aug 27 21:21:02.573441 watchdogd[57] <Debug>: 1249710327876541: <private>
Aug 27 21:21:02.574889 watchdogd[57] <Debug>: 1249710328143416: <private>
Aug 27 21:21:02.576380 watchdogd[57] <Info>: 1249710328176583: <private>
Aug 27 21:21:02.577676 watchdogd[57] <Info>: 1249710328185791: <private>
Aug 27 21:21:02.579218 watchdogd[57] <Info>: 1249710328189041: <private>
Aug 27 21:21:02.580976 watchdogd[57] <Info>: 1249710328191833: <private>
Aug 27 21:21:02.582227 watchdogd[57] <Info>: 1249710328194208: <private>
Aug 27 21:21:02.583750 watchdogd[57] <Info>: 1249710328196416: <private>
Aug 27 21:21:02.585220 watchdogd[57] <Info>: 1249710328198625: <private>
Aug 27 21:21:02.586510 watchdogd[57] <Info>: 1249710328200791: <private>
Aug 27 21:21:04.043395 mediaserverd(CoreMotion)[36] <Debug>: Ping timer fired, resetting watchdog
Aug 27 21:21:04.092183 nearbyd(CoreMotion)[157] <Debug>: Ping timer fired, resetting watchdog
Aug 27 21:21:04.135816 locationd[69] <Debug>: Ping timer fired, resetting watchdog
Aug 27 21:21:05.025696 runningboardd(RunningBoard)[33] <Info>: _requestedJetsamPriority = 6, _executablePath = /System/Library/PrivateFrameworks/MobileBackup.framework/backupd
Aug 27 21:21:05.032495 runningboardd(RunningBoard)[33] <Info>: _requestedJetsamPriority = 6, _executablePath = /System/Library/PrivateFrameworks/MobileBackup.framework/backupd
Aug 27 21:21:05.034324 runningboardd(RunningBoard)[33] <Debug>: Sending state update for daemon<com.apple.backupd>: <RBSProcessState| task:running debug:none terminationResistance:None>
Aug 27 21:21:06.049481 SpringBoard(CoreMotion)[47602] <Debug>: Ping timer fired, resetting watchdog
Aug 27 21:21:06.469331 backboardd(CoreMotion)[65] <Debug>: Ping timer fired, resetting watchdog
Aug 27 21:21:06.866025 biometrickitd(CoreMotion)[109] <Debug>: Ping timer fired, resetting watchdog
    <UITouch: 0x114928620> phase: Began tap count: 1 force: 0.000 window: <SBHomeScreenWindow: 0x1051b4220; HomeScreen-0x1051b4220-4; baseClass = UIWindow; frame = (0 0; 375 667); clipsToBounds = YES; opaque = NO; gestureRecognizers = <NSArray: 0x281278180>; layer = <UIWindowLayer: 0x281273180>> view: <SBIconView: 0x104917000; frame: {{114, 382}, {60, 74}}; icon: <SBApplicationIcon: 0x28337b880; nodeID: dev.selfhost.firstActivationProbe; bundleID: dev.selfhost.firstActivationProbe>; location: SBIconLocationRoot; isTouchDownInIcon: YES> location in window: {133.5, 421} previous location in window: {133.5, 421} location in view: {19.5, 39} previous location in view: {19.5, 39}
Aug 27 21:21:07.415739 SpringBoard(SplashBoard)[47602] <Info>: Loading image for <XBApplicationSnapshot: 0x109d3cb20; …A909693DA7E7> [dev.selfhost.firstActivationProbe]
Aug 27 21:21:07.418794 SpringBoard(SplashBoard)[47602] <Info>: <XBApplicationSnapshot: 0x109d3cb20; …A909693DA7E7> [dev.selfhost.firstActivationProbe] not purging the cached image; force: 0; _imageAccessCount: 0; _keepImageAccessUntilExpiration: 0; _hasProtectedContent: 0; _keepImageAccessForPreheat: 1
Aug 27 21:21:07.574980 SpringBoard(Security)[47602] <Debug>: open(/private/var/containers/Bundle/Application/1EC21BA9-82AA-4B85-B2FC-10B206BC5C35/Runner.app/Runner,0x0,0x1b6) = 35
Aug 27 21:21:07.575194 SpringBoard(Security)[47602] <Debug>: open(/private/var/containers/Bundle/Application/1EC21BA9-82AA-4B85-B2FC-10B206BC5C35/Runner.app/Runner,0x0,0x1b6) = 36
Aug 27 21:21:07.579492 SpringBoard(Security)[47602] <Debug>: 6151 signing bytes in 5 blob(s) from /private/var/containers/Bundle/Application/1EC21BA9-82AA-4B85-B2FC-10B206BC5C35/Runner.app/Runner(arm64)
Aug 27 21:21:07.580655 SpringBoard(Security)[47602] <Debug>: open(/private/var/containers/Bundle/Application/1EC21BA9-82AA-4B85-B2FC-10B206BC5C35/Runner.app/Info.plist,0x0,0x1b6) = 35
Aug 27 21:21:07.583983 SpringBoard(Security)[47602] <Debug>: 0x10a17bf18 done serializing <?xml version="1.0" encoding="UTF-8"?><!DOCTYPE plist PUBLIC "-//Apple//DTD PLIST 1.0//EN" "https://www.apple.com/DTDs/PropertyList-1.0.dtd"><plist version="1.0"><dict><key>application-identifier</key><string>SK85S6YZP9.dev.selfhost.firstActivationProbe</string><key>com.apple.developer.team-identifier</key><string>SK85S6YZP9</string><key>get-task-allow</key><true/></dict></plist>
        <SBLayoutElement: 0x2808024c0; uniqueIdentifier: sceneID:dev.selfhost.firstActivationProbe-default; layoutRole: primary> {
            SBLayoutRolePrimary = <SBDeviceApplicationSceneEntity: 0x283e008c0; ID: sceneID:dev.selfhost.firstActivationProbe-default; layoutRole: primary> {
                        fromIconWithLeafIdentifier = dev.selfhost.firstActivationProbe;
Aug 27 21:21:07.589209 SpringBoard(FrontBoard)[47602] <Notice>: Asked to bootstrap a new process with identity: application<dev.selfhost.firstActivationProbe>
Aug 27 21:21:07.589696 SpringBoard(FrontBoard)[47602] <Notice>: Creating process (sync=true) with identity: application<dev.selfhost.firstActivationProbe>
Aug 27 21:21:07.591225 SpringBoard(FrontBoard)[47602] <Notice>: Created <FBWorkspace: 0x282a76c00; application<dev.selfhost.firstActivationProbe>>
Aug 27 21:21:07.591424 SpringBoard(FrontBoard)[47602] <Notice>: Bootstrapping application<dev.selfhost.firstActivationProbe> with intent foreground-interactive
Aug 27 21:21:07.597083 SpringBoard(RunningBoardServices)[47602] <Info>: Sending launch request: <RBSLaunchRequest| application<dev.selfhost.firstActivationProbe>; "FBApplicationProcess">
Aug 27 21:21:07.684558 runningboardd(RunningBoard)[33] <Notice>: Acquiring assertion targeting application<dev.selfhost.firstActivationProbe> from originator [daemon<com.apple.SpringBoard>:47602] with description <RBSAssertionDescriptor| "FBApplicationProcess" ID:33-47602-7509 target:application<dev.selfhost.firstActivationProbe> attributes:[
	<RBSDomainAttribute| domain:"com.apple.frontboard" name:"Bootstrap-Foreground" sourceEnvironment:"(null)">,
Aug 27 21:21:07.684675 runningboardd(RunningBoard)[33] <Notice>: Assertion 33-47602-7509 (target:application<dev.selfhost.firstActivationProbe>) will be created as active
Aug 27 21:21:07.684903 runningboardd(RunningBoard)[33] <Debug>: Adding assertion 33-47602-7509 (target:application<dev.selfhost.firstActivationProbe>)
Aug 27 21:21:07.687275 runningboardd(RunningBoard)[33] <Info>: application<dev.selfhost.firstActivationProbe> is now targeted by 2 assertions
Aug 27 21:21:07.687935 runningboardd(RunningBoard)[33] <Debug>: Updating events for assertion: 33-47602-7509 (target:application<dev.selfhost.firstActivationProbe>)
Aug 27 21:21:07.689071 runningboardd(RunningBoard)[33] <Debug>: Removing events for context: 33-47602-7509 (target:application<dev.selfhost.firstActivationProbe>)
Aug 27 21:21:07.689220 runningboardd(RunningBoard)[33] <Debug>: Enqueueing events for assertion: 33-47602-7509 (target:application<dev.selfhost.firstActivationProbe>)
Aug 27 21:21:07.689353 runningboardd(RunningBoard)[33] <Info>: [application<dev.selfhost.firstActivationProbe>:50572] Applying updated state
Aug 27 21:21:07.689476 runningboardd(RunningBoard)[33] <Notice>: [application<dev.selfhost.firstActivationProbe>:50572] Set jetsam priority to 10 [0] flag[1]
Aug 27 21:21:07.689635 runningboardd(RunningBoard)[33] <Notice>: [application<dev.selfhost.firstActivationProbe>:50572] Resuming task.
Aug 27 21:21:07.689822 runningboardd(RunningBoard)[33] <Notice>: [application<dev.selfhost.firstActivationProbe>:50572] Set darwin role to: UserInteractiveFocal
        <SBLayoutElement: 0x2808024c0; uniqueIdentifier: sceneID:dev.selfhost.firstActivationProbe-default; layoutRole: primary> {
Aug 27 21:21:07.696702 SpringBoard(FrontBoard)[47602] <Notice>: [application<dev.selfhost.firstActivationProbe>:-1] Bootstrap success!
Aug 27 21:21:07.697773 SpringBoard(BaseBoard)[47602] <Debug>:  *|machport|* <BSMachPortTaskNameRight: 0x280803b00; usable: YES; (47602:25d57:send task_name_for_pid:Runner.50572)> -> (<NSThread: 0x280801680>{number = 649, name = (null)}) (
Aug 27 21:21:07.697931 runningboardd(RunningBoard)[33] <Info>: Finished acquiring assertion 33-47602-7509 (target:application<dev.selfhost.firstActivationProbe>)
Aug 27 21:21:07.698236 runningboardd(RunningBoard)[33] <Notice>: Executing launch request for application<dev.selfhost.firstActivationProbe> (FBApplicationProcess)
Aug 27 21:21:07.698365 runningboardd(RunningBoard)[33] <Info>: application<dev.selfhost.firstActivationProbe> is already running as [application<dev.selfhost.firstActivationProbe>:50572]
Aug 27 21:21:07.698755 runningboardd(RunningBoard)[33] <Debug>: BEGIN suppressing state updates for application<dev.selfhost.firstActivationProbe>
Aug 27 21:21:07.698917 runningboardd(RunningBoard)[33] <Debug>: Incrementing suppression state to 1 for application<dev.selfhost.firstActivationProbe>
Aug 27 21:21:07.699067 runningboardd(RunningBoard)[33] <Debug>: Incrementing suppression state to 2 for application<dev.selfhost.firstActivationProbe>
Aug 27 21:21:07.701133 cfprefsd(CoreFoundation)[91] <Debug>: Process 50572 (Runner) sent a request related to { com.apple.UIKit, user: mobile, kCFPreferencesCurrentHost, /Library/Managed Preferences/mobile/com.apple.UIKit.plist, managed: 1 } (0x101812d60)
Aug 27 21:21:07.701706 cfprefsd(CoreFoundation)[91] <Debug>: Process 50572 (Runner) sent a request related to { com.apple.UIKit, user: kCFPreferencesAnyUser, kCFPreferencesCurrentHost, /Library/Managed Preferences/com.apple.UIKit.plist, managed: 1 } (0x101812d60)
Aug 27 21:21:07.703110 cfprefsd(CoreFoundation)[91] <Debug>: Process 50572 (Runner) sent a request related to { com.apple.UIKit, user: mobile, kCFPreferencesAnyHost, /var/mobile/Library/Preferences/com.apple.UIKit.plist, managed: 0 } (0x100317d00)
Aug 27 21:21:07.703375 cfprefsd(CoreFoundation)[91] <Debug>: Process 50572 (Runner) read data for { com.apple.UIKit, mobile, kCFPreferencesAnyHost, /var/mobile/Library/Preferences/com.apple.UIKit.plist, managed: 0 }, backed by /private/var/mobile/Library/Preferences/com.apple.UIKit.plist
Aug 27 21:21:07.703774 cfprefsd(CoreFoundation)[91] <Debug>: Process 50572 (Runner) sent a request related to { kCFPreferencesAnyApplication, user: mobile, kCFPreferencesCurrentHost, /Library/Managed Preferences/mobile/.GlobalPreferences.plist, managed: 1 } (0x10030c020)
Aug 27 21:21:07.704216 cfprefsd(CoreFoundation)[91] <Debug>: Process 50572 (Runner) read data for { kCFPreferencesAnyApplication, mobile, kCFPreferencesCurrentHost, /Library/Managed Preferences/mobile/.GlobalPreferences.plist, managed: 1 }, backed by /private/var/Managed Preferences/mobile/.GlobalPreferences.plist
Aug 27 21:21:07.704443 SpringBoard(FrontBoard)[47602] <Notice>: [application<dev.selfhost.firstActivationProbe>:50572] Setting process task state to: Running
Aug 27 21:21:07.704581 cfprefsd(CoreFoundation)[91] <Debug>: Process 50572 (Runner) sent a request related to { kCFPreferencesAnyApplication, user: mobile, kCFPreferencesAnyHost, /var/mobile/Library/Preferences/.GlobalPreferences.plist, managed: 0 } (0x10030c3f0)
Aug 27 21:21:07.704926 cfprefsd(CoreFoundation)[91] <Debug>: Process 50572 (Runner) read data for { kCFPreferencesAnyApplication, mobile, kCFPreferencesAnyHost, /var/mobile/Library/Preferences/.GlobalPreferences.plist, managed: 0 }, backed by /private/var/mobile/Library/Preferences/.GlobalPreferences.plist
Aug 27 21:21:07.705155 SpringBoard(FrontBoard)[47602] <Notice>: [application<dev.selfhost.firstActivationProbe>:50572] Setting process visibility to: Foreground
Aug 27 21:21:07.705650 SpringBoard(FrontBoardServices)[47602] <Info>: [application<dev.selfhost.firstActivationProbe>:50572] [realTime] Now monitoring resource allowance of 20.00s (at refreshInterval -1.00s)
Aug 27 21:21:07.705897 SpringBoard(FrontBoard)[47602] <Notice>: [application<dev.selfhost.firstActivationProbe>:50572] Registering event dispatcher at connect
Aug 27 21:21:07.706593 SpringBoard(FrontBoard)[47602] <Info>: Registering workspace for processHandle: [application<dev.selfhost.firstActivationProbe>:50572]
Aug 27 21:21:07.707593 SpringBoard(FrontBoard)[47602] <Notice>: [application<dev.selfhost.firstActivationProbe>:50572] Initial launch assertion state: ForegroundFocal.
Aug 27 21:21:07.708677 SpringBoard(FrontBoard)[47602] <Notice>: Adding: <FBApplicationProcess: 0x10a17bf00; application<dev.selfhost.firstActivationProbe>:50572(v6DC7F)>
Aug 27 21:21:07.708960 Runner(CoreFoundation)[50572] <Debug>: Using ~iphone resources
Aug 27 21:21:07.709222 Runner(CoreFoundation)[50572] <Debug>: CFPrefsManagedSource<0x282c88880> (Domain: com.apple.UIKit, User: kCFPreferencesCurrentUser, ByHost: Yes, Container: (null), Contents Need Refresh: No) loaded: an empty base plist and no additional changes from the base plist
Aug 27 21:21:07.709376 Runner(CoreFoundation)[50572] <Debug>: CFPrefsManagedSource<0x282c88900> (Domain: com.apple.UIKit, User: kCFPreferencesAnyUser, ByHost: Yes, Container: (null), Contents Need Refresh: No) loaded: an empty base plist and no additional changes from the base plist
Aug 27 21:21:07.709510 Runner(CoreFoundation)[50572] <Debug>: CFPrefsPlistSource<0x282c88800> (Domain: com.apple.UIKit, User: kCFPreferencesCurrentUser, ByHost: No, Container: (null), Contents Need Refresh: No) loaded: a new base plist and no additional changes from the base plist
Aug 27 21:21:07.709760 SpringBoard(FrontBoard)[47602] <Notice>: change foreground process from list:<FBApplicationProcess: 0x10a17bf00; application<dev.selfhost.firstActivationProbe>:50572(v6DC7F)>
Aug 27 21:21:07.710214 SpringBoard(FrontBoard)[47602] <Info>: Setting BKSEventFocusManager's foreground app to: <FBApplicationProcess: 0x10a17bf00; application<dev.selfhost.firstActivationProbe>:50572(v6DC7F)>
Aug 27 21:21:07.711254 SpringBoard(SplashBoard)[47602] <Info>: Loading image for <XBApplicationSnapshot: 0x109ddf7d0; …2F3B89D0D3F1> [dev.selfhost.firstActivationProbe]
Aug 27 21:21:07.711546 SpringBoard(SplashBoard)[47602] <Info>: <XBApplicationSnapshot: 0x109ddf7d0; …2F3B89D0D3F1> [dev.selfhost.firstActivationProbe] not purging the cached image; force: 0; _imageAccessCount: 2; _keepImageAccessUntilExpiration: 0; _hasProtectedContent: 0; _keepImageAccessForPreheat: 0
Aug 27 21:21:07.712332 Runner(CoreFoundation)[50572] <Debug>: CFPrefsManagedSource<0x282c88a80> (Domain: kCFPreferencesAnyApplication, User: kCFPreferencesCurrentUser, ByHost: Yes, Container: (null), Contents Need Refresh: No) loaded: a new base plist and no additional changes from the base plist
Aug 27 21:21:07.712447 Runner(CoreFoundation)[50572] <Debug>: CFPrefsPlistSource<0x282c88980> (Domain: kCFPreferencesAnyApplication, User: kCFPreferencesCurrentUser, ByHost: No, Container: (null), Contents Need Refresh: No) loaded: a new base plist and no additional changes from the base plist
Aug 27 21:21:07.712564 Runner(CoreFoundation)[50572] <Debug>: CFPrefsPlistSource<0x282c88b00> (Domain: com.apple.UIKit, User: kCFPreferencesAnyUser, ByHost: Yes, Container: (null), Contents Need Refresh: No) loaded: an empty base plist and no additional changes from the base plist
Aug 27 21:21:07.712706 Runner(CoreFoundation)[50572] <Debug>: CFPrefsPlistSource<0x282c88b80> (Domain: kCFPreferencesAnyApplication, User: kCFPreferencesAnyUser, ByHost: Yes, Container: (null), Contents Need Refresh: No) loaded: an empty base plist and no additional changes from the base plist
Aug 27 21:21:07.712833 Runner(CoreFoundation)[50572] <Debug>: found no value for key LogHIDEventFiltered in CFPrefsSearchListSource<0x282c88380> (Domain: com.apple.UIKit, Container: (null))
Aug 27 21:21:07.712948 Runner(CoreFoundation)[50572] <Debug>: found no value for key LogHIDEventIncoming in CFPrefsSearchListSource<0x282c88380> (Domain: com.apple.UIKit, Container: (null))
Aug 27 21:21:07.715118 Runner(libMobileGestalt.dylib)[50572] <Notice>: Cache loaded with 4896 pre-cached in CacheData and 49 items in CacheExtra.
Aug 27 21:21:07.715444 Runner(CoreFoundation)[50572] <Debug>: found no value for key LogApplication in CFPrefsSearchListSource<0x282c88380> (Domain: com.apple.UIKit, Container: (null))
Aug 27 21:21:07.715731 Runner(UIKitCore)[50572] <Notice>: Deactivation reason added: 10; deactivation reasons: 0 -> 1024; animating application lifecycle event: 0
Aug 27 21:21:07.716032 Runner(RunningBoardServices)[50572] <Notice>: Initializing connection
Aug 27 21:21:07.716476 Runner(RunningBoardServices)[50572] <Notice>: Removing all cached process handles
Aug 27 21:21:07.716888 Runner(BoardServices)[50572] <Notice>: activating monitor for service com.apple.frontboard.open
Aug 27 21:21:07.717219 backboardd(IOKit)[65] <Notice>: Connection added: IOHIDEventSystemConnection uuid:FD91885D-1215-4851-917E-40497D216D2D pid:50572 process:Runner type:Passive entitlements:0x0 caller:BackBoardServices: <redacted> + 336 attributes:{
    bundleID = "dev.selfhost.firstActivationProbe";
Aug 27 21:21:07.717402 backboardd(BackBoardHIDEventFoundation)[65] <Debug>: Got a client addition callback: IOHIDEventSystemConnection uuid:FD91885D-1215-4851-917E-40497D216D2D pid:50572 process:Runner type:Passive entitlements:0x0 caller:BackBoardServices: <redacted> + 336 attributes:{
    bundleID = "dev.selfhost.firstActivationProbe";
Aug 27 21:21:07.717760 backboardd(BackBoardHIDEventFoundation)[65] <Info>: HID connection vpid:50572(v6DC7F) bundleID:dev.selfhost.firstActivationProbe successfully initialized: IOHIDEventSystemConnection uuid:FD91885D-1215-4851-917E-40497D216D2D pid:50572 process:Runner type:Passive entitlements:0x0 caller:BackBoardServices: <redacted> + 336 attributes:{
    bundleID = "dev.selfhost.firstActivationProbe";
Aug 27 21:21:07.717936 backboardd(BackBoardHIDEventFoundation)[65] <Notice>: Adding client connection: <BKHIDClientConnection: 0x108e4a280; IOHIDEventSystemConnectionRef: 0x108ed8510; vpid: 50572(v6DC7F); taskPort: 0x3B55F; bundleID: dev.selfhost.firstActivationProbe> for client: IOHIDEventSystemConnection uuid:FD91885D-1215-4851-917E-40497D216D2D pid:50572 process:Runner type:Passive entitlements:0x0 caller:BackBoardServices: <redacted> + 336 attributes:{
    bundleID = "dev.selfhost.firstActivationProbe";
Aug 27 21:21:07.718352 SpringBoard[47602] <Info>: attempted to activate overlay for dev.selfhost.firstActivationProbe, exiting early because app is not blocked
Aug 27 21:21:07.724682 cfprefsd(CoreFoundation)[91] <Debug>: Process 50572 (Runner) sent a request related to { com.apple.UIKit, user: kCFPreferencesAnyUser, kCFPreferencesCurrentHost, /var/preferences/com.apple.UIKit.plist, managed: 0 } (0x101850e70)
Aug 27 21:21:07.725459 cfprefsd(CoreFoundation)[91] <Debug>: Process 50572 (Runner) sent a request related to { kCFPreferencesAnyApplication, user: kCFPreferencesAnyUser, kCFPreferencesCurrentHost, /var/preferences/.GlobalPreferences.plist, managed: 0 } (0x100316b90)
Aug 27 21:21:07.731549 SpringBoard(BaseBoard)[47602] <Debug>:  *|machport|* <BSMachPortTaskNameRight: 0x28081eb40; usable: YES; (47602:25d57:send task_name_for_pid:Runner.50572)> -> (<NSThread: 0x28081dac0>{number = 650, name = (null)}) (
Aug 27 21:21:07.738764 cfprefsd(CoreFoundation)[91] <Debug>: Process 50572 (Runner) sent a request related to { dev.selfhost.firstActivationProbe, user: mobile, kCFPreferencesCurrentHost, /Library/Managed Preferences/mobile/dev.selfhost.firstActivationProbe.plist, managed: 1 } (0x10184eaa0)
Aug 27 21:21:07.740709 SpringBoard(FrontBoard)[47602] <Info>: FBWorkspaceDomain: Assigning new workspace connection to workspace (0x282a76c00) owned by process: <FBApplicationProcess: 0x10a17bf00; application<dev.selfhost.firstActivationProbe>:50572(v6DC7F)>
Aug 27 21:21:07.741724 cfprefsd(CoreFoundation)[91] <Debug>: Process 50572 (Runner) sent a request related to { dev.selfhost.firstActivationProbe, user: kCFPreferencesAnyUser, kCFPreferencesCurrentHost, /Library/Managed Preferences/dev.selfhost.firstActivationProbe.plist, managed: 1 } (0x100362850)
Aug 27 21:21:07.747151 SpringBoard(FrontBoard)[47602] <Notice>: [application<dev.selfhost.firstActivationProbe>:50572] Connection established.
Aug 27 21:21:07.748552 Runner(BoardServices)[50572] <Notice>: activating monitor for service com.apple.frontboard.workspace-service
Aug 27 21:21:07.749289 SpringBoard(FrontBoard)[47602] <Notice>: [application<dev.selfhost.firstActivationProbe>:50572] Connection to remote process established!
Aug 27 21:21:07.749980 SpringBoard(FrontBoardServices)[47602] <Info>: [application<dev.selfhost.firstActivationProbe>:50572] [realTime] Stopped monitoring.
Aug 27 21:21:07.750486 SpringBoard(FrontBoardServices)[47602] <Debug>: [application<dev.selfhost.firstActivationProbe>:50572] [realTime] Updated resource consumption: 0.015s (0.07%)
Aug 27 21:21:07.750704 Runner(FrontBoardServices)[50572] <Notice>: FBSWorkspace connecting to endpoint : <private>
Aug 27 21:21:07.750900 Runner(FrontBoardServices)[50572] <Notice>: FBSWorkspace registering source: <private>
Aug 27 21:21:07.751105 Runner(FrontBoardServices)[50572] <Notice>: FBSWorkspace connected to endpoint : <private>
Aug 27 21:21:07.751361 Runner(RunningBoardServices)[50572] <Notice>: Added observer for process assertions expiration warning: <_RBSExpirationWarningClient: 0x280285f00>
Aug 27 21:21:07.751548 Runner(CoreFoundation)[50572] <Debug>: CFPrefsManagedSource<0x282c89d80> (Domain: dev.selfhost.firstActivationProbe, User: kCFPreferencesCurrentUser, ByHost: Yes, Container: (null), Contents Need Refresh: No) loaded: an empty base plist and no additional changes from the base plist
Aug 27 21:21:07.751905 Runner(CoreFoundation)[50572] <Debug>: CFPrefsManagedSource<0x282c89e00> (Domain: dev.selfhost.firstActivationProbe, User: kCFPreferencesAnyUser, ByHost: Yes, Container: (null), Contents Need Refresh: No) loaded: an empty base plist and no additional changes from the base plist
Aug 27 21:21:07.752101 Runner(CoreFoundation)[50572] <Debug>: found no value for key UIScreenIsCapturedValue in CFPrefsSearchListSource<0x282c88380> (Domain: com.apple.UIKit, Container: (null))
Aug 27 21:21:07.754232 SpringBoard(FrontBoard)[47602] <Info>: [application<dev.selfhost.firstActivationProbe>:50572] Provision <FBSProcessResourceProvision: 0x282f27330; allowance: <; FBSProcessResourceAllowance; type: realTime; timeValue: 20.0s>> has remainder <FBSProcessResourceProvision: 0x282f20090; allowance: <; FBSProcessResourceAllowance; type: realTime; timeValue: 19.98s>>
Aug 27 21:21:07.754823 SpringBoard(FrontBoard)[47602] <Info>: [application<dev.selfhost.firstActivationProbe>:50572] Made scene-create policy: <FBSProcessWatchdogPolicy: 0x281c46400; name: "scene create after launch"> {
Aug 27 21:21:07.755679 SpringBoard(FrontBoardServices)[47602] <Debug>: [application<dev.selfhost.firstActivationProbe>:50572] Invalidating <FBProcessWatchdog: 0x283e3c1e0; name: process-launch; time: 20.0s>
Aug 27 21:21:07.756149 SpringBoard(FrontBoardServices)[47602] <Debug>: [application<dev.selfhost.firstActivationProbe>:50572] [realTime] Invalidated
Aug 27 21:21:07.756472 Runner(CoreFoundation)[50572] <Debug>: CFPrefsPlistSource<0x282c89d00> (Domain: dev.selfhost.firstActivationProbe, User: kCFPreferencesCurrentUser, ByHost: No, Container: (null), Contents Need Refresh: No) loaded: an empty base plist and no additional changes from the base plist
Aug 27 21:21:07.756697 Runner(CoreFoundation)[50572] <Debug>: CFPrefsPlistSource<0x282c89f80> (Domain: dev.selfhost.firstActivationProbe, User: kCFPreferencesAnyUser, ByHost: Yes, Container: (null), Contents Need Refresh: No) loaded: an empty base plist and no additional changes from the base plist
Aug 27 21:21:07.758363 Runner(CoreFoundation)[50572] <Debug>: looked up value <private> for key AppleLanguages in CFPrefsPlistSource<0x282c88980> (Domain: kCFPreferencesAnyApplication, User: kCFPreferencesCurrentUser, ByHost: No, Container: (null), Contents Need Refresh: No) via CFPrefsSearchListSource<0x282c89c80> (Domain: dev.selfhost.firstActivationProbe, Container: (null))
Aug 27 21:21:07.758568 Runner(CoreFoundation)[50572] <Debug>: setting new value <private> for key <private> in CFPrefsSource<0x28178cdc0> (Domain: Volatile, User: , ByHost: No, Container: , Contents Need Refresh: No)
Aug 27 21:21:07.758732 Runner(CoreFoundation)[50572] <Debug>: looked up value <private> for key AppleLanguages in CFPrefsPlistSource<0x282c88980> (Domain: kCFPreferencesAnyApplication, User: kCFPreferencesCurrentUser, ByHost: No, Container: (null), Contents Need Refresh: No) via CFPrefsSearchListSource<0x282c89c80> (Domain: dev.selfhost.firstActivationProbe, Container: (null))
Aug 27 21:21:07.759090 Runner(CoreFoundation)[50572] <Debug>: setting new value <private> for key <private> in CFPrefsSource<0x28178cdc0> (Domain: Volatile, User: , ByHost: No, Container: , Contents Need Refresh: No)
Aug 27 21:21:07.759475 Runner(CoreFoundation)[50572] <Debug>: setting new value <private> for key <private> in CFPrefsSource<0x28178cdc0> (Domain: Volatile, User: , ByHost: No, Container: , Contents Need Refresh: No)
Aug 27 21:21:07.760101 Runner(CoreFoundation)[50572] <Debug>: Language lookup at <private>
Aug 27 21:21:07.760874 Runner(CoreFoundation)[50572] <Debug>: Resource lookup at <private>
Aug 27 21:21:07.761463 Runner(CoreFoundation)[50572] <Debug>: found no value for key _UIEnableLegacyRTL in CFPrefsSearchListSource<0x282c88380> (Domain: com.apple.UIKit, Container: (null))
Aug 27 21:21:07.764510 cfprefsd(CoreFoundation)[91] <Debug>: Process 50572 (Runner) sent a request related to { dev.selfhost.firstActivationProbe, user: mobile, kCFPreferencesAnyHost, /var/mobile/Containers/Data/Application/18E6667F-E66B-4E74-92D9-B14869861554/Library/Preferences/dev.selfhost.firstActivationProbe.plist, managed: 0 } (0x101852b90)
Aug 27 21:21:07.764966 cfprefsd(CoreFoundation)[91] <Debug>: Process 50572 (Runner) sent a request related to { dev.selfhost.firstActivationProbe, user: kCFPreferencesAnyUser, kCFPreferencesCurrentHost, /var/preferences/dev.selfhost.firstActivationProbe.plist, managed: 0 } (0x100362850)
Aug 27 21:21:07.765259 cfprefsd(CoreFoundation)[91] <Debug>: Process 50572 (Runner) sent a request related to { com.apple.Accessibility, user: mobile, kCFPreferencesCurrentHost, /Library/Managed Preferences/mobile/com.apple.Accessibility.plist, managed: 1 } (0x101814050)
Aug 27 21:21:07.767414 cfprefsd(CoreFoundation)[91] <Debug>: Process 50572 (Runner) sent a request related to { com.apple.Accessibility, user: kCFPreferencesAnyUser, kCFPreferencesCurrentHost, /Library/Managed Preferences/com.apple.Accessibility.plist, managed: 1 } (0x101814300)
Aug 27 21:21:07.767820 cfprefsd(CoreFoundation)[91] <Debug>: Process 50572 (Runner) sent a request related to { com.apple.Accessibility, user: mobile, kCFPreferencesAnyHost, /var/mobile/Library/Preferences/com.apple.Accessibility.plist, managed: 0 } (0x100311170)
Aug 27 21:21:07.767961 cfprefsd(CoreFoundation)[91] <Debug>: Process 50572 (Runner) read data for { com.apple.Accessibility, mobile, kCFPreferencesAnyHost, /var/mobile/Library/Preferences/com.apple.Accessibility.plist, managed: 0 }, backed by /private/var/mobile/Library/Preferences/com.apple.Accessibility.plist
Aug 27 21:21:07.768113 cfprefsd(CoreFoundation)[91] <Debug>: Process 50572 (Runner) sent a request related to { com.apple.Accessibility, user: kCFPreferencesAnyUser, kCFPreferencesCurrentHost, /var/preferences/com.apple.Accessibility.plist, managed: 0 } (0x1018145a0)
Aug 27 21:21:07.769328 Runner(CoreFoundation)[50572] <Debug>: found no value for key NSTighteningFactorForTruncation in CFPrefsSearchListSource<0x282c89c80> (Domain: dev.selfhost.firstActivationProbe, Container: (null))
Aug 27 21:21:07.769469 Runner(CoreFoundation)[50572] <Debug>: found no value for key NSTighteningFactorForTruncation in CFPrefsSearchListSource<0x282c89c80> (Domain: dev.selfhost.firstActivationProbe, Container: (null))
Aug 27 21:21:07.769587 Runner(CoreFoundation)[50572] <Debug>: found no value for key NSAllowsDefaultTighteningForTruncation in CFPrefsSearchListSource<0x282c89c80> (Domain: dev.selfhost.firstActivationProbe, Container: (null))
Aug 27 21:21:07.769705 Runner(CoreFoundation)[50572] <Debug>: found no value for key NSUsesDefaultHyphenation in CFPrefsSearchListSource<0x282c89c80> (Domain: dev.selfhost.firstActivationProbe, Container: (null))
Aug 27 21:21:07.769824 Runner(CoreFoundation)[50572] <Debug>: found no value for key NSDefaultHyphenationFactor in CFPrefsSearchListSource<0x282c89c80> (Domain: dev.selfhost.firstActivationProbe, Container: (null))
Aug 27 21:21:07.769942 Runner(CoreFoundation)[50572] <Debug>: found no value for key NSForceRightToLeftWritingDirection in CFPrefsSearchListSource<0x282c89c80> (Domain: dev.selfhost.firstActivationProbe, Container: (null))
Aug 27 21:21:07.771129 Runner(CoreFoundation)[50572] <Debug>: CFPrefsManagedSource<0x282c8bb00> (Domain: com.apple.Accessibility, User: kCFPreferencesCurrentUser, ByHost: Yes, Container: (null), Contents Need Refresh: No) loaded: an empty base plist and no additional changes from the base plist
Aug 27 21:21:07.771289 Runner(CoreFoundation)[50572] <Debug>: CFPrefsManagedSource<0x282c8bb80> (Domain: com.apple.Accessibility, User: kCFPreferencesAnyUser, ByHost: Yes, Container: (null), Contents Need Refresh: No) loaded: an empty base plist and no additional changes from the base plist
Aug 27 21:21:07.771625 Runner(CoreFoundation)[50572] <Debug>: CFPrefsPlistSource<0x282c8ba80> (Domain: com.apple.Accessibility, User: kCFPreferencesCurrentUser, ByHost: No, Container: (null), Contents Need Refresh: No) loaded: a new base plist and no additional changes from the base plist
Aug 27 21:21:07.772134 Runner(CoreFoundation)[50572] <Debug>: CFPrefsPlistSource<0x282c8bd00> (Domain: com.apple.Accessibility, User: kCFPreferencesAnyUser, ByHost: Yes, Container: (null), Contents Need Refresh: No) loaded: an empty base plist and no additional changes from the base plist
Aug 27 21:21:07.772344 Runner(CoreFoundation)[50572] <Debug>: found no value for key ForceTouchEnabled in CFPrefsSearchListSource<0x282c8ba00> (Domain: com.apple.Accessibility, Container: (null))
Aug 27 21:21:07.772548 Runner(libAccessibility.dylib)[50572] <Debug>: CF Read: domain = com.apple.Accessibility, preference = ForceTouchEnabled, appID = (null) result = (null) (-1 - empty, 0 - false, 1 - true)
Aug 27 21:21:07.773080 Runner(CoreFoundation)[50572] <Debug>: found no value for key ForceTouchEnabled in CFPrefsPlistSource<0x282c8ba80> (Domain: com.apple.Accessibility, User: kCFPreferencesCurrentUser, ByHost: No, Container: (null), Contents Need Refresh: No)
Aug 27 21:21:07.773340 Runner(CoreFoundation)[50572] <Debug>: found no value for key UIPreferredContentSizeCategoryName in CFPrefsSearchListSource<0x282c89c80> (Domain: dev.selfhost.firstActivationProbe, Container: (null))
Aug 27 21:21:07.773551 Runner(libAccessibility.dylib)[50572] <Debug>: CF Read Category Name: domain = dev.selfhost.firstActivationProbe, appID = dev.selfhost.firstActivationProbe value = (null)
Aug 27 21:21:07.773741 Runner(libAccessibility.dylib)[50572] <Notice>: Read CategoryName: per-app = 1, category name = (null)
Aug 27 21:21:07.773932 Runner(CoreFoundation)[50572] <Debug>: found no value for key UIPreferredContentSizeCategoryName in CFPrefsSearchListSource<0x282c88380> (Domain: com.apple.UIKit, Container: (null))
Aug 27 21:21:07.774080 Runner(libAccessibility.dylib)[50572] <Debug>: CF Read Category Name: domain = /var/mobile/Library/Preferences/com.apple.UIKit, appID = (null) value = (null)
Aug 27 21:21:07.775934 Runner(libAccessibility.dylib)[50572] <Notice>: Read CategoryName: per-app = 0, category name = (null)
Aug 27 21:21:07.776149 Runner(CoreFoundation)[50572] <Debug>: found no value for key UICarPlayPreferredContentSizeCategoryName in CFPrefsSearchListSource<0x282c88380> (Domain: com.apple.UIKit, Container: (null))
Aug 27 21:21:07.776511 Runner(CoreFoundation)[50572] <Debug>: found no value for key EnhancedTextLegibilityEnabled in CFPrefsSearchListSource<0x282c8ba00> (Domain: com.apple.Accessibility, Container: (null))
Aug 27 21:21:07.776927 Runner(libAccessibility.dylib)[50572] <Debug>: CF Read: domain = com.apple.Accessibility, preference = EnhancedTextLegibilityEnabled, appID = (null) result = (null) (-1 - empty, 0 - false, 1 - true)
Aug 27 21:21:07.777142 Runner(CoreFoundation)[50572] <Debug>: found no value for key EnhancedTextLegibilityEnabled in CFPrefsPlistSource<0x282c8ba80> (Domain: com.apple.Accessibility, User: kCFPreferencesCurrentUser, ByHost: No, Container: (null), Contents Need Refresh: No)
Aug 27 21:21:07.777320 Runner(CoreFoundation)[50572] <Debug>: found no value for key DarkenSystemColors in CFPrefsSearchListSource<0x282c8ba00> (Domain: com.apple.Accessibility, Container: (null))
<SBTransitionSwitcherModifierEvent: 0x28217e400; type: MainTransition; transitionID: 217AA030-2A10-4265-A0ED-AF33D2E53EF3; phase: Prepare; animated: YES; fromAppLayout: 0x0; toAppLayout: <SBAppLayout: 0x28087bb80; primary: dev.selfhost.firstActivationProbe:default; environment: main>; fromEnvironmentMode: home-screen; toEnvironmentMode: application; pendingTermination: {(
)}; activating: <SBAppLayout: 0x28087bb80; primary: dev.selfhost.firstActivationProbe:default; environment: main>; dosidoTransitionDirection: 0>
Aug 27 21:21:07.777726 Runner(libAccessibility.dylib)[50572] <Debug>: CF Read: domain = com.apple.Accessibility, preference = DarkenSystemColors, appID = (null) result = (null) (-1 - empty, 0 - false, 1 - true)
Aug 27 21:21:07.777944 Runner(CoreFoundation)[50572] <Debug>: found no value for key DarkenSystemColors in CFPrefsPlistSource<0x282c8ba80> (Domain: com.apple.Accessibility, User: kCFPreferencesCurrentUser, ByHost: No, Container: (null), Contents Need Refresh: No)
Aug 27 21:21:07.778130 Runner(CoreFoundation)[50572] <Debug>: found no value for key UITraitCollectionChangeLoggingEnabled in CFPrefsSearchListSource<0x282c89c80> (Domain: dev.selfhost.firstActivationProbe, Container: (null))
Aug 27 21:21:07.778374 Runner(CoreFoundation)[50572] <Debug>: found no value for key UIStateRestorationDebugLogging in CFPrefsSearchListSource<0x282c89c80> (Domain: dev.selfhost.firstActivationProbe, Container: (null))
Aug 27 21:21:07.778575 Runner(CoreFoundation)[50572] <Debug>: Resource lookup at <private>
Aug 27 21:21:07.778802 Runner(CoreFoundation)[50572] <Debug>: looked up value <private> for key AccessibilityEnabled in CFPrefsPlistSource<0x282c8ba80> (Domain: com.apple.Accessibility, User: kCFPreferencesCurrentUser, ByHost: No, Container: (null), Contents Need Refresh: No) via CFPrefsSearchListSource<0x282c8ba00> (Domain: com.apple.Accessibility, Container: (null))
Aug 27 21:21:07.779185 Runner(libAccessibility.dylib)[50572] <Debug>: CF Read: domain = com.apple.Accessibility, preference = AccessibilityEnabled, appID = (null) result = 0 (-1 - empty, 0 - false, 1 - true)
Aug 27 21:21:07.779335 Runner(CoreFoundation)[50572] <Debug>: looked up value <private> for key InvertColorsEnabled in CFPrefsPlistSource<0x282c8ba80> (Domain: com.apple.Accessibility, User: kCFPreferencesCurrentUser, ByHost: No, Container: (null), Contents Need Refresh: No) via CFPrefsSearchListSource<0x282c8ba00> (Domain: com.apple.Accessibility, Container: (null))
Aug 27 21:21:07.779468 Runner(libAccessibility.dylib)[50572] <Debug>: CF Read: domain = com.apple.Accessibility, preference = InvertColorsEnabled, appID = (null) result = 0 (-1 - empty, 0 - false, 1 - true)
Aug 27 21:21:07.779595 Runner(libAccessibility.dylib)[50572] <Debug>: Read Global: preference = InvertColorsEnabled, result = 0 (-1 - empty, 0 - false, 1 - true)
Aug 27 21:21:07.779753 Runner(libAccessibility.dylib)[50572] <Debug>: Updated cache: preference = InvertColorsEnabled, result = 0 (-1 - empty, 0 - false, 1 - true)
Aug 27 21:21:07.779886 Runner(CoreFoundation)[50572] <Debug>: looked up value <private> for key ApplicationAccessibilityEnabled in CFPrefsPlistSource<0x282c8ba80> (Domain: com.apple.Accessibility, User: kCFPreferencesCurrentUser, ByHost: No, Container: (null), Contents Need Refresh: No) via CFPrefsSearchListSource<0x282c8ba00> (Domain: com.apple.Accessibility, Container: (null))
Aug 27 21:21:07.780217 Runner(libAccessibility.dylib)[50572] <Debug>: CF Read: domain = com.apple.Accessibility, preference = ApplicationAccessibilityEnabled, appID = (null) result = 0 (-1 - empty, 0 - false, 1 - true)
	    <SBIconOverlayVisibilitySwitcherEventResponse: 0x2808d1680; visible: YES; appLayout: <SBAppLayout: 0x28087bb80; primary: dev.selfhost.firstActivationProbe:default; environment: main>>;
	    <SBIconViewVisibilitySwitcherEventResponse: 0x283e92210; visible: NO; animationSettings: 0x0; appLayout: <SBAppLayout: 0x28087bb80; primary: dev.selfhost.firstActivationProbe:default; environment: main>>;
    bundleIdentifier = dev.selfhost.firstActivationProbe;
    uniqueIdentifier = sceneID:dev.selfhost.firstActivationProbe-default;
Aug 27 21:21:07.782561 Runner(XCTTargetBootstrap)[50572] <Notice>: Registering for test daemon availability notify post.
Aug 27 21:21:07.782669 Runner(XCTTargetBootstrap)[50572] <Notice>: notify_get_state check indicated test daemon not ready.
Aug 27 21:21:07.782776 Runner(XCTTargetBootstrap)[50572] <Notice>: notify_get_state check indicated test daemon not ready.
Aug 27 21:21:07.782913 Runner(XCTTargetBootstrap)[50572] <Notice>: notify_get_state check indicated test daemon not ready.
Aug 27 21:21:07.783055 Runner(CoreFoundation)[50572] <Debug>: found no value for key UIRequireCrimsonLifecycle in CFPrefsSearchListSource<0x282c88380> (Domain: com.apple.UIKit, Container: (null))
Aug 27 21:21:07.783247 Runner(UIKitCore)[50572] <Notice>: Deactivation reason added: 11; deactivation reasons: 1024 -> 3072; animating application lifecycle event: 0
Aug 27 21:21:07.784799 runningboardd(RunningBoard)[33] <Notice>: Calculated state for application<dev.selfhost.firstActivationProbe>: running-active (role: UserInteractiveFocal)
Aug 27 21:21:07.784924 runningboardd(RunningBoard)[33] <Debug>: Sending state update for application<dev.selfhost.firstActivationProbe>: <RBSProcessState| task:running-active debug:none terminationResistance:Interactive endowments:[
	<RBSProcessAssertionInfo| type:2 reason:10000 name:"Domain" domain:"com.apple.frontboard:Bootstrap-Foreground,com.apple.frontboard:Visibility" expl:"FBApplicationProcess">,
Aug 27 21:21:07.785050 runningboardd(RunningBoard)[33] <Debug>: Incrementing suppression state to 3 for application<dev.selfhost.firstActivationProbe>
Aug 27 21:21:07.785228 runningboardd(RunningBoard)[33] <Debug>: Decrementing suppression state to 2 for application<dev.selfhost.firstActivationProbe>
Aug 27 21:21:07.797798 backboardd(IOKit)[65] <Debug>: SetProperty called IOHIDEventSystemClientIsUnresponsive=0 caller=IOHIDEventSystemConnection uuid:FD91885D-1215-4851-917E-40497D216D2D pid:50572 process:Runner type:Passive entitlements:0x0 caller:BackBoardServices: <redacted> + 336 attributes:{
    bundleID = "dev.selfhost.firstActivationProbe";
<SBTransitionSwitcherModifierEvent: 0x282117a00; type: MainTransition; transitionID: 217AA030-2A10-4265-A0ED-AF33D2E53EF3; phase: Animate; animated: YES; fromAppLayout: 0x0; toAppLayout: <SBAppLayout: 0x28087bb80; primary: dev.selfhost.firstActivationProbe:default; environment: main>; fromEnvironmentMode: home-screen; toEnvironmentMode: application; pendingTermination: {(
)}; activating: <SBAppLayout: 0x28087bb80; primary: dev.selfhost.firstActivationProbe:default; environment: main>; dosidoTransitionDirection: 0>
Aug 27 21:21:07.854875 Runner(CoreFoundation)[50572] <Debug>: Resource lookup at <private>
Aug 27 21:21:07.855167 Runner(RunningBoardServices)[50572] <Notice>: Sending handshake request attempt #1 to server
Aug 27 21:21:07.855488 Runner(RunningBoardServices)[50572] <Notice>: Creating connection to com.apple.runningboard
Aug 27 21:21:07.855772 Runner(CoreFoundation)[50572] <Debug>: found no value for key UIStateRestorationDeveloperMode in CFPrefsSearchListSource<0x282c89c80> (Domain: dev.selfhost.firstActivationProbe, Container: (null))
Aug 27 21:21:07.856127 Runner(UIKitCore)[50572] <Notice>: Deactivation reason removed: 10; deactivation reasons: 3072 -> 2048; animating application lifecycle event: 0
Aug 27 21:21:07.864933 runningboardd(RunningBoard)[33] <Info>: Received message from [application<dev.selfhost.firstActivationProbe>:50572] (euid 501, auid 501): handshakeWithRequest:
Aug 27 21:21:07.865333 runningboardd(RunningBoard)[33] <Notice>: Setting client for [application<dev.selfhost.firstActivationProbe>:50572] as ready
Aug 27 21:21:07.891278 runningboardd(RunningBoard)[33] <Debug>: Decrementing suppression state to 1 for application<dev.selfhost.firstActivationProbe>
Aug 27 21:21:07.892247 runningboardd(RunningBoard)[33] <Debug>: Sending state 0x1011e6a40 for application<dev.selfhost.firstActivationProbe> to [daemon<com.apple.SpringBoard>:47602]
Aug 27 21:21:07.895484 SpringBoard(FrontBoard)[47602] <Notice>: [application<dev.selfhost.firstActivationProbe>:50572] Registered new scene: <FBUIApplicationWorkspaceScene: 0x2826423c0; sceneID:dev.selfhost.firstActivationProbe-default> (fromRemnant = 0)
Aug 27 21:21:07.895629 SpringBoard(RunningBoardServices)[47602] <Info>: Update delivered for [application<dev.selfhost.firstActivationProbe>:50572] with taskState 4
Aug 27 21:21:07.895761 SpringBoard(FrontBoard)[47602] <Notice>: [sceneID:dev.selfhost.firstActivationProbe-default][1] Scene activated.
Aug 27 21:21:07.895916 SpringBoard(FrontBoard)[47602] <Debug>: [FBSceneManager] PENDING:   <BSEventQueueEvent: 0x281c3c540; didAdd-sceneID:dev.selfhost.firstActivationProbe-default(0)> @ back
Aug 27 21:21:07.896119 SpringBoard(FrontBoard)[47602] <Debug>: [FBSceneManager] EXECUTING: <BSEventQueueEvent: 0x281c3c540; didAdd-sceneID:dev.selfhost.firstActivationProbe-default(0)>
Aug 27 21:21:07.896339 SpringBoard(FrontBoard)[47602] <Debug>: [FBSceneManager] PENDING:   <BSEventQueueEvent: 0x281c3c740; didAdd-sceneID:dev.selfhost.firstActivationProbe-default(0)> @ front
Aug 27 21:21:07.896479 SpringBoard(FrontBoard)[47602] <Debug>: [FBSceneManager] EXECUTING: <BSEventQueueEvent: 0x281c3c740; didAdd-sceneID:dev.selfhost.firstActivationProbe-default(0)>
Aug 27 21:21:07.896727 SpringBoard(FrontBoard)[47602] <Notice>: [application<dev.selfhost.firstActivationProbe>:50572] Workspace interruption policy did change: reconnect
Aug 27 21:21:07.897894 SpringBoard(FrontBoard)[47602] <Info>: Client intercepting scene update for scene: sceneID:dev.selfhost.firstActivationProbe-default
Aug 27 21:21:07.898116 SpringBoard(UIKitCore)[47602] <Notice>: Now tracking: <FBScene: 0x282858300; sceneID:dev.selfhost.firstActivationProbe-default>
Aug 27 21:21:07.898316 SpringBoard(UIKitCore)[47602] <Notice>: [sceneID:dev.selfhost.firstActivationProbe-default] Setting deactivation reasons to: 'systemAnimation' for reason: scene settings update - settings are eligible for deactivation reasons.
Aug 27 21:21:07.898559 SpringBoard(FrontBoard)[47602] <Debug>: START SCENE MUTATION ------- sceneID:dev.selfhost.firstActivationProbe-default
Aug 27 21:21:07.898713 SpringBoard(FrontBoard)[47602] <Debug>: [FBSceneManager] PENDING:   <BSEventQueueEvent: 0x281c23900; sceneDidActivate-sceneID:dev.selfhost.firstActivationProbe-default(1)> @ back
Aug 27 21:21:07.898992 SpringBoard(FrontBoard)[47602] <Debug>: [FBSceneManager] PENDING:   <BSEventQueueEvent: 0x281c21640; sceneUpdatePrepared-sceneID:dev.selfhost.firstActivationProbe-default(1)> @ back
Aug 27 21:21:07.899719 mediaserverd(RunningBoardServices)[36] <Info>: Update delivered for [application<dev.selfhost.firstActivationProbe>:50572] with taskState 4
Aug 27 21:21:07.900162 mediaserverd(MediaExperience)[36] <Notice>: -CMSessionMgr- CMSessionMgrHandleApplicationStateChange: Client dev.selfhost.firstActivationProbe with pid '50572' is now Foreground Running. Background entitlement: NO ActiveLongFormVideoSession: NO WhitelistedLongFormVideoApp NO
Aug 27 21:21:07.900426 mediaserverd(MediaExperience)[36] <Notice>: -CMSessionMgr- CMSessionMgrHandleApplicationStateChange: Sending EndInterruption to dev.selfhost.firstActivationProbe with pid '50572' because client moved to ForegroundRunning and is not allowed to play in the background
Aug 27 21:21:07.901466 SpringBoard(FrontBoard)[47602] <Debug>: [FBSceneManager] PENDING:   <BSEventQueueEvent: 0x281c20bc0; applySettings-sceneID:dev.selfhost.firstActivationProbe-default(1)> @ back
Aug 27 21:21:07.901649 runningboardd(RunningBoard)[33] <Notice>: Acquiring assertion targeting [application<dev.selfhost.firstActivationProbe>:50572] from originator [daemon<com.apple.SpringBoard>:47602] with description <RBSAssertionDescriptor| "com.apple.frontboard.after-life.interrupted" ID:33-47602-7510 target:50572 attributes:[
Aug 27 21:21:07.901876 SpringBoard(FrontBoard)[47602] <Debug>: Flushing all events for sceneID:dev.selfhost.firstActivationProbe-default
Aug 27 21:21:07.902137 runningboardd(RunningBoard)[33] <Notice>: Assertion 33-47602-7510 (target:[application<dev.selfhost.firstActivationProbe>:50572]) will be created as inactive as originator process has not exited
Aug 27 21:21:07.903316 SpringBoard(FrontBoard)[47602] <Debug>: [FBSceneManager] EXECUTING: <BSEventQueueEvent: 0x281c23900; sceneDidActivate-sceneID:dev.selfhost.firstActivationProbe-default(1)>
Aug 27 21:21:07.904366 SpringBoard(FrontBoard)[47602] <Debug>: [FBSceneManager] PENDING:   <BSEventQueueEvent: 0x281c3f5c0; sceneDidActivate-sceneID:dev.selfhost.firstActivationProbe-default(1)> @ front
Aug 27 21:21:07.904591 SpringBoard(FrontBoard)[47602] <Debug>: [FBSceneManager] EXECUTING: <BSEventQueueEvent: 0x281c3f5c0; sceneDidActivate-sceneID:dev.selfhost.firstActivationProbe-default(1)>
Aug 27 21:21:07.907135 SpringBoard(RunningBoardServices)[47602] <Info>: Update delivered for [application<dev.selfhost.firstActivationProbe>:50572] with taskState 4
Aug 27 21:21:07.907293 SpringBoard[47602] <Notice>: didAddExternalForegroundApplicationSceneHandle pid:50572 scene:com.apple.frontboard.systemappservices::sceneID%3Adev.selfhost.firstActivationProbe-default now:<recentPIDs: [50572]; recentSceneIdentityTokensByPID: {50572: [com.apple.frontboard.systemappservices::sceneID%3Adev.selfhost.firstActivationProbe-default]}>
Aug 27 21:21:07.907480 SpringBoard[47602] <Notice>: policy: MRU target:<pid=50572 token=com.apple.frontboard.systemappservices::sceneID%3Adev.selfhost.firstActivationProbe-default>
Aug 27 21:21:07.907648 SpringBoard[47602] <Notice>: policy: now generation: 274; keyboardFocusTarget: <token: com.apple.frontboard.systemappservices::sceneID%3Adev.selfhost.firstActivationProbe-default; pid: 50572>; recentlyUsedScenes: <recentPIDs: [50572]; recentSceneIdentityTokensByPID: {50572: [com.apple.frontboard.systemappservices::sceneID%3Adev.selfhost.firstActivationProbe-default]}>; selectionPolicy: KeyboardArbiter; shouldSuppressRemoteDeferring: 0
Aug 27 21:21:07.909278 runningboardd(RunningBoard)[33] <Debug>: Adding assertion 33-47602-7510 (target:[application<dev.selfhost.firstActivationProbe>:50572])
Aug 27 21:21:07.909920 runningboardd(RunningBoard)[33] <Info>: application<dev.selfhost.firstActivationProbe> is now targeted by 3 assertions
Aug 27 21:21:07.910375 runningboardd(RunningBoard)[33] <Info>: Finished acquiring assertion 33-47602-7510 (target:[application<dev.selfhost.firstActivationProbe>:50572])
Aug 27 21:21:07.911736 SpringBoard(FrontBoard)[47602] <Debug>: [FBSceneManager] EXECUTING: <BSEventQueueEvent: 0x281c21640; sceneUpdatePrepared-sceneID:dev.selfhost.firstActivationProbe-default(1)>
Aug 27 21:21:07.912039 SpringBoard(FrontBoard)[47602] <Debug>: [FBSceneManager] PENDING:   <BSEventQueueEvent: 0x281c21400; sceneUpdatePrepared-sceneID:dev.selfhost.firstActivationProbe-default(1)> @ front
Aug 27 21:21:07.912287 SpringBoard(FrontBoard)[47602] <Debug>: [FBSceneManager] EXECUTING: <BSEventQueueEvent: 0x281c21400; sceneUpdatePrepared-sceneID:dev.selfhost.firstActivationProbe-default(1)>
Aug 27 21:21:07.913262 SpringBoard(FrontBoard)[47602] <Debug>: [FBSceneManager] EXECUTING: <BSEventQueueEvent: 0x281c20bc0; applySettings-sceneID:dev.selfhost.firstActivationProbe-default(1)>
Aug 27 21:21:07.913463 SpringBoard(FrontBoard)[47602] <Notice>: [sceneID:dev.selfhost.firstActivationProbe-default] scene content state changed: preparing
Aug 27 21:21:07.913710 SpringBoard(FrontBoard)[47602] <Debug>: [FBSceneManager] PENDING:   <BSEventQueueEvent: 0x281c220c0; contentStateDidChange-sceneID:dev.selfhost.firstActivationProbe-default(1)> @ back
Aug 27 21:21:07.913860 SpringBoard(FrontBoard)[47602] <Debug>: [FBSceneManager] PENDING:   <BSEventQueueEvent: 0x281c3f5c0; sceneUpdateApplied-sceneID:dev.selfhost.firstActivationProbe-default(1)> @ back
Aug 27 21:21:07.913993 SpringBoard(FrontBoard)[47602] <Debug>: [FBSceneManager] PENDING:   <BSEventQueueEvent: 0x281c20520; sceneMutationCompletion-sceneID:dev.selfhost.firstActivationProbe-default(1)> @ back
Aug 27 21:21:07.914110 SpringBoard(FrontBoard)[47602] <Debug>: [FBSceneManager] EXECUTING: <BSEventQueueEvent: 0x281c220c0; contentStateDidChange-sceneID:dev.selfhost.firstActivationProbe-default(1)>
Aug 27 21:21:07.914226 SpringBoard(FrontBoard)[47602] <Notice>: [sceneID:dev.selfhost.firstActivationProbe-default] Scene lifecycle state did change: Foreground
Aug 27 21:21:07.914372 SpringBoard(FrontBoard)[47602] <Debug>: [FBSceneManager] PENDING:   <BSEventQueueEvent: 0x281c23260; contentStateDidChange-sceneID:dev.selfhost.firstActivationProbe-default(1)> @ front
Aug 27 21:21:07.914505 SpringBoard(FrontBoard)[47602] <Notice>: [sceneID:dev.selfhost.firstActivationProbe-default] Scene assertion state did change: ForegroundFocal.
Aug 27 21:21:07.914623 SpringBoard(FrontBoard)[47602] <Notice>: [application<dev.selfhost.firstActivationProbe>:50572] Launch assertion supersedes update of workspace assertion to ForegroundFocal.
Aug 27 21:21:07.914743 SpringBoard(FrontBoard)[47602] <Notice>: [application<dev.selfhost.firstActivationProbe>:50572] Workspace assertion state did change: ForegroundFocal (acquireAssertion = NO).
Aug 27 21:21:07.914859 SpringBoard(FrontBoard)[47602] <Debug>: [FBSceneManager] EXECUTING: <BSEventQueueEvent: 0x281c23260; contentStateDidChange-sceneID:dev.selfhost.firstActivationProbe-default(1)>
Aug 27 21:21:07.915288 SpringBoard(FrontBoard)[47602] <Notice>: [sceneID:dev.selfhost.firstActivationProbe-default] Sending scene action [Logical Activate][0x71] to process 0x10a17bf00 (watchdog: 19.98s)
Aug 27 21:21:07.915631 SpringBoard(FrontBoard)[47602] <Debug>: [FBSceneManager] EXECUTING: <BSEventQueueEvent: 0x281c3f5c0; sceneUpdateApplied-sceneID:dev.selfhost.firstActivationProbe-default(1)>
Aug 27 21:21:07.915781 SpringBoard(FrontBoard)[47602] <Debug>: [FBSceneManager] PENDING:   <BSEventQueueEvent: 0x281c3e480; sceneUpdateApplied-sceneID:dev.selfhost.firstActivationProbe-default(1)> @ front
Aug 27 21:21:07.916078 SpringBoard(FrontBoard)[47602] <Debug>: [FBSceneManager] EXECUTING: <BSEventQueueEvent: 0x281c3e480; sceneUpdateApplied-sceneID:dev.selfhost.firstActivationProbe-default(1)>
Aug 27 21:21:07.916776 SpringBoard(FrontBoard)[47602] <Debug>: [FBSceneManager] EXECUTING: <BSEventQueueEvent: 0x281c20520; sceneMutationCompletion-sceneID:dev.selfhost.firstActivationProbe-default(1)>
Aug 27 21:21:07.916980 SpringBoard(FrontBoardServices)[47602] <Info>: [application<dev.selfhost.firstActivationProbe>:50572] [realTime] Now monitoring resource allowance of 19.98s (at refreshInterval -1.00s)
Aug 27 21:21:07.917098 SpringBoard(FrontBoard)[47602] <Debug>: ---------- END SCENE MUTATION: sceneID:dev.selfhost.firstActivationProbe-default
Aug 27 21:21:07.921768 Runner(RunningBoardServices)[50572] <Debug>: Received message from server: async_didChangeInheritances:completion:
Aug 27 21:21:07.921856 Runner(RunningBoardServices)[50572] <Info>: didChangeInheritances
Aug 27 21:21:07.921990 Runner(RunningBoardServices)[50572] <Info>: didChangeInheritances: <RBSInheritanceChangeSet| gained:{(
Aug 27 21:21:07.922459 Runner(RunningBoardServices)[50572] <Notice>: Handshake succeeded
Aug 27 21:21:07.922748 Runner(RunningBoardServices)[50572] <Notice>: Identity resolved as application<dev.selfhost.firstActivationProbe>
Aug 27 21:21:07.922997 Runner(FrontBoardServices)[50572] <Info>: [FBSScene] [sceneID:dev.selfhost.firstActivationProbe-default] Created client agent: <UIApplicationSceneClientAgent: 0x280088a30>
Aug 27 21:21:07.926842 Runner(CoreFoundation)[50572] <Debug>: Resource lookup at <private>
	Result        : file:///private/var/containers/Bundle/Application/1EC21BA9-82AA-4B85-B2FC-10B206BC5C35/Runner.app/Base.lproj/Main.storyboardc/
Aug 27 21:21:07.927006 Runner(CoreFoundation)[50572] <Debug>: Resource lookup at <private>
	Result        : file:///private/var/containers/Bundle/Application/1EC21BA9-82AA-4B85-B2FC-10B206BC5C35/Runner.app/Base.lproj/Main.storyboardc/
Aug 27 21:21:07.927178 Runner(CoreFoundation)[50572] <Debug>: found no value for key _UICanvasShouldDeliverCanvasActionsToCanvasDelegateOnlyKey in CFPrefsSearchListSource<0x282c89c80> (Domain: dev.selfhost.firstActivationProbe, Container: (null))
Aug 27 21:21:07.927373 Runner(CoreFoundation)[50572] <Debug>: found no value for key LogBackgroundTask in CFPrefsSearchListSource<0x282c88380> (Domain: com.apple.UIKit, Container: (null))
Aug 27 21:21:07.927561 Runner(UIKitCore)[50572] <Notice>: <private>: Will add backgroundTask with taskName: <private>, expirationHandler: <__NSGlobalBlock__: 0x1ec737410>
Aug 27 21:21:07.927702 Runner(UIKitCore)[50572] <Notice>: <private>: Created background task <private>. Assertion will be assigned soon
Aug 27 21:21:07.929784 runningboardd(RunningBoard)[33] <Debug>: Sending state 0x1011e6a40 for application<dev.selfhost.firstActivationProbe> to [daemon<com.apple.UserEventAgent-System>:30]
Aug 27 21:21:07.929918 runningboardd(RunningBoard)[33] <Debug>: Incrementing suppression state to 2 for application<dev.selfhost.firstActivationProbe>
Aug 27 21:21:07.930088 runningboardd(RunningBoard)[33] <Info>: Received message from [application<dev.selfhost.firstActivationProbe>:50572] (euid 501, auid 501): acquireAssertionWithDescriptor:error:
Aug 27 21:21:07.930414 runningboardd(RunningBoard)[33] <Notice>: Acquiring assertion targeting [application<dev.selfhost.firstActivationProbe>:50572] from originator [application<dev.selfhost.firstActivationProbe>:50572] with description <RBSAssertionDescriptor| "Shared Background Assertion 0 for dev.selfhost.firstActivationProbe" ID:33-50572-7511 target:50572 attributes:[
Aug 27 21:21:07.931533 Runner(UIKitCore)[50572] <Notice>: <private>: Creating new assertion since assertion is nil
Aug 27 21:21:07.931687 Runner(RunningBoardServices)[50572] <Info>: Acquiring assertion: <RBSAssertionDescriptor| "Shared Background Assertion 0 for dev.selfhost.firstActivationProbe" ID:(null) target:50572>
Aug 27 21:21:07.931953 Runner(RunningBoardServices)[50572] <Debug>: Adding assertion 33-50572-7511 to dictionary
Aug 27 21:21:07.932155 Runner(UIKitCore)[50572] <Notice>: <private>: Created new assertion <BKSProcessAssertion: 0x282188690>
Aug 27 21:21:07.932388 Runner(UIKitCore)[50572] <Notice>: Deactivation reason added: 5; deactivation reasons: 2048 -> 2080; animating application lifecycle event: 1
Aug 27 21:21:07.932559 Runner(CoreFoundation)[50572] <Debug>: found no value for key LogEventDeferring in CFPrefsSearchListSource<0x282c88380> (Domain: com.apple.UIKit, Container: (null))
Aug 27 21:21:07.932703 Runner(UIKitCore)[50572] <Notice>: [0x282989ff0] Initialized with scene: <UIWindowScene: 0x100a0b2c0>; behavior: <_UIEventDeferringBehavior_Default: 0x28029cc20>
Aug 27 21:21:07.932982 Runner(CoreFoundation)[50572] <Debug>: found no value for key LogKeyWindow in CFPrefsSearchListSource<0x282c88380> (Domain: com.apple.UIKit, Container: (null))
Aug 27 21:21:07.933145 Runner(CoreFoundation)[50572] <Debug>: found no value for key FullKeyboardAccessEnabled in CFPrefsSearchListSource<0x282c8ba00> (Domain: com.apple.Accessibility, Container: (null))
Aug 27 21:21:07.933284 Runner(libAccessibility.dylib)[50572] <Debug>: CF Read: domain = com.apple.Accessibility, preference = FullKeyboardAccessEnabled, appID = (null) result = (null) (-1 - empty, 0 - false, 1 - true)
Aug 27 21:21:07.933440 Runner(CoreFoundation)[50572] <Debug>: found no value for key FullKeyboardAccessEnabled in CFPrefsPlistSource<0x282c8ba80> (Domain: com.apple.Accessibility, User: kCFPreferencesCurrentUser, ByHost: No, Container: (null), Contents Need Refresh: No)
Aug 27 21:21:07.933577 Runner(CoreFoundation)[50572] <Debug>: Resource lookup at <private>
Aug 27 21:21:07.933790 Runner(CoreFoundation)[50572] <Debug>: Resource lookup at <private>
	Result        : file:///private/var/containers/Bundle/Application/1EC21BA9-82AA-4B85-B2FC-10B206BC5C35/Runner.app/Base.lproj/Main.storyboardc/
Aug 27 21:21:07.933957 Runner(CoreFoundation)[50572] <Debug>: Resource lookup at <private>
	Result        : file:///private/var/containers/Bundle/Application/1EC21BA9-82AA-4B85-B2FC-10B206BC5C35/Runner.app/Base.lproj/Main.storyboardc/UIViewController-BYZ-38-t0r.nib
Aug 27 21:21:07.934162 Runner(CoreFoundation)[50572] <Debug>: found no value for key UITraitCollectionInvalidationDebuggingModeEnabled in CFPrefsSearchListSource<0x282c89c80> (Domain: dev.selfhost.firstActivationProbe, Container: (null))
Aug 27 21:21:07.934363 Runner(CoreFoundation)[50572] <Debug>: Resource lookup at <private>
Aug 27 21:21:07.934592 Runner(CoreFoundation)[50572] <Debug>: Language lookup at <private>
Aug 27 21:21:07.934739 Runner(CoreFoundation)[50572] <Debug>: Resource lookup at <private>
	Result        : file:///var/containers/Bundle/Application/1EC21BA9-82AA-4B85-B2FC-10B206BC5C35/Runner.app/Frameworks/Flutter.framework/icudtl.dat
Aug 27 21:21:07.935185 SpringBoard(FrontBoard)[47602] <Info>: [sceneID:dev.selfhost.firstActivationProbe-default] Client settings updated with diff: <private>
Aug 27 21:21:07.935319 SpringBoard(FrontBoard)[47602] <Info>: [sceneID:dev.selfhost.firstActivationProbe-default] Client settings updated with diff: <private>
        <SBDeviceApplicationSceneEntity: 0x283e008c0; ID: sceneID:dev.selfhost.firstActivationProbe-default; layoutRole: primary>
        <SBDeviceApplicationSceneEntity: 0x283e008c0; ID: sceneID:dev.selfhost.firstActivationProbe-default; layoutRole: primary>
Aug 27 21:21:07.937154 Runner(Flutter)[50572] <Notice>: SANITY CHECK: Running precompiled code.
Aug 27 21:21:07.937705 Runner(CoreFoundation)[50572] <Debug>: Resource lookup at <private>
Aug 27 21:21:07.937941 Runner(CoreFoundation)[50572] <Debug>: Resource lookup at <private>
	Result        : file:///private/var/containers/Bundle/Application/1EC21BA9-82AA-4B85-B2FC-10B206BC5C35/Runner.app/Frameworks/App.framework/
Aug 27 21:21:07.938111 Runner(Flutter)[50572] <Notice>: Using App.framework from /private/var/containers/Bundle/Application/1EC21BA9-82AA-4B85-B2FC-10B206BC5C35/Runner.app/Frameworks/App.framework
Aug 27 21:21:07.938276 Runner(CoreFoundation)[50572] <Debug>: Language lookup at <private>
Aug 27 21:21:07.938442 Runner(CoreFoundation)[50572] <Debug>: Resource lookup at <private>
Aug 27 21:21:07.938624 Runner(CoreFoundation)[50572] <Debug>: Resource lookup at <private>
Aug 27 21:21:07.938919 Runner(CoreFoundation)[50572] <Debug>: Resource lookup at <private>
	Result        : file:///var/containers/Bundle/Application/1EC21BA9-82AA-4B85-B2FC-10B206BC5C35/Runner.app/Frameworks/App.framework/flutter_assets/
Aug 27 21:21:07.939153 Runner(Flutter)[50572] <Notice>: ASSET PATH /var/containers/Bundle/Application/1EC21BA9-82AA-4B85-B2FC-10B206BC5C35/Runner.app/Frameworks/App.framework/flutter_assets
Aug 27 21:21:07.939351 Runner(CoreFoundation)[50572] <Debug>: Resource lookup at <private>
Aug 27 21:21:07.939559 Runner(CoreFoundation)[50572] <Debug>: Resource lookup at <private>
Aug 27 21:21:07.939730 Runner(Flutter)[50572] <Notice>: [INFO:flutter/shell/common/shorebird/shorebird.cc(112)] [shorebird] SetBaseSnapshot mappings: vm_data_size=5178 iso_data_size=556021 vm_insns_size=43584 iso_insns_size=1818768 total=2423551
Aug 27 21:21:07.939940 Runner(Flutter)[50572] <Notice>: [shorebird] Preparing next boot.
Aug 27 21:21:07.940185 Runner(Flutter)[50572] <Notice>: [shorebird] No public key configured; skipping signature verification
Aug 27 21:21:07.940397 Runner(Flutter)[50572] <Notice>: [shorebird] Prepared boot of patch 3.
Aug 27 21:21:07.940539 Runner(Flutter)[50572] <Notice>: [INFO:flutter/shell/common/shorebird/shorebird.cc(663)] Shorebird updater: active path: /private/var/mobile/Containers/Data/Application/18E6667F-E66B-4E74-92D9-B14869861554/Library/Application Support/shorebird/shorebird_updater/patches/3/dlc.vmcode
Aug 27 21:21:07.940686 Runner(Flutter)[50572] <Notice>: [INFO:flutter/shell/common/shorebird/shorebird.cc(686)] Shorebird updater: active patch is a Route B container
Aug 27 21:21:07.940844 Runner(Flutter)[50572] <Notice>: [INFO:flutter/shell/common/shorebird/shorebird.cc(762)] Starting Shorebird update
Aug 27 21:21:07.940975 cfprefsd(CoreFoundation)[91] <Debug>: Process 50572 (Runner) sent a request related to { com.apple.Metal, user: mobile, kCFPreferencesCurrentHost, /Library/Managed Preferences/mobile/com.apple.Metal.plist, managed: 1 } (0x10182aa60)
Aug 27 21:21:07.941221 cfprefsd(CoreFoundation)[91] <Debug>: Process 50572 (Runner) sent a request related to { com.apple.Metal, user: kCFPreferencesAnyUser, kCFPreferencesCurrentHost, /Library/Managed Preferences/com.apple.Metal.plist, managed: 1 } (0x10182aa60)
Aug 27 21:21:07.941548 cfprefsd(CoreFoundation)[91] <Debug>: Process 50572 (Runner) sent a request related to { com.apple.Metal, user: mobile, kCFPreferencesAnyHost, /var/mobile/Library/Preferences/com.apple.Metal.plist, managed: 0 } (0x10182aa60)
Aug 27 21:21:07.941990 Runner(CoreFoundation)[50572] <Debug>: Resource lookup at <private>
Aug 27 21:21:07.942211 Runner(CoreFoundation)[50572] <Debug>: setting new value <private> for key <private> in CFPrefsSource<0x28178cdc0> (Domain: Volatile, User: , ByHost: No, Container: , Contents Need Refresh: No)
Aug 27 21:21:07.942418 Runner(CoreFoundation)[50572] <Debug>: looked up value <private> for key METAL_DEVICE_WRAPPER_TYPE in CFPrefsSource<0x28178cdc0> (Domain: Volatile, User: , ByHost: No, Container: , Contents Need Refresh: No) via CFPrefsSearchListSource<0x282c89c80> (Domain: dev.selfhost.firstActivationProbe, Container: (null))
Aug 27 21:21:07.942736 Runner(CoreFoundation)[50572] <Debug>: CFPrefsManagedSource<0x282c81880> (Domain: com.apple.Metal, User: kCFPreferencesCurrentUser, ByHost: Yes, Container: (null), Contents Need Refresh: No) loaded: an empty base plist and no additional changes from the base plist
Aug 27 21:21:07.942858 Runner(CoreFoundation)[50572] <Debug>: CFPrefsManagedSource<0x282c81980> (Domain: com.apple.Metal, User: kCFPreferencesAnyUser, ByHost: Yes, Container: (null), Contents Need Refresh: No) loaded: an empty base plist and no additional changes from the base plist
Aug 27 21:21:07.942978 Runner(CoreFoundation)[50572] <Debug>: CFPrefsPlistSource<0x282c81800> (Domain: com.apple.Metal, User: kCFPreferencesCurrentUser, ByHost: No, Container: (null), Contents Need Refresh: No) loaded: an empty base plist and no additional changes from the base plist
Aug 27 21:21:07.943665 SpringBoard[47602] <Notice>: Application process state changed for dev.selfhost.firstActivationProbe: <SBApplicationProcessState: 0x281c23be0; pid: 50572; taskState: Running; visibility: Foreground>
Aug 27 21:21:07.945678 SpringBoard[47602] <Info>: -[SBApplication _processWillLaunch:] dev.selfhost.firstActivationProbe
Aug 27 21:21:07.945824 SpringBoard[47602] <Notice>: Application process state changed for dev.selfhost.firstActivationProbe: <SBApplicationProcessState: 0x281c53e80; pid: 50572; taskState: Running; visibility: Foreground>
Aug 27 21:21:07.946065 SpringBoard(SplashBoard)[47602] <Info>: <XBApplicationSnapshot: 0x109ddf7d0; …2F3B89D0D3F1> [dev.selfhost.firstActivationProbe] not purging the cached image; force: 0; _imageAccessCount: 1; _keepImageAccessUntilExpiration: 0; _hasProtectedContent: 0; _keepImageAccessForPreheat: 0
Aug 27 21:21:07.946284 SpringBoard[47602] <Info>: -[SBApplication _processDidLaunch:] dev.selfhost.firstActivationProbe
Aug 27 21:21:07.946532 SpringBoard[47602] <Notice>: Application process state changed for dev.selfhost.firstActivationProbe: <SBApplicationProcessState: 0x281c505c0; pid: 50572; taskState: Running; visibility: Foreground>
Aug 27 21:21:07.949105 SpringBoard(FrontBoard)[47602] <Info>: Client intercepting scene update for scene: sceneID:dev.selfhost.firstActivationProbe-default
Aug 27 21:21:07.949245 SpringBoard(FrontBoard)[47602] <Debug>: START SCENE MUTATION ------- sceneID:dev.selfhost.firstActivationProbe-default
Aug 27 21:21:07.949388 SpringBoard(FrontBoard)[47602] <Debug>: [FBSceneManager] PENDING:   <BSEventQueueEvent: 0x281db8b00; sceneUpdatePrepared-sceneID:dev.selfhost.firstActivationProbe-default(2)> @ back
Aug 27 21:21:07.950127 SpringBoard(FrontBoard)[47602] <Debug>: [FBSceneManager] PENDING:   <BSEventQueueEvent: 0x281db4240; applySettings-sceneID:dev.selfhost.firstActivationProbe-default(2)> @ back
Aug 27 21:21:07.950243 SpringBoard(FrontBoard)[47602] <Debug>: Flushing all events for sceneID:dev.selfhost.firstActivationProbe-default
Aug 27 21:21:07.950360 SpringBoard(FrontBoard)[47602] <Debug>: [FBSceneManager] EXECUTING: <BSEventQueueEvent: 0x281db8b00; sceneUpdatePrepared-sceneID:dev.selfhost.firstActivationProbe-default(2)>
Aug 27 21:21:07.950477 SpringBoard(FrontBoard)[47602] <Debug>: [FBSceneManager] PENDING:   <BSEventQueueEvent: 0x281db45c0; sceneUpdatePrepared-sceneID:dev.selfhost.firstActivationProbe-default(2)> @ front
Aug 27 21:21:07.950593 SpringBoard(FrontBoard)[47602] <Debug>: [FBSceneManager] EXECUTING: <BSEventQueueEvent: 0x281db45c0; sceneUpdatePrepared-sceneID:dev.selfhost.firstActivationProbe-default(2)>
Aug 27 21:21:07.950822 SpringBoard(FrontBoard)[47602] <Debug>: [FBSceneManager] EXECUTING: <BSEventQueueEvent: 0x281db4240; applySettings-sceneID:dev.selfhost.firstActivationProbe-default(2)>
Aug 27 21:21:07.950939 SpringBoard(FrontBoard)[47602] <Debug>: [FBSceneManager] PENDING:   <BSEventQueueEvent: 0x281c23860; sceneUpdateApplied-sceneID:dev.selfhost.firstActivationProbe-default(2)> @ back
Aug 27 21:21:07.951058 SpringBoard(FrontBoard)[47602] <Debug>: [FBSceneManager] PENDING:   <BSEventQueueEvent: 0x281c22780; sceneMutationCompletion-sceneID:dev.selfhost.firstActivationProbe-default(2)> @ back
Aug 27 21:21:07.951174 SpringBoard(FrontBoard)[47602] <Debug>: [FBSceneManager] EXECUTING: <BSEventQueueEvent: 0x281c23860; sceneUpdateApplied-sceneID:dev.selfhost.firstActivationProbe-default(2)>
Aug 27 21:21:07.951292 SpringBoard(FrontBoard)[47602] <Debug>: [FBSceneManager] PENDING:   <BSEventQueueEvent: 0x281c201a0; sceneUpdateApplied-sceneID:dev.selfhost.firstActivationProbe-default(2)> @ front
Aug 27 21:21:07.951408 SpringBoard(FrontBoard)[47602] <Debug>: [FBSceneManager] EXECUTING: <BSEventQueueEvent: 0x281c201a0; sceneUpdateApplied-sceneID:dev.selfhost.firstActivationProbe-default(2)>
Aug 27 21:21:07.951638 Runner(CoreFoundation)[50572] <Debug>: CFPrefsPlistSource<0x282c81b00> (Domain: com.apple.Metal, User: kCFPreferencesAnyUser, ByHost: Yes, Container: (null), Contents Need Refresh: No) loaded: an empty base plist and no additional changes from the base plist
Aug 27 21:21:07.951938 Runner(CoreFoundation)[50572] <Debug>: found no value for key UseMetalTelemetry in CFPrefsSearchListSource<0x282c81900> (Domain: com.apple.Metal, Container: (null))
Aug 27 21:21:07.952114 SpringBoard(FrontBoard)[47602] <Debug>: [FBSceneManager] EXECUTING: <BSEventQueueEvent: 0x281c22780; sceneMutationCompletion-sceneID:dev.selfhost.firstActivationProbe-default(2)>
Aug 27 21:21:07.953221 Runner(CoreFoundation)[50572] <Debug>: Resource lookup at <private>
Aug 27 21:21:07.953580 SpringBoard(FrontBoard)[47602] <Debug>: ---------- END SCENE MUTATION: sceneID:dev.selfhost.firstActivationProbe-default
Aug 27 21:21:07.953839 Runner(CoreFoundation)[50572] <Debug>: found no value for key MetalForceCaptureEnabled in CFPrefsSearchListSource<0x282c89c80> (Domain: dev.selfhost.firstActivationProbe, Container: (null))
Aug 27 21:21:07.954228 SpringBoard(FrontBoard)[47602] <Info>: [sceneID:dev.selfhost.firstActivationProbe-default] Sending scene action [Forward Event][0x168b] to process 0x10a17bf00 (watchdog: none)
            SceneID: sceneID:dev.selfhost.firstActivationProbe-default
Aug 27 21:21:07.956843 Runner(CoreFoundation)[50572] <Debug>: found no value for key VertexInstanceBoundsCheckMode in CFPrefsSearchListSource<0x282c81900> (Domain: com.apple.Metal, Container: (null))
Aug 27 21:21:07.956988 Runner(CoreFoundation)[50572] <Debug>: found no value for key DisableDriverSuballocation in CFPrefsSearchListSource<0x282c81900> (Domain: com.apple.Metal, Container: (null))
Aug 27 21:21:07.957160 Runner(CoreFoundation)[50572] <Debug>: found no value for key CPUMappingForPrivateTexturesMode in CFPrefsSearchListSource<0x282c81900> (Domain: com.apple.Metal, Container: (null))
Aug 27 21:21:07.957323 Runner(CoreFoundation)[50572] <Debug>: found no value for key IOSurfaceCompressedWriteValidation in CFPrefsSearchListSource<0x282c81900> (Domain: com.apple.Metal, Container: (null))
Aug 27 21:21:07.957451 Runner(CoreFoundation)[50572] <Debug>: Language lookup at <private>
Aug 27 21:21:07.957572 Runner(CoreFoundation)[50572] <Debug>: Resource lookup at <private>
Aug 27 21:21:07.959068 Runner(CoreFoundation)[50572] <Debug>: Resource lookup at <private>
Aug 27 21:21:07.961013 Runner(CoreFoundation)[50572] <Debug>: Resource lookup at <private>
Aug 27 21:21:07.961130 Runner(CoreFoundation)[50572] <Debug>: Resource lookup at <private>
Aug 27 21:21:07.961246 Runner(CoreFoundation)[50572] <Debug>: Resource lookup at <private>
Aug 27 21:21:07.961362 Runner(CoreFoundation)[50572] <Debug>: Resource lookup at <private>
Aug 27 21:21:07.961513 Runner(CoreFoundation)[50572] <Debug>: Resource lookup at <private>
Aug 27 21:21:07.961629 Runner(CoreFoundation)[50572] <Debug>: Resource lookup at <private>
Aug 27 21:21:07.961745 Runner(CoreFoundation)[50572] <Debug>: Resource lookup at <private>
Aug 27 21:21:07.964642 Runner(CoreFoundation)[50572] <Debug>: Resource lookup at <private>
Aug 27 21:21:07.964814 Runner(CoreFoundation)[50572] <Debug>: Resource lookup at <private>
Aug 27 21:21:07.965062 Runner(CoreFoundation)[50572] <Debug>: Resource lookup at <private>
Aug 27 21:21:07.965264 Runner(CoreFoundation)[50572] <Debug>: Resource lookup at <private>
Aug 27 21:21:07.965444 Runner(CoreFoundation)[50572] <Debug>: Resource lookup at <private>
Aug 27 21:21:07.965628 Runner(CoreFoundation)[50572] <Debug>: Resource lookup at <private>
Aug 27 21:21:07.965932 runningboardd(RunningBoard)[33] <Notice>: Assertion 33-50572-7511 (target:[application<dev.selfhost.firstActivationProbe>:50572]) will be created as inactive as start-time-defining assertions exist
Aug 27 21:21:07.966582 SpringBoard(FrontBoard)[47602] <Info>: [sceneID:dev.selfhost.firstActivationProbe-default] didUpdateClientSettingsWithDiff: <private>
Aug 27 21:21:07.966724 SpringBoard(FrontBoard)[47602] <Debug>: [FBSceneManager] PENDING:   <BSEventQueueEvent: 0x281c21ca0; handleDidUpdateClientSettings-sceneID:dev.selfhost.firstActivationProbe-default(2)> @ back
Aug 27 21:21:07.966959 SpringBoard(FrontBoard)[47602] <Debug>: [FBSceneManager] EXECUTING: <BSEventQueueEvent: 0x281c21ca0; handleDidUpdateClientSettings-sceneID:dev.selfhost.firstActivationProbe-default(2)>
Aug 27 21:21:07.967732 SpringBoard(FrontBoard)[47602] <Debug>: [FBSceneManager] PENDING:   <BSEventQueueEvent: 0x281c231a0; didUpdateClientSettings-sceneID:dev.selfhost.firstActivationProbe-default(2)> @ back
Aug 27 21:21:07.967887 SpringBoard(FrontBoard)[47602] <Debug>: [FBSceneManager] PENDING:   <BSEventQueueEvent: 0x281db2d40; didUpdateClientSettingsCompletion-sceneID:dev.selfhost.firstActivationProbe-default(2)> @ back
Aug 27 21:21:07.968642 SpringBoard(FrontBoard)[47602] <Debug>: [FBSceneManager] EXECUTING: <BSEventQueueEvent: 0x281c231a0; didUpdateClientSettings-sceneID:dev.selfhost.firstActivationProbe-default(2)>
Aug 27 21:21:07.969475 SpringBoard(FrontBoard)[47602] <Debug>: [FBSceneManager] PENDING:   <BSEventQueueEvent: 0x281c20480; didUpdateClientSettings-sceneID:dev.selfhost.firstActivationProbe-default(2)> @ front
Aug 27 21:21:07.969745 SpringBoard(FrontBoard)[47602] <Debug>: [FBSceneManager] EXECUTING: <BSEventQueueEvent: 0x281c20480; didUpdateClientSettings-sceneID:dev.selfhost.firstActivationProbe-default(2)>
Aug 27 21:21:07.973477 SpringBoard(FrontBoard)[47602] <Debug>: [FBSceneManager] EXECUTING: <BSEventQueueEvent: 0x281db2d40; didUpdateClientSettingsCompletion-sceneID:dev.selfhost.firstActivationProbe-default(2)>
Aug 27 21:21:07.974781 SpringBoard(FrontBoard)[47602] <Info>: [sceneID:dev.selfhost.firstActivationProbe-default] didUpdateClientSettingsWithDiff: <private>
Aug 27 21:21:07.975098 SpringBoard(FrontBoard)[47602] <Debug>: [FBSceneManager] PENDING:   <BSEventQueueEvent: 0x281db2700; handleDidUpdateClientSettings-sceneID:dev.selfhost.firstActivationProbe-default(2)> @ back
Aug 27 21:21:07.975397 SpringBoard(FrontBoard)[47602] <Debug>: [FBSceneManager] EXECUTING: <BSEventQueueEvent: 0x281db2700; handleDidUpdateClientSettings-sceneID:dev.selfhost.firstActivationProbe-default(2)>
Aug 27 21:21:07.975858 SpringBoard(FrontBoard)[47602] <Debug>: [FBSceneManager] PENDING:   <BSEventQueueEvent: 0x281c22dc0; didUpdateClientSettings-sceneID:dev.selfhost.firstActivationProbe-default(2)> @ back
Aug 27 21:21:07.976059 SpringBoard(FrontBoard)[47602] <Debug>: [FBSceneManager] PENDING:   <BSEventQueueEvent: 0x281c20c80; didUpdateClientSettingsCompletion-sceneID:dev.selfhost.firstActivationProbe-default(2)> @ back
Aug 27 21:21:07.977153 SpringBoard(FrontBoard)[47602] <Debug>: [FBSceneManager] EXECUTING: <BSEventQueueEvent: 0x281c22dc0; didUpdateClientSettings-sceneID:dev.selfhost.firstActivationProbe-default(2)>
Aug 27 21:21:07.977300 SpringBoard(FrontBoard)[47602] <Debug>: [FBSceneManager] PENDING:   <BSEventQueueEvent: 0x281c23100; didUpdateClientSettings-sceneID:dev.selfhost.firstActivationProbe-default(2)> @ front
Aug 27 21:21:07.977417 SpringBoard(FrontBoard)[47602] <Debug>: [FBSceneManager] EXECUTING: <BSEventQueueEvent: 0x281c23100; didUpdateClientSettings-sceneID:dev.selfhost.firstActivationProbe-default(2)>
Aug 27 21:21:07.977932 SpringBoard(FrontBoard)[47602] <Debug>: [FBSceneManager] EXECUTING: <BSEventQueueEvent: 0x281c20c80; didUpdateClientSettingsCompletion-sceneID:dev.selfhost.firstActivationProbe-default(2)>
Aug 27 21:21:07.978590 kernel(Sandbox)[0] <Error>: Sandbox: Runner(50572) deny(2) file-test-existence /private/etc/.mdns_debug
Aug 27 21:21:07.978713 runningboardd(RunningBoard)[33] <Debug>: Decrementing suppression state to 1 for application<dev.selfhost.firstActivationProbe>
Aug 27 21:21:07.978845 kernel(Sandbox)[0] <Error>: Sandbox: Runner(50572) deny(1) sysctl-read kern.iossupportversion
Aug 27 21:21:07.979006 runningboardd(RunningBoard)[33] <Debug>: Adding assertion 33-50572-7511 (target:[application<dev.selfhost.firstActivationProbe>:50572])
Aug 27 21:21:07.979507 runningboardd(RunningBoard)[33] <Debug>: Updating events for assertion: 33-47602-7510 (target:[application<dev.selfhost.firstActivationProbe>:50572])
Aug 27 21:21:07.979656 runningboardd(RunningBoard)[33] <Info>: application<dev.selfhost.firstActivationProbe> is now targeted by 4 assertions
Aug 27 21:21:07.979848 runningboardd(RunningBoard)[33] <Debug>: Removing events for context: 33-47602-7510 (target:[application<dev.selfhost.firstActivationProbe>:50572])
Aug 27 21:21:07.980040 Runner(CoreFoundation)[50572] <Debug>: Resource lookup at <private>
Aug 27 21:21:07.980245 Runner(CoreFoundation)[50572] <Debug>: found no value for key UIViewLayoutFeedbackLoopDebuggingThreshold in CFPrefsSearchListSource<0x282c89c80> (Domain: dev.selfhost.firstActivationProbe, Container: (null))
Aug 27 21:21:07.980379 Runner(CoreFoundation)[50572] <Debug>: found no value for key UIViewUseStaleDelegateContentInsets in CFPrefsSearchListSource<0x282c89c80> (Domain: dev.selfhost.firstActivationProbe, Container: (null))
Aug 27 21:21:07.980576 Runner(CoreFoundation)[50572] <Debug>: found no value for key _UIConstraintBasedLayoutEngageNonLazily in CFPrefsSearchListSource<0x282c89c80> (Domain: dev.selfhost.firstActivationProbe, Container: (null))
Aug 27 21:21:07.980732 Runner(CoreFoundation)[50572] <Debug>: Resource lookup at <private>
Aug 27 21:21:07.980892 Runner(CoreFoundation)[50572] <Debug>: Resource lookup at <private>
Aug 27 21:21:07.981046 Runner(CoreFoundation)[50572] <Debug>: setting new value <private> for key <private> in CFPrefsSource<0x28178cdc0> (Domain: Volatile, User: , ByHost: No, Container: , Contents Need Refresh: No)
Aug 27 21:21:07.981195 Runner(CoreFoundation)[50572] <Debug>: looked up value <private> for key METAL_ERROR_MODE in CFPrefsSource<0x28178cdc0> (Domain: Volatile, User: , ByHost: No, Container: , Contents Need Refresh: No) via CFPrefsSearchListSource<0x282c89c80> (Domain: dev.selfhost.firstActivationProbe, Container: (null))
Aug 27 21:21:07.981338 Runner(CoreFoundation)[50572] <Debug>: setting new value <private> for key <private> in CFPrefsSource<0x28178cdc0> (Domain: Volatile, User: , ByHost: No, Container: , Contents Need Refresh: No)
Aug 27 21:21:07.981591 Runner(CoreFoundation)[50572] <Debug>: looked up value <private> for key METAL_DEBUG_ERROR_MODE in CFPrefsSource<0x28178cdc0> (Domain: Volatile, User: , ByHost: No, Container: , Contents Need Refresh: No) via CFPrefsSearchListSource<0x282c89c80> (Domain: dev.selfhost.firstActivationProbe, Container: (null))
Aug 27 21:21:07.981670 kernel(Sandbox)[0] <Error>: Sandbox: Runner(50572) deny(1) sysctl-read machdep.cpu.brand_string
Aug 27 21:21:07.981881 Runner(CoreFoundation)[50572] <Debug>: setting new value <private> for key <private> in CFPrefsSource<0x28178cdc0> (Domain: Volatile, User: , ByHost: No, Container: , Contents Need Refresh: No)
Aug 27 21:21:07.984119 Runner(CoreFoundation)[50572] <Debug>: looked up value <private> for key METAL_WARNING_MODE in CFPrefsSource<0x28178cdc0> (Domain: Volatile, User: , ByHost: No, Container: , Contents Need Refresh: No) via CFPrefsSearchListSource<0x282c89c80> (Domain: dev.selfhost.firstActivationProbe, Container: (null))
Aug 27 21:21:07.984379 Runner(CoreFoundation)[50572] <Debug>: setting new value <private> for key <private> in CFPrefsSource<0x28178cdc0> (Domain: Volatile, User: , ByHost: No, Container: , Contents Need Refresh: No)
Aug 27 21:21:07.984604 Runner(CoreFoundation)[50572] <Debug>: looked up value <private> for key METAL_ERROR_CHECK_EXTENDED_MODE in CFPrefsSource<0x28178cdc0> (Domain: Volatile, User: , ByHost: No, Container: , Contents Need Refresh: No) via CFPrefsSearchListSource<0x282c89c80> (Domain: dev.selfhost.firstActivationProbe, Container: (null))
Aug 27 21:21:07.984841 Runner(CoreFoundation)[50572] <Debug>: found no value for key dataBufferCachingOverride in CFPrefsSearchListSource<0x282c81900> (Domain: com.apple.Metal, Container: (null))
Aug 27 21:21:07.985014 Runner(CoreFoundation)[50572] <Debug>: found no value for key disableBlitEncoderCoalescing in CFPrefsPlistSource<0x282c81800> (Domain: com.apple.Metal, User: kCFPreferencesCurrentUser, ByHost: No, Container: (null), Contents Need Refresh: No)
Aug 27 21:21:07.985158 Runner(CoreFoundation)[50572] <Debug>: found no value for key disableEncoderCoalescing in CFPrefsPlistSource<0x282c81800> (Domain: com.apple.Metal, User: kCFPreferencesCurrentUser, ByHost: No, Container: (null), Contents Need Refresh: No)
Aug 27 21:21:07.985423 Runner(CoreFoundation)[50572] <Debug>: Resource lookup at <private>
Aug 27 21:21:07.986212 Runner(CoreFoundation)[50572] <Debug>: Resource lookup at <private>
Aug 27 21:21:07.986793 Runner(CoreFoundation)[50572] <Debug>: looked up value <private> for key AppleLanguages in CFPrefsPlistSource<0x282c88980> (Domain: kCFPreferencesAnyApplication, User: kCFPreferencesCurrentUser, ByHost: No, Container: (null), Contents Need Refresh: No) via CFPrefsSearchListSource<0x282c89c80> (Domain: dev.selfhost.firstActivationProbe, Container: (null))
Aug 27 21:21:07.987199 Runner(CoreFoundation)[50572] <Debug>: Resource lookup at <private>
Aug 27 21:21:07.987697 Runner(CoreFoundation)[50572] <Debug>: Resource lookup at <private>
Aug 27 21:21:07.988020 Runner(CoreFoundation)[50572] <Debug>: Resource lookup at <private>
Aug 27 21:21:07.988325 Runner(CoreFoundation)[50572] <Debug>: Resource lookup at <private>
Aug 27 21:21:07.988579 Runner(CoreFoundation)[50572] <Debug>: Resource lookup at <private>
Aug 27 21:21:07.989231 Runner(CoreFoundation)[50572] <Debug>: Resource lookup at <private>
Aug 27 21:21:07.989456 runningboardd(RunningBoard)[33] <Debug>: Incrementing suppression state to 2 for application<dev.selfhost.firstActivationProbe>
Aug 27 21:21:07.989606 runningboardd(RunningBoard)[33] <Info>: Finished acquiring assertion 33-50572-7511 (target:[application<dev.selfhost.firstActivationProbe>:50572])
Aug 27 21:21:07.989732 runningboardd(RunningBoard)[33] <Debug>: Decrementing suppression state to 1 for application<dev.selfhost.firstActivationProbe>
Aug 27 21:21:07.989847 runningboardd(RunningBoard)[33] <Debug>: Updating events for assertion: 33-50572-7511 (target:[application<dev.selfhost.firstActivationProbe>:50572])
Aug 27 21:21:07.989964 runningboardd(RunningBoard)[33] <Debug>: Removing events for context: 33-50572-7511 (target:[application<dev.selfhost.firstActivationProbe>:50572])
Aug 27 21:21:07.990085 Runner(CoreFoundation)[50572] <Debug>: Resource lookup at <private>
	Result        : file:///private/var/containers/Bundle/Application/1EC21BA9-82AA-4B85-B2FC-10B206BC5C35/Runner.app/Base.lproj/LaunchScreen.storyboardc/
Aug 27 21:21:07.990212 Runner(CoreFoundation)[50572] <Debug>: Resource lookup at <private>
	Result        : file:///private/var/containers/Bundle/Application/1EC21BA9-82AA-4B85-B2FC-10B206BC5C35/Runner.app/Base.lproj/LaunchScreen.storyboardc/
Aug 27 21:21:07.990336 Runner(CoreFoundation)[50572] <Debug>: Resource lookup at <private>
	Result        : file:///private/var/containers/Bundle/Application/1EC21BA9-82AA-4B85-B2FC-10B206BC5C35/Runner.app/Base.lproj/LaunchScreen.storyboardc/UIViewController-01J-lp-oVM.nib
Aug 27 21:21:07.990459 Runner(CoreFoundation)[50572] <Debug>: Resource lookup at <private>
	Result        : file:///private/var/containers/Bundle/Application/1EC21BA9-82AA-4B85-B2FC-10B206BC5C35/Runner.app/Base.lproj/LaunchScreen.storyboardc/01J-lp-oVM-view-Ze5-6b-2t3.nib
Aug 27 21:21:07.990581 Runner(CoreFoundation)[50572] <Debug>: Resource lookup at <private>
	Result        : file:///private/var/containers/Bundle/Application/1EC21BA9-82AA-4B85-B2FC-10B206BC5C35/Runner.app/Base.lproj/LaunchScreen.storyboardc/
Aug 27 21:21:07.990702 Runner(CoreFoundation)[50572] <Debug>: Resource lookup at <private>
	Result        : file:///private/var/containers/Bundle/Application/1EC21BA9-82AA-4B85-B2FC-10B206BC5C35/Runner.app/Base.lproj/LaunchScreen.storyboardc/01J-lp-oVM-view-Ze5-6b-2t3.nib
Aug 27 21:21:07.990918 Runner(CoreFoundation)[50572] <Debug>: found no value for key _UIConstraintBasedLayout in CFPrefsSearchListSource<0x282c89c80> (Domain: dev.selfhost.firstActivationProbe, Container: (null))
Aug 27 21:21:07.991038 Runner(CoreFoundation)[50572] <Debug>: Resource lookup at <private>
	Result        : file:///private/var/containers/Bundle/Application/1EC21BA9-82AA-4B85-B2FC-10B206BC5C35/Runner.app/Assets.car
Aug 27 21:21:07.991280 runningboardd(RunningBoard)[33] <Debug>: Decrementing suppression state to 0 for application<dev.selfhost.firstActivationProbe>
Aug 27 21:21:07.991481 runningboardd(RunningBoard)[33] <Debug>: [daemon<com.apple.CommCenter>:90] query resolved to [application<dev.selfhost.firstActivationProbe>:50572]
Aug 27 21:21:07.992638 Runner(CoreFoundation)[50572] <Debug>: found no value for key CUIShowDebugLogs in CFPrefsSearchListSource<0x282c89c80> (Domain: dev.selfhost.firstActivationProbe, Container: (null))
Aug 27 21:21:07.992812 Runner(CoreFoundation)[50572] <Debug>: found no value for key CGAllowDebuggingDefaults in CFPrefsPlistSource<0x282c88980> (Domain: kCFPreferencesAnyApplication, User: kCFPreferencesCurrentUser, ByHost: No, Container: (null), Contents Need Refresh: No)
Aug 27 21:21:07.993067 Runner(CoreFoundation)[50572] <Debug>: found no value for key NSConstraintBasedLayoutTrackAllocation in CFPrefsSearchListSource<0x282c89c80> (Domain: dev.selfhost.firstActivationProbe, Container: (null))
Aug 27 21:21:07.993405 Runner(CoreFoundation)[50572] <Debug>: found no value for key UIViewShowAlignmentRects in CFPrefsSearchListSource<0x282c89c80> (Domain: dev.selfhost.firstActivationProbe, Container: (null))
Aug 27 21:21:07.993603 Runner(CoreFoundation)[50572] <Debug>: found no value for key NSConstraintBasedLayoutAriadneTracepoints in CFPrefsSearchListSource<0x282c89c80> (Domain: dev.selfhost.firstActivationProbe, Container: (null))
Aug 27 21:21:07.994649 Runner(CoreFoundation)[50572] <Debug>: Resource lookup at <private>
Aug 27 21:21:07.996815 Runner(CoreFoundation)[50572] <Debug>: found no value for key ReduceMotionEnabled in CFPrefsSearchListSource<0x282c8ba00> (Domain: com.apple.Accessibility, Container: (null))
Aug 27 21:21:07.997114 Runner(libAccessibility.dylib)[50572] <Debug>: CF Read: domain = com.apple.Accessibility, preference = ReduceMotionEnabled, appID = (null) result = (null) (-1 - empty, 0 - false, 1 - true)
Aug 27 21:21:07.997376 Runner(CoreFoundation)[50572] <Debug>: found no value for key ReduceMotionEnabled in CFPrefsPlistSource<0x282c8ba80> (Domain: com.apple.Accessibility, User: kCFPreferencesCurrentUser, ByHost: No, Container: (null), Contents Need Refresh: No)
Aug 27 21:21:07.997684 Runner(CoreFoundation)[50572] <Debug>: Resource lookup at <private>
Aug 27 21:21:07.997892 Runner(CoreFoundation)[50572] <Debug>: Resource lookup at <private>
Aug 27 21:21:07.998393 SpringBoard(FrontBoard)[47602] <Info>: [sceneID:dev.selfhost.firstActivationProbe-default] Client settings updated with diff: <private>
Aug 27 21:21:07.998561 SpringBoard(FrontBoard)[47602] <Info>: [sceneID:dev.selfhost.firstActivationProbe-default] didUpdateClientSettingsWithDiff: <private>
Aug 27 21:21:07.998754 SpringBoard(FrontBoard)[47602] <Debug>: [FBSceneManager] PENDING:   <BSEventQueueEvent: 0x281c22960; handleDidUpdateClientSettings-sceneID:dev.selfhost.firstActivationProbe-default(2)> @ back
Aug 27 21:21:07.998935 SpringBoard(FrontBoard)[47602] <Debug>: [FBSceneManager] EXECUTING: <BSEventQueueEvent: 0x281c22960; handleDidUpdateClientSettings-sceneID:dev.selfhost.firstActivationProbe-default(2)>
Aug 27 21:21:07.999292 SpringBoard(FrontBoard)[47602] <Debug>: [FBSceneManager] PENDING:   <BSEventQueueEvent: 0x281d8ce40; didUpdateClientSettings-sceneID:dev.selfhost.firstActivationProbe-default(2)> @ back
Aug 27 21:21:07.999410 SpringBoard(FrontBoard)[47602] <Debug>: [FBSceneManager] PENDING:   <BSEventQueueEvent: 0x281d8f640; didUpdateClientSettingsCompletion-sceneID:dev.selfhost.firstActivationProbe-default(2)> @ back
Aug 27 21:21:08.002937 SpringBoard(FrontBoard)[47602] <Debug>: [FBSceneManager] EXECUTING: <BSEventQueueEvent: 0x281d8ce40; didUpdateClientSettings-sceneID:dev.selfhost.firstActivationProbe-default(2)>
Aug 27 21:21:08.003384 SpringBoard(FrontBoard)[47602] <Debug>: [FBSceneManager] PENDING:   <BSEventQueueEvent: 0x281c21cc0; didUpdateClientSettings-sceneID:dev.selfhost.firstActivationProbe-default(2)> @ front
Aug 27 21:21:08.003542 SpringBoard(FrontBoard)[47602] <Debug>: [FBSceneManager] EXECUTING: <BSEventQueueEvent: 0x281c21cc0; didUpdateClientSettings-sceneID:dev.selfhost.firstActivationProbe-default(2)>
Aug 27 21:21:08.004417 SpringBoard(FrontBoard)[47602] <Debug>: [FBSceneManager] EXECUTING: <BSEventQueueEvent: 0x281d8f640; didUpdateClientSettingsCompletion-sceneID:dev.selfhost.firstActivationProbe-default(2)>
Aug 27 21:21:08.005787 SpringBoard(FrontBoard)[47602] <Info>: [sceneID:dev.selfhost.firstActivationProbe-default] Client settings updated with diff: <private>
Aug 27 21:21:08.006056 SpringBoard(FrontBoard)[47602] <Info>: [sceneID:dev.selfhost.firstActivationProbe-default] didUpdateClientSettingsWithDiff: <private>
Aug 27 21:21:08.006391 SpringBoard(FrontBoard)[47602] <Debug>: [FBSceneManager] PENDING:   <BSEventQueueEvent: 0x281c20ba0; handleDidUpdateClientSettings-sceneID:dev.selfhost.firstActivationProbe-default(2)> @ back
Aug 27 21:21:08.006897 SpringBoard(FrontBoard)[47602] <Debug>: [FBSceneManager] EXECUTING: <BSEventQueueEvent: 0x281c20ba0; handleDidUpdateClientSettings-sceneID:dev.selfhost.firstActivationProbe-default(2)>
Aug 27 21:21:08.007655 SpringBoard(FrontBoard)[47602] <Debug>: [FBSceneManager] PENDING:   <BSEventQueueEvent: 0x281c21de0; didUpdateClientSettings-sceneID:dev.selfhost.firstActivationProbe-default(2)> @ back
Aug 27 21:21:08.007806 SpringBoard(FrontBoard)[47602] <Debug>: [FBSceneManager] PENDING:   <BSEventQueueEvent: 0x281d87e20; didUpdateClientSettingsCompletion-sceneID:dev.selfhost.firstActivationProbe-default(2)> @ back
Aug 27 21:21:08.008485 SpringBoard(FrontBoard)[47602] <Debug>: [FBSceneManager] EXECUTING: <BSEventQueueEvent: 0x281c21de0; didUpdateClientSettings-sceneID:dev.selfhost.firstActivationProbe-default(2)>
Aug 27 21:21:08.008640 SpringBoard(FrontBoard)[47602] <Debug>: [FBSceneManager] PENDING:   <BSEventQueueEvent: 0x281d874c0; didUpdateClientSettings-sceneID:dev.selfhost.firstActivationProbe-default(2)> @ front
Aug 27 21:21:08.008799 SpringBoard(FrontBoard)[47602] <Debug>: [FBSceneManager] EXECUTING: <BSEventQueueEvent: 0x281d874c0; didUpdateClientSettings-sceneID:dev.selfhost.firstActivationProbe-default(2)>
Aug 27 21:21:08.009287 SpringBoard(FrontBoard)[47602] <Debug>: [FBSceneManager] EXECUTING: <BSEventQueueEvent: 0x281d87e20; didUpdateClientSettingsCompletion-sceneID:dev.selfhost.firstActivationProbe-default(2)>
Aug 27 21:21:08.009652 Runner(CoreFoundation)[50572] <Debug>: Resource lookup at <private>
Aug 27 21:21:08.010458 Runner(CoreFoundation)[50572] <Debug>: Resource lookup at <private>
Aug 27 21:21:08.010675 Runner(CoreFoundation)[50572] <Debug>: found no value for key UIScrollViewForceConvertSafeAreaToContentInsetPreference in CFPrefsSearchListSource<0x282c89c80> (Domain: dev.selfhost.firstActivationProbe, Container: (null))
Aug 27 21:21:08.010846 Runner(CoreFoundation)[50572] <Debug>: found no value for key UIBarsApplyChromelessEverywhere in CFPrefsSearchListSource<0x282c89c80> (Domain: dev.selfhost.firstActivationProbe, Container: (null))
Aug 27 21:21:08.011003 Runner(CoreFoundation)[50572] <Debug>: looked up value <private> for key AppleLanguages in CFPrefsPlistSource<0x282c88980> (Domain: kCFPreferencesAnyApplication, User: kCFPreferencesCurrentUser, ByHost: No, Container: (null), Contents Need Refresh: No) via CFPrefsSearchListSource<0x282c89c80> (Domain: dev.selfhost.firstActivationProbe, Container: (null))
Aug 27 21:21:08.011140 Runner(Flutter)[50572] <Notice>: [ERROR:flutter/shell/common/shorebird/shorebird.cc(210)] ROUTEB: hook entered
Aug 27 21:21:08.011274 Runner(Flutter)[50572] <Notice>: [ERROR:flutter/shell/common/shorebird/shorebird.cc(210)] ROUTEB: parsed, targets=1, built-for=1db897c72e9c358db599a2d62fbb2a68
Aug 27 21:21:08.011409 Runner(Flutter)[50572] <Notice>: [ERROR:flutter/shell/common/shorebird/shorebird.cc(210)] ROUTEB: running=1db897c72e9c358db599a2d62fbb2a68
Aug 27 21:21:08.011589 Runner(Flutter)[50572] <Notice>: [shorebird] Sending patch check request: PatchCheckRequest { app_id: "235a9d93-ef97-6372-d78a-ce88f798a726", channel: "stable", release_version: "1.3.0+1", platform: "ios", arch: "aarch64", client_id: "eb65ad4b-0c7a-4c80-8d71-7e98c91af47a", current_patch_number: Some(3) }
Aug 27 21:21:08.011844 Runner(Flutter)[50572] <Notice>: [ERROR:flutter/shell/common/shorebird/shorebird.cc(210)] ROUTEB: assert-pool-offset supplied=0xd4a8
Aug 27 21:21:08.012043 Runner(Flutter)[50572] <Notice>: ROUTEB: activated activationState in package:first_activation_probe/main.dart before main
Aug 27 21:21:08.012180 Runner(Flutter)[50572] <Notice>: [ERROR:flutter/shell/common/shorebird/shorebird.cc(210)] ROUTEB: applied 1/1 targets, entering main
Aug 27 21:21:08.012412 Runner(CoreFoundation)[50572] <Debug>: found no value for key UseSingleSystemColor in CFPrefsSearchListSource<0x282c8ba00> (Domain: com.apple.Accessibility, Container: (null))
Aug 27 21:21:08.013186 SpringBoard(SpringBoardServices)[47602] <Debug>: [SBMig] Runner:50572 calling _SBXXDeactivateReachability (msgID 100052) --> implemented by SpringBoard.
Aug 27 21:21:08.014434 Runner(libAccessibility.dylib)[50572] <Debug>: CF Read: domain = com.apple.Accessibility, preference = UseSingleSystemColor, appID = (null) result = (null) (-1 - empty, 0 - false, 1 - true)
Aug 27 21:21:08.014695 Runner(CoreFoundation)[50572] <Debug>: found no value for key UseSingleSystemColor in CFPrefsPlistSource<0x282c8ba80> (Domain: com.apple.Accessibility, User: kCFPreferencesCurrentUser, ByHost: No, Container: (null), Contents Need Refresh: No)
Aug 27 21:21:08.014880 Runner(CoreFoundation)[50572] <Debug>: found no value for key UIViewLocalizeOverrideLayoutEngine in CFPrefsSearchListSource<0x282c89c80> (Domain: dev.selfhost.firstActivationProbe, Container: (null))
Aug 27 21:21:08.015034 Runner(CoreFoundation)[50572] <Debug>: found no value for key NSPreTigerAttributedStringHash in CFPrefsSearchListSource<0x282c89c80> (Domain: dev.selfhost.firstActivationProbe, Container: (null))
Aug 27 21:21:08.015311 Runner(CoreFoundation)[50572] <Debug>: looked up value <private> for key AppleLanguages in CFPrefsPlistSource<0x282c88980> (Domain: kCFPreferencesAnyApplication, User: kCFPreferencesCurrentUser, ByHost: No, Container: (null), Contents Need Refresh: No) via CFPrefsSearchListSource<0x282c89c80> (Domain: dev.selfhost.firstActivationProbe, Container: (null))
Aug 27 21:21:08.015452 Runner(CoreFoundation)[50572] <Debug>: looked up value <private> for key AppleLanguages in CFPrefsPlistSource<0x282c88980> (Domain: kCFPreferencesAnyApplication, User: kCFPreferencesCurrentUser, ByHost: No, Container: (null), Contents Need Refresh: No) via CFPrefsSearchListSource<0x282c89c80> (Domain: dev.selfhost.firstActivationProbe, Container: (null))
Aug 27 21:21:08.015585 Runner(CoreFoundation)[50572] <Debug>: Resource lookup at <private>
Aug 27 21:21:08.015815 Runner(CoreFoundation)[50572] <Debug>: found no value for key NSConstraintBasedLayoutDebug in CFPrefsSearchListSource<0x282c89c80> (Domain: dev.selfhost.firstActivationProbe, Container: (null))
Aug 27 21:21:08.015956 Runner(CoreFoundation)[50572] <Debug>: found no value for key NSConstraintBasedLayoutAllowUnoptimizedReads in CFPrefsSearchListSource<0x282c89c80> (Domain: dev.selfhost.firstActivationProbe, Container: (null))
Aug 27 21:21:08.017097 Runner(CoreFoundation)[50572] <Debug>: found no value for key NSConstraintBasedLayoutDebugEngineConsistency in CFPrefsSearchListSource<0x282c89c80> (Domain: dev.selfhost.firstActivationProbe, Container: (null))
Aug 27 21:21:08.017336 Runner(CoreFoundation)[50572] <Debug>: found no value for key NSConstraintBasedLayoutVariableChangeTransactions in CFPrefsSearchListSource<0x282c89c80> (Domain: dev.selfhost.firstActivationProbe, Container: (null))
Aug 27 21:21:08.017583 Runner(CoreFoundation)[50572] <Debug>: found no value for key NSConstraintBasedLayoutDeferOptimization in CFPrefsSearchListSource<0x282c89c80> (Domain: dev.selfhost.firstActivationProbe, Container: (null))
Aug 27 21:21:08.017774 Runner(CoreFoundation)[50572] <Debug>: found no value for key UIViewControllerDetachedInheritsContentOverlayInsetsFromSuperview in CFPrefsSearchListSource<0x282c89c80> (Domain: dev.selfhost.firstActivationProbe, Container: (null))
Aug 27 21:21:08.017940 Runner(CoreFoundation)[50572] <Debug>: found no value for key ModernContentOverlayInsetsPropagation in CFPrefsSearchListSource<0x282c89c80> (Domain: dev.selfhost.firstActivationProbe, Container: (null))
Aug 27 21:21:08.018294 Runner(CoreFoundation)[50572] <Debug>: found no value for key LogStatusBar in CFPrefsSearchListSource<0x282c88380> (Domain: com.apple.UIKit, Container: (null))
Aug 27 21:21:08.018454 SpringBoard(FrontBoard)[47602] <Info>: [sceneID:dev.selfhost.firstActivationProbe-default] Client settings updated with diff: <private>
Aug 27 21:21:08.018682 SpringBoard(FrontBoard)[47602] <Info>: [sceneID:dev.selfhost.firstActivationProbe-default] didUpdateClientSettingsWithDiff: <private>
Aug 27 21:21:08.018883 SpringBoard(FrontBoard)[47602] <Debug>: [FBSceneManager] PENDING:   <BSEventQueueEvent: 0x281c372c0; handleDidUpdateClientSettings-sceneID:dev.selfhost.firstActivationProbe-default(2)> @ back
Aug 27 21:21:08.020858 SpringBoard(FrontBoard)[47602] <Debug>: [FBSceneManager] EXECUTING: <BSEventQueueEvent: 0x281c372c0; handleDidUpdateClientSettings-sceneID:dev.selfhost.firstActivationProbe-default(2)>
Aug 27 21:21:08.021153 SpringBoard(FrontBoard)[47602] <Info>: [sceneID:dev.selfhost.firstActivationProbe-default] Client settings updated with diff: <private>
Aug 27 21:21:08.021608 SpringBoard(FrontBoard)[47602] <Info>: [sceneID:dev.selfhost.firstActivationProbe-default] Client settings updated with diff: <private>
Aug 27 21:21:08.022145 SpringBoard(FrontBoard)[47602] <Info>: [sceneID:dev.selfhost.firstActivationProbe-default] Client settings updated with diff: <private>
Aug 27 21:21:08.022311 SpringBoard(FrontBoard)[47602] <Debug>: [FBSceneManager] PENDING:   <BSEventQueueEvent: 0x281c37280; didUpdateClientSettings-sceneID:dev.selfhost.firstActivationProbe-default(2)> @ back
Aug 27 21:21:08.022433 SpringBoard(FrontBoard)[47602] <Debug>: [FBSceneManager] PENDING:   <BSEventQueueEvent: 0x281c35180; didUpdateClientSettingsCompletion-sceneID:dev.selfhost.firstActivationProbe-default(2)> @ back
Aug 27 21:21:08.023803 SpringBoard(FrontBoard)[47602] <Debug>: [FBSceneManager] EXECUTING: <BSEventQueueEvent: 0x281c37280; didUpdateClientSettings-sceneID:dev.selfhost.firstActivationProbe-default(2)>
Aug 27 21:21:08.024070 SpringBoard(FrontBoard)[47602] <Debug>: [FBSceneManager] PENDING:   <BSEventQueueEvent: 0x281c374c0; didUpdateClientSettings-sceneID:dev.selfhost.firstActivationProbe-default(2)> @ front
Aug 27 21:21:08.024691 backboardd(BackBoardHIDEventFoundation)[65] <Notice>: new deferring rules for pid:50572: [<environment: keyboardFocus; display: builtin; token: com.apple.frontboard.systemappservices::sceneID%3Adev.selfhost.firstActivationProbe-default> -> <pid: 50572; token: 0x2A8A231E> reason: "1-deferDiscrete: UIWindowScene: 0x100a0b2c0: Begin event deferring in keyboardFocus for window: 0x101f1ecf0"]
Aug 27 21:21:08.033301 SpringBoard(FrontBoard)[47602] <Debug>: [FBSceneManager] EXECUTING: <BSEventQueueEvent: 0x281c374c0; didUpdateClientSettings-sceneID:dev.selfhost.firstActivationProbe-default(2)>
Aug 27 21:21:08.034825 Runner(UIKitCore)[50572] <Notice>: Key window API is scene-level: YES
Aug 27 21:21:08.035060 Runner(UIKitCore)[50572] <Notice>: UIWindowScene: 0x100a0b2c0: Window became key in scene: UIWindow: 0x101f1ecf0; contextId: 0x2A8A231E: reason: UIWindowScene: 0x100a0b2c0: Window requested to become key in scene: 0x101f1ecf0
Aug 27 21:21:08.042170 Runner(UIKitCore)[50572] <Notice>: Key window needs update: 1; currentKeyWindowScene: 0x0; evaluatedKeyWindowScene: 0x100a0b2c0; currentApplicationKeyWindow: 0x0; evaluatedApplicationKeyWindow: 0x101f1ecf0; reason: UIWindowScene: 0x100a0b2c0: Window requested to become key in scene: 0x101f1ecf0
Aug 27 21:21:08.044878 Runner(UIKitCore)[50572] <Notice>: Window did become application key: UIWindow: 0x101f1ecf0; contextId: 0x2A8A231E; scene identity: com.apple.frontboard.systemappservices::sceneID%3Adev.selfhost.firstActivationProbe-default
Aug 27 21:21:08.045769 SpringBoard(FrontBoard)[47602] <Debug>: [FBSceneManager] EXECUTING: <BSEventQueueEvent: 0x281c35180; didUpdateClientSettingsCompletion-sceneID:dev.selfhost.firstActivationProbe-default(2)>
Aug 27 21:21:08.046960 Runner(UIKitCore)[50572] <Notice>: [0x282989ff0] Begin local event deferring requested for token: 0x282195770; environments: 1; reason: UIWindowScene: 0x100a0b2c0: Begin event deferring in keyboardFocus for window: 0x101f1ecf0
Aug 27 21:21:08.047653 Runner(CoreFoundation)[50572] <Debug>: found no value for key LogKeyboardFocus in CFPrefsSearchListSource<0x282c88380> (Domain: com.apple.UIKit, Container: (null))
Aug 27 21:21:08.050849 Runner(CoreFoundation)[50572] <Debug>: Resource lookup at <private>
Aug 27 21:21:08.051512 Runner(CoreFoundation)[50572] <Debug>: Resource lookup at <private>
Aug 27 21:21:08.057544 SpringBoard(FrontBoard)[47602] <Info>: [sceneID:dev.selfhost.firstActivationProbe-default] didUpdateClientSettingsWithDiff: (null)
Aug 27 21:21:08.057807 SpringBoard(FrontBoard)[47602] <Debug>: [FBSceneManager] PENDING:   <BSEventQueueEvent: 0x281de1d60; handleDidUpdateClientSettings-sceneID:dev.selfhost.firstActivationProbe-default(2)> @ back
Aug 27 21:21:08.058014 SpringBoard(FrontBoard)[47602] <Debug>: [FBSceneManager] EXECUTING: <BSEventQueueEvent: 0x281de1d60; handleDidUpdateClientSettings-sceneID:dev.selfhost.firstActivationProbe-default(2)>
Aug 27 21:21:08.059190 Runner(CoreFoundation)[50572] <Debug>: Resource lookup at <private>
Aug 27 21:21:08.059329 Runner(CoreFoundation)[50572] <Debug>: found no value for key NSConstraintBasedLayoutLogPivotCounts in CFPrefsSearchListSource<0x282c89c80> (Domain: dev.selfhost.firstActivationProbe, Container: (null))
Aug 27 21:21:08.060254 Runner(CoreFoundation)[50572] <Debug>: Resource lookup at <private>
Aug 27 21:21:08.060758 SpringBoard(FrontBoard)[47602] <Debug>: [FBSceneManager] PENDING:   <BSEventQueueEvent: 0x281de2080; didUpdateClientSettings-sceneID:dev.selfhost.firstActivationProbe-default(2)> @ back
Aug 27 21:21:08.061306 Runner(CoreFoundation)[50572] <Debug>: found no value for key NSConstraintBasedLayoutTrackDirtyObservables in CFPrefsSearchListSource<0x282c89c80> (Domain: dev.selfhost.firstActivationProbe, Container: (null))
Aug 27 21:21:08.061780 SpringBoard(FrontBoard)[47602] <Debug>: [FBSceneManager] PENDING:   <BSEventQueueEvent: 0x281c055a0; didUpdateClientSettingsCompletion-sceneID:dev.selfhost.firstActivationProbe-default(2)> @ back
Aug 27 21:21:08.063879 SpringBoard(FrontBoard)[47602] <Debug>: [FBSceneManager] EXECUTING: <BSEventQueueEvent: 0x281de2080; didUpdateClientSettings-sceneID:dev.selfhost.firstActivationProbe-default(2)>
Aug 27 21:21:08.064455 SpringBoard(FrontBoard)[47602] <Debug>: [FBSceneManager] PENDING:   <BSEventQueueEvent: 0x281dc7ca0; didUpdateClientSettings-sceneID:dev.selfhost.firstActivationProbe-default(2)> @ front
Aug 27 21:21:08.064925 SpringBoard(FrontBoard)[47602] <Debug>: [FBSceneManager] EXECUTING: <BSEventQueueEvent: 0x281dc7ca0; didUpdateClientSettings-sceneID:dev.selfhost.firstActivationProbe-default(2)>
Aug 27 21:21:08.065413 Runner(CoreFoundation)[50572] <Debug>: found no value for key LogAppLifecycle in CFPrefsSearchListSource<0x282c88380> (Domain: com.apple.UIKit, Container: (null))
Aug 27 21:21:08.065878 Runner(UIKitCore)[50572] <Notice>: sceneOfRecord: sceneID: sceneID:dev.selfhost.firstActivationProbe-default  persistentID: 38A6B0E8-D18B-43CA-916F-1BCC03B36967
Aug 27 21:21:08.066331 Runner(UIKitCore)[50572] <Notice>: Ignoring already applied deactivation reason: 5; deactivation reasons: 2080
Aug 27 21:21:08.066819 Runner(UIKitCore)[50572] <Debug>: Setting device orientation to 1 and sending notification.
Aug 27 21:21:08.067344 Runner(UIKitCore)[50572] <Notice>: Deactivation reason added: 12; deactivation reasons: 2080 -> 6176; animating application lifecycle event: 1
Aug 27 21:21:08.067912 Runner(CoreFoundation)[50572] <Debug>: Resource lookup at <private>
Aug 27 21:21:08.073681 SpringBoard(FrontBoard)[47602] <Debug>: [FBSceneManager] EXECUTING: <BSEventQueueEvent: 0x281c055a0; didUpdateClientSettingsCompletion-sceneID:dev.selfhost.firstActivationProbe-default(2)>
Aug 27 21:21:08.076921 SpringBoard(FrontBoard)[47602] <Info>: [sceneID:dev.selfhost.firstActivationProbe-default] didUpdateClientSettingsWithDiff: <private>
Aug 27 21:21:08.077357 SpringBoard(FrontBoard)[47602] <Debug>: [FBSceneManager] PENDING:   <BSEventQueueEvent: 0x281c06da0; handleDidUpdateClientSettings-sceneID:dev.selfhost.firstActivationProbe-default(2)> @ back
Aug 27 21:21:08.077879 SpringBoard(FrontBoard)[47602] <Debug>: [FBSceneManager] EXECUTING: <BSEventQueueEvent: 0x281c06da0; handleDidUpdateClientSettings-sceneID:dev.selfhost.firstActivationProbe-default(2)>
Aug 27 21:21:08.079470 SpringBoard(FrontBoard)[47602] <Debug>: [FBSceneManager] PENDING:   <BSEventQueueEvent: 0x281c06b60; didUpdateClientSettings-sceneID:dev.selfhost.firstActivationProbe-default(2)> @ back
Aug 27 21:21:08.080018 SpringBoard(FrontBoard)[47602] <Debug>: [FBSceneManager] PENDING:   <BSEventQueueEvent: 0x281c04000; didUpdateClientSettingsCompletion-sceneID:dev.selfhost.firstActivationProbe-default(2)> @ back
Aug 27 21:21:08.087225 SpringBoard(FrontBoard)[47602] <Debug>: [FBSceneManager] EXECUTING: <BSEventQueueEvent: 0x281c06b60; didUpdateClientSettings-sceneID:dev.selfhost.firstActivationProbe-default(2)>
Aug 27 21:21:08.087860 SpringBoard(FrontBoard)[47602] <Debug>: [FBSceneManager] PENDING:   <BSEventQueueEvent: 0x281c04200; didUpdateClientSettings-sceneID:dev.selfhost.firstActivationProbe-default(2)> @ front
Aug 27 21:21:08.088479 SpringBoard(FrontBoard)[47602] <Debug>: [FBSceneManager] EXECUTING: <BSEventQueueEvent: 0x281c04200; didUpdateClientSettings-sceneID:dev.selfhost.firstActivationProbe-default(2)>
Aug 27 21:21:08.090259 SpringBoard(FrontBoard)[47602] <Debug>: [FBSceneManager] EXECUTING: <BSEventQueueEvent: 0x281c04000; didUpdateClientSettingsCompletion-sceneID:dev.selfhost.firstActivationProbe-default(2)>
Aug 27 21:21:08.092954 SpringBoard(FrontBoard)[47602] <Info>: [sceneID:dev.selfhost.firstActivationProbe-default] Client settings updated with diff: <private>
Aug 27 21:21:08.093502 SpringBoard(FrontBoard)[47602] <Info>: [sceneID:dev.selfhost.firstActivationProbe-default] didUpdateClientSettingsWithDiff: <private>
Aug 27 21:21:08.093992 SpringBoard(FrontBoard)[47602] <Debug>: [FBSceneManager] PENDING:   <BSEventQueueEvent: 0x281c05c00; handleDidUpdateClientSettings-sceneID:dev.selfhost.firstActivationProbe-default(2)> @ back
Aug 27 21:21:08.094420 SpringBoard(FrontBoard)[47602] <Notice>: [sceneID:dev.selfhost.firstActivationProbe-default] Scene action [Logical Activate][0x71] completed with success: 1
Aug 27 21:21:08.094807 SpringBoard(FrontBoard)[47602] <Debug>: [FBSceneManager] EXECUTING: <BSEventQueueEvent: 0x281c05c00; handleDidUpdateClientSettings-sceneID:dev.selfhost.firstActivationProbe-default(2)>
Aug 27 21:21:08.095322 SpringBoard(FrontBoardServices)[47602] <Info>: [application<dev.selfhost.firstActivationProbe>:50572] [realTime] Stopped monitoring.
Aug 27 21:21:08.096255 SpringBoard(FrontBoardServices)[47602] <Debug>: [application<dev.selfhost.firstActivationProbe>:50572] [realTime] Updated resource consumption: 0.102s (0.51%)
Aug 27 21:21:08.098332 Runner(UIKitCore)[50572] <Notice>: Deactivation reason removed: 11; deactivation reasons: 6176 -> 4128; animating application lifecycle event: 1
Aug 27 21:21:08.099145 SpringBoard(FrontBoardServices)[47602] <Debug>: [application<dev.selfhost.firstActivationProbe>:50572] Invalidating <FBProcessWatchdog: 0x283ee6530; name: scene-create; time: 19.98s>
Aug 27 21:21:08.099831 SpringBoard(FrontBoard)[47602] <Debug>: [FBSceneManager] PENDING:   <BSEventQueueEvent: 0x281c04160; didUpdateClientSettings-sceneID:dev.selfhost.firstActivationProbe-default(2)> @ back
Aug 27 21:21:08.100449 SpringBoard(FrontBoardServices)[47602] <Debug>: [application<dev.selfhost.firstActivationProbe>:50572] [realTime] Invalidated
Aug 27 21:21:08.101030 SpringBoard(FrontBoard)[47602] <Debug>: [FBSceneManager] PENDING:   <BSEventQueueEvent: 0x281d20b20; didUpdateClientSettingsCompletion-sceneID:dev.selfhost.firstActivationProbe-default(2)> @ back
Aug 27 21:21:08.101570 Runner(CoreFoundation)[50572] <Debug>: found no value for key CAEnableDeepFramebuffer in CFPrefsSearchListSource<0x282c89c80> (Domain: dev.selfhost.firstActivationProbe, Container: (null))
Aug 27 21:21:08.107091 SpringBoard(FrontBoard)[47602] <Debug>: [FBSceneManager] EXECUTING: <BSEventQueueEvent: 0x281c04160; didUpdateClientSettings-sceneID:dev.selfhost.firstActivationProbe-default(2)>
Aug 27 21:21:08.107431 SpringBoard(FrontBoard)[47602] <Debug>: [FBSceneManager] PENDING:   <BSEventQueueEvent: 0x281c04000; didUpdateClientSettings-sceneID:dev.selfhost.firstActivationProbe-default(2)> @ front
Aug 27 21:21:08.107703 SpringBoard(FrontBoard)[47602] <Debug>: [FBSceneManager] EXECUTING: <BSEventQueueEvent: 0x281c04000; didUpdateClientSettings-sceneID:dev.selfhost.firstActivationProbe-default(2)>
Aug 27 21:21:08.108640 SpringBoard(FrontBoard)[47602] <Debug>: [FBSceneManager] EXECUTING: <BSEventQueueEvent: 0x281d20b20; didUpdateClientSettingsCompletion-sceneID:dev.selfhost.firstActivationProbe-default(2)>
Aug 27 21:21:08.109563 SpringBoard(FrontBoard)[47602] <Info>: [sceneID:dev.selfhost.firstActivationProbe-default] didUpdateClientSettingsWithDiff: <private>
Aug 27 21:21:08.109715 SpringBoard(FrontBoard)[47602] <Debug>: [FBSceneManager] PENDING:   <BSEventQueueEvent: 0x281c05060; handleDidUpdateClientSettings-sceneID:dev.selfhost.firstActivationProbe-default(2)> @ back
Aug 27 21:21:08.110001 SpringBoard(FrontBoard)[47602] <Debug>: [FBSceneManager] EXECUTING: <BSEventQueueEvent: 0x281c05060; handleDidUpdateClientSettings-sceneID:dev.selfhost.firstActivationProbe-default(2)>
Aug 27 21:21:08.110549 SpringBoard(FrontBoard)[47602] <Debug>: [FBSceneManager] PENDING:   <BSEventQueueEvent: 0x281c040c0; didUpdateClientSettings-sceneID:dev.selfhost.firstActivationProbe-default(2)> @ back
Aug 27 21:21:08.110839 SpringBoard(FrontBoard)[47602] <Debug>: [FBSceneManager] PENDING:   <BSEventQueueEvent: 0x281c04200; didUpdateClientSettingsCompletion-sceneID:dev.selfhost.firstActivationProbe-default(2)> @ back
Aug 27 21:21:08.112154 SpringBoard(KeyboardArbiter)[47602] <Debug>: [_UIKeyboardArbiter] Received new connection [<_UIKeyboardArbiterHandle: 0x282a77b20; PID 50572: dev.selfhost.firstActivationProbe <(null)>; hosting PIDs {(
Aug 27 21:21:08.112752 SpringBoard(FrontBoard)[47602] <Debug>: [FBSceneManager] EXECUTING: <BSEventQueueEvent: 0x281c040c0; didUpdateClientSettings-sceneID:dev.selfhost.firstActivationProbe-default(2)>
Aug 27 21:21:08.113016 SpringBoard(FrontBoard)[47602] <Debug>: [FBSceneManager] PENDING:   <BSEventQueueEvent: 0x281d36320; didUpdateClientSettings-sceneID:dev.selfhost.firstActivationProbe-default(2)> @ front
Aug 27 21:21:08.113195 SpringBoard(FrontBoard)[47602] <Debug>: [FBSceneManager] EXECUTING: <BSEventQueueEvent: 0x281d36320; didUpdateClientSettings-sceneID:dev.selfhost.firstActivationProbe-default(2)>
Aug 27 21:21:08.114120 SpringBoard(FrontBoard)[47602] <Debug>: [FBSceneManager] EXECUTING: <BSEventQueueEvent: 0x281c04200; didUpdateClientSettingsCompletion-sceneID:dev.selfhost.firstActivationProbe-default(2)>
Aug 27 21:21:08.115312 runningboardd(RunningBoard)[33] <Debug>: END suppressing state updates for application<dev.selfhost.firstActivationProbe>
Aug 27 21:21:08.115474 SpringBoard(RunningBoardServices)[47602] <Notice>: Updating configuration of monitor <RBSProcessMonitorConfiguration| id:M47602-8 qos:25 predicates:[<RBSProcessPredicate <RBSCompoundAllPredicate [<RBSCompoundAllPredicate [<RBSProcessEUIDPredicate 501>, <RBSProcessBKSLegacyPredicate>]>, <RBSProcessBundleIdentifierPredicate "com.apple.springboard">]>>, <RBSProcessPredicate <RBSCompoundAllPredicate [<RBSCompoundAllPredicate [<RBSProcessEUIDPredicate 501>, <RBSProcessBKSLegacyPredicate>]>, <RBSProcessBundleIdentifierPredicate "dev.selfhost.firstActivationProbe">]>>] descriptor:<RBSProcessStateDescriptor| values:9 namespaces:[com.apple.frontboard.visibility]> events:0x0>
Aug 27 21:21:08.115673 SpringBoard(FrontBoard)[47602] <Info>: [sceneID:dev.selfhost.firstActivationProbe-default] didUpdateClientSettingsWithDiff: <private>
Aug 27 21:21:08.115798 SpringBoard(FrontBoard)[47602] <Debug>: [FBSceneManager] PENDING:   <BSEventQueueEvent: 0x281c00e80; handleDidUpdateClientSettings-sceneID:dev.selfhost.firstActivationProbe-default(2)> @ back
Aug 27 21:21:08.115976 SpringBoard(FrontBoard)[47602] <Debug>: [FBSceneManager] EXECUTING: <BSEventQueueEvent: 0x281c00e80; handleDidUpdateClientSettings-sceneID:dev.selfhost.firstActivationProbe-default(2)>
Aug 27 21:21:08.116942 SpringBoard(FrontBoard)[47602] <Debug>: [FBSceneManager] PENDING:   <BSEventQueueEvent: 0x281d09800; didUpdateClientSettings-sceneID:dev.selfhost.firstActivationProbe-default(2)> @ back
Aug 27 21:21:08.117112 SpringBoard(FrontBoard)[47602] <Debug>: [FBSceneManager] PENDING:   <BSEventQueueEvent: 0x281c00900; didUpdateClientSettingsCompletion-sceneID:dev.selfhost.firstActivationProbe-default(2)> @ back
Aug 27 21:21:08.117867 SpringBoard(FrontBoard)[47602] <Debug>: [FBSceneManager] EXECUTING: <BSEventQueueEvent: 0x281d09800; didUpdateClientSettings-sceneID:dev.selfhost.firstActivationProbe-default(2)>
Aug 27 21:21:08.118004 SpringBoard(FrontBoard)[47602] <Debug>: [FBSceneManager] PENDING:   <BSEventQueueEvent: 0x281c02a40; didUpdateClientSettings-sceneID:dev.selfhost.firstActivationProbe-default(2)> @ front
Aug 27 21:21:08.118118 SpringBoard(FrontBoard)[47602] <Debug>: [FBSceneManager] EXECUTING: <BSEventQueueEvent: 0x281c02a40; didUpdateClientSettings-sceneID:dev.selfhost.firstActivationProbe-default(2)>
Aug 27 21:21:08.120277 SpringBoard(KeyboardArbiter)[47602] <Debug>: [<_UIKeyboardArbiterHandle: 0x282a77b20; PID 50572: dev.selfhost.firstActivationProbe <(null)>; hosting PIDs {(
)}; level 0.000000; active NO [wants NO]; suppression 0; iav 0.000000; on screen NO>] startArbitrationWithExpectedState:sceneIdentity:hostingPIDs:usingFence:withSuppression:onConnected:: currentKeyboard: (null); sceneIdentity: com.apple.frontboard.systemappservices::sceneID%3Adev.selfhost.firstActivationProbe-default; pids: (
Aug 27 21:21:08.120652 SpringBoard(FrontBoard)[47602] <Debug>: [FBSceneManager] EXECUTING: <BSEventQueueEvent: 0x281c00900; didUpdateClientSettingsCompletion-sceneID:dev.selfhost.firstActivationProbe-default(2)>
Aug 27 21:21:08.122106 SpringBoard(KeyboardArbiter)[47602] <Debug>: [_UIKeyboardArbiter] Handler requested focus: <_UIKeyboardArbiterHandle: 0x282a77b20; PID 50572: dev.selfhost.firstActivationProbe <com.apple.frontboard.systemappservices::sceneID%3Adev.selfhost.firstActivationProbe-default>; hosting PIDs {(
Aug 27 21:21:08.122243 SpringBoard(KeyboardArbiter)[47602] <Debug>: [_UIKeyboardArbiter] _focusRequestedHandle is now <_UIKeyboardArbiterHandle: 0x282a77b20; PID 50572: dev.selfhost.firstActivationProbe <com.apple.frontboard.systemappservices::sceneID%3Adev.selfhost.firstActivationProbe-default>; hosting PIDs {(
Aug 27 21:21:08.122377 SpringBoard(KeyboardArbiter)[47602] <Debug>: Advisor: Triggering reevaluation. Active PID: 50572, activeHandleID: com.apple.frontboard.systemappservices::sceneID%3Adev.selfhost.firstActivationProbe-default
Aug 27 21:21:08.122517 SpringBoard(KeyboardArbiter)[47602] <Debug>: Advisor: KeyboardFocus from _activeHandleForFocusEvaluation [<_UIKeyboardArbiterHandle: 0x282a77b20; PID 50572: dev.selfhost.firstActivationProbe <com.apple.frontboard.systemappservices::sceneID%3Adev.selfhost.firstActivationProbe-default>; hosting PIDs {(
Aug 27 21:21:08.122666 SpringBoard(FrontBoard)[47602] <Notice>: [sceneID:dev.selfhost.firstActivationProbe-default] scene content state changed: ready
Aug 27 21:21:08.122795 SpringBoard(FrontBoard)[47602] <Debug>: [FBSceneManager] PENDING:   <BSEventQueueEvent: 0x281d1b560; contentStateDidChange-sceneID:dev.selfhost.firstActivationProbe-default(2)> @ back
Aug 27 21:21:08.122932 SpringBoard(FrontBoard)[47602] <Debug>: [FBSceneManager] EXECUTING: <BSEventQueueEvent: 0x281d1b560; contentStateDidChange-sceneID:dev.selfhost.firstActivationProbe-default(2)>
Aug 27 21:21:08.123051 SpringBoard(FrontBoard)[47602] <Debug>: [FBSceneManager] PENDING:   <BSEventQueueEvent: 0x281d1be20; contentStateDidChange-sceneID:dev.selfhost.firstActivationProbe-default(2)> @ front
Aug 27 21:21:08.123215 SpringBoard(FrontBoard)[47602] <Debug>: [FBSceneManager] EXECUTING: <BSEventQueueEvent: 0x281d1be20; contentStateDidChange-sceneID:dev.selfhost.firstActivationProbe-default(2)>
Aug 27 21:21:08.124765 SpringBoard[47602] <Notice>: advisor: gen:274 arbiter spec pid 50572 / com.apple.frontboard.systemappservices::sceneID%3Adev.selfhost.firstActivationProbe-default
Aug 27 21:21:08.124879 SpringBoard(KeyboardArbiter)[47602] <Debug>: Advisor: Deliberation result: com.apple.frontboard.systemappservices::sceneID%3Adev.selfhost.firstActivationProbe-default
        jetsamMode = default;
    "<_UIKeyboardArbiterHandle: 0x282a77b20; PID 50572: dev.selfhost.firstActivationProbe <com.apple.frontboard.systemappservices::sceneID%3Adev.selfhost.firstActivationProbe-default>; hosting PIDs {(\n)}; level 0.000000; active NO [wants NO]; suppression 0; iav 0.000000; on screen NO>"
Aug 27 21:21:08.125497 SpringBoard(FrontBoard)[47602] <Info>: Client intercepting scene update for scene: sceneID:dev.selfhost.firstActivationProbe-default
Aug 27 21:21:08.125754 SpringBoard(FrontBoard)[47602] <Debug>: START SCENE MUTATION ------- sceneID:dev.selfhost.firstActivationProbe-default
Aug 27 21:21:08.125914 SpringBoard(FrontBoard)[47602] <Debug>: [FBSceneManager] PENDING:   <BSEventQueueEvent: 0x281d1cfe0; sceneUpdatePrepared-sceneID:dev.selfhost.firstActivationProbe-default(3)> @ back
Aug 27 21:21:08.126040 SpringBoard(FrontBoard)[47602] <Debug>: Executing pended events before sceneID:dev.selfhost.firstActivationProbe-default: (
Aug 27 21:21:08.126718 SpringBoard(FrontBoard)[47602] <Debug>: [FBSceneManager] PENDING:   <BSEventQueueEvent: 0x281d053a0; applySettings-sceneID:dev.selfhost.firstActivationProbe-default(3)> @ back
Aug 27 21:21:08.126911 SpringBoard(FrontBoard)[47602] <Debug>: Flushing all events for sceneID:dev.selfhost.firstActivationProbe-default
Aug 27 21:21:08.127274 SpringBoard(FrontBoard)[47602] <Debug>: [FBSceneManager] EXECUTING: <BSEventQueueEvent: 0x281d1cfe0; sceneUpdatePrepared-sceneID:dev.selfhost.firstActivationProbe-default(3)>
Aug 27 21:21:08.127533 SpringBoard(FrontBoard)[47602] <Debug>: [FBSceneManager] PENDING:   <BSEventQueueEvent: 0x281d01580; sceneUpdatePrepared-sceneID:dev.selfhost.firstActivationProbe-default(3)> @ front
Aug 27 21:21:08.127759 SpringBoard(FrontBoard)[47602] <Debug>: [FBSceneManager] EXECUTING: <BSEventQueueEvent: 0x281d01580; sceneUpdatePrepared-sceneID:dev.selfhost.firstActivationProbe-default(3)>
Aug 27 21:21:08.128183 SpringBoard(FrontBoard)[47602] <Debug>: [FBSceneManager] EXECUTING: <BSEventQueueEvent: 0x281d053a0; applySettings-sceneID:dev.selfhost.firstActivationProbe-default(3)>
Aug 27 21:21:08.128447 SpringBoard(FrontBoard)[47602] <Debug>: [FBSceneManager] PENDING:   <BSEventQueueEvent: 0x281c192a0; sceneUpdateApplied-sceneID:dev.selfhost.firstActivationProbe-default(3)> @ back
Aug 27 21:21:08.128682 SpringBoard(FrontBoard)[47602] <Debug>: [FBSceneManager] PENDING:   <BSEventQueueEvent: 0x281c18760; sceneMutationCompletion-sceneID:dev.selfhost.firstActivationProbe-default(3)> @ back
Aug 27 21:21:08.128850 SpringBoard(FrontBoard)[47602] <Debug>: [FBSceneManager] EXECUTING: <BSEventQueueEvent: 0x281c192a0; sceneUpdateApplied-sceneID:dev.selfhost.firstActivationProbe-default(3)>
Aug 27 21:21:08.129003 SpringBoard(FrontBoard)[47602] <Debug>: [FBSceneManager] PENDING:   <BSEventQueueEvent: 0x281c19580; sceneUpdateApplied-sceneID:dev.selfhost.firstActivationProbe-default(3)> @ front
Aug 27 21:21:08.129276 SpringBoard(FrontBoard)[47602] <Info>: [sceneID:dev.selfhost.firstActivationProbe-default] Sending scene action [Forward Event][0x5631] to process 0x10a17bf00 (watchdog: none)
Aug 27 21:21:08.129504 SpringBoard(FrontBoard)[47602] <Debug>: [FBSceneManager] EXECUTING: <BSEventQueueEvent: 0x281c19580; sceneUpdateApplied-sceneID:dev.selfhost.firstActivationProbe-default(3)>
Aug 27 21:21:08.130238 Runner(AggregateDictionary)[50572] <Notice>: AggregateDictionary is deprecated and will be removed in this release. Please migrate to Core Analytics.
Aug 27 21:21:08.130447 Runner(UIKitCore)[50572] <Notice>: sceneOfRecord: sceneID: sceneID:dev.selfhost.firstActivationProbe-default  persistentID: 38A6B0E8-D18B-43CA-916F-1BCC03B36967
Aug 27 21:21:08.130602 Runner(Flutter)[50572] <Notice>: [shorebird] Reporting successful launch.
Aug 27 21:21:08.130953 SpringBoard(FrontBoard)[47602] <Debug>: [FBSceneManager] EXECUTING: <BSEventQueueEvent: 0x281c18760; sceneMutationCompletion-sceneID:dev.selfhost.firstActivationProbe-default(3)>
Aug 27 21:21:08.131198 SpringBoard(FrontBoard)[47602] <Debug>: ---------- END SCENE MUTATION: sceneID:dev.selfhost.firstActivationProbe-default
Aug 27 21:21:08.134124 SpringBoard(RunningBoardServices)[47602] <Info>: Update delivered for [application<dev.selfhost.firstActivationProbe>:50572] with taskState 4
Aug 27 21:21:08.134360 SpringBoard(FrontBoard)[47602] <Debug>: [FBSceneManager] PENDING:   <BSEventQueueEvent: 0x281c14060; updateComplete-sceneID:dev.selfhost.firstActivationProbe-default(3)> @ back
Aug 27 21:21:08.134583 SpringBoard(FrontBoard)[47602] <Debug>: [FBSceneManager] EXECUTING: <BSEventQueueEvent: 0x281c14060; updateComplete-sceneID:dev.selfhost.firstActivationProbe-default(3)>
<SBSceneReadySwitcherModifierEvent: 0x281c11800; type: SceneReady; appLayout: <SBAppLayout: 0x28087bb80; primary: dev.selfhost.firstActivationProbe:default; environment: main> {
            bundleIdentifier = dev.selfhost.firstActivationProbe;
            uniqueIdentifier = sceneID:dev.selfhost.firstActivationProbe-default;
Aug 27 21:21:08.139856 SpringBoard(RunningBoardServices)[47602] <Info>: Update delivered for [application<dev.selfhost.firstActivationProbe>:50572] with taskState 4
Aug 27 21:21:08.141793 SpringBoard(FrontBoard)[47602] <Debug>: [FBSceneManager] PENDING:   <BSEventQueueEvent: 0x281d0e260; sceneUpdateCompleted-sceneID:dev.selfhost.firstActivationProbe-default(3)> @ back
Aug 27 21:21:08.142114 SpringBoard(FrontBoard)[47602] <Debug>: [FBSceneManager] EXECUTING: <BSEventQueueEvent: 0x281d0e260; sceneUpdateCompleted-sceneID:dev.selfhost.firstActivationProbe-default(3)>
Aug 27 21:21:08.142484 SpringBoard(FrontBoard)[47602] <Debug>: [FBSceneManager] PENDING:   <BSEventQueueEvent: 0x281d01580; sceneUpdateCompleted-sceneID:dev.selfhost.firstActivationProbe-default(3)> @ front
Aug 27 21:21:08.142807 SpringBoard(FrontBoard)[47602] <Debug>: [FBSceneManager] EXECUTING: <BSEventQueueEvent: 0x281d01580; sceneUpdateCompleted-sceneID:dev.selfhost.firstActivationProbe-default(3)>
Aug 27 21:21:08.143827 SpringBoard[47602] <Notice>: advisor: target (from arbiter advice): <pid=50572 token=com.apple.frontboard.systemappservices::sceneID%3Adev.selfhost.firstActivationProbe-default>
Aug 27 21:21:08.143944 SpringBoard[47602] <Notice>: policy: input target:<pid=50572 token=com.apple.frontboard.systemappservices::sceneID%3Adev.selfhost.firstActivationProbe-default>
Aug 27 21:21:08.144300 SpringBoard[47602] <Notice>: rules: target changed from:(null) to <pid=50572 token=com.apple.frontboard.systemappservices::sceneID%3Adev.selfhost.firstActivationProbe-default>
Aug 27 21:21:08.144723 SpringBoard[47602] <Notice>: rules: defer (b4a8982e) -> <pid=50572 token=com.apple.frontboard.systemappservices::sceneID%3Adev.selfhost.firstActivationProbe-default>
    <environment: keyboardFocus; token: 0xB4A8982E> -> <pid: 50572; token: com.apple.frontboard.systemappservices::sceneID%3Adev.selfhost.firstActivationProbe-default> reason: "126-deferDiscrete: SpringBoard: outbound"
Aug 27 21:21:08.148485 backboardd(BackBoardHIDEventFoundation)[65] <Debug>:   SELECT: reject (doesn't match environment:keyboardFocus display:(null)) deferringRule:{<environment: keyboardFocus; token: 0xB4A8982E> -> <pid=50572 token=com.apple.frontboard.systemappservices::sceneID%3Adev.selfhost.firstActivationProbe-default> : 126-deferDiscrete: SpringBoard: outbound} (main)
Aug 27 21:21:08.150367 backboardd(BackBoardHIDEventFoundation)[65] <Debug>:   SELECT: reject (doesn't match environment:keyboardFocus display:builtin) deferringRule:{<environment: keyboardFocus; token: 0xB4A8982E> -> <pid=50572 token=com.apple.frontboard.systemappservices::sceneID%3Adev.selfhost.firstActivationProbe-default> : 126-deferDiscrete: SpringBoard: outbound} (main)
Aug 27 21:21:08.151956 backboardd(BackBoardHIDEventFoundation)[65] <Debug>:   SELECT: complete deferringRule:{<environment: keyboardFocus; token: 0xB4A8982E> -> <pid=50572 token=com.apple.frontboard.systemappservices::sceneID%3Adev.selfhost.firstActivationProbe-default> : 126-deferDiscrete: SpringBoard: outbound}
Aug 27 21:21:08.152139 backboardd(BackBoardHIDEventFoundation)[65] <Debug>:    RDC selected: {<environment: keyboardFocus; token: 0xB4A8982E> -> <pid=50572 token=com.apple.frontboard.systemappservices::sceneID%3Adev.selfhost.firstActivationProbe-default> : 126-deferDiscrete: SpringBoard: outbound}
Aug 27 21:21:08.153217 backboardd(BackBoardHIDEventFoundation)[65] <Debug>:   SELECT: complete deferringRule:{<environment: keyboardFocus; display: builtin; token: com.apple.frontboard.systemappservices::sceneID%3Adev.selfhost.firstActivationProbe-default> -> <pid=50572 token=2a8a231e> : 1-deferDiscrete: UIWindowScene: 0x100a0b2c0: Begin event deferring in keyboardFocus for window: 0x101f1ecf0}
Aug 27 21:21:08.153332 backboardd(BackBoardHIDEventFoundation)[65] <Debug>:    RDC selected: {<environment: keyboardFocus; display: builtin; token: com.apple.frontboard.systemappservices::sceneID%3Adev.selfhost.firstActivationProbe-default> -> <pid=50572 token=2a8a231e> : 1-deferDiscrete: UIWindowScene: 0x100a0b2c0: Begin event deferring in keyboardFocus for window: 0x101f1ecf0}
Aug 27 21:21:08.155085 backboardd(BackBoardHIDEventFoundation)[65] <Debug>:   SELECT: reject (doesn't match environment:system display:(null)) deferringRule:{<environment: keyboardFocus; token: 0xB4A8982E> -> <pid=50572 token=com.apple.frontboard.systemappservices::sceneID%3Adev.selfhost.firstActivationProbe-default> : 126-deferDiscrete: SpringBoard: outbound} (main)
Aug 27 21:21:08.157009 backboardd(BackBoardHIDEventFoundation)[65] <Debug>:   SELECT: reject (doesn't match environment:system display:(null)) deferringRule:{<environment: keyboardFocus; token: 0xB4A8982E> -> <pid=50572 token=com.apple.frontboard.systemappservices::sceneID%3Adev.selfhost.firstActivationProbe-default> : 126-deferDiscrete: SpringBoard: outbound} (main)
Aug 27 21:21:08.158907 backboardd(BackBoardHIDEventFoundation)[65] <Debug>:   SELECT: reject (doesn't match environment:system display:(null)) deferringRule:{<environment: keyboardFocus; token: 0xB4A8982E> -> <pid=50572 token=com.apple.frontboard.systemappservices::sceneID%3Adev.selfhost.firstActivationProbe-default> : 126-deferDiscrete: SpringBoard: outbound} (main)
Aug 27 21:21:08.160087 backboardd(BackBoardHIDEventFoundation)[65] <Debug>:   SELECT: reject (doesn't match environment:keyboardFocus display:(null)) deferringRule:{<environment: keyboardFocus; token: 0xB4A8982E> -> <pid=50572 token=com.apple.frontboard.systemappservices::sceneID%3Adev.selfhost.firstActivationProbe-default> : 126-deferDiscrete: SpringBoard: outbound} (main)
Aug 27 21:21:08.171061 Runner(Flutter)[50572] <Notice>: [shorebird] Patch check response: PatchCheckResponse { patch_available: false, patch: None, rolled_back_patch_numbers: Some([]) }
Aug 27 21:21:08.171390 Runner(Flutter)[50572] <Notice>: [shorebird] Update thread finished with status: No update
Aug 27 21:21:08.171636 kbd(RunningBoardServices)[303] <Info>: Update skipped for [application<dev.selfhost.firstActivationProbe>:50572] with state: <RBSProcessState| task:running-active debug:none endowments:[
Aug 27 21:21:08.171881 SpringBoard(RunningBoardServices)[47602] <Info>: Update skipped for [application<dev.selfhost.firstActivationProbe>:50572] with state: <RBSProcessState| task:running-active debug:none endowments:[
Aug 27 21:21:08.171996 SpringBoard(RunningBoardServices)[47602] <Info>: Update skipped for [application<dev.selfhost.firstActivationProbe>:50572] with state: <RBSProcessState| task:running-active debug:none endowments:[
Aug 27 21:21:08.172259 SpringBoard(RunningBoardServices)[47602] <Info>: Update skipped for [application<dev.selfhost.firstActivationProbe>:50572] with state: <RBSProcessState| task:running-active debug:none endowments:[
Aug 27 21:21:08.172377 SpringBoard(RunningBoardServices)[47602] <Info>: Update skipped for [application<dev.selfhost.firstActivationProbe>:50572] with state: <RBSProcessState| task:running-active debug:none endowments:[
Aug 27 21:21:08.190384 chronod(ChronoCore)[102] <Notice>: noting foreground launch for dev.selfhost.firstActivationProbe with widget extension; trigger metadata query
        <SBSDisplayLayoutElement: 0x2836cd500; sceneID:dev.selfhost.firstActivationProbe-default; bundleID: dev.selfhost.firstActivationProbe; frame: {{0, 0}, {375, 667}}; level: 1; role: primary>;
Aug 27 21:21:08.225090 sharingd[66] <Debug>: SystemUI unknown identifier: 'sceneID:dev.selfhost.firstActivationProbe-default'/ 'dev.selfhost.firstActivationProbe'
Aug 27 21:21:08.225457 symptomsd(RunningBoardServices)[170] <Info>: Update delivered for [application<dev.selfhost.firstActivationProbe>:50572] with taskState 4
Aug 27 21:21:08.225691 contextstored(RunningBoardServices)[61] <Info>: Update delivered for [application<dev.selfhost.firstActivationProbe>:50572] with taskState 4
Aug 27 21:21:08.226260 symptomsd(RunningBoardServices)[170] <Info>: Update skipped for [application<dev.selfhost.firstActivationProbe>:50572] with state: <RBSProcessState| task:running-active debug:none endowments:[
Aug 27 21:21:08.228394 locationd(RunningBoardServices)[69] <Info>: Update delivered for [application<dev.selfhost.firstActivationProbe>:50572] with taskState 4
Aug 27 21:21:08.235854 locationd[69] <Notice>: {"msg":"#CLIUA Marking change", "clientKey":"dev.selfhost.firstActivationProbe", "reason":"Process state from RunningBoard", "assertionLevel":5, "coming":1}
Aug 27 21:21:08.241098 locationd[69] <Info>: getClientEffectiveRegistrationResult, , dev.selfhost.firstActivationProbe, , CLClientRegistrationResult, kCLClientRegistrationResultFailedUnavailable, CLCommonLocationServicesEnabled, 1
Aug 27 21:21:08.241221 locationd[69] <Info>: getClientEffectiveRegistrationResult, , dev.selfhost.firstActivationProbe, , CLClientRegistrationResult, kCLClientRegistrationResultFailedUnavailable, CLCommonLocationServicesEnabled, 1
Aug 27 21:21:08.241406 locationd[69] <Debug>: {"msg":"Skip UpdateClientServiceTypeMasks #pla for zones. No InterestZones", "ClientKey":"dev.selfhost.firstActivationProbe"}
Aug 27 21:21:08.245743 SpringBoard(UIKitCore)[47602] <Notice>: [sceneID:dev.selfhost.firstActivationProbe-default] Setting deactivation reasons to: '(none)' for reason: updateAllScenesForBand - Assertion removed.
Aug 27 21:21:08.246521 SpringBoard(FrontBoard)[47602] <Info>: Client intercepting scene update for scene: sceneID:dev.selfhost.firstActivationProbe-default
Aug 27 21:21:08.246636 SpringBoard(FrontBoard)[47602] <Debug>: START SCENE MUTATION ------- sceneID:dev.selfhost.firstActivationProbe-default
Aug 27 21:21:08.246751 SpringBoard(FrontBoard)[47602] <Debug>: [FBSceneManager] PENDING:   <BSEventQueueEvent: 0x281de1340; sceneUpdatePrepared-sceneID:dev.selfhost.firstActivationProbe-default(5)> @ back
Aug 27 21:21:08.246865 SpringBoard(FrontBoard)[47602] <Debug>: [FBSceneManager] PENDING:   <BSEventQueueEvent: 0x281de1de0; applySettings-sceneID:dev.selfhost.firstActivationProbe-default(5)> @ back
Aug 27 21:21:08.246975 SpringBoard(FrontBoard)[47602] <Debug>: Flushing all events for sceneID:dev.selfhost.firstActivationProbe-default
Aug 27 21:21:08.247096 SpringBoard(FrontBoard)[47602] <Debug>: [FBSceneManager] EXECUTING: <BSEventQueueEvent: 0x281de1340; sceneUpdatePrepared-sceneID:dev.selfhost.firstActivationProbe-default(5)>
Aug 27 21:21:08.247234 SpringBoard(FrontBoard)[47602] <Debug>: [FBSceneManager] PENDING:   <BSEventQueueEvent: 0x281de29e0; sceneUpdatePrepared-sceneID:dev.selfhost.firstActivationProbe-default(5)> @ front
Aug 27 21:21:08.247381 SpringBoard(FrontBoard)[47602] <Debug>: [FBSceneManager] EXECUTING: <BSEventQueueEvent: 0x281de29e0; sceneUpdatePrepared-sceneID:dev.selfhost.firstActivationProbe-default(5)>
Aug 27 21:21:08.247791 SpringBoard(FrontBoard)[47602] <Debug>: [FBSceneManager] EXECUTING: <BSEventQueueEvent: 0x281de1de0; applySettings-sceneID:dev.selfhost.firstActivationProbe-default(5)>
Aug 27 21:21:08.247907 SpringBoard(FrontBoard)[47602] <Debug>: [FBSceneManager] PENDING:   <BSEventQueueEvent: 0x281de2080; sceneUpdateApplied-sceneID:dev.selfhost.firstActivationProbe-default(5)> @ back
Aug 27 21:21:08.248023 SpringBoard(FrontBoard)[47602] <Debug>: [FBSceneManager] PENDING:   <BSEventQueueEvent: 0x281de1340; sceneMutationCompletion-sceneID:dev.selfhost.firstActivationProbe-default(5)> @ back
Aug 27 21:21:08.248153 SpringBoard(FrontBoard)[47602] <Debug>: [FBSceneManager] EXECUTING: <BSEventQueueEvent: 0x281de2080; sceneUpdateApplied-sceneID:dev.selfhost.firstActivationProbe-default(5)>
Aug 27 21:21:08.248325 SpringBoard(FrontBoard)[47602] <Debug>: [FBSceneManager] PENDING:   <BSEventQueueEvent: 0x281de29e0; sceneUpdateApplied-sceneID:dev.selfhost.firstActivationProbe-default(5)> @ front
Aug 27 21:21:08.248446 SpringBoard(FrontBoard)[47602] <Info>: [sceneID:dev.selfhost.firstActivationProbe-default] Sending scene action [Forward Event][0xcfc2] to process 0x10a17bf00 (watchdog: none)
Aug 27 21:21:08.248558 SpringBoard(FrontBoard)[47602] <Debug>: [FBSceneManager] EXECUTING: <BSEventQueueEvent: 0x281de29e0; sceneUpdateApplied-sceneID:dev.selfhost.firstActivationProbe-default(5)>
Aug 27 21:21:08.248912 SpringBoard(FrontBoard)[47602] <Debug>: [FBSceneManager] EXECUTING: <BSEventQueueEvent: 0x281de1340; sceneMutationCompletion-sceneID:dev.selfhost.firstActivationProbe-default(5)>
Aug 27 21:21:08.249026 SpringBoard(FrontBoard)[47602] <Debug>: ---------- END SCENE MUTATION: sceneID:dev.selfhost.firstActivationProbe-default
Aug 27 21:21:08.249718 Runner(CoreFoundation)[50572] <Debug>: Resource lookup at <private>
Aug 27 21:21:08.249841 Runner(CoreFoundation)[50572] <Debug>: Resource lookup at <private>
Aug 27 21:21:08.249960 Runner(UIKitCore)[50572] <Notice>: sceneOfRecord: sceneID: sceneID:dev.selfhost.firstActivationProbe-default  persistentID: 38A6B0E8-D18B-43CA-916F-1BCC03B36967
Aug 27 21:21:08.250130 Runner(UIKitCore)[50572] <Notice>: Deactivation reason removed: 12; deactivation reasons: 4128 -> 32; animating application lifecycle event: 1
Aug 27 21:21:08.250246 Runner(UIKitCore)[50572] <Notice>: Deactivation reason removed: 5; deactivation reasons: 32 -> 0; animating application lifecycle event: 0
Aug 27 21:21:08.250371 Runner(CoreAnalytics)[50572] <Info>: Daemon status changed from 0 to 1
Aug 27 21:21:08.250740 Runner(CoreFoundation)[50572] <Debug>: Resource lookup at <private>
Aug 27 21:21:08.250856 Runner(HangTracer)[50572] <Info>: HTPrefs initialization
Aug 27 21:21:08.251170 Runner(CoreFoundation)[50572] <Debug>: Resource lookup at <private>
Aug 27 21:21:08.251253 Runner(CoreFoundation)[50572] <Info>: Loading Preferences From System CFPrefsD
Aug 27 21:21:08.251409 Runner(CoreFoundation)[50572] <Debug>: CFPrefsPlistSource<0x282c99000> (Domain: com.apple.da, User: kCFPreferencesCurrentUser, ByHost: No, Container: (null), Contents Need Refresh: No) loaded: a new base plist and no additional changes from the base plist
Aug 27 21:21:08.251529 Runner(CoreFoundation)[50572] <Debug>: found no value for key HTEPL.HangTracerEnableCustomerMode in CFPrefsPlistSource<0x282c99000> (Domain: com.apple.da, User: kCFPreferencesCurrentUser, ByHost: No, Container: (null), Contents Need Refresh: No)
Aug 27 21:21:08.251694 Runner(CoreFoundation)[50572] <Debug>: found no value for key PLTasking.HangTracerEnableCustomerMode in CFPrefsPlistSource<0x282c99000> (Domain: com.apple.da, User: kCFPreferencesCurrentUser, ByHost: No, Container: (null), Contents Need Refresh: No)
Aug 27 21:21:08.251814 Runner(CoreFoundation)[50572] <Debug>: found no value for key HangTracerEnableCustomerMode in CFPrefsPlistSource<0x282c99000> (Domain: com.apple.da, User: kCFPreferencesCurrentUser, ByHost: No, Container: (null), Contents Need Refresh: No)
Aug 27 21:21:08.251945 Runner(CoreFoundation)[50572] <Debug>: found no value for key PDSEHangTracer.HangTracerEnableCustomerMode in CFPrefsPlistSource<0x282c99000> (Domain: com.apple.da, User: kCFPreferencesCurrentUser, ByHost: No, Container: (null), Contents Need Refresh: No)
Aug 27 21:21:08.252103 Runner(CoreFoundation)[50572] <Debug>: found no value for key PDSEHTThirdParty.HangTracerEnableCustomerMode in CFPrefsPlistSource<0x282c99000> (Domain: com.apple.da, User: kCFPreferencesCurrentUser, ByHost: No, Container: (null), Contents Need Refresh: No)
Aug 27 21:21:08.252236 Runner(CoreFoundation)[50572] <Debug>: found no value for key PDSEHTRateOnly.HangTracerEnableCustomerMode in CFPrefsPlistSource<0x282c99000> (Domain: com.apple.da, User: kCFPreferencesCurrentUser, ByHost: No, Container: (null), Contents Need Refresh: No)
Aug 27 21:21:08.252431 Runner(CoreFoundation)[50572] <Debug>: found no value for key PDSESentry.HangTracerEnableCustomerMode in CFPrefsPlistSource<0x282c99000> (Domain: com.apple.da, User: kCFPreferencesCurrentUser, ByHost: No, Container: (null), Contents Need Refresh: No)
Aug 27 21:21:08.252624 Runner(HangTracer)[50572] <Debug>: HTPrefs: HangTracerEnableCustomerMode was not found in the com.apple.da domain, a profile, by EPL, by PowerLog Tasking domain, by HT Self Enablement or by HT Sentry Enablement
Aug 27 21:21:08.252734 Runner(HangTracer)[50572] <Info>: HTPrefs: Refreshing preferences
Aug 27 21:21:08.252850 Runner(CoreFoundation)[50572] <Debug>: found no value for key HTEPL.HangTracerEnableCustomerMode in CFPrefsPlistSource<0x282c99000> (Domain: com.apple.da, User: kCFPreferencesCurrentUser, ByHost: No, Container: (null), Contents Need Refresh: No)
Aug 27 21:21:08.253027 Runner(CoreFoundation)[50572] <Debug>: found no value for key PLTasking.HangTracerEnableCustomerMode in CFPrefsPlistSource<0x282c99000> (Domain: com.apple.da, User: kCFPreferencesCurrentUser, ByHost: No, Container: (null), Contents Need Refresh: No)
Aug 27 21:21:08.253158 Runner(CoreFoundation)[50572] <Debug>: found no value for key HangTracerEnableCustomerMode in CFPrefsPlistSource<0x282c99000> (Domain: com.apple.da, User: kCFPreferencesCurrentUser, ByHost: No, Container: (null), Contents Need Refresh: No)
Aug 27 21:21:08.253314 Runner(CoreFoundation)[50572] <Debug>: found no value for key PDSEHangTracer.HangTracerEnableCustomerMode in CFPrefsPlistSource<0x282c99000> (Domain: com.apple.da, User: kCFPreferencesCurrentUser, ByHost: No, Container: (null), Contents Need Refresh: No)
Aug 27 21:21:08.253442 Runner(CoreFoundation)[50572] <Debug>: found no value for key PDSEHTThirdParty.HangTracerEnableCustomerMode in CFPrefsPlistSource<0x282c99000> (Domain: com.apple.da, User: kCFPreferencesCurrentUser, ByHost: No, Container: (null), Contents Need Refresh: No)
Aug 27 21:21:08.253556 Runner(CoreFoundation)[50572] <Debug>: found no value for key PDSEHTRateOnly.HangTracerEnableCustomerMode in CFPrefsPlistSource<0x282c99000> (Domain: com.apple.da, User: kCFPreferencesCurrentUser, ByHost: No, Container: (null), Contents Need Refresh: No)
Aug 27 21:21:08.253681 Runner(CoreFoundation)[50572] <Debug>: found no value for key PDSESentry.HangTracerEnableCustomerMode in CFPrefsPlistSource<0x282c99000> (Domain: com.apple.da, User: kCFPreferencesCurrentUser, ByHost: No, Container: (null), Contents Need Refresh: No)
Aug 27 21:21:08.253830 Runner(HangTracer)[50572] <Debug>: HTPrefs: HangTracerEnableCustomerMode was not found in the com.apple.da domain, a profile, by EPL, by PowerLog Tasking domain, by HT Self Enablement or by HT Sentry Enablement
Aug 27 21:21:08.253959 Runner(HangTracer)[50572] <Debug>: Preparing prefInitList
Aug 27 21:21:08.254088 Runner(CoreFoundation)[50572] <Debug>: found no value for key HTEPL.HangTracerEnabled in CFPrefsPlistSource<0x282c99000> (Domain: com.apple.da, User: kCFPreferencesCurrentUser, ByHost: No, Container: (null), Contents Need Refresh: No)
Aug 27 21:21:08.254259 Runner(CoreFoundation)[50572] <Debug>: found no value for key PLTasking.HangTracerEnabled in CFPrefsPlistSource<0x282c99000> (Domain: com.apple.da, User: kCFPreferencesCurrentUser, ByHost: No, Container: (null), Contents Need Refresh: No)
Aug 27 21:21:08.254379 Runner(CoreFoundation)[50572] <Debug>: found no value for key HangTracerEnabled in CFPrefsPlistSource<0x282c99000> (Domain: com.apple.da, User: kCFPreferencesCurrentUser, ByHost: No, Container: (null), Contents Need Refresh: No)
Aug 27 21:21:08.254614 Runner(CoreFoundation)[50572] <Debug>: found no value for key PDSEHangTracer.HangTracerEnabled in CFPrefsPlistSource<0x282c99000> (Domain: com.apple.da, User: kCFPreferencesCurrentUser, ByHost: No, Container: (null), Contents Need Refresh: No)
Aug 27 21:21:08.254801 Runner(CoreFoundation)[50572] <Debug>: found no value for key PDSEHTThirdParty.HangTracerEnabled in CFPrefsPlistSource<0x282c99000> (Domain: com.apple.da, User: kCFPreferencesCurrentUser, ByHost: No, Container: (null), Contents Need Refresh: No)
Aug 27 21:21:08.254979 Runner(CoreFoundation)[50572] <Debug>: found no value for key PDSEHTRateOnly.HangTracerEnabled in CFPrefsPlistSource<0x282c99000> (Domain: com.apple.da, User: kCFPreferencesCurrentUser, ByHost: No, Container: (null), Contents Need Refresh: No)
Aug 27 21:21:08.255170 Runner(CoreFoundation)[50572] <Debug>: found no value for key PDSESentry.HangTracerEnabled in CFPrefsPlistSource<0x282c99000> (Domain: com.apple.da, User: kCFPreferencesCurrentUser, ByHost: No, Container: (null), Contents Need Refresh: No)
Aug 27 21:21:08.255403 Runner(HangTracer)[50572] <Debug>: HTPrefs: HangTracerEnabled was not found in the com.apple.da domain, a profile, by EPL, by PowerLog Tasking domain, by HT Self Enablement or by HT Sentry Enablement
Aug 27 21:21:08.255654 Runner(HangTracer)[50572] <Info>: Posting notification com.apple.hangtracer.htprefs.refreshed
Aug 27 21:21:08.256019 cfprefsd(CoreFoundation)[91] <Debug>: Process 50572 (Runner) sent a request related to { com.apple.da, user: mobile, kCFPreferencesAnyHost, /var/mobile/Library/Preferences/com.apple.da.plist, managed: 0 } (0x100307ae0)
Aug 27 21:21:08.256255 cfprefsd(CoreFoundation)[91] <Debug>: Process 50572 (Runner) read data for { com.apple.da, mobile, kCFPreferencesAnyHost, /var/mobile/Library/Preferences/com.apple.da.plist, managed: 0 }, backed by /private/var/mobile/Library/Preferences/com.apple.da.plist
Aug 27 21:21:08.257456 SpringBoard(FrontBoard)[47602] <Info>: [sceneID:dev.selfhost.firstActivationProbe-default] Scene action [Forward Event][0xcfc2] completed with success: 1
Aug 27 21:21:08.257573 SpringBoard(FrontBoard)[47602] <Debug>: [FBSceneManager] PENDING:   <BSEventQueueEvent: 0x281de1ec0; updateComplete-sceneID:dev.selfhost.firstActivationProbe-default(5)> @ back
Aug 27 21:21:08.257689 SpringBoard(FrontBoard)[47602] <Debug>: [FBSceneManager] EXECUTING: <BSEventQueueEvent: 0x281de1ec0; updateComplete-sceneID:dev.selfhost.firstActivationProbe-default(5)>
Aug 27 21:21:08.257816 SpringBoard(FrontBoard)[47602] <Info>: [sceneID:dev.selfhost.firstActivationProbe-default] Client settings updated with diff: <private>
Aug 27 21:21:08.257933 SpringBoard(FrontBoard)[47602] <Debug>: [FBSceneManager] PENDING:   <BSEventQueueEvent: 0x281d48200; sceneUpdateCompleted-sceneID:dev.selfhost.firstActivationProbe-default(5)> @ back
Aug 27 21:21:08.258066 SpringBoard(FrontBoard)[47602] <Debug>: [FBSceneManager] EXECUTING: <BSEventQueueEvent: 0x281d48200; sceneUpdateCompleted-sceneID:dev.selfhost.firstActivationProbe-default(5)>
Aug 27 21:21:08.258255 SpringBoard(FrontBoard)[47602] <Debug>: [FBSceneManager] PENDING:   <BSEventQueueEvent: 0x281d48480; sceneUpdateCompleted-sceneID:dev.selfhost.firstActivationProbe-default(5)> @ front
Aug 27 21:21:08.258411 SpringBoard(FrontBoard)[47602] <Debug>: [FBSceneManager] EXECUTING: <BSEventQueueEvent: 0x281d48480; sceneUpdateCompleted-sceneID:dev.selfhost.firstActivationProbe-default(5)>
Aug 27 21:21:08.258660 SpringBoard(FrontBoard)[47602] <Info>: [sceneID:dev.selfhost.firstActivationProbe-default] didUpdateClientSettingsWithDiff: <private>
Aug 27 21:21:08.258816 SpringBoard(FrontBoard)[47602] <Debug>: [FBSceneManager] PENDING:   <BSEventQueueEvent: 0x281d70680; handleDidUpdateClientSettings-sceneID:dev.selfhost.firstActivationProbe-default(5)> @ back
Aug 27 21:21:08.259039 SpringBoard(FrontBoard)[47602] <Debug>: [FBSceneManager] EXECUTING: <BSEventQueueEvent: 0x281d70680; handleDidUpdateClientSettings-sceneID:dev.selfhost.firstActivationProbe-default(5)>
Aug 27 21:21:08.259562 SpringBoard(FrontBoard)[47602] <Debug>: [FBSceneManager] PENDING:   <BSEventQueueEvent: 0x281d7ede0; didUpdateClientSettings-sceneID:dev.selfhost.firstActivationProbe-default(5)> @ back
Aug 27 21:21:08.259728 SpringBoard(FrontBoard)[47602] <Debug>: [FBSceneManager] PENDING:   <BSEventQueueEvent: 0x281d486c0; didUpdateClientSettingsCompletion-sceneID:dev.selfhost.firstActivationProbe-default(5)> @ back
Aug 27 21:21:08.260136 SpringBoard(FrontBoard)[47602] <Debug>: [FBSceneManager] EXECUTING: <BSEventQueueEvent: 0x281d7ede0; didUpdateClientSettings-sceneID:dev.selfhost.firstActivationProbe-default(5)>
Aug 27 21:21:08.260404 SpringBoard(FrontBoard)[47602] <Debug>: [FBSceneManager] PENDING:   <BSEventQueueEvent: 0x281de1ec0; didUpdateClientSettings-sceneID:dev.selfhost.firstActivationProbe-default(5)> @ front
Aug 27 21:21:08.260546 SpringBoard(FrontBoard)[47602] <Debug>: [FBSceneManager] EXECUTING: <BSEventQueueEvent: 0x281de1ec0; didUpdateClientSettings-sceneID:dev.selfhost.firstActivationProbe-default(5)>
Aug 27 21:21:08.264904 SpringBoard(FrontBoard)[47602] <Debug>: [FBSceneManager] EXECUTING: <BSEventQueueEvent: 0x281d486c0; didUpdateClientSettingsCompletion-sceneID:dev.selfhost.firstActivationProbe-default(5)>
Aug 27 21:21:08.266527 aggregated(RunningBoardServices)[50213] <Info>: Update delivered for [application<dev.selfhost.firstActivationProbe>:50572] with taskState 4
Aug 27 21:21:08.267035 bluetoothd(CoreUtils)[86] <Notice>: SystemUI unknown identifier: 'sceneID:dev.selfhost.firstActivationProbe-default' / 'dev.selfhost.firstActivationProbe'
Aug 27 21:21:08.267993 callservicesd(RunningBoardServices)[131] <Info>: Update delivered for [application<dev.selfhost.firstActivationProbe>:50572] with taskState 4
Aug 27 21:21:08.268450 watchdogd(RunningBoardServices)[57] <Info>: observedProcessStatesDidChange
Aug 27 21:21:08.268554 watchdogd(RunningBoardServices)[57] <Debug>: Decoded RBSProcessHandle with IPC ID 1744a7cf0000c58c
Aug 27 21:21:08.268650 watchdogd(RunningBoardServices)[57] <Notice>: Received state update for 50572
Aug 27 21:21:08.269640 wifid(WiFiPolicy)[52] <Notice>: WifiDeviceManagerCatsWhitelistedApp: CATS en0:  deviceManager:0x10582dc00 FgApp:dev.selfhost.firstActivationProbe stateChange:1 whitelisted=1
Aug 27 21:21:08.269923 wifid(WiFiPolicy)[52] <Notice>: WiFiDeviceManagerCatsSetLowLatencyApp: CATSUpdate en0: fgApp:dev.selfhost.firstActivationProbe b=0x0 rc=0
Aug 27 21:21:08.270062 wifid(WiFiPolicy)[52] <Notice>: WiFiDeviceManagerCatsSetForegroundApp: CATSUpdate en0: fgApp:dev.selfhost.firstActivationProbe hs=0 t=1 wl=1 rc=1
Aug 27 21:21:08.270672 wifid(RunningBoardServices)[52] <Info>: Update delivered for [application<dev.selfhost.firstActivationProbe>:50572] with taskState 4
Aug 27 21:21:08.271636 useractivityd(RunningBoardServices)[184] <Info>: Update delivered for [application<dev.selfhost.firstActivationProbe>:50572] with taskState 4
Aug 27 21:21:08.273033 runningboardd(RunningBoard)[33] <Debug>: [daemon<com.apple.SpringBoard>:47602] query resolved to [application<dev.selfhost.firstActivationProbe>:50572]
Aug 27 21:21:08.273662 UserEventAgent(RunningBoardServices)[30] <Info>: Update delivered for [application<dev.selfhost.firstActivationProbe>:50572] with taskState 4
Aug 27 21:21:08.273843 UserEventAgent(RunningBoardServices)[30] <Info>: Update skipped for [application<dev.selfhost.firstActivationProbe>:50572] with state: <RBSProcessState| task:running-active debug:none endowments:[
	<RBSProcessAssertionInfo| type:2 reason:10000 name:"Domain" domain:"com.apple.frontboard:Bootstrap-Foreground,com.apple.frontboard:Visibility" expl:"FBApplicationProcess">,
	<RBSProcessAssertionInfo| type:1 reason:0 name:"Custom" domain:"(null)" expl:"injecting inherited from "UIScene:com.apple.frontboard.systemappservices::com.apple.springboard" to 50572<UIScene:com.apple.frontboard.systemappservices::sceneID%3Adev.selfhost.firstActivationProbe-default>">
Aug 27 21:21:08.275944 CommCenter(RunningBoardServices)[90] <Info>: Update delivered for [application<dev.selfhost.firstActivationProbe>:50572] with taskState 4
Aug 27 21:21:08.276609 backboardd(RunningBoardServices)[65] <Info>: Update delivered for [application<dev.selfhost.firstActivationProbe>:50572] with taskState 4
Aug 27 21:21:08.284432 watchdogd(RunningBoardServices)[57] <Info>: Update delivered for [application<dev.selfhost.firstActivationProbe>:50572] with taskState 4
Aug 27 21:21:08.284592 watchdogd(RunningBoardServices)[57] <Debug>: Received message from server: async_observedProcessStatesDidChange:completion:
Aug 27 21:21:08.284865 watchdogd(RunningBoardServices)[57] <Info>: observedProcessStatesDidChange
Aug 27 21:21:08.285020 watchdogd(RunningBoardServices)[57] <Debug>: Decoded RBSProcessHandle with IPC ID 1744a7cf0000c58c
Aug 27 21:21:08.285220 watchdogd(RunningBoardServices)[57] <Notice>: Received state update for 50572
Aug 27 21:21:08.285356 watchdogd[57] <Info>: 1249715655324208: <private>
Aug 27 21:21:08.285557 watchdogd(RunningBoardServices)[57] <Info>: Update skipped for [application<dev.selfhost.firstActivationProbe>:50572] with state: <RBSProcessState| task:running-active debug:none endowments:[
Aug 27 21:21:08.287548 wifid(RunningBoardServices)[52] <Info>: Update skipped for [application<dev.selfhost.firstActivationProbe>:50572] with state: <RBSProcessState| task:running-active debug:none endowments:[
Aug 27 21:21:08.289480 contextstored(RunningBoardServices)[61] <Info>: Update skipped for [application<dev.selfhost.firstActivationProbe>:50572] with state: <RBSProcessState| task:running-active debug:none endowments:[
Aug 27 21:21:08.290567 locationd(RunningBoardServices)[69] <Info>: Update skipped for [application<dev.selfhost.firstActivationProbe>:50572] with state: <RBSProcessState| task:running-active debug:none endowments:[
Aug 27 21:21:08.291372 aggregated(RunningBoardServices)[50213] <Info>: Update skipped for [application<dev.selfhost.firstActivationProbe>:50572] with state: <RBSProcessState| task:running-active debug:none endowments:[
Aug 27 21:21:08.293151 useractivityd(RunningBoardServices)[184] <Info>: Update skipped for [application<dev.selfhost.firstActivationProbe>:50572] with state: <RBSProcessState| task:running-active debug:none endowments:[
Aug 27 21:21:08.294912 CommCenter(RunningBoardServices)[90] <Info>: Update skipped for [application<dev.selfhost.firstActivationProbe>:50572] with state: <RBSProcessState| task:running-active debug:none endowments:[
Aug 27 21:21:08.295840 dasd(RunningBoardServices)[94] <Info>: Update delivered for [application<dev.selfhost.firstActivationProbe>:50572] with taskState 4
Aug 27 21:21:08.296001 dasd(RunningBoardServices)[94] <Info>: Update skipped for [application<dev.selfhost.firstActivationProbe>:50572] with state: <RBSProcessState| task:running-active debug:none endowments:[
Aug 27 21:21:08.315338 symptomsd(SymptomNetworkUsage)[170] <Debug>: Dynamic lookup for E01B2FEA-36F1-3C21-AADE-93AC8E03F45C found entry dev.selfhost.firstActivationProbe
Aug 27 21:21:08.318148 dasd(RunningBoardServices)[94] <Info>: Update delivered for [application<dev.selfhost.firstActivationProbe>:50572] with taskState 4
Aug 27 21:21:08.318315 dasd(RunningBoardServices)[94] <Info>: Update skipped for [application<dev.selfhost.firstActivationProbe>:50572] with state: <RBSProcessState| task:running-active debug:none endowments:[
Aug 27 21:21:08.318486 dasd(RunningBoardServices)[94] <Info>: Update delivered for [application<dev.selfhost.firstActivationProbe>:50572] with taskState 4
Aug 27 21:21:08.319680 dasd(RunningBoardServices)[94] <Info>: Update skipped for [application<dev.selfhost.firstActivationProbe>:50572] with state: <RBSProcessState| task:running-active debug:none endowments:[
Aug 27 21:21:08.320208 callservicesd(RunningBoardServices)[131] <Info>: Update skipped for [application<dev.selfhost.firstActivationProbe>:50572] with state: <RBSProcessState| task:running-active debug:none endowments:[
Aug 27 21:21:08.321120 backboardd(RunningBoardServices)[65] <Info>: Update skipped for [application<dev.selfhost.firstActivationProbe>:50572] with state: <RBSProcessState| task:running-active debug:none endowments:[
Aug 27 21:21:08.327564 UserEventAgent(RunningBoardServices)[30] <Info>: Update delivered for [application<dev.selfhost.firstActivationProbe>:50572] with taskState 4
Aug 27 21:21:08.338831 UserEventAgent(RunningBoardServices)[30] <Info>: Update delivered for [application<dev.selfhost.firstActivationProbe>:50572] with taskState 4
Aug 27 21:21:08.345876 SpringBoard(SplashBoard)[47602] <Info>: <XBApplicationSnapshot: 0x109ddf7d0; …2F3B89D0D3F1> [dev.selfhost.firstActivationProbe] Purging the cached image; force: 0; _imageAccessCount: 0; _keepImageAccessUntilExpiration: 0; _hasProtectedContent: 0; _keepImageAccessForPreheat: 0
Aug 27 21:21:08.353074 Runner(CoreFoundation)[50572] <Debug>: found no value for key EnhancedTextLegibilityEnabled in CFPrefsSearchListSource<0x282c89c80> (Domain: dev.selfhost.firstActivationProbe, Container: (null))
Aug 27 21:21:08.353334 Runner(libAccessibility.dylib)[50572] <Debug>: CF Read: domain = dev.selfhost.firstActivationProbe, preference = EnhancedTextLegibilityEnabled, appID = dev.selfhost.firstActivationProbe result = (null) (-1 - empty, 0 - false, 1 - true)
Aug 27 21:21:08.353461 Runner(CoreFoundation)[50572] <Debug>: found no value for key DarkenSystemColors in CFPrefsSearchListSource<0x282c89c80> (Domain: dev.selfhost.firstActivationProbe, Container: (null))
Aug 27 21:21:08.353585 Runner(libAccessibility.dylib)[50572] <Debug>: CF Read: domain = dev.selfhost.firstActivationProbe, preference = DarkenSystemColors, appID = dev.selfhost.firstActivationProbe result = (null) (-1 - empty, 0 - false, 1 - true)
Aug 27 21:21:08.353698 Runner(CoreFoundation)[50572] <Debug>: found no value for key InvertColorsEnabled in CFPrefsSearchListSource<0x282c89c80> (Domain: dev.selfhost.firstActivationProbe, Container: (null))
Aug 27 21:21:08.353810 Runner(libAccessibility.dylib)[50572] <Debug>: CF Read: domain = dev.selfhost.firstActivationProbe, preference = InvertColorsEnabled, appID = dev.selfhost.firstActivationProbe result = (null) (-1 - empty, 0 - false, 1 - true)
Aug 27 21:21:08.354027 Runner(UIKitCore)[50572] <Notice>: <private>: Ending background task with UIBackgroundTaskIdentifier: 1
Aug 27 21:21:08.354143 runningboardd(RunningBoard)[33] <Info>: Received message from [application<dev.selfhost.firstActivationProbe>:50572] (euid 501, auid 501): async_invalidateAssertionWithIdentifier:
Aug 27 21:21:08.354338 runningboardd(RunningBoard)[33] <Notice>: Invalidating assertion 33-50572-7511 (target:[application<dev.selfhost.firstActivationProbe>:50572]) from originator [application<dev.selfhost.firstActivationProbe>:50572]
Aug 27 21:21:08.354520 Runner(UIKitCore)[50572] <Notice>: <private>: Ending task with identifier 1 and description: <private>, _expireHandler: <__NSGlobalBlock__: 0x1ec737410>
Aug 27 21:21:08.354630 Runner(UIKitCore)[50572] <Notice>: <private>: Decrementing reference count for assertion used by background task with identifier 1: <private>
Aug 27 21:21:08.354758 Runner(UIKitCore)[50572] <Notice>: <private>: Will invalidate assertion: <BKSProcessAssertion: 0x282188690> for task identifier: 1
Aug 27 21:21:08.355905 symptomsd(SymptomEvaluator)[170] <Info>: COSMCtrl foregroundAppObserver gets E01B2FEA-36F1-3C21-AADE-93AC8E03F45C for dev.selfhost.firstActivationProbe state 1
Aug 27 21:21:08.356020 symptomsd(SymptomEvaluator)[170] <Debug>: COSMCtrl _foregroundAppActivity entry for E01B2FEA-36F1-3C21-AADE-93AC8E03F45C -> dev.selfhost.firstActivationProbe  fg 1
Aug 27 21:21:08.356142 symptomsd(SymptomEvaluator)[170] <Debug>: COSMCtrl _foregroundAppActivity exit for E01B2FEA-36F1-3C21-AADE-93AC8E03F45C -> dev.selfhost.firstActivationProbe  policy id 0  fg 1 fg-activity 0
Aug 27 21:21:08.357372 symptomsd(SymptomEvaluator)[170] <Info>: changedForegroundState to 1 for dev.selfhost.firstActivationProbe
Aug 27 21:21:08.357745 symptomsd(SymptomEvaluator)[170] <Debug>: app name dev.selfhost.firstActivationProbe isForeground 1  hasForegroundApps 1, current idea of foreground 0 disp (null)
Aug 27 21:21:08.358457 symptomsd(SymptomEvaluator)[170] <Notice>: dev.selfhost.firstActivationProbe: Foreground: true
Aug 27 21:21:08.359002 symptomsd(SymptomEvaluator)[170] <Debug>: found LU hint (mode: 1) for dev.selfhost.firstActivationProbe: 0x102829350, subscriber tag: 0
Aug 27 21:21:08.359995 symptomsd(SymptomEvaluator)[170] <Info>: Set appCompactState object 19731 for key dev.selfhost.firstActivationProbe
Aug 27 21:21:08.361728 symptomsd(SymptomNetworkUsage)[170] <Debug>: Dynamic lookup for E01B2FEA-36F1-3C21-AADE-93AC8E03F45C found entry dev.selfhost.firstActivationProbe
Aug 27 21:21:08.362547 Runner(CoreFoundation)[50572] <Debug>: Resource lookup at <private>
<SBTransitionSwitcherModifierEvent: 0x282119300; type: MainTransition; transitionID: 217AA030-2A10-4265-A0ED-AF33D2E53EF3; phase: Complete; animated: YES; fromAppLayout: 0x0; toAppLayout: <SBAppLayout: 0x28087bb80; primary: dev.selfhost.firstActivationProbe:default; environment: main>; fromEnvironmentMode: home-screen; toEnvironmentMode: application; pendingTermination: {(
)}; activating: <SBAppLayout: 0x28087bb80; primary: dev.selfhost.firstActivationProbe:default; environment: main>; dosidoTransitionDirection: 0>
		    <SBIconOverlayVisibilitySwitcherEventResponse: 0x280890ac0; visible: NO; appLayout: <SBAppLayout: 0x28087bb80; primary: dev.selfhost.firstActivationProbe:default; environment: main>>;
		    <SBIconViewVisibilitySwitcherEventResponse: 0x283e382d0; visible: YES; animationSettings: 0x0; appLayout: <SBAppLayout: 0x28087bb80; primary: dev.selfhost.firstActivationProbe:default; environment: main>>;
		    <SBMatchMoveToIconViewSwitcherEventResponse: 0x280892640; active: NO; appLayout: <SBAppLayout: 0x28087bb80; primary: dev.selfhost.firstActivationProbe:default; environment: main>>;
Aug 27 21:21:08.374052 SpringBoard[47602] <Notice>: Front display did change: <SBApplication: 0x28242b100; dev.selfhost.firstActivationProbe>
        <SBDeviceApplicationSceneEntity: 0x283e008c0; ID: sceneID:dev.selfhost.firstActivationProbe-default; layoutRole: primary>
                            Application: <SBDeviceApplicationSceneEntity: 0x283e008c0; ID: sceneID:dev.selfhost.firstActivationProbe-default; layoutRole: primary>
                            SceneID: sceneID:dev.selfhost.firstActivationProbe-default
                                    Process: <FBApplicationProcess: 0x10a17bf00; application<dev.selfhost.firstActivationProbe>:50572(v6DC7F)>
                                    SceneID: sceneID:dev.selfhost.firstActivationProbe-default
                                        TIME: 21:21:07.507; DESCRIPTION: Updating scene with watchdog policy: RunWatchdog
        <SBDeviceApplicationSceneEntity: 0x283e008c0; ID: sceneID:dev.selfhost.firstActivationProbe-default; layoutRole: primary>
        <SBDeviceApplicationSceneEntity: 0x283e008c0; ID: sceneID:dev.selfhost.firstActivationProbe-default; layoutRole: primary>
Aug 27 21:21:08.410375 Runner(CoreFoundation)[50572] <Debug>: found no value for key ReduceMotionEnabled in CFPrefsSearchListSource<0x282c89c80> (Domain: dev.selfhost.firstActivationProbe, Container: (null))
Aug 27 21:21:08.410502 Runner(libAccessibility.dylib)[50572] <Debug>: CF Read: domain = dev.selfhost.firstActivationProbe, preference = ReduceMotionEnabled, appID = dev.selfhost.firstActivationProbe result = (null) (-1 - empty, 0 - false, 1 - true)
Aug 27 21:21:08.413378 runningboardd(RunningBoard)[33] <Debug>: [daemon<com.apple.CommCenter>:90] query resolved to [application<dev.selfhost.firstActivationProbe>:50572]
Aug 27 21:21:08.415547 bluetoothd(CoreUtils)[86] <Notice>: SystemUI unknown identifier: 'sceneID:dev.selfhost.firstActivationProbe-default' / 'dev.selfhost.firstActivationProbe'
Aug 27 21:21:08.415808 sharingd[66] <Debug>: SystemUI unknown identifier: 'sceneID:dev.selfhost.firstActivationProbe-default'/ 'dev.selfhost.firstActivationProbe'
        <SBSDisplayLayoutElement: 0x283625110; sceneID:dev.selfhost.firstActivationProbe-default; bundleID: dev.selfhost.firstActivationProbe; frame: {{0, 0}, {375, 667}}; level: 1; role: primary>;
Aug 27 21:21:08.419375 runningboardd(RunningBoard)[33] <Debug>: Removing assertion 33-50572-7511 on [application<dev.selfhost.firstActivationProbe>:50572]
Aug 27 21:21:08.419532 runningboardd(RunningBoard)[33] <Debug>: > application<dev.selfhost.firstActivationProbe> ['RB Underlying Assertion'] [33-33-7508]
Aug 27 21:21:08.419670 runningboardd(RunningBoard)[33] <Info>: application<dev.selfhost.firstActivationProbe> is now targeted by 4 assertions
Aug 27 21:21:08.419810 runningboardd(RunningBoard)[33] <Debug>: Updating events for assertion: 33-50572-7511 (target:[application<dev.selfhost.firstActivationProbe>:50572])
Aug 27 21:21:08.420402 runningboardd(RunningBoard)[33] <Debug>: > 50572 ['injecting inherited from "UIScene:com.apple.frontboard.systemappservices::com.apple.springboard" to 50572<UIScene:com.apple.frontboard.systemappservices::sceneID%3Adev.selfhost.firstActivationProbe-default>'] [33-47602-7512]
Aug 27 21:21:08.420650 runningboardd(RunningBoard)[33] <Debug>: Removing events for context: 33-50572-7511 (target:[application<dev.selfhost.firstActivationProbe>:50572])
Aug 27 21:21:08.421362 runningboardd(RunningBoard)[33] <Debug>: [daemon<com.apple.SpringBoard>:47602] query resolved to [application<dev.selfhost.firstActivationProbe>:50572]
Aug 27 21:21:08.424757 symptomsd(SymptomEvaluator)[170] <Debug>: Flow data on entry is Runner TCP4 flow id 1185499 (close) so pkts rx 2 tx 2, bytes 311 424 cell 0 0 wifi 391 504 wired 0 0 deltas 311 424 0 0 391 504 0 0
src 1185499 snapshot: Runner TCP4 flow id 1185499 (close) so pkts rx 2 tx 2, bytes 311 424 cell 0 0 wifi 391 504 wired 0 0 deltas 311 424 0 0 391 504 0 0
Aug 27 21:21:08.427827 symptomsd(SymptomEvaluator)[170] <Debug>: --> activityBitmaps: adding new bitmaps for app [dev.selfhost.firstActivationProbe] with bitmaps starting at 1249712: [             0x1] [               0]
Aug 27 21:21:08.428417 symptomsd(SymptomEvaluator)[170] <Debug>: --> activityBitmaps for dev.selfhost.firstActivationProbe: current bitmaps stored before adding new bitmap: [Activity time: 11:04:05.000 -0400 (1246520) ] [wordOffset: 0, numOfWords:8] <  0x400000000009                0                0 0x2000000000001000          0x40000  0x8200001000000                0                0 >
Aug 27 21:21:08.428569 symptomsd(SymptomEvaluator)[170] <Debug>: --> activityBitmaps for dev.selfhost.firstActivationProbe: flowId 1185499, startTime 1249712, new bitmap part1:              0x1, part2:                0
Aug 27 21:21:08.428735 symptomsd(SymptomEvaluator)[170] <Debug>: --> activityBitmaps for dev.selfhost.firstActivationProbe: current bitmaps stored after adding new bitmap: [Activity time: 11:12:37.000 -0400 (1247032) ] [wordOffset: 1, numOfWords:8] <               0                0 0x2000000000001000          0x40000  0x8200001000000           0x8000                0                0 >
Aug 27 21:21:08.429323 symptomsd(SymptomEvaluator)[170] <Debug>: found LU hint (mode: 1) for dev.selfhost.firstActivationProbe: 0x102829350, subscriber tag: 0
Aug 27 21:21:08.429462 symptomsd(SymptomEvaluator)[170] <Notice>: Data Usage for dev.selfhost.firstActivationProbe on flow 1185499 - WiFi in/out: 11061/9565, WiFi delta_in/delta_out: 391/504, Cell in/out: 0/0, Cell delta_in/delta_out: 0/0, RNF: 0, subscriber tag: 0
Aug 27 21:21:08.429632 symptomsd(SymptomEvaluator)[170] <Debug>: Data Usage for dev.selfhost.firstActivationProbe on flow 1185499 - Wired in/out: 0/0, Wired delta_in/delta_out: 0/0, subscriber tag: 0
    "foreground-apps" = "{(\n    \"dev.selfhost.firstActivationProbe\"\n)}";
    "foreground-apps" = "{(\n    \"dev.selfhost.firstActivationProbe\"\n)}";
Aug 27 21:21:08.446095 Runner(CoreFoundation)[50572] <Debug>: found no value for key IncreaseButtonLegibilityEnabled in CFPrefsSearchListSource<0x282c89c80> (Domain: dev.selfhost.firstActivationProbe, Container: (null))
Aug 27 21:21:08.446268 Runner(libAccessibility.dylib)[50572] <Debug>: CF Read: domain = dev.selfhost.firstActivationProbe, preference = IncreaseButtonLegibilityEnabled, appID = dev.selfhost.firstActivationProbe result = (null) (-1 - empty, 0 - false, 1 - true)
Aug 27 21:21:08.446432 Runner(CoreFoundation)[50572] <Debug>: found no value for key ReduceMotionAutoplayVideoPreviewsEnabled in CFPrefsSearchListSource<0x282c89c80> (Domain: dev.selfhost.firstActivationProbe, Container: (null))
Aug 27 21:21:08.446642 Runner(libAccessibility.dylib)[50572] <Debug>: CF Read: domain = dev.selfhost.firstActivationProbe, preference = ReduceMotionAutoplayVideoPreviewsEnabled, appID = dev.selfhost.firstActivationProbe result = (null) (-1 - empty, 0 - false, 1 - true)
Aug 27 21:21:08.451354 wifid(WiFiPolicy)[52] <Notice>: __WiFiLQAMgrLogStats(tech support:Stationary): Rssi: -37 {-36 -52} Channel: 44 Bandwidth: 80Mhz Snr: 35 Cca: 4 (S:0 O:0 I:0) TxPer: 0.0% (8) BcnPer: 0.0% (0, 50.5%) RxFrms: 8 RxRetryFrames: 0 TxRate: 24000 RxRate: 780000 FBRate: 468000 TxFwFrms: 2 TxFwFail: 0 TxReTrans: 3 time: 115.3secs fgApp: dev.selfhost.firstActivationProbe
Aug 27 21:21:08.462515 SpringBoard(SplashBoard)[47602] <Info>: <XBApplicationSnapshot: 0x109d3cb20; …A909693DA7E7> [dev.selfhost.firstActivationProbe] Purging the cached image; force: 0; _imageAccessCount: 0; _keepImageAccessUntilExpiration: 0; _hasProtectedContent: 0; _keepImageAccessForPreheat: 0
Aug 27 21:21:08.552638 SpringBoard(FrontBoard)[47602] <Notice>: [application<dev.selfhost.firstActivationProbe>:50572] Now acquiring workspace assertion with state: ForegroundFocal.
Aug 27 21:21:08.556652 runningboardd(RunningBoard)[33] <Notice>: Acquiring assertion targeting [application<dev.selfhost.firstActivationProbe>:50572] from originator [daemon<com.apple.SpringBoard>:47602] with description <RBSAssertionDescriptor| "FBWorkspace (ForegroundFocal)" ID:33-47602-7514 target:50572 attributes:[
Aug 27 21:21:08.556860 runningboardd(RunningBoard)[33] <Notice>: Assertion 33-47602-7514 (target:[application<dev.selfhost.firstActivationProbe>:50572]) will be created as active
Aug 27 21:21:08.557199 runningboardd(RunningBoard)[33] <Debug>: BEGIN suppressing state updates for application<dev.selfhost.firstActivationProbe>
Aug 27 21:21:08.557452 runningboardd(RunningBoard)[33] <Debug>: Adding assertion 33-47602-7514 (target:[application<dev.selfhost.firstActivationProbe>:50572])
Aug 27 21:21:08.557887 runningboardd(RunningBoard)[33] <Info>: application<dev.selfhost.firstActivationProbe> is now targeted by 5 assertions
Aug 27 21:21:08.558213 runningboardd(RunningBoard)[33] <Debug>: Incrementing suppression state to 1 for application<dev.selfhost.firstActivationProbe>
Aug 27 21:21:08.558355 runningboardd(RunningBoard)[33] <Debug>: Updating events for assertion: 33-47602-7514 (target:[application<dev.selfhost.firstActivationProbe>:50572])
Aug 27 21:21:08.558488 runningboardd(RunningBoard)[33] <Info>: [application<dev.selfhost.firstActivationProbe>:50572] Applying updated state
Aug 27 21:21:08.558623 runningboardd(RunningBoard)[33] <Debug>: Removing events for context: 33-47602-7514 (target:[application<dev.selfhost.firstActivationProbe>:50572])
Aug 27 21:21:08.558793 runningboardd(RunningBoard)[33] <Notice>: Calculated state for application<dev.selfhost.firstActivationProbe>: running-active (role: UserInteractiveFocal)
Aug 27 21:21:08.558937 runningboardd(RunningBoard)[33] <Debug>: Enqueueing events for assertion: 33-47602-7514 (target:[application<dev.selfhost.firstActivationProbe>:50572])
Aug 27 21:21:08.559082 runningboardd(RunningBoard)[33] <Debug>: SUPPRESSING state update for application<dev.selfhost.firstActivationProbe>: <RBSProcessState| task:running-active debug:none terminationResistance:Interactive endowments:[
	<RBSProcessAssertionInfo| type:2 reason:10000 name:"Domain" domain:"com.apple.frontboard:Bootstrap-Foreground,com.apple.frontboard:Visibility" expl:"FBApplicationProcess">,
	<RBSProcessAssertionInfo| type:1 reason:0 name:"Custom" domain:"(null)" expl:"injecting inherited from "UIScene:com.apple.frontboard.systemappservices::com.apple.springboard" to 50572<UIScene:com.apple.frontboard.systemappservices::sceneID%3Adev.selfhost.firstActivationProbe-default>">
    <RBSInheritance| environment:UIScene:com.apple.frontboard.systemappservices::sceneID%3Adev.selfhost.firstActivationProbe-default name:com.apple.frontboard.visibility origID:33-47602-7512 payload>
Aug 27 21:21:08.559856 runningboardd(RunningBoard)[33] <Info>: Finished acquiring assertion 33-47602-7514 (target:[application<dev.selfhost.firstActivationProbe>:50572])
Aug 27 21:21:08.560184 runningboardd(RunningBoard)[33] <Debug>: Decrementing suppression state to 0 for application<dev.selfhost.firstActivationProbe>
Aug 27 21:21:08.560472 runningboardd(RunningBoard)[33] <Debug>: END suppressing state updates for application<dev.selfhost.firstActivationProbe>
Aug 27 21:21:08.560762 runningboardd(RunningBoard)[33] <Debug>: Sending state update for application<dev.selfhost.firstActivationProbe>: <RBSProcessState| task:running-active debug:none terminationResistance:Interactive endowments:[
	<RBSProcessAssertionInfo| type:2 reason:10000 name:"Domain" domain:"com.apple.frontboard:Bootstrap-Foreground,com.apple.frontboard:Visibility" expl:"FBApplicationProcess">,
	<RBSProcessAssertionInfo| type:1 reason:0 name:"Custom" domain:"(null)" expl:"injecting inherited from "UIScene:com.apple.frontboard.systemappservices::com.apple.springboard" to 50572<UIScene:com.apple.frontboard.systemappservices::sceneID%3Adev.selfhost.firstActivationProbe-default>">
Aug 27 21:21:08.561507 SpringBoard(FrontBoard)[47602] <Notice>: [application<dev.selfhost.firstActivationProbe>:50572] Dropping launch assertion.
Aug 27 21:21:08.562639 SpringBoard(RunningBoardServices)[47602] <Info>: Update skipped for [application<dev.selfhost.firstActivationProbe>:50572] with state: <RBSProcessState| task:running-active debug:none endowments:[
Aug 27 21:21:08.563864 mediaserverd(RunningBoardServices)[36] <Info>: Update skipped for [application<dev.selfhost.firstActivationProbe>:50572] with state: <RBSProcessState| task:running-active debug:none endowments:[
Aug 27 21:21:08.564107 mediaserverd(RunningBoardServices)[36] <Info>: Update skipped for [application<dev.selfhost.firstActivationProbe>:50572] with state: <RBSProcessState| task:running-active debug:none endowments:[
Aug 27 21:21:08.564365 runningboardd(RunningBoard)[33] <Notice>: Invalidating assertion 33-47602-7509 (target:application<dev.selfhost.firstActivationProbe>) from originator [daemon<com.apple.SpringBoard>:47602]
Aug 27 21:21:08.564620 Runner(RunningBoardServices)[50572] <Debug>: Received message from server: async_didChangeInheritances:completion:
Aug 27 21:21:08.564905 Runner(RunningBoardServices)[50572] <Info>: didChangeInheritances
Aug 27 21:21:08.565178 Runner(RunningBoardServices)[50572] <Info>: didChangeInheritances: <RBSInheritanceChangeSet| gained:{(
Aug 27 21:21:08.565673 SpringBoard(RunningBoardServices)[47602] <Info>: Update skipped for [application<dev.selfhost.firstActivationProbe>:50572] with state: <RBSProcessState| task:running-active debug:none endowments:[
Aug 27 21:21:08.565992 SpringBoard(RunningBoardServices)[47602] <Info>: Update skipped for [application<dev.selfhost.firstActivationProbe>:50572] with state: <RBSProcessState| task:running-active debug:none endowments:[
Aug 27 21:21:08.567182 kbd(RunningBoardServices)[303] <Info>: Update skipped for [application<dev.selfhost.firstActivationProbe>:50572] with state: <RBSProcessState| task:running-active debug:none endowments:[
Aug 27 21:21:08.567342 SpringBoard(RunningBoardServices)[47602] <Info>: Update skipped for [application<dev.selfhost.firstActivationProbe>:50572] with state: <RBSProcessState| task:running-active debug:none endowments:[
Aug 27 21:21:08.567599 SpringBoard(RunningBoardServices)[47602] <Info>: Update skipped for [application<dev.selfhost.firstActivationProbe>:50572] with state: <RBSProcessState| task:running-active debug:none endowments:[
Aug 27 21:21:08.568557 watchdogd(RunningBoardServices)[57] <Debug>: Received message from server: async_observedProcessStatesDidChange:completion:
Aug 27 21:21:08.572675 CommCenter(RunningBoardServices)[90] <Info>: Update skipped for [application<dev.selfhost.firstActivationProbe>:50572] with state: <RBSProcessState| task:running-active debug:none endowments:[
Aug 27 21:21:08.572928 backboardd(RunningBoardServices)[65] <Info>: Update skipped for [application<dev.selfhost.firstActivationProbe>:50572] with state: <RBSProcessState| task:running-active debug:none endowments:[
Aug 27 21:21:08.573161 UserEventAgent(RunningBoardServices)[30] <Info>: Update skipped for [application<dev.selfhost.firstActivationProbe>:50572] with state: <RBSProcessState| task:running-active debug:none endowments:[
	<RBSProcessAssertionInfo| type:2 reason:10000 name:"Domain" domain:"com.apple.frontboard:Bootstrap-Foreground,com.apple.frontboard:Visibility" expl:"FBApplicationProcess">,
	<RBSProcessAssertionInfo| type:1 reason:0 name:"Custom" domain:"(null)" expl:"injecting inherited from "UIScene:com.apple.frontboard.systemappservices::com.apple.springboard" to 50572<UIScene:com.apple.frontboard.systemappservices::sceneID%3Adev.selfhost.firstActivationProbe-default>">
Aug 27 21:21:08.576725 watchdogd(RunningBoardServices)[57] <Info>: observedProcessStatesDidChange
Aug 27 21:21:08.576925 watchdogd(RunningBoardServices)[57] <Debug>: Decoded RBSProcessHandle with IPC ID 1744a7cf0000c58c
Aug 27 21:21:08.577103 watchdogd(RunningBoardServices)[57] <Notice>: Received state update for 50572
Aug 27 21:21:08.580010 locationd(RunningBoardServices)[69] <Info>: Update skipped for [application<dev.selfhost.firstActivationProbe>:50572] with state: <RBSProcessState| task:running-active debug:none endowments:[
Aug 27 21:21:08.580331 watchdogd(RunningBoardServices)[57] <Info>: Update skipped for [application<dev.selfhost.firstActivationProbe>:50572] with state: <RBSProcessState| task:running-active debug:none endowments:[
Aug 27 21:21:08.580795 callservicesd(RunningBoardServices)[131] <Info>: Update skipped for [application<dev.selfhost.firstActivationProbe>:50572] with state: <RBSProcessState| task:running-active debug:none endowments:[
Aug 27 21:21:08.581057 symptomsd(RunningBoardServices)[170] <Info>: Update skipped for [application<dev.selfhost.firstActivationProbe>:50572] with state: <RBSProcessState| task:running-active debug:none endowments:[
Aug 27 21:21:08.581433 dasd(RunningBoardServices)[94] <Info>: Update skipped for [application<dev.selfhost.firstActivationProbe>:50572] with state: <RBSProcessState| task:running-active debug:none endowments:[
Aug 27 21:21:08.581708 useractivityd(RunningBoardServices)[184] <Info>: Update skipped for [application<dev.selfhost.firstActivationProbe>:50572] with state: <RBSProcessState| task:running-active debug:none endowments:[
Aug 27 21:21:08.582700 wifid(RunningBoardServices)[52] <Info>: Update skipped for [application<dev.selfhost.firstActivationProbe>:50572] with state: <RBSProcessState| task:running-active debug:none endowments:[
Aug 27 21:21:08.585209 contextstored(RunningBoardServices)[61] <Info>: Update skipped for [application<dev.selfhost.firstActivationProbe>:50572] with state: <RBSProcessState| task:running-active debug:none endowments:[
Aug 27 21:21:08.586548 UserEventAgent(RunningBoardServices)[30] <Info>: Update delivered for [application<dev.selfhost.firstActivationProbe>:50572] with taskState 4
Aug 27 21:21:08.587245 aggregated(RunningBoardServices)[50213] <Info>: Update skipped for [application<dev.selfhost.firstActivationProbe>:50572] with state: <RBSProcessState| task:running-active debug:none endowments:[
Aug 27 21:21:08.587406 dasd(RunningBoardServices)[94] <Info>: Update skipped for [application<dev.selfhost.firstActivationProbe>:50572] with state: <RBSProcessState| task:running-active debug:none endowments:[
Aug 27 21:21:08.588165 dasd(RunningBoardServices)[94] <Info>: Update skipped for [application<dev.selfhost.firstActivationProbe>:50572] with state: <RBSProcessState| task:running-active debug:none endowments:[
Aug 27 21:21:08.662207 runningboardd(RunningBoard)[33] <Debug>: Updating events for assertion: 33-47602-7509 (target:application<dev.selfhost.firstActivationProbe>)
Aug 27 21:21:08.662410 runningboardd(RunningBoard)[33] <Debug>: Removing assertion 33-47602-7509 on application<dev.selfhost.firstActivationProbe>
Aug 27 21:21:08.662602 runningboardd(RunningBoard)[33] <Debug>: Removing events for context: 33-47602-7509 (target:application<dev.selfhost.firstActivationProbe>)
Aug 27 21:21:08.664384 runningboardd(RunningBoard)[33] <Debug>: > application<dev.selfhost.firstActivationProbe> ['injecting inherited from "UIScene:com.apple.frontboard.systemappservices::com.apple.springboard" to 50572<UIScene:com.apple.frontboard.systemappservices::sceneID%3Adev.selfhost.firstActivationProbe-default>'] [33-47602-7512]
Aug 27 21:21:08.666463 runningboardd(RunningBoard)[33] <Debug>: > application<dev.selfhost.firstActivationProbe> ['FBWorkspace (ForegroundFocal)'] [33-47602-7514]
Aug 27 21:21:08.666657 runningboardd(RunningBoard)[33] <Debug>: > application<dev.selfhost.firstActivationProbe> ['com.apple.frontboard.after-life.interrupted'] [33-47602-7510]
Aug 27 21:21:08.668404 runningboardd(RunningBoard)[33] <Info>: application<dev.selfhost.firstActivationProbe> is now targeted by 4 assertions
Aug 27 21:21:08.668989 runningboardd(RunningBoard)[33] <Debug>: > 47602 ['injecting inherited from "UIScene:com.apple.frontboard.systemappservices::com.apple.springboard" to 50572<UIScene:com.apple.frontboard.systemappservices::sceneID%3Adev.selfhost.firstActivationProbe-default>'] [33-47602-7512]
Aug 27 21:21:08.669507 runningboardd(RunningBoard)[33] <Info>: [application<dev.selfhost.firstActivationProbe>:50572] Applying updated state
Aug 27 21:21:08.669920 runningboardd(RunningBoard)[33] <Notice>: Calculated state for application<dev.selfhost.firstActivationProbe>: running-active (role: UserInteractiveFocal)
Aug 27 21:21:08.670640 SpringBoard(RunningBoardServices)[47602] <Info>: Update skipped for [application<dev.selfhost.firstActivationProbe>:50572] with state: <RBSProcessState| task:running-active debug:none endowments:[
Aug 27 21:21:08.671026 SpringBoard(RunningBoardServices)[47602] <Info>: Update skipped for [application<dev.selfhost.firstActivationProbe>:50572] with state: <RBSProcessState| task:running-active debug:none endowments:[
Aug 27 21:21:08.671225 SpringBoard(RunningBoardServices)[47602] <Info>: Update skipped for [application<dev.selfhost.firstActivationProbe>:50572] with state: <RBSProcessState| task:running-active debug:none endowments:[
Aug 27 21:21:08.671421 Runner(RunningBoardServices)[50572] <Debug>: Received message from server: async_didChangeInheritances:completion:
Aug 27 21:21:08.671561 Runner(RunningBoardServices)[50572] <Info>: didChangeInheritances
Aug 27 21:21:08.672544 mediaserverd(RunningBoardServices)[36] <Info>: Update skipped for [application<dev.selfhost.firstActivationProbe>:50572] with state: <RBSProcessState| task:running-active debug:none endowments:[
Aug 27 21:21:08.672741 mediaserverd(RunningBoardServices)[36] <Info>: Update skipped for [application<dev.selfhost.firstActivationProbe>:50572] with state: <RBSProcessState| task:running-active debug:none endowments:[
Aug 27 21:21:08.672965 powerd[43] <Notice>: Process runningboardd.33 Released SystemIsActive "application<dev.selfhost.firstActivationProbe>33-47602-7509:FBApplicationProcess" age:00:00:01  id:51539649958 [System: SysAct]
    <RBSInheritance| environment:UIScene:com.apple.frontboard.systemappservices::sceneID%3Adev.selfhost.firstActivationProbe-default name:com.apple.frontboard.visibility origID:33-47602-7512 payload>
Aug 27 21:21:08.673609 runningboardd(RunningBoard)[33] <Debug>: Sending state update for application<dev.selfhost.firstActivationProbe>: <RBSProcessState| task:running-active debug:none terminationResistance:Interactive endowments:[
	<RBSProcessAssertionInfo| type:1 reason:0 name:"Custom" domain:"(null)" expl:"injecting inherited from "UIScene:com.apple.frontboard.systemappservices::com.apple.springboard" to 50572<UIScene:com.apple.frontboard.systemappservices::sceneID%3Adev.selfhost.firstActivationProbe-default>">
Aug 27 21:21:08.673809 runningboardd(RunningBoard)[33] <Debug>: BEGIN suppressing state updates for application<dev.selfhost.firstActivationProbe>
Aug 27 21:21:08.674005 runningboardd(RunningBoard)[33] <Debug>: Incrementing suppression state to 1 for application<dev.selfhost.firstActivationProbe>
Aug 27 21:21:08.674412 Runner(RunningBoardServices)[50572] <Info>: didChangeInheritances: <RBSInheritanceChangeSet| gained:(null) lost:{(
Aug 27 21:21:08.674688 SpringBoard(RunningBoardServices)[47602] <Info>: Update skipped for [application<dev.selfhost.firstActivationProbe>:50572] with state: <RBSProcessState| task:running-active debug:none endowments:[
Aug 27 21:21:08.674960 SpringBoard(RunningBoardServices)[47602] <Info>: Update skipped for [application<dev.selfhost.firstActivationProbe>:50572] with state: <RBSProcessState| task:running-active debug:none endowments:[
Aug 27 21:21:08.676345 kbd(RunningBoardServices)[303] <Info>: Update skipped for [application<dev.selfhost.firstActivationProbe>:50572] with state: <RBSProcessState| task:running-active debug:none endowments:[
Aug 27 21:21:08.677350 watchdogd(RunningBoardServices)[57] <Debug>: Received message from server: async_observedProcessStatesDidChange:completion:
Aug 27 21:21:08.680248 CommCenter(RunningBoardServices)[90] <Info>: Update skipped for [application<dev.selfhost.firstActivationProbe>:50572] with state: <RBSProcessState| task:running-active debug:none endowments:[
Aug 27 21:21:08.680425 backboardd(RunningBoardServices)[65] <Info>: Update skipped for [application<dev.selfhost.firstActivationProbe>:50572] with state: <RBSProcessState| task:running-active debug:none endowments:[
Aug 27 21:21:08.680601 UserEventAgent(RunningBoardServices)[30] <Info>: Update skipped for [application<dev.selfhost.firstActivationProbe>:50572] with state: <RBSProcessState| task:running-active debug:none endowments:[
	<RBSProcessAssertionInfo| type:1 reason:0 name:"Custom" domain:"(null)" expl:"injecting inherited from "UIScene:com.apple.frontboard.systemappservices::com.apple.springboard" to 50572<UIScene:com.apple.frontboard.systemappservices::sceneID%3Adev.selfhost.firstActivationProbe-default>">
Aug 27 21:21:08.683086 watchdogd(RunningBoardServices)[57] <Info>: observedProcessStatesDidChange
Aug 27 21:21:08.683241 watchdogd(RunningBoardServices)[57] <Debug>: Decoded RBSProcessHandle with IPC ID 1744a7cf0000c58c
Aug 27 21:21:08.683407 watchdogd(RunningBoardServices)[57] <Notice>: Received state update for 50572
Aug 27 21:21:08.685454 aggregated(RunningBoardServices)[50213] <Info>: Update skipped for [application<dev.selfhost.firstActivationProbe>:50572] with state: <RBSProcessState| task:running-active debug:none endowments:[
Aug 27 21:21:08.685634 dasd(RunningBoardServices)[94] <Info>: Update skipped for [application<dev.selfhost.firstActivationProbe>:50572] with state: <RBSProcessState| task:running-active debug:none endowments:[
Aug 27 21:21:08.685807 locationd(RunningBoardServices)[69] <Info>: Update skipped for [application<dev.selfhost.firstActivationProbe>:50572] with state: <RBSProcessState| task:running-active debug:none endowments:[
Aug 27 21:21:08.685983 useractivityd(RunningBoardServices)[184] <Info>: Update skipped for [application<dev.selfhost.firstActivationProbe>:50572] with state: <RBSProcessState| task:running-active debug:none endowments:[
Aug 27 21:21:08.686163 wifid(RunningBoardServices)[52] <Info>: Update skipped for [application<dev.selfhost.firstActivationProbe>:50572] with state: <RBSProcessState| task:running-active debug:none endowments:[
Aug 27 21:21:08.686427 watchdogd(RunningBoardServices)[57] <Info>: Update skipped for [application<dev.selfhost.firstActivationProbe>:50572] with state: <RBSProcessState| task:running-active debug:none endowments:[
Aug 27 21:21:08.686622 callservicesd(RunningBoardServices)[131] <Info>: Update skipped for [application<dev.selfhost.firstActivationProbe>:50572] with state: <RBSProcessState| task:running-active debug:none endowments:[
Aug 27 21:21:08.686808 contextstored(RunningBoardServices)[61] <Info>: Update skipped for [application<dev.selfhost.firstActivationProbe>:50572] with state: <RBSProcessState| task:running-active debug:none endowments:[
Aug 27 21:21:08.687575 symptomsd(RunningBoardServices)[170] <Info>: Update skipped for [application<dev.selfhost.firstActivationProbe>:50572] with state: <RBSProcessState| task:running-active debug:none endowments:[
Aug 27 21:21:08.689033 UserEventAgent(RunningBoardServices)[30] <Info>: Update delivered for [application<dev.selfhost.firstActivationProbe>:50572] with taskState 4
Aug 27 21:21:08.689242 dasd(RunningBoardServices)[94] <Info>: Update skipped for [application<dev.selfhost.firstActivationProbe>:50572] with state: <RBSProcessState| task:running-active debug:none endowments:[
Aug 27 21:21:08.689412 dasd(RunningBoardServices)[94] <Info>: Update skipped for [application<dev.selfhost.firstActivationProbe>:50572] with state: <RBSProcessState| task:running-active debug:none endowments:[
Aug 27 21:21:08.763413 runningboardd(RunningBoard)[33] <Debug>: Decrementing suppression state to 0 for application<dev.selfhost.firstActivationProbe>
Aug 27 21:21:08.763607 runningboardd(RunningBoard)[33] <Debug>: END suppressing state updates for application<dev.selfhost.firstActivationProbe>
Aug 27 21:21:08.980349 Runner(CoreFoundation)[50572] <Debug>: found no value for key QuickSpeak in CFPrefsSearchListSource<0x282c8ba00> (Domain: com.apple.Accessibility, Container: (null))
Aug 27 21:21:08.984152 Runner(libAccessibility.dylib)[50572] <Debug>: CF Read: domain = com.apple.Accessibility, preference = QuickSpeak, appID = (null) result = (null) (-1 - empty, 0 - false, 1 - true)
Aug 27 21:21:08.986879 Runner(CoreFoundation)[50572] <Debug>: found no value for key QuickSpeak in CFPrefsPlistSource<0x282c8ba80> (Domain: com.apple.Accessibility, User: kCFPreferencesCurrentUser, ByHost: No, Container: (null), Contents Need Refresh: No)
Aug 27 21:21:09.043926 mediaserverd(CoreMotion)[36] <Debug>: Ping timer fired, resetting watchdog
Aug 27 21:21:09.072763 nearbyd(CoreMotion)[157] <Debug>: Ping timer fired, resetting watchdog
Aug 27 21:21:09.159673 locationd[69] <Debug>: Ping timer fired, resetting watchdog
Aug 27 21:21:11.022811 SpringBoard(CoreMotion)[47602] <Debug>: Ping timer fired, resetting watchdog
Aug 27 21:21:11.469441 backboardd(CoreMotion)[65] <Debug>: Ping timer fired, resetting watchdog
Aug 27 21:21:11.867698 biometrickitd(CoreMotion)[109] <Debug>: Ping timer fired, resetting watchdog
Aug 27 21:21:12.568552 watchdogd[57] <Debug>: 1249720326894750: <private>
Aug 27 21:21:12.571335 watchdogd[57] <Info>: 1249720327471291: <private>
Aug 27 21:21:12.572834 watchdogd[57] <Debug>: 1249720327624541: <private>
Aug 27 21:21:12.574707 watchdogd[57] <Info>: 1249720327635666: <private>
Aug 27 21:21:12.576070 watchdogd[57] <Debug>: 1249720327760375: <private>
Aug 27 21:21:12.577745 watchdogd[57] <Debug>: 1249720328255875: <private>
Aug 27 21:21:12.579226 watchdogd[57] <Debug>: 1249720328652583: <private>
Aug 27 21:21:12.580712 watchdogd[57] <Debug>: 1249720328975083: <private>
Aug 27 21:21:12.582312 watchdogd[57] <Debug>: 1249720329243083: <private>
Aug 27 21:21:12.583820 watchdogd[57] <Debug>: 1249720329524625: <private>
Aug 27 21:21:12.585267 watchdogd[57] <Info>: 1249720329582458: <private>
Aug 27 21:21:12.586743 watchdogd[57] <Info>: 1249720329597000: <private>
Aug 27 21:21:12.588357 watchdogd[57] <Info>: 1249720329602833: <private>
Aug 27 21:21:12.589918 watchdogd[57] <Info>: 1249720329607875: <private>
Aug 27 21:21:12.591888 watchdogd[57] <Info>: 1249720329612458: <private>
Aug 27 21:21:12.593295 watchdogd[57] <Info>: 1249720329616541: <private>
Aug 27 21:21:12.594563 watchdogd[57] <Info>: 1249720329620833: <private>
Aug 27 21:21:12.595986 watchdogd[57] <Info>: 1249720329624708: <private>
Aug 27 21:21:13.409493 wifid(WiFiPolicy)[52] <Notice>: __WiFiLQAMgrLogStats(tech support:Stationary): Rssi: -36 {-35 0} Channel: 44 Bandwidth: 80Mhz Snr: 35 Cca: 31 (S:0 O:0 I:0) TxPer: 0.0% (0) BcnPer: 0.0% (98, 50.5%) RxFrms: 2 RxRetryFrames: 0 TxRate: 24000 RxRate: 780000 FBRate: 468000 TxFwFrms: 0 TxFwFail: 0 TxReTrans: 0 time: 120.3secs fgApp: dev.selfhost.firstActivationProbe
Aug 27 21:21:14.063136 mediaserverd(CoreMotion)[36] <Debug>: Ping timer fired, resetting watchdog
Aug 27 21:21:14.153859 locationd[69] <Debug>: Fence: cancelLocationWatchdog, num fences, 1, location type, <private>
Aug 27 21:21:14.155466 locationd[69] <Debug>: Fence: cancelLocationWatchdog
Aug 27 21:21:14.183789 locationd[69] <Debug>: Ping timer fired, resetting watchdog
Aug 27 21:21:14.216961 nearbyd(CoreMotion)[157] <Debug>: Ping timer fired, resetting watchdog
Aug 27 21:21:16.023119 SpringBoard(CoreMotion)[47602] <Debug>: Ping timer fired, resetting watchdog
Aug 27 21:21:16.470743 backboardd(CoreMotion)[65] <Debug>: Ping timer fired, resetting watchdog
Aug 27 21:21:16.867116 biometrickitd(CoreMotion)[109] <Debug>: Ping timer fired, resetting watchdog
Aug 27 21:21:18.378031 wifid(WiFiPolicy)[52] <Notice>: __WiFiLQAMgrLogStats(tech support:Stationary): Rssi: -38 {-36 0} Channel: 44 Bandwidth: 80Mhz Snr: 35 Cca: 14 (S:0 O:0 I:0) TxPer: 0.0% (0) BcnPer: 0.0% (0, 50.5%) RxFrms: 4 RxRetryFrames: 1 TxRate: 24000 RxRate: 780000 FBRate: 468000 TxFwFrms: 9 TxFwFail: 0 TxReTrans: 0 time: 125.4secs fgApp: dev.selfhost.firstActivationProbe
Aug 27 21:21:19.044444 mediaserverd(CoreMotion)[36] <Debug>: Ping timer fired, resetting watchdog
Aug 27 21:21:19.077615 nearbyd(CoreMotion)[157] <Debug>: Ping timer fired, resetting watchdog
Aug 27 21:21:19.137258 locationd[69] <Debug>: Ping timer fired, resetting watchdog
Aug 27 21:21:21.076645 SpringBoard(CoreMotion)[47602] <Debug>: Ping timer fired, resetting watchdog
Aug 27 21:21:21.470577 backboardd(CoreMotion)[65] <Debug>: Ping timer fired, resetting watchdog
Aug 27 21:21:21.867222 biometrickitd(CoreMotion)[109] <Debug>: Ping timer fired, resetting watchdog
Aug 27 21:21:22.564382 watchdogd[57] <Debug>: 1249730327626541: <private>
Aug 27 21:21:22.567245 watchdogd[57] <Info>: 1249730328211125: <private>
Aug 27 21:21:22.571357 watchdogd[57] <Debug>: 1249730328364250: <private>
Aug 27 21:21:22.572856 watchdogd[57] <Info>: 1249730328375750: <private>
Aug 27 21:21:22.574174 watchdogd[57] <Debug>: 1249730328603291: <private>
Aug 27 21:21:22.575838 watchdogd[57] <Debug>: 1249730329025291: <private>
Aug 27 21:21:22.577305 watchdogd[57] <Debug>: 1249730329435625: <private>
Aug 27 21:21:22.578625 watchdogd[57] <Debug>: 1249730330226125: <private>
Aug 27 21:21:22.580241 watchdogd[57] <Debug>: 1249730330419333: <private>
Aug 27 21:21:22.581768 watchdogd[57] <Debug>: 1249730331066208: <private>
Aug 27 21:21:22.583251 watchdogd[57] <Info>: 1249730331127833: <private>
Aug 27 21:21:22.602475 watchdogd[57] <Info>: 1249730331142791: <private>
Aug 27 21:21:22.603489 watchdogd[57] <Info>: 1249730331149000: <private>
Aug 27 21:21:22.604459 watchdogd[57] <Info>: 1249730331154083: <private>
Aug 27 21:21:22.605430 watchdogd[57] <Info>: 1249730331158583: <private>
Aug 27 21:21:22.606510 watchdogd[57] <Info>: 1249730331162625: <private>
Aug 27 21:21:22.607508 watchdogd[57] <Info>: 1249730331166708: <private>
Aug 27 21:21:22.608519 watchdogd[57] <Info>: 1249730331170666: <private>
Aug 27 21:21:22.609545 watchdogd[57] <Info>: 1249730331839708: <private>
Aug 27 21:21:23.068679 runningboardd(RunningBoard)[33] <Info>: _requestedJetsamPriority = 4, _executablePath = /Developer/usr/bin/ScreenShotr
Aug 27 21:21:23.075539 runningboardd(RunningBoard)[33] <Info>: _requestedJetsamPriority = 4, _executablePath = /Developer/usr/bin/ScreenShotr
Aug 27 21:21:23.079792 SpringBoard(FrontBoard)[47602] <Notice>: Asked to bootstrap a new process for handle: [anon<ScreenShotr>:50589]
Aug 27 21:21:23.084043 SpringBoard(FrontBoard)[47602] <Notice>: Bootstrapping anon<ScreenShotr>
Aug 27 21:21:23.084595 SpringBoard(FrontBoard)[47602] <Notice>: [anon<ScreenShotr>:50589] Bootstrap success!
Aug 27 21:21:23.087517 runningboardd(RunningBoard)[33] <Debug>: Sending state update for anon<ScreenShotr>: <RBSProcessState| task:running debug:none terminationResistance:None>
Aug 27 21:21:23.382205 wifid(WiFiPolicy)[52] <Notice>: __WiFiLQAMgrLogStats(tech support:Stationary): Rssi: -37 {-36 0} Channel: 44 Bandwidth: 80Mhz Snr: 35 Cca: 16 (S:0 O:0 I:0) TxPer: 0.0% (0) BcnPer: 0.0% (94, 50.5%) RxFrms: 1 RxRetryFrames: 0 TxRate: 24000 RxRate: 780000 FBRate: 468000 TxFwFrms: 0 TxFwFail: 0 TxReTrans: 0 time: 130.4secs fgApp: dev.selfhost.firstActivationProbe
Aug 27 21:21:24.048725 mediaserverd(CoreMotion)[36] <Debug>: Ping timer fired, resetting watchdog
Aug 27 21:21:24.074488 nearbyd(CoreMotion)[157] <Debug>: Ping timer fired, resetting watchdog
Aug 27 21:21:24.144726 locationd[69] <Debug>: Ping timer fired, resetting watchdog
Aug 27 21:21:24.315370 runningboardd(RunningBoard)[33] <Notice>: [anon<ScreenShotr>:50589] termination reported by launchd (0, 0, 0)
Aug 27 21:21:24.316364 runningboardd(RunningBoard)[33] <Notice>: Removing assertions for terminated process: [anon<ScreenShotr>:50589]
Aug 27 21:21:24.318912 runningboardd(RunningBoard)[33] <Debug>: Sending state update for anon<ScreenShotr>: <RBSProcessState| task:none debug:none terminationResistance:None>
Aug 27 21:21:26.024076 SpringBoard(CoreMotion)[47602] <Debug>: Ping timer fired, resetting watchdog
Aug 27 21:21:26.468494 backboardd(CoreMotion)[65] <Debug>: Ping timer fired, resetting watchdog
Aug 27 21:21:26.864891 biometrickitd(CoreMotion)[109] <Debug>: Ping timer fired, resetting watchdog
Aug 27 21:21:28.406176 wifid(WiFiPolicy)[52] <Notice>: __WiFiLQAMgrLogStats(tech support:Stationary): Rssi: -37 {-36 0} Channel: 44 Bandwidth: 80Mhz Snr: 35 Cca: 30 (S:0 O:0 I:0) TxPer: 0.0% (0) BcnPer: 0.0% (0, 50.5%) RxFrms: 2 RxRetryFrames: 0 TxRate: 24000 RxRate: 780000 FBRate: 468000 TxFwFrms: 0 TxFwFail: 0 TxReTrans: 0 time: 135.4secs fgApp: dev.selfhost.firstActivationProbe
Aug 27 21:21:29.045824 mediaserverd(CoreMotion)[36] <Debug>: Ping timer fired, resetting watchdog
Aug 27 21:21:29.118743 nearbyd(CoreMotion)[157] <Debug>: Ping timer fired, resetting watchdog
Aug 27 21:21:29.143575 locationd[69] <Debug>: Ping timer fired, resetting watchdog
Aug 27 21:21:30.026688 routined(libcoreroutine.dylib)[38] <Debug>: pipeline, com.apple.routined.visit.pipeline.realtime-low-confidence, iteration, 3380, is terminated by <private>
Aug 27 21:21:30.034970 routined(libcoreroutine.dylib)[38] <Debug>: pipeline, com.apple.routined.visit.pipeline.realtime-high-confidence, iteration, 3380, is terminated by <private>
Aug 27 21:21:31.024852 SpringBoard(CoreMotion)[47602] <Debug>: Ping timer fired, resetting watchdog
Aug 27 21:21:31.468593 backboardd(CoreMotion)[65] <Debug>: Ping timer fired, resetting watchdog
Aug 27 21:21:31.866562 biometrickitd(CoreMotion)[109] <Debug>: Ping timer fired, resetting watchdog
Aug 27 21:21:32.564172 watchdogd[57] <Debug>: 1249740328364416: <private>
Aug 27 21:21:32.569374 watchdogd[57] <Info>: 1249740328933166: <private>
Aug 27 21:21:32.571305 watchdogd[57] <Debug>: 1249740329088041: <private>
Aug 27 21:21:32.572982 watchdogd[57] <Info>: 1249740329100041: <private>
Aug 27 21:21:32.574463 watchdogd[57] <Debug>: 1249740329223291: <private>
Aug 27 21:21:32.575935 watchdogd[57] <Debug>: 1249740329728000: <private>
Aug 27 21:21:32.577427 watchdogd[57] <Debug>: 1249740330537875: <private>
Aug 27 21:21:32.578829 watchdogd[57] <Debug>: 1249740330812708: <private>
Aug 27 21:21:32.580517 watchdogd[57] <Debug>: 1249740331375291: <private>
Aug 27 21:21:32.582114 watchdogd[57] <Debug>: 1249740331620958: <private>
Aug 27 21:21:32.583476 watchdogd[57] <Info>: 1249740331677000: <private>
Aug 27 21:21:32.584832 watchdogd[57] <Info>: 1249740331691208: <private>
Aug 27 21:21:32.586462 watchdogd[57] <Info>: 1249740331697291: <private>
Aug 27 21:21:32.588141 watchdogd[57] <Info>: 1249740331702416: <private>
Aug 27 21:21:32.589746 watchdogd[57] <Info>: 1249740331707041: <private>
Aug 27 21:21:32.591663 watchdogd[57] <Info>: 1249740331711458: <private>
Aug 27 21:21:32.592776 watchdogd[57] <Info>: 1249740331715875: <private>
Aug 27 21:21:32.594718 watchdogd[57] <Info>: 1249740331719958: <private>
Aug 27 21:21:33.432836 wifid(WiFiPolicy)[52] <Notice>: __WiFiLQAMgrLogStats(tech support:Stationary): Rssi: -37 {-36 0} Channel: 44 Bandwidth: 80Mhz Snr: 35 Cca: 30 (S:0 O:0 I:0) TxPer: 0.0% (0) BcnPer: 2.0% (98, 50.5%) RxFrms: 6 RxRetryFrames: 0 TxRate: 24000 RxRate: 780000 FBRate: 468000 TxFwFrms: 0 TxFwFail: 0 TxReTrans: 0 time: 140.4secs fgApp: dev.selfhost.firstActivationProbe
Aug 27 21:21:34.043465 mediaserverd(CoreMotion)[36] <Debug>: Ping timer fired, resetting watchdog
Aug 27 21:21:34.082761 nearbyd(CoreMotion)[157] <Debug>: Ping timer fired, resetting watchdog
Aug 27 21:21:34.136474 locationd[69] <Debug>: Ping timer fired, resetting watchdog
Aug 27 21:21:34.661163 symptomsd(SymptomEvaluator)[170] <Debug>: COSMCtrl applyPolicyDelta for E01B2FEA-36F1-3C21-AADE-93AC8E03F45C -> dev.selfhost.firstActivationProbe  policy id 0  fg 1 fg-activity 0
Aug 27 21:21:35.058939 runningboardd(RunningBoard)[33] <Notice>: [daemon<com.apple.backupd>:50586] termination reported by launchd (0, 0, 0)
Aug 27 21:21:35.065682 runningboardd(RunningBoard)[33] <Notice>: Removing assertions for terminated process: [daemon<com.apple.backupd>:50586]
Aug 27 21:21:35.070195 runningboardd(RunningBoard)[33] <Debug>: Sending state update for daemon<com.apple.backupd>: <RBSProcessState| task:none debug:none terminationResistance:None>
Aug 27 21:21:36.024409 SpringBoard(CoreMotion)[47602] <Debug>: Ping timer fired, resetting watchdog
Aug 27 21:21:36.467952 backboardd(CoreMotion)[65] <Debug>: Ping timer fired, resetting watchdog
Aug 27 21:21:36.866495 biometrickitd(CoreMotion)[109] <Debug>: Ping timer fired, resetting watchdog
Aug 27 21:21:38.434846 wifid(WiFiPolicy)[52] <Notice>: __WiFiLQAMgrLogStats(tech support:Stationary): Rssi: -37 {-36 -47} Channel: 44 Bandwidth: 80Mhz Snr: 35 Cca: 30 (S:0 O:0 I:0) TxPer: 0.0% (0) BcnPer: 0.0% (0, 50.5%) RxFrms: 3 RxRetryFrames: 0 TxRate: 24000 RxRate: 6000 FBRate: 468000 TxFwFrms: 2 TxFwFail: 0 TxReTrans: 0 time: 145.4secs fgApp: dev.selfhost.firstActivationProbe
Aug 27 21:21:39.041040 mediaserverd(CoreMotion)[36] <Debug>: Ping timer fired, resetting watchdog
Aug 27 21:21:39.069817 nearbyd(CoreMotion)[157] <Debug>: Ping timer fired, resetting watchdog
Aug 27 21:21:39.134906 locationd[69] <Debug>: Ping timer fired, resetting watchdog
Aug 27 21:21:41.021946 SpringBoard(CoreMotion)[47602] <Debug>: Ping timer fired, resetting watchdog
Aug 27 21:21:41.467815 backboardd(CoreMotion)[65] <Debug>: Ping timer fired, resetting watchdog
Aug 27 21:21:41.866071 biometrickitd(CoreMotion)[109] <Debug>: Ping timer fired, resetting watchdog
Aug 27 21:21:42.567965 watchdogd[57] <Debug>: 1249750329113750: <private>
Aug 27 21:21:42.570094 watchdogd[57] <Info>: 1249750329680875: <private>
Aug 27 21:21:42.571556 watchdogd[57] <Debug>: 1249750329850125: <private>
Aug 27 21:21:42.573065 watchdogd[57] <Info>: 1249750329861833: <private>
Aug 27 21:21:42.574690 watchdogd[57] <Debug>: 1249750330133666: <private>
Aug 27 21:21:42.576207 watchdogd[57] <Debug>: 1249750330622500: <private>
Aug 27 21:21:42.577672 watchdogd[57] <Debug>: 1249750331013125: <private>
Aug 27 21:21:42.578973 watchdogd[57] <Debug>: 1249750331770583: <private>
Aug 27 21:21:42.580374 watchdogd[57] <Debug>: 1249750331812333: <private>
Aug 27 21:21:42.581638 watchdogd[57] <Debug>: 1249750332631083: <private>
Aug 27 21:21:42.583097 watchdogd[57] <Info>: 1249750332689333: <private>
Aug 27 21:21:42.584543 watchdogd[57] <Info>: 1249750332704708: <private>
Aug 27 21:21:42.585925 watchdogd[57] <Info>: 1249750332710541: <private>
Aug 27 21:21:42.587420 watchdogd[57] <Info>: 1249750332715416: <private>
Aug 27 21:21:42.589203 watchdogd[57] <Info>: 1249750332719916: <private>
Aug 27 21:21:42.590725 watchdogd[57] <Info>: 1249750332723958: <private>
Aug 27 21:21:42.592209 watchdogd[57] <Info>: 1249750332728250: <private>
Aug 27 21:21:42.593735 watchdogd[57] <Info>: 1249750332732250: <private>
Aug 27 21:21:43.442129 wifid(WiFiPolicy)[52] <Notice>: __WiFiLQAMgrLogStats(tech support:Stationary): Rssi: -36 {-35 0} Channel: 44 Bandwidth: 80Mhz Snr: 35 Cca: 12 (S:0 O:0 I:0) TxPer: 0.0% (0) BcnPer: 1.0% (98, 50.5%) RxFrms: 2 RxRetryFrames: 0 TxRate: 24000 RxRate: 6000 FBRate: 468000 TxFwFrms: 0 TxFwFail: 0 TxReTrans: 0 time: 150.4secs fgApp: dev.selfhost.firstActivationProbe
Aug 27 21:21:44.053249 mediaserverd(CoreMotion)[36] <Debug>: Ping timer fired, resetting watchdog
Aug 27 21:21:44.133494 nearbyd(CoreMotion)[157] <Debug>: Ping timer fired, resetting watchdog
Aug 27 21:21:44.134208 locationd[69] <Debug>: Ping timer fired, resetting watchdog
Aug 27 21:21:46.024022 SpringBoard(CoreMotion)[47602] <Debug>: Ping timer fired, resetting watchdog
Aug 27 21:21:46.469791 backboardd(CoreMotion)[65] <Debug>: Ping timer fired, resetting watchdog
Aug 27 21:21:46.865656 biometrickitd(CoreMotion)[109] <Debug>: Ping timer fired, resetting watchdog
Aug 27 21:21:48.457813 wifid(WiFiPolicy)[52] <Notice>: __WiFiLQAMgrLogStats(tech support:Stationary): Rssi: -36 {-35 0} Channel: 44 Bandwidth: 80Mhz Snr: 35 Cca: 31 (S:0 O:0 I:0) TxPer: 0.0% (0) BcnPer: 0.0% (0, 50.5%) RxFrms: 2 RxRetryFrames: 0 TxRate: 24000 RxRate: 6000 FBRate: 468000 TxFwFrms: 0 TxFwFail: 0 TxReTrans: 0 time: 155.4secs fgApp: dev.selfhost.firstActivationProbe
Aug 27 21:21:49.052804 mediaserverd(CoreMotion)[36] <Debug>: Ping timer fired, resetting watchdog
Aug 27 21:21:49.073343 nearbyd(CoreMotion)[157] <Debug>: Ping timer fired, resetting watchdog
Aug 27 21:21:49.135846 locationd[69] <Debug>: Ping timer fired, resetting watchdog
Aug 27 21:21:51.022358 SpringBoard(CoreMotion)[47602] <Debug>: Ping timer fired, resetting watchdog
Aug 27 21:21:51.469275 backboardd(CoreMotion)[65] <Debug>: Ping timer fired, resetting watchdog
Aug 27 21:21:51.873184 biometrickitd(CoreMotion)[109] <Debug>: Ping timer fired, resetting watchdog
Aug 27 21:21:52.575889 watchdogd[57] <Debug>: 1249760329827041: <private>
Aug 27 21:21:52.577404 watchdogd[57] <Info>: 1249760330201541: <private>
Aug 27 21:21:52.579004 watchdogd[57] <Debug>: 1249760330417958: <private>
Aug 27 21:21:52.580022 watchdogd[57] <Debug>: 1249760330621500: <private>
Aug 27 21:21:52.581030 watchdogd[57] <Info>: 1249760330627250: <private>
Aug 27 21:21:52.582115 watchdogd[57] <Debug>: 1249760330901375: <private>
Aug 27 21:21:52.583014 watchdogd[57] <Debug>: 1249760331126125: <private>
Aug 27 21:21:52.584061 watchdogd[57] <Debug>: 1249760331459791: <private>
Aug 27 21:21:52.585115 watchdogd[57] <Debug>: 1249760331700750: <private>
Aug 27 21:21:52.586132 watchdogd[57] <Debug>: 1249760331768750: <private>
Aug 27 21:21:52.587238 watchdogd[57] <Info>: 1249760331799875: <private>
Aug 27 21:21:52.588214 watchdogd[57] <Info>: 1249760331808958: <private>
Aug 27 21:21:52.589314 watchdogd[57] <Info>: 1249760331812458: <private>
Aug 27 21:21:52.590287 watchdogd[57] <Info>: 1249760331815166: <private>
Aug 27 21:21:52.591264 watchdogd[57] <Info>: 1249760331817958: <private>
Aug 27 21:21:52.592267 watchdogd[57] <Info>: 1249760331820208: <private>
Aug 27 21:21:52.593301 watchdogd[57] <Info>: 1249760331822500: <private>
Aug 27 21:21:52.594341 watchdogd[57] <Info>: 1249760331825250: <private>
Aug 27 21:21:53.468596 wifid(WiFiPolicy)[52] <Notice>: __WiFiLQAMgrLogStats(tech support:Stationary): Rssi: -35 {-35 0} Channel: 44 Bandwidth: 80Mhz Snr: 35 Cca: 31 (S:0 O:0 I:0) TxPer: 0.0% (0) BcnPer: 2.0% (98, 50.5%) RxFrms: 1 RxRetryFrames: 0 TxRate: 24000 RxRate: 6000 FBRate: 468000 TxFwFrms: 0 TxFwFail: 0 TxReTrans: 0 time: 160.4secs fgApp: dev.selfhost.firstActivationProbe
Aug 27 21:21:54.042354 mediaserverd(CoreMotion)[36] <Debug>: Ping timer fired, resetting watchdog
Aug 27 21:21:54.070864 nearbyd(CoreMotion)[157] <Debug>: Ping timer fired, resetting watchdog
Aug 27 21:21:54.133643 locationd[69] <Debug>: Ping timer fired, resetting watchdog
Aug 27 21:21:56.023556 SpringBoard(CoreMotion)[47602] <Debug>: Ping timer fired, resetting watchdog
Aug 27 21:21:56.477685 backboardd(CoreMotion)[65] <Debug>: Ping timer fired, resetting watchdog
Aug 27 21:21:56.919609 biometrickitd(CoreMotion)[109] <Debug>: Ping timer fired, resetting watchdog
Aug 27 21:21:58.479594 wifid(WiFiPolicy)[52] <Notice>: __WiFiLQAMgrLogStats(tech support:Stationary): Rssi: -35 {-35 -46} Channel: 44 Bandwidth: 80Mhz Snr: 35 Cca: 10 (S:0 O:0 I:0) TxPer: 0.0% (0) BcnPer: 0.0% (0, 50.5%) RxFrms: 3 RxRetryFrames: 0 TxRate: 24000 RxRate: 6000 FBRate: 468000 TxFwFrms: 2 TxFwFail: 0 TxReTrans: 0 time: 165.5secs fgApp: dev.selfhost.firstActivationProbe
Aug 27 21:21:59.042240 mediaserverd(CoreMotion)[36] <Debug>: Ping timer fired, resetting watchdog
Aug 27 21:21:59.074291 nearbyd(CoreMotion)[157] <Debug>: Ping timer fired, resetting watchdog
Aug 27 21:21:59.135401 locationd[69] <Debug>: Ping timer fired, resetting watchdog
