Aug 28 14:21:14.058745 mediaserverd(CoreMotion)[36] <Debug>: Ping timer fired, resetting watchdog
Aug 28 14:21:14.089488 nearbyd(CoreMotion)[157] <Debug>: Ping timer fired, resetting watchdog
Aug 28 14:21:14.151968 locationd[69] <Debug>: Ping timer fired, resetting watchdog
Aug 28 14:21:16.039982 SpringBoard(CoreMotion)[47602] <Debug>: Ping timer fired, resetting watchdog
Aug 28 14:21:16.485737 backboardd(CoreMotion)[65] <Debug>: Ping timer fired, resetting watchdog
Aug 28 14:21:16.698717 watchdogd[57] <Debug>: 1310924446864666: <private>
Aug 28 14:21:16.699300 watchdogd[57] <Info>: 1310924447448250: <private>
Aug 28 14:21:16.700210 watchdogd[57] <Debug>: 1310924447602166: <private>
Aug 28 14:21:16.700890 watchdogd[57] <Info>: 1310924447613666: <private>
Aug 28 14:21:16.701862 watchdogd[57] <Debug>: 1310924447736000: <private>
Aug 28 14:21:16.702245 watchdogd[57] <Debug>: 1310924448213708: <private>
Aug 28 14:21:16.702499 watchdogd[57] <Debug>: 1310924448904375: <private>
Aug 28 14:21:16.703353 watchdogd[57] <Debug>: 1310924449233416: <private>
Aug 28 14:21:16.703805 watchdogd[57] <Debug>: 1310924450022833: <private>
Aug 28 14:21:16.704822 watchdogd[57] <Debug>: 1310924450146833: <private>
Aug 28 14:21:16.707015 watchdogd[57] <Info>: 1310924450207375: <private>
Aug 28 14:21:16.707273 watchdogd[57] <Info>: 1310924450222958: <private>
Aug 28 14:21:16.707583 watchdogd[57] <Info>: 1310924450228833: <private>
Aug 28 14:21:16.707885 watchdogd[57] <Info>: 1310924450233916: <private>
Aug 28 14:21:16.708126 watchdogd[57] <Info>: 1310924450238375: <private>
Aug 28 14:21:16.708503 watchdogd[57] <Info>: 1310924450242541: <private>
Aug 28 14:21:16.708775 watchdogd[57] <Info>: 1310924450246708: <private>
Aug 28 14:21:16.708938 watchdogd[57] <Info>: 1310924450250833: <private>
Aug 28 14:21:16.883010 biometrickitd(CoreMotion)[109] <Debug>: Ping timer fired, resetting watchdog
Aug 28 14:21:19.057838 mediaserverd(CoreMotion)[36] <Debug>: Ping timer fired, resetting watchdog
Aug 28 14:21:19.090813 nearbyd(CoreMotion)[157] <Debug>: Ping timer fired, resetting watchdog
Aug 28 14:21:19.151837 locationd[69] <Debug>: Ping timer fired, resetting watchdog
Aug 28 14:21:21.039508 SpringBoard(CoreMotion)[47602] <Debug>: Ping timer fired, resetting watchdog
Aug 28 14:21:21.485199 backboardd(CoreMotion)[65] <Debug>: Ping timer fired, resetting watchdog
Aug 28 14:21:21.881577 biometrickitd(CoreMotion)[109] <Debug>: Ping timer fired, resetting watchdog
Aug 28 14:21:24.058533 mediaserverd(CoreMotion)[36] <Debug>: Ping timer fired, resetting watchdog
Aug 28 14:21:24.091061 nearbyd(CoreMotion)[157] <Debug>: Ping timer fired, resetting watchdog
Aug 28 14:21:24.155892 locationd[69] <Debug>: Ping timer fired, resetting watchdog
Aug 28 14:21:26.039792 SpringBoard(CoreMotion)[47602] <Debug>: Ping timer fired, resetting watchdog
Aug 28 14:21:26.488786 backboardd(CoreMotion)[65] <Debug>: Ping timer fired, resetting watchdog
Aug 28 14:21:26.697593 watchdogd[57] <Debug>: 1310934447606500: <private>
Aug 28 14:21:26.698996 watchdogd[57] <Info>: 1310934448191916: <private>
Aug 28 14:21:26.699470 watchdogd[57] <Debug>: 1310934448343583: <private>
Aug 28 14:21:26.699920 watchdogd[57] <Info>: 1310934448355333: <private>
Aug 28 14:21:26.700175 watchdogd[57] <Debug>: 1310934448477666: <private>
Aug 28 14:21:26.701043 watchdogd[57] <Debug>: 1310934448970541: <private>
Aug 28 14:21:26.701500 watchdogd[57] <Debug>: 1310934449643500: <private>
Aug 28 14:21:26.702325 watchdogd[57] <Debug>: 1310934449952958: <private>
Aug 28 14:21:26.702702 watchdogd[57] <Debug>: 1310934450460750: <private>
Aug 28 14:21:26.703349 watchdogd[57] <Debug>: 1310934450692750: <private>
Aug 28 14:21:26.704662 watchdogd[57] <Info>: 1310934450750041: <private>
Aug 28 14:21:26.705354 watchdogd[57] <Info>: 1310934450764541: <private>
Aug 28 14:21:26.705726 watchdogd[57] <Info>: 1310934450770708: <private>
Aug 28 14:21:26.706921 watchdogd[57] <Info>: 1310934450775750: <private>
Aug 28 14:21:26.707061 watchdogd[57] <Info>: 1310934450780250: <private>
Aug 28 14:21:26.707331 watchdogd[57] <Info>: 1310934450784333: <private>
Aug 28 14:21:26.707464 watchdogd[57] <Info>: 1310934450788666: <private>
Aug 28 14:21:26.707813 watchdogd[57] <Info>: 1310934450792666: <private>
Aug 28 14:21:26.707980 watchdogd[57] <Info>: 1310934451471083: <private>
Aug 28 14:21:26.881805 biometrickitd(CoreMotion)[109] <Debug>: Ping timer fired, resetting watchdog
Aug 28 14:21:29.058396 mediaserverd(CoreMotion)[36] <Debug>: Ping timer fired, resetting watchdog
Aug 28 14:21:29.087519 nearbyd(CoreMotion)[157] <Debug>: Ping timer fired, resetting watchdog
Aug 28 14:21:29.151932 locationd[69] <Debug>: Ping timer fired, resetting watchdog
Aug 28 14:21:30.384684 runningboardd(RunningBoard)[33] <Notice>: [daemon<com.apple.backupd>:57971] termination reported by launchd (0, 0, 0)
Aug 28 14:21:30.388439 runningboardd(RunningBoard)[33] <Notice>: Removing assertions for terminated process: [daemon<com.apple.backupd>:57971]
Aug 28 14:21:30.390896 runningboardd(RunningBoard)[33] <Debug>: Sending state update for daemon<com.apple.backupd>: <RBSProcessState| task:none debug:none terminationResistance:None>
Aug 28 14:21:31.039553 SpringBoard(CoreMotion)[47602] <Debug>: Ping timer fired, resetting watchdog
Aug 28 14:21:31.485217 backboardd(CoreMotion)[65] <Debug>: Ping timer fired, resetting watchdog
Aug 28 14:21:31.881604 biometrickitd(CoreMotion)[109] <Debug>: Ping timer fired, resetting watchdog
Aug 28 14:21:34.058169 mediaserverd(CoreMotion)[36] <Debug>: Ping timer fired, resetting watchdog
Aug 28 14:21:34.087089 nearbyd(CoreMotion)[157] <Debug>: Ping timer fired, resetting watchdog
Aug 28 14:21:34.151409 locationd[69] <Debug>: Ping timer fired, resetting watchdog
Aug 28 14:21:36.039410 SpringBoard(CoreMotion)[47602] <Debug>: Ping timer fired, resetting watchdog
Aug 28 14:21:36.485678 backboardd(CoreMotion)[65] <Debug>: Ping timer fired, resetting watchdog
Aug 28 14:21:36.699210 watchdogd[57] <Debug>: 1310944448351625: <private>
Aug 28 14:21:36.699686 watchdogd[57] <Info>: 1310944448930500: <private>
Aug 28 14:21:36.700140 watchdogd[57] <Debug>: 1310944449088500: <private>
Aug 28 14:21:36.701023 watchdogd[57] <Info>: 1310944449100500: <private>
Aug 28 14:21:36.701723 watchdogd[57] <Debug>: 1310944449222458: <private>
Aug 28 14:21:36.702913 watchdogd[57] <Debug>: 1310944449733041: <private>
Aug 28 14:21:36.703388 watchdogd[57] <Debug>: 1310944450882250: <private>
Aug 28 14:21:36.704198 watchdogd[57] <Debug>: 1310944451304166: <private>
Aug 28 14:21:36.705650 watchdogd[57] <Debug>: 1310944451611041: <private>
Aug 28 14:21:36.706124 watchdogd[57] <Debug>: 1310944451779000: <private>
Aug 28 14:21:36.706518 watchdogd[57] <Info>: 1310944451838125: <private>
Aug 28 14:21:36.706677 watchdogd[57] <Info>: 1310944451853041: <private>
Aug 28 14:21:36.707009 watchdogd[57] <Info>: 1310944451859208: <private>
Aug 28 14:21:36.707151 watchdogd[57] <Info>: 1310944451864250: <private>
Aug 28 14:21:36.707360 watchdogd[57] <Info>: 1310944451868791: <private>
Aug 28 14:21:36.707653 watchdogd[57] <Info>: 1310944451873000: <private>
Aug 28 14:21:36.707921 watchdogd[57] <Info>: 1310944451877083: <private>
Aug 28 14:21:36.708111 watchdogd[57] <Info>: 1310944451881166: <private>
Aug 28 14:21:36.881122 biometrickitd(CoreMotion)[109] <Debug>: Ping timer fired, resetting watchdog
Aug 28 14:21:39.057643 mediaserverd(CoreMotion)[36] <Debug>: Ping timer fired, resetting watchdog
Aug 28 14:21:39.086900 nearbyd(CoreMotion)[157] <Debug>: Ping timer fired, resetting watchdog
Aug 28 14:21:39.151257 locationd[69] <Debug>: Ping timer fired, resetting watchdog
Aug 28 14:21:41.038414 SpringBoard(CoreMotion)[47602] <Debug>: Ping timer fired, resetting watchdog
Aug 28 14:21:41.484002 backboardd(CoreMotion)[65] <Debug>: Ping timer fired, resetting watchdog
Aug 28 14:21:41.881193 biometrickitd(CoreMotion)[109] <Debug>: Ping timer fired, resetting watchdog
Aug 28 14:21:44.057217 mediaserverd(CoreMotion)[36] <Debug>: Ping timer fired, resetting watchdog
Aug 28 14:21:44.090082 nearbyd(CoreMotion)[157] <Debug>: Ping timer fired, resetting watchdog
Aug 28 14:21:44.151155 locationd[69] <Debug>: Ping timer fired, resetting watchdog
Aug 28 14:21:46.039031 SpringBoard(CoreMotion)[47602] <Debug>: Ping timer fired, resetting watchdog
Aug 28 14:21:46.484528 backboardd(CoreMotion)[65] <Debug>: Ping timer fired, resetting watchdog
Aug 28 14:21:46.698477 watchdogd[57] <Debug>: 1310954449106083: <private>
Aug 28 14:21:46.698898 watchdogd[57] <Info>: 1310954449681166: <private>
Aug 28 14:21:46.699710 watchdogd[57] <Debug>: 1310954449854708: <private>
Aug 28 14:21:46.700183 watchdogd[57] <Info>: 1310954449866833: <private>
Aug 28 14:21:46.700884 watchdogd[57] <Debug>: 1310954450123583: <private>
Aug 28 14:21:46.701950 watchdogd[57] <Debug>: 1310954450605541: <private>
Aug 28 14:21:46.703775 watchdogd[57] <Debug>: 1310954451238625: <private>
Aug 28 14:21:46.704227 watchdogd[57] <Debug>: 1310954451487833: <private>
Aug 28 14:21:46.705286 watchdogd[57] <Debug>: 1310954451864625: <private>
Aug 28 14:21:46.705979 watchdogd[57] <Debug>: 1310954452148583: <private>
Aug 28 14:21:46.706226 watchdogd[57] <Info>: 1310954452212625: <private>
Aug 28 14:21:46.707049 watchdogd[57] <Info>: 1310954452226958: <private>
Aug 28 14:21:46.707257 watchdogd[57] <Info>: 1310954452233166: <private>
Aug 28 14:21:46.707458 watchdogd[57] <Info>: 1310954452238041: <private>
Aug 28 14:21:46.707647 watchdogd[57] <Info>: 1310954452242458: <private>
Aug 28 14:21:46.707954 watchdogd[57] <Info>: 1310954452246583: <private>
Aug 28 14:21:46.708090 watchdogd[57] <Info>: 1310954452250875: <private>
Aug 28 14:21:46.708366 watchdogd[57] <Info>: 1310954452254916: <private>
Aug 28 14:21:46.880852 biometrickitd(CoreMotion)[109] <Debug>: Ping timer fired, resetting watchdog
Aug 28 14:21:49.056998 mediaserverd(CoreMotion)[36] <Debug>: Ping timer fired, resetting watchdog
Aug 28 14:21:49.089933 nearbyd(CoreMotion)[157] <Debug>: Ping timer fired, resetting watchdog
Aug 28 14:21:49.150963 locationd[69] <Debug>: Ping timer fired, resetting watchdog
    <UITouch: 0x109d73c70> phase: Began tap count: 1 force: 0.000 window: <SBHomeScreenWindow: 0x1051b4220; HomeScreen-0x1051b4220-4; baseClass = UIWindow; frame = (0 0; 375 667); clipsToBounds = YES; opaque = NO; gestureRecognizers = <NSArray: 0x281278180>; layer = <UIWindowLayer: 0x281273180>> view: <SBIconView: 0x104917000; frame: {{114, 382}, {60, 74}}; icon: <SBApplicationIcon: 0x28337b880; nodeID: dev.selfhost.firstActivationProbe; bundleID: dev.selfhost.firstActivationProbe>; location: SBIconLocationRoot; isTouchDownInIcon: YES> location in window: {138, 435} previous location in window: {138, 435} location in view: {24, 53} previous location in view: {24, 53}
Aug 28 14:21:49.377126 SpringBoard(SplashBoard)[47602] <Info>: Loading image for <XBApplicationSnapshot: 0x109d3cb20; …A909693DA7E7> [dev.selfhost.firstActivationProbe]
Aug 28 14:21:49.377328 SpringBoard(SplashBoard)[47602] <Info>: <XBApplicationSnapshot: 0x109d3cb20; …A909693DA7E7> [dev.selfhost.firstActivationProbe] not purging the cached image; force: 0; _imageAccessCount: 0; _keepImageAccessUntilExpiration: 0; _hasProtectedContent: 0; _keepImageAccessForPreheat: 1
Aug 28 14:21:49.402760 SpringBoard(Security)[47602] <Debug>: open(/private/var/containers/Bundle/Application/1EC21BA9-82AA-4B85-B2FC-10B206BC5C35/Runner.app/Runner,0x0,0x1b6) = 35
Aug 28 14:21:49.403283 SpringBoard(Security)[47602] <Debug>: open(/private/var/containers/Bundle/Application/1EC21BA9-82AA-4B85-B2FC-10B206BC5C35/Runner.app/Runner,0x0,0x1b6) = 36
Aug 28 14:21:49.406598 SpringBoard(Security)[47602] <Debug>: 6151 signing bytes in 5 blob(s) from /private/var/containers/Bundle/Application/1EC21BA9-82AA-4B85-B2FC-10B206BC5C35/Runner.app/Runner(arm64)
Aug 28 14:21:49.416641 SpringBoard(Security)[47602] <Debug>: open(/private/var/containers/Bundle/Application/1EC21BA9-82AA-4B85-B2FC-10B206BC5C35/Runner.app/Info.plist,0x0,0x1b6) = 35
Aug 28 14:21:49.418626 SpringBoard(Security)[47602] <Debug>: 0x10a183498 done serializing <?xml version="1.0" encoding="UTF-8"?><!DOCTYPE plist PUBLIC "-//Apple//DTD PLIST 1.0//EN" "https://www.apple.com/DTDs/PropertyList-1.0.dtd"><plist version="1.0"><dict><key>application-identifier</key><string>SK85S6YZP9.dev.selfhost.firstActivationProbe</string><key>com.apple.developer.team-identifier</key><string>SK85S6YZP9</string><key>get-task-allow</key><true/></dict></plist>
        <SBLayoutElement: 0x2808d0c40; uniqueIdentifier: sceneID:dev.selfhost.firstActivationProbe-default; layoutRole: primary> {
            SBLayoutRolePrimary = <SBDeviceApplicationSceneEntity: 0x283e96760; ID: sceneID:dev.selfhost.firstActivationProbe-default; layoutRole: primary> {
                        fromIconWithLeafIdentifier = dev.selfhost.firstActivationProbe;
Aug 28 14:21:49.486723 SpringBoard(FrontBoard)[47602] <Notice>: Asked to bootstrap a new process with identity: application<dev.selfhost.firstActivationProbe>
Aug 28 14:21:49.486836 SpringBoard(FrontBoard)[47602] <Notice>: Creating process (sync=true) with identity: application<dev.selfhost.firstActivationProbe>
Aug 28 14:21:49.486940 SpringBoard(FrontBoard)[47602] <Notice>: Created <FBWorkspace: 0x282a774f0; application<dev.selfhost.firstActivationProbe>>
Aug 28 14:21:49.486975 SpringBoard(FrontBoard)[47602] <Notice>: Bootstrapping application<dev.selfhost.firstActivationProbe> with intent foreground-interactive
Aug 28 14:21:49.534807 SpringBoard(RunningBoardServices)[47602] <Info>: Sending launch request: <RBSLaunchRequest| application<dev.selfhost.firstActivationProbe>; "FBApplicationProcess">
Aug 28 14:21:49.536262 runningboardd(RunningBoard)[33] <Notice>: Acquiring assertion targeting application<dev.selfhost.firstActivationProbe> from originator [daemon<com.apple.SpringBoard>:47602] with description <RBSAssertionDescriptor| "FBApplicationProcess" ID:33-47602-7837 target:application<dev.selfhost.firstActivationProbe> attributes:[
	<RBSDomainAttribute| domain:"com.apple.frontboard" name:"Bootstrap-Foreground" sourceEnvironment:"(null)">,
Aug 28 14:21:49.536702 runningboardd(RunningBoard)[33] <Notice>: Assertion 33-47602-7837 (target:application<dev.selfhost.firstActivationProbe>) will be created as active
Aug 28 14:21:49.536826 runningboardd(RunningBoard)[33] <Notice>: Executing launch request for application<dev.selfhost.firstActivationProbe> (FBApplicationProcess)
Aug 28 14:21:49.537367 runningboardd(RunningBoard)[33] <Notice>: Creating and launching job for: application<dev.selfhost.firstActivationProbe>
Aug 28 14:21:49.537426 runningboardd(RunningBoard)[33] <Notice>: _mutateContextIfNeeded called for dev.selfhost.firstActivationProbe
        <SBLayoutElement: 0x2808d0c40; uniqueIdentifier: sceneID:dev.selfhost.firstActivationProbe-default; layoutRole: primary> {
Aug 28 14:21:49.548800 SpringBoard(SplashBoard)[47602] <Info>: Loading image for <XBApplicationSnapshot: 0x109ddf7d0; …2F3B89D0D3F1> [dev.selfhost.firstActivationProbe]
Aug 28 14:21:49.548889 SpringBoard(SplashBoard)[47602] <Info>: <XBApplicationSnapshot: 0x109ddf7d0; …2F3B89D0D3F1> [dev.selfhost.firstActivationProbe] not purging the cached image; force: 0; _imageAccessCount: 2; _keepImageAccessUntilExpiration: 0; _hasProtectedContent: 0; _keepImageAccessForPreheat: 0
Aug 28 14:21:49.549750 SpringBoard[47602] <Info>: attempted to activate overlay for dev.selfhost.firstActivationProbe, exiting early because app is not blocked
Aug 28 14:21:49.553751 runningboardd(RunningBoard)[33] <Info>: No personas found for bundle identifier: dev.selfhost.firstActivationProbe
Aug 28 14:21:49.553817 runningboardd(RunningBoard)[33] <Debug>: BEGIN suppressing state updates for application<dev.selfhost.firstActivationProbe>
Aug 28 14:21:49.560003 cfprefsd(CoreFoundation)[91] <Debug>: Process 57981 (Runner) sent a request related to { com.apple.UIKit, user: mobile, kCFPreferencesCurrentHost, /Library/Managed Preferences/mobile/com.apple.UIKit.plist, managed: 1 } (0x101812d60)
Aug 28 14:21:49.560076 cfprefsd(CoreFoundation)[91] <Debug>: Process 57981 (Runner) sent a request related to { com.apple.UIKit, user: kCFPreferencesAnyUser, kCFPreferencesCurrentHost, /Library/Managed Preferences/com.apple.UIKit.plist, managed: 1 } (0x101812d60)
Aug 28 14:21:49.560162 cfprefsd(CoreFoundation)[91] <Debug>: Process 57981 (Runner) sent a request related to { com.apple.UIKit, user: mobile, kCFPreferencesAnyHost, /var/mobile/Library/Preferences/com.apple.UIKit.plist, managed: 0 } (0x100317d00)
Aug 28 14:21:49.560218 cfprefsd(CoreFoundation)[91] <Debug>: Process 57981 (Runner) read data for { com.apple.UIKit, mobile, kCFPreferencesAnyHost, /var/mobile/Library/Preferences/com.apple.UIKit.plist, managed: 0 }, backed by /private/var/mobile/Library/Preferences/com.apple.UIKit.plist
Aug 28 14:21:49.560265 runningboardd(RunningBoard)[33] <Info>: _requestedJetsamPriority = 3, _executablePath = /var/containers/Bundle/Application/1EC21BA9-82AA-4B85-B2FC-10B206BC5C35/Runner.app/Runner
Aug 28 14:21:49.560354 runningboardd(RunningBoard)[33] <Info>: _doesOverrideManagement = 1, _overrideManageFlags = 255, _underlyingAssertion = (null), _variableEUID = 0, _specifiedIdenity = application<dev.selfhost.firstActivationProbe> _beforeTranslocationBundlePath = (null), _disableFreezing = 0
Aug 28 14:21:49.560456 runningboardd(RunningBoard)[33] <Notice>: [application<dev.selfhost.firstActivationProbe>:57981] This process will be managed.
Aug 28 14:21:49.560494 runningboardd(RunningBoard)[33] <Notice>: Now tracking process: [application<dev.selfhost.firstActivationProbe>:57981]
Aug 28 14:21:49.560553 cfprefsd(CoreFoundation)[91] <Debug>: Process 57981 (Runner) sent a request related to { kCFPreferencesAnyApplication, user: mobile, kCFPreferencesCurrentHost, /Library/Managed Preferences/mobile/.GlobalPreferences.plist, managed: 1 } (0x10030c020)
Aug 28 14:21:49.560600 cfprefsd(CoreFoundation)[91] <Debug>: Process 57981 (Runner) read data for { kCFPreferencesAnyApplication, mobile, kCFPreferencesCurrentHost, /Library/Managed Preferences/mobile/.GlobalPreferences.plist, managed: 1 }, backed by /private/var/Managed Preferences/mobile/.GlobalPreferences.plist
Aug 28 14:21:49.560646 cfprefsd(CoreFoundation)[91] <Debug>: Process 57981 (Runner) sent a request related to { kCFPreferencesAnyApplication, user: mobile, kCFPreferencesAnyHost, /var/mobile/Library/Preferences/.GlobalPreferences.plist, managed: 0 } (0x10030c3f0)
Aug 28 14:21:49.560683 cfprefsd(CoreFoundation)[91] <Debug>: Process 57981 (Runner) read data for { kCFPreferencesAnyApplication, mobile, kCFPreferencesAnyHost, /var/mobile/Library/Preferences/.GlobalPreferences.plist, managed: 0 }, backed by /private/var/mobile/Library/Preferences/.GlobalPreferences.plist
Aug 28 14:21:49.560733 cfprefsd(CoreFoundation)[91] <Debug>: Process 57981 (Runner) sent a request related to { com.apple.UIKit, user: kCFPreferencesAnyUser, kCFPreferencesCurrentHost, /var/preferences/com.apple.UIKit.plist, managed: 0 } (0x101836390)
<SBTransitionSwitcherModifierEvent: 0x28216fc00; type: MainTransition; transitionID: EA0B3412-7761-4C85-AF16-34A61A908CB0; phase: Prepare; animated: YES; fromAppLayout: 0x0; toAppLayout: <SBAppLayout: 0x280845800; primary: dev.selfhost.firstActivationProbe:default; environment: main>; fromEnvironmentMode: home-screen; toEnvironmentMode: application; pendingTermination: {(
)}; activating: <SBAppLayout: 0x280845800; primary: dev.selfhost.firstActivationProbe:default; environment: main>; dosidoTransitionDirection: 0>
	    <SBIconOverlayVisibilitySwitcherEventResponse: 0x2808e2140; visible: YES; appLayout: <SBAppLayout: 0x280845800; primary: dev.selfhost.firstActivationProbe:default; environment: main>>;
	    <SBIconViewVisibilitySwitcherEventResponse: 0x283e00370; visible: NO; animationSettings: 0x0; appLayout: <SBAppLayout: 0x280845800; primary: dev.selfhost.firstActivationProbe:default; environment: main>>;
Aug 28 14:21:49.560935 runningboardd(RunningBoard)[33] <Notice>: Using default underlying assertion for app: [application<dev.selfhost.firstActivationProbe>:57981]
Aug 28 14:21:49.560954 runningboardd(RunningBoard)[33] <Notice>: Acquiring assertion targeting [application<dev.selfhost.firstActivationProbe>:57981] from originator [application<dev.selfhost.firstActivationProbe>:57981] with description <RBSAssertionDescriptor| "RB Underlying Assertion" ID:33-33-7838 target:57981 attributes:[
Aug 28 14:21:49.560972 runningboardd(RunningBoard)[33] <Notice>: Assertion 33-33-7838 (target:[application<dev.selfhost.firstActivationProbe>:57981]) will be created as active
Aug 28 14:21:49.561005 runningboardd(RunningBoard)[33] <Debug>: Adding assertion 33-47602-7837 (target:application<dev.selfhost.firstActivationProbe>)
Aug 28 14:21:49.561088 Runner(CoreFoundation)[57981] <Debug>: Using ~iphone resources
Aug 28 14:21:49.561135 Runner(CoreFoundation)[57981] <Debug>: CFPrefsManagedSource<0x281cd8900> (Domain: com.apple.UIKit, User: kCFPreferencesCurrentUser, ByHost: Yes, Container: (null), Contents Need Refresh: No) loaded: an empty base plist and no additional changes from the base plist
Aug 28 14:21:49.561158 Runner(CoreFoundation)[57981] <Debug>: CFPrefsManagedSource<0x281cd8980> (Domain: com.apple.UIKit, User: kCFPreferencesAnyUser, ByHost: Yes, Container: (null), Contents Need Refresh: No) loaded: an empty base plist and no additional changes from the base plist
Aug 28 14:21:49.561177 Runner(CoreFoundation)[57981] <Debug>: CFPrefsPlistSource<0x281cd8880> (Domain: com.apple.UIKit, User: kCFPreferencesCurrentUser, ByHost: No, Container: (null), Contents Need Refresh: No) loaded: a new base plist and no additional changes from the base plist
Aug 28 14:21:49.561195 Runner(CoreFoundation)[57981] <Debug>: CFPrefsManagedSource<0x281cd8b00> (Domain: kCFPreferencesAnyApplication, User: kCFPreferencesCurrentUser, ByHost: Yes, Container: (null), Contents Need Refresh: No) loaded: a new base plist and no additional changes from the base plist
Aug 28 14:21:49.561212 Runner(CoreFoundation)[57981] <Debug>: CFPrefsPlistSource<0x281cdcc80> (Domain: kCFPreferencesAnyApplication, User: kCFPreferencesCurrentUser, ByHost: No, Container: (null), Contents Need Refresh: No) loaded: a new base plist and no additional changes from the base plist
Aug 28 14:21:49.561473 cfprefsd(CoreFoundation)[91] <Debug>: Process 57981 (Runner) sent a request related to { kCFPreferencesAnyApplication, user: kCFPreferencesAnyUser, kCFPreferencesCurrentHost, /var/preferences/.GlobalPreferences.plist, managed: 0 } (0x100316b90)
Aug 28 14:21:49.561559 cfprefsd(CoreFoundation)[91] <Debug>: Process 57981 (Runner) sent a request related to { dev.selfhost.firstActivationProbe, user: mobile, kCFPreferencesCurrentHost, /Library/Managed Preferences/mobile/dev.selfhost.firstActivationProbe.plist, managed: 1 } (0x10183db90)
Aug 28 14:21:49.561697 cfprefsd(CoreFoundation)[91] <Debug>: Process 57981 (Runner) sent a request related to { dev.selfhost.firstActivationProbe, user: kCFPreferencesAnyUser, kCFPreferencesCurrentHost, /Library/Managed Preferences/dev.selfhost.firstActivationProbe.plist, managed: 1 } (0x10183db90)
Aug 28 14:21:49.561751 Runner(CoreFoundation)[57981] <Debug>: CFPrefsPlistSource<0x281cdcd00> (Domain: com.apple.UIKit, User: kCFPreferencesAnyUser, ByHost: Yes, Container: (null), Contents Need Refresh: No) loaded: an empty base plist and no additional changes from the base plist
Aug 28 14:21:49.562580 Runner(CoreFoundation)[57981] <Debug>: CFPrefsPlistSource<0x281cdd380> (Domain: kCFPreferencesAnyApplication, User: kCFPreferencesAnyUser, ByHost: Yes, Container: (null), Contents Need Refresh: No) loaded: an empty base plist and no additional changes from the base plist
Aug 28 14:21:49.562654 Runner(CoreFoundation)[57981] <Debug>: found no value for key LogHIDEventFiltered in CFPrefsSearchListSource<0x281cd8800> (Domain: com.apple.UIKit, Container: (null))
Aug 28 14:21:49.563468 Runner(CoreFoundation)[57981] <Debug>: found no value for key LogHIDEventIncoming in CFPrefsSearchListSource<0x281cd8800> (Domain: com.apple.UIKit, Container: (null))
Aug 28 14:21:49.563585 Runner(libMobileGestalt.dylib)[57981] <Notice>: Cache loaded with 4896 pre-cached in CacheData and 49 items in CacheExtra.
Aug 28 14:21:49.563651 Runner(CoreFoundation)[57981] <Debug>: found no value for key LogApplication in CFPrefsSearchListSource<0x281cd8800> (Domain: com.apple.UIKit, Container: (null))
Aug 28 14:21:49.563734 runningboardd(RunningBoard)[33] <Info>: application<dev.selfhost.firstActivationProbe> is now targeted by 1 assertions
Aug 28 14:21:49.563954 runningboardd(RunningBoard)[33] <Debug>: Adding assertion 33-33-7838 (target:[application<dev.selfhost.firstActivationProbe>:57981])
Aug 28 14:21:49.564075 runningboardd(RunningBoard)[33] <Info>: application<dev.selfhost.firstActivationProbe> is now targeted by 2 assertions
    bundleIdentifier = dev.selfhost.firstActivationProbe;
    uniqueIdentifier = sceneID:dev.selfhost.firstActivationProbe-default;
Aug 28 14:21:49.564516 Runner(UIKitCore)[57981] <Notice>: Deactivation reason added: 10; deactivation reasons: 0 -> 1024; animating application lifecycle event: 0
Aug 28 14:21:49.564571 Runner(RunningBoardServices)[57981] <Notice>: Initializing connection
Aug 28 14:21:49.564623 Runner(RunningBoardServices)[57981] <Notice>: Removing all cached process handles
Aug 28 14:21:49.564690 Runner(BoardServices)[57981] <Notice>: activating monitor for service com.apple.frontboard.open
Aug 28 14:21:49.564744 Runner(BoardServices)[57981] <Notice>: activating monitor for service com.apple.frontboard.workspace-service
Aug 28 14:21:49.564796 Runner(FrontBoardServices)[57981] <Notice>: FBSWorkspace connecting to endpoint : <private>
Aug 28 14:21:49.564852 backboardd(IOKit)[65] <Notice>: Connection added: IOHIDEventSystemConnection uuid:E05BD82A-FC45-4078-B090-5BBBFEA18629 pid:57981 process:Runner type:Passive entitlements:0x0 caller:BackBoardServices: <redacted> + 336 attributes:{
    bundleID = "dev.selfhost.firstActivationProbe";
Aug 28 14:21:49.564906 backboardd(BackBoardHIDEventFoundation)[65] <Debug>: Got a client addition callback: IOHIDEventSystemConnection uuid:E05BD82A-FC45-4078-B090-5BBBFEA18629 pid:57981 process:Runner type:Passive entitlements:0x0 caller:BackBoardServices: <redacted> + 336 attributes:{
    bundleID = "dev.selfhost.firstActivationProbe";
Aug 28 14:21:49.564963 backboardd(BackBoardHIDEventFoundation)[65] <Info>: HID connection vpid:57981(v7332D) bundleID:dev.selfhost.firstActivationProbe successfully initialized: IOHIDEventSystemConnection uuid:E05BD82A-FC45-4078-B090-5BBBFEA18629 pid:57981 process:Runner type:Passive entitlements:0x0 caller:BackBoardServices: <redacted> + 336 attributes:{
    bundleID = "dev.selfhost.firstActivationProbe";
Aug 28 14:21:49.565088 backboardd(BackBoardHIDEventFoundation)[65] <Notice>: Adding client connection: <BKHIDClientConnection: 0x108e4a280; IOHIDEventSystemConnectionRef: 0x102795260; vpid: 57981(v7332D); taskPort: 0x3B503; bundleID: dev.selfhost.firstActivationProbe> for client: IOHIDEventSystemConnection uuid:E05BD82A-FC45-4078-B090-5BBBFEA18629 pid:57981 process:Runner type:Passive entitlements:0x0 caller:BackBoardServices: <redacted> + 336 attributes:{
    bundleID = "dev.selfhost.firstActivationProbe";
Aug 28 14:21:49.571493 SpringBoard(BaseBoard)[47602] <Debug>:  *|machport|* <BSMachPortTaskNameRight: 0x2808f91c0; usable: YES; (47602:1580f:send task_name_for_pid:Runner.57981)> -> (<NSThread: 0x2808fbc40>{number = 1220, name = (null)}) (
Aug 28 14:21:49.580003 Runner(FrontBoardServices)[57981] <Notice>: FBSWorkspace registering source: <private>
Aug 28 14:21:49.591441 Runner(CoreFoundation)[57981] <Debug>: CFPrefsManagedSource<0x281cdd800> (Domain: dev.selfhost.firstActivationProbe, User: kCFPreferencesCurrentUser, ByHost: Yes, Container: (null), Contents Need Refresh: No) loaded: an empty base plist and no additional changes from the base plist
Aug 28 14:21:49.591611 Runner(CoreFoundation)[57981] <Debug>: CFPrefsManagedSource<0x281cddb80> (Domain: dev.selfhost.firstActivationProbe, User: kCFPreferencesAnyUser, ByHost: Yes, Container: (null), Contents Need Refresh: No) loaded: an empty base plist and no additional changes from the base plist
Aug 28 14:21:49.591692 Runner(CoreFoundation)[57981] <Debug>: CFPrefsPlistSource<0x281cdd780> (Domain: dev.selfhost.firstActivationProbe, User: kCFPreferencesCurrentUser, ByHost: No, Container: (null), Contents Need Refresh: No) loaded: an empty base plist and no additional changes from the base plist
Aug 28 14:21:49.591778 Runner(CoreFoundation)[57981] <Debug>: CFPrefsPlistSource<0x281cde080> (Domain: dev.selfhost.firstActivationProbe, User: kCFPreferencesAnyUser, ByHost: Yes, Container: (null), Contents Need Refresh: No) loaded: an empty base plist and no additional changes from the base plist
Aug 28 14:21:49.592023 Runner(CoreFoundation)[57981] <Debug>: looked up value <private> for key AppleLanguages in CFPrefsPlistSource<0x281cdcc80> (Domain: kCFPreferencesAnyApplication, User: kCFPreferencesCurrentUser, ByHost: No, Container: (null), Contents Need Refresh: No) via CFPrefsSearchListSource<0x281cdd680> (Domain: dev.selfhost.firstActivationProbe, Container: (null))
Aug 28 14:21:49.592799 SpringBoard(FrontBoard)[47602] <Notice>: [application<dev.selfhost.firstActivationProbe>:-1] Bootstrap success!
Aug 28 14:21:49.592988 SpringBoard(BaseBoard)[47602] <Debug>:  *|machport|* <BSMachPortTaskNameRight: 0x280898680; usable: YES; (47602:1580f:send task_name_for_pid:Runner.57981)> -> (<NSThread: 0x28084f680>{number = 1219, name = (null)}) (
Aug 28 14:21:49.593138 SpringBoard(FrontBoard)[47602] <Notice>: Asked to bootstrap a new process for handle: [application<dev.selfhost.firstActivationProbe>:57981]
Aug 28 14:21:49.593429 runningboardd(RunningBoard)[33] <Info>: [application<dev.selfhost.firstActivationProbe>:57981] Applying updated state
Aug 28 14:21:49.594335 runningboardd(RunningBoard)[33] <Debug>: [daemon<com.apple.SpringBoard>:47602] query resolved to [application<dev.selfhost.firstActivationProbe>:57981]
Aug 28 14:21:49.594491 SpringBoard(FrontBoard)[47602] <Notice>: A pending process already exists for this handle: <FBApplicationProcess: 0x10a184770; application<dev.selfhost.firstActivationProbe>:57981(v7332D)>
Aug 28 14:21:49.594909 runningboardd(RunningBoard)[33] <Debug>: Incrementing suppression state to 1 for application<dev.selfhost.firstActivationProbe>
Aug 28 14:21:49.594929 runningboardd(RunningBoard)[33] <Debug>: SUPPRESSING state update for application<dev.selfhost.firstActivationProbe>: <RBSProcessState| task:none debug:none terminationResistance:None endowments:[
	<RBSProcessAssertionInfo| type:2 reason:10000 name:"Domain" domain:"com.apple.frontboard:Bootstrap-Foreground,com.apple.frontboard:Visibility" expl:"FBApplicationProcess">
Aug 28 14:21:49.594948 runningboardd(RunningBoard)[33] <Debug>: Incrementing suppression state to 2 for application<dev.selfhost.firstActivationProbe>
Aug 28 14:21:49.594967 runningboardd(RunningBoard)[33] <Notice>: Calculated state for application<dev.selfhost.firstActivationProbe>: running-active (role: UserInteractiveFocal)
Aug 28 14:21:49.594986 runningboardd(RunningBoard)[33] <Debug>: Sending state update for application<dev.selfhost.firstActivationProbe>: <RBSProcessState| task:running-active debug:none terminationResistance:Interactive endowments:[
	<RBSProcessAssertionInfo| type:2 reason:10000 name:"Domain" domain:"com.apple.frontboard:Bootstrap-Foreground,com.apple.frontboard:Visibility" expl:"FBApplicationProcess">
Aug 28 14:21:49.596422 SpringBoard(FrontBoard)[47602] <Notice>: [application<dev.selfhost.firstActivationProbe>:57981] Setting process task state to: Running
Aug 28 14:21:49.596776 SpringBoard(FrontBoard)[47602] <Notice>: [application<dev.selfhost.firstActivationProbe>:57981] Setting process visibility to: Foreground
Aug 28 14:21:49.597146 SpringBoard(FrontBoard)[47602] <Notice>: [application<dev.selfhost.firstActivationProbe>:57981] Registering event dispatcher at connect
Aug 28 14:21:49.597541 SpringBoard(FrontBoardServices)[47602] <Info>: [application<dev.selfhost.firstActivationProbe>:57981] [realTime] Now monitoring resource allowance of 20.00s (at refreshInterval -1.00s)
Aug 28 14:21:49.597698 SpringBoard(FrontBoard)[47602] <Info>: Registering workspace for processHandle: [application<dev.selfhost.firstActivationProbe>:57981]
Aug 28 14:21:49.597838 SpringBoard(FrontBoard)[47602] <Notice>: [application<dev.selfhost.firstActivationProbe>:57981] Initial launch assertion state: ForegroundFocal.
Aug 28 14:21:49.647917 runningboardd(RunningBoard)[33] <Debug>: Incrementing suppression state to 3 for application<dev.selfhost.firstActivationProbe>
Aug 28 14:21:49.648065 runningboardd(RunningBoard)[33] <Info>: Ignoring insignificant state update for application<dev.selfhost.firstActivationProbe>
Aug 28 14:21:49.648601 SpringBoard(FrontBoard)[47602] <Notice>: Adding: <FBApplicationProcess: 0x10a184770; application<dev.selfhost.firstActivationProbe>:57981(v7332D)>
Aug 28 14:21:49.651324 SpringBoard(FrontBoard)[47602] <Info>: FBWorkspaceDomain: Assigning new workspace connection to workspace (0x282a774f0) owned by process: <FBApplicationProcess: 0x10a184770; application<dev.selfhost.firstActivationProbe>:57981(v7332D)>
Aug 28 14:21:49.662569 SpringBoard(FrontBoard)[47602] <Notice>: [application<dev.selfhost.firstActivationProbe>:57981] Connection established.
Aug 28 14:21:49.662950 SpringBoard(FrontBoard)[47602] <Notice>: change foreground process from list:<FBApplicationProcess: 0x10a184770; application<dev.selfhost.firstActivationProbe>:57981(v7332D)>
Aug 28 14:21:49.663342 SpringBoard(FrontBoard)[47602] <Notice>: [application<dev.selfhost.firstActivationProbe>:57981] Connection to remote process established!
Aug 28 14:21:49.663474 SpringBoard(FrontBoardServices)[47602] <Info>: [application<dev.selfhost.firstActivationProbe>:57981] [realTime] Stopped monitoring.
Aug 28 14:21:49.663915 backboardd(IOKit)[65] <Debug>: SetProperty called IOHIDEventSystemClientIsUnresponsive=0 caller=IOHIDEventSystemConnection uuid:E05BD82A-FC45-4078-B090-5BBBFEA18629 pid:57981 process:Runner type:Passive entitlements:0x0 caller:BackBoardServices: <redacted> + 336 attributes:{
    bundleID = "dev.selfhost.firstActivationProbe";
Aug 28 14:21:49.665080 SpringBoard(FrontBoard)[47602] <Info>: Setting BKSEventFocusManager's foreground app to: <FBApplicationProcess: 0x10a184770; application<dev.selfhost.firstActivationProbe>:57981(v7332D)>
Aug 28 14:21:49.665543 Runner(CoreFoundation)[57981] <Debug>: setting new value <private> for key <private> in CFPrefsSource<0x2827dc5c0> (Domain: Volatile, User: , ByHost: No, Container: , Contents Need Refresh: No)
Aug 28 14:21:49.665562 Runner(CoreFoundation)[57981] <Debug>: setting new value <private> for key <private> in CFPrefsSource<0x2827dc5c0> (Domain: Volatile, User: , ByHost: No, Container: , Contents Need Refresh: No)
Aug 28 14:21:49.665648 Runner(CoreFoundation)[57981] <Debug>: setting new value <private> for key <private> in CFPrefsSource<0x2827dc5c0> (Domain: Volatile, User: , ByHost: No, Container: , Contents Need Refresh: No)
Aug 28 14:21:49.665764 Runner(FrontBoardServices)[57981] <Notice>: FBSWorkspace connected to endpoint : <private>
Aug 28 14:21:49.665802 Runner(RunningBoardServices)[57981] <Notice>: Added observer for process assertions expiration warning: <_RBSExpirationWarningClient: 0x2832c9a00>
Aug 28 14:21:49.665822 Runner(CoreFoundation)[57981] <Debug>: found no value for key UIScreenIsCapturedValue in CFPrefsSearchListSource<0x281cd8800> (Domain: com.apple.UIKit, Container: (null))
Aug 28 14:21:49.666880 SpringBoard(FrontBoardServices)[47602] <Debug>: [application<dev.selfhost.firstActivationProbe>:57981] [realTime] Updated resource consumption: 0.001s (0.01%)
Aug 28 14:21:49.667193 Runner(CoreFoundation)[57981] <Debug>: looked up value <private> for key AppleLanguages in CFPrefsPlistSource<0x281cdcc80> (Domain: kCFPreferencesAnyApplication, User: kCFPreferencesCurrentUser, ByHost: No, Container: (null), Contents Need Refresh: No) via CFPrefsSearchListSource<0x281cdd680> (Domain: dev.selfhost.firstActivationProbe, Container: (null))
Aug 28 14:21:49.667510 Runner(CoreFoundation)[57981] <Debug>: Language lookup at <private>
Aug 28 14:21:49.667528 Runner(CoreFoundation)[57981] <Debug>: Resource lookup at <private>
Aug 28 14:21:49.667546 Runner(CoreFoundation)[57981] <Debug>: found no value for key _UIEnableLegacyRTL in CFPrefsSearchListSource<0x281cd8800> (Domain: com.apple.UIKit, Container: (null))
Aug 28 14:21:49.667600 Runner(CoreFoundation)[57981] <Debug>: found no value for key NSTighteningFactorForTruncation in CFPrefsSearchListSource<0x281cdd680> (Domain: dev.selfhost.firstActivationProbe, Container: (null))
Aug 28 14:21:49.667663 Runner(CoreFoundation)[57981] <Debug>: found no value for key NSTighteningFactorForTruncation in CFPrefsSearchListSource<0x281cdd680> (Domain: dev.selfhost.firstActivationProbe, Container: (null))
Aug 28 14:21:49.668014 SpringBoard(FrontBoard)[47602] <Info>: [application<dev.selfhost.firstActivationProbe>:57981] Provision <FBSProcessResourceProvision: 0x282f3d050; allowance: <; FBSProcessResourceAllowance; type: realTime; timeValue: 20.0s>> has remainder <FBSProcessResourceProvision: 0x282f2aac0; allowance: <; FBSProcessResourceAllowance; type: realTime; timeValue: 20.00s>>
Aug 28 14:21:49.671587 cfprefsd(CoreFoundation)[91] <Debug>: Process 57981 (Runner) sent a request related to { dev.selfhost.firstActivationProbe, user: mobile, kCFPreferencesAnyHost, /var/mobile/Containers/Data/Application/18E6667F-E66B-4E74-92D9-B14869861554/Library/Preferences/dev.selfhost.firstActivationProbe.plist, managed: 0 } (0x10183db90)
Aug 28 14:21:49.671739 cfprefsd(CoreFoundation)[91] <Debug>: Process 57981 (Runner) sent a request related to { dev.selfhost.firstActivationProbe, user: kCFPreferencesAnyUser, kCFPreferencesCurrentHost, /var/preferences/dev.selfhost.firstActivationProbe.plist, managed: 0 } (0x101812d60)
Aug 28 14:21:49.671913 cfprefsd(CoreFoundation)[91] <Debug>: Process 57981 (Runner) sent a request related to { com.apple.Accessibility, user: mobile, kCFPreferencesCurrentHost, /Library/Managed Preferences/mobile/com.apple.Accessibility.plist, managed: 1 } (0x101814050)
Aug 28 14:21:49.671988 SpringBoard(FrontBoard)[47602] <Info>: [application<dev.selfhost.firstActivationProbe>:57981] Made scene-create policy: <FBSProcessWatchdogPolicy: 0x281db7180; name: "scene create after launch"> {
Aug 28 14:21:49.672103 SpringBoard(FrontBoardServices)[47602] <Debug>: [application<dev.selfhost.firstActivationProbe>:57981] Invalidating <FBProcessWatchdog: 0x283ed2710; name: process-launch; time: 20.0s>
Aug 28 14:21:49.672329 SpringBoard(FrontBoardServices)[47602] <Debug>: [application<dev.selfhost.firstActivationProbe>:57981] [realTime] Invalidated
Aug 28 14:21:49.672428 runningboardd(RunningBoard)[33] <Notice>: Calculated state for application<dev.selfhost.firstActivationProbe>: running-active (role: UserInteractiveFocal)
Aug 28 14:21:49.675318 runningboardd(RunningBoard)[33] <Debug>: SUPPRESSING state update for application<dev.selfhost.firstActivationProbe>: <RBSProcessState| task:running-active debug:none terminationResistance:Interactive endowments:[
	<RBSProcessAssertionInfo| type:2 reason:10000 name:"Domain" domain:"com.apple.frontboard:Bootstrap-Foreground,com.apple.frontboard:Visibility" expl:"FBApplicationProcess">,
Aug 28 14:21:49.675462 runningboardd(RunningBoard)[33] <Debug>: Decrementing suppression state to 2 for application<dev.selfhost.firstActivationProbe>
Aug 28 14:21:49.676115 runningboardd(RunningBoard)[33] <Debug>: Sending state 0x1011d87e0 for application<dev.selfhost.firstActivationProbe> to [daemon<com.apple.SpringBoard>:47602]
Aug 28 14:21:49.676247 runningboardd(RunningBoard)[33] <Notice>: [application<dev.selfhost.firstActivationProbe>:57981] Set jetsam priority to 10 [0] flag[1]
Aug 28 14:21:49.676308 runningboardd(RunningBoard)[33] <Info>: Finished acquiring assertion 33-47602-7837 (target:application<dev.selfhost.firstActivationProbe>)
Aug 28 14:21:49.679131 cfprefsd(CoreFoundation)[91] <Debug>: Process 57981 (Runner) sent a request related to { com.apple.Accessibility, user: kCFPreferencesAnyUser, kCFPreferencesCurrentHost, /Library/Managed Preferences/com.apple.Accessibility.plist, managed: 1 } (0x101814300)
Aug 28 14:21:49.679252 cfprefsd(CoreFoundation)[91] <Debug>: Process 57981 (Runner) sent a request related to { com.apple.Accessibility, user: mobile, kCFPreferencesAnyHost, /var/mobile/Library/Preferences/com.apple.Accessibility.plist, managed: 0 } (0x100311170)
Aug 28 14:21:49.679772 cfprefsd(CoreFoundation)[91] <Debug>: Process 57981 (Runner) read data for { com.apple.Accessibility, mobile, kCFPreferencesAnyHost, /var/mobile/Library/Preferences/com.apple.Accessibility.plist, managed: 0 }, backed by /private/var/mobile/Library/Preferences/com.apple.Accessibility.plist
Aug 28 14:21:49.679855 cfprefsd(CoreFoundation)[91] <Debug>: Process 57981 (Runner) sent a request related to { com.apple.Accessibility, user: kCFPreferencesAnyUser, kCFPreferencesCurrentHost, /var/preferences/com.apple.Accessibility.plist, managed: 0 } (0x1018145a0)
Aug 28 14:21:49.680614 runningboardd(RunningBoard)[33] <Debug>: Decrementing suppression state to 1 for application<dev.selfhost.firstActivationProbe>
Aug 28 14:21:49.680673 kernel(Sandbox)[0] <Notice>: /private/var/containers/Bundle/Application/1EC21BA9-82AA-4B85-B2FC-10B206BC5C35/Runner.app/Runner[57981] ==> container
Aug 28 14:21:49.680718 kernel(Sandbox)[0] <Error>: Sandbox: Runner(57981) deny(2) file-test-existence /private/etc/.mdns_debug
Aug 28 14:21:49.681022 Runner(CoreFoundation)[57981] <Debug>: found no value for key NSAllowsDefaultTighteningForTruncation in CFPrefsSearchListSource<0x281cdd680> (Domain: dev.selfhost.firstActivationProbe, Container: (null))
Aug 28 14:21:49.681045 Runner(CoreFoundation)[57981] <Debug>: found no value for key NSUsesDefaultHyphenation in CFPrefsSearchListSource<0x281cdd680> (Domain: dev.selfhost.firstActivationProbe, Container: (null))
Aug 28 14:21:49.681088 Runner(CoreFoundation)[57981] <Debug>: found no value for key NSDefaultHyphenationFactor in CFPrefsSearchListSource<0x281cdd680> (Domain: dev.selfhost.firstActivationProbe, Container: (null))
Aug 28 14:21:49.681109 Runner(CoreFoundation)[57981] <Debug>: found no value for key NSForceRightToLeftWritingDirection in CFPrefsSearchListSource<0x281cdd680> (Domain: dev.selfhost.firstActivationProbe, Container: (null))
Aug 28 14:21:49.681291 Runner(RunningBoardServices)[57981] <Notice>: Sending handshake request attempt #1 to server
Aug 28 14:21:49.681312 Runner(RunningBoardServices)[57981] <Notice>: Creating connection to com.apple.runningboard
Aug 28 14:21:49.681352 Runner(CoreFoundation)[57981] <Debug>: CFPrefsManagedSource<0x281cdb000> (Domain: com.apple.Accessibility, User: kCFPreferencesCurrentUser, ByHost: Yes, Container: (null), Contents Need Refresh: No) loaded: an empty base plist and no additional changes from the base plist
Aug 28 14:21:49.681387 Runner(CoreFoundation)[57981] <Debug>: CFPrefsManagedSource<0x281cdcf80> (Domain: com.apple.Accessibility, User: kCFPreferencesAnyUser, ByHost: Yes, Container: (null), Contents Need Refresh: No) loaded: an empty base plist and no additional changes from the base plist
Aug 28 14:21:49.681424 Runner(CoreFoundation)[57981] <Debug>: CFPrefsPlistSource<0x281cdce80> (Domain: com.apple.Accessibility, User: kCFPreferencesCurrentUser, ByHost: No, Container: (null), Contents Need Refresh: No) loaded: a new base plist and no additional changes from the base plist
Aug 28 14:21:49.681443 Runner(CoreFoundation)[57981] <Debug>: CFPrefsPlistSource<0x281cdb100> (Domain: com.apple.Accessibility, User: kCFPreferencesAnyUser, ByHost: Yes, Container: (null), Contents Need Refresh: No) loaded: an empty base plist and no additional changes from the base plist
Aug 28 14:21:49.681461 Runner(CoreFoundation)[57981] <Debug>: found no value for key ForceTouchEnabled in CFPrefsSearchListSource<0x281cdaf00> (Domain: com.apple.Accessibility, Container: (null))
<SBTransitionSwitcherModifierEvent: 0x28216a100; type: MainTransition; transitionID: EA0B3412-7761-4C85-AF16-34A61A908CB0; phase: Animate; animated: YES; fromAppLayout: 0x0; toAppLayout: <SBAppLayout: 0x280845800; primary: dev.selfhost.firstActivationProbe:default; environment: main>; fromEnvironmentMode: home-screen; toEnvironmentMode: application; pendingTermination: {(
)}; activating: <SBAppLayout: 0x280845800; primary: dev.selfhost.firstActivationProbe:default; environment: main>; dosidoTransitionDirection: 0>
Aug 28 14:21:49.681584 Runner(libAccessibility.dylib)[57981] <Debug>: CF Read: domain = com.apple.Accessibility, preference = ForceTouchEnabled, appID = (null) result = (null) (-1 - empty, 0 - false, 1 - true)
Aug 28 14:21:49.681607 Runner(CoreFoundation)[57981] <Debug>: found no value for key ForceTouchEnabled in CFPrefsPlistSource<0x281cdce80> (Domain: com.apple.Accessibility, User: kCFPreferencesCurrentUser, ByHost: No, Container: (null), Contents Need Refresh: No)
Aug 28 14:21:49.681643 Runner(CoreFoundation)[57981] <Debug>: found no value for key UIPreferredContentSizeCategoryName in CFPrefsSearchListSource<0x281cdd680> (Domain: dev.selfhost.firstActivationProbe, Container: (null))
Aug 28 14:21:49.681683 Runner(libAccessibility.dylib)[57981] <Debug>: CF Read Category Name: domain = dev.selfhost.firstActivationProbe, appID = dev.selfhost.firstActivationProbe value = (null)
Aug 28 14:21:49.681703 Runner(libAccessibility.dylib)[57981] <Notice>: Read CategoryName: per-app = 1, category name = (null)
Aug 28 14:21:49.681742 Runner(CoreFoundation)[57981] <Debug>: found no value for key UIPreferredContentSizeCategoryName in CFPrefsSearchListSource<0x281cd8800> (Domain: com.apple.UIKit, Container: (null))
Aug 28 14:21:49.681862 Runner(libAccessibility.dylib)[57981] <Debug>: CF Read Category Name: domain = /var/mobile/Library/Preferences/com.apple.UIKit, appID = (null) value = (null)
Aug 28 14:21:49.681881 Runner(libAccessibility.dylib)[57981] <Notice>: Read CategoryName: per-app = 0, category name = (null)
Aug 28 14:21:49.681899 Runner(CoreFoundation)[57981] <Debug>: found no value for key UICarPlayPreferredContentSizeCategoryName in CFPrefsSearchListSource<0x281cd8800> (Domain: com.apple.UIKit, Container: (null))
Aug 28 14:21:49.681917 Runner(CoreFoundation)[57981] <Debug>: found no value for key EnhancedTextLegibilityEnabled in CFPrefsSearchListSource<0x281cdaf00> (Domain: com.apple.Accessibility, Container: (null))
Aug 28 14:21:49.682076 Runner(libAccessibility.dylib)[57981] <Debug>: CF Read: domain = com.apple.Accessibility, preference = EnhancedTextLegibilityEnabled, appID = (null) result = (null) (-1 - empty, 0 - false, 1 - true)
Aug 28 14:21:49.682158 Runner(CoreFoundation)[57981] <Debug>: found no value for key EnhancedTextLegibilityEnabled in CFPrefsPlistSource<0x281cdce80> (Domain: com.apple.Accessibility, User: kCFPreferencesCurrentUser, ByHost: No, Container: (null), Contents Need Refresh: No)
Aug 28 14:21:49.682181 Runner(CoreFoundation)[57981] <Debug>: found no value for key DarkenSystemColors in CFPrefsSearchListSource<0x281cdaf00> (Domain: com.apple.Accessibility, Container: (null))
Aug 28 14:21:49.682201 Runner(libAccessibility.dylib)[57981] <Debug>: CF Read: domain = com.apple.Accessibility, preference = DarkenSystemColors, appID = (null) result = (null) (-1 - empty, 0 - false, 1 - true)
Aug 28 14:21:49.682219 Runner(CoreFoundation)[57981] <Debug>: found no value for key DarkenSystemColors in CFPrefsPlistSource<0x281cdce80> (Domain: com.apple.Accessibility, User: kCFPreferencesCurrentUser, ByHost: No, Container: (null), Contents Need Refresh: No)
Aug 28 14:21:49.682237 Runner(CoreFoundation)[57981] <Debug>: found no value for key UITraitCollectionChangeLoggingEnabled in CFPrefsSearchListSource<0x281cdd680> (Domain: dev.selfhost.firstActivationProbe, Container: (null))
Aug 28 14:21:49.682255 Runner(CoreFoundation)[57981] <Debug>: found no value for key UIStateRestorationDebugLogging in CFPrefsSearchListSource<0x281cdd680> (Domain: dev.selfhost.firstActivationProbe, Container: (null))
Aug 28 14:21:49.682494 Runner(CoreFoundation)[57981] <Debug>: Resource lookup at <private>
Aug 28 14:21:49.682513 Runner(CoreFoundation)[57981] <Debug>: looked up value <private> for key AccessibilityEnabled in CFPrefsPlistSource<0x281cdce80> (Domain: com.apple.Accessibility, User: kCFPreferencesCurrentUser, ByHost: No, Container: (null), Contents Need Refresh: No) via CFPrefsSearchListSource<0x281cdaf00> (Domain: com.apple.Accessibility, Container: (null))
Aug 28 14:21:49.682576 Runner(libAccessibility.dylib)[57981] <Debug>: CF Read: domain = com.apple.Accessibility, preference = AccessibilityEnabled, appID = (null) result = 0 (-1 - empty, 0 - false, 1 - true)
Aug 28 14:21:49.682710 Runner(CoreFoundation)[57981] <Debug>: looked up value <private> for key InvertColorsEnabled in CFPrefsPlistSource<0x281cdce80> (Domain: com.apple.Accessibility, User: kCFPreferencesCurrentUser, ByHost: No, Container: (null), Contents Need Refresh: No) via CFPrefsSearchListSource<0x281cdaf00> (Domain: com.apple.Accessibility, Container: (null))
Aug 28 14:21:49.682739 Runner(libAccessibility.dylib)[57981] <Debug>: CF Read: domain = com.apple.Accessibility, preference = InvertColorsEnabled, appID = (null) result = 0 (-1 - empty, 0 - false, 1 - true)
Aug 28 14:21:49.682791 Runner(libAccessibility.dylib)[57981] <Debug>: Read Global: preference = InvertColorsEnabled, result = 0 (-1 - empty, 0 - false, 1 - true)
Aug 28 14:21:49.682821 Runner(libAccessibility.dylib)[57981] <Debug>: Updated cache: preference = InvertColorsEnabled, result = 0 (-1 - empty, 0 - false, 1 - true)
Aug 28 14:21:49.682841 Runner(CoreFoundation)[57981] <Debug>: looked up value <private> for key ApplicationAccessibilityEnabled in CFPrefsPlistSource<0x281cdce80> (Domain: com.apple.Accessibility, User: kCFPreferencesCurrentUser, ByHost: No, Container: (null), Contents Need Refresh: No) via CFPrefsSearchListSource<0x281cdaf00> (Domain: com.apple.Accessibility, Container: (null))
Aug 28 14:21:49.682891 Runner(libAccessibility.dylib)[57981] <Debug>: CF Read: domain = com.apple.Accessibility, preference = ApplicationAccessibilityEnabled, appID = (null) result = 0 (-1 - empty, 0 - false, 1 - true)
Aug 28 14:21:49.682919 Runner(XCTTargetBootstrap)[57981] <Notice>: Registering for test daemon availability notify post.
Aug 28 14:21:49.682958 runningboardd(RunningBoard)[33] <Notice>: [application<dev.selfhost.firstActivationProbe>:57981] Resuming task.
Aug 28 14:21:49.682984 runningboardd(RunningBoard)[33] <Notice>: [application<dev.selfhost.firstActivationProbe>:57981] Set darwin role to: UserInteractiveFocal
Aug 28 14:21:49.683464 runningboardd(RunningBoard)[33] <Info>: Finished acquiring assertion 33-33-7838 (target:[application<dev.selfhost.firstActivationProbe>:57981])
Aug 28 14:21:49.684076 powerd[43] <Notice>: Process runningboardd.33 Created SystemIsActive "application<dev.selfhost.firstActivationProbe>;(null):(null);33-47602-7837:FBApplicationProcess" age:00:00:00  id:51539650461 [System: SysAct]
Aug 28 14:21:49.684207 Runner(XCTTargetBootstrap)[57981] <Notice>: notify_get_state check indicated test daemon not ready.
Aug 28 14:21:49.684256 Runner(XCTTargetBootstrap)[57981] <Notice>: notify_get_state check indicated test daemon not ready.
Aug 28 14:21:49.684299 Runner(XCTTargetBootstrap)[57981] <Notice>: notify_get_state check indicated test daemon not ready.
Aug 28 14:21:49.684350 Runner(CoreFoundation)[57981] <Debug>: found no value for key UIRequireCrimsonLifecycle in CFPrefsSearchListSource<0x281cd8800> (Domain: com.apple.UIKit, Container: (null))
Aug 28 14:21:49.684423 Runner(UIKitCore)[57981] <Notice>: Deactivation reason added: 11; deactivation reasons: 1024 -> 3072; animating application lifecycle event: 0
Aug 28 14:21:49.684474 Runner(CoreFoundation)[57981] <Debug>: Resource lookup at <private>
Aug 28 14:21:49.687145 runningboardd(RunningBoard)[33] <Info>: Received message from [application<dev.selfhost.firstActivationProbe>:57981] (euid 501, auid 501): handshakeWithRequest:
Aug 28 14:21:49.687221 runningboardd(RunningBoard)[33] <Notice>: Setting client for [application<dev.selfhost.firstActivationProbe>:57981] as ready
Aug 28 14:21:49.689222 SpringBoard(RunningBoardServices)[47602] <Info>: Update delivered for [application<dev.selfhost.firstActivationProbe>:57981] with taskState 4
Aug 28 14:21:49.691196 SpringBoard(FrontBoard)[47602] <Notice>: [application<dev.selfhost.firstActivationProbe>:57981] Registered new scene: <FBUIApplicationWorkspaceScene: 0x282645a00; sceneID:dev.selfhost.firstActivationProbe-default> (fromRemnant = 0)
Aug 28 14:21:49.691224 SpringBoard(FrontBoard)[47602] <Notice>: [sceneID:dev.selfhost.firstActivationProbe-default][1] Scene activated.
Aug 28 14:21:49.691260 SpringBoard(FrontBoard)[47602] <Debug>: [FBSceneManager] PENDING:   <BSEventQueueEvent: 0x281c0c460; didAdd-sceneID:dev.selfhost.firstActivationProbe-default(0)> @ back
Aug 28 14:21:49.691288 SpringBoard(FrontBoard)[47602] <Debug>: [FBSceneManager] EXECUTING: <BSEventQueueEvent: 0x281c0c460; didAdd-sceneID:dev.selfhost.firstActivationProbe-default(0)>
Aug 28 14:21:49.691318 SpringBoard(FrontBoard)[47602] <Debug>: [FBSceneManager] PENDING:   <BSEventQueueEvent: 0x281c0d380; didAdd-sceneID:dev.selfhost.firstActivationProbe-default(0)> @ front
Aug 28 14:21:49.691336 SpringBoard(FrontBoard)[47602] <Debug>: [FBSceneManager] EXECUTING: <BSEventQueueEvent: 0x281c0d380; didAdd-sceneID:dev.selfhost.firstActivationProbe-default(0)>
Aug 28 14:21:49.691354 SpringBoard(FrontBoard)[47602] <Notice>: [application<dev.selfhost.firstActivationProbe>:57981] Workspace interruption policy did change: reconnect
Aug 28 14:21:49.691597 SpringBoard(FrontBoard)[47602] <Info>: Client intercepting scene update for scene: sceneID:dev.selfhost.firstActivationProbe-default
Aug 28 14:21:49.691634 SpringBoard(UIKitCore)[47602] <Notice>: Now tracking: <FBScene: 0x282856280; sceneID:dev.selfhost.firstActivationProbe-default>
Aug 28 14:21:49.691671 SpringBoard(UIKitCore)[47602] <Notice>: [sceneID:dev.selfhost.firstActivationProbe-default] Setting deactivation reasons to: 'systemAnimation' for reason: scene settings update - settings are eligible for deactivation reasons.
Aug 28 14:21:49.691701 SpringBoard(FrontBoard)[47602] <Debug>: START SCENE MUTATION ------- sceneID:dev.selfhost.firstActivationProbe-default
Aug 28 14:21:49.691719 SpringBoard(FrontBoard)[47602] <Debug>: [FBSceneManager] PENDING:   <BSEventQueueEvent: 0x281c62d00; sceneDidActivate-sceneID:dev.selfhost.firstActivationProbe-default(1)> @ back
Aug 28 14:21:49.691802 runningboardd(RunningBoard)[33] <Notice>: Acquiring assertion targeting [application<dev.selfhost.firstActivationProbe>:57981] from originator [daemon<com.apple.SpringBoard>:47602] with description <RBSAssertionDescriptor| "com.apple.frontboard.after-life.interrupted" ID:33-47602-7839 target:57981 attributes:[
Aug 28 14:21:49.691843 SpringBoard(FrontBoard)[47602] <Debug>: [FBSceneManager] PENDING:   <BSEventQueueEvent: 0x281c58ce0; sceneUpdatePrepared-sceneID:dev.selfhost.firstActivationProbe-default(1)> @ back
Aug 28 14:21:49.691893 SpringBoard(FrontBoard)[47602] <Debug>: [FBSceneManager] PENDING:   <BSEventQueueEvent: 0x281db2220; applySettings-sceneID:dev.selfhost.firstActivationProbe-default(1)> @ back
Aug 28 14:21:49.691955 SpringBoard(FrontBoard)[47602] <Debug>: Flushing all events for sceneID:dev.selfhost.firstActivationProbe-default
Aug 28 14:21:49.691998 SpringBoard(FrontBoard)[47602] <Debug>: [FBSceneManager] EXECUTING: <BSEventQueueEvent: 0x281c62d00; sceneDidActivate-sceneID:dev.selfhost.firstActivationProbe-default(1)>
Aug 28 14:21:49.692032 SpringBoard(FrontBoard)[47602] <Debug>: [FBSceneManager] PENDING:   <BSEventQueueEvent: 0x281d60ec0; sceneDidActivate-sceneID:dev.selfhost.firstActivationProbe-default(1)> @ front
Aug 28 14:21:49.692071 SpringBoard(FrontBoard)[47602] <Debug>: [FBSceneManager] EXECUTING: <BSEventQueueEvent: 0x281d60ec0; sceneDidActivate-sceneID:dev.selfhost.firstActivationProbe-default(1)>
Aug 28 14:21:49.692442 SpringBoard[47602] <Notice>: didAddExternalForegroundApplicationSceneHandle pid:57981 scene:com.apple.frontboard.systemappservices::sceneID%3Adev.selfhost.firstActivationProbe-default now:<recentPIDs: [57981]; recentSceneIdentityTokensByPID: {57981: [com.apple.frontboard.systemappservices::sceneID%3Adev.selfhost.firstActivationProbe-default]}>
Aug 28 14:21:49.692460 SpringBoard[47602] <Notice>: policy: MRU target:<pid=57981 token=com.apple.frontboard.systemappservices::sceneID%3Adev.selfhost.firstActivationProbe-default>
Aug 28 14:21:49.692641 SpringBoard[47602] <Notice>: policy: now generation: 424; keyboardFocusTarget: <token: com.apple.frontboard.systemappservices::sceneID%3Adev.selfhost.firstActivationProbe-default; pid: 57981>; recentlyUsedScenes: <recentPIDs: [57981]; recentSceneIdentityTokensByPID: {57981: [com.apple.frontboard.systemappservices::sceneID%3Adev.selfhost.firstActivationProbe-default]}>; selectionPolicy: KeyboardArbiter; shouldSuppressRemoteDeferring: 0
Aug 28 14:21:49.693065 SpringBoard(FrontBoard)[47602] <Debug>: [FBSceneManager] EXECUTING: <BSEventQueueEvent: 0x281c58ce0; sceneUpdatePrepared-sceneID:dev.selfhost.firstActivationProbe-default(1)>
Aug 28 14:21:49.693093 SpringBoard(FrontBoard)[47602] <Debug>: [FBSceneManager] PENDING:   <BSEventQueueEvent: 0x281c1dea0; sceneUpdatePrepared-sceneID:dev.selfhost.firstActivationProbe-default(1)> @ front
Aug 28 14:21:49.693140 SpringBoard(FrontBoard)[47602] <Debug>: [FBSceneManager] EXECUTING: <BSEventQueueEvent: 0x281c1dea0; sceneUpdatePrepared-sceneID:dev.selfhost.firstActivationProbe-default(1)>
Aug 28 14:21:49.693198 SpringBoard(FrontBoard)[47602] <Debug>: [FBSceneManager] EXECUTING: <BSEventQueueEvent: 0x281db2220; applySettings-sceneID:dev.selfhost.firstActivationProbe-default(1)>
Aug 28 14:21:49.693216 SpringBoard(FrontBoard)[47602] <Notice>: [sceneID:dev.selfhost.firstActivationProbe-default] scene content state changed: preparing
Aug 28 14:21:49.693245 SpringBoard(FrontBoard)[47602] <Debug>: [FBSceneManager] PENDING:   <BSEventQueueEvent: 0x281c0b1c0; contentStateDidChange-sceneID:dev.selfhost.firstActivationProbe-default(1)> @ back
Aug 28 14:21:49.693263 SpringBoard(FrontBoard)[47602] <Debug>: [FBSceneManager] PENDING:   <BSEventQueueEvent: 0x281c0af80; sceneUpdateApplied-sceneID:dev.selfhost.firstActivationProbe-default(1)> @ back
Aug 28 14:21:49.693281 SpringBoard(FrontBoard)[47602] <Debug>: [FBSceneManager] PENDING:   <BSEventQueueEvent: 0x281c0ae80; sceneMutationCompletion-sceneID:dev.selfhost.firstActivationProbe-default(1)> @ back
Aug 28 14:21:49.693317 SpringBoard(FrontBoard)[47602] <Debug>: [FBSceneManager] EXECUTING: <BSEventQueueEvent: 0x281c0b1c0; contentStateDidChange-sceneID:dev.selfhost.firstActivationProbe-default(1)>
Aug 28 14:21:49.693351 SpringBoard(FrontBoard)[47602] <Debug>: [FBSceneManager] PENDING:   <BSEventQueueEvent: 0x281c1d620; contentStateDidChange-sceneID:dev.selfhost.firstActivationProbe-default(1)> @ front
Aug 28 14:21:49.693397 SpringBoard(FrontBoard)[47602] <Notice>: [sceneID:dev.selfhost.firstActivationProbe-default] Scene lifecycle state did change: Foreground
Aug 28 14:21:49.693416 SpringBoard(FrontBoard)[47602] <Debug>: [FBSceneManager] EXECUTING: <BSEventQueueEvent: 0x281c1d620; contentStateDidChange-sceneID:dev.selfhost.firstActivationProbe-default(1)>
Aug 28 14:21:49.693470 SpringBoard(FrontBoard)[47602] <Notice>: [sceneID:dev.selfhost.firstActivationProbe-default] Scene assertion state did change: ForegroundFocal.
Aug 28 14:21:49.693592 SpringBoard(FrontBoard)[47602] <Debug>: [FBSceneManager] EXECUTING: <BSEventQueueEvent: 0x281c0af80; sceneUpdateApplied-sceneID:dev.selfhost.firstActivationProbe-default(1)>
Aug 28 14:21:49.693654 SpringBoard(FrontBoard)[47602] <Notice>: [application<dev.selfhost.firstActivationProbe>:57981] Launch assertion supersedes update of workspace assertion to ForegroundFocal.
Aug 28 14:21:49.693675 SpringBoard(FrontBoard)[47602] <Notice>: [application<dev.selfhost.firstActivationProbe>:57981] Workspace assertion state did change: ForegroundFocal (acquireAssertion = NO).
Aug 28 14:21:49.693768 SpringBoard(FrontBoard)[47602] <Debug>: [FBSceneManager] PENDING:   <BSEventQueueEvent: 0x281c1d600; sceneUpdateApplied-sceneID:dev.selfhost.firstActivationProbe-default(1)> @ front
Aug 28 14:21:49.693824 SpringBoard(FrontBoard)[47602] <Debug>: [FBSceneManager] EXECUTING: <BSEventQueueEvent: 0x281c1d600; sceneUpdateApplied-sceneID:dev.selfhost.firstActivationProbe-default(1)>
Aug 28 14:21:49.693887 SpringBoard(FrontBoard)[47602] <Notice>: [sceneID:dev.selfhost.firstActivationProbe-default] Sending scene action [Logical Activate][0xb5ae] to process 0x10a184770 (watchdog: 20.00s)
Aug 28 14:21:49.693923 SpringBoard(FrontBoard)[47602] <Debug>: [FBSceneManager] EXECUTING: <BSEventQueueEvent: 0x281c0ae80; sceneMutationCompletion-sceneID:dev.selfhost.firstActivationProbe-default(1)>
Aug 28 14:21:49.693945 SpringBoard(FrontBoard)[47602] <Debug>: ---------- END SCENE MUTATION: sceneID:dev.selfhost.firstActivationProbe-default
Aug 28 14:21:49.694223 SpringBoard(FrontBoardServices)[47602] <Info>: [application<dev.selfhost.firstActivationProbe>:57981] [realTime] Now monitoring resource allowance of 20.00s (at refreshInterval -1.00s)
Aug 28 14:21:49.694784 Runner(CoreFoundation)[57981] <Debug>: found no value for key UIStateRestorationDeveloperMode in CFPrefsSearchListSource<0x281cdd680> (Domain: dev.selfhost.firstActivationProbe, Container: (null))
Aug 28 14:21:49.694984 Runner(RunningBoardServices)[57981] <Debug>: Received message from server: async_didChangeInheritances:completion:
Aug 28 14:21:49.695020 Runner(RunningBoardServices)[57981] <Info>: didChangeInheritances
Aug 28 14:21:49.695069 Runner(UIKitCore)[57981] <Notice>: Deactivation reason removed: 10; deactivation reasons: 3072 -> 2048; animating application lifecycle event: 0
Aug 28 14:21:49.695130 Runner(RunningBoardServices)[57981] <Info>: didChangeInheritances: <RBSInheritanceChangeSet| gained:{(
Aug 28 14:21:49.695171 Runner(RunningBoardServices)[57981] <Notice>: Handshake succeeded
Aug 28 14:21:49.696230 Runner(RunningBoardServices)[57981] <Notice>: Identity resolved as application<dev.selfhost.firstActivationProbe>
Aug 28 14:21:49.696249 Runner(FrontBoardServices)[57981] <Info>: [FBSScene] [sceneID:dev.selfhost.firstActivationProbe-default] Created client agent: <UIApplicationSceneClientAgent: 0x2830d4190>
Aug 28 14:21:49.696290 Runner(CoreFoundation)[57981] <Debug>: Resource lookup at <private>
	Result        : file:///private/var/containers/Bundle/Application/1EC21BA9-82AA-4B85-B2FC-10B206BC5C35/Runner.app/Base.lproj/Main.storyboardc/
Aug 28 14:21:49.696331 Runner(CoreFoundation)[57981] <Debug>: Resource lookup at <private>
	Result        : file:///private/var/containers/Bundle/Application/1EC21BA9-82AA-4B85-B2FC-10B206BC5C35/Runner.app/Base.lproj/Main.storyboardc/
Aug 28 14:21:49.696366 Runner(CoreFoundation)[57981] <Debug>: Resource lookup at <private>
	Result        : file:///private/var/containers/Bundle/Application/1EC21BA9-82AA-4B85-B2FC-10B206BC5C35/Runner.app/Base.lproj/Main.storyboardc/
Aug 28 14:21:49.696385 Runner(CoreFoundation)[57981] <Debug>: Resource lookup at <private>
	Result        : file:///private/var/containers/Bundle/Application/1EC21BA9-82AA-4B85-B2FC-10B206BC5C35/Runner.app/Base.lproj/Main.storyboardc/
Aug 28 14:21:49.696574 Runner(CoreFoundation)[57981] <Debug>: Resource lookup at <private>
	Result        : file:///private/var/containers/Bundle/Application/1EC21BA9-82AA-4B85-B2FC-10B206BC5C35/Runner.app/Base.lproj/Main.storyboardc/
Aug 28 14:21:49.696606 Runner(CoreFoundation)[57981] <Debug>: Resource lookup at <private>
	Result        : file:///private/var/containers/Bundle/Application/1EC21BA9-82AA-4B85-B2FC-10B206BC5C35/Runner.app/Base.lproj/Main.storyboardc/
Aug 28 14:21:49.696625 Runner(CoreFoundation)[57981] <Debug>: Resource lookup at <private>
	Result        : file:///private/var/containers/Bundle/Application/1EC21BA9-82AA-4B85-B2FC-10B206BC5C35/Runner.app/Base.lproj/Main.storyboardc/
Aug 28 14:21:49.696643 Runner(CoreFoundation)[57981] <Debug>: Resource lookup at <private>
	Result        : file:///private/var/containers/Bundle/Application/1EC21BA9-82AA-4B85-B2FC-10B206BC5C35/Runner.app/Base.lproj/Main.storyboardc/
Aug 28 14:21:49.696661 Runner(CoreFoundation)[57981] <Debug>: Resource lookup at <private>
	Result        : file:///private/var/containers/Bundle/Application/1EC21BA9-82AA-4B85-B2FC-10B206BC5C35/Runner.app/Base.lproj/Main.storyboardc/
Aug 28 14:21:49.696679 Runner(CoreFoundation)[57981] <Debug>: found no value for key _UICanvasShouldDeliverCanvasActionsToCanvasDelegateOnlyKey in CFPrefsSearchListSource<0x281cdd680> (Domain: dev.selfhost.firstActivationProbe, Container: (null))
Aug 28 14:21:49.696731 runningboardd(RunningBoard)[33] <Notice>: Assertion 33-47602-7839 (target:[application<dev.selfhost.firstActivationProbe>:57981]) will be created as inactive as originator process has not exited
Aug 28 14:21:49.696777 runningboardd(RunningBoard)[33] <Info>: Received message from [application<dev.selfhost.firstActivationProbe>:57981] (euid 501, auid 501): acquireAssertionWithDescriptor:error:
Aug 28 14:21:49.696821 runningboardd(RunningBoard)[33] <Notice>: Acquiring assertion targeting [application<dev.selfhost.firstActivationProbe>:57981] from originator [application<dev.selfhost.firstActivationProbe>:57981] with description <RBSAssertionDescriptor| "Shared Background Assertion 0 for dev.selfhost.firstActivationProbe" ID:33-57981-7840 target:57981 attributes:[
Aug 28 14:21:49.696839 runningboardd(RunningBoard)[33] <Notice>: Assertion 33-57981-7840 (target:[application<dev.selfhost.firstActivationProbe>:57981]) will be created as inactive as start-time-defining assertions exist
Aug 28 14:21:49.696858 Runner(CoreFoundation)[57981] <Debug>: found no value for key LogBackgroundTask in CFPrefsSearchListSource<0x281cd8800> (Domain: com.apple.UIKit, Container: (null))
Aug 28 14:21:49.696904 Runner(UIKitCore)[57981] <Notice>: <private>: Will add backgroundTask with taskName: <private>, expirationHandler: <__NSGlobalBlock__: 0x1ec737410>
Aug 28 14:21:49.696942 Runner(UIKitCore)[57981] <Notice>: <private>: Created background task <private>. Assertion will be assigned soon
Aug 28 14:21:49.696965 Runner(UIKitCore)[57981] <Notice>: <private>: Creating new assertion since assertion is nil
Aug 28 14:21:49.697010 Runner(RunningBoardServices)[57981] <Info>: Acquiring assertion: <RBSAssertionDescriptor| "Shared Background Assertion 0 for dev.selfhost.firstActivationProbe" ID:(null) target:57981>
Aug 28 14:21:49.697058 Runner(RunningBoardServices)[57981] <Debug>: Adding assertion 33-57981-7840 to dictionary
Aug 28 14:21:49.697105 Runner(UIKitCore)[57981] <Notice>: <private>: Created new assertion <BKSProcessAssertion: 0x2811de490>
Aug 28 14:21:49.697132 Runner(UIKitCore)[57981] <Notice>: Deactivation reason added: 5; deactivation reasons: 2048 -> 2080; animating application lifecycle event: 1
Aug 28 14:21:49.697187 Runner(CoreFoundation)[57981] <Debug>: found no value for key LogEventDeferring in CFPrefsSearchListSource<0x281cd8800> (Domain: com.apple.UIKit, Container: (null))
Aug 28 14:21:49.697216 Runner(UIKitCore)[57981] <Notice>: [0x2819dd8f0] Initialized with scene: <UIWindowScene: 0x100811f00>; behavior: <_UIEventDeferringBehavior_Default: 0x2832ce160>
Aug 28 14:21:49.697250 Runner(CoreFoundation)[57981] <Debug>: found no value for key LogKeyWindow in CFPrefsSearchListSource<0x281cd8800> (Domain: com.apple.UIKit, Container: (null))
Aug 28 14:21:49.697278 Runner(CoreFoundation)[57981] <Debug>: found no value for key FullKeyboardAccessEnabled in CFPrefsSearchListSource<0x281cdaf00> (Domain: com.apple.Accessibility, Container: (null))
        <SBDeviceApplicationSceneEntity: 0x283e96760; ID: sceneID:dev.selfhost.firstActivationProbe-default; layoutRole: primary>
Aug 28 14:21:49.697376 SpringBoard(FrontBoard)[47602] <Info>: [sceneID:dev.selfhost.firstActivationProbe-default] Client settings updated with diff: <private>
Aug 28 14:21:49.697403 SpringBoard(FrontBoard)[47602] <Info>: [sceneID:dev.selfhost.firstActivationProbe-default] Client settings updated with diff: <private>
Aug 28 14:21:49.697433 Runner(libAccessibility.dylib)[57981] <Debug>: CF Read: domain = com.apple.Accessibility, preference = FullKeyboardAccessEnabled, appID = (null) result = (null) (-1 - empty, 0 - false, 1 - true)
Aug 28 14:21:49.697459 Runner(CoreFoundation)[57981] <Debug>: found no value for key FullKeyboardAccessEnabled in CFPrefsPlistSource<0x281cdce80> (Domain: com.apple.Accessibility, User: kCFPreferencesCurrentUser, ByHost: No, Container: (null), Contents Need Refresh: No)
Aug 28 14:21:49.697490 Runner(CoreFoundation)[57981] <Debug>: Resource lookup at <private>
Aug 28 14:21:49.697511 Runner(CoreFoundation)[57981] <Debug>: Resource lookup at <private>
	Result        : file:///private/var/containers/Bundle/Application/1EC21BA9-82AA-4B85-B2FC-10B206BC5C35/Runner.app/Base.lproj/Main.storyboardc/
Aug 28 14:21:49.697529 Runner(CoreFoundation)[57981] <Debug>: Resource lookup at <private>
	Result        : file:///private/var/containers/Bundle/Application/1EC21BA9-82AA-4B85-B2FC-10B206BC5C35/Runner.app/Base.lproj/Main.storyboardc/UIViewController-BYZ-38-t0r.nib
Aug 28 14:21:49.697547 Runner(CoreFoundation)[57981] <Debug>: found no value for key UITraitCollectionInvalidationDebuggingModeEnabled in CFPrefsSearchListSource<0x281cdd680> (Domain: dev.selfhost.firstActivationProbe, Container: (null))
Aug 28 14:21:49.697585 Runner(CoreFoundation)[57981] <Debug>: Resource lookup at <private>
Aug 28 14:21:49.697626 Runner(CoreFoundation)[57981] <Debug>: Language lookup at <private>
Aug 28 14:21:49.697657 Runner(CoreFoundation)[57981] <Debug>: Resource lookup at <private>
	Result        : file:///var/containers/Bundle/Application/1EC21BA9-82AA-4B85-B2FC-10B206BC5C35/Runner.app/Frameworks/Flutter.framework/icudtl.dat
Aug 28 14:21:49.697677 Runner(Flutter)[57981] <Notice>: SANITY CHECK: Running precompiled code.
Aug 28 14:21:49.697696 Runner(CoreFoundation)[57981] <Debug>: Resource lookup at <private>
Aug 28 14:21:49.697715 Runner(CoreFoundation)[57981] <Debug>: Resource lookup at <private>
	Result        : file:///private/var/containers/Bundle/Application/1EC21BA9-82AA-4B85-B2FC-10B206BC5C35/Runner.app/Frameworks/App.framework/
Aug 28 14:21:49.697783 Runner(Flutter)[57981] <Notice>: Using App.framework from /private/var/containers/Bundle/Application/1EC21BA9-82AA-4B85-B2FC-10B206BC5C35/Runner.app/Frameworks/App.framework
Aug 28 14:21:49.697819 Runner(CoreFoundation)[57981] <Debug>: Language lookup at <private>
Aug 28 14:21:49.697842 Runner(CoreFoundation)[57981] <Debug>: Resource lookup at <private>
Aug 28 14:21:49.697882 Runner(CoreFoundation)[57981] <Debug>: Resource lookup at <private>
Aug 28 14:21:49.697916 Runner(CoreFoundation)[57981] <Debug>: Resource lookup at <private>
	Result        : file:///var/containers/Bundle/Application/1EC21BA9-82AA-4B85-B2FC-10B206BC5C35/Runner.app/Frameworks/App.framework/flutter_assets/
Aug 28 14:21:49.697946 Runner(Flutter)[57981] <Notice>: ASSET PATH /var/containers/Bundle/Application/1EC21BA9-82AA-4B85-B2FC-10B206BC5C35/Runner.app/Frameworks/App.framework/flutter_assets
        <SBDeviceApplicationSceneEntity: 0x283e96760; ID: sceneID:dev.selfhost.firstActivationProbe-default; layoutRole: primary>
Aug 28 14:21:49.698250 SpringBoard(RunningBoardServices)[47602] <Info>: Update delivered for [application<dev.selfhost.firstActivationProbe>:57981] with taskState 4
Aug 28 14:21:49.698364 SpringBoard(SplashBoard)[47602] <Info>: <XBApplicationSnapshot: 0x109ddf7d0; …2F3B89D0D3F1> [dev.selfhost.firstActivationProbe] not purging the cached image; force: 0; _imageAccessCount: 1; _keepImageAccessUntilExpiration: 0; _hasProtectedContent: 0; _keepImageAccessForPreheat: 0
Aug 28 14:21:49.698404 SpringBoard[47602] <Notice>: Application process state changed for dev.selfhost.firstActivationProbe: <SBApplicationProcessState: 0x281c27bc0; pid: 57981; taskState: Running; visibility: Foreground>
Aug 28 14:21:49.698437 Runner(CoreFoundation)[57981] <Debug>: Resource lookup at <private>
Aug 28 14:21:49.698487 Runner(CoreFoundation)[57981] <Debug>: Resource lookup at <private>
Aug 28 14:21:49.698534 Runner(Flutter)[57981] <Notice>: [INFO:flutter/shell/common/shorebird/shorebird.cc(112)] [shorebird] SetBaseSnapshot mappings: vm_data_size=5178 iso_data_size=556021 vm_insns_size=43584 iso_insns_size=1818768 total=2423551
Aug 28 14:21:49.698577 Runner(Flutter)[57981] <Notice>: [shorebird] Preparing next boot.
Aug 28 14:21:49.698613 Runner(Flutter)[57981] <Notice>: [shorebird] No public key configured; skipping signature verification
Aug 28 14:21:49.698644 Runner(Flutter)[57981] <Notice>: [shorebird] Prepared boot of patch 8.
Aug 28 14:21:49.698912 SpringBoard[47602] <Info>: -[SBApplication _processWillLaunch:] dev.selfhost.firstActivationProbe
Aug 28 14:21:49.698937 SpringBoard[47602] <Notice>: Application process state changed for dev.selfhost.firstActivationProbe: <SBApplicationProcessState: 0x281c24dc0; pid: 57981; taskState: Running; visibility: Foreground>
Aug 28 14:21:49.698956 SpringBoard[47602] <Info>: -[SBApplication _processDidLaunch:] dev.selfhost.firstActivationProbe
Aug 28 14:21:49.698975 SpringBoard[47602] <Notice>: Application process state changed for dev.selfhost.firstActivationProbe: <SBApplicationProcessState: 0x281c27640; pid: 57981; taskState: Running; visibility: Foreground>
Aug 28 14:21:49.699385 SpringBoard(FrontBoard)[47602] <Info>: Client intercepting scene update for scene: sceneID:dev.selfhost.firstActivationProbe-default
Aug 28 14:21:49.699406 cfprefsd(CoreFoundation)[91] <Debug>: Process 57981 (Runner) sent a request related to { com.apple.Metal, user: mobile, kCFPreferencesCurrentHost, /Library/Managed Preferences/mobile/com.apple.Metal.plist, managed: 1 } (0x10183db90)
Aug 28 14:21:49.699492 cfprefsd(CoreFoundation)[91] <Debug>: Process 57981 (Runner) sent a request related to { com.apple.Metal, user: kCFPreferencesAnyUser, kCFPreferencesCurrentHost, /Library/Managed Preferences/com.apple.Metal.plist, managed: 1 } (0x10034f970)
Aug 28 14:21:49.699554 cfprefsd(CoreFoundation)[91] <Debug>: Process 57981 (Runner) sent a request related to { com.apple.Metal, user: mobile, kCFPreferencesAnyHost, /var/mobile/Library/Preferences/com.apple.Metal.plist, managed: 0 } (0x10034f970)
Aug 28 14:21:49.699615 SpringBoard(FrontBoard)[47602] <Debug>: START SCENE MUTATION ------- sceneID:dev.selfhost.firstActivationProbe-default
Aug 28 14:21:49.699660 SpringBoard(FrontBoard)[47602] <Debug>: [FBSceneManager] PENDING:   <BSEventQueueEvent: 0x281d11780; sceneUpdatePrepared-sceneID:dev.selfhost.firstActivationProbe-default(2)> @ back
Aug 28 14:21:49.699693 SpringBoard(FrontBoard)[47602] <Debug>: [FBSceneManager] PENDING:   <BSEventQueueEvent: 0x281d6e140; applySettings-sceneID:dev.selfhost.firstActivationProbe-default(2)> @ back
Aug 28 14:21:49.699715 SpringBoard(FrontBoard)[47602] <Debug>: Flushing all events for sceneID:dev.selfhost.firstActivationProbe-default
Aug 28 14:21:49.699743 SpringBoard(FrontBoard)[47602] <Debug>: [FBSceneManager] EXECUTING: <BSEventQueueEvent: 0x281d11780; sceneUpdatePrepared-sceneID:dev.selfhost.firstActivationProbe-default(2)>
Aug 28 14:21:49.699770 SpringBoard(FrontBoard)[47602] <Debug>: [FBSceneManager] PENDING:   <BSEventQueueEvent: 0x281c24100; sceneUpdatePrepared-sceneID:dev.selfhost.firstActivationProbe-default(2)> @ front
Aug 28 14:21:49.699788 SpringBoard(FrontBoard)[47602] <Debug>: [FBSceneManager] EXECUTING: <BSEventQueueEvent: 0x281c24100; sceneUpdatePrepared-sceneID:dev.selfhost.firstActivationProbe-default(2)>
Aug 28 14:21:49.699824 SpringBoard(FrontBoard)[47602] <Debug>: [FBSceneManager] EXECUTING: <BSEventQueueEvent: 0x281d6e140; applySettings-sceneID:dev.selfhost.firstActivationProbe-default(2)>
Aug 28 14:21:49.699869 SpringBoard(FrontBoard)[47602] <Debug>: [FBSceneManager] PENDING:   <BSEventQueueEvent: 0x281c27620; sceneUpdateApplied-sceneID:dev.selfhost.firstActivationProbe-default(2)> @ back
Aug 28 14:21:49.699888 Runner(Flutter)[57981] <Notice>: [INFO:flutter/shell/common/shorebird/shorebird.cc(663)] Shorebird updater: active path: /private/var/mobile/Containers/Data/Application/18E6667F-E66B-4E74-92D9-B14869861554/Library/Application Support/shorebird/shorebird_updater/patches/8/dlc.vmcode
Aug 28 14:21:49.699913 Runner(Flutter)[57981] <Notice>: [INFO:flutter/shell/common/shorebird/shorebird.cc(686)] Shorebird updater: active patch is a Route B container
Aug 28 14:21:49.699935 Runner(Flutter)[57981] <Notice>: [INFO:flutter/shell/common/shorebird/shorebird.cc(762)] Starting Shorebird update
Aug 28 14:21:49.699958 Runner(CoreFoundation)[57981] <Debug>: Resource lookup at <private>
Aug 28 14:21:49.699976 Runner(CoreFoundation)[57981] <Debug>: setting new value <private> for key <private> in CFPrefsSource<0x2827dc5c0> (Domain: Volatile, User: , ByHost: No, Container: , Contents Need Refresh: No)
Aug 28 14:21:49.699994 Runner(CoreFoundation)[57981] <Debug>: looked up value <private> for key METAL_DEVICE_WRAPPER_TYPE in CFPrefsSource<0x2827dc5c0> (Domain: Volatile, User: , ByHost: No, Container: , Contents Need Refresh: No) via CFPrefsSearchListSource<0x281cdd680> (Domain: dev.selfhost.firstActivationProbe, Container: (null))
Aug 28 14:21:49.700013 SpringBoard(FrontBoard)[47602] <Debug>: [FBSceneManager] PENDING:   <BSEventQueueEvent: 0x281c24e80; sceneMutationCompletion-sceneID:dev.selfhost.firstActivationProbe-default(2)> @ back
Aug 28 14:21:49.700031 SpringBoard(FrontBoard)[47602] <Debug>: [FBSceneManager] EXECUTING: <BSEventQueueEvent: 0x281c27620; sceneUpdateApplied-sceneID:dev.selfhost.firstActivationProbe-default(2)>
Aug 28 14:21:49.700049 SpringBoard(FrontBoard)[47602] <Debug>: [FBSceneManager] PENDING:   <BSEventQueueEvent: 0x281d70d20; sceneUpdateApplied-sceneID:dev.selfhost.firstActivationProbe-default(2)> @ front
Aug 28 14:21:49.700066 SpringBoard(FrontBoard)[47602] <Debug>: [FBSceneManager] EXECUTING: <BSEventQueueEvent: 0x281d70d20; sceneUpdateApplied-sceneID:dev.selfhost.firstActivationProbe-default(2)>
Aug 28 14:21:49.700085 SpringBoard(FrontBoard)[47602] <Info>: [sceneID:dev.selfhost.firstActivationProbe-default] Sending scene action [Forward Event][0xc54b] to process 0x10a184770 (watchdog: none)
Aug 28 14:21:49.700103 Runner(CoreFoundation)[57981] <Debug>: CFPrefsManagedSource<0x281cd1180> (Domain: com.apple.Metal, User: kCFPreferencesCurrentUser, ByHost: Yes, Container: (null), Contents Need Refresh: No) loaded: an empty base plist and no additional changes from the base plist
Aug 28 14:21:49.700122 Runner(CoreFoundation)[57981] <Debug>: CFPrefsManagedSource<0x281cd1280> (Domain: com.apple.Metal, User: kCFPreferencesAnyUser, ByHost: Yes, Container: (null), Contents Need Refresh: No) loaded: an empty base plist and no additional changes from the base plist
Aug 28 14:21:49.700140 Runner(CoreFoundation)[57981] <Debug>: CFPrefsPlistSource<0x281cd1080> (Domain: com.apple.Metal, User: kCFPreferencesCurrentUser, ByHost: No, Container: (null), Contents Need Refresh: No) loaded: an empty base plist and no additional changes from the base plist
Aug 28 14:21:49.700166 Runner(CoreFoundation)[57981] <Debug>: CFPrefsPlistSource<0x281cd1400> (Domain: com.apple.Metal, User: kCFPreferencesAnyUser, ByHost: Yes, Container: (null), Contents Need Refresh: No) loaded: an empty base plist and no additional changes from the base plist
Aug 28 14:21:49.700202 Runner(CoreFoundation)[57981] <Debug>: found no value for key UseMetalTelemetry in CFPrefsSearchListSource<0x281cd1200> (Domain: com.apple.Metal, Container: (null))
Aug 28 14:21:49.700234 Runner(CoreFoundation)[57981] <Debug>: Resource lookup at <private>
Aug 28 14:21:49.700286 SpringBoard(FrontBoard)[47602] <Debug>: [FBSceneManager] EXECUTING: <BSEventQueueEvent: 0x281c24e80; sceneMutationCompletion-sceneID:dev.selfhost.firstActivationProbe-default(2)>
Aug 28 14:21:49.700304 SpringBoard(FrontBoard)[47602] <Debug>: ---------- END SCENE MUTATION: sceneID:dev.selfhost.firstActivationProbe-default
            SceneID: sceneID:dev.selfhost.firstActivationProbe-default
Aug 28 14:21:49.702845 SpringBoard(FrontBoard)[47602] <Info>: [sceneID:dev.selfhost.firstActivationProbe-default] didUpdateClientSettingsWithDiff: <private>
Aug 28 14:21:49.702899 SpringBoard(FrontBoard)[47602] <Debug>: [FBSceneManager] PENDING:   <BSEventQueueEvent: 0x281c27140; handleDidUpdateClientSettings-sceneID:dev.selfhost.firstActivationProbe-default(2)> @ back
Aug 28 14:21:49.702951 SpringBoard(FrontBoard)[47602] <Debug>: [FBSceneManager] EXECUTING: <BSEventQueueEvent: 0x281c27140; handleDidUpdateClientSettings-sceneID:dev.selfhost.firstActivationProbe-default(2)>
Aug 28 14:21:49.703389 SpringBoard(FrontBoard)[47602] <Debug>: [FBSceneManager] PENDING:   <BSEventQueueEvent: 0x281c25880; didUpdateClientSettings-sceneID:dev.selfhost.firstActivationProbe-default(2)> @ back
Aug 28 14:21:49.703440 SpringBoard(FrontBoard)[47602] <Debug>: [FBSceneManager] PENDING:   <BSEventQueueEvent: 0x281c244e0; didUpdateClientSettingsCompletion-sceneID:dev.selfhost.firstActivationProbe-default(2)> @ back
Aug 28 14:21:49.703724 SpringBoard(FrontBoard)[47602] <Debug>: [FBSceneManager] EXECUTING: <BSEventQueueEvent: 0x281c25880; didUpdateClientSettings-sceneID:dev.selfhost.firstActivationProbe-default(2)>
Aug 28 14:21:49.703762 SpringBoard(FrontBoard)[47602] <Debug>: [FBSceneManager] PENDING:   <BSEventQueueEvent: 0x281c26b40; didUpdateClientSettings-sceneID:dev.selfhost.firstActivationProbe-default(2)> @ front
Aug 28 14:21:49.703807 SpringBoard(FrontBoard)[47602] <Debug>: [FBSceneManager] EXECUTING: <BSEventQueueEvent: 0x281c26b40; didUpdateClientSettings-sceneID:dev.selfhost.firstActivationProbe-default(2)>
Aug 28 14:21:49.704311 SpringBoard(FrontBoard)[47602] <Debug>: [FBSceneManager] EXECUTING: <BSEventQueueEvent: 0x281c244e0; didUpdateClientSettingsCompletion-sceneID:dev.selfhost.firstActivationProbe-default(2)>
Aug 28 14:21:49.704568 SpringBoard(FrontBoard)[47602] <Info>: [sceneID:dev.selfhost.firstActivationProbe-default] didUpdateClientSettingsWithDiff: <private>
Aug 28 14:21:49.704610 SpringBoard(FrontBoard)[47602] <Debug>: [FBSceneManager] PENDING:   <BSEventQueueEvent: 0x281c27360; handleDidUpdateClientSettings-sceneID:dev.selfhost.firstActivationProbe-default(2)> @ back
Aug 28 14:21:49.704699 SpringBoard(FrontBoard)[47602] <Debug>: [FBSceneManager] EXECUTING: <BSEventQueueEvent: 0x281c27360; handleDidUpdateClientSettings-sceneID:dev.selfhost.firstActivationProbe-default(2)>
Aug 28 14:21:49.704810 SpringBoard(FrontBoard)[47602] <Debug>: [FBSceneManager] PENDING:   <BSEventQueueEvent: 0x281c25080; didUpdateClientSettings-sceneID:dev.selfhost.firstActivationProbe-default(2)> @ back
Aug 28 14:21:49.704854 SpringBoard(FrontBoard)[47602] <Debug>: [FBSceneManager] PENDING:   <BSEventQueueEvent: 0x281c27be0; didUpdateClientSettingsCompletion-sceneID:dev.selfhost.firstActivationProbe-default(2)> @ back
Aug 28 14:21:49.704997 SpringBoard(FrontBoard)[47602] <Debug>: [FBSceneManager] EXECUTING: <BSEventQueueEvent: 0x281c25080; didUpdateClientSettings-sceneID:dev.selfhost.firstActivationProbe-default(2)>
Aug 28 14:21:49.705035 SpringBoard(FrontBoard)[47602] <Debug>: [FBSceneManager] PENDING:   <BSEventQueueEvent: 0x281c244e0; didUpdateClientSettings-sceneID:dev.selfhost.firstActivationProbe-default(2)> @ front
Aug 28 14:21:49.705084 Runner(CoreFoundation)[57981] <Debug>: found no value for key MetalForceCaptureEnabled in CFPrefsSearchListSource<0x281cdd680> (Domain: dev.selfhost.firstActivationProbe, Container: (null))
Aug 28 14:21:49.705104 Runner(CoreFoundation)[57981] <Debug>: found no value for key VertexInstanceBoundsCheckMode in CFPrefsSearchListSource<0x281cd1200> (Domain: com.apple.Metal, Container: (null))
Aug 28 14:21:49.705130 Runner(CoreFoundation)[57981] <Debug>: found no value for key DisableDriverSuballocation in CFPrefsSearchListSource<0x281cd1200> (Domain: com.apple.Metal, Container: (null))
Aug 28 14:21:49.705157 Runner(CoreFoundation)[57981] <Debug>: found no value for key CPUMappingForPrivateTexturesMode in CFPrefsSearchListSource<0x281cd1200> (Domain: com.apple.Metal, Container: (null))
Aug 28 14:21:49.705189 Runner(CoreFoundation)[57981] <Debug>: found no value for key IOSurfaceCompressedWriteValidation in CFPrefsSearchListSource<0x281cd1200> (Domain: com.apple.Metal, Container: (null))
Aug 28 14:21:49.705213 Runner(CoreFoundation)[57981] <Debug>: Language lookup at <private>
Aug 28 14:21:49.705235 SpringBoard(FrontBoard)[47602] <Debug>: [FBSceneManager] EXECUTING: <BSEventQueueEvent: 0x281c244e0; didUpdateClientSettings-sceneID:dev.selfhost.firstActivationProbe-default(2)>
Aug 28 14:21:49.705314 SpringBoard(FrontBoard)[47602] <Debug>: [FBSceneManager] EXECUTING: <BSEventQueueEvent: 0x281c27be0; didUpdateClientSettingsCompletion-sceneID:dev.selfhost.firstActivationProbe-default(2)>
Aug 28 14:21:49.706035 Runner(CoreFoundation)[57981] <Debug>: Resource lookup at <private>
Aug 28 14:21:49.706080 Runner(CoreFoundation)[57981] <Debug>: Resource lookup at <private>
Aug 28 14:21:49.706119 Runner(CoreFoundation)[57981] <Debug>: Resource lookup at <private>
Aug 28 14:21:49.706184 Runner(CoreFoundation)[57981] <Debug>: Resource lookup at <private>
Aug 28 14:21:49.706224 Runner(CoreFoundation)[57981] <Debug>: Resource lookup at <private>
Aug 28 14:21:49.706280 Runner(CoreFoundation)[57981] <Debug>: Resource lookup at <private>
Aug 28 14:21:49.706346 Runner(CoreFoundation)[57981] <Debug>: Resource lookup at <private>
Aug 28 14:21:49.706420 Runner(CoreFoundation)[57981] <Debug>: Resource lookup at <private>
Aug 28 14:21:49.706507 Runner(CoreFoundation)[57981] <Debug>: Resource lookup at <private>
Aug 28 14:21:49.706590 runningboardd(RunningBoard)[33] <Info>: [application<dev.selfhost.firstActivationProbe>:57981] Disabled CPU monitoring
Aug 28 14:21:49.706632 runningboardd(RunningBoard)[33] <Info>: [application<dev.selfhost.firstActivationProbe>:57981] Reset CPU monitoring limits to defaults
Aug 28 14:21:49.706680 runningboardd(RunningBoard)[33] <Notice>: Successfully acquired underlying assertion for [application<dev.selfhost.firstActivationProbe>:57981]
Aug 28 14:21:49.706726 runningboardd(RunningBoard)[33] <Debug>: Updating events for assertion: 33-47602-7837 (target:application<dev.selfhost.firstActivationProbe>)
Aug 28 14:21:49.706769 Runner(CoreFoundation)[57981] <Debug>: Resource lookup at <private>
Aug 28 14:21:49.706816 Runner(CoreFoundation)[57981] <Debug>: Resource lookup at <private>
Aug 28 14:21:49.706860 Runner(CoreFoundation)[57981] <Debug>: Resource lookup at <private>
Aug 28 14:21:49.706897 kernel(Sandbox)[0] <Error>: Sandbox: Runner(57981) deny(1) sysctl-read kern.iossupportversion
Aug 28 14:21:49.706938 runningboardd(RunningBoard)[33] <Debug>: Sending state 0x1011d87e0 for application<dev.selfhost.firstActivationProbe> to [daemon<com.apple.mediaserverd>:36]
Aug 28 14:21:49.706977 runningboardd(RunningBoard)[33] <Info>: [application<dev.selfhost.firstActivationProbe>:57981] Resumed CPU monitoring
Aug 28 14:21:49.707015 runningboardd(RunningBoard)[33] <Debug>: Removing events for context: 33-47602-7837 (target:application<dev.selfhost.firstActivationProbe>)
Aug 28 14:21:49.707053 runningboardd(RunningBoard)[33] <Info>: [application<dev.selfhost.firstActivationProbe>:57981] Applying updated state
Aug 28 14:21:49.707100 runningboardd(RunningBoard)[33] <Debug>: Incrementing suppression state to 2 for application<dev.selfhost.firstActivationProbe>
Aug 28 14:21:49.707189 runningboardd(RunningBoard)[33] <Debug>: Adding assertion 33-47602-7839 (target:[application<dev.selfhost.firstActivationProbe>:57981])
Aug 28 14:21:49.707271 runningboardd(RunningBoard)[33] <Debug>: Enqueueing events for assertion: 33-47602-7837 (target:application<dev.selfhost.firstActivationProbe>)
Aug 28 14:21:49.707347 runningboardd(RunningBoard)[33] <Info>: application<dev.selfhost.firstActivationProbe> is now targeted by 3 assertions
Aug 28 14:21:49.707486 runningboardd(RunningBoard)[33] <Debug>: Sending state 0x1011d87e0 for application<dev.selfhost.firstActivationProbe> to [daemon<com.apple.symptomsd>:170]
Aug 28 14:21:49.707768 runningboardd(RunningBoard)[33] <Notice>: [application<dev.selfhost.firstActivationProbe>:57981] reported to RB as running
Aug 28 14:21:49.707787 runningboardd(RunningBoard)[33] <Info>: Finished acquiring assertion 33-47602-7839 (target:[application<dev.selfhost.firstActivationProbe>:57981])
Aug 28 14:21:49.707832 runningboardd(RunningBoard)[33] <Debug>: Adding assertion 33-57981-7840 (target:[application<dev.selfhost.firstActivationProbe>:57981])
Aug 28 14:21:49.707870 runningboardd(RunningBoard)[33] <Info>: application<dev.selfhost.firstActivationProbe> is now targeted by 4 assertions
Aug 28 14:21:49.707921 runningboardd(RunningBoard)[33] <Info>: Finished acquiring assertion 33-57981-7840 (target:[application<dev.selfhost.firstActivationProbe>:57981])
Aug 28 14:21:49.707940 runningboardd(RunningBoard)[33] <Debug>: Decrementing suppression state to 1 for application<dev.selfhost.firstActivationProbe>
Aug 28 14:21:49.707968 runningboardd(RunningBoard)[33] <Debug>: Updating events for assertion: 33-33-7838 (target:[application<dev.selfhost.firstActivationProbe>:57981])
Aug 28 14:21:49.708015 runningboardd(RunningBoard)[33] <Debug>: Removing events for context: 33-33-7838 (target:[application<dev.selfhost.firstActivationProbe>:57981])
Aug 28 14:21:49.708035 Runner(CoreFoundation)[57981] <Debug>: Resource lookup at <private>
Aug 28 14:21:49.708054 Runner(CoreFoundation)[57981] <Debug>: Resource lookup at <private>
Aug 28 14:21:49.708065 kernel(Sandbox)[0] <Error>: Sandbox: Runner(57981) deny(1) sysctl-read machdep.cpu.brand_string
Aug 28 14:21:49.708089 Runner(CoreFoundation)[57981] <Debug>: Resource lookup at <private>
Aug 28 14:21:49.708108 Runner(CoreFoundation)[57981] <Debug>: Resource lookup at <private>
Aug 28 14:21:49.708126 Runner(CoreFoundation)[57981] <Debug>: found no value for key UIViewLayoutFeedbackLoopDebuggingThreshold in CFPrefsSearchListSource<0x281cdd680> (Domain: dev.selfhost.firstActivationProbe, Container: (null))
Aug 28 14:21:49.708175 Runner(CoreFoundation)[57981] <Debug>: found no value for key UIViewUseStaleDelegateContentInsets in CFPrefsSearchListSource<0x281cdd680> (Domain: dev.selfhost.firstActivationProbe, Container: (null))
Aug 28 14:21:49.708214 Runner(CoreFoundation)[57981] <Debug>: found no value for key _UIConstraintBasedLayoutEngageNonLazily in CFPrefsSearchListSource<0x281cdd680> (Domain: dev.selfhost.firstActivationProbe, Container: (null))
Aug 28 14:21:49.708242 Runner(CoreFoundation)[57981] <Debug>: Resource lookup at <private>
Aug 28 14:21:49.708260 Runner(CoreFoundation)[57981] <Debug>: Resource lookup at <private>
Aug 28 14:21:49.708279 Runner(CoreFoundation)[57981] <Debug>: setting new value <private> for key <private> in CFPrefsSource<0x2827dc5c0> (Domain: Volatile, User: , ByHost: No, Container: , Contents Need Refresh: No)
Aug 28 14:21:49.708306 Runner(CoreFoundation)[57981] <Debug>: looked up value <private> for key METAL_ERROR_MODE in CFPrefsSource<0x2827dc5c0> (Domain: Volatile, User: , ByHost: No, Container: , Contents Need Refresh: No) via CFPrefsSearchListSource<0x281cdd680> (Domain: dev.selfhost.firstActivationProbe, Container: (null))
Aug 28 14:21:49.708333 Runner(CoreFoundation)[57981] <Debug>: setting new value <private> for key <private> in CFPrefsSource<0x2827dc5c0> (Domain: Volatile, User: , ByHost: No, Container: , Contents Need Refresh: No)
Aug 28 14:21:49.708380 Runner(CoreFoundation)[57981] <Debug>: looked up value <private> for key METAL_DEBUG_ERROR_MODE in CFPrefsSource<0x2827dc5c0> (Domain: Volatile, User: , ByHost: No, Container: , Contents Need Refresh: No) via CFPrefsSearchListSource<0x281cdd680> (Domain: dev.selfhost.firstActivationProbe, Container: (null))
Aug 28 14:21:49.708741 Runner(CoreFoundation)[57981] <Debug>: setting new value <private> for key <private> in CFPrefsSource<0x2827dc5c0> (Domain: Volatile, User: , ByHost: No, Container: , Contents Need Refresh: No)
Aug 28 14:21:49.708781 Runner(CoreFoundation)[57981] <Debug>: looked up value <private> for key METAL_WARNING_MODE in CFPrefsSource<0x2827dc5c0> (Domain: Volatile, User: , ByHost: No, Container: , Contents Need Refresh: No) via CFPrefsSearchListSource<0x281cdd680> (Domain: dev.selfhost.firstActivationProbe, Container: (null))
Aug 28 14:21:49.708815 Runner(CoreFoundation)[57981] <Debug>: setting new value <private> for key <private> in CFPrefsSource<0x2827dc5c0> (Domain: Volatile, User: , ByHost: No, Container: , Contents Need Refresh: No)
Aug 28 14:21:49.708844 Runner(CoreFoundation)[57981] <Debug>: looked up value <private> for key METAL_ERROR_CHECK_EXTENDED_MODE in CFPrefsSource<0x2827dc5c0> (Domain: Volatile, User: , ByHost: No, Container: , Contents Need Refresh: No) via CFPrefsSearchListSource<0x281cdd680> (Domain: dev.selfhost.firstActivationProbe, Container: (null))
Aug 28 14:21:49.708875 Runner(CoreFoundation)[57981] <Debug>: found no value for key dataBufferCachingOverride in CFPrefsSearchListSource<0x281cd1200> (Domain: com.apple.Metal, Container: (null))
Aug 28 14:21:49.708902 Runner(CoreFoundation)[57981] <Debug>: found no value for key disableBlitEncoderCoalescing in CFPrefsPlistSource<0x281cd1080> (Domain: com.apple.Metal, User: kCFPreferencesCurrentUser, ByHost: No, Container: (null), Contents Need Refresh: No)
Aug 28 14:21:49.708934 Runner(CoreFoundation)[57981] <Debug>: found no value for key disableEncoderCoalescing in CFPrefsPlistSource<0x281cd1080> (Domain: com.apple.Metal, User: kCFPreferencesCurrentUser, ByHost: No, Container: (null), Contents Need Refresh: No)
Aug 28 14:21:49.708953 Runner(CoreFoundation)[57981] <Debug>: Resource lookup at <private>
Aug 28 14:21:49.708989 Runner(CoreFoundation)[57981] <Debug>: Resource lookup at <private>
Aug 28 14:21:49.709012 Runner(CoreFoundation)[57981] <Debug>: looked up value <private> for key AppleLanguages in CFPrefsPlistSource<0x281cdcc80> (Domain: kCFPreferencesAnyApplication, User: kCFPreferencesCurrentUser, ByHost: No, Container: (null), Contents Need Refresh: No) via CFPrefsSearchListSource<0x281cdd680> (Domain: dev.selfhost.firstActivationProbe, Container: (null))
Aug 28 14:21:49.709083 Runner(CoreFoundation)[57981] <Debug>: Resource lookup at <private>
Aug 28 14:21:49.709101 Runner(CoreFoundation)[57981] <Debug>: Resource lookup at <private>
Aug 28 14:21:49.709526 Runner(CoreFoundation)[57981] <Debug>: Resource lookup at <private>
Aug 28 14:21:49.709653 Runner(CoreFoundation)[57981] <Debug>: Resource lookup at <private>
Aug 28 14:21:49.709709 Runner(CoreFoundation)[57981] <Debug>: Resource lookup at <private>
Aug 28 14:21:49.709762 Runner(CoreFoundation)[57981] <Debug>: Resource lookup at <private>
Aug 28 14:21:49.710186 Runner(CoreFoundation)[57981] <Debug>: Resource lookup at <private>
	Result        : file:///private/var/containers/Bundle/Application/1EC21BA9-82AA-4B85-B2FC-10B206BC5C35/Runner.app/Base.lproj/LaunchScreen.storyboardc/
Aug 28 14:21:49.710224 Runner(CoreFoundation)[57981] <Debug>: Resource lookup at <private>
	Result        : file:///private/var/containers/Bundle/Application/1EC21BA9-82AA-4B85-B2FC-10B206BC5C35/Runner.app/Base.lproj/LaunchScreen.storyboardc/
Aug 28 14:21:49.710271 Runner(CoreFoundation)[57981] <Debug>: Resource lookup at <private>
	Result        : file:///private/var/containers/Bundle/Application/1EC21BA9-82AA-4B85-B2FC-10B206BC5C35/Runner.app/Base.lproj/LaunchScreen.storyboardc/UIViewController-01J-lp-oVM.nib
Aug 28 14:21:49.710312 Runner(Flutter)[57981] <Notice>: [shorebird] Sending patch check request: PatchCheckRequest { app_id: "235a9d93-ef97-6372-d78a-ce88f798a726", channel: "stable", release_version: "1.3.0+1", platform: "ios", arch: "aarch64", client_id: "eb65ad4b-0c7a-4c80-8d71-7e98c91af47a", current_patch_number: Some(8) }
Aug 28 14:21:49.710357 Runner(CoreFoundation)[57981] <Debug>: Resource lookup at <private>
	Result        : file:///private/var/containers/Bundle/Application/1EC21BA9-82AA-4B85-B2FC-10B206BC5C35/Runner.app/Base.lproj/LaunchScreen.storyboardc/01J-lp-oVM-view-Ze5-6b-2t3.nib
Aug 28 14:21:49.710394 Runner(CoreFoundation)[57981] <Debug>: Resource lookup at <private>
	Result        : file:///private/var/containers/Bundle/Application/1EC21BA9-82AA-4B85-B2FC-10B206BC5C35/Runner.app/Base.lproj/LaunchScreen.storyboardc/
Aug 28 14:21:49.710441 Runner(CoreFoundation)[57981] <Debug>: Resource lookup at <private>
	Result        : file:///private/var/containers/Bundle/Application/1EC21BA9-82AA-4B85-B2FC-10B206BC5C35/Runner.app/Base.lproj/LaunchScreen.storyboardc/01J-lp-oVM-view-Ze5-6b-2t3.nib
Aug 28 14:21:49.710489 Runner(CoreFoundation)[57981] <Debug>: found no value for key _UIConstraintBasedLayout in CFPrefsSearchListSource<0x281cdd680> (Domain: dev.selfhost.firstActivationProbe, Container: (null))
Aug 28 14:21:49.710535 Runner(CoreFoundation)[57981] <Debug>: Resource lookup at <private>
	Result        : file:///private/var/containers/Bundle/Application/1EC21BA9-82AA-4B85-B2FC-10B206BC5C35/Runner.app/Assets.car
Aug 28 14:21:49.710571 Runner(CoreFoundation)[57981] <Debug>: found no value for key CUIShowDebugLogs in CFPrefsSearchListSource<0x281cdd680> (Domain: dev.selfhost.firstActivationProbe, Container: (null))
Aug 28 14:21:49.710607 Runner(CoreFoundation)[57981] <Debug>: found no value for key CGAllowDebuggingDefaults in CFPrefsPlistSource<0x281cdcc80> (Domain: kCFPreferencesAnyApplication, User: kCFPreferencesCurrentUser, ByHost: No, Container: (null), Contents Need Refresh: No)
Aug 28 14:21:49.710654 Runner(CoreFoundation)[57981] <Debug>: found no value for key NSConstraintBasedLayoutTrackAllocation in CFPrefsSearchListSource<0x281cdd680> (Domain: dev.selfhost.firstActivationProbe, Container: (null))
Aug 28 14:21:49.710701 Runner(CoreFoundation)[57981] <Debug>: found no value for key UIViewShowAlignmentRects in CFPrefsSearchListSource<0x281cdd680> (Domain: dev.selfhost.firstActivationProbe, Container: (null))
Aug 28 14:21:49.710758 Runner(CoreFoundation)[57981] <Debug>: found no value for key NSConstraintBasedLayoutAriadneTracepoints in CFPrefsSearchListSource<0x281cdd680> (Domain: dev.selfhost.firstActivationProbe, Container: (null))
Aug 28 14:21:49.710823 Runner(CoreFoundation)[57981] <Debug>: Resource lookup at <private>
Aug 28 14:21:49.710863 Runner(CoreFoundation)[57981] <Debug>: found no value for key ReduceMotionEnabled in CFPrefsSearchListSource<0x281cdaf00> (Domain: com.apple.Accessibility, Container: (null))
Aug 28 14:21:49.710901 Runner(libAccessibility.dylib)[57981] <Debug>: CF Read: domain = com.apple.Accessibility, preference = ReduceMotionEnabled, appID = (null) result = (null) (-1 - empty, 0 - false, 1 - true)
Aug 28 14:21:49.710940 Runner(CoreFoundation)[57981] <Debug>: found no value for key ReduceMotionEnabled in CFPrefsPlistSource<0x281cdce80> (Domain: com.apple.Accessibility, User: kCFPreferencesCurrentUser, ByHost: No, Container: (null), Contents Need Refresh: No)
Aug 28 14:21:49.711037 Runner(CoreFoundation)[57981] <Debug>: Resource lookup at <private>
Aug 28 14:21:49.711079 Runner(CoreFoundation)[57981] <Debug>: Resource lookup at <private>
Aug 28 14:21:49.711358 SpringBoard(FrontBoard)[47602] <Info>: [sceneID:dev.selfhost.firstActivationProbe-default] Client settings updated with diff: <private>
Aug 28 14:21:49.711396 SpringBoard(FrontBoard)[47602] <Info>: [sceneID:dev.selfhost.firstActivationProbe-default] didUpdateClientSettingsWithDiff: <private>
Aug 28 14:21:49.711429 SpringBoard(FrontBoard)[47602] <Debug>: [FBSceneManager] PENDING:   <BSEventQueueEvent: 0x281c25140; handleDidUpdateClientSettings-sceneID:dev.selfhost.firstActivationProbe-default(2)> @ back
Aug 28 14:21:49.711457 SpringBoard(FrontBoard)[47602] <Debug>: [FBSceneManager] EXECUTING: <BSEventQueueEvent: 0x281c25140; handleDidUpdateClientSettings-sceneID:dev.selfhost.firstActivationProbe-default(2)>
Aug 28 14:21:49.711528 SpringBoard(FrontBoard)[47602] <Debug>: [FBSceneManager] PENDING:   <BSEventQueueEvent: 0x281c273e0; didUpdateClientSettings-sceneID:dev.selfhost.firstActivationProbe-default(2)> @ back
Aug 28 14:21:49.711546 SpringBoard(FrontBoard)[47602] <Debug>: [FBSceneManager] PENDING:   <BSEventQueueEvent: 0x281c256e0; didUpdateClientSettingsCompletion-sceneID:dev.selfhost.firstActivationProbe-default(2)> @ back
Aug 28 14:21:49.711664 SpringBoard(FrontBoard)[47602] <Debug>: [FBSceneManager] EXECUTING: <BSEventQueueEvent: 0x281c273e0; didUpdateClientSettings-sceneID:dev.selfhost.firstActivationProbe-default(2)>
Aug 28 14:21:49.711683 SpringBoard(FrontBoard)[47602] <Debug>: [FBSceneManager] PENDING:   <BSEventQueueEvent: 0x281c24300; didUpdateClientSettings-sceneID:dev.selfhost.firstActivationProbe-default(2)> @ front
Aug 28 14:21:49.711702 SpringBoard(FrontBoard)[47602] <Debug>: [FBSceneManager] EXECUTING: <BSEventQueueEvent: 0x281c24300; didUpdateClientSettings-sceneID:dev.selfhost.firstActivationProbe-default(2)>
Aug 28 14:21:49.711755 SpringBoard(FrontBoard)[47602] <Debug>: [FBSceneManager] EXECUTING: <BSEventQueueEvent: 0x281c256e0; didUpdateClientSettingsCompletion-sceneID:dev.selfhost.firstActivationProbe-default(2)>
Aug 28 14:21:49.711941 SpringBoard(FrontBoard)[47602] <Info>: [sceneID:dev.selfhost.firstActivationProbe-default] Client settings updated with diff: <private>
Aug 28 14:21:49.711960 SpringBoard(FrontBoard)[47602] <Info>: [sceneID:dev.selfhost.firstActivationProbe-default] didUpdateClientSettingsWithDiff: <private>
Aug 28 14:21:49.711986 SpringBoard(FrontBoard)[47602] <Debug>: [FBSceneManager] PENDING:   <BSEventQueueEvent: 0x281d3cf80; handleDidUpdateClientSettings-sceneID:dev.selfhost.firstActivationProbe-default(2)> @ back
Aug 28 14:21:49.712032 SpringBoard(FrontBoard)[47602] <Debug>: [FBSceneManager] EXECUTING: <BSEventQueueEvent: 0x281d3cf80; handleDidUpdateClientSettings-sceneID:dev.selfhost.firstActivationProbe-default(2)>
Aug 28 14:21:49.712120 SpringBoard(FrontBoard)[47602] <Debug>: [FBSceneManager] PENDING:   <BSEventQueueEvent: 0x281d3e0e0; didUpdateClientSettings-sceneID:dev.selfhost.firstActivationProbe-default(2)> @ back
Aug 28 14:21:49.712138 SpringBoard(FrontBoard)[47602] <Debug>: [FBSceneManager] PENDING:   <BSEventQueueEvent: 0x281d21c80; didUpdateClientSettingsCompletion-sceneID:dev.selfhost.firstActivationProbe-default(2)> @ back
Aug 28 14:21:49.712209 SpringBoard(FrontBoard)[47602] <Debug>: [FBSceneManager] EXECUTING: <BSEventQueueEvent: 0x281d3e0e0; didUpdateClientSettings-sceneID:dev.selfhost.firstActivationProbe-default(2)>
Aug 28 14:21:49.712268 SpringBoard(FrontBoard)[47602] <Debug>: [FBSceneManager] PENDING:   <BSEventQueueEvent: 0x281d28120; didUpdateClientSettings-sceneID:dev.selfhost.firstActivationProbe-default(2)> @ front
Aug 28 14:21:49.712303 SpringBoard(FrontBoard)[47602] <Debug>: [FBSceneManager] EXECUTING: <BSEventQueueEvent: 0x281d28120; didUpdateClientSettings-sceneID:dev.selfhost.firstActivationProbe-default(2)>
Aug 28 14:21:49.712413 SpringBoard(FrontBoard)[47602] <Debug>: [FBSceneManager] EXECUTING: <BSEventQueueEvent: 0x281d21c80; didUpdateClientSettingsCompletion-sceneID:dev.selfhost.firstActivationProbe-default(2)>
Aug 28 14:21:49.712630 runningboardd(RunningBoard)[33] <Debug>: Enqueueing events for assertion: 33-33-7838 (target:[application<dev.selfhost.firstActivationProbe>:57981])
Aug 28 14:21:49.712669 runningboardd(RunningBoard)[33] <Debug>: Updating events for assertion: 33-47602-7839 (target:[application<dev.selfhost.firstActivationProbe>:57981])
Aug 28 14:21:49.712723 runningboardd(RunningBoard)[33] <Debug>: Removing events for context: 33-47602-7839 (target:[application<dev.selfhost.firstActivationProbe>:57981])
Aug 28 14:21:49.712747 runningboardd(RunningBoard)[33] <Debug>: Updating events for assertion: 33-57981-7840 (target:[application<dev.selfhost.firstActivationProbe>:57981])
Aug 28 14:21:49.712803 runningboardd(RunningBoard)[33] <Debug>: Removing events for context: 33-57981-7840 (target:[application<dev.selfhost.firstActivationProbe>:57981])
Aug 28 14:21:49.712837 runningboardd(RunningBoard)[33] <Debug>: Decrementing suppression state to 0 for application<dev.selfhost.firstActivationProbe>
Aug 28 14:21:49.712978 SpringBoard(RunningBoardServices)[47602] <Info>: Update delivered for [application<dev.selfhost.firstActivationProbe>:57981] with taskState 4
Aug 28 14:21:49.718867 Runner(CoreFoundation)[57981] <Debug>: Resource lookup at <private>
Aug 28 14:21:49.719018 Runner(CoreFoundation)[57981] <Debug>: Resource lookup at <private>
Aug 28 14:21:49.719147 Runner(CoreFoundation)[57981] <Debug>: found no value for key UIScrollViewForceConvertSafeAreaToContentInsetPreference in CFPrefsSearchListSource<0x281cdd680> (Domain: dev.selfhost.firstActivationProbe, Container: (null))
Aug 28 14:21:49.719272 Runner(CoreFoundation)[57981] <Debug>: found no value for key UIBarsApplyChromelessEverywhere in CFPrefsSearchListSource<0x281cdd680> (Domain: dev.selfhost.firstActivationProbe, Container: (null))
Aug 28 14:21:49.719389 Runner(CoreFoundation)[57981] <Debug>: looked up value <private> for key AppleLanguages in CFPrefsPlistSource<0x281cdcc80> (Domain: kCFPreferencesAnyApplication, User: kCFPreferencesCurrentUser, ByHost: No, Container: (null), Contents Need Refresh: No) via CFPrefsSearchListSource<0x281cdd680> (Domain: dev.selfhost.firstActivationProbe, Container: (null))
Aug 28 14:21:49.721383 mediaserverd(RunningBoardServices)[36] <Notice>: Hit the server for a process handle 141d16e30000e27d that resolved to: [application<dev.selfhost.firstActivationProbe>:57981]
Aug 28 14:21:49.721798 mediaserverd(RunningBoardServices)[36] <Info>: Update delivered for [application<dev.selfhost.firstActivationProbe>:57981] with taskState 4
Aug 28 14:21:49.721952 mediaserverd(MediaExperience)[36] <Notice>: -CMSessionMgr- CMSessionMgrHandleApplicationStateChange: Client dev.selfhost.firstActivationProbe with pid '57981' is now Foreground Running. Background entitlement: NO ActiveLongFormVideoSession: NO WhitelistedLongFormVideoApp NO
Aug 28 14:21:49.722028 mediaserverd(MediaExperience)[36] <Notice>: -CMSessionMgr- CMSessionMgrHandleApplicationStateChange: Sending EndInterruption to dev.selfhost.firstActivationProbe with pid '57981' because client moved to ForegroundRunning and is not allowed to play in the background
Aug 28 14:21:49.722066 mediaserverd(RunningBoardServices)[36] <Info>: Update delivered for [application<dev.selfhost.firstActivationProbe>:57981] with taskState 4
Aug 28 14:21:49.725228 Runner(Flutter)[57981] <Notice>: [ERROR:flutter/shell/common/shorebird/shorebird.cc(210)] ROUTEB: hook entered
Aug 28 14:21:49.725267 Runner(Flutter)[57981] <Notice>: [ERROR:flutter/shell/common/shorebird/shorebird.cc(210)] ROUTEB: parsed, targets=1, built-for=1db897c72e9c358db599a2d62fbb2a68
Aug 28 14:21:49.725419 SpringBoard(SpringBoardServices)[47602] <Debug>: [SBMig] Runner:57981 calling _SBXXDeactivateReachability (msgID 100052) --> implemented by SpringBoard.
Aug 28 14:21:49.725555 Runner(Flutter)[57981] <Notice>: [ERROR:flutter/shell/common/shorebird/shorebird.cc(210)] ROUTEB: running=1db897c72e9c358db599a2d62fbb2a68
Aug 28 14:21:49.725589 Runner(Flutter)[57981] <Notice>: [ERROR:flutter/shell/common/shorebird/shorebird.cc(210)] ROUTEB: assert-pool-offset supplied=0xd4a8
Aug 28 14:21:49.725623 Runner(Flutter)[57981] <Notice>: ROUTEB: activated activationState in package:first_activation_probe/main.dart before main
Aug 28 14:21:49.725656 Runner(Flutter)[57981] <Notice>: [ERROR:flutter/shell/common/shorebird/shorebird.cc(210)] ROUTEB: applied 1/1 targets, entering main
Aug 28 14:21:49.725748 Runner(CoreFoundation)[57981] <Debug>: found no value for key UseSingleSystemColor in CFPrefsSearchListSource<0x281cdaf00> (Domain: com.apple.Accessibility, Container: (null))
Aug 28 14:21:49.725815 Runner(libAccessibility.dylib)[57981] <Debug>: CF Read: domain = com.apple.Accessibility, preference = UseSingleSystemColor, appID = (null) result = (null) (-1 - empty, 0 - false, 1 - true)
Aug 28 14:21:49.728831 Runner(CoreFoundation)[57981] <Debug>: found no value for key UseSingleSystemColor in CFPrefsPlistSource<0x281cdce80> (Domain: com.apple.Accessibility, User: kCFPreferencesCurrentUser, ByHost: No, Container: (null), Contents Need Refresh: No)
Aug 28 14:21:49.728870 Runner(CoreFoundation)[57981] <Debug>: found no value for key UIViewLocalizeOverrideLayoutEngine in CFPrefsSearchListSource<0x281cdd680> (Domain: dev.selfhost.firstActivationProbe, Container: (null))
Aug 28 14:21:49.728909 Runner(CoreFoundation)[57981] <Debug>: found no value for key NSPreTigerAttributedStringHash in CFPrefsSearchListSource<0x281cdd680> (Domain: dev.selfhost.firstActivationProbe, Container: (null))
Aug 28 14:21:49.728971 Runner(CoreFoundation)[57981] <Debug>: looked up value <private> for key AppleLanguages in CFPrefsPlistSource<0x281cdcc80> (Domain: kCFPreferencesAnyApplication, User: kCFPreferencesCurrentUser, ByHost: No, Container: (null), Contents Need Refresh: No) via CFPrefsSearchListSource<0x281cdd680> (Domain: dev.selfhost.firstActivationProbe, Container: (null))
Aug 28 14:21:49.729087 Runner(CoreFoundation)[57981] <Debug>: looked up value <private> for key AppleLanguages in CFPrefsPlistSource<0x281cdcc80> (Domain: kCFPreferencesAnyApplication, User: kCFPreferencesCurrentUser, ByHost: No, Container: (null), Contents Need Refresh: No) via CFPrefsSearchListSource<0x281cdd680> (Domain: dev.selfhost.firstActivationProbe, Container: (null))
Aug 28 14:21:49.729175 Runner(CoreFoundation)[57981] <Debug>: Resource lookup at <private>
Aug 28 14:21:49.730216 Runner(CoreFoundation)[57981] <Debug>: found no value for key NSConstraintBasedLayoutDebug in CFPrefsSearchListSource<0x281cdd680> (Domain: dev.selfhost.firstActivationProbe, Container: (null))
Aug 28 14:21:49.730252 Runner(CoreFoundation)[57981] <Debug>: found no value for key NSConstraintBasedLayoutAllowUnoptimizedReads in CFPrefsSearchListSource<0x281cdd680> (Domain: dev.selfhost.firstActivationProbe, Container: (null))
Aug 28 14:21:49.730288 Runner(CoreFoundation)[57981] <Debug>: found no value for key NSConstraintBasedLayoutDebugEngineConsistency in CFPrefsSearchListSource<0x281cdd680> (Domain: dev.selfhost.firstActivationProbe, Container: (null))
Aug 28 14:21:49.730320 Runner(CoreFoundation)[57981] <Debug>: found no value for key NSConstraintBasedLayoutVariableChangeTransactions in CFPrefsSearchListSource<0x281cdd680> (Domain: dev.selfhost.firstActivationProbe, Container: (null))
Aug 28 14:21:49.731330 Runner(CoreFoundation)[57981] <Debug>: found no value for key NSConstraintBasedLayoutDeferOptimization in CFPrefsSearchListSource<0x281cdd680> (Domain: dev.selfhost.firstActivationProbe, Container: (null))
Aug 28 14:21:49.731362 Runner(CoreFoundation)[57981] <Debug>: found no value for key UIViewControllerDetachedInheritsContentOverlayInsetsFromSuperview in CFPrefsSearchListSource<0x281cdd680> (Domain: dev.selfhost.firstActivationProbe, Container: (null))
Aug 28 14:21:49.731421 Runner(CoreFoundation)[57981] <Debug>: found no value for key ModernContentOverlayInsetsPropagation in CFPrefsSearchListSource<0x281cdd680> (Domain: dev.selfhost.firstActivationProbe, Container: (null))
Aug 28 14:21:49.731542 SpringBoard(FrontBoard)[47602] <Info>: [sceneID:dev.selfhost.firstActivationProbe-default] Client settings updated with diff: <private>
Aug 28 14:21:49.731615 SpringBoard(FrontBoard)[47602] <Info>: [sceneID:dev.selfhost.firstActivationProbe-default] didUpdateClientSettingsWithDiff: <private>
Aug 28 14:21:49.731662 SpringBoard(FrontBoard)[47602] <Info>: [sceneID:dev.selfhost.firstActivationProbe-default] Client settings updated with diff: <private>
Aug 28 14:21:49.731756 SpringBoard(FrontBoard)[47602] <Debug>: [FBSceneManager] PENDING:   <BSEventQueueEvent: 0x281de6e00; handleDidUpdateClientSettings-sceneID:dev.selfhost.firstActivationProbe-default(2)> @ back
Aug 28 14:21:49.731802 SpringBoard(FrontBoard)[47602] <Debug>: [FBSceneManager] EXECUTING: <BSEventQueueEvent: 0x281de6e00; handleDidUpdateClientSettings-sceneID:dev.selfhost.firstActivationProbe-default(2)>
Aug 28 14:21:49.731932 SpringBoard(FrontBoard)[47602] <Info>: [sceneID:dev.selfhost.firstActivationProbe-default] Client settings updated with diff: <private>
Aug 28 14:21:49.732025 SpringBoard(FrontBoard)[47602] <Debug>: [FBSceneManager] PENDING:   <BSEventQueueEvent: 0x281db2a40; didUpdateClientSettings-sceneID:dev.selfhost.firstActivationProbe-default(2)> @ back
Aug 28 14:21:49.732126 SpringBoard(FrontBoard)[47602] <Debug>: [FBSceneManager] PENDING:   <BSEventQueueEvent: 0x281c76ec0; didUpdateClientSettingsCompletion-sceneID:dev.selfhost.firstActivationProbe-default(2)> @ back
Aug 28 14:21:49.732250 SpringBoard(FrontBoard)[47602] <Info>: [sceneID:dev.selfhost.firstActivationProbe-default] Client settings updated with diff: <private>
Aug 28 14:21:49.732562 SpringBoard(FrontBoard)[47602] <Debug>: [FBSceneManager] EXECUTING: <BSEventQueueEvent: 0x281db2a40; didUpdateClientSettings-sceneID:dev.selfhost.firstActivationProbe-default(2)>
Aug 28 14:21:49.732602 SpringBoard(FrontBoard)[47602] <Debug>: [FBSceneManager] PENDING:   <BSEventQueueEvent: 0x281c36760; didUpdateClientSettings-sceneID:dev.selfhost.firstActivationProbe-default(2)> @ front
Aug 28 14:21:49.732685 backboardd(BackBoardHIDEventFoundation)[65] <Notice>: new deferring rules for pid:57981: [<environment: keyboardFocus; display: builtin; token: com.apple.frontboard.systemappservices::sceneID%3Adev.selfhost.firstActivationProbe-default> -> <pid: 57981; token: 0xA45BF17> reason: "1-deferDiscrete: UIWindowScene: 0x100811f00: Begin event deferring in keyboardFocus for window: 0x101d28900"]
Aug 28 14:21:49.733703 Runner(CoreFoundation)[57981] <Debug>: found no value for key LogStatusBar in CFPrefsSearchListSource<0x281cd8800> (Domain: com.apple.UIKit, Container: (null))
Aug 28 14:21:49.733766 Runner(UIKitCore)[57981] <Notice>: Key window API is scene-level: YES
Aug 28 14:21:49.733821 SpringBoard(FrontBoard)[47602] <Debug>: [FBSceneManager] EXECUTING: <BSEventQueueEvent: 0x281c36760; didUpdateClientSettings-sceneID:dev.selfhost.firstActivationProbe-default(2)>
Aug 28 14:21:49.734058 Runner(UIKitCore)[57981] <Notice>: UIWindowScene: 0x100811f00: Window became key in scene: UIWindow: 0x101d28900; contextId: 0xA45BF17: reason: UIWindowScene: 0x100811f00: Window requested to become key in scene: 0x101d28900
Aug 28 14:21:49.734426 SpringBoard(FrontBoard)[47602] <Debug>: [FBSceneManager] EXECUTING: <BSEventQueueEvent: 0x281c76ec0; didUpdateClientSettingsCompletion-sceneID:dev.selfhost.firstActivationProbe-default(2)>
Aug 28 14:21:49.734616 Runner(UIKitCore)[57981] <Notice>: Key window needs update: 1; currentKeyWindowScene: 0x0; evaluatedKeyWindowScene: 0x100811f00; currentApplicationKeyWindow: 0x0; evaluatedApplicationKeyWindow: 0x101d28900; reason: UIWindowScene: 0x100811f00: Window requested to become key in scene: 0x101d28900
Aug 28 14:21:49.734636 Runner(UIKitCore)[57981] <Notice>: Window did become application key: UIWindow: 0x101d28900; contextId: 0xA45BF17; scene identity: com.apple.frontboard.systemappservices::sceneID%3Adev.selfhost.firstActivationProbe-default
Aug 28 14:21:49.734655 Runner(UIKitCore)[57981] <Notice>: [0x2819dd8f0] Begin local event deferring requested for token: 0x2811cf750; environments: 1; reason: UIWindowScene: 0x100811f00: Begin event deferring in keyboardFocus for window: 0x101d28900
Aug 28 14:21:49.734701 Runner(CoreFoundation)[57981] <Debug>: found no value for key LogKeyboardFocus in CFPrefsSearchListSource<0x281cd8800> (Domain: com.apple.UIKit, Container: (null))
Aug 28 14:21:49.734823 Runner(CoreFoundation)[57981] <Debug>: Resource lookup at <private>
Aug 28 14:21:49.737087 Runner(CoreFoundation)[57981] <Debug>: Resource lookup at <private>
Aug 28 14:21:49.737126 Runner(CoreFoundation)[57981] <Debug>: Resource lookup at <private>
Aug 28 14:21:49.737217 Runner(CoreFoundation)[57981] <Debug>: found no value for key NSConstraintBasedLayoutLogPivotCounts in CFPrefsSearchListSource<0x281cdd680> (Domain: dev.selfhost.firstActivationProbe, Container: (null))
Aug 28 14:21:49.737740 Runner(CoreFoundation)[57981] <Debug>: Resource lookup at <private>
Aug 28 14:21:49.737829 Runner(CoreFoundation)[57981] <Debug>: found no value for key NSConstraintBasedLayoutTrackDirtyObservables in CFPrefsSearchListSource<0x281cdd680> (Domain: dev.selfhost.firstActivationProbe, Container: (null))
Aug 28 14:21:49.738301 SpringBoard(FrontBoard)[47602] <Info>: [sceneID:dev.selfhost.firstActivationProbe-default] didUpdateClientSettingsWithDiff: (null)
Aug 28 14:21:49.738398 SpringBoard(FrontBoard)[47602] <Debug>: [FBSceneManager] PENDING:   <BSEventQueueEvent: 0x281c37fa0; handleDidUpdateClientSettings-sceneID:dev.selfhost.firstActivationProbe-default(2)> @ back
Aug 28 14:21:49.738654 Runner(CoreFoundation)[57981] <Debug>: found no value for key LogAppLifecycle in CFPrefsSearchListSource<0x281cd8800> (Domain: com.apple.UIKit, Container: (null))
Aug 28 14:21:49.738694 Runner(UIKitCore)[57981] <Notice>: sceneOfRecord: sceneID: sceneID:dev.selfhost.firstActivationProbe-default  persistentID: 54172BD8-7EEE-42D7-BAAD-1E9875D00E56
Aug 28 14:21:49.738727 Runner(UIKitCore)[57981] <Notice>: Ignoring already applied deactivation reason: 5; deactivation reasons: 2080
Aug 28 14:21:49.738919 SpringBoard(FrontBoard)[47602] <Debug>: [FBSceneManager] EXECUTING: <BSEventQueueEvent: 0x281c37fa0; handleDidUpdateClientSettings-sceneID:dev.selfhost.firstActivationProbe-default(2)>
Aug 28 14:21:49.738992 SpringBoard(FrontBoard)[47602] <Debug>: [FBSceneManager] PENDING:   <BSEventQueueEvent: 0x281c37800; didUpdateClientSettings-sceneID:dev.selfhost.firstActivationProbe-default(2)> @ back
Aug 28 14:21:49.739028 SpringBoard(FrontBoard)[47602] <Debug>: [FBSceneManager] PENDING:   <BSEventQueueEvent: 0x281c35580; didUpdateClientSettingsCompletion-sceneID:dev.selfhost.firstActivationProbe-default(2)> @ back
Aug 28 14:21:49.739100 SpringBoard(FrontBoard)[47602] <Debug>: [FBSceneManager] EXECUTING: <BSEventQueueEvent: 0x281c37800; didUpdateClientSettings-sceneID:dev.selfhost.firstActivationProbe-default(2)>
Aug 28 14:21:49.739155 SpringBoard(FrontBoard)[47602] <Debug>: [FBSceneManager] PENDING:   <BSEventQueueEvent: 0x281c34f80; didUpdateClientSettings-sceneID:dev.selfhost.firstActivationProbe-default(2)> @ front
Aug 28 14:21:49.739183 SpringBoard(FrontBoard)[47602] <Debug>: [FBSceneManager] EXECUTING: <BSEventQueueEvent: 0x281c34f80; didUpdateClientSettings-sceneID:dev.selfhost.firstActivationProbe-default(2)>
Aug 28 14:21:49.739265 SpringBoard(FrontBoard)[47602] <Debug>: [FBSceneManager] EXECUTING: <BSEventQueueEvent: 0x281c35580; didUpdateClientSettingsCompletion-sceneID:dev.selfhost.firstActivationProbe-default(2)>
Aug 28 14:21:49.739447 Runner(UIKitCore)[57981] <Debug>: Setting device orientation to 1 and sending notification.
Aug 28 14:21:49.739465 SpringBoard(FrontBoard)[47602] <Info>: [sceneID:dev.selfhost.firstActivationProbe-default] didUpdateClientSettingsWithDiff: <private>
Aug 28 14:21:49.739484 SpringBoard(FrontBoard)[47602] <Debug>: [FBSceneManager] PENDING:   <BSEventQueueEvent: 0x281de6e00; handleDidUpdateClientSettings-sceneID:dev.selfhost.firstActivationProbe-default(2)> @ back
Aug 28 14:21:49.739521 SpringBoard(FrontBoard)[47602] <Debug>: [FBSceneManager] EXECUTING: <BSEventQueueEvent: 0x281de6e00; handleDidUpdateClientSettings-sceneID:dev.selfhost.firstActivationProbe-default(2)>
Aug 28 14:21:49.739556 Runner(UIKitCore)[57981] <Notice>: Deactivation reason added: 12; deactivation reasons: 2080 -> 6176; animating application lifecycle event: 1
Aug 28 14:21:49.739595 Runner(CoreFoundation)[57981] <Debug>: Resource lookup at <private>
Aug 28 14:21:49.739653 SpringBoard(FrontBoard)[47602] <Notice>: [sceneID:dev.selfhost.firstActivationProbe-default] Scene action [Logical Activate][0xb5ae] completed with success: 1
Aug 28 14:21:49.739711 SpringBoard(FrontBoardServices)[47602] <Info>: [application<dev.selfhost.firstActivationProbe>:57981] [realTime] Stopped monitoring.
Aug 28 14:21:49.739730 SpringBoard(FrontBoard)[47602] <Debug>: [FBSceneManager] PENDING:   <BSEventQueueEvent: 0x281c37fa0; didUpdateClientSettings-sceneID:dev.selfhost.firstActivationProbe-default(2)> @ back
Aug 28 14:21:49.739760 SpringBoard(FrontBoardServices)[47602] <Debug>: [application<dev.selfhost.firstActivationProbe>:57981] [realTime] Updated resource consumption: 0.110s (0.55%)
Aug 28 14:21:49.739804 SpringBoard(FrontBoard)[47602] <Debug>: [FBSceneManager] PENDING:   <BSEventQueueEvent: 0x281c369e0; didUpdateClientSettingsCompletion-sceneID:dev.selfhost.firstActivationProbe-default(2)> @ back
Aug 28 14:21:49.739894 SpringBoard(FrontBoardServices)[47602] <Debug>: [application<dev.selfhost.firstActivationProbe>:57981] Invalidating <FBProcessWatchdog: 0x283e87890; name: scene-create; time: 20.00s>
Aug 28 14:21:49.739933 SpringBoard(FrontBoardServices)[47602] <Debug>: [application<dev.selfhost.firstActivationProbe>:57981] [realTime] Invalidated
Aug 28 14:21:49.740103 SpringBoard(FrontBoard)[47602] <Info>: [sceneID:dev.selfhost.firstActivationProbe-default] Client settings updated with diff: <private>
Aug 28 14:21:49.740198 SpringBoard(FrontBoard)[47602] <Debug>: [FBSceneManager] EXECUTING: <BSEventQueueEvent: 0x281c37fa0; didUpdateClientSettings-sceneID:dev.selfhost.firstActivationProbe-default(2)>
Aug 28 14:21:49.740289 SpringBoard(FrontBoard)[47602] <Debug>: [FBSceneManager] PENDING:   <BSEventQueueEvent: 0x281da8620; didUpdateClientSettings-sceneID:dev.selfhost.firstActivationProbe-default(2)> @ front
Aug 28 14:21:49.740341 SpringBoard(FrontBoard)[47602] <Debug>: [FBSceneManager] EXECUTING: <BSEventQueueEvent: 0x281da8620; didUpdateClientSettings-sceneID:dev.selfhost.firstActivationProbe-default(2)>
Aug 28 14:21:49.740554 Runner(UIKitCore)[57981] <Notice>: Deactivation reason removed: 11; deactivation reasons: 6176 -> 4128; animating application lifecycle event: 1
Aug 28 14:21:49.740592 Runner(CoreFoundation)[57981] <Debug>: found no value for key CAEnableDeepFramebuffer in CFPrefsSearchListSource<0x281cdd680> (Domain: dev.selfhost.firstActivationProbe, Container: (null))
Aug 28 14:21:49.740670 SpringBoard(FrontBoard)[47602] <Debug>: [FBSceneManager] EXECUTING: <BSEventQueueEvent: 0x281c369e0; didUpdateClientSettingsCompletion-sceneID:dev.selfhost.firstActivationProbe-default(2)>
Aug 28 14:21:49.740982 SpringBoard(FrontBoard)[47602] <Info>: [sceneID:dev.selfhost.firstActivationProbe-default] didUpdateClientSettingsWithDiff: <private>
Aug 28 14:21:49.741106 SpringBoard(FrontBoard)[47602] <Debug>: [FBSceneManager] PENDING:   <BSEventQueueEvent: 0x281c36ec0; handleDidUpdateClientSettings-sceneID:dev.selfhost.firstActivationProbe-default(2)> @ back
Aug 28 14:21:49.741165 SpringBoard(FrontBoard)[47602] <Debug>: [FBSceneManager] EXECUTING: <BSEventQueueEvent: 0x281c36ec0; handleDidUpdateClientSettings-sceneID:dev.selfhost.firstActivationProbe-default(2)>
Aug 28 14:21:49.741359 SpringBoard(FrontBoard)[47602] <Debug>: [FBSceneManager] PENDING:   <BSEventQueueEvent: 0x281c367e0; didUpdateClientSettings-sceneID:dev.selfhost.firstActivationProbe-default(2)> @ back
Aug 28 14:21:49.741632 SpringBoard(FrontBoard)[47602] <Debug>: [FBSceneManager] PENDING:   <BSEventQueueEvent: 0x281c359a0; didUpdateClientSettingsCompletion-sceneID:dev.selfhost.firstActivationProbe-default(2)> @ back
Aug 28 14:21:49.741785 SpringBoard(FrontBoard)[47602] <Debug>: [FBSceneManager] EXECUTING: <BSEventQueueEvent: 0x281c367e0; didUpdateClientSettings-sceneID:dev.selfhost.firstActivationProbe-default(2)>
Aug 28 14:21:49.741875 SpringBoard(FrontBoard)[47602] <Debug>: [FBSceneManager] PENDING:   <BSEventQueueEvent: 0x281c0bfa0; didUpdateClientSettings-sceneID:dev.selfhost.firstActivationProbe-default(2)> @ front
Aug 28 14:21:49.741938 SpringBoard(FrontBoard)[47602] <Debug>: [FBSceneManager] EXECUTING: <BSEventQueueEvent: 0x281c0bfa0; didUpdateClientSettings-sceneID:dev.selfhost.firstActivationProbe-default(2)>
Aug 28 14:21:49.742173 SpringBoard(FrontBoard)[47602] <Debug>: [FBSceneManager] EXECUTING: <BSEventQueueEvent: 0x281c359a0; didUpdateClientSettingsCompletion-sceneID:dev.selfhost.firstActivationProbe-default(2)>
Aug 28 14:21:49.742597 SpringBoard(KeyboardArbiter)[47602] <Debug>: [_UIKeyboardArbiter] Received new connection [<_UIKeyboardArbiterHandle: 0x282a7b5a0; PID 57981: dev.selfhost.firstActivationProbe <(null)>; hosting PIDs {(
Aug 28 14:21:49.742642 SpringBoard(FrontBoard)[47602] <Info>: [sceneID:dev.selfhost.firstActivationProbe-default] didUpdateClientSettingsWithDiff: <private>
Aug 28 14:21:49.742684 SpringBoard(FrontBoard)[47602] <Debug>: [FBSceneManager] PENDING:   <BSEventQueueEvent: 0x281d3a400; handleDidUpdateClientSettings-sceneID:dev.selfhost.firstActivationProbe-default(2)> @ back
Aug 28 14:21:49.742733 SpringBoard(FrontBoard)[47602] <Debug>: [FBSceneManager] EXECUTING: <BSEventQueueEvent: 0x281d3a400; handleDidUpdateClientSettings-sceneID:dev.selfhost.firstActivationProbe-default(2)>
Aug 28 14:21:49.742770 SpringBoard(RunningBoardServices)[47602] <Notice>: Updating configuration of monitor <RBSProcessMonitorConfiguration| id:M47602-8 qos:25 predicates:[<RBSProcessPredicate <RBSCompoundAllPredicate [<RBSCompoundAllPredicate [<RBSProcessEUIDPredicate 501>, <RBSProcessBKSLegacyPredicate>]>, <RBSProcessBundleIdentifierPredicate "com.apple.springboard">]>>, <RBSProcessPredicate <RBSCompoundAllPredicate [<RBSCompoundAllPredicate [<RBSProcessEUIDPredicate 501>, <RBSProcessBKSLegacyPredicate>]>, <RBSProcessBundleIdentifierPredicate "dev.selfhost.firstActivationProbe">]>>] descriptor:<RBSProcessStateDescriptor| values:9 namespaces:[com.apple.frontboard.visibility]> events:0x0>
Aug 28 14:21:49.742848 SpringBoard(FrontBoard)[47602] <Debug>: [FBSceneManager] PENDING:   <BSEventQueueEvent: 0x281c0a960; didUpdateClientSettings-sceneID:dev.selfhost.firstActivationProbe-default(2)> @ back
Aug 28 14:21:49.742938 runningboardd(RunningBoard)[33] <Debug>: END suppressing state updates for application<dev.selfhost.firstActivationProbe>
Aug 28 14:21:49.742957 SpringBoard(FrontBoard)[47602] <Debug>: [FBSceneManager] PENDING:   <BSEventQueueEvent: 0x281c0bd80; didUpdateClientSettingsCompletion-sceneID:dev.selfhost.firstActivationProbe-default(2)> @ back
Aug 28 14:21:49.742975 runningboardd(RunningBoard)[33] <Debug>: Sending state update for application<dev.selfhost.firstActivationProbe>: <RBSProcessState| task:running-active debug:none terminationResistance:Interactive endowments:[
	<RBSProcessAssertionInfo| type:2 reason:10000 name:"Domain" domain:"com.apple.frontboard:Bootstrap-Foreground,com.apple.frontboard:Visibility" expl:"FBApplicationProcess">,
Aug 28 14:21:49.743012 runningboardd(RunningBoard)[33] <Debug>: Sending state 0x1011d87e0 for application<dev.selfhost.firstActivationProbe> to [daemon<com.apple.UserEventAgent-System>:30]
Aug 28 14:21:49.743164 SpringBoard(FrontBoard)[47602] <Debug>: [FBSceneManager] EXECUTING: <BSEventQueueEvent: 0x281c0a960; didUpdateClientSettings-sceneID:dev.selfhost.firstActivationProbe-default(2)>
Aug 28 14:21:49.743202 SpringBoard(FrontBoard)[47602] <Debug>: [FBSceneManager] PENDING:   <BSEventQueueEvent: 0x281d6bc80; didUpdateClientSettings-sceneID:dev.selfhost.firstActivationProbe-default(2)> @ front
Aug 28 14:21:49.743230 SpringBoard(FrontBoard)[47602] <Debug>: [FBSceneManager] EXECUTING: <BSEventQueueEvent: 0x281d6bc80; didUpdateClientSettings-sceneID:dev.selfhost.firstActivationProbe-default(2)>
Aug 28 14:21:49.743295 SpringBoard(FrontBoard)[47602] <Debug>: [FBSceneManager] EXECUTING: <BSEventQueueEvent: 0x281c0bd80; didUpdateClientSettingsCompletion-sceneID:dev.selfhost.firstActivationProbe-default(2)>
Aug 28 14:21:49.743526 SpringBoard(FrontBoard)[47602] <Notice>: [sceneID:dev.selfhost.firstActivationProbe-default] scene content state changed: ready
Aug 28 14:21:49.743544 SpringBoard(FrontBoard)[47602] <Debug>: [FBSceneManager] PENDING:   <BSEventQueueEvent: 0x281c0bd80; contentStateDidChange-sceneID:dev.selfhost.firstActivationProbe-default(2)> @ back
Aug 28 14:21:49.743562 SpringBoard(FrontBoard)[47602] <Debug>: [FBSceneManager] EXECUTING: <BSEventQueueEvent: 0x281c0bd80; contentStateDidChange-sceneID:dev.selfhost.firstActivationProbe-default(2)>
Aug 28 14:21:49.743581 SpringBoard(KeyboardArbiter)[47602] <Debug>: [<_UIKeyboardArbiterHandle: 0x282a7b5a0; PID 57981: dev.selfhost.firstActivationProbe <(null)>; hosting PIDs {(
)}; level 0.000000; active NO [wants NO]; suppression 0; iav 0.000000; on screen NO>] startArbitrationWithExpectedState:sceneIdentity:hostingPIDs:usingFence:withSuppression:onConnected:: currentKeyboard: (null); sceneIdentity: com.apple.frontboard.systemappservices::sceneID%3Adev.selfhost.firstActivationProbe-default; pids: (
Aug 28 14:21:49.743638 SpringBoard(FrontBoard)[47602] <Debug>: [FBSceneManager] PENDING:   <BSEventQueueEvent: 0x281c0b380; contentStateDidChange-sceneID:dev.selfhost.firstActivationProbe-default(2)> @ front
Aug 28 14:21:49.743675 SpringBoard(FrontBoard)[47602] <Debug>: [FBSceneManager] EXECUTING: <BSEventQueueEvent: 0x281c0b380; contentStateDidChange-sceneID:dev.selfhost.firstActivationProbe-default(2)>
Aug 28 14:21:49.743753 SpringBoard(KeyboardArbiter)[47602] <Debug>: [_UIKeyboardArbiter] Handler requested focus: <_UIKeyboardArbiterHandle: 0x282a7b5a0; PID 57981: dev.selfhost.firstActivationProbe <com.apple.frontboard.systemappservices::sceneID%3Adev.selfhost.firstActivationProbe-default>; hosting PIDs {(
Aug 28 14:21:49.743887 SpringBoard(KeyboardArbiter)[47602] <Debug>: [_UIKeyboardArbiter] _focusRequestedHandle is now <_UIKeyboardArbiterHandle: 0x282a7b5a0; PID 57981: dev.selfhost.firstActivationProbe <com.apple.frontboard.systemappservices::sceneID%3Adev.selfhost.firstActivationProbe-default>; hosting PIDs {(
Aug 28 14:21:49.744029 SpringBoard(KeyboardArbiter)[47602] <Debug>: Advisor: Triggering reevaluation. Active PID: 57981, activeHandleID: com.apple.frontboard.systemappservices::sceneID%3Adev.selfhost.firstActivationProbe-default
Aug 28 14:21:49.744191 SpringBoard(KeyboardArbiter)[47602] <Debug>: Advisor: KeyboardFocus from _activeHandleForFocusEvaluation [<_UIKeyboardArbiterHandle: 0x282a7b5a0; PID 57981: dev.selfhost.firstActivationProbe <com.apple.frontboard.systemappservices::sceneID%3Adev.selfhost.firstActivationProbe-default>; hosting PIDs {(
Aug 28 14:21:49.744570 SpringBoard(FrontBoard)[47602] <Info>: Client intercepting scene update for scene: sceneID:dev.selfhost.firstActivationProbe-default
Aug 28 14:21:49.744605 SpringBoard[47602] <Notice>: advisor: gen:424 arbiter spec pid 57981 / com.apple.frontboard.systemappservices::sceneID%3Adev.selfhost.firstActivationProbe-default
Aug 28 14:21:49.744646 SpringBoard(FrontBoard)[47602] <Debug>: START SCENE MUTATION ------- sceneID:dev.selfhost.firstActivationProbe-default
Aug 28 14:21:49.744670 SpringBoard(FrontBoard)[47602] <Debug>: [FBSceneManager] PENDING:   <BSEventQueueEvent: 0x281c06ee0; sceneUpdatePrepared-sceneID:dev.selfhost.firstActivationProbe-default(3)> @ back
Aug 28 14:21:49.744728 SpringBoard(FrontBoard)[47602] <Debug>: Executing pended events before sceneID:dev.selfhost.firstActivationProbe-default: (
Aug 28 14:21:49.744851 SpringBoard(KeyboardArbiter)[47602] <Debug>: Advisor: Deliberation result: com.apple.frontboard.systemappservices::sceneID%3Adev.selfhost.firstActivationProbe-default
Aug 28 14:21:49.744925 SpringBoard(FrontBoard)[47602] <Debug>: [FBSceneManager] PENDING:   <BSEventQueueEvent: 0x281c05040; applySettings-sceneID:dev.selfhost.firstActivationProbe-default(3)> @ back
Aug 28 14:21:49.744948 SpringBoard(FrontBoard)[47602] <Debug>: Flushing all events for sceneID:dev.selfhost.firstActivationProbe-default
        jetsamMode = default;
    "<_UIKeyboardArbiterHandle: 0x282a7b5a0; PID 57981: dev.selfhost.firstActivationProbe <com.apple.frontboard.systemappservices::sceneID%3Adev.selfhost.firstActivationProbe-default>; hosting PIDs {(\n)}; level 0.000000; active NO [wants NO]; suppression 0; iav 0.000000; on screen NO>"
Aug 28 14:21:49.745140 SpringBoard(FrontBoard)[47602] <Debug>: [FBSceneManager] EXECUTING: <BSEventQueueEvent: 0x281c06ee0; sceneUpdatePrepared-sceneID:dev.selfhost.firstActivationProbe-default(3)>
Aug 28 14:21:49.745186 SpringBoard(FrontBoard)[47602] <Debug>: [FBSceneManager] PENDING:   <BSEventQueueEvent: 0x281dd6e80; sceneUpdatePrepared-sceneID:dev.selfhost.firstActivationProbe-default(3)> @ front
Aug 28 14:21:49.745231 SpringBoard(FrontBoard)[47602] <Debug>: [FBSceneManager] EXECUTING: <BSEventQueueEvent: 0x281dd6e80; sceneUpdatePrepared-sceneID:dev.selfhost.firstActivationProbe-default(3)>
Aug 28 14:21:49.745484 SpringBoard(FrontBoard)[47602] <Debug>: [FBSceneManager] EXECUTING: <BSEventQueueEvent: 0x281c05040; applySettings-sceneID:dev.selfhost.firstActivationProbe-default(3)>
Aug 28 14:21:49.745511 SpringBoard(FrontBoard)[47602] <Debug>: [FBSceneManager] PENDING:   <BSEventQueueEvent: 0x281d334e0; sceneUpdateApplied-sceneID:dev.selfhost.firstActivationProbe-default(3)> @ back
Aug 28 14:21:49.745563 SpringBoard(FrontBoard)[47602] <Debug>: [FBSceneManager] PENDING:   <BSEventQueueEvent: 0x281d0a800; sceneMutationCompletion-sceneID:dev.selfhost.firstActivationProbe-default(3)> @ back
Aug 28 14:21:49.745615 SpringBoard(FrontBoard)[47602] <Debug>: [FBSceneManager] EXECUTING: <BSEventQueueEvent: 0x281d334e0; sceneUpdateApplied-sceneID:dev.selfhost.firstActivationProbe-default(3)>
Aug 28 14:21:49.745655 SpringBoard(FrontBoard)[47602] <Debug>: [FBSceneManager] PENDING:   <BSEventQueueEvent: 0x281d08940; sceneUpdateApplied-sceneID:dev.selfhost.firstActivationProbe-default(3)> @ front
Aug 28 14:21:49.745696 SpringBoard(FrontBoard)[47602] <Debug>: [FBSceneManager] EXECUTING: <BSEventQueueEvent: 0x281d08940; sceneUpdateApplied-sceneID:dev.selfhost.firstActivationProbe-default(3)>
Aug 28 14:21:49.745905 Runner(AggregateDictionary)[57981] <Notice>: AggregateDictionary is deprecated and will be removed in this release. Please migrate to Core Analytics.
Aug 28 14:21:49.745956 Runner(UIKitCore)[57981] <Notice>: sceneOfRecord: sceneID: sceneID:dev.selfhost.firstActivationProbe-default  persistentID: 54172BD8-7EEE-42D7-BAAD-1E9875D00E56
Aug 28 14:21:49.745994 Runner(Flutter)[57981] <Notice>: [shorebird] Reporting successful launch.
Aug 28 14:21:49.746087 SpringBoard(FrontBoard)[47602] <Debug>: [FBSceneManager] EXECUTING: <BSEventQueueEvent: 0x281d0a800; sceneMutationCompletion-sceneID:dev.selfhost.firstActivationProbe-default(3)>
Aug 28 14:21:49.746128 SpringBoard(FrontBoard)[47602] <Debug>: ---------- END SCENE MUTATION: sceneID:dev.selfhost.firstActivationProbe-default
Aug 28 14:21:49.746268 SpringBoard(FrontBoard)[47602] <Info>: [sceneID:dev.selfhost.firstActivationProbe-default] Sending scene action [Forward Event][0x4840] to process 0x10a184770 (watchdog: none)
Aug 28 14:21:49.746784 SpringBoard(FrontBoard)[47602] <Debug>: [FBSceneManager] PENDING:   <BSEventQueueEvent: 0x281d45720; updateComplete-sceneID:dev.selfhost.firstActivationProbe-default(3)> @ back
Aug 28 14:21:49.746824 SpringBoard(FrontBoard)[47602] <Debug>: [FBSceneManager] EXECUTING: <BSEventQueueEvent: 0x281d45720; updateComplete-sceneID:dev.selfhost.firstActivationProbe-default(3)>
<SBSceneReadySwitcherModifierEvent: 0x281c02560; type: SceneReady; appLayout: <SBAppLayout: 0x280845800; primary: dev.selfhost.firstActivationProbe:default; environment: main> {
            bundleIdentifier = dev.selfhost.firstActivationProbe;
            uniqueIdentifier = sceneID:dev.selfhost.firstActivationProbe-default;
Aug 28 14:21:49.748440 SpringBoard(FrontBoard)[47602] <Debug>: [FBSceneManager] PENDING:   <BSEventQueueEvent: 0x281d25ae0; sceneUpdateCompleted-sceneID:dev.selfhost.firstActivationProbe-default(3)> @ back
Aug 28 14:21:49.748668 SpringBoard(FrontBoard)[47602] <Debug>: [FBSceneManager] EXECUTING: <BSEventQueueEvent: 0x281d25ae0; sceneUpdateCompleted-sceneID:dev.selfhost.firstActivationProbe-default(3)>
Aug 28 14:21:49.748794 SpringBoard(FrontBoard)[47602] <Debug>: [FBSceneManager] PENDING:   <BSEventQueueEvent: 0x281c01bc0; sceneUpdateCompleted-sceneID:dev.selfhost.firstActivationProbe-default(3)> @ front
Aug 28 14:21:49.748850 SpringBoard(FrontBoard)[47602] <Debug>: [FBSceneManager] EXECUTING: <BSEventQueueEvent: 0x281c01bc0; sceneUpdateCompleted-sceneID:dev.selfhost.firstActivationProbe-default(3)>
Aug 28 14:21:49.748901 Runner(RunningBoardServices)[57981] <Info>: didChangeInheritances
Aug 28 14:21:49.748940 Runner(RunningBoardServices)[57981] <Info>: didChangeInheritances: <RBSInheritanceChangeSet| gained:{(
    <RBSInheritance| environment:UIScene:com.apple.frontboard.systemappservices::sceneID%3Adev.selfhost.firstActivationProbe-default name:com.apple.frontboard.visibility origID:33-47602-7841 payload>
Aug 28 14:21:49.749021 Runner(UIKitCore)[57981] <Notice>: sceneOfRecord: sceneID: sceneID:dev.selfhost.firstActivationProbe-default  persistentID: 54172BD8-7EEE-42D7-BAAD-1E9875D00E56
Aug 28 14:21:49.749064 Runner(UIKitCore)[57981] <Notice>: [0x2819dd8f0] Scene target of event deferring environments did update: scene: 0x100811f00; current systemShellManagesKeyboardFocus: 1; systemShellManagesKeyboardFocusForScene: 1; eligibleForRecordRemoval: 1;
Aug 28 14:21:49.749098 Runner(UIKitCore)[57981] <Notice>: Scene became target of keyboard event deferring environment: UIWindowScene: 0x100811f00; scene identity: com.apple.frontboard.systemappservices::sceneID%3Adev.selfhost.firstActivationProbe-default
Aug 28 14:21:49.749365 runningboardd(RunningBoard)[33] <Debug>: END suppressing state updates for application<dev.selfhost.firstActivationProbe>
Aug 28 14:21:49.749403 runningboardd(RunningBoard)[33] <Debug>: Sending state update for application<dev.selfhost.firstActivationProbe>: <RBSProcessState| task:running-active debug:none terminationResistance:Interactive endowments:[
	<RBSProcessAssertionInfo| type:2 reason:10000 name:"Domain" domain:"com.apple.frontboard:Bootstrap-Foreground,com.apple.frontboard:Visibility" expl:"FBApplicationProcess">,
	<RBSProcessAssertionInfo| type:1 reason:0 name:"Custom" domain:"(null)" expl:"injecting inherited from "UIScene:com.apple.frontboard.systemappservices::com.apple.springboard" to 57981<UIScene:com.apple.frontboard.systemappservices::sceneID%3Adev.selfhost.firstActivationProbe-default>">
Aug 28 14:21:49.749454 runningboardd(RunningBoard)[33] <Debug>: Sending state 0x1011d3df0 for application<dev.selfhost.firstActivationProbe> to [daemon<com.apple.SpringBoard>:47602]
Aug 28 14:21:49.749480 runningboardd(RunningBoard)[33] <Info>: Received message from [application<dev.selfhost.firstActivationProbe>:57981] (euid 501, auid 501): statesForPredicate:descriptor:error:
Aug 28 14:21:49.749553 SpringBoard(RunningBoardServices)[47602] <Info>: Update skipped for [application<dev.selfhost.firstActivationProbe>:57981] with state: <RBSProcessState| task:running-active debug:none endowments:[
Aug 28 14:21:49.749651 SpringBoard(RunningBoardServices)[47602] <Info>: Update skipped for [application<dev.selfhost.firstActivationProbe>:57981] with state: <RBSProcessState| task:running-active debug:none endowments:[
Aug 28 14:21:49.749716 SpringBoard(RunningBoardServices)[47602] <Info>: Update skipped for [application<dev.selfhost.firstActivationProbe>:57981] with state: <RBSProcessState| task:running-active debug:none endowments:[
Aug 28 14:21:49.749760 SpringBoard(RunningBoardServices)[47602] <Info>: Update skipped for [application<dev.selfhost.firstActivationProbe>:57981] with state: <RBSProcessState| task:running-active debug:none endowments:[
Aug 28 14:21:49.749821 Runner(CoreFoundation)[57981] <Debug>: found no value for key LogFirstResponderRestoration in CFPrefsSearchListSource<0x281cd8800> (Domain: com.apple.UIKit, Container: (null))
Aug 28 14:21:49.749854 Runner(CoreFoundation)[57981] <Debug>: Resource lookup at <private>
Aug 28 14:21:49.749877 Runner(RunningBoardServices)[57981] <Debug>: Decoded RBSProcessHandle with IPC ID 141d16e30000e27d
Aug 28 14:21:49.749909 Runner(RunningBoardServices)[57981] <Notice>: Creating side-channel connection to com.apple.runningboard
Aug 28 14:21:49.749953 Runner(RunningBoardServices)[57981] <Notice>: Hit the server for a process handle 141d16e30000e27d that resolved to: [application<dev.selfhost.firstActivationProbe>:57981]
Aug 28 14:21:49.749991 Runner(RunningBoardServices)[57981] <Info>: Acquiring assertion: <RBSAssertionDescriptor| "systemAnimationFence" ID:(null) target:57981>
Aug 28 14:21:49.750042 SpringBoard(FrontBoard)[47602] <Info>: [sceneID:dev.selfhost.firstActivationProbe-default] Client settings updated with diff: <private>
Aug 28 14:21:49.750080 SpringBoard(FrontBoard)[47602] <Info>: [sceneID:dev.selfhost.firstActivationProbe-default] didUpdateClientSettingsWithDiff: <private>
Aug 28 14:21:49.750132 SpringBoard(FrontBoard)[47602] <Debug>: [FBSceneManager] PENDING:   <BSEventQueueEvent: 0x281d28e40; handleDidUpdateClientSettings-sceneID:dev.selfhost.firstActivationProbe-default(4)> @ back
Aug 28 14:21:49.750182 SpringBoard(FrontBoard)[47602] <Debug>: [FBSceneManager] EXECUTING: <BSEventQueueEvent: 0x281d28e40; handleDidUpdateClientSettings-sceneID:dev.selfhost.firstActivationProbe-default(4)>
Aug 28 14:21:49.750317 Runner(CoreFoundation)[57981] <Debug>: Resource lookup at <private>
Aug 28 14:21:49.750366 Runner(CoreFoundation)[57981] <Debug>: looked up value <private> for key VoiceOverTouchEnabled in CFPrefsPlistSource<0x281cdce80> (Domain: com.apple.Accessibility, User: kCFPreferencesCurrentUser, ByHost: No, Container: (null), Contents Need Refresh: No) via CFPrefsSearchListSource<0x281cdaf00> (Domain: com.apple.Accessibility, Container: (null))
Aug 28 14:21:49.750400 Runner(libAccessibility.dylib)[57981] <Debug>: CF Read: domain = com.apple.Accessibility, preference = VoiceOverTouchEnabled, appID = (null) result = 0 (-1 - empty, 0 - false, 1 - true)
Aug 28 14:21:49.750443 Runner(CoreFoundation)[57981] <Debug>: found no value for key AssistiveTouchScannerEnabled in CFPrefsSearchListSource<0x281cdaf00> (Domain: com.apple.Accessibility, Container: (null))
Aug 28 14:21:49.750466 Runner(libAccessibility.dylib)[57981] <Debug>: CF Read: domain = com.apple.Accessibility, preference = AssistiveTouchScannerEnabled, appID = (null) result = (null) (-1 - empty, 0 - false, 1 - true)
Aug 28 14:21:49.750513 Runner(CoreFoundation)[57981] <Debug>: found no value for key AssistiveTouchScannerEnabled in CFPrefsPlistSource<0x281cdce80> (Domain: com.apple.Accessibility, User: kCFPreferencesCurrentUser, ByHost: No, Container: (null), Contents Need Refresh: No)
Aug 28 14:21:49.750551 SpringBoard(FrontBoard)[47602] <Debug>: [FBSceneManager] PENDING:   <BSEventQueueEvent: 0x281d29f00; didUpdateClientSettings-sceneID:dev.selfhost.firstActivationProbe-default(4)> @ back
Aug 28 14:21:49.750588 SpringBoard(FrontBoard)[47602] <Debug>: [FBSceneManager] PENDING:   <BSEventQueueEvent: 0x281d29ac0; didUpdateClientSettingsCompletion-sceneID:dev.selfhost.firstActivationProbe-default(4)> @ back
Aug 28 14:21:49.750757 SpringBoard(FrontBoard)[47602] <Debug>: [FBSceneManager] EXECUTING: <BSEventQueueEvent: 0x281d29f00; didUpdateClientSettings-sceneID:dev.selfhost.firstActivationProbe-default(4)>
Aug 28 14:21:49.750805 Runner(CoreFoundation)[57981] <Debug>: found no value for key IncreaseButtonLegibilityEnabled in CFPrefsSearchListSource<0x281cdaf00> (Domain: com.apple.Accessibility, Container: (null))
Aug 28 14:21:49.750852 Runner(libAccessibility.dylib)[57981] <Debug>: CF Read: domain = com.apple.Accessibility, preference = IncreaseButtonLegibilityEnabled, appID = (null) result = (null) (-1 - empty, 0 - false, 1 - true)
Aug 28 14:21:49.750893 Runner(CoreFoundation)[57981] <Debug>: found no value for key IncreaseButtonLegibilityEnabled in CFPrefsPlistSource<0x281cdce80> (Domain: com.apple.Accessibility, User: kCFPreferencesCurrentUser, ByHost: No, Container: (null), Contents Need Refresh: No)
Aug 28 14:21:49.750933 Runner(CoreFoundation)[57981] <Debug>: found no value for key ReduceMotionAutoplayVideoPreviewsEnabled in CFPrefsSearchListSource<0x281cdaf00> (Domain: com.apple.Accessibility, Container: (null))
Aug 28 14:21:49.750956 Runner(libAccessibility.dylib)[57981] <Debug>: CF Read: domain = com.apple.Accessibility, preference = ReduceMotionAutoplayVideoPreviewsEnabled, appID = (null) result = (null) (-1 - empty, 0 - false, 1 - true)
Aug 28 14:21:49.750999 Runner(CoreFoundation)[57981] <Debug>: found no value for key ReduceMotionAutoplayVideoPreviewsEnabled in CFPrefsPlistSource<0x281cdce80> (Domain: com.apple.Accessibility, User: kCFPreferencesCurrentUser, ByHost: No, Container: (null), Contents Need Refresh: No)
Aug 28 14:21:49.751046 Runner(CoreFoundation)[57981] <Debug>: looked up value <private> for key SpeechSettingsDisabledByManagedConfiguration in CFPrefsPlistSource<0x281cdce80> (Domain: com.apple.Accessibility, User: kCFPreferencesCurrentUser, ByHost: No, Container: (null), Contents Need Refresh: No) via CFPrefsSearchListSource<0x281cdaf00> (Domain: com.apple.Accessibility, Container: (null))
Aug 28 14:21:49.751087 Runner(libAccessibility.dylib)[57981] <Debug>: CF Read: domain = com.apple.Accessibility, preference = SpeechSettingsDisabledByManagedConfiguration, appID = (null) result = 0 (-1 - empty, 0 - false, 1 - true)
Aug 28 14:21:49.751139 Runner(CoreFoundation)[57981] <Debug>: looked up value <private> for key SpeakThisEnabled in CFPrefsPlistSource<0x281cdce80> (Domain: com.apple.Accessibility, User: kCFPreferencesCurrentUser, ByHost: No, Container: (null), Contents Need Refresh: No) via CFPrefsSearchListSource<0x281cdaf00> (Domain: com.apple.Accessibility, Container: (null))
Aug 28 14:21:49.751188 Runner(libAccessibility.dylib)[57981] <Debug>: CF Read: domain = com.apple.Accessibility, preference = SpeakThisEnabled, appID = (null) result = 0 (-1 - empty, 0 - false, 1 - true)
Aug 28 14:21:49.751232 Runner(CoreFoundation)[57981] <Debug>: Resource lookup at <private>
Aug 28 14:21:49.751287 SpringBoard(FrontBoard)[47602] <Debug>: [FBSceneManager] PENDING:   <BSEventQueueEvent: 0x281d3e380; didUpdateClientSettings-sceneID:dev.selfhost.firstActivationProbe-default(4)> @ front
Aug 28 14:21:49.751315 SpringBoard(FrontBoard)[47602] <Debug>: [FBSceneManager] EXECUTING: <BSEventQueueEvent: 0x281d3e380; didUpdateClientSettings-sceneID:dev.selfhost.firstActivationProbe-default(4)>
Aug 28 14:21:49.751425 SpringBoard(FrontBoard)[47602] <Debug>: [FBSceneManager] EXECUTING: <BSEventQueueEvent: 0x281d29ac0; didUpdateClientSettingsCompletion-sceneID:dev.selfhost.firstActivationProbe-default(4)>
Aug 28 14:21:49.751617 runningboardd(RunningBoard)[33] <Info>: _predicatesMatchOnlyAllowedProcess allowing predicate matching self <RBSProcessPredicate <RBSProcessHandlePredicateImpl| application<dev.selfhost.firstActivationProbe>:57981>> for process [application<dev.selfhost.firstActivationProbe>:57981]
Aug 28 14:21:49.752289 runningboardd(RunningBoard)[33] <Info>: Received message from [application<dev.selfhost.firstActivationProbe>:57981] (euid 501, auid 501): lookupHandleForKey:error:
Aug 28 14:21:49.752400 runningboardd(RunningBoard)[33] <Info>: _predicatesMatchOnlyAllowedProcess allowing predicate matching self <RBSProcessPredicate <RBSProcessHandlePredicateImpl| application<dev.selfhost.firstActivationProbe>:57981>> for process [application<dev.selfhost.firstActivationProbe>:57981]
Aug 28 14:21:49.752503 runningboardd(RunningBoard)[33] <Info>: Received message from [application<dev.selfhost.firstActivationProbe>:57981] (euid 501, auid 501): acquireAssertionWithDescriptor:error:
Aug 28 14:21:49.752612 runningboardd(RunningBoard)[33] <Notice>: Acquiring assertion targeting [application<dev.selfhost.firstActivationProbe>:57981] from originator [application<dev.selfhost.firstActivationProbe>:57981] with description <RBSAssertionDescriptor| "systemAnimationFence" ID:33-57981-7842 target:57981 attributes:[
Aug 28 14:21:49.752684 runningboardd(RunningBoard)[33] <Notice>: Assertion 33-57981-7842 (target:[application<dev.selfhost.firstActivationProbe>:57981]) will be created as inactive as start-time-defining assertions exist
Aug 28 14:21:49.752760 runningboardd(RunningBoard)[33] <Debug>: Adding assertion 33-57981-7842 (target:[application<dev.selfhost.firstActivationProbe>:57981])
Aug 28 14:21:49.753017 SpringBoard(FrontBoard)[47602] <Info>: [sceneID:dev.selfhost.firstActivationProbe-default] Scene action [Forward Event][0xc54b] completed with success: 1
Aug 28 14:21:49.753099 SpringBoard(FrontBoard)[47602] <Info>: [sceneID:dev.selfhost.firstActivationProbe-default] Scene action [Forward Event][0x4840] completed with success: 1
Aug 28 14:21:49.753177 runningboardd(RunningBoard)[33] <Info>: application<dev.selfhost.firstActivationProbe> is now targeted by 6 assertions
Aug 28 14:21:49.753241 SpringBoard(FrontBoard)[47602] <Debug>: [FBSceneManager] PENDING:   <BSEventQueueEvent: 0x281d34a80; updateComplete-sceneID:dev.selfhost.firstActivationProbe-default(4)> @ back
Aug 28 14:21:49.753309 SpringBoard(FrontBoard)[47602] <Info>: [sceneID:dev.selfhost.firstActivationProbe-default] Scene action [Forward Event][0x87b8] completed with success: 1
Aug 28 14:21:49.753361 SpringBoard(FrontBoard)[47602] <Debug>: [FBSceneManager] EXECUTING: <BSEventQueueEvent: 0x281d34a80; updateComplete-sceneID:dev.selfhost.firstActivationProbe-default(4)>
Aug 28 14:21:49.753737 runningboardd(RunningBoard)[33] <Info>: Finished acquiring assertion 33-57981-7842 (target:[application<dev.selfhost.firstActivationProbe>:57981])
Aug 28 14:21:49.753788 runningboardd(RunningBoard)[33] <Debug>: Updating events for assertion: 33-57981-7842 (target:[application<dev.selfhost.firstActivationProbe>:57981])
Aug 28 14:21:49.753829 runningboardd(RunningBoard)[33] <Debug>: Removing events for context: 33-57981-7842 (target:[application<dev.selfhost.firstActivationProbe>:57981])
Aug 28 14:21:49.753867 runningboardd(RunningBoard)[33] <Debug>: BEGIN suppressing state updates for application<dev.selfhost.firstActivationProbe>
Aug 28 14:21:49.753903 runningboardd(RunningBoard)[33] <Info>: Received message from [application<dev.selfhost.firstActivationProbe>:57981] (euid 501, auid 501): async_invalidateAssertionWithIdentifier:
    SceneID: sceneID:dev.selfhost.firstActivationProbe-default
    SceneID: sceneID:dev.selfhost.firstActivationProbe-default
Aug 28 14:21:49.754553 SpringBoard(FrontBoard)[47602] <Debug>: [FBSceneManager] PENDING:   <BSEventQueueEvent: 0x281d6e140; sceneUpdateCompleted-sceneID:dev.selfhost.firstActivationProbe-default(4)> @ back
Aug 28 14:21:49.754600 SpringBoard(FrontBoard)[47602] <Debug>: [FBSceneManager] EXECUTING: <BSEventQueueEvent: 0x281d6e140; sceneUpdateCompleted-sceneID:dev.selfhost.firstActivationProbe-default(4)>
Aug 28 14:21:49.754648 SpringBoard(FrontBoard)[47602] <Debug>: [FBSceneManager] PENDING:   <BSEventQueueEvent: 0x281d60de0; sceneUpdateCompleted-sceneID:dev.selfhost.firstActivationProbe-default(4)> @ front
Aug 28 14:21:49.754741 SpringBoard(FrontBoard)[47602] <Debug>: [FBSceneManager] EXECUTING: <BSEventQueueEvent: 0x281d60de0; sceneUpdateCompleted-sceneID:dev.selfhost.firstActivationProbe-default(4)>
Aug 28 14:21:49.755011 SpringBoard(FrontBoard)[47602] <Debug>: [FBSceneManager] PENDING:   <BSEventQueueEvent: 0x281d45880; updateComplete-sceneID:dev.selfhost.firstActivationProbe-default(4)> @ back
Aug 28 14:21:49.755051 SpringBoard(FrontBoard)[47602] <Debug>: [FBSceneManager] EXECUTING: <BSEventQueueEvent: 0x281d45880; updateComplete-sceneID:dev.selfhost.firstActivationProbe-default(4)>
Aug 28 14:21:49.755101 SpringBoard(FrontBoard)[47602] <Debug>: [FBSceneManager] PENDING:   <BSEventQueueEvent: 0x281d45260; sceneUpdateCompleted-sceneID:dev.selfhost.firstActivationProbe-default(4)> @ back
Aug 28 14:21:49.755139 SpringBoard(FrontBoard)[47602] <Debug>: [FBSceneManager] EXECUTING: <BSEventQueueEvent: 0x281d45260; sceneUpdateCompleted-sceneID:dev.selfhost.firstActivationProbe-default(4)>
Aug 28 14:21:49.755192 SpringBoard(FrontBoard)[47602] <Debug>: [FBSceneManager] PENDING:   <BSEventQueueEvent: 0x281d4c5a0; sceneUpdateCompleted-sceneID:dev.selfhost.firstActivationProbe-default(4)> @ front
Aug 28 14:21:49.755219 SpringBoard(FrontBoard)[47602] <Debug>: [FBSceneManager] EXECUTING: <BSEventQueueEvent: 0x281d4c5a0; sceneUpdateCompleted-sceneID:dev.selfhost.firstActivationProbe-default(4)>
Aug 28 14:21:49.755283 SpringBoard(FrontBoard)[47602] <Debug>: [FBSceneManager] PENDING:   <BSEventQueueEvent: 0x281d45260; updateComplete-sceneID:dev.selfhost.firstActivationProbe-default(4)> @ back
Aug 28 14:21:49.755330 SpringBoard(FrontBoard)[47602] <Debug>: [FBSceneManager] EXECUTING: <BSEventQueueEvent: 0x281d45260; updateComplete-sceneID:dev.selfhost.firstActivationProbe-default(4)>
Aug 28 14:21:49.755378 SpringBoard(FrontBoard)[47602] <Debug>: [FBSceneManager] PENDING:   <BSEventQueueEvent: 0x281d46d60; sceneUpdateCompleted-sceneID:dev.selfhost.firstActivationProbe-default(4)> @ back
Aug 28 14:21:49.755427 SpringBoard(FrontBoard)[47602] <Debug>: [FBSceneManager] EXECUTING: <BSEventQueueEvent: 0x281d46d60; sceneUpdateCompleted-sceneID:dev.selfhost.firstActivationProbe-default(4)>
Aug 28 14:21:49.755475 SpringBoard(FrontBoard)[47602] <Debug>: [FBSceneManager] PENDING:   <BSEventQueueEvent: 0x281d459a0; sceneUpdateCompleted-sceneID:dev.selfhost.firstActivationProbe-default(4)> @ front
Aug 28 14:21:49.755542 SpringBoard(FrontBoard)[47602] <Debug>: [FBSceneManager] EXECUTING: <BSEventQueueEvent: 0x281d459a0; sceneUpdateCompleted-sceneID:dev.selfhost.firstActivationProbe-default(4)>
Aug 28 14:21:49.755625 runningboardd(RunningBoard)[33] <Debug>: Incrementing suppression state to 1 for application<dev.selfhost.firstActivationProbe>
Aug 28 14:21:49.755691 runningboardd(RunningBoard)[33] <Debug>: Decrementing suppression state to 0 for application<dev.selfhost.firstActivationProbe>
Aug 28 14:21:49.755721 runningboardd(RunningBoard)[33] <Debug>: END suppressing state updates for application<dev.selfhost.firstActivationProbe>
Aug 28 14:21:49.755745 runningboardd(RunningBoard)[33] <Notice>: Invalidating assertion 33-57981-7842 (target:[application<dev.selfhost.firstActivationProbe>:57981]) from originator [application<dev.selfhost.firstActivationProbe>:57981]
Aug 28 14:21:49.756453 cfprefsd(CoreFoundation)[91] <Debug>: Process 57981 (Runner) sent a request related to { com.apple.Metal, user: kCFPreferencesAnyUser, kCFPreferencesCurrentHost, /var/preferences/com.apple.Metal.plist, managed: 0 } (0x10034f970)
Aug 28 14:21:49.756733 Runner(RunningBoardServices)[57981] <Debug>: Adding assertion 33-57981-7842 to dictionary
Aug 28 14:21:49.756870 mediaserverd(RunningBoardServices)[36] <Info>: Update skipped for [application<dev.selfhost.firstActivationProbe>:57981] with state: <RBSProcessState| task:running-active debug:none endowments:[
Aug 28 14:21:49.756892 mediaserverd(RunningBoardServices)[36] <Info>: Update skipped for [application<dev.selfhost.firstActivationProbe>:57981] with state: <RBSProcessState| task:running-active debug:none endowments:[
Aug 28 14:21:49.758231 runningboardd(RunningBoard)[33] <Debug>: [daemon<com.apple.CommCenter>:90] query resolved to [application<dev.selfhost.firstActivationProbe>:57981]
Aug 28 14:21:49.760549 watchdogd(RunningBoardServices)[57] <Debug>: Received message from server: async_observedProcessStatesDidChange:completion:
Aug 28 14:21:49.760746 SpringBoard(RunningBoardServices)[47602] <Info>: Update skipped for [application<dev.selfhost.firstActivationProbe>:57981] with state: <RBSProcessState| task:running-active debug:none endowments:[
Aug 28 14:21:49.760809 SpringBoard(RunningBoardServices)[47602] <Info>: Update skipped for [application<dev.selfhost.firstActivationProbe>:57981] with state: <RBSProcessState| task:running-active debug:none endowments:[
Aug 28 14:21:49.760852 SpringBoard(UserNotificationsServer)[47602] <Notice>: [dev.selfhost.firstActivationProbe] dev.selfhost.firstActivationProbe application state changed to ForegroundRunning
Aug 28 14:21:49.760886 SpringBoard(UserNotificationsServer)[47602] <Notice>: [dev.selfhost.firstActivationProbe] Ignore becoming foreground for application without push registration
Aug 28 14:21:49.762529 Runner(Flutter)[57981] <Notice>: [shorebird] Patch check response: PatchCheckResponse { patch_available: false, patch: None, rolled_back_patch_numbers: Some([]) }
Aug 28 14:21:49.762559 Runner(Flutter)[57981] <Notice>: [shorebird] Update thread finished with status: No update
        <SBSDisplayLayoutElement: 0x283602680; sceneID:dev.selfhost.firstActivationProbe-default; bundleID: dev.selfhost.firstActivationProbe; frame: {{0, 0}, {375, 667}}; level: 1; role: primary>;
Aug 28 14:21:49.770433 chronod(ChronoCore)[102] <Notice>: noting foreground launch for dev.selfhost.firstActivationProbe with widget extension; trigger metadata query
Aug 28 14:21:49.779162 watchdogd(RunningBoardServices)[57] <Info>: observedProcessStatesDidChange
Aug 28 14:21:49.779254 watchdogd(RunningBoardServices)[57] <Debug>: Decoded RBSProcessHandle with IPC ID 141d16e30000e27d
Aug 28 14:21:49.779892 runningboardd(RunningBoard)[33] <Debug>: Sending state 0x1011d87e0 for application<dev.selfhost.firstActivationProbe> to [daemon<com.apple.wifid>:52]
Aug 28 14:21:49.780153 runningboardd(RunningBoard)[33] <Debug>: Sending state 0x1011d87e0 for application<dev.selfhost.firstActivationProbe> to [daemon<com.apple.CommCenter>:90]
Aug 28 14:21:49.780729 bluetoothd(CoreUtils)[86] <Notice>: SystemUI unknown identifier: 'sceneID:dev.selfhost.firstActivationProbe-default' / 'dev.selfhost.firstActivationProbe'
Aug 28 14:21:49.781645 sharingd[66] <Debug>: SystemUI unknown identifier: 'sceneID:dev.selfhost.firstActivationProbe-default'/ 'dev.selfhost.firstActivationProbe'
Aug 28 14:21:49.783907 CommCenter(RunningBoardServices)[90] <Info>: Update delivered for [application<dev.selfhost.firstActivationProbe>:57981] with taskState 4
Aug 28 14:21:49.794394 SpringBoard(UIKitCore)[47602] <Notice>: [sceneID:dev.selfhost.firstActivationProbe-default] Setting deactivation reasons to: '(none)' for reason: updateAllScenesForBand - Assertion removed.
Aug 28 14:21:49.794497 runningboardd(RunningBoard)[33] <Debug>: Sending state 0x1011d87e0 for application<dev.selfhost.firstActivationProbe> to [daemon<com.apple.coreservices.useractivityd>:184]
Aug 28 14:21:49.794846 SpringBoard(FrontBoard)[47602] <Info>: Client intercepting scene update for scene: sceneID:dev.selfhost.firstActivationProbe-default
Aug 28 14:21:49.794870 SpringBoard(FrontBoard)[47602] <Debug>: START SCENE MUTATION ------- sceneID:dev.selfhost.firstActivationProbe-default
Aug 28 14:21:49.794929 SpringBoard(FrontBoard)[47602] <Debug>: [FBSceneManager] PENDING:   <BSEventQueueEvent: 0x281dc10c0; sceneUpdatePrepared-sceneID:dev.selfhost.firstActivationProbe-default(5)> @ back
Aug 28 14:21:49.794978 SpringBoard(FrontBoard)[47602] <Debug>: [FBSceneManager] PENDING:   <BSEventQueueEvent: 0x281c7f480; applySettings-sceneID:dev.selfhost.firstActivationProbe-default(5)> @ back
Aug 28 14:21:49.795017 SpringBoard(FrontBoard)[47602] <Debug>: Flushing all events for sceneID:dev.selfhost.firstActivationProbe-default
Aug 28 14:21:49.795054 SpringBoard(FrontBoard)[47602] <Debug>: [FBSceneManager] EXECUTING: <BSEventQueueEvent: 0x281dc10c0; sceneUpdatePrepared-sceneID:dev.selfhost.firstActivationProbe-default(5)>
Aug 28 14:21:49.795089 SpringBoard(FrontBoard)[47602] <Debug>: [FBSceneManager] PENDING:   <BSEventQueueEvent: 0x281ddfc00; sceneUpdatePrepared-sceneID:dev.selfhost.firstActivationProbe-default(5)> @ front
Aug 28 14:21:49.795120 SpringBoard(FrontBoard)[47602] <Debug>: [FBSceneManager] EXECUTING: <BSEventQueueEvent: 0x281ddfc00; sceneUpdatePrepared-sceneID:dev.selfhost.firstActivationProbe-default(5)>
Aug 28 14:21:49.795367 SpringBoard(FrontBoard)[47602] <Debug>: [FBSceneManager] EXECUTING: <BSEventQueueEvent: 0x281c7f480; applySettings-sceneID:dev.selfhost.firstActivationProbe-default(5)>
Aug 28 14:21:49.795459 SpringBoard(FrontBoard)[47602] <Debug>: [FBSceneManager] PENDING:   <BSEventQueueEvent: 0x281ddd420; sceneUpdateApplied-sceneID:dev.selfhost.firstActivationProbe-default(5)> @ back
Aug 28 14:21:49.796197 SpringBoard(FrontBoard)[47602] <Debug>: [FBSceneManager] PENDING:   <BSEventQueueEvent: 0x281ddf0a0; sceneMutationCompletion-sceneID:dev.selfhost.firstActivationProbe-default(5)> @ back
Aug 28 14:21:49.796278 SpringBoard(FrontBoard)[47602] <Debug>: [FBSceneManager] EXECUTING: <BSEventQueueEvent: 0x281ddd420; sceneUpdateApplied-sceneID:dev.selfhost.firstActivationProbe-default(5)>
Aug 28 14:21:49.796465 SpringBoard(FrontBoard)[47602] <Debug>: [FBSceneManager] PENDING:   <BSEventQueueEvent: 0x281dda760; sceneUpdateApplied-sceneID:dev.selfhost.firstActivationProbe-default(5)> @ front
Aug 28 14:21:49.796558 SpringBoard(FrontBoard)[47602] <Info>: [sceneID:dev.selfhost.firstActivationProbe-default] Sending scene action [Forward Event][0x4111] to process 0x10a184770 (watchdog: none)
Aug 28 14:21:49.796671 SpringBoard(FrontBoard)[47602] <Debug>: [FBSceneManager] EXECUTING: <BSEventQueueEvent: 0x281dda760; sceneUpdateApplied-sceneID:dev.selfhost.firstActivationProbe-default(5)>
Aug 28 14:21:49.796996 SpringBoard(FrontBoard)[47602] <Debug>: [FBSceneManager] EXECUTING: <BSEventQueueEvent: 0x281ddf0a0; sceneMutationCompletion-sceneID:dev.selfhost.firstActivationProbe-default(5)>
Aug 28 14:21:49.797082 SpringBoard(FrontBoard)[47602] <Debug>: ---------- END SCENE MUTATION: sceneID:dev.selfhost.firstActivationProbe-default
Aug 28 14:21:49.797757 Runner(CoreFoundation)[57981] <Debug>: Resource lookup at <private>
Aug 28 14:21:49.797803 Runner(CoreFoundation)[57981] <Debug>: Resource lookup at <private>
Aug 28 14:21:49.797846 Runner(UIKitCore)[57981] <Notice>: sceneOfRecord: sceneID: sceneID:dev.selfhost.firstActivationProbe-default  persistentID: 54172BD8-7EEE-42D7-BAAD-1E9875D00E56
Aug 28 14:21:49.797897 Runner(UIKitCore)[57981] <Notice>: Deactivation reason removed: 12; deactivation reasons: 4128 -> 32; animating application lifecycle event: 1
Aug 28 14:21:49.797949 Runner(UIKitCore)[57981] <Notice>: Deactivation reason removed: 5; deactivation reasons: 32 -> 0; animating application lifecycle event: 0
Aug 28 14:21:49.797979 Runner(HangTracer)[57981] <Info>: HTPrefs initialization
Aug 28 14:21:49.798030 Runner(CoreAnalytics)[57981] <Info>: Daemon status changed from 0 to 1
Aug 28 14:21:49.798329 runningboardd(RunningBoard)[33] <Debug>: Removing assertion 33-57981-7842 on [application<dev.selfhost.firstActivationProbe>:57981]
Aug 28 14:21:49.798383 runningboardd(RunningBoard)[33] <Debug>: Updating events for assertion: 33-57981-7842 (target:[application<dev.selfhost.firstActivationProbe>:57981])
Aug 28 14:21:49.798429 runningboardd(RunningBoard)[33] <Debug>: Removing events for context: 33-57981-7842 (target:[application<dev.selfhost.firstActivationProbe>:57981])
Aug 28 14:21:49.798482 runningboardd(RunningBoard)[33] <Debug>: > application<dev.selfhost.firstActivationProbe> ['RB Underlying Assertion'] [33-33-7838]
Aug 28 14:21:49.798524 runningboardd(RunningBoard)[33] <Debug>: > application<dev.selfhost.firstActivationProbe> ['Shared Background Assertion 0 for dev.selfhost.firstActivationProbe'] [33-57981-7840]
Aug 28 14:21:49.798562 runningboardd(RunningBoard)[33] <Info>: application<dev.selfhost.firstActivationProbe> is now targeted by 5 assertions
Aug 28 14:21:49.798657 Runner(CoreFoundation)[57981] <Debug>: Resource lookup at <private>
Aug 28 14:21:49.798689 Runner(CoreFoundation)[57981] <Debug>: Resource lookup at <private>
Aug 28 14:21:49.798753 Runner(CoreFoundation)[57981] <Info>: Loading Preferences From System CFPrefsD
Aug 28 14:21:49.798794 Runner(CoreFoundation)[57981] <Debug>: CFPrefsPlistSource<0x281cc9480> (Domain: com.apple.da, User: kCFPreferencesCurrentUser, ByHost: No, Container: (null), Contents Need Refresh: No) loaded: a new base plist and no additional changes from the base plist
Aug 28 14:21:49.798833 Runner(CoreFoundation)[57981] <Debug>: found no value for key HTEPL.HangTracerEnableCustomerMode in CFPrefsPlistSource<0x281cc9480> (Domain: com.apple.da, User: kCFPreferencesCurrentUser, ByHost: No, Container: (null), Contents Need Refresh: No)
Aug 28 14:21:49.798857 Runner(CoreFoundation)[57981] <Debug>: found no value for key PLTasking.HangTracerEnableCustomerMode in CFPrefsPlistSource<0x281cc9480> (Domain: com.apple.da, User: kCFPreferencesCurrentUser, ByHost: No, Container: (null), Contents Need Refresh: No)
Aug 28 14:21:49.798923 Runner(CoreFoundation)[57981] <Debug>: found no value for key HangTracerEnableCustomerMode in CFPrefsPlistSource<0x281cc9480> (Domain: com.apple.da, User: kCFPreferencesCurrentUser, ByHost: No, Container: (null), Contents Need Refresh: No)
Aug 28 14:21:49.798974 Runner(CoreFoundation)[57981] <Debug>: found no value for key PDSEHangTracer.HangTracerEnableCustomerMode in CFPrefsPlistSource<0x281cc9480> (Domain: com.apple.da, User: kCFPreferencesCurrentUser, ByHost: No, Container: (null), Contents Need Refresh: No)
Aug 28 14:21:49.799033 Runner(CoreFoundation)[57981] <Debug>: found no value for key PDSEHTThirdParty.HangTracerEnableCustomerMode in CFPrefsPlistSource<0x281cc9480> (Domain: com.apple.da, User: kCFPreferencesCurrentUser, ByHost: No, Container: (null), Contents Need Refresh: No)
Aug 28 14:21:49.799063 Runner(CoreFoundation)[57981] <Debug>: found no value for key PDSEHTRateOnly.HangTracerEnableCustomerMode in CFPrefsPlistSource<0x281cc9480> (Domain: com.apple.da, User: kCFPreferencesCurrentUser, ByHost: No, Container: (null), Contents Need Refresh: No)
Aug 28 14:21:49.799122 Runner(CoreFoundation)[57981] <Debug>: found no value for key PDSESentry.HangTracerEnableCustomerMode in CFPrefsPlistSource<0x281cc9480> (Domain: com.apple.da, User: kCFPreferencesCurrentUser, ByHost: No, Container: (null), Contents Need Refresh: No)
Aug 28 14:21:49.799168 Runner(HangTracer)[57981] <Debug>: HTPrefs: HangTracerEnableCustomerMode was not found in the com.apple.da domain, a profile, by EPL, by PowerLog Tasking domain, by HT Self Enablement or by HT Sentry Enablement
Aug 28 14:21:49.799206 Runner(HangTracer)[57981] <Info>: HTPrefs: Refreshing preferences
Aug 28 14:21:49.799238 Runner(CoreFoundation)[57981] <Debug>: found no value for key HTEPL.HangTracerEnableCustomerMode in CFPrefsPlistSource<0x281cc9480> (Domain: com.apple.da, User: kCFPreferencesCurrentUser, ByHost: No, Container: (null), Contents Need Refresh: No)
Aug 28 14:21:49.799309 Runner(CoreFoundation)[57981] <Debug>: found no value for key PLTasking.HangTracerEnableCustomerMode in CFPrefsPlistSource<0x281cc9480> (Domain: com.apple.da, User: kCFPreferencesCurrentUser, ByHost: No, Container: (null), Contents Need Refresh: No)
Aug 28 14:21:49.799356 Runner(CoreFoundation)[57981] <Debug>: found no value for key HangTracerEnableCustomerMode in CFPrefsPlistSource<0x281cc9480> (Domain: com.apple.da, User: kCFPreferencesCurrentUser, ByHost: No, Container: (null), Contents Need Refresh: No)
Aug 28 14:21:49.799396 Runner(CoreFoundation)[57981] <Debug>: found no value for key PDSEHangTracer.HangTracerEnableCustomerMode in CFPrefsPlistSource<0x281cc9480> (Domain: com.apple.da, User: kCFPreferencesCurrentUser, ByHost: No, Container: (null), Contents Need Refresh: No)
Aug 28 14:21:49.799438 Runner(CoreFoundation)[57981] <Debug>: found no value for key PDSEHTThirdParty.HangTracerEnableCustomerMode in CFPrefsPlistSource<0x281cc9480> (Domain: com.apple.da, User: kCFPreferencesCurrentUser, ByHost: No, Container: (null), Contents Need Refresh: No)
Aug 28 14:21:49.799477 Runner(CoreFoundation)[57981] <Debug>: found no value for key PDSEHTRateOnly.HangTracerEnableCustomerMode in CFPrefsPlistSource<0x281cc9480> (Domain: com.apple.da, User: kCFPreferencesCurrentUser, ByHost: No, Container: (null), Contents Need Refresh: No)
Aug 28 14:21:49.799499 Runner(CoreFoundation)[57981] <Debug>: found no value for key PDSESentry.HangTracerEnableCustomerMode in CFPrefsPlistSource<0x281cc9480> (Domain: com.apple.da, User: kCFPreferencesCurrentUser, ByHost: No, Container: (null), Contents Need Refresh: No)
Aug 28 14:21:49.799542 Runner(HangTracer)[57981] <Debug>: HTPrefs: HangTracerEnableCustomerMode was not found in the com.apple.da domain, a profile, by EPL, by PowerLog Tasking domain, by HT Self Enablement or by HT Sentry Enablement
Aug 28 14:21:49.799577 cfprefsd(CoreFoundation)[91] <Debug>: Process 57981 (Runner) sent a request related to { com.apple.da, user: mobile, kCFPreferencesAnyHost, /var/mobile/Library/Preferences/com.apple.da.plist, managed: 0 } (0x100307ae0)
Aug 28 14:21:49.799602 cfprefsd(CoreFoundation)[91] <Debug>: Process 57981 (Runner) read data for { com.apple.da, mobile, kCFPreferencesAnyHost, /var/mobile/Library/Preferences/com.apple.da.plist, managed: 0 }, backed by /private/var/mobile/Library/Preferences/com.apple.da.plist
Aug 28 14:21:49.799682 Runner(HangTracer)[57981] <Debug>: Preparing prefInitList
Aug 28 14:21:49.799723 runningboardd(RunningBoard)[33] <Debug>: > 57981 ['Shared Background Assertion 0 for dev.selfhost.firstActivationProbe'] [33-57981-7840]
Aug 28 14:21:49.799771 runningboardd(RunningBoard)[33] <Debug>: > 57981 ['injecting inherited from "UIScene:com.apple.frontboard.systemappservices::com.apple.springboard" to 57981<UIScene:com.apple.frontboard.systemappservices::sceneID%3Adev.selfhost.firstActivationProbe-default>'] [33-47602-7841]
Aug 28 14:21:49.799971 Runner(CoreFoundation)[57981] <Debug>: found no value for key HTEPL.HangTracerEnabled in CFPrefsPlistSource<0x281cc9480> (Domain: com.apple.da, User: kCFPreferencesCurrentUser, ByHost: No, Container: (null), Contents Need Refresh: No)
Aug 28 14:21:49.800011 Runner(CoreFoundation)[57981] <Debug>: found no value for key PLTasking.HangTracerEnabled in CFPrefsPlistSource<0x281cc9480> (Domain: com.apple.da, User: kCFPreferencesCurrentUser, ByHost: No, Container: (null), Contents Need Refresh: No)
Aug 28 14:21:49.800039 Runner(CoreFoundation)[57981] <Debug>: found no value for key HangTracerEnabled in CFPrefsPlistSource<0x281cc9480> (Domain: com.apple.da, User: kCFPreferencesCurrentUser, ByHost: No, Container: (null), Contents Need Refresh: No)
Aug 28 14:21:49.800072 Runner(CoreFoundation)[57981] <Debug>: found no value for key PDSEHangTracer.HangTracerEnabled in CFPrefsPlistSource<0x281cc9480> (Domain: com.apple.da, User: kCFPreferencesCurrentUser, ByHost: No, Container: (null), Contents Need Refresh: No)
Aug 28 14:21:49.800408 Runner(CoreFoundation)[57981] <Debug>: found no value for key PDSEHTThirdParty.HangTracerEnabled in CFPrefsPlistSource<0x281cc9480> (Domain: com.apple.da, User: kCFPreferencesCurrentUser, ByHost: No, Container: (null), Contents Need Refresh: No)
Aug 28 14:21:49.800461 Runner(CoreFoundation)[57981] <Debug>: found no value for key PDSEHTRateOnly.HangTracerEnabled in CFPrefsPlistSource<0x281cc9480> (Domain: com.apple.da, User: kCFPreferencesCurrentUser, ByHost: No, Container: (null), Contents Need Refresh: No)
Aug 28 14:21:49.800500 Runner(CoreFoundation)[57981] <Debug>: found no value for key PDSESentry.HangTracerEnabled in CFPrefsPlistSource<0x281cc9480> (Domain: com.apple.da, User: kCFPreferencesCurrentUser, ByHost: No, Container: (null), Contents Need Refresh: No)
Aug 28 14:21:49.800558 Runner(HangTracer)[57981] <Debug>: HTPrefs: HangTracerEnabled was not found in the com.apple.da domain, a profile, by EPL, by PowerLog Tasking domain, by HT Self Enablement or by HT Sentry Enablement
Aug 28 14:21:49.800598 Runner(HangTracer)[57981] <Info>: Posting notification com.apple.hangtracer.htprefs.refreshed
Aug 28 14:21:49.800650 runningboardd(RunningBoard)[33] <Debug>: Sending state 0x1011d87e0 for application<dev.selfhost.firstActivationProbe> to [daemon<com.apple.locationd>:69]
Aug 28 14:21:49.800702 SpringBoard(FrontBoard)[47602] <Info>: [sceneID:dev.selfhost.firstActivationProbe-default] Scene action [Forward Event][0x4111] completed with success: 1
Aug 28 14:21:49.800756 SpringBoard(FrontBoard)[47602] <Debug>: [FBSceneManager] PENDING:   <BSEventQueueEvent: 0x281d45260; updateComplete-sceneID:dev.selfhost.firstActivationProbe-default(5)> @ back
Aug 28 14:21:49.800785 SpringBoard(FrontBoard)[47602] <Debug>: [FBSceneManager] EXECUTING: <BSEventQueueEvent: 0x281d45260; updateComplete-sceneID:dev.selfhost.firstActivationProbe-default(5)>
Aug 28 14:21:49.800835 SpringBoard(FrontBoard)[47602] <Info>: [sceneID:dev.selfhost.firstActivationProbe-default] Client settings updated with diff: <private>
Aug 28 14:21:49.800875 SpringBoard(FrontBoard)[47602] <Debug>: [FBSceneManager] PENDING:   <BSEventQueueEvent: 0x281d1b940; sceneUpdateCompleted-sceneID:dev.selfhost.firstActivationProbe-default(5)> @ back
Aug 28 14:21:49.800911 SpringBoard(FrontBoard)[47602] <Debug>: [FBSceneManager] EXECUTING: <BSEventQueueEvent: 0x281d1b940; sceneUpdateCompleted-sceneID:dev.selfhost.firstActivationProbe-default(5)>
Aug 28 14:21:49.800975 SpringBoard(FrontBoard)[47602] <Debug>: [FBSceneManager] PENDING:   <BSEventQueueEvent: 0x281d1aac0; sceneUpdateCompleted-sceneID:dev.selfhost.firstActivationProbe-default(5)> @ front
Aug 28 14:21:49.801015 SpringBoard(FrontBoard)[47602] <Debug>: [FBSceneManager] EXECUTING: <BSEventQueueEvent: 0x281d1aac0; sceneUpdateCompleted-sceneID:dev.selfhost.firstActivationProbe-default(5)>
Aug 28 14:21:49.801113 SpringBoard(FrontBoard)[47602] <Info>: [sceneID:dev.selfhost.firstActivationProbe-default] didUpdateClientSettingsWithDiff: <private>
Aug 28 14:21:49.801160 SpringBoard(FrontBoard)[47602] <Debug>: [FBSceneManager] PENDING:   <BSEventQueueEvent: 0x281d19080; handleDidUpdateClientSettings-sceneID:dev.selfhost.firstActivationProbe-default(5)> @ back
Aug 28 14:21:49.801206 SpringBoard(FrontBoard)[47602] <Debug>: [FBSceneManager] EXECUTING: <BSEventQueueEvent: 0x281d19080; handleDidUpdateClientSettings-sceneID:dev.selfhost.firstActivationProbe-default(5)>
Aug 28 14:21:49.801352 SpringBoard(FrontBoard)[47602] <Debug>: [FBSceneManager] PENDING:   <BSEventQueueEvent: 0x281d51c60; didUpdateClientSettings-sceneID:dev.selfhost.firstActivationProbe-default(5)> @ back
Aug 28 14:21:49.801391 SpringBoard(FrontBoard)[47602] <Debug>: [FBSceneManager] PENDING:   <BSEventQueueEvent: 0x281d45260; didUpdateClientSettingsCompletion-sceneID:dev.selfhost.firstActivationProbe-default(5)> @ back
Aug 28 14:21:49.801548 SpringBoard(FrontBoard)[47602] <Debug>: [FBSceneManager] EXECUTING: <BSEventQueueEvent: 0x281d51c60; didUpdateClientSettings-sceneID:dev.selfhost.firstActivationProbe-default(5)>
Aug 28 14:21:49.801588 SpringBoard(FrontBoard)[47602] <Debug>: [FBSceneManager] PENDING:   <BSEventQueueEvent: 0x281d5e520; didUpdateClientSettings-sceneID:dev.selfhost.firstActivationProbe-default(5)> @ front
Aug 28 14:21:49.801648 SpringBoard(FrontBoard)[47602] <Debug>: [FBSceneManager] EXECUTING: <BSEventQueueEvent: 0x281d5e520; didUpdateClientSettings-sceneID:dev.selfhost.firstActivationProbe-default(5)>
Aug 28 14:21:49.804373 SpringBoard(FrontBoard)[47602] <Debug>: [FBSceneManager] EXECUTING: <BSEventQueueEvent: 0x281d45260; didUpdateClientSettingsCompletion-sceneID:dev.selfhost.firstActivationProbe-default(5)>
Aug 28 14:21:49.813968 runningboardd(RunningBoard)[33] <Debug>: Sending state 0x1011d87e0 for application<dev.selfhost.firstActivationProbe> to [daemon<com.apple.dasd>:94]
Aug 28 14:21:49.815572 runningboardd(RunningBoard)[33] <Debug>: Sending state 0x1011d87e0 for application<dev.selfhost.firstActivationProbe> to [daemon<com.apple.aggregated>:50213]
Aug 28 14:21:49.826481 CommCenter(RunningBoardServices)[90] <Info>: Update skipped for [application<dev.selfhost.firstActivationProbe>:57981] with state: <RBSProcessState| task:running-active debug:none endowments:[
Aug 28 14:21:49.826907 kbd(RunningBoardServices)[303] <Notice>: Hit the server for a process handle 141d16e30000e27d that resolved to: [application<dev.selfhost.firstActivationProbe>:57981]
Aug 28 14:21:49.827358 kbd(RunningBoardServices)[303] <Info>: Update delivered for [application<dev.selfhost.firstActivationProbe>:57981] with taskState 4
Aug 28 14:21:49.828517 kbd(RunningBoardServices)[303] <Info>: Update skipped for [application<dev.selfhost.firstActivationProbe>:57981] with state: <RBSProcessState| task:running-active debug:none endowments:[
Aug 28 14:21:49.828648 backboardd(RunningBoardServices)[65] <Notice>: Hit the server for a process handle 141d16e30000e27d that resolved to: [application<dev.selfhost.firstActivationProbe>:57981]
Aug 28 14:21:49.829032 backboardd(RunningBoardServices)[65] <Info>: Update delivered for [application<dev.selfhost.firstActivationProbe>:57981] with taskState 4
Aug 28 14:21:49.829737 UserEventAgent(RunningBoardServices)[30] <Notice>: Hit the server for a process handle 141d16e30000e27d that resolved to: [application<dev.selfhost.firstActivationProbe>:57981]
Aug 28 14:21:49.829932 backboardd(RunningBoardServices)[65] <Info>: Update skipped for [application<dev.selfhost.firstActivationProbe>:57981] with state: <RBSProcessState| task:running-active debug:none endowments:[
Aug 28 14:21:49.830340 UserEventAgent(RunningBoardServices)[30] <Info>: Update delivered for [application<dev.selfhost.firstActivationProbe>:57981] with taskState 4
Aug 28 14:21:49.830454 UserEventAgent(ADEventListenerPlugin)[30] <Debug>: AppStateChange: <private> (57981) terminated => foregroundRunning
Aug 28 14:21:49.832046 runningboardd(RunningBoard)[33] <Info>: Received message from [daemon<com.apple.watchdogd>:57] (euid 0, auid 0): lookupHandleForKey:error:
Aug 28 14:21:49.832339 callservicesd(RunningBoardServices)[131] <Notice>: Hit the server for a process handle 141d16e30000e27d that resolved to: [application<dev.selfhost.firstActivationProbe>:57981]
Aug 28 14:21:49.833085 callservicesd(RunningBoardServices)[131] <Info>: Update delivered for [application<dev.selfhost.firstActivationProbe>:57981] with taskState 4
Aug 28 14:21:49.833775 watchdogd(RunningBoardServices)[57] <Notice>: Hit the server for a process handle 141d16e30000e27d that resolved to: [application<dev.selfhost.firstActivationProbe>:57981]
Aug 28 14:21:49.833905 watchdogd(RunningBoardServices)[57] <Notice>: Received state update for 57981
Aug 28 14:21:49.835950 symptomsd(RunningBoardServices)[170] <Notice>: Hit the server for a process handle 141d16e30000e27d that resolved to: [application<dev.selfhost.firstActivationProbe>:57981]
Aug 28 14:21:49.837830 watchdogd(RunningBoardServices)[57] <Info>: Update delivered for [application<dev.selfhost.firstActivationProbe>:57981] with taskState 4
Aug 28 14:21:49.838594 wifid(RunningBoardServices)[52] <Notice>: Hit the server for a process handle 141d16e30000e27d that resolved to: [application<dev.selfhost.firstActivationProbe>:57981]
Aug 28 14:21:49.839131 watchdogd[57] <Info>: 1310957592558666: <private>
Aug 28 14:21:49.839880 symptomsd(SymptomNetworkUsage)[170] <Debug>: 57981 dev.selfhost.firstActivationProbe: ForegroundRunning (most elevated: ForegroundRunning)
Aug 28 14:21:49.840066 symptomsd(RunningBoardServices)[170] <Info>: Update delivered for [application<dev.selfhost.firstActivationProbe>:57981] with taskState 4
Aug 28 14:21:49.841738 useractivityd(RunningBoardServices)[184] <Notice>: Hit the server for a process handle 141d16e30000e27d that resolved to: [application<dev.selfhost.firstActivationProbe>:57981]
Aug 28 14:21:49.841928 dasd(RunningBoardServices)[94] <Notice>: Hit the server for a process handle 141d16e30000e27d that resolved to: [application<dev.selfhost.firstActivationProbe>:57981]
Aug 28 14:21:49.842194 contextstored(RunningBoardServices)[61] <Notice>: Hit the server for a process handle 141d16e30000e27d that resolved to: [application<dev.selfhost.firstActivationProbe>:57981]
Aug 28 14:21:49.842398 locationd(RunningBoardServices)[69] <Notice>: Hit the server for a process handle 141d16e30000e27d that resolved to: [application<dev.selfhost.firstActivationProbe>:57981]
Aug 28 14:21:49.843961 locationd(RunningBoardServices)[69] <Info>: Update delivered for [application<dev.selfhost.firstActivationProbe>:57981] with taskState 4
Aug 28 14:21:49.849474 locationd[69] <Notice>: {"msg":"#CLIUA Marking change", "clientKey":"dev.selfhost.firstActivationProbe", "reason":"Process state from RunningBoard", "assertionLevel":5, "coming":1}
Aug 28 14:21:49.850565 locationd[69] <Info>: getClientEffectiveRegistrationResult, , dev.selfhost.firstActivationProbe, , CLClientRegistrationResult, kCLClientRegistrationResultFailedUnavailable, CLCommonLocationServicesEnabled, 1
Aug 28 14:21:49.850584 locationd[69] <Info>: getClientEffectiveRegistrationResult, , dev.selfhost.firstActivationProbe, , CLClientRegistrationResult, kCLClientRegistrationResultFailedUnavailable, CLCommonLocationServicesEnabled, 1
Aug 28 14:21:49.850612 locationd[69] <Debug>: {"msg":"Skip UpdateClientServiceTypeMasks #pla for zones. No InterestZones", "ClientKey":"dev.selfhost.firstActivationProbe"}
Aug 28 14:21:49.853540 aggregated(RunningBoardServices)[50213] <Notice>: Hit the server for a process handle 141d16e30000e27d that resolved to: [application<dev.selfhost.firstActivationProbe>:57981]
Aug 28 14:21:49.853953 useractivityd(RunningBoardServices)[184] <Info>: Update delivered for [application<dev.selfhost.firstActivationProbe>:57981] with taskState 4
Aug 28 14:21:49.854849 runningboardd(RunningBoard)[33] <Debug>: [daemon<com.apple.SpringBoard>:47602] query resolved to [application<dev.selfhost.firstActivationProbe>:57981]
Aug 28 14:21:49.856323 dasd(RunningBoardServices)[94] <Info>: Update delivered for [application<dev.selfhost.firstActivationProbe>:57981] with taskState 4
Aug 28 14:21:49.856371 aggregated(RunningBoardServices)[50213] <Info>: Update delivered for [application<dev.selfhost.firstActivationProbe>:57981] with taskState 4
Aug 28 14:21:49.859778 watchdogd(RunningBoardServices)[57] <Debug>: Received message from server: async_observedProcessStatesDidChange:completion:
Aug 28 14:21:49.861364 watchdogd(RunningBoardServices)[57] <Info>: observedProcessStatesDidChange
Aug 28 14:21:49.861520 watchdogd(RunningBoardServices)[57] <Debug>: Decoded RBSProcessHandle with IPC ID 141d16e30000e27d
Aug 28 14:21:49.861691 watchdogd(RunningBoardServices)[57] <Notice>: Received state update for 57981
Aug 28 14:21:49.863287 aggregated(RunningBoardServices)[50213] <Info>: Update skipped for [application<dev.selfhost.firstActivationProbe>:57981] with state: <RBSProcessState| task:running-active debug:none endowments:[
Aug 28 14:21:49.863767 locationd(RunningBoardServices)[69] <Info>: Update skipped for [application<dev.selfhost.firstActivationProbe>:57981] with state: <RBSProcessState| task:running-active debug:none endowments:[
Aug 28 14:21:49.863960 symptomsd(RunningBoardServices)[170] <Info>: Update skipped for [application<dev.selfhost.firstActivationProbe>:57981] with state: <RBSProcessState| task:running-active debug:none endowments:[
Aug 28 14:21:49.864257 watchdogd(RunningBoardServices)[57] <Info>: Update skipped for [application<dev.selfhost.firstActivationProbe>:57981] with state: <RBSProcessState| task:running-active debug:none endowments:[
Aug 28 14:21:49.865026 wifid(RunningBoardServices)[52] <Info>: Update delivered for [application<dev.selfhost.firstActivationProbe>:57981] with taskState 4
Aug 28 14:21:49.865353 callservicesd(RunningBoardServices)[131] <Info>: Update skipped for [application<dev.selfhost.firstActivationProbe>:57981] with state: <RBSProcessState| task:running-active debug:none endowments:[
Aug 28 14:21:49.866358 wifid(WiFiPolicy)[52] <Notice>: WifiDeviceManagerCatsWhitelistedApp: CATS en0:  deviceManager:0x10582dc00 FgApp:dev.selfhost.firstActivationProbe stateChange:1 whitelisted=1
Aug 28 14:21:49.867333 UserEventAgent(RunningBoardServices)[30] <Info>: Update delivered for [application<dev.selfhost.firstActivationProbe>:57981] with taskState 4
Aug 28 14:21:49.867689 wifid(WiFiPolicy)[52] <Notice>: WiFiDeviceManagerCatsSetLowLatencyApp: CATSUpdate en0: fgApp:dev.selfhost.firstActivationProbe b=0x0 rc=0
Aug 28 14:21:49.868212 useractivityd(RunningBoardServices)[184] <Info>: Update skipped for [application<dev.selfhost.firstActivationProbe>:57981] with state: <RBSProcessState| task:running-active debug:none endowments:[
Aug 28 14:21:49.870357 wifid(WiFiPolicy)[52] <Notice>: WiFiDeviceManagerCatsSetForegroundApp: CATSUpdate en0: fgApp:dev.selfhost.firstActivationProbe hs=0 t=1 wl=1 rc=1
Aug 28 14:21:49.871655 UserEventAgent(RunningBoardServices)[30] <Info>: Update delivered for [application<dev.selfhost.firstActivationProbe>:57981] with taskState 4
Aug 28 14:21:49.872046 UserEventAgent(RunningBoardServices)[30] <Info>: Update skipped for [application<dev.selfhost.firstActivationProbe>:57981] with state: <RBSProcessState| task:running-active debug:none endowments:[
	<RBSProcessAssertionInfo| type:2 reason:10000 name:"Domain" domain:"com.apple.frontboard:Bootstrap-Foreground,com.apple.frontboard:Visibility" expl:"FBApplicationProcess">,
	<RBSProcessAssertionInfo| type:1 reason:0 name:"Custom" domain:"(null)" expl:"injecting inherited from "UIScene:com.apple.frontboard.systemappservices::com.apple.springboard" to 57981<UIScene:com.apple.frontboard.systemappservices::sceneID%3Adev.selfhost.firstActivationProbe-default>">
Aug 28 14:21:49.876060 wifid(RunningBoardServices)[52] <Info>: Update skipped for [application<dev.selfhost.firstActivationProbe>:57981] with state: <RBSProcessState| task:running-active debug:none endowments:[
Aug 28 14:21:49.888712 dasd(RunningBoardServices)[94] <Info>: Update delivered for [application<dev.selfhost.firstActivationProbe>:57981] with taskState 4
Aug 28 14:21:49.888857 dasd(RunningBoardServices)[94] <Info>: Update skipped for [application<dev.selfhost.firstActivationProbe>:57981] with state: <RBSProcessState| task:running-active debug:none endowments:[
Aug 28 14:21:49.888985 dasd(RunningBoardServices)[94] <Info>: Update delivered for [application<dev.selfhost.firstActivationProbe>:57981] with taskState 4
Aug 28 14:21:49.889255 dasd(RunningBoardServices)[94] <Info>: Update skipped for [application<dev.selfhost.firstActivationProbe>:57981] with state: <RBSProcessState| task:running-active debug:none endowments:[
Aug 28 14:21:49.889400 dasd(RunningBoardServices)[94] <Info>: Update skipped for [application<dev.selfhost.firstActivationProbe>:57981] with state: <RBSProcessState| task:running-active debug:none endowments:[
Aug 28 14:21:49.889767 contextstored(RunningBoardServices)[61] <Info>: Update delivered for [application<dev.selfhost.firstActivationProbe>:57981] with taskState 4
Aug 28 14:21:49.894852 contextstored(RunningBoardServices)[61] <Info>: Update skipped for [application<dev.selfhost.firstActivationProbe>:57981] with state: <RBSProcessState| task:running-active debug:none endowments:[
Aug 28 14:21:49.899040 symptomsd(SymptomNetworkUsage)[170] <Debug>: Dynamic lookup for E01B2FEA-36F1-3C21-AADE-93AC8E03F45C found entry dev.selfhost.firstActivationProbe
Aug 28 14:21:49.900117 symptomsd(SymptomNetworkUsage)[170] <Info>: handleApplicationStateChangeForDisplayName: name dev.selfhost.firstActivationProbe uuid E01B2FEA-36F1-3C21-AADE-93AC8E03F45C pid 57981 state BKSApplicationStateForegroundRunning
Aug 28 14:21:49.900883 symptomsd(SymptomNetworkUsage)[170] <Debug>: Dynamic lookup for E01B2FEA-36F1-3C21-AADE-93AC8E03F45C found entry dev.selfhost.firstActivationProbe
Aug 28 14:21:49.902354 symptomsd(SymptomEvaluator)[170] <Info>: COSMCtrl foregroundAppObserver gets E01B2FEA-36F1-3C21-AADE-93AC8E03F45C for dev.selfhost.firstActivationProbe state 1
Aug 28 14:21:49.902577 symptomsd(SymptomEvaluator)[170] <Debug>: COSMCtrl _foregroundAppActivity entry for E01B2FEA-36F1-3C21-AADE-93AC8E03F45C -> dev.selfhost.firstActivationProbe  fg 1
Aug 28 14:21:49.902791 symptomsd(SymptomEvaluator)[170] <Debug>: COSMCtrl _foregroundAppActivity exit for E01B2FEA-36F1-3C21-AADE-93AC8E03F45C -> dev.selfhost.firstActivationProbe  policy id 0  fg 1 fg-activity 0
Aug 28 14:21:49.904800 symptomsd(SymptomEvaluator)[170] <Debug>: Flow data on entry is Runner TCP4 flow id 1236374 (close) so pkts rx 2 tx 2, bytes 311 424 cell 0 0 wifi 391 504 wired 0 0 deltas 311 424 0 0 391 504 0 0
src 1236374 snapshot: Runner TCP4 flow id 1236374 (close) so pkts rx 2 tx 2, bytes 311 424 cell 0 0 wifi 391 504 wired 0 0 deltas 311 424 0 0 391 504 0 0
Aug 28 14:21:49.909660 symptomsd(SymptomEvaluator)[170] <Debug>: --> activityBitmaps: adding new bitmaps for app [dev.selfhost.firstActivationProbe] with bitmaps starting at 1310952: [             0x1] [               0]
Aug 28 14:21:49.909977 symptomsd(SymptomEvaluator)[170] <Debug>: --> activityBitmaps for dev.selfhost.firstActivationProbe: current bitmaps stored before adding new bitmap: [Activity time: 04:07:17.000 -0400 (1307912) ] [wordOffset: 4, numOfWords:8] <         0x10010 0x1000000000000000                0 0x800008000000000        0x8000000    0x20000000010                0                0 >
Aug 28 14:21:49.910014 symptomsd(SymptomEvaluator)[170] <Debug>: --> activityBitmaps for dev.selfhost.firstActivationProbe: flowId 1236374, startTime 1310952, new bitmap part1:              0x1, part2:                0
Aug 28 14:21:49.910187 symptomsd(SymptomEvaluator)[170] <Debug>: --> activityBitmaps for dev.selfhost.firstActivationProbe: current bitmaps stored after adding new bitmap: [Activity time: 04:07:17.000 -0400 (1307912) ] [wordOffset: 4, numOfWords:8] <         0x10010 0x1000000000000000                0 0x800008000000000        0x8000000 0x1000020000000010                0                0 >
Aug 28 14:21:49.911340 symptomsd(SymptomEvaluator)[170] <Debug>: found LU hint (mode: 1) for dev.selfhost.firstActivationProbe: 0x102829350, subscriber tag: 0
Aug 28 14:21:49.911861 symptomsd(SymptomEvaluator)[170] <Notice>: Data Usage for dev.selfhost.firstActivationProbe on flow 1236374 - WiFi in/out: 31248/26456, WiFi delta_in/delta_out: 391/504, Cell in/out: 0/0, Cell delta_in/delta_out: 0/0, RNF: 0, subscriber tag: 0
Aug 28 14:21:49.911990 symptomsd(SymptomEvaluator)[170] <Debug>: Data Usage for dev.selfhost.firstActivationProbe on flow 1236374 - Wired in/out: 0/0, Wired delta_in/delta_out: 0/0, subscriber tag: 0
Aug 28 14:21:49.912136 symptomsd(SymptomEvaluator)[170] <Info>: changedForegroundState to 1 for dev.selfhost.firstActivationProbe
Aug 28 14:21:49.912410 symptomsd(SymptomEvaluator)[170] <Debug>: app name dev.selfhost.firstActivationProbe isForeground 1  hasForegroundApps 1, current idea of foreground 0 disp (null)
Aug 28 14:21:49.912586 symptomsd(SymptomEvaluator)[170] <Notice>: dev.selfhost.firstActivationProbe: Foreground: true
Aug 28 14:21:49.912687 symptomsd(SymptomEvaluator)[170] <Debug>: found LU hint (mode: 1) for dev.selfhost.firstActivationProbe: 0x102829350, subscriber tag: 0
Aug 28 14:21:49.912734 symptomsd(SymptomEvaluator)[170] <Info>: Set appCompactState object 57704 for key dev.selfhost.firstActivationProbe
Aug 28 14:21:49.994483 SpringBoard(SplashBoard)[47602] <Info>: <XBApplicationSnapshot: 0x109ddf7d0; …2F3B89D0D3F1> [dev.selfhost.firstActivationProbe] Purging the cached image; force: 0; _imageAccessCount: 0; _keepImageAccessUntilExpiration: 0; _hasProtectedContent: 0; _keepImageAccessForPreheat: 0
Aug 28 14:21:50.013792 Runner(CoreFoundation)[57981] <Debug>: Resource lookup at <private>
Aug 28 14:21:50.021518 Runner(CoreFoundation)[57981] <Debug>: found no value for key EnhancedTextLegibilityEnabled in CFPrefsSearchListSource<0x281cdd680> (Domain: dev.selfhost.firstActivationProbe, Container: (null))
Aug 28 14:21:50.021768 Runner(libAccessibility.dylib)[57981] <Debug>: CF Read: domain = dev.selfhost.firstActivationProbe, preference = EnhancedTextLegibilityEnabled, appID = dev.selfhost.firstActivationProbe result = (null) (-1 - empty, 0 - false, 1 - true)
Aug 28 14:21:50.021868 Runner(CoreFoundation)[57981] <Debug>: found no value for key DarkenSystemColors in CFPrefsSearchListSource<0x281cdd680> (Domain: dev.selfhost.firstActivationProbe, Container: (null))
Aug 28 14:21:50.022016 Runner(libAccessibility.dylib)[57981] <Debug>: CF Read: domain = dev.selfhost.firstActivationProbe, preference = DarkenSystemColors, appID = dev.selfhost.firstActivationProbe result = (null) (-1 - empty, 0 - false, 1 - true)
Aug 28 14:21:50.022096 Runner(CoreFoundation)[57981] <Debug>: found no value for key InvertColorsEnabled in CFPrefsSearchListSource<0x281cdd680> (Domain: dev.selfhost.firstActivationProbe, Container: (null))
Aug 28 14:21:50.022194 Runner(libAccessibility.dylib)[57981] <Debug>: CF Read: domain = dev.selfhost.firstActivationProbe, preference = InvertColorsEnabled, appID = dev.selfhost.firstActivationProbe result = (null) (-1 - empty, 0 - false, 1 - true)
Aug 28 14:21:50.026195 Runner(UIKitCore)[57981] <Notice>: <private>: Ending background task with UIBackgroundTaskIdentifier: 1
Aug 28 14:21:50.026448 Runner(UIKitCore)[57981] <Notice>: <private>: Ending task with identifier 1 and description: <private>, _expireHandler: <__NSGlobalBlock__: 0x1ec737410>
Aug 28 14:21:50.026658 Runner(UIKitCore)[57981] <Notice>: <private>: Decrementing reference count for assertion used by background task with identifier 1: <private>
Aug 28 14:21:50.026860 Runner(UIKitCore)[57981] <Notice>: <private>: Will invalidate assertion: <BKSProcessAssertion: 0x2811de490> for task identifier: 1
Aug 28 14:21:50.026909 runningboardd(RunningBoard)[33] <Info>: Received message from [application<dev.selfhost.firstActivationProbe>:57981] (euid 501, auid 501): async_invalidateAssertionWithIdentifier:
Aug 28 14:21:50.026973 runningboardd(RunningBoard)[33] <Notice>: Invalidating assertion 33-57981-7840 (target:[application<dev.selfhost.firstActivationProbe>:57981]) from originator [application<dev.selfhost.firstActivationProbe>:57981]
<SBTransitionSwitcherModifierEvent: 0x282116c00; type: MainTransition; transitionID: EA0B3412-7761-4C85-AF16-34A61A908CB0; phase: Complete; animated: YES; fromAppLayout: 0x0; toAppLayout: <SBAppLayout: 0x280845800; primary: dev.selfhost.firstActivationProbe:default; environment: main>; fromEnvironmentMode: home-screen; toEnvironmentMode: application; pendingTermination: {(
)}; activating: <SBAppLayout: 0x280845800; primary: dev.selfhost.firstActivationProbe:default; environment: main>; dosidoTransitionDirection: 0>
		    <SBIconOverlayVisibilitySwitcherEventResponse: 0x280806e80; visible: NO; appLayout: <SBAppLayout: 0x280845800; primary: dev.selfhost.firstActivationProbe:default; environment: main>>;
		    <SBIconViewVisibilitySwitcherEventResponse: 0x283e5d4f0; visible: YES; animationSettings: 0x0; appLayout: <SBAppLayout: 0x280845800; primary: dev.selfhost.firstActivationProbe:default; environment: main>>;
		    <SBMatchMoveToIconViewSwitcherEventResponse: 0x280806200; active: NO; appLayout: <SBAppLayout: 0x280845800; primary: dev.selfhost.firstActivationProbe:default; environment: main>>;
Aug 28 14:21:50.079227 SpringBoard[47602] <Notice>: Front display did change: <SBApplication: 0x28242b100; dev.selfhost.firstActivationProbe>
Aug 28 14:21:50.096399 Runner(CoreFoundation)[57981] <Debug>: found no value for key ReduceMotionEnabled in CFPrefsSearchListSource<0x281cdd680> (Domain: dev.selfhost.firstActivationProbe, Container: (null))
Aug 28 14:21:50.096467 Runner(libAccessibility.dylib)[57981] <Debug>: CF Read: domain = dev.selfhost.firstActivationProbe, preference = ReduceMotionEnabled, appID = dev.selfhost.firstActivationProbe result = (null) (-1 - empty, 0 - false, 1 - true)
        <SBDeviceApplicationSceneEntity: 0x283e96760; ID: sceneID:dev.selfhost.firstActivationProbe-default; layoutRole: primary>
                            Application: <SBDeviceApplicationSceneEntity: 0x283e96760; ID: sceneID:dev.selfhost.firstActivationProbe-default; layoutRole: primary>
                            SceneID: sceneID:dev.selfhost.firstActivationProbe-default
                                    Process: <FBApplicationProcess: 0x10a184770; application<dev.selfhost.firstActivationProbe>:57981(v7332D)>
                                    SceneID: sceneID:dev.selfhost.firstActivationProbe-default
                                        TIME: 14:21:49.502; DESCRIPTION: Updating scene with watchdog policy: RunWatchdog
        <SBDeviceApplicationSceneEntity: 0x283e96760; ID: sceneID:dev.selfhost.firstActivationProbe-default; layoutRole: primary>
        <SBDeviceApplicationSceneEntity: 0x283e96760; ID: sceneID:dev.selfhost.firstActivationProbe-default; layoutRole: primary>
Aug 28 14:21:50.114289 runningboardd(RunningBoard)[33] <Debug>: [daemon<com.apple.CommCenter>:90] query resolved to [application<dev.selfhost.firstActivationProbe>:57981]
Aug 28 14:21:50.114768 bluetoothd(CoreUtils)[86] <Notice>: SystemUI unknown identifier: 'sceneID:dev.selfhost.firstActivationProbe-default' / 'dev.selfhost.firstActivationProbe'
        <SBSDisplayLayoutElement: 0x28363aa00; sceneID:dev.selfhost.firstActivationProbe-default; bundleID: dev.selfhost.firstActivationProbe; frame: {{0, 0}, {375, 667}}; level: 1; role: primary>;
Aug 28 14:21:50.117350 runningboardd(RunningBoard)[33] <Debug>: [daemon<com.apple.SpringBoard>:47602] query resolved to [application<dev.selfhost.firstActivationProbe>:57981]
Aug 28 14:21:50.118491 sharingd[66] <Debug>: SystemUI unknown identifier: 'sceneID:dev.selfhost.firstActivationProbe-default'/ 'dev.selfhost.firstActivationProbe'
Aug 28 14:21:50.136642 runningboardd(RunningBoard)[33] <Debug>: Updating events for assertion: 33-57981-7840 (target:[application<dev.selfhost.firstActivationProbe>:57981])
Aug 28 14:21:50.136688 runningboardd(RunningBoard)[33] <Debug>: Removing events for context: 33-57981-7840 (target:[application<dev.selfhost.firstActivationProbe>:57981])
Aug 28 14:21:50.136738 runningboardd(RunningBoard)[33] <Debug>: Removing assertion 33-57981-7840 on [application<dev.selfhost.firstActivationProbe>:57981]
Aug 28 14:21:50.136788 runningboardd(RunningBoard)[33] <Debug>: > application<dev.selfhost.firstActivationProbe> ['RB Underlying Assertion'] [33-33-7838]
Aug 28 14:21:50.136844 runningboardd(RunningBoard)[33] <Info>: application<dev.selfhost.firstActivationProbe> is now targeted by 4 assertions
Aug 28 14:21:50.136896 runningboardd(RunningBoard)[33] <Debug>: > 57981 ['injecting inherited from "UIScene:com.apple.frontboard.systemappservices::com.apple.springboard" to 57981<UIScene:com.apple.frontboard.systemappservices::sceneID%3Adev.selfhost.firstActivationProbe-default>'] [33-47602-7841]
Aug 28 14:21:50.202119 Runner(CoreFoundation)[57981] <Debug>: found no value for key IncreaseButtonLegibilityEnabled in CFPrefsSearchListSource<0x281cdd680> (Domain: dev.selfhost.firstActivationProbe, Container: (null))
Aug 28 14:21:50.202184 Runner(libAccessibility.dylib)[57981] <Debug>: CF Read: domain = dev.selfhost.firstActivationProbe, preference = IncreaseButtonLegibilityEnabled, appID = dev.selfhost.firstActivationProbe result = (null) (-1 - empty, 0 - false, 1 - true)
Aug 28 14:21:50.202213 Runner(CoreFoundation)[57981] <Debug>: found no value for key ReduceMotionAutoplayVideoPreviewsEnabled in CFPrefsSearchListSource<0x281cdd680> (Domain: dev.selfhost.firstActivationProbe, Container: (null))
Aug 28 14:21:50.202241 Runner(libAccessibility.dylib)[57981] <Debug>: CF Read: domain = dev.selfhost.firstActivationProbe, preference = ReduceMotionAutoplayVideoPreviewsEnabled, appID = dev.selfhost.firstActivationProbe result = (null) (-1 - empty, 0 - false, 1 - true)
Aug 28 14:21:50.370746 SpringBoard(SplashBoard)[47602] <Info>: <XBApplicationSnapshot: 0x109d3cb20; …A909693DA7E7> [dev.selfhost.firstActivationProbe] Purging the cached image; force: 0; _imageAccessCount: 0; _keepImageAccessUntilExpiration: 0; _hasProtectedContent: 0; _keepImageAccessForPreheat: 0
Aug 28 14:21:50.521500 SpringBoard(FrontBoard)[47602] <Notice>: [application<dev.selfhost.firstActivationProbe>:57981] Now acquiring workspace assertion with state: ForegroundFocal.
Aug 28 14:21:50.525275 runningboardd(RunningBoard)[33] <Notice>: Acquiring assertion targeting [application<dev.selfhost.firstActivationProbe>:57981] from originator [daemon<com.apple.SpringBoard>:47602] with description <RBSAssertionDescriptor| "FBWorkspace (ForegroundFocal)" ID:33-47602-7843 target:57981 attributes:[
Aug 28 14:21:50.528856 runningboardd(RunningBoard)[33] <Notice>: Assertion 33-47602-7843 (target:[application<dev.selfhost.firstActivationProbe>:57981]) will be created as active
Aug 28 14:21:50.535954 runningboardd(RunningBoard)[33] <Debug>: BEGIN suppressing state updates for application<dev.selfhost.firstActivationProbe>
Aug 28 14:21:50.536187 runningboardd(RunningBoard)[33] <Debug>: Adding assertion 33-47602-7843 (target:[application<dev.selfhost.firstActivationProbe>:57981])
Aug 28 14:21:50.536486 runningboardd(RunningBoard)[33] <Debug>: Incrementing suppression state to 1 for application<dev.selfhost.firstActivationProbe>
Aug 28 14:21:50.536986 runningboardd(RunningBoard)[33] <Info>: application<dev.selfhost.firstActivationProbe> is now targeted by 5 assertions
Aug 28 14:21:50.537418 runningboardd(RunningBoard)[33] <Debug>: Updating events for assertion: 33-47602-7843 (target:[application<dev.selfhost.firstActivationProbe>:57981])
Aug 28 14:21:50.537753 runningboardd(RunningBoard)[33] <Debug>: Removing events for context: 33-47602-7843 (target:[application<dev.selfhost.firstActivationProbe>:57981])
Aug 28 14:21:50.538064 runningboardd(RunningBoard)[33] <Info>: [application<dev.selfhost.firstActivationProbe>:57981] Applying updated state
Aug 28 14:21:50.538274 runningboardd(RunningBoard)[33] <Debug>: Enqueueing events for assertion: 33-47602-7843 (target:[application<dev.selfhost.firstActivationProbe>:57981])
Aug 28 14:21:50.538471 runningboardd(RunningBoard)[33] <Notice>: Calculated state for application<dev.selfhost.firstActivationProbe>: running-active (role: UserInteractiveFocal)
    <RBSInheritance| environment:UIScene:com.apple.frontboard.systemappservices::sceneID%3Adev.selfhost.firstActivationProbe-default name:com.apple.frontboard.visibility origID:33-47602-7841 payload>,
Aug 28 14:21:50.538898 runningboardd(RunningBoard)[33] <Debug>: SUPPRESSING state update for application<dev.selfhost.firstActivationProbe>: <RBSProcessState| task:running-active debug:none terminationResistance:Interactive endowments:[
	<RBSProcessAssertionInfo| type:2 reason:10000 name:"Domain" domain:"com.apple.frontboard:Bootstrap-Foreground,com.apple.frontboard:Visibility" expl:"FBApplicationProcess">,
	<RBSProcessAssertionInfo| type:1 reason:0 name:"Custom" domain:"(null)" expl:"injecting inherited from "UIScene:com.apple.frontboard.systemappservices::com.apple.springboard" to 57981<UIScene:com.apple.frontboard.systemappservices::sceneID%3Adev.selfhost.firstActivationProbe-default>">
Aug 28 14:21:50.539381 runningboardd(RunningBoard)[33] <Info>: Finished acquiring assertion 33-47602-7843 (target:[application<dev.selfhost.firstActivationProbe>:57981])
Aug 28 14:21:50.539608 runningboardd(RunningBoard)[33] <Debug>: Decrementing suppression state to 0 for application<dev.selfhost.firstActivationProbe>
Aug 28 14:21:50.539905 runningboardd(RunningBoard)[33] <Debug>: END suppressing state updates for application<dev.selfhost.firstActivationProbe>
Aug 28 14:21:50.540334 runningboardd(RunningBoard)[33] <Debug>: Sending state update for application<dev.selfhost.firstActivationProbe>: <RBSProcessState| task:running-active debug:none terminationResistance:Interactive endowments:[
	<RBSProcessAssertionInfo| type:2 reason:10000 name:"Domain" domain:"com.apple.frontboard:Bootstrap-Foreground,com.apple.frontboard:Visibility" expl:"FBApplicationProcess">,
	<RBSProcessAssertionInfo| type:1 reason:0 name:"Custom" domain:"(null)" expl:"injecting inherited from "UIScene:com.apple.frontboard.systemappservices::com.apple.springboard" to 57981<UIScene:com.apple.frontboard.systemappservices::sceneID%3Adev.selfhost.firstActivationProbe-default>">
Aug 28 14:21:50.540866 SpringBoard(FrontBoard)[47602] <Notice>: [application<dev.selfhost.firstActivationProbe>:57981] Dropping launch assertion.
Aug 28 14:21:50.541135 Runner(RunningBoardServices)[57981] <Debug>: Received message from server: async_didChangeInheritances:completion:
Aug 28 14:21:50.541346 Runner(RunningBoardServices)[57981] <Info>: didChangeInheritances
Aug 28 14:21:50.541708 Runner(RunningBoardServices)[57981] <Info>: didChangeInheritances: <RBSInheritanceChangeSet| gained:{(
Aug 28 14:21:50.542519 runningboardd(RunningBoard)[33] <Notice>: Invalidating assertion 33-47602-7837 (target:application<dev.selfhost.firstActivationProbe>) from originator [daemon<com.apple.SpringBoard>:47602]
Aug 28 14:21:50.543110 mediaserverd(RunningBoardServices)[36] <Info>: Update skipped for [application<dev.selfhost.firstActivationProbe>:57981] with state: <RBSProcessState| task:running-active debug:none endowments:[
Aug 28 14:21:50.543332 mediaserverd(RunningBoardServices)[36] <Info>: Update skipped for [application<dev.selfhost.firstActivationProbe>:57981] with state: <RBSProcessState| task:running-active debug:none endowments:[
Aug 28 14:21:50.544316 SpringBoard(RunningBoardServices)[47602] <Info>: Update skipped for [application<dev.selfhost.firstActivationProbe>:57981] with state: <RBSProcessState| task:running-active debug:none endowments:[
Aug 28 14:21:50.544776 SpringBoard(RunningBoardServices)[47602] <Info>: Update skipped for [application<dev.selfhost.firstActivationProbe>:57981] with state: <RBSProcessState| task:running-active debug:none endowments:[
Aug 28 14:21:50.544976 SpringBoard(RunningBoardServices)[47602] <Info>: Update skipped for [application<dev.selfhost.firstActivationProbe>:57981] with state: <RBSProcessState| task:running-active debug:none endowments:[
Aug 28 14:21:50.548264 kbd(RunningBoardServices)[303] <Info>: Update skipped for [application<dev.selfhost.firstActivationProbe>:57981] with state: <RBSProcessState| task:running-active debug:none endowments:[
Aug 28 14:21:50.549067 SpringBoard(RunningBoardServices)[47602] <Info>: Update skipped for [application<dev.selfhost.firstActivationProbe>:57981] with state: <RBSProcessState| task:running-active debug:none endowments:[
Aug 28 14:21:50.549867 SpringBoard(RunningBoardServices)[47602] <Info>: Update skipped for [application<dev.selfhost.firstActivationProbe>:57981] with state: <RBSProcessState| task:running-active debug:none endowments:[
Aug 28 14:21:50.552879 watchdogd(RunningBoardServices)[57] <Debug>: Received message from server: async_observedProcessStatesDidChange:completion:
Aug 28 14:21:50.553123 watchdogd(RunningBoardServices)[57] <Info>: observedProcessStatesDidChange
Aug 28 14:21:50.559595 CommCenter(RunningBoardServices)[90] <Info>: Update skipped for [application<dev.selfhost.firstActivationProbe>:57981] with state: <RBSProcessState| task:running-active debug:none endowments:[
Aug 28 14:21:50.560334 UserEventAgent(RunningBoardServices)[30] <Info>: Update skipped for [application<dev.selfhost.firstActivationProbe>:57981] with state: <RBSProcessState| task:running-active debug:none endowments:[
	<RBSProcessAssertionInfo| type:2 reason:10000 name:"Domain" domain:"com.apple.frontboard:Bootstrap-Foreground,com.apple.frontboard:Visibility" expl:"FBApplicationProcess">,
	<RBSProcessAssertionInfo| type:1 reason:0 name:"Custom" domain:"(null)" expl:"injecting inherited from "UIScene:com.apple.frontboard.systemappservices::com.apple.springboard" to 57981<UIScene:com.apple.frontboard.systemappservices::sceneID%3Adev.selfhost.firstActivationProbe-default>">
Aug 28 14:21:50.561488 backboardd(RunningBoardServices)[65] <Info>: Update skipped for [application<dev.selfhost.firstActivationProbe>:57981] with state: <RBSProcessState| task:running-active debug:none endowments:[
Aug 28 14:21:50.564609 watchdogd(RunningBoardServices)[57] <Debug>: Decoded RBSProcessHandle with IPC ID 141d16e30000e27d
Aug 28 14:21:50.564886 watchdogd(RunningBoardServices)[57] <Notice>: Received state update for 57981
Aug 28 14:21:50.571206 useractivityd(RunningBoardServices)[184] <Info>: Update skipped for [application<dev.selfhost.firstActivationProbe>:57981] with state: <RBSProcessState| task:running-active debug:none endowments:[
Aug 28 14:21:50.571403 watchdogd(RunningBoardServices)[57] <Info>: Update skipped for [application<dev.selfhost.firstActivationProbe>:57981] with state: <RBSProcessState| task:running-active debug:none endowments:[
Aug 28 14:21:50.572548 contextstored(RunningBoardServices)[61] <Info>: Update skipped for [application<dev.selfhost.firstActivationProbe>:57981] with state: <RBSProcessState| task:running-active debug:none endowments:[
Aug 28 14:21:50.572703 callservicesd(RunningBoardServices)[131] <Info>: Update skipped for [application<dev.selfhost.firstActivationProbe>:57981] with state: <RBSProcessState| task:running-active debug:none endowments:[
Aug 28 14:21:50.573399 aggregated(RunningBoardServices)[50213] <Info>: Update skipped for [application<dev.selfhost.firstActivationProbe>:57981] with state: <RBSProcessState| task:running-active debug:none endowments:[
Aug 28 14:21:50.573609 dasd(RunningBoardServices)[94] <Info>: Update skipped for [application<dev.selfhost.firstActivationProbe>:57981] with state: <RBSProcessState| task:running-active debug:none endowments:[
Aug 28 14:21:50.574276 locationd(RunningBoardServices)[69] <Info>: Update skipped for [application<dev.selfhost.firstActivationProbe>:57981] with state: <RBSProcessState| task:running-active debug:none endowments:[
Aug 28 14:21:50.574799 wifid(RunningBoardServices)[52] <Info>: Update skipped for [application<dev.selfhost.firstActivationProbe>:57981] with state: <RBSProcessState| task:running-active debug:none endowments:[
Aug 28 14:21:50.575502 symptomsd(RunningBoardServices)[170] <Info>: Update skipped for [application<dev.selfhost.firstActivationProbe>:57981] with state: <RBSProcessState| task:running-active debug:none endowments:[
Aug 28 14:21:50.578511 dasd(RunningBoardServices)[94] <Info>: Update skipped for [application<dev.selfhost.firstActivationProbe>:57981] with state: <RBSProcessState| task:running-active debug:none endowments:[
Aug 28 14:21:50.579272 dasd(RunningBoardServices)[94] <Info>: Update skipped for [application<dev.selfhost.firstActivationProbe>:57981] with state: <RBSProcessState| task:running-active debug:none endowments:[
Aug 28 14:21:50.582316 UserEventAgent(RunningBoardServices)[30] <Info>: Update delivered for [application<dev.selfhost.firstActivationProbe>:57981] with taskState 4
Aug 28 14:21:50.640241 runningboardd(RunningBoard)[33] <Debug>: Updating events for assertion: 33-47602-7837 (target:application<dev.selfhost.firstActivationProbe>)
Aug 28 14:21:50.640990 runningboardd(RunningBoard)[33] <Debug>: Removing assertion 33-47602-7837 on application<dev.selfhost.firstActivationProbe>
Aug 28 14:21:50.641742 runningboardd(RunningBoard)[33] <Debug>: Removing events for context: 33-47602-7837 (target:application<dev.selfhost.firstActivationProbe>)
Aug 28 14:21:50.642416 runningboardd(RunningBoard)[33] <Debug>: > application<dev.selfhost.firstActivationProbe> ['com.apple.frontboard.after-life.interrupted'] [33-47602-7839]
Aug 28 14:21:50.653789 runningboardd(RunningBoard)[33] <Debug>: > application<dev.selfhost.firstActivationProbe> ['injecting inherited from "UIScene:com.apple.frontboard.systemappservices::com.apple.springboard" to 57981<UIScene:com.apple.frontboard.systemappservices::sceneID%3Adev.selfhost.firstActivationProbe-default>'] [33-47602-7841]
Aug 28 14:21:50.654087 runningboardd(RunningBoard)[33] <Debug>: > application<dev.selfhost.firstActivationProbe> ['FBWorkspace (ForegroundFocal)'] [33-47602-7843]
Aug 28 14:21:50.657764 runningboardd(RunningBoard)[33] <Info>: application<dev.selfhost.firstActivationProbe> is now targeted by 4 assertions
Aug 28 14:21:50.658348 runningboardd(RunningBoard)[33] <Debug>: > 47602 ['injecting inherited from "UIScene:com.apple.frontboard.systemappservices::com.apple.springboard" to 57981<UIScene:com.apple.frontboard.systemappservices::sceneID%3Adev.selfhost.firstActivationProbe-default>'] [33-47602-7841]
Aug 28 14:21:50.659266 runningboardd(RunningBoard)[33] <Info>: [application<dev.selfhost.firstActivationProbe>:57981] Applying updated state
Aug 28 14:21:50.659721 runningboardd(RunningBoard)[33] <Notice>: Calculated state for application<dev.selfhost.firstActivationProbe>: running-active (role: UserInteractiveFocal)
    <RBSInheritance| environment:UIScene:com.apple.frontboard.systemappservices::sceneID%3Adev.selfhost.firstActivationProbe-default name:com.apple.frontboard.visibility origID:33-47602-7841 payload>,
Aug 28 14:21:50.660984 runningboardd(RunningBoard)[33] <Debug>: Sending state update for application<dev.selfhost.firstActivationProbe>: <RBSProcessState| task:running-active debug:none terminationResistance:Interactive endowments:[
	<RBSProcessAssertionInfo| type:1 reason:0 name:"Custom" domain:"(null)" expl:"injecting inherited from "UIScene:com.apple.frontboard.systemappservices::com.apple.springboard" to 57981<UIScene:com.apple.frontboard.systemappservices::sceneID%3Adev.selfhost.firstActivationProbe-default>">,
Aug 28 14:21:50.661257 SpringBoard(RunningBoardServices)[47602] <Info>: Update skipped for [application<dev.selfhost.firstActivationProbe>:57981] with state: <RBSProcessState| task:running-active debug:none endowments:[
Aug 28 14:21:50.661557 runningboardd(RunningBoard)[33] <Debug>: BEGIN suppressing state updates for application<dev.selfhost.firstActivationProbe>
Aug 28 14:21:50.661980 Runner(RunningBoardServices)[57981] <Debug>: Received message from server: async_didChangeInheritances:completion:
Aug 28 14:21:50.662111 Runner(RunningBoardServices)[57981] <Info>: didChangeInheritances
Aug 28 14:21:50.662395 runningboardd(RunningBoard)[33] <Debug>: Incrementing suppression state to 1 for application<dev.selfhost.firstActivationProbe>
Aug 28 14:21:50.662867 powerd[43] <Notice>: Process runningboardd.33 Released SystemIsActive "application<dev.selfhost.firstActivationProbe>;(null):(null);33-47602-7837:FBApplicationProcess" age:00:00:01  id:51539650461 [System: SysAct]
Aug 28 14:21:50.663466 Runner(RunningBoardServices)[57981] <Info>: didChangeInheritances: <RBSInheritanceChangeSet| gained:(null) lost:{(
Aug 28 14:21:50.664145 mediaserverd(RunningBoardServices)[36] <Info>: Update skipped for [application<dev.selfhost.firstActivationProbe>:57981] with state: <RBSProcessState| task:running-active debug:none endowments:[
Aug 28 14:21:50.664434 mediaserverd(RunningBoardServices)[36] <Info>: Update skipped for [application<dev.selfhost.firstActivationProbe>:57981] with state: <RBSProcessState| task:running-active debug:none endowments:[
Aug 28 14:21:50.664691 SpringBoard(RunningBoardServices)[47602] <Info>: Update skipped for [application<dev.selfhost.firstActivationProbe>:57981] with state: <RBSProcessState| task:running-active debug:none endowments:[
Aug 28 14:21:50.664991 SpringBoard(RunningBoardServices)[47602] <Info>: Update skipped for [application<dev.selfhost.firstActivationProbe>:57981] with state: <RBSProcessState| task:running-active debug:none endowments:[
Aug 28 14:21:50.665232 SpringBoard(RunningBoardServices)[47602] <Info>: Update skipped for [application<dev.selfhost.firstActivationProbe>:57981] with state: <RBSProcessState| task:running-active debug:none endowments:[
Aug 28 14:21:50.665502 SpringBoard(RunningBoardServices)[47602] <Info>: Update skipped for [application<dev.selfhost.firstActivationProbe>:57981] with state: <RBSProcessState| task:running-active debug:none endowments:[
Aug 28 14:21:50.669083 kbd(RunningBoardServices)[303] <Info>: Update skipped for [application<dev.selfhost.firstActivationProbe>:57981] with state: <RBSProcessState| task:running-active debug:none endowments:[
Aug 28 14:21:50.673547 watchdogd(RunningBoardServices)[57] <Debug>: Received message from server: async_observedProcessStatesDidChange:completion:
Aug 28 14:21:50.679804 backboardd(RunningBoardServices)[65] <Info>: Update skipped for [application<dev.selfhost.firstActivationProbe>:57981] with state: <RBSProcessState| task:running-active debug:none endowments:[
Aug 28 14:21:50.680395 UserEventAgent(RunningBoardServices)[30] <Info>: Update skipped for [application<dev.selfhost.firstActivationProbe>:57981] with state: <RBSProcessState| task:running-active debug:none endowments:[
	<RBSProcessAssertionInfo| type:1 reason:0 name:"Custom" domain:"(null)" expl:"injecting inherited from "UIScene:com.apple.frontboard.systemappservices::com.apple.springboard" to 57981<UIScene:com.apple.frontboard.systemappservices::sceneID%3Adev.selfhost.firstActivationProbe-default>">,
Aug 28 14:21:50.680827 CommCenter(RunningBoardServices)[90] <Info>: Update skipped for [application<dev.selfhost.firstActivationProbe>:57981] with state: <RBSProcessState| task:running-active debug:none endowments:[
Aug 28 14:21:50.684397 watchdogd(RunningBoardServices)[57] <Info>: observedProcessStatesDidChange
Aug 28 14:21:50.684893 watchdogd(RunningBoardServices)[57] <Debug>: Decoded RBSProcessHandle with IPC ID 141d16e30000e27d
Aug 28 14:21:50.685325 watchdogd(RunningBoardServices)[57] <Notice>: Received state update for 57981
Aug 28 14:21:50.690669 aggregated(RunningBoardServices)[50213] <Info>: Update skipped for [application<dev.selfhost.firstActivationProbe>:57981] with state: <RBSProcessState| task:running-active debug:none endowments:[
Aug 28 14:21:50.691384 locationd(RunningBoardServices)[69] <Info>: Update skipped for [application<dev.selfhost.firstActivationProbe>:57981] with state: <RBSProcessState| task:running-active debug:none endowments:[
Aug 28 14:21:50.691927 callservicesd(RunningBoardServices)[131] <Info>: Update skipped for [application<dev.selfhost.firstActivationProbe>:57981] with state: <RBSProcessState| task:running-active debug:none endowments:[
Aug 28 14:21:50.692340 wifid(RunningBoardServices)[52] <Info>: Update skipped for [application<dev.selfhost.firstActivationProbe>:57981] with state: <RBSProcessState| task:running-active debug:none endowments:[
Aug 28 14:21:50.692927 contextstored(RunningBoardServices)[61] <Info>: Update skipped for [application<dev.selfhost.firstActivationProbe>:57981] with state: <RBSProcessState| task:running-active debug:none endowments:[
Aug 28 14:21:50.693205 symptomsd(RunningBoardServices)[170] <Info>: Update skipped for [application<dev.selfhost.firstActivationProbe>:57981] with state: <RBSProcessState| task:running-active debug:none endowments:[
Aug 28 14:21:50.693796 dasd(RunningBoardServices)[94] <Info>: Update skipped for [application<dev.selfhost.firstActivationProbe>:57981] with state: <RBSProcessState| task:running-active debug:none endowments:[
Aug 28 14:21:50.694634 watchdogd(RunningBoardServices)[57] <Info>: Update skipped for [application<dev.selfhost.firstActivationProbe>:57981] with state: <RBSProcessState| task:running-active debug:none endowments:[
Aug 28 14:21:50.694867 useractivityd(RunningBoardServices)[184] <Info>: Update skipped for [application<dev.selfhost.firstActivationProbe>:57981] with state: <RBSProcessState| task:running-active debug:none endowments:[
Aug 28 14:21:50.697466 dasd(RunningBoardServices)[94] <Info>: Update skipped for [application<dev.selfhost.firstActivationProbe>:57981] with state: <RBSProcessState| task:running-active debug:none endowments:[
Aug 28 14:21:50.698414 dasd(RunningBoardServices)[94] <Info>: Update skipped for [application<dev.selfhost.firstActivationProbe>:57981] with state: <RBSProcessState| task:running-active debug:none endowments:[
Aug 28 14:21:50.700228 UserEventAgent(RunningBoardServices)[30] <Info>: Update delivered for [application<dev.selfhost.firstActivationProbe>:57981] with taskState 4
Aug 28 14:21:50.760140 runningboardd(RunningBoard)[33] <Debug>: Decrementing suppression state to 0 for application<dev.selfhost.firstActivationProbe>
Aug 28 14:21:50.760245 runningboardd(RunningBoard)[33] <Debug>: END suppressing state updates for application<dev.selfhost.firstActivationProbe>
Aug 28 14:21:50.993756 Runner(CoreFoundation)[57981] <Debug>: found no value for key QuickSpeak in CFPrefsSearchListSource<0x281cdaf00> (Domain: com.apple.Accessibility, Container: (null))
Aug 28 14:21:50.994460 Runner(libAccessibility.dylib)[57981] <Debug>: CF Read: domain = com.apple.Accessibility, preference = QuickSpeak, appID = (null) result = (null) (-1 - empty, 0 - false, 1 - true)
Aug 28 14:21:50.995007 Runner(CoreFoundation)[57981] <Debug>: found no value for key QuickSpeak in CFPrefsPlistSource<0x281cdce80> (Domain: com.apple.Accessibility, User: kCFPreferencesCurrentUser, ByHost: No, Container: (null), Contents Need Refresh: No)
Aug 28 14:21:51.039041 SpringBoard(CoreMotion)[47602] <Debug>: Ping timer fired, resetting watchdog
Aug 28 14:21:51.484384 backboardd(CoreMotion)[65] <Debug>: Ping timer fired, resetting watchdog
Aug 28 14:21:51.881207 biometrickitd(CoreMotion)[109] <Debug>: Ping timer fired, resetting watchdog
Aug 28 14:21:52.121462 wifid(WiFiPolicy)[52] <Notice>: __WiFiLQAMgrLogStats(tech support:Stationary): Rssi: -38 {-38 0} Channel: 44 Bandwidth: 80Mhz Snr: 35 Cca: 20 (S:0 O:0 I:0) TxPer: 0.0% (8) BcnPer: 0.0% (98, 50.5%) RxFrms: 11 RxRetryFrames: 0 TxRate: 24000 RxRate: 780000 FBRate: 520000 TxFwFrms: 4 TxFwFail: 0 TxReTrans: 0 time: 75.6secs fgApp: dev.selfhost.firstActivationProbe
Aug 28 14:21:54.056871 mediaserverd(CoreMotion)[36] <Debug>: Ping timer fired, resetting watchdog
Aug 28 14:21:54.096658 nearbyd(CoreMotion)[157] <Debug>: Ping timer fired, resetting watchdog
Aug 28 14:21:54.150778 locationd[69] <Debug>: Ping timer fired, resetting watchdog
Aug 28 14:21:55.794102 locationd[69] <Debug>: Fence: cancelLocationWatchdog, num fences, 1, location type, <private>
Aug 28 14:21:55.794249 locationd[69] <Debug>: Fence: cancelLocationWatchdog
Aug 28 14:21:56.038006 SpringBoard(CoreMotion)[47602] <Debug>: Ping timer fired, resetting watchdog
Aug 28 14:21:56.484111 backboardd(CoreMotion)[65] <Debug>: Ping timer fired, resetting watchdog
Aug 28 14:21:56.699248 watchdogd[57] <Debug>: 1310964449853375: <private>
Aug 28 14:21:56.699879 watchdogd[57] <Info>: 1310964450420750: <private>
Aug 28 14:21:56.701196 watchdogd[57] <Debug>: 1310964450573583: <private>
Aug 28 14:21:56.701900 watchdogd[57] <Info>: 1310964450585166: <private>
Aug 28 14:21:56.702290 watchdogd[57] <Debug>: 1310964450708166: <private>
Aug 28 14:21:56.702742 watchdogd[57] <Debug>: 1310964451257500: <private>
Aug 28 14:21:56.703482 watchdogd[57] <Debug>: 1310964451629875: <private>
Aug 28 14:21:56.705528 watchdogd[57] <Debug>: 1310964452207916: <private>
Aug 28 14:21:56.705915 watchdogd[57] <Debug>: 1310964452680875: <private>
Aug 28 14:21:56.706113 watchdogd[57] <Debug>: 1310964452798458: <private>
Aug 28 14:21:56.706370 watchdogd[57] <Info>: 1310964452862291: <private>
Aug 28 14:21:56.706509 watchdogd[57] <Info>: 1310964452878291: <private>
Aug 28 14:21:56.706788 watchdogd[57] <Info>: 1310964452884583: <private>
Aug 28 14:21:56.707027 watchdogd[57] <Info>: 1310964452889708: <private>
Aug 28 14:21:56.707164 watchdogd[57] <Info>: 1310964452894083: <private>
Aug 28 14:21:56.707462 watchdogd[57] <Info>: 1310964452898416: <private>
Aug 28 14:21:56.707707 watchdogd[57] <Info>: 1310964452902791: <private>
Aug 28 14:21:56.707839 watchdogd[57] <Info>: 1310964452906708: <private>
Aug 28 14:21:56.708115 watchdogd[57] <Info>: 1310964453568708: <private>
Aug 28 14:21:56.880643 biometrickitd(CoreMotion)[109] <Debug>: Ping timer fired, resetting watchdog
Aug 28 14:21:57.131052 wifid(WiFiPolicy)[52] <Notice>: __WiFiLQAMgrLogStats(tech support:Stationary): Rssi: -39 {-40 -43} Channel: 44 Bandwidth: 80Mhz Snr: 35 Cca: 22 (S:0 O:0 I:0) TxPer: 0.0% (0) BcnPer: 0.0% (0, 50.5%) RxFrms: 5 RxRetryFrames: 0 TxRate: 24000 RxRate: 780000 FBRate: 520000 TxFwFrms: 6 TxFwFail: 0 TxReTrans: 0 time: 80.6secs fgApp: dev.selfhost.firstActivationProbe
Aug 28 14:21:59.057882 mediaserverd(CoreMotion)[36] <Debug>: Ping timer fired, resetting watchdog
Aug 28 14:21:59.092373 nearbyd(CoreMotion)[157] <Debug>: Ping timer fired, resetting watchdog
Aug 28 14:21:59.150675 locationd[69] <Debug>: Ping timer fired, resetting watchdog
Aug 28 14:22:01.038201 SpringBoard(CoreMotion)[47602] <Debug>: Ping timer fired, resetting watchdog
Aug 28 14:22:01.484082 backboardd(CoreMotion)[65] <Debug>: Ping timer fired, resetting watchdog
Aug 28 14:22:01.880498 biometrickitd(CoreMotion)[109] <Debug>: Ping timer fired, resetting watchdog
Aug 28 14:22:02.148331 wifid(WiFiPolicy)[52] <Notice>: __WiFiLQAMgrLogStats(tech support:Stationary): Rssi: -39 {-38 0} Channel: 44 Bandwidth: 80Mhz Snr: 35 Cca: 22 (S:0 O:0 I:0) TxPer: 0.0% (0) BcnPer: 2.1% (94, 50.5%) RxFrms: 3 RxRetryFrames: 0 TxRate: 24000 RxRate: 780000 FBRate: 520000 TxFwFrms: 0 TxFwFail: 0 TxReTrans: 0 time: 85.6secs fgApp: dev.selfhost.firstActivationProbe
Aug 28 14:22:04.057307 mediaserverd(CoreMotion)[36] <Debug>: Ping timer fired, resetting watchdog
Aug 28 14:22:04.085978 nearbyd(CoreMotion)[157] <Debug>: Ping timer fired, resetting watchdog
Aug 28 14:22:04.150487 locationd[69] <Debug>: Ping timer fired, resetting watchdog
Aug 28 14:22:05.962262 runningboardd(RunningBoard)[33] <Info>: _requestedJetsamPriority = 4, _executablePath = /Developer/usr/bin/ScreenShotr
Aug 28 14:22:05.963991 runningboardd(RunningBoard)[33] <Info>: _requestedJetsamPriority = 4, _executablePath = /Developer/usr/bin/ScreenShotr
Aug 28 14:22:05.964677 SpringBoard(FrontBoard)[47602] <Notice>: Asked to bootstrap a new process for handle: [anon<ScreenShotr>:57983]
Aug 28 14:22:05.965463 runningboardd(RunningBoard)[33] <Debug>: Sending state update for anon<ScreenShotr>: <RBSProcessState| task:running debug:none terminationResistance:None>
Aug 28 14:22:05.965819 SpringBoard(FrontBoard)[47602] <Notice>: Bootstrapping anon<ScreenShotr>
Aug 28 14:22:05.965882 SpringBoard(FrontBoard)[47602] <Notice>: [anon<ScreenShotr>:57983] Bootstrap success!
Aug 28 14:22:06.037573 SpringBoard(CoreMotion)[47602] <Debug>: Ping timer fired, resetting watchdog
Aug 28 14:22:06.160550 runningboardd(RunningBoard)[33] <Notice>: [anon<ScreenShotr>:57983] termination reported by launchd (0, 0, 0)
Aug 28 14:22:06.162183 runningboardd(RunningBoard)[33] <Notice>: Removing assertions for terminated process: [anon<ScreenShotr>:57983]
Aug 28 14:22:06.163260 runningboardd(RunningBoard)[33] <Debug>: Sending state update for anon<ScreenShotr>: <RBSProcessState| task:none debug:none terminationResistance:None>
Aug 28 14:22:06.319581 runningboardd(RunningBoard)[33] <Info>: _requestedJetsamPriority = 6, _executablePath = /System/Library/PrivateFrameworks/MobileBackup.framework/backupd
Aug 28 14:22:06.322025 runningboardd(RunningBoard)[33] <Info>: _requestedJetsamPriority = 6, _executablePath = /System/Library/PrivateFrameworks/MobileBackup.framework/backupd
Aug 28 14:22:06.325035 runningboardd(RunningBoard)[33] <Debug>: Sending state update for daemon<com.apple.backupd>: <RBSProcessState| task:running debug:none terminationResistance:None>
